tau_q_or_tag,t_hat,T_or_spread_B1,T_or_spread_B105
0.003,0.005,1.5603162391260908e-27,1.7586321889774856e-26
0.003,0.007493734335839599,2.223119988748996e-19,1.0977952686079063e-18
0.003,0.009987468671679198,4.107313457344041e-15,1.3262602245597752e-14
0.003,0.012481203007518798,1.9146664475863842e-12,4.758202980285764e-12
0.003,0.014974937343358394,1.3515224860794647e-10,2.8094880649986436e-10
0.003,0.017468671679197995,3.1575136248776568e-09,5.7650912169444226e-09
0.003,0.019962406015037595,3.63370665908272e-08,6.012745142753817e-08
0.003,0.02245614035087719,2.578260824224531e-07,3.950137253786062e-07
0.003,0.02494987468671679,1.2932194030856464e-06,1.8628474068923562e-06
0.003,0.02744360902255639,5.008903013089971e-06,6.8612030002159285e-06
0.003,0.029937343358395988,1.5902819164463368e-05,2.089480793169984e-05
0.003,0.03243107769423559,4.3159013659556164e-05,5.4759680840705966e-05
0.003,0.034924812030075185,0.00010320850454956336,0.0001271274161144187
0.003,0.03741854636591478,0.0002224350930219462,0.00026712594419413184
0.003,0.03991228070175438,0.00043952595764152583,0.0005164113578669776
0.003,0.04240601503759398,0.0008069338548775094,0.0009302315615624273
0.003,0.04489974937343358,0.001391001044236824,0.0015770967960061725
0.003,0.047393483709273175,0.0022704785720710774,0.0025368721402713127
0.003,0.04988721804511278,0.0035334229506437205,0.0038973553111000536
0.003,0.052380952380952375,0.005272719700460719,0.005749654705686441
0.003,0.05487468671679197,0.007580721904679889,0.008182893394364416
0.003,0.057368421052631575,0.010543658482866099,0.011278895342071792
0.003,0.05986215538847117,0.014236521936032849,0.015107523230088632
0.003,0.06235588972431077,0.018719055379238306,0.019723205041504578
0.003,0.06484962406015038,0.024033228213221364,0.025162932548794106
0.003,0.06734335839598997,0.030202291399384587,0.031445729331054634
0.003,0.06983709273182957,0.03723124054986369,0.03857336573724576
0.003,0.07233082706766918,0.04510835518968019,0.046531986256956065
0.003,0.07482456140350877,0.05380743326908802,0.05529429915246454
0.003,0.07731829573934837,0.06329037091821389,0.06482202309108812
0.003,0.07981203007518797,0.07350980953532574,0.0750683563178309
0.003,0.08230576441102756,0.08441165488925997,0.08598030718633351
0.003,0.08479949874686717,0.09593734786502152,0.09750078837186861
0.003,0.08729323308270677,0.10802582600674769,0.1095704264203511
0.003,0.08978696741854636,0.120615157844876,0.12212907349043954
0.003,0.09228070175438596,0.13364386013756607,0.13511703130492447
0.003,0.09477443609022557,0.1470519247782257,0.14847601113346268
0.003,0.09726817042606516,0.16078159041056866,0.16214986065132664
0.003,0.09976190476190476,0.17477789646033248,0.17608509091125474
0.003,0.10225563909774436,0.1889890564305755,0.19023123609245768
0.003,0.10474937343358395,0.20336668442520536,0.20454107636917246
0.003,0.10724310776942356,0.217865904994051,0.21897075101743235
0.003,0.10973684210526316,0.23244537220113082,0.23347978531653135
0.003,0.11223057644110275,0.2470672197118079,0.24803105125442293
0.003,0.11472431077694235,0.26169695990088765,0.26259067872166475
0.003,0.11721804511278196,0.27630334661415035,0.2771279308851322
0.003,0.11971177944862155,0.2908582133001415,0.291615054812135
0.003,0.12220551378446115,0.3053362957622761,0.3060271161704512
0.003,0.12469924812030075,0.3197150467258266,0.32034182494038865
0.003,0.12719298245614033,0.33397444772630536,0.3345393575046116
0.003,0.12968671679197993,0.3480968224534483,0.3486021791944969
0.003,0.13218045112781954,0.36206665458533877,0.3625148703274555
0.003,0.13467418546365914,0.37587041227118045,0.3762639579315193
0.003,0.13716791979949874,0.38949638073065757,0.3898377546854524
0.003,0.13966165413533835,0.4029345039033,0.40322620608062104
0.003,0.14215538847117795,0.416176235667281,0.41642074640191856
0.003,0.14464912280701753,0.42921440083082923,0.4294141638098133
0.003,0.14714285714285713,0.44204306587058395,0.44220047457333056
0.003,0.14963659147869673,0.4546574192142535,0.45477480632337797
0.003,0.15213032581453634,0.467053660746303,0.46713329007018217
0.003,0.15462406015037594,0.4792289001302001,0.47927296063918245
0.003,0.15711779448621555,0.49118106348838103,0.4911916651194916
0.003,0.15961152882205512,0.5029088079506362,0.5028879788830223
0.003,0.16210526315789472,0.5144114435662073,0.5143611287124439
0.003,0.16459899749373433,0.525688862075316,0.525610922571617
0.003,0.16709273182957393,0.5367414720503237,0.5366376855566168
0.003,0.16958646616541354,0.5475701399187527,0.5474422015737698
0.003,0.1720802005012531,0.5581761364171227,0.5580256603142549
0.003,0.17457393483709271,0.5685610880361874,0.5683896091038223
0.003,0.17706766917293232,0.5787269330474965,0.5785359092448865
0.003,0.17956140350877192,0.5886758817277554,0.5884666964710168
0.003,0.18205513784461153,0.5984103804195772,0.5981843451776431
0.003,0.18454887218045113,0.6079330790992327,0.6076914360980248
0.003,0.1870426065162907,0.6172468021397185,0.6169907271358968
0.003,0.1895363408521303,0.6263545219857317,0.6260851270674606
0.003,0.1920300751879699,0.6352593354787333,0.634977671867348
0.003,0.19452380952380952,0.6439644425911439,0.6436715034164094
0.003,0.19701754385964912,0.6524731273476918,0.6521698503792204
0.003,0.19951127819548872,0.6607887407338596,0.6604760110520007
0.003,0.2020050125313283,0.6689146854063158,0.6685933380009799
0.003,0.2044987468671679,0.6768544020347509,0.6765252243258897
0.003,0.2069924812030075,0.6846113571209818,0.684275091388205
0.003,0.2094862155388471,0.6921890321615487,0.6918463778865297
0.003,0.2119799498746867,0.6995909140141675,0.6992425301260494
0.003,0.21447368421052632,0.7068204863637946,0.7064669933904364
0.003,0.2169674185463659,0.713881222177648,0.7135232043011697
0.003,0.2194611528822055,0.7207765770489066,0.7204145840659942
0.003,0.2219548872180451,0.7275099833485761,0.7271445325369167
0.003,0.2244486215538847,0.7340848451082784,0.7337164230020891
0.003,0.2269423558897243,0.7405045335483817,0.7401335976241709
0.003,0.2294360902255639,0.7467723832055433,0.746399363481774
0.003,0.23192982456140349,0.7528916885864725,0.7525169891378579
0.003,0.2344235588972431,0.758865701293256,0.7584897016886247
0.003,0.2369172932330827,0.7646976275956313,0.7643206842562897
0.003,0.2394110275689223,0.7703906263620706,0.7700130738429161
0.003,0.2419047619047619,0.7759478073610965,0.7755699595687652
0.003,0.2443984962406015,0.781372229856052,0.7809943811935638
0.003,0.24689223057644108,0.7866669014784147,0.7862893279282921
0.003,0.24938596491228068,0.7918347773612932,0.7914577375106568
0.003,0.25187969924812026,0.7968787594766105,0.7965024954776795
0.003,0.25437343358395986,0.8018016961768222,0.801426434661942
0.003,0.25686716791979947,0.8066063819122415,0.806232334849422
0.003,0.25936090225563907,0.8112955571057618,0.8109229226111474
0.003,0.2618546365914787,0.815871908160957,0.815500871261245
0.003,0.2643483709273183,0.8203380675958555,0.8199688009508184
0.003,0.2668421052631579,0.8246966142764294,0.8243292788541576
0.003,0.2693358395989975,0.8289500737568694,0.828584819483529
0.003,0.2718295739348371,0.8331009186933247,0.8327378850485928
0.003,0.2743233082706767,0.8371515693342769,0.8367908859271365
0.003,0.2768170426065163,0.84110439406887,0.8407461811769888
0.003,0.2793107769423559,0.844961710041895,0.8446060791114447
0.003,0.28180451127819545,0.8487257837912625,0.8483728379275753
0.003,0.28429824561403505,0.8523988319566146,0.8520486663685044
0.003,0.28679197994987465,0.8559830219922946,0.855635724421755
0.003,0.28928571428571426,0.8594804729305721,0.8591361240586615
0.003,0.29177944862155386,0.8628932561562088,0.8625519299785626
0.003,0.29427318295739346,0.8662233961970869,0.8658851603892808
0.003,0.29676691729323307,0.8694728715460887,0.8691377878026116
0.003,0.29926065162907267,0.8726436154625805,0.8723117398182445
0.003,0.3017543859649123,0.8757375168267292,0.8754088999593972
0.003,0.3042481203007519,0.8787564209547611,0.8784311084760145
0.003,0.3067418546365915,0.8817021304470654,0.8813801631741629
0.003,0.3092355889724311,0.8845764060185024,0.884257820230441
0.003,0.31172932330827063,0.8873809673400598,0.8870657950272494
0.003,0.31422305764411024,0.8901174938704637,0.8898057629555249
0.003,0.31671679197994984,0.8927876256801721,0.8924793602503811
0.003,0.31921052631578944,0.895392964281778,0.8950881847846679
0.003,0.32170426065162905,0.8979350734319873,0.8976337968840847
0.003,0.32419799498746865,0.9004154799598649,0.9001177201210219
0.003,0.32669172932330826,0.9028356745273797,0.9025414420911144
0.003,0.32918546365914786,0.9051971124613867,0.9049064152133277
0.003,0.33167919799498746,0.907501214495309,0.9072140574772578
0.003,0.33417293233082707,0.9097493675496511,0.9094657532117096
0.003,0.33666666666666667,0.9119429254883182,0.91166285383176
0.003,0.3391604010025062,0.9140832098578291,0.913806678569125
0.003,0.3416541353383458,0.9161715106034263,0.9158985151961098
0.003,0.3441478696741854,0.9182090868127109,0.9179396207366448
0.003,0.34664160401002503,0.9201971673981548,0.9199312221673841
0.003,0.34913533834586463,0.9221369518005929,0.9218745170975609
0.003,0.35162907268170424,0.9240296106637882,0.9237706744567157
0.003,0.35412280701754384,0.9258762865045673,0.9256208351360633
0.003,0.35661654135338344,0.9276780943547565,0.9274261126480636
0.003,0.35911027568922305,0.9294361224135885,0.9291875937654582
0.003,0.36160401002506265,0.9311514326747115,0.9309063391333225
0.003,0.36409774436090225,0.9328250615242899,0.9325833838806235
0.003,0.36659147869674186,0.9344580203629101,0.9342197382314446
0.003,0.3690852130325814,0.9360512961880418,0.9358163880723329
0.003,0.371578947368421,0.9376058521497018,0.9373742955272764
0.003,0.3740726817042606,0.9391226281508105,0.9388943995372654
0.003,0.3765664160401002,0.940602541375047,0.9403776163836051
0.003,0.3790601503759398,0.9420464868276291,0.9418248402402749
0.003,0.3815538847117794,0.9434553378606075,0.943236943683232
0.003,0.384047619047619,0.9448299467191372,0.9446147782381725
0.003,0.38654135338345863,0.946171144986632,0.9459591748254994
0.003,0.38903508771929823,0.9474797441341262,0.94727094430618
0.003,0.39152882205513784,0.9487565359805722,0.9485508779289824
0.003,0.39402255639097744,0.9500022931474836,0.9497997478051038
0.003,0.39651629072681704,0.9512177695524697,0.9510183073755492
0.003,0.3990100250626566,0.9524037008231921,0.9522072918467003
0.003,0.4015037593984962,0.9535608047652739,0.953367418629675
0.003,0.4039974937343358,0.9546897817840796,0.9544993877764463
0.003,0.4064912280701754,0.9557913152888678,0.9556038823910122
0.003,0.408984962406015,0.9568660720953915,0.9566815690075067
0.003,0.4114786967418546,0.9579147028948091,0.9577330980693799
0.003,0.4139724310776942,0.9589378425246509,0.9587591042090374
0.003,0.4164661654135338,0.9599361104605757,0.9597602067126382
0.003,0.4189598997493734,0.9609101111396858,0.9607370098682312
0.003,0.421453634085213,0.9618604343018706,0.9616901032855615
0.003,0.42394736842105263,0.9627876553938985,0.9626200623200079
0.003,0.4264411027568922,0.9636923358753697,0.9635274483496914
0.003,0.4289348370927318,0.9645750235946218,0.9644128091673552
0.003,0.4314285714285714,0.965436253076394,0.9652766792794087
0.003,0.433922305764411,0.9662765458807022,0.9661195802253619
0.003,0.4364160401002506,0.9670964108822839,0.9669420209038114
0.003,0.4389097744360902,0.9678963446035365,0.9677444978691565
0.003,0.4414035087719298,0.9686768315117764,0.9685274956240354
0.003,0.4438972431077694,0.969438344300281,0.9692914869463554
0.003,0.446390977443609,0.9701813441758638,0.9700369331206659
0.003,0.4488847117794486,0.9709062811527377,0.970764284251668
0.003,0.4513784461152882,0.9716135943000734,0.9714739795263909
0.003,0.4538721804511278,0.9723037120093357,0.9721664474779208
0.003,0.45636591478696736,0.9729770522911693,0.9728421062331996
0.003,0.45885964912280697,0.9736340229827981,0.9735013638027687
0.003,0.46135338345864657,0.9742750219962182,0.9741446182494968
0.003,0.4638471177944862,0.9749004376131006,0.9747722580382252
0.003,0.4663408521303258,0.9755106486305563,0.9753846621482904
0.003,0.4688345864661654,0.976106024695067,0.9759822004164375
0.003,0.471328320802005,0.9766869264039677,0.9765652336579845
0.003,0.4738220551378446,0.9772537056372903,0.9771341139508043
0.003,0.4763157894736842,0.9778067057341202,0.9776891848606701
0.003,0.4788095238095238,0.9783462616375477,0.9782307815626147
0.003,0.4813032581453634,0.9788727001881264,0.978759231122285
0.003,0.483796992481203,0.9793863402802535,0.9792748526807291
0.003,0.48629072681704255,0.9798874930379048,0.9797779576188752
0.003,0.48878446115288215,0.9803764620551384,0.980268849769971
0.003,0.49127819548872176,0.980853543507693,0.9807478255686675
0.003,0.49377192982456136,0.9813190263838992,0.9812151742748311
0.003,0.49626566416040097,0.9817731926720789,0.9816711781397368
0.003,0.49875939849624057,0.982216317474476,0.9821161125341469
0.003,0.5012531328320802,0.9826486692196132,0.9825502461563644
0.003,0.5037468671679197,0.9830705098321109,0.9829738412177695
0.003,0.5062406015037594,0.9834820948330204,0.9833871535142642
0.003,0.5087343358395989,0.9838836735223349,0.98379043263891
0.003,0.5112280701754386,0.9842754892217729,0.9841839221908344
0.003,0.5137218045112781,0.9846577792265526,0.9845678597450171
0.003,0.5162155388471178,0.9850307751384421,0.9849424772114929
0.003,0.5187092731829573,0.985394702914066,0.9853080008180531
0.003,0.521203007518797,0.9857497830042834,0.985664651326674
0.003,0.5236967418546365,0.9860962305121829,0.986012644117373
0.003,0.5261904761904762,0.9864342552999503,0.9863521893561759
0.003,0.5286842105263158,0.986764062156049,0.9866834921148105
0.003,0.5311779448621553,0.9870858508438954,0.987006752464095
0.003,0.533671679197995,0.9873998162983493,0.9873221656309263
0.003,0.5361654135338345,0.9877061487475214,0.9876299221394527
0.003,0.5386591478696742,0.9880050337185452,0.9879302077967987
0.003,0.5411528822055137,0.9882966522960914,0.9882232040017502
0.003,0.5436466165413534,0.9885811811284322,0.9885090876835112
0.003,0.5461403508771929,0.9888587925813392,0.9887880315073669
0.003,0.5486340852130326,0.9891296548190196,0.9890602039359391
0.003,0.5511278195488721,0.9893939319246512,0.9893257693324101
0.003,0.5536215538847118,0.9896517840149456,0.9895848881177614
0.003,0.5561152882205513,0.9899033672678101,0.989837716732894
0.003,0.5586090225563909,0.9901488341049958,0.990084407912761
0.003,0.5611027568922305,0.990388333211297,0.9903251106176949
0.003,0.5635964912280701,0.9906220096942349,0.9905599702489886
0.003,0.5660902255639098,0.9908500050820729,0.9907891286084889
0.003,0.5685839598997493,0.9910724575228939,0.9910127241262316
0.003,0.571077694235589,0.9912895017531209,0.9912308918374718
0.003,0.5735714285714285,0.9915012692461674,0.9914437634623647
0.003,0.5760651629072682,0.9917078883131857,0.9916514676131754
0.003,0.5785588972431077,0.9919094841217809,0.9918541297189086
0.003,0.5810526315789474,0.9921061787780344,0.9920518721694898
0.003,0.5835463659147869,0.9922980914353889,0.9922448143787865
0.003,0.5860401002506265,0.99248533837157,0.9924330728897787
0.003,0.5885338345864661,0.9926680330037161,0.9926167613984151
0.003,0.5910275689223057,0.9928462860032727,0.9927959908274421
0.003,0.5935213032581453,0.993020205370358,0.9929708694328487
0.003,0.5960150375939849,0.9931898964734622,0.9931415028606665
0.003,0.5985087719298245,0.9933554620456662,0.9933079940913702
0.003,0.6010025062656641,0.9935170024668826,0.9934704437493691
0.003,0.6034962406015038,0.9936746155185938,0.9936289498782218
0.003,0.6059899749373433,0.993828396764018,0.9937836082908094
0.003,0.608483709273183,0.9939784392900084,0.9939345123131358
0.003,0.6109774436090225,0.9941248340120223,0.9940817531043373
0.003,0.6134711779448622,0.9942676696431862,0.9942254196193009
0.003,0.6159649122807017,0.9944070326941561,0.9943655986162034
0.003,0.6184586466165413,0.9945430075600192,0.9945023747181888
0.003,0.6209523809523809,0.9946756766452101,0.9946358305600184
0.003,0.6234461152882205,0.9948051203261674,0.994766046755184
0.003,0.6259398496240601,0.9949314170013248,0.9948931019221685
0.003,0.6284335839598997,0.9950546431830459,0.9950170728038057
0.003,0.6309273182957393,0.995174873496388,0.9951380342508708
0.003,0.6334210526315789,0.9952921808199147,0.9952560593533049
0.003,0.6359147869674185,0.9954066362033376,0.9953712193847233
0.003,0.6384085213032581,0.9955183089651242,0.9954835838733783
0.003,0.6409022556390978,0.9956272667529269,0.995593220688238
0.003,0.6433959899749373,0.995733575600299,0.9957001960577415
0.003,0.6458897243107768,0.995837299896249,0.9958045745820235
0.003,0.6483834586466165,0.9959385024633729,0.9959064193013887
0.003,0.650877192982456,0.9960372446192564,0.9960057917154266
0.003,0.6533709273182957,0.9961335861806142,0.9961027518418
0.003,0.6558646616541353,0.9962275855054232,0.9961973582463687
0.003,0.6583583959899749,0.9963192995351021,0.9962896680590114
0.003,0.6608521303258145,0.9964087838457748,0.99637973704615
0.003,0.6633458646616541,0.9964960926404068,0.9964676195932597
0.003,0.6658395989974937,0.9965812788064278,0.9965533687766175
0.003,0.6683333333333333,0.9966643939417144,0.9966370363853129
0.003,0.6708270676691729,0.9967454883859579,0.9967186729115821
0.003,0.6733208020050124,0.9968246113135653,0.9967983277549437
0.003,0.6758145363408521,0.9969018105985865,0.9968760489218417
0.003,0.6783082706766916,0.9969771330319892,0.9969518833986891
0.003,0.6808020050125313,0.9970506242605199,0.9970258769963891
0.003,0.6832957393483708,0.997122328782984,0.9970980743691649
0.003,0.6857894736842105,0.9971922900279321,0.9971685191363431
0.003,0.68828320802005,0.9972605504206669,0.9972372538640978
0.003,0.6907769423558897,0.997327151266437,0.9973043200302181
0.003,0.6932706766917293,0.9973921329099442,0.9973697581383166
0.003,0.6957644110275689,0.9974555347679942,0.9974336077549806
0.003,0.6982581453634085,0.997517395206057,0.9974959073965278
0.003,0.7007518796992481,0.9975777517005746,0.9975566947103167
0.003,0.7032456140350877,0.9976366408242847,0.9976160063882902
0.003,0.7057393483709272,0.9976940982268698,0.9976738782447022
0.003,0.7082330827067669,0.9977501587575284,0.9977303452732724
0.003,0.7107268170426064,0.9978048563919737,0.9977854415828916
0.003,0.7132205513784461,0.9978582241718927,0.9978392003774881
0.003,0.7157142857142856,0.9979102945329181,0.9978916541940386
0.003,0.7182080200501253,0.9979610989484907,0.9979428346665137
0.003,0.7207017543859648,0.9980106682254684,0.9979927727411039
0.003,0.7231954887218045,0.9980590323702914,0.9980414985290015
0.003,0.725689223057644,0.9981062207486896,0.9980890415403977
0.003,0.7281829573934837,0.9981522618368002,0.9981354303916654
0.003,0.7306766917293233,0.998197183609832,0.998180693156308
0.003,0.7331704260651628,0.9982410132570048,0.9982248571711398
0.003,0.7356641604010025,0.9982837773067312,0.998267949075059
0.003,0.738157894736842,0.9983255016862767,0.9983099949046164
0.003,0.7406516290726817,0.9983662116994536,0.9983510201027694
0.003,0.7431453634085212,0.9984059320003146,0.9983910494165615
0.003,0.7456390977443609,0.9984446865802354,0.9984301069604323
0.003,0.7481328320802004,0.9984824990114016,0.9984682164148938
0.003,0.7506265664160401,0.9985193921349276,0.9985054007458231
0.003,0.7531203007518796,0.9985553882925101,0.9985416823987298
0.003,0.7556140350877193,0.9985905093595283,0.9985770833342034
0.003,0.7581077694235588,0.998624776557148,0.998611624890781
0.003,0.7606015037593984,0.9986582106615285,0.9986453279516155
0.003,0.763095238095238,0.9986908319383014,0.9986782128757725
0.003,0.7655889724310776,0.9987226601084208,0.998710299481536
0.003,0.7680827067669173,0.9987537145014017,0.9987416072133174
0.003,0.7705764411027568,0.9987840138873726,0.9987721549163537
0.003,0.7730701754385965,0.9988135766487971,0.9988019610878094
0.003,0.775563909774436,0.9988424206827529,0.9988310436863997
0.003,0.7780576441102757,0.9988705634783741,0.998859420317604
0.003,0.7805513784461152,0.998898022067283,0.9988871080944498
0.003,0.7830451127819549,0.9989248131225468,0.9989141237814226
0.003,0.7855388471177944,0.9989509527929977,0.9989404835935786
0.003,0.7880325814536341,0.9989764570011275,0.9989662035833804
0.003,0.7905263157894736,0.9990013411353578,0.9989912991714812
0.003,0.7930200501253132,0.9990256202743832,0.9990157855586992
0.003,0.7955137844611528,0.9990493091775647,0.9990396775561325
0.003,0.7980075187969924,0.999072422117284,0.9990629895340887
0.003,0.800501253132832,0.9990949731744225,0.9990857356432544
0.003,0.8029949874686716,0.9991169759471525,0.9991079295462438
0.003,0.8054887218045113,0.9991384438198061,0.9991295847157868
0.003,0.8079824561403508,0.9991593897693365,0.9991507142259817
0.003,0.8104761904761905,0.9991798264893614,0.9991713307889765
0.003,0.81296992481203,0.9991997664125845,0.9991914469392374
0.003,0.8154636591478697,0.9992192214659943,0.9992110746833891
0.003,0.8179573934837092,0.9992382035581311,0.9992302259794839
0.003,0.8204511278195488,0.9992567241757613,0.9992489123948409
0.003,0.8229448621553884,0.9992747945133822,0.9992671451695798
0.003,0.825438596491228,0.9992924255611563,0.9992849353819462
0.003,0.8279323308270676,0.9993096279309457,0.9993022936864382
0.003,0.8304260651629072,0.9993264120927784,0.9993192306510927
0.003,0.8329197994987468,0.9993427881894219,0.999335756439258
0.003,0.8354135338345864,0.9993587661607354,0.9993518810639574
0.003,0.837907268170426,0.9993743556958576,0.9993676142744333
0.003,0.8404010025062656,0.9993895662108079,0.999382965554449
0.003,0.8428947368421053,0.9994044069395058,0.999397944181083
0.003,0.8453884711779448,0.9994188868564806,0.9994125592014906
0.003,0.8478822055137843,0.9994330147139715,0.999426819408949
0.003,0.850375939849624,0.9994467991353695,0.999440733478913
0.003,0.8528696741854636,0.9994602484349264,0.9994543097849895
0.003,0.8553634085213032,0.999473370769359,0.9994675565411916
0.003,0.8578571428571428,0.9994861740232002,0.9994804816697023
0.003,0.8603508771929824,0.9994986660439179,0.9994930930807168
0.003,0.862844611528822,0.9995108543527779,0.9995053983306417
0.003,0.8653383458646616,0.9995227463834991,0.9995174049253303
0.003,0.8678320802005012,0.9995343492341551,0.9995291199756122
0.003,0.8703258145363408,0.9995456700232325,0.9995405506775908
0.003,0.8728195488721804,0.9995567156094347,0.9995517039231365
0.003,0.87531328320802,0.9995674925981266,0.9995625863461888
0.003,0.8778070175438596,0.9995780076538584,0.9995732046859458
0.003,0.8803007518796991,0.9995882670043652,0.9995835652021756
0.003,0.8827944862155388,0.9995982769463977,0.9995936742204217
0.003,0.8852882205513783,0.9996080435359787,0.9996035378451191
0.003,0.887781954887218,0.9996175727184058,0.9996131620578399
0.003,0.8902756892230576,0.9996268701962253,0.9996225526193205
0.003,0.8927694235588972,0.9996359416169162,0.9996317152031347
0.003,0.8952631578947368,0.9996447925414658,0.9996406554078531
0.003,0.8977568922305764,0.999653428254443,0.9996493785568028
0.003,0.900250626566416,0.9996618540083821,0.9996578899413398
0.003,0.9027443609022556,0.9996700749337595,0.9996661947330308
0.003,0.9052380952380952,0.9996780959913891,0.9996742979114086
0.003,0.9077318295739347,0.9996859220633063,0.9996822044017384
0.003,0.9102255639097744,0.9996935578081314,0.9996899189162436
0.003,0.9127192982456139,0.9997010079845285,0.9996974462019954
0.003,0.9152130325814536,0.9997082770229404,0.9997047907659997
0.003,0.9177067669172931,0.9997153693233751,0.999711957029085
0.003,0.9202005012531328,0.9997222891957124,0.9997189493273794
0.003,0.9226942355889723,0.9997290408297173,0.9997257718806019
0.003,0.925187969924812,0.9997356283245147,0.9997324288172144
0.003,0.9276817042606516,0.9997420556744991,0.9997389241718245
0.003,0.9301754385964912,0.9997483267383664,0.9997452618111365
0.003,0.9326691729323308,0.9997544453855051,0.9997514456560719
0.003,0.9351629072681703,0.999760415232785,0.9997574793353874
0.003,0.93765664160401,0.9997662399911448,0.9997633665997415
0.003,0.9401503759398495,0.9997719230711705,0.9997691108765141
0.003,0.9426441102756892,0.9997774680648966,0.9997747157854764
0.003,0.9451378446115287,0.999782878185701,0.9997801845989012
0.003,0.9476315789473684,0.9997881567852747,0.9997855206494263
0.003,0.9501253132832079,0.9997933070871098,0.999790727176749
0.003,0.9526190476190476,0.9997983321495852,0.9997958073095221
0.003,0.9551127819548871,0.9998032350143155,0.9998007641009278
0.003,0.9576065162907268,0.9998080188017497,0.9998056006655397
0.003,0.9601002506265663,0.9998126861431207,0.9998103196813097
0.003,0.962593984962406,0.9998172400910561,0.9998149242231827
0.003,0.9650877192982455,0.999821683282309,0.9998194169612826
0.003,0.9675814536340851,0.9998260184801759,0.9998238006357676
0.003,0.9700751879699248,0.9998302483239807,0.9998280779562772
0.003,0.9725689223057643,0.9998343752678379,0.9998322513825669
0.003,0.975062656641604,0.9998384018739511,0.9998363234872176
0.003,0.9775563909774435,0.9998423306497541,0.9998402968030456
0.003,0.9800501253132832,0.9998461638446927,0.9998441735955057
0.003,0.9825438596491227,0.9998499038504335,0.9998479562821667
0.003,0.9850375939849624,0.9998535529790736,0.9998516472139193
0.003,0.9875313283208019,0.9998571133198533,0.999855248458122
0.003,0.9900250626566416,0.9998605871970248,0.9998587623718294
0.003,0.9925187969924811,0.9998639765655957,0.9998621909396448
0.003,0.9950125313283207,0.9998672835182127,0.9998655362740361
0.003,0.9975062656641603,0.9998705101060603,0.999868800416396
0.003,1.0,0.9998736582404204,0.9998719853251093
0.03,0.005,1.5603162391264933e-27,1.8752227065849588e-26
0.03,0.007493734335839599,2.223119988749e-19,1.2012075612583326e-18
0.03,0.009987468671679198,4.107313457344043e-15,1.4828554221005716e-14
0.03,0.012481203007518798,1.9146664475863822e-12,5.414322254473791e-12
0.03,0.014974937343358394,1.3515224860794647e-10,3.2417499082642713e-10
0.03,0.017468671679197995,3.1575136248776584e-09,6.7238482399666325e-09
0.03,0.019962406015037595,3.633706659082719e-08,7.068766036121608e-08
0.03,0.02245614035087719,2.5782608242245297e-07,4.6700651499715874e-07
0.03,0.02494987468671679,1.2932194030856462e-06,2.2104077016493913e-06
0.03,0.02744360902255639,5.008903013089971e-06,8.157688010195733e-06
0.03,0.029937343358395988,1.5902819164463378e-05,2.4859155703641028e-05
0.03,0.03243107769423559,4.315901365955619e-05,6.511814165885389e-05
0.03,0.034924812030075185,0.00010320850454956344,0.00015096292215378826
0.03,0.03741854636591478,0.00022243509302194631,0.0003165219317639601
0.03,0.03991228070175438,0.0004395259576415258,0.0006101882977419132
0.03,0.04240601503759398,0.0008069338548775096,0.001095493100647765
0.03,0.04489974937343358,0.0013910010442368228,0.0018502714375273016
0.03,0.047393483709273175,0.0022704785720710718,0.002963966862880687
0.03,0.04988721804511278,0.003533422950643718,0.004533227122385018
0.03,0.052380952380952375,0.005272719700460731,0.006656240616797994
0.03,0.05487468671679197,0.007580721904679904,0.00942649592477459
0.03,0.057368421052631575,0.010543658482866095,0.012926772074366454
0.03,0.05986215538847117,0.014236521936032864,0.017224145740928457
0.03,0.06235588972431077,0.018719055379238177,0.02236660579984273
0.03,0.06484962406015038,0.024033228213221344,0.028381530307507907
0.03,0.06734335839598997,0.030202291399384525,0.03527592243380849
0.03,0.06983709273182957,0.03723124054986364,0.04303804242190052
0.03,0.07233082706766918,0.045108355189680385,0.051639962316652
0.03,0.07482456140350877,0.05380743326908782,0.06104058567977226
0.03,0.07731829573934837,0.06329037091821416,0.07118876206322661
0.03,0.07981203007518797,0.07350980953532618,0.08202623677793644
0.03,0.08230576441102756,0.0844116548892608,0.093490279702933
0.03,0.08479949874686717,0.09593734786502095,0.10551591873424153
0.03,0.08729323308270677,0.10802582600674526,0.11803776128124471
0.03,0.08978696741854636,0.12061515784487667,0.13099142388956508
0.03,0.09228070175438596,0.1336438601375678,0.1443146104577286
0.03,0.09477443609022557,0.1470519247782282,0.15794788847246796
0.03,0.09726817042606516,0.16078159041057405,0.1718352142463146
0.03,0.09976190476190476,0.17477789646033395,0.18592425532189327
0.03,0.10225563909774436,0.1889890564305765,0.20016655311142592
0.03,0.10474937343358395,0.2033666844252069,0.2145175628375634
0.03,0.10724310776942356,0.2178659049940527,0.22893660177274214
0.03,0.10973684210526316,0.2324453722011388,0.24338673110749148
0.03,0.11223057644110275,0.24706721971180257,0.2578345917453494
0.03,0.11472431077694235,0.26169695990088293,0.2722502099988647
0.03,0.11721804511278196,0.2763033466141609,0.28660678554602015
0.03,0.11971177944862155,0.29085821330014555,0.30088047103464166
0.03,0.12220551378446115,0.3053362957622697,0.3150501503258567
0.03,0.12469924812030075,0.31971504672580897,0.32909722045803125
0.03,0.12719298245614033,0.33397444772631446,0.34300538091083976
0.03,0.12968671679197993,0.3480968224534667,0.3567604325844246
0.03,0.13218045112781954,0.362066654585385,0.3703500880151074
0.03,0.13467418546365914,0.3758704122711759,0.38376379367299135
0.03,0.13716791979949874,0.3894963807306461,0.3969925646848098
0.03,0.13966165413533835,0.40293450390334495,0.4100288319580877
0.03,0.14215538847117795,0.41617623566728257,0.42286630142188203
0.03,0.14464912280701753,0.42921440083084306,0.43549982491714795
0.03,0.14714285714285713,0.4420430658705734,0.44792528215531807
0.03,0.14963659147869673,0.454657419214217,0.46013947309007913
0.03,0.15213032581453634,0.4670536607462816,0.47214002001277267
0.03,0.15462406015037594,0.47922890013010255,0.4839252786692088
0.03,0.15711779448621555,0.49118106348833246,0.4954942577088245
0.03,0.15961152882205512,0.5029088079506264,0.5068465457909539
0.03,0.16210526315789472,0.514411443566069,0.5179822457090237
0.03,0.16459899749373433,0.525688862075383,0.5289019149239369
0.03,0.16709273182957393,0.5367414720502756,0.5396065119408898
0.03,0.16958646616541354,0.54757013991875,0.5500973479957554
0.03,0.1720802005012531,0.5581761364171969,0.5603760435665961
0.03,0.17457393483709271,0.5685610880361764,0.5704444892545146
0.03,0.17706766917293232,0.5787269330475622,0.5803048106245794
0.03,0.17956140350877192,0.5886758817277653,0.5899593366260747
0.03,0.18205513784461153,0.5984103804195477,0.5994105712447302
0.03,0.18454887218045113,0.6079330790991913,0.6086611680795236
0.03,0.1870426065162907,0.6172468021397421,0.617713907553161
0.03,0.1895363408521303,0.6263545219857122,0.6265716764975293
0.03,0.1920300751879699,0.6352593354789046,0.6352374498865381
0.03,0.19452380952380952,0.6439644425912086,0.6437142744961428
0.03,0.19701754385964912,0.6524731273477679,0.6520052543053112
0.03,0.19951127819548872,0.6607887407338445,0.6601135374641309
0.03,0.2020050125313283,0.6689146854061079,0.6680423046729598
0.03,0.2044987468671679,0.6768544020347638,0.6757947588309547
0.03,0.2069924812030075,0.6846113571211193,0.6833741158268131
0.03,0.2094862155388471,0.69218903216153,0.6907835963641724
0.03,0.2119799498746867,0.6995909140141685,0.6980264187040996
0.03,0.21447368421052632,0.7068204863640632,0.7051057922469499
0.03,0.2169674185463659,0.7138812221775817,0.7120249118653177
0.03,0.2194611528822055,0.7207765770486474,0.7187869529059678
0.03,0.2219548872180451,0.7275099833481378,0.7253950667978553
0.03,0.2244486215538847,0.7340848451081957,0.7318523772167572
0.03,0.2269423558897243,0.7405045335484183,0.7381619767214892
0.03,0.2294360902255639,0.746772383205452,0.7443269238497552
0.03,0.23192982456140349,0.7528916885862287,0.7503502405996748
0.03,0.2344235588972431,0.7588657012932223,0.7562349102637076
0.03,0.2369172932330827,0.7646976275954039,0.7619838756002628
0.03,0.2394110275689223,0.7703906263622093,0.7676000372635766
0.03,0.2419047619047619,0.7759478073610138,0.7730862525245858
0.03,0.2443984962406015,0.7813722298559482,0.7784453341938247
0.03,0.24689223057644108,0.7866669014786143,0.7836800497618657
0.03,0.24938596491228068,0.7918347773610331,0.788793120743073
0.03,0.25187969924812026,0.7968787594766921,0.7937872221507448
0.03,0.25437343358395986,0.8018016961769279,0.7986649821495676
0.03,0.25686716791979947,0.8066063819125376,0.8034289818211744
0.03,0.25936090225563907,0.8112955571058936,0.8080817550684682
0.03,0.2618546365914787,0.8158719081608424,0.8126257886037438
0.03,0.2643483709273183,0.8203380675958356,0.8170635220490147
0.03,0.2668421052631579,0.8246966142759522,0.8213973481020191
0.03,0.2693358395989975,0.8289500737567075,0.8256296127934948
0.03,0.2718295739348371,0.8331009186928708,0.8297626157958302
0.03,0.2743233082706767,0.8371515693342421,0.8337986107960431
0.03,0.2768170426065163,0.8411043940696847,0.8377398059207454
0.03,0.2793107769423559,0.8449617100418667,0.8415883642008077
0.03,0.28180451127819545,0.8487257837911661,0.8453464040705939
0.03,0.28429824561403505,0.8523988319568163,0.8490159999183476
0.03,0.28679197994987465,0.8559830219923842,0.8525991826347649
0.03,0.28928571428571426,0.8594804729305903,0.8560979402273241
0.03,0.29177944862155386,0.8628932561560276,0.8595142184139051
0.03,0.29427318295739346,0.8662233961973012,0.8628499212584181
0.03,0.29676691729323307,0.8694728715456232,0.8661069118256741
0.03,0.29926065162907267,0.8726436154620476,0.8692870128101537
0.03,0.3017543859649123,0.8757375168268633,0.8723920072325324
0.03,0.3042481203007519,0.8787564209543979,0.8754236390870265
0.03,0.3067418546365915,0.881702130446776,0.878383614036519
0.03,0.3092355889724311,0.8845764060181052,0.8812736000720327
0.03,0.31172932330827063,0.8873809673404782,0.8840952282173431
0.03,0.31422305764411024,0.8901174938693709,0.8868500931874208
0.03,0.31671679197994984,0.8927876256807942,0.8895397540860935
0.03,0.31921052631578944,0.8953929642819451,0.8921657350754899
0.03,0.32170426065162905,0.8979350734322087,0.8947295260446355
0.03,0.32419799498746865,0.900415479959902,0.8972325833018562
0.03,0.32669172932330826,0.9028356745269845,0.8996763302031825
0.03,0.32918546365914786,0.905197112461492,0.9020621578498151
0.03,0.33167919799498746,0.9075012144948815,0.9043914257106348
0.03,0.33417293233082707,0.9097493675489975,0.9066654622821704
0.03,0.33666666666666667,0.9119429254897222,0.9088855657376389
0.03,0.3391604010025062,0.9140832098576757,0.9110530045247875
0.03,0.3416541353383458,0.9161715106029931,0.9131690180124024
0.03,0.3441478696741854,0.9182090868120114,0.9152348171003344
0.03,0.34664160401002503,0.9201971673978366,0.9172515848205506
0.03,0.34913533834586463,0.9221369518005388,0.9192204769257327
0.03,0.35162907268170424,0.9240296106632081,0.9211426224927204
0.03,0.35412280701754384,0.9258762865041732,0.9230191244802719
0.03,0.35661654135338344,0.9276780943548604,0.9248510603070832
0.03,0.35911027568922305,0.9294361224130601,0.9266394824048423
0.03,0.36160401002506265,0.9311514326759887,0.9283854187740809
0.03,0.36409774436090225,0.9328250615243177,0.9300898734972769
0.03,0.36659147869674186,0.9344580203628863,0.93175382731368
0.03,0.3690852130325814,0.936051296187288,0.9333782380883555
0.03,0.371578947368421,0.9376058521499997,0.9349640413410936
0.03,0.3740726817042606,0.9391226281504493,0.9365121507676999
0.03,0.3765664160401002,0.9406025413746483,0.9380234586967235
0.03,0.3790601503759398,0.9420464868269347,0.9394988365817514
0.03,0.3815538847117794,0.9434553378611861,0.9409391354659877
0.03,0.384047619047619,0.9448299467184229,0.9423451864856024
0.03,0.38654135338345863,0.9461711449851655,0.9437178012404905
0.03,0.38903508771929823,0.9474797441352115,0.9450577723142912
0.03,0.39152882205513784,0.9487565359796695,0.9463658736673312
0.03,0.39402255639097744,0.9500022931464855,0.9476428610742571
0.03,0.39651629072681704,0.9512177695509596,0.948889472544123
0.03,0.3990100250626566,0.9524037008233819,0.9501064287104327
0.03,0.4015037593984962,0.9535608047648824,0.9512944332445965
0.03,0.4039974937343358,0.9546897817838018,0.9524541732630375
0.03,0.4064912280701754,0.9557913152877316,0.9535863196647577
0.03,0.408984962406015,0.956866072097396,0.9546915275222405
0.03,0.4114786967418546,0.9579147028950967,0.9557704364996344
0.03,0.4139724310776942,0.9589378425238247,0.9568236711076062
0.03,0.4164661654135338,0.95993611045998,0.9578518411555683
0.03,0.4189598997493734,0.9609101111407514,0.9588555420320608
0.03,0.421453634085213,0.9618604343003125,0.9598353550486054
0.03,0.42394736842105263,0.9627876553930783,0.9607918477953272
0.03,0.4264411027568922,0.9636923358756033,0.9617255744160504
0.03,0.4289348370927318,0.9645750235944793,0.9626370759739691
0.03,0.4314285714285714,0.9654362530788712,0.9635268807151245
0.03,0.433922305764411,0.966276545881654,0.9643955043848773
0.03,0.4364160401002506,0.967096410878467,0.9652434505064234
0.03,0.4389097744360902,0.9678963446011165,0.9660712106983345
0.03,0.4414035087719298,0.9686768315099707,0.9668792649192255
0.03,0.4438972431077694,0.9694383443005745,0.9676680817540645
0.03,0.446390977443609,0.9701813441763303,0.9684381186909202
0.03,0.4488847117794486,0.9709062811543661,0.969189822378512
0.03,0.4513784461152882,0.9716135942972233,0.9699236288457068
0.03,0.4538721804511278,0.9723037120102204,0.9706399638078624
0.03,0.45636591478696736,0.9729770522906689,0.9713392428614169
0.03,0.45885964912280697,0.9736340229819553,0.9720218717841512
0.03,0.46135338345864657,0.9742750219971497,0.972688246657419
0.03,0.4638471177944862,0.9749004376129553,0.9733387542275046
0.03,0.4663408521303258,0.9755106486283459,0.9739737720141164
0.03,0.4688345864661654,0.9761060246923147,0.9745936686062241
0.03,0.471328320802005,0.9766869264040916,0.9751988038119093
0.03,0.4738220551378446,0.9772537056349163,0.9757895288959568
0.03,0.4763157894736842,0.9778067057327455,0.9763661868298505
0.03,0.4788095238095238,0.9783462616385727,0.976929112364302
0.03,0.4813032581453634,0.9788727001895439,0.9774786323435118
0.03,0.483796992481203,0.9793863402748755,0.9780150658381116
0.03,0.48629072681704255,0.9798874930407004,0.9785387243297037
0.03,0.48878446115288215,0.9803764620550542,0.9790499118983971
0.03,0.49127819548872176,0.980853543509306,0.9795489254034231
0.03,0.49377192982456136,0.9813190263841105,0.9800360546244626
0.03,0.49626566416040097,0.981773192673124,0.980511582494477
0.03,0.49875939849624057,0.9822163174770324,0.9809757851693724
0.03,0.5012531328320802,0.9826486692187889,0.981428932266901
0.03,0.5037468671679197,0.9830705098288162,0.9818712870101669
0.03,0.5062406015037594,0.9834820948325369,0.9823031063404492
0.03,0.5087343358395989,0.9838836735243727,0.9827246410494286
0.03,0.5112280701754386,0.9842754892227437,0.9831361360713682
0.03,0.5137218045112781,0.9846577792260586,0.9835378303842337
0.03,0.5162155388471178,0.9850307751397893,0.9839299573715924
0.03,0.5187092731829573,0.9853947029120415,0.9843127448389093
0.03,0.521203007518797,0.9857497830060338,0.9846864151649457
0.03,0.5236967418546365,0.986096230508168,0.9850511854414197
0.03,0.5261904761904762,0.9864342552995526,0.9854072676004717
0.03,0.5286842105263158,0.9867640621542171,0.985754868539188
0.03,0.5311779448621553,0.9870858508454736,0.9860941901949318
0.03,0.533671679197995,0.9873998163004905,0.9864254297276722
0.03,0.5361654135338345,0.987706148749969,0.9867487796264004
0.03,0.5386591478696742,0.9880050337165038,0.9870644277370043
0.03,0.5411528822055137,0.988296652297853,0.9873725574985659
0.03,0.5436466165413534,0.9885811811278127,0.9876733479474855
0.03,0.5461403508771929,0.9888587925795189,0.9879669738645307
0.03,0.5486340852130326,0.989129654819471,0.9882536058820162
0.03,0.5511278195488721,0.9893939319246017,0.9885334105402777
0.03,0.5536215538847118,0.989651784017388,0.9888065504773198
0.03,0.5561152882205513,0.9899033672665141,0.9890731843777969
0.03,0.5586090225563909,0.9901488341062162,0.9893334672219953
0.03,0.5611027568922305,0.9903883332113335,0.9895875502400799
0.03,0.5635964912280701,0.9906220096959346,0.989835581122655
0.03,0.5660902255639098,0.9908500050844066,0.9900777039758754
0.03,0.5685839598997493,0.9910724575208245,0.9903140595431847
0.03,0.571077694235589,0.9912895017534036,0.9905447851832738
0.03,0.5735714285714285,0.9915012692441962,0.990770014940186
0.03,0.5760651629072682,0.9917078883169121,0.990989879768644
0.03,0.5785588972431077,0.9919094841190774,0.9912045074295387
0.03,0.5810526315789474,0.9921061787768319,0.9914140226515387
0.03,0.5835463659147869,0.9922980914375725,0.9916185472007657
0.03,0.5860401002506265,0.9924853383711192,0.9918181999596061
0.03,0.5885338345864661,0.9926680329982405,0.9920130969537018
0.03,0.5910275689223057,0.9928462860062122,0.992203351460786
0.03,0.5935213032581453,0.9930202053708816,0.9923890740611916
0.03,0.5960150375939849,0.9931898964690111,0.9925703727238864
0.03,0.5985087719298245,0.9933554620449976,0.9927473527561999
0.03,0.6010025062656641,0.9935170024637981,0.992920117091282
0.03,0.6034962406015038,0.993674615518795,0.9930887660817267
0.03,0.6059899749373433,0.9938283967684816,0.9932533978201471
0.03,0.608483709273183,0.9939784392865053,0.9934141079233039
0.03,0.6109774436090225,0.9941248340141982,0.9935709898356908
0.03,0.6134711779448622,0.994267669639679,0.9937241347533486
0.03,0.6159649122807017,0.994407032691117,0.9938736316880834
0.03,0.6184586466165413,0.9945430075608258,0.9940195674913701
0.03,0.6209523809523809,0.9946756766460332,0.9941620270346248
0.03,0.6234461152882205,0.9948051203235655,0.994301093113706
0.03,0.6259398496240601,0.9949314170015126,0.9944368465333601
0.03,0.6284335839598997,0.9950546431842764,0.9945693662375283
0.03,0.6309273182957393,0.9951748734983322,0.9946987291967614
0.03,0.6334210526315789,0.9952921808223163,0.9948250106690275
0.03,0.6359147869674185,0.9954066362044179,0.9949482840240738
0.03,0.6384085213032581,0.9955183089650752,0.9950686209098568
0.03,0.6409022556390978,0.9956272667572797,0.9951860912668752
0.03,0.6433959899749373,0.9957335755984531,0.9953007634082925
0.03,0.6458897243107768,0.9958372998947765,0.9954127039633245
0.03,0.6483834586466165,0.9959385024671639,0.9955219780086952
0.03,0.650877192982456,0.9960372446203196,0.9956286490523343
0.03,0.6533709273182957,0.996133586183372,0.995732779101768
0.03,0.6558646616541353,0.9962275855034886,0.9958344286842765
0.03,0.6583583959899749,0.9963192995351431,0.9959336568778119
0.03,0.6608521303258145,0.9964087838462166,0.9960305213867189
0.03,0.6633458646616541,0.9964960926421662,0.9961250784979911
0.03,0.6658395989974937,0.9965812788077336,0.9962173831718997
0.03,0.6683333333333333,0.996664393938907,0.9963074890640921
0.03,0.6708270676691729,0.9967454883825806,0.9963954485402243
0.03,0.6733208020050124,0.996824611316742,0.9964813127774825
0.03,0.6758145363408521,0.9969018105908989,0.9965651316101409
0.03,0.6783082706766916,0.9969771330336821,0.9966469538074836
0.03,0.6808020050125313,0.9970506242672446,0.996726826934886
0.03,0.6832957393483708,0.9971223287824666,0.9968047974008183
0.03,0.6857894736842105,0.9971922900236309,0.9968809105245351
0.03,0.68828320802005,0.9972605504194993,0.9969552105930866
0.03,0.6907769423558897,0.9973271512674154,0.9970277407354189
0.03,0.6932706766917293,0.9973921329105451,0.9970985431259685
0.03,0.6957644110275689,0.9974555347676242,0.9971676589677492
0.03,0.6982581453634085,0.9975173952048353,0.9972351283925502
0.03,0.7007518796992481,0.9975777517035063,0.9973009906169795
0.03,0.7032456140350877,0.997636640827262,0.9973652839382139
0.03,0.7057393483709272,0.9976940982231134,0.9974280457129993
0.03,0.7082330827067669,0.9977501587589881,0.9974893124454022
0.03,0.7107268170426064,0.9978048563885505,0.9975491197828232
0.03,0.7132205513784461,0.997858224172636,0.9976075023920079
0.03,0.7157142857142856,0.9979102945366021,0.9976644943169777
0.03,0.7182080200501253,0.9979610989458656,0.9977201285912274
0.03,0.7207017543859648,0.9980106682306418,0.9977744376320433
0.03,0.7231954887218045,0.9980590323672367,0.9978274529320963
0.03,0.725689223057644,0.9981062207455076,0.9978792054164605
0.03,0.7281829573934837,0.9981522618419139,0.9979297250603552
0.03,0.7306766917293233,0.9981971836084604,0.9979790412709297
0.03,0.7331704260651628,0.9982410132598118,0.9980271827323743
0.03,0.7356641604010025,0.9982837773067946,0.9980741773979316
0.03,0.738157894736842,0.9983255016865686,0.9981200525937746
0.03,0.7406516290726817,0.9983662116979221,0.9981648350245852
0.03,0.7431453634085212,0.998405931997577,0.9982085507034664
0.03,0.7456390977443609,0.9984446865813459,0.9982512249782908
0.03,0.7481328320802004,0.9984824990089785,0.9982928827472417
0.03,0.7506265664160401,0.9985193921326676,0.9983335481728337
0.03,0.7531203007518796,0.9985553882878482,0.9983732448628507
0.03,0.7556140350877193,0.9985905093582967,0.9984119959812254
0.03,0.7581077694235588,0.9986247765496667,0.9984498239920137
0.03,0.7606015037593984,0.9986582106599092,0.9984867508987683
0.03,0.763095238095238,0.9986908319391388,0.9985227981872942
0.03,0.7655889724310776,0.9987226601115082,0.9985579867567922
0.03,0.7680827067669173,0.9987537145020062,0.9985923371235788
0.03,0.7705764411027568,0.9987840138898003,0.9986258691976504
0.03,0.7730701754385965,0.9988135766530097,0.9986586025324975
0.03,0.775563909774436,0.9988424206863642,0.998690556093037
0.03,0.7780576441102757,0.998870563479634,0.9987217484991093
0.03,0.7805513784461152,0.9988980220665576,0.9987521978668499
0.03,0.7830451127819549,0.9989248131209941,0.9987819219362251
0.03,0.7855388471177944,0.9989509527948242,0.9988109378797307
0.03,0.7880325814536341,0.9989764569967449,0.998839262687636
0.03,0.7905263157894736,0.9990013411349354,0.9988669127459626
0.03,0.7930200501253132,0.9990256202726164,0.9988939041208172
0.03,0.7955137844611528,0.9990493091745882,0.9989202525885335
0.03,0.7980075187969924,0.9990724221160161,0.9989459733371571
0.03,0.800501253132832,0.9990949731715649,0.9989710814261901
0.03,0.8029949874686716,0.999116975946699,0.9989955913915102
0.03,0.8054887218045113,0.9991384438130282,0.9990195175131464
0.03,0.8079824561403508,0.9991593897757324,0.9990428737239623
0.03,0.8104761904761905,0.9991798264910141,0.9990656735372097
0.03,0.81296992481203,0.9991997664095639,0.9990879302916578
0.03,0.8154636591478697,0.9992192214664222,0.9991096567644208
0.03,0.8179573934837092,0.9992382035637981,0.999130865729539
0.03,0.8204511278195488,0.9992567241738839,0.9991515694905531
0.03,0.8229448621553884,0.9992747945145664,0.999171780034987
0.03,0.825438596491228,0.9992924255618932,0.9991915091877458
0.03,0.8279323308270676,0.9993096279311457,0.9992107683276039
0.03,0.8304260651629072,0.9993264120896456,0.9992295687148217
0.03,0.8329197994987468,0.9993427881959172,0.9992479212326905
0.03,0.8354135338345864,0.9993587661595194,0.9992658365812258
0.03,0.837907268170426,0.9993743556955552,0.9992833251791384
0.03,0.8404010025062656,0.9993895662093756,0.9993003971776799
0.03,0.8428947368421053,0.9994044069405943,0.9993170625141308
0.03,0.8453884711779448,0.9994188868490346,0.9993333308452135
0.03,0.8478822055137843,0.9994330147226066,0.9993492116287612
0.03,0.850375939849624,0.9994467991357976,0.9993647141317918
0.03,0.8528696741854636,0.9994602484285746,0.9993798473614522
0.03,0.8553634085213032,0.9994733707710792,0.9993946201198067
0.03,0.8578571428571428,0.9994861740204268,0.999409040912684
0.03,0.8603508771929824,0.9994986660401379,0.9994231182194525
0.03,0.862844611528822,0.9995108543577762,0.9994368601929307
0.03,0.8653383458646616,0.999522746380499,0.9994502748621299
0.03,0.8678320802005012,0.9995343492276152,0.9994633698969038
0.03,0.8703258145363408,0.9995456700206213,0.9994761530258873
0.03,0.8728195488721804,0.9995567156117325,0.9994886316647349
0.03,0.87531328320802,0.9995674925971472,0.9995008130003025
0.03,0.8778070175438596,0.9995780076486933,0.9995127042191381
0.03,0.8803007518796991,0.9995882670079568,0.9995243121371795
0.03,0.8827944862155388,0.9995982769481049,0.9995356435442888
0.03,0.8852882205513783,0.9996080435358312,0.9995467050214453
0.03,0.887781954887218,0.9996175727176368,0.9995575030453314
0.03,0.8902756892230576,0.9996268701893767,0.9995680438139418
0.03,0.8927694235588972,0.9996359416100606,0.9995783334813981
0.03,0.8952631578947368,0.9996447925460885,0.9995883780633219
0.03,0.8977568922305764,0.9996534282513607,0.9995981833554168
0.03,0.900250626566416,0.9996618540070115,0.9996077550581202
0.03,0.9027443609022556,0.9996700749307705,0.99961709878109
0.03,0.9052380952380952,0.999678095990674,0.9996262199104102
0.03,0.9077318295739347,0.9996859220553864,0.9996351237847483
0.03,0.9102255639097744,0.9996935578083952,0.9996438155167895
0.03,0.9127192982456139,0.9997010079830327,0.9996523002399849
0.03,0.9152130325814536,0.9997082770209706,0.9996605828532092
0.03,0.9177067669172931,0.9997153693275951,0.9996686681537434
0.03,0.9202005012531328,0.9997222891951822,0.9996765608596474
0.03,0.9226942355889723,0.9997290408213761,0.9996842655195044
0.03,0.925187969924812,0.9997356283213621,0.9996917866756019
0.03,0.9276817042606516,0.9997420556727583,0.999699128661699
0.03,0.9301754385964912,0.9997483267361631,0.9997062957432423
0.03,0.9326691729323308,0.9997544453859419,0.999713292142893
0.03,0.9351629072681703,0.9997604152308583,0.9997201218166869
0.03,0.93765664160401,0.9997662399902469,0.9997267888666865
0.03,0.9401503759398495,0.9997719230712194,0.9997332970090742
0.03,0.9426441102756892,0.9997774680666345,0.9997396502211425
0.03,0.9451378446115287,0.9997828781940017,0.9997458520399913
0.03,0.9476315789473684,0.9997881567968372,0.9997519061093906
0.03,0.9501253132832079,0.9997933070877104,0.9997578159840796
0.03,0.9526190476190476,0.9997983321511126,0.9997635850850164
0.03,0.9551127819548871,0.999803235012387,0.9997692167142769
0.03,0.9576065162907268,0.9998080187985996,0.9997747143225024
0.03,0.9601002506265663,0.9998126861419863,0.9997800808083646
0.03,0.962593984962406,0.9998172400860661,0.9997853195398514
0.03,0.9650877192982455,0.9998216832890913,0.9997904334714915
0.03,0.9675814536340851,0.999826018473699,0.9997954255666035
0.03,0.9700751879699248,0.9998302483226793,0.999800298802795
0.03,0.9725689223057643,0.9998343752689232,0.9998050558949162
0.03,0.975062656641604,0.9998384018636703,0.9998096996639018
0.03,0.9775563909774435,0.9998423306500006,0.9998142328680149
0.03,0.9800501253132832,0.999846163841579,0.9998186580265033
0.03,0.9825438596491227,0.9998499038425858,0.9998229777655883
0.03,0.9850375939849624,0.9998535529782933,0.9998271946614591
0.03,0.9875313283208019,0.9998571133182375,0.9998313110467666
0.03,0.9900250626566416,0.9998605871930316,0.9998353294434097
0.03,0.9925187969924811,0.9998639765632513,0.9998392520836974
0.03,0.9950125313283207,0.9998672835228226,0.9998430812682251
0.03,0.9975062656641603,0.99987051010775,0.9998468192461927
0.03,1.0,0.9998736582454772,0.9998504682140112
0.3,0.005,1.5603162391502437e-27,1.887641630287311e-26
0.3,0.007493734335839599,2.2231199887489857e-19,1.2127217049440887e-18
0.3,0.009987468671679198,4.1073134573440444e-15,1.5011765973302534e-14
0.3,0.012481203007518798,1.914666447586382e-12,5.495274384973745e-12
0.3,0.014974937343358394,1.3515224860794652e-10,3.298125091224451e-10
0.3,0.017468671679197995,3.157513624877658e-09,6.856216488173246e-09
0.3,0.019962406015037595,3.633706659082719e-08,7.223235751429481e-08
0.3,0.02245614035087719,2.578260824224531e-07,4.781680189203356e-07
0.3,0.02494987468671679,1.293219403085646e-06,2.267524466253422e-06
0.3,0.02744360902255639,5.008903013089968e-06,8.383504547346764e-06
0.3,0.029937343358395988,1.5902819164463378e-05,2.5590842652182857e-05
0.3,0.03243107769423559,4.315901365955619e-05,6.714353056629105e-05
0.3,0.034924812030075185,0.00010320850454956332,0.0001558991680824421
0.3,0.03741854636591478,0.00022243509302194634,0.00032735481733323145
0.3,0.03991228070175438,0.00043952595764152583,0.0006319645146211322
0.3,0.04240601503759398,0.0008069338548775093,0.0011361268557803662
0.3,0.04489974937343358,0.001391001044236824,0.0019213969424455204
0.3,0.047393483709273175,0.0022704785720710783,0.003081746022214737
0.3,0.04988721804511278,0.0035334229506437283,0.004719012100609323
0.3,0.052380952380952375,0.005272719700460731,0.006936996752003862
0.3,0.05487468671679197,0.007580721904679909,0.00983491177520269
0.3,0.057368421052631575,0.010543658482866126,0.01350101754614877
0.3,0.05986215538847117,0.014236521936032854,0.018007280876436684
0.3,0.06235588972431077,0.01871905537923826,0.023405684076922388
0.3,0.06484962406015038,0.02403322821322134,0.029726472593754136
0.3,0.06734335839598997,0.03020229139938464,0.03697825504569702
0.3,0.06983709273182957,0.03723124054986372,0.04514959405969279
0.3,0.07233082706766918,0.04510835518968025,0.05421160338301975
0.3,0.07482456140350877,0.05380743326908778,0.06412107496555439
0.3,0.07731829573934837,0.06329037091821449,0.07482374499102679
0.3,0.07981203007518797,0.07350980953532583,0.08625741987987057
0.3,0.08230576441102756,0.08441165488926058,0.09835478972316988
0.3,0.08479949874686717,0.09593734786502173,0.11104584238236495
0.3,0.08729323308270677,0.10802582600674708,0.12425985310662767
0.3,0.08978696741854636,0.1206151578448752,0.13792696446925717
0.3,0.09228070175438596,0.13364386013756635,0.15197939440943167
0.3,0.09477443609022557,0.14705192477822598,0.166352321044546
0.3,0.09726817042606516,0.16078159041057213,0.1809844958082655
0.3,0.09976190476190476,0.17477789646032993,0.19581863450406925
0.3,0.10225563909774436,0.18898905643057914,0.21080163125679802
0.3,0.10474937343358395,0.20336668442520067,0.22588463456724556
0.3,0.10724310776942356,0.21786590499405287,0.24102301864606557
0.3,0.10973684210526316,0.23244537220113223,0.2561762774572743
0.3,0.11223057644110275,0.2470672197117989,0.2713078637159053
0.3,0.11472431077694235,0.26169695990088493,0.28638499056982214
0.3,0.11721804511278196,0.2763033466141491,0.3013784098717104
0.3,0.11971177944862155,0.29085821330015005,0.3162621777686951
0.3,0.12220551378446115,0.30533629576226085,0.3310134157411518
0.3,0.12469924812030075,0.3197150467258105,0.3456120731306418
0.3,0.12719298245614033,0.33397444772632545,0.36004069552957885
0.3,0.12968671679197993,0.3480968224534615,0.3742842020962037
0.3,0.13218045112781954,0.3620666545853398,0.3883296738360054
0.3,0.13467418546365914,0.37587041227119633,0.4021661541106024
0.3,0.13716791979949874,0.3894963807306412,0.41578446203445024
0.3,0.13966165413533835,0.40293450390332786,0.429177018981203
0.3,0.14215538847117795,0.41617623566728895,0.4423376880914452
0.3,0.14464912280701753,0.42921440083084117,0.4552616264415257
0.3,0.14714285714285713,0.44204306587057146,0.46794514937196363
0.3,0.14963659147869673,0.45465741921422637,0.48038560637007255
0.3,0.15213032581453634,0.46705366074627674,0.49258126783172684
0.3,0.15462406015037594,0.4792289001301603,0.5045312220019783
0.3,0.15711779448621555,0.49118106348834145,0.5162352813799624
0.3,0.15961152882205512,0.5029088079506451,0.527693897884062
0.3,0.16210526315789472,0.5144114435661387,0.5389080860921772
0.3,0.16459899749373433,0.5256888620753153,0.5498793538998169
0.3,0.16709273182957393,0.536741472050311,0.5606096399792233
0.3,0.16958646616541354,0.5475701399186941,0.5711012574430876
0.3,0.1720802005012531,0.5581761364172494,0.5813568431763785
0.3,0.17457393483709271,0.56856108803623,0.5913793123187794
0.3,0.17706766917293232,0.5787269330475451,0.6011718174341332
0.3,0.17956140350877192,0.5886758817278339,0.6107377119266456
0.3,0.18205513784461153,0.5984103804195783,0.6200805173085392
0.3,0.18454887218045113,0.6079330790990959,0.6292038939533857
0.3,0.1870426065162907,0.6172468021396544,0.6381116150007853
0.3,0.1895363408521303,0.6263545219856339,0.6468075431065867
0.3,0.1920300751879699,0.6352593354788363,0.6552956097635461
0.3,0.19452380952380952,0.6439644425912984,0.663579796938011
0.3,0.19701754385964912,0.652473127347693,0.671664120793307
0.3,0.19951127819548872,0.6607887407340383,0.6795526172943022
0.3,0.2020050125313283,0.668914685406006,0.6872493295018791
0.3,0.2044987468671679,0.6768544020347087,0.6947582963888796
0.3,0.2069924812030075,0.6846113571209631,0.7020835430193881
0.3,0.2094862155388471,0.6921890321613436,0.7092290719615486
0.3,0.2119799498746867,0.6995909140140456,0.7161988557894838
0.3,0.21447368421052632,0.7068204863640777,0.7229968305834793
0.3,0.2169674185463659,0.7138812221778146,0.7296268903093007
0.3,0.2194611528822055,0.72077657704866,0.7360928819857123
0.3,0.2219548872180451,0.7275099833483725,0.7423986015635037
0.3,0.2244486215538847,0.7340848451082085,0.7485477904383784
0.3,0.2269423558897243,0.7405045335485709,0.7545441325240394
0.3,0.2294360902255639,0.7467723832056643,0.7603912518281746
0.3,0.23192982456140349,0.7528916885864283,0.7660927104867874
0.3,0.2344235588972431,0.7588657012930644,0.771652007179217
0.3,0.2369172932330827,0.7646976275961628,0.7770725759240603
0.3,0.2394110275689223,0.7703906263623563,0.7823577851522794
0.3,0.2419047619047619,0.7759478073609662,0.7875109371038687
0.3,0.2443984962406015,0.7813722298558652,0.7925352674315096
0.3,0.24689223057644108,0.7866669014785408,0.7974339450399717
0.3,0.24938596491228068,0.7918347773611955,0.8022100721198363
0.3,0.25187969924812026,0.7968787594763713,0.8068666843388437
0.3,0.25437343358395986,0.8018016961769148,0.8114067511803759
0.3,0.25686716791979947,0.8066063819119239,0.8158331764201787
0.3,0.25936090225563907,0.811295557105401,0.8201487987064509
0.3,0.2618546365914787,0.8158719081605577,0.8243563922319486
0.3,0.2643483709273183,0.8203380675956143,0.8284586675062287
0.3,0.2668421052631579,0.8246966142762604,0.8324582721702587
0.3,0.2693358395989975,0.8289500737568639,0.836357791902101
0.3,0.2718295739348371,0.833100918693142,0.8401597513511627
0.3,0.2743233082706767,0.837151569334148,0.8438666151182979
0.3,0.2768170426065163,0.8411043940689585,0.8474807887786223
0.3,0.2793107769423559,0.8449617100418143,0.8510046199279585
0.3,0.28180451127819545,0.8487257837914318,0.8544403992370851
0.3,0.28429824561403505,0.8523988319559981,0.8577903615478966
0.3,0.28679197994987465,0.8559830219923716,0.8610566869509337
0.3,0.28928571428571426,0.8594804729304305,0.8642415019015844
0.3,0.29177944862155386,0.8628932561567497,0.867346880310972
0.3,0.29427318295739346,0.8662233961968137,0.8703748446541095
0.3,0.29676691729323307,0.8694728715458454,0.8733273670776576
0.3,0.29926065162907267,0.8726436154623507,0.8762063704766705
0.3,0.3017543859649123,0.8757375168262624,0.8790137296053679
0.3,0.3042481203007519,0.878756420954381,0.8817512721402774
0.3,0.3067418546365915,0.8817021304474193,0.8844207797577296
0.3,0.3092355889724311,0.8845764060177193,0.8870239891827154
0.3,0.31172932330827063,0.8873809673408442,0.889562593234924
0.3,0.31422305764411024,0.890117493869589,0.8920382418558351
0.3,0.31671679197994984,0.8927876256800656,0.8944525431227067
0.3,0.31921052631578944,0.8953929642822347,0.8968070642390322
0.3,0.32170426065162905,0.8979350734326152,0.8991033325213255
0.3,0.32419799498746865,0.9004154799597299,0.9013428363592009
0.3,0.32669172932330826,0.9028356745273526,0.9035270261499331
0.3,0.32918546365914786,0.9051971124621134,0.9056573152451063
0.3,0.33167919799498746,0.9075012144956573,0.9077350808400059
0.3,0.33417293233082707,0.9097493675489746,0.9097616648691849
0.3,0.33666666666666667,0.9119429254894124,0.9117383748999093
0.3,0.3391604010025062,0.9140832098584005,0.9136664849516578
0.3,0.3416541353383458,0.9161715106034047,0.9155472363467185
0.3,0.3441478696741854,0.9182090868127488,0.9173818385400574
0.3,0.34664160401002503,0.9201971673978908,0.9191714699051832
0.3,0.34913533834586463,0.9221369517999236,0.9209172785130738
0.3,0.35162907268170424,0.9240296106637487,0.9226203829122559
0.3,0.35412280701754384,0.9258762865041055,0.9242818728602378
0.3,0.35661654135338344,0.9276780943529925,0.9259028100490461
0.3,0.35911027568922305,0.9294361224117932,0.9274842288434325
0.3,0.36160401002506265,0.9311514326759893,0.9290271369520873
0.3,0.36409774436090225,0.9328250615251855,0.9305325161019566
0.3,0.36659147869674186,0.9344580203642983,0.9320013227296967
0.3,0.3690852130325814,0.9360512961858494,0.9334344886047992
0.3,0.371578947368421,0.937605852147948,0.934832921455893
0.3,0.3740726817042606,0.9391226281498293,0.936197505612625
0.3,0.3765664160401002,0.9406025413755006,0.937529102584244
0.3,0.3790601503759398,0.9420464868282052,0.938828551650158
0.3,0.3815538847117794,0.9434553378608794,0.9400966704244772
0.3,0.384047619047619,0.9448299467186838,0.9413342554536214
0.3,0.38654135338345863,0.9461711449850703,0.9425420826772668
0.3,0.38903508771929823,0.9474797441336926,0.9437209080466207
0.3,0.39152882205513784,0.948756535979577,0.9448714679870316
0.3,0.39402255639097744,0.9500022931469605,0.9459944799108249
0.3,0.39651629072681704,0.9512177695507115,0.9470906427215698
0.3,0.3990100250626566,0.9524037008243686,0.9481606372790544
0.3,0.4015037593984962,0.9535608047641395,0.949205126862818
0.3,0.4039974937343358,0.9546897817834157,0.9502247576532643
0.3,0.4064912280701754,0.9557913152892836,0.9512201591363056
0.3,0.408984962406015,0.9568660720961362,0.9521919445405205
0.3,0.4114786967418546,0.9579147028937667,0.9531407113157007
0.3,0.4139724310776942,0.9589378425252936,0.9540670414358987
0.3,0.4164661654135338,0.9599361104609251,0.9549715018972325
0.3,0.4189598997493734,0.9609101111404965,0.9558546450749665
0.3,0.421453634085213,0.9618604342999462,0.9567170090517347
0.3,0.42394736842105263,0.9627876553914276,0.9575591180745868
0.3,0.4264411027568922,0.9636923358753561,0.9583814828445033
0.3,0.4289348370927318,0.9645750235959571,0.9591846009050083
0.3,0.4314285714285714,0.9654362530788618,0.9599689569707206
0.3,0.433922305764411,0.9662765458814102,0.9607350232600012
0.3,0.4364160401002506,0.9670964108796067,0.9614832598072109
0.3,0.4389097744360902,0.9678963446023542,0.9622141148066294
0.3,0.4414035087719298,0.9686768315103562,0.9629280248924806
0.3,0.4438972431077694,0.9694383442989098,0.963625415457764
0.3,0.446390977443609,0.9701813441764333,0.9643067009303388
0.3,0.4488847117794486,0.9709062811538144,0.964972285075769
0.3,0.4513784461152882,0.9716135942982556,0.9656225612444858
0.3,0.4538721804511278,0.972303712009345,0.9662579126704105
0.3,0.45636591478696736,0.9729770522927396,0.9668787127343215
0.3,0.45885964912280697,0.9736340229805451,0.967485325193412
0.3,0.46135338345864657,0.9742750219968792,0.9680781044445332
0.3,0.4638471177944862,0.9749004376120219,0.9686573957865257
0.3,0.4663408521303258,0.9755106486318935,0.969223535606196
0.3,0.4688345864661654,0.9761060246933171,0.9697768516884364
0.3,0.471328320802005,0.9766869264034905,0.9703176633429481
0.3,0.4738220551378446,0.9772537056379227,0.970846281681176
0.3,0.4763157894736842,0.9778067057336219,0.9713630098761042
0.3,0.4788095238095238,0.9783462616385354,0.9718681432318111
0.3,0.4813032581453634,0.9788727001904302,0.972361969529042
0.3,0.483796992481203,0.9793863402788637,0.9728447691356561
0.3,0.48629072681704255,0.9798874930406236,0.9733168152359075
0.3,0.48878446115288215,0.9803764620541972,0.9737783739943253
0.3,0.49127819548872176,0.9808535435065406,0.9742297047425983
0.3,0.49377192982456136,0.9813190263839399,0.9746710601589589
0.3,0.49626566416040097,0.9817731926742614,0.9751026864792214
0.3,0.49875939849624057,0.9822163174726924,0.9755248235884801
0.3,0.5012531328320802,0.9826486692193381,0.9759377052230122
0.3,0.5037468671679197,0.9830705098293695,0.9763415591834008
0.3,0.5062406015037594,0.9834820948308588,0.9767366073956016
0.3,0.5087343358395989,0.9838836735223428,0.9771230660675955
0.3,0.5112280701754386,0.9842754892227343,0.9775011459958829
0.3,0.5137218045112781,0.9846577792277584,0.9778710524351033
0.3,0.5162155388471178,0.9850307751369208,0.9782329854920138
0.3,0.5187092731829573,0.9853947029156447,0.9785871401370234
0.3,0.521203007518797,0.9857497830056794,0.978933706345263
0.3,0.5236967418546365,0.9860962305141194,0.9792728692379402
0.3,0.5261904761904762,0.9864342553003795,0.9796048092164806
0.3,0.5286842105263158,0.9867640621519229,0.9799297020937834
0.3,0.5311779448621553,0.9870858508437927,0.9802477191618124
0.3,0.533671679197995,0.9873998162994158,0.9805590273512186
0.3,0.5361654135338345,0.987706148750185,0.9808637893904701
0.3,0.5386591478696742,0.9880050337190713,0.9811621637570935
0.3,0.5411528822055137,0.9882966522970742,0.9814543049960958
0.3,0.5436466165413534,0.988581181129729,0.9817403636513873
0.3,0.5461403508771929,0.9888587925797451,0.9820204864562261
0.3,0.5486340852130326,0.9891296548205324,0.9822948164142185
0.3,0.5511278195488721,0.9893939319253715,0.9825634928767311
0.3,0.5536215538847118,0.989651784016978,0.9828266516905522
0.3,0.5561152882205513,0.9899033672687697,0.9830844251874482
0.3,0.5586090225563909,0.9901488341063669,0.9833369424104309
0.3,0.5611027568922305,0.9903883332101766,0.9835843290582539
0.3,0.5635964912280701,0.9906220096963074,0.9838267076979235
0.3,0.5660902255639098,0.9908500050818626,0.9840641977490121
0.3,0.5685839598997493,0.9910724575184122,0.9842969156319312
0.3,0.571077694235589,0.9912895017549144,0.9845249747960536
0.3,0.5735714285714285,0.9915012692460632,0.9847484858031007
0.3,0.5760651629072682,0.9917078883141772,0.9849675564883863
0.3,0.5785588972431077,0.9919094841186158,0.9851822918795106
0.3,0.5810526315789474,0.9921061787798553,0.9853927943895583
0.3,0.5835463659147869,0.9922980914355246,0.9855991638255672
0.3,0.5860401002506265,0.9924853383721619,0.9858014974950686
0.3,0.5885338345864661,0.9926680330019126,0.9859998902222478
0.3,0.5910275689223057,0.9928462860040472,0.9861944344764028
0.3,0.5935213032581453,0.9930202053673362,0.9863852203548293
0.3,0.5960150375939849,0.9931898964672732,0.9865723357468639
0.3,0.5985087719298245,0.9933554620432425,0.9867558662187385
0.3,0.6010025062656641,0.9935170024604175,0.9869358953228706
0.3,0.6034962406015038,0.9936746155220573,0.987112504381096
0.3,0.6059899749373433,0.993828396764574,0.9872857727916267
0.3,0.608483709273183,0.9939784392876103,0.9874557778386969
0.3,0.6109774436090225,0.9941248340137936,0.9876225949509936
0.3,0.6134711779448622,0.9942676696421926,0.9877862976680134
0.3,0.6159649122807017,0.9944070326887273,0.9879469576451572
0.3,0.6184586466165413,0.994543007556221,0.9881046447190606
0.3,0.6209523809523809,0.9946756766491607,0.9882594270611593
0.3,0.6234461152882205,0.9948051203296208,0.9884113711042319
0.3,0.6259398496240601,0.9949314170005827,0.9885605415807804
0.3,0.6284335839598997,0.9950546431844209,0.9887070016547239
0.3,0.6309273182957393,0.9951748734941694,0.9888508128617659
0.3,0.6334210526315789,0.9952921808219755,0.9889920353101084
0.3,0.6359147869674185,0.995406636206148,0.9891307274953155
0.3,0.6384085213032581,0.995518308967725,0.9892669465023224
0.3,0.6409022556390978,0.995627266752132,0.9894007479881489
0.3,0.6433959899749373,0.9957335755999218,0.9895321862675049
0.3,0.6458897243107768,0.9958372998943885,0.9896613142587745
0.3,0.6483834586466165,0.9959385024691156,0.9897881835756678
0.3,0.650877192982456,0.9960372446184088,0.9899128445668692
0.3,0.6533709273182957,0.9961335861805973,0.9900353463228273
0.3,0.6558646616541353,0.996227585506672,0.9901557367368155
0.3,0.6583583959899749,0.9963192995365473,0.9902740624986608
0.3,0.6608521303258145,0.9964087838455817,0.9903903691618723
0.3,0.6633458646616541,0.9964960926395794,0.9905047011489032
0.3,0.6658395989974937,0.99658127880901,0.9906171017818949
0.3,0.6683333333333333,0.9966643939409938,0.9907276133108247
0.3,0.6708270676691729,0.9967454883813158,0.9908362769579824
0.3,0.6733208020050124,0.996824611312418,0.9909431329888859
0.3,0.6758145363408521,0.996901810595024,0.9910482205295659
0.3,0.6783082706766916,0.9969771330291906,0.9911515779082676
0.3,0.6808020050125313,0.9970506242612325,0.9912532424476828
0.3,0.6832957393483708,0.9971223287826007,0.9913532505274696
0.3,0.6857894736842105,0.9971922900329707,0.9914516376766864
0.3,0.68828320802005,0.9972605504200789,0.991548438584315
0.3,0.6907769423558897,0.9973271512606285,0.9916436870138916
0.3,0.6932706766917293,0.9973921329090168,0.991737415960659
0.3,0.6957644110275689,0.997455534766643,0.9918296576528576
0.3,0.6982581453634085,0.9975173952013344,0.9919204434535289
0.3,0.7007518796992481,0.9975777516986248,0.992009804005137
0.3,0.7032456140350877,0.9976366408252826,0.9920977692026498
0.3,0.7057393483709272,0.9976940982278695,0.9921843682221009
0.3,0.7082330827067669,0.9977501587624114,0.9922696295538883
0.3,0.7107268170426064,0.9978048563911437,0.9923535810085489
0.3,0.7132205513784461,0.9978582241734493,0.9924362496124138
0.3,0.7157142857142856,0.9979102945378107,0.9925176619064858
0.3,0.7182080200501253,0.9979610989531357,0.9925978436752345
0.3,0.7207017543859648,0.9980106682300347,0.9926768201408964
0.3,0.7231954887218045,0.9980590323654865,0.9927546158747098
0.3,0.725689223057644,0.9981062207429274,0.9928312549651472
0.3,0.7281829573934837,0.9981522618390966,0.9929067607550677
0.3,0.7306766917293233,0.9981971836086492,0.9929811561848012
0.3,0.7331704260651628,0.9982410132573252,0.9930544635707854
0.3,0.7356641604010025,0.9982837773037609,0.9931267047059213
0.3,0.738157894736842,0.9983255016882508,0.9931979008903364
0.3,0.7406516290726817,0.9983662117021431,0.9932680729225003
0.3,0.7431453634085212,0.9984059320001782,0.9933372410965904
0.3,0.7456390977443609,0.9984446865856551,0.9934054251422351
0.3,0.7481328320802004,0.9984824990054328,0.993472644500163
0.3,0.7506265664160401,0.9985193921353045,0.993538918023575
0.3,0.7531203007518796,0.9985553882934703,0.9936042640811223
0.3,0.7556140350877193,0.9985905093572929,0.9936687007909881
0.3,0.7581077694235588,0.998624776551776,0.993732245705082
0.3,0.7606015037593984,0.998658210661783,0.9937949159863162
0.3,0.763095238095238,0.9986908319411223,0.9938567284272657
0.3,0.7655889724310776,0.9987226601083432,0.9939176993755743
0.3,0.7680827067669173,0.9987537145052581,0.9939778449001009
0.3,0.7705764411027568,0.9987840138871362,0.9940371805533682
0.3,0.7730701754385965,0.9988135766536409,0.9940957216746293
0.3,0.775563909774436,0.9988424206850761,0.994153483125487
0.3,0.7780576441102757,0.9988705634792697,0.9942104795375458
0.3,0.7805513784461152,0.9988980220650617,0.9942667250966488
0.3,0.7830451127819549,0.9989248131233185,0.9943222337837054
0.3,0.7855388471177944,0.9989509527913855,0.9943770190811838
0.3,0.7880325814536341,0.9989764570012163,0.9944310943697529
0.3,0.7905263157894736,0.9990013411366743,0.9944844725760756
0.3,0.7930200501253132,0.9990256202745682,0.9945371663553311
0.3,0.7955137844611528,0.9990493091765706,0.9945891881853264
0.3,0.7980075187969924,0.9990724221220773,0.9946405500816138
0.3,0.800501253132832,0.9990949731735875,0.9946912639636931
0.3,0.8029949874686716,0.9991169759493381,0.9947413413394797
0.3,0.8054887218045113,0.9991384438164843,0.9947907935681941
0.3,0.8079824561403508,0.9991593897773396,0.9948396317083823
0.3,0.8104761904761905,0.9991798264890848,0.9948878665277453
0.3,0.81296992481203,0.99919976640972,0.9949355086782147
0.3,0.8154636591478697,0.999219221461981,0.9949825683246953
0.3,0.8179573934837092,0.9992382035601794,0.9950290557061988
0.3,0.8204511278195488,0.9992567241760104,0.99507498066066
0.3,0.8229448621553884,0.9992747945129199,0.9951203528337869
0.3,0.825438596491228,0.9992924255617197,0.9951651817270885
0.3,0.8279323308270676,0.9993096279315922,0.9952094764893542
0.3,0.8304260651629072,0.9993264120872064,0.9952532462395624
0.3,0.8329197994987468,0.9993427881919279,0.9952964997255742
0.3,0.8354135338345864,0.9993587661592527,0.9953392456721035
0.3,0.837907268170426,0.9993743556907287,0.995381492503872
0.3,0.8404010025062656,0.999389566211651,0.9954232484985864
0.3,0.8428947368421053,0.9994044069377174,0.9954645217361922
0.3,0.8453884711779448,0.9994188868534103,0.9955053201483307
0.3,0.8478822055137843,0.9994330147221189,0.9955456514327897
0.3,0.850375939849624,0.9994467991442074,0.9955855232628956
0.3,0.8528696741854636,0.9994602484314768,0.9956249429914062
0.3,0.8553634085213032,0.9994733707696646,0.9956639179311215
0.3,0.8578571428571428,0.999486174020374,0.9957024550772109
0.3,0.8603508771929824,0.9994986660391467,0.9957405615095982
0.3,0.862844611528822,0.9995108543515989,0.9957782439774958
0.3,0.8653383458646616,0.9995227463848827,0.9958155092064063
0.3,0.8678320802005012,0.9995343492297283,0.995852363585535
0.3,0.8703258145363408,0.9995456700311607,0.9958888136486213
0.3,0.8728195488721804,0.9995567156070075,0.9959248655954014
0.3,0.87531328320802,0.9995674925967204,0.9959605254763245
0.3,0.8778070175438596,0.9995780076581515,0.9959957994562681
0.3,0.8803007518796991,0.9995882670089928,0.9960306932508762
0.3,0.8827944862155388,0.9995982769496519,0.9960652127053673
0.3,0.8852882205513783,0.9996080435408907,0.9960993634018683
0.3,0.887781954887218,0.999617572715235,0.9961331509477481
0.3,0.8902756892230576,0.9996268701913005,0.9961665806511076
0.3,0.8927694235588972,0.9996359416176683,0.9961996578427332
0.3,0.8952631578947368,0.9996447925461058,0.9962323877657673
0.3,0.8977568922305764,0.9996534282467564,0.9962647754287568
0.3,0.900250626566416,0.9996618540096098,0.9962968258471627
0.3,0.9027443609022556,0.999670074932945,0.9963285439326817
0.3,0.9052380952380952,0.9996780959930975,0.9963599344381617
0.3,0.9077318295739347,0.9996859220621562,0.9963910020930712
0.3,0.9102255639097744,0.9996935578138684,0.9964217514275426
0.3,0.9127192982456139,0.9997010079863229,0.996452187057671
0.3,0.9152130325814536,0.9997082770201993,0.996482313337521
0.3,0.9177067669172931,0.9997153693270922,0.9965121345909098
0.3,0.9202005012531328,0.99972228920026,0.9965416551066884
0.3,0.9226942355889723,0.9997290408216125,0.996570879002896
0.3,0.925187969924812,0.9997356283156622,0.9965998104292271
0.3,0.9276817042606516,0.9997420556684369,0.996628453381929
0.3,0.9301754385964912,0.9997483267321896,0.9966568117396283
0.3,0.9326691729323308,0.9997544453849521,0.9966848894581889
0.3,0.9351629072681703,0.9997604152275803,0.9967126901990507
0.3,0.93765664160401,0.9997662399920209,0.9967402178032512
0.3,0.9401503759398495,0.999771923069372,0.9967674757777407
0.3,0.9426441102756892,0.9997774680655827,0.9967944678550851
0.3,0.9451378446115287,0.9997828781895242,0.9968211974058568
0.3,0.9476315789473684,0.999788156788131,0.9968476679334726
0.3,0.9501253132832079,0.9997933070839642,0.9968738828469377
0.3,0.9526190476190476,0.9997983321506259,0.9968998454075658
0.3,0.9551127819548871,0.9998032350147561,0.9969255588714073
0.3,0.9576065162907268,0.9998080187953938,0.9969510265884398
0.3,0.9601002506265663,0.9998126861486605,0.9969762514132463
0.3,0.962593984962406,0.9998172400945851,0.9970012366716193
0.3,0.9650877192982455,0.9998216832819548,0.9970259852610115
0.3,0.9675814536340851,0.9998260184771237,0.9970505002548447
0.3,0.9700751879699248,0.9998302483198603,0.9970747845563197
0.3,0.9725689223057643,0.9998343752658914,0.9970988409373385
0.3,0.975062656641604,0.9998384018690737,0.9971226722665105
0.3,0.9775563909774435,0.9998423306478923,0.9971462814003914
0.3,0.9800501253132832,0.9998461638397502,0.9971696709081277
0.3,0.9825438596491227,0.9998499038451115,0.9971928435570012
0.3,0.9850375939849624,0.9998535529774966,0.9972158020051196
0.3,0.9875313283208019,0.9998571133203931,0.9972385487348421
0.3,0.9900250626566416,0.9998605871946522,0.9972610864069148
0.3,0.9925187969924811,0.9998639765615378,0.9972834174132355
0.3,0.9950125313283207,0.9998672835166824,0.9973055442160021
0.3,0.9975062656641603,0.9998705100968448,0.9973274692855647
0.3,1.0,0.9998736582416593,0.9973491949628717
spread,0.005,2.415291485575512e-38,1.2900944130982537e-27
spread,0.007493734335839599,1.4444474582904269e-33,1.1492643633618245e-19
spread,0.009987468671679198,3.1554436208840472e-30,1.749163727704782e-15
spread,0.012481203007518798,2.4233807008389483e-27,7.370714046879813e-13
spread,0.014974937343358394,5.169878828456423e-26,4.886370262258075e-11
spread,0.017468671679197995,1.6543612251060553e-24,1.0911252712288235e-09
spread,0.019962406015037595,6.617444900424222e-24,1.210490608675664e-08
spread,0.02245614035087719,1.0587911840678754e-22,8.315429354172935e-08
spread,0.02494987468671679,4.235164736271502e-22,4.046770593610658e-07
spread,0.02744360902255639,3.3881317890172014e-21,1.5223015471308357e-06
spread,0.029937343358395988,1.0164395367051604e-20,4.6960347204830165e-06
spread,0.03243107769423559,2.710505431213761e-20,1.2383849725585081e-05
spread,0.034924812030075185,1.2197274440461925e-19,2.8771751968023385e-05
spread,0.03741854636591478,1.3552527156068805e-19,6.02288731390996e-05
spread,0.03991228070175438,5.421010862427522e-20,0.00011555315675415459
spread,0.04240601503759398,3.2526065174565133e-19,0.00020589529421793885
spread,0.04489974937343358,1.3010426069826053e-18,0.0003443001464393479
spread,0.047393483709273175,6.5052130349130266e-18,0.0005448738819434241
spread,0.04988721804511278,1.0408340855860843e-17,0.0008216567895092692
spread,0.052380952380952375,1.1275702593849246e-17,0.0011873420463174213
spread,0.05487468671679197,1.9949319973733282e-17,0.001652018380838274
spread,0.057368421052631575,3.122502256758253e-17,0.0022221222040769775
spread,0.05986215538847117,1.5612511283791264e-17,0.0028997576463480525
spread,0.06235588972431077,1.2836953722228372e-16,0.00368247903541781
spread,0.06484962406015038,2.42861286636753e-17,0.00456354004496003
spread,0.06734335839598997,1.1449174941446927e-16,0.005532525714642383
spread,0.06983709273182957,8.326672684688674e-17,0.006576228322447024
spread,0.07233082706766918,1.942890293094024e-16,0.007679617126063687
spread,0.07482456140350877,2.3592239273284576e-16,0.008826775813089847
spread,0.07731829573934837,5.967448757360216e-16,0.01000172189993867
spread,0.07981203007518797,4.440892098500626e-16,0.011189063562039664
spread,0.08230576441102756,8.326672684688674e-16,0.012374482536836373
spread,0.08479949874686717,7.771561172376096e-16,0.01354505401049634
spread,0.08729323308270677,2.42861286636753e-15,0.014689426686276569
spread,0.08978696741854636,1.4710455076283324e-15,0.015797890978817633
spread,0.09228070175438596,1.7208456881689926e-15,0.0168623631045072
spread,0.09477443609022557,2.4980018054066022e-15,0.017876309911083327
spread,0.09726817042606516,5.384581669432009e-15,0.018834635156938867
spread,0.09976190476190476,4.0245584642661925e-15,0.019733543592814512
spread,0.10225563909774436,3.635980405647388e-15,0.020570395164340338
spread,0.10474937343358395,6.217248937900877e-15,0.021343558198073098
spread,0.10724310776942356,1.8596235662471372e-15,0.022052267628633215
spread,0.10973684210526316,7.993605777301127e-15,0.02269649214074293
spread,0.11223057644110275,8.992806499463768e-15,0.023276812461482388
spread,0.11472431077694235,4.718447854656915e-15,0.02379431184815739
spread,0.11721804511278196,1.176836406102666e-14,0.024250478986578172
spread,0.11971177944862155,8.548717289613705e-15,0.024647122956560075
spread,0.12220551378446115,1.5265566588595902e-14,0.024986299570700587
spread,0.12469924812030075,1.765254609153999e-14,0.02527024819025314
spread,0.12719298245614033,2.0095036745715333e-14,0.025501338024967235
spread,0.12968671679197993,1.837419105754634e-14,0.025682022901706847
spread,0.13218045112781954,4.624078897563777e-14,0.02581480350854992
spread,0.13467418546365914,2.042810365310288e-14,0.025902196179083126
spread,0.13716791979949874,1.637578961322106e-14,0.025946707348997844
spread,0.13966165413533835,4.496403249731884e-14,0.025950812900581932
spread,0.14215538847117795,7.93809462606987e-15,0.02591694168952663
spread,0.14464912280701753,1.3822276656583199e-14,0.025847462631712392
spread,0.14714285714285713,1.2490009027033011e-14,0.02574467479863307
spread,0.14963659147869673,3.652633751016765e-14,0.025610800046694582
spread,0.15213032581453634,2.6256774532384952e-14,0.02544797776154467
spread,0.15462406015037594,9.753309271332e-14,0.025258261362795853
spread,0.15711779448621555,4.85722573273506e-14,0.025043616260470858
spread,0.15961152882205512,1.865174681370263e-14,0.024805919001039678
spread,0.16210526315789472,1.38222766565832e-13,0.024546957379733336
spread,0.16459899749373433,6.772360450213455e-14,0.02426843132819989
spread,0.16709273182957393,4.8183679268731794e-14,0.023971954422606467
spread,0.16958646616541354,5.861977570020827e-14,0.023659055869317824
spread,0.1720802005012531,1.2667644710973036e-13,0.023331182862123545
spread,0.17457393483709271,5.3512749786932545e-14,0.02298970321495708
spread,0.17706766917293232,6.572520305780927e-14,0.022635908189246656
spread,0.17956140350877192,7.849276784099857e-14,0.022271015455628818
spread,0.18205513784461153,3.0531133177191805e-14,0.02189617213089612
spread,0.18454887218045113,1.3677947663381929e-13,0.021512457855360934
spread,0.1870426065162907,8.770761894538737e-14,0.021120887864888527
spread,0.1895363408521303,9.781064846947629e-14,0.020722416039126168
spread,0.1920300751879699,1.7130741269966165e-13,0.02031793789619807
spread,0.19452380952380952,1.5443202272535927e-13,0.019908293521601506
spread,0.19701754385964912,7.605027718682322e-14,0.019658866487995752
spread,0.19951127819548872,1.9373391779708982e-13,0.019439079830171235
spread,0.2020050125313283,3.098632461728812e-13,0.01920702482891934
spread,0.2044987468671679,5.5067062021407764e-14,0.018963537557924903
spread,0.2069924812030075,1.5620837956475953e-13,0.018709427192575068
spread,0.2094862155388471,2.0505819264826641e-13,0.018445475597376193
spread,0.2119799498746867,1.2290168882600483e-13,0.018172437085384185
spread,0.21447368421052632,2.831068712794149e-13,0.017891038336529386
spread,0.2169674185463659,2.3292479056635784e-13,0.017601978443983035
spread,0.2194611528822055,2.5923707624997405e-13,0.017305929079744486
spread,0.2219548872180451,4.383160501220118e-13,0.01700353476564842
spread,0.2244486215538847,8.271161533457416e-14,0.016695413221621158
spread,0.2269423558897243,1.8918200339612667e-13,0.016382155802550202
spread,0.2294360902255639,2.1227464230832993e-13,0.01606432797841939
spread,0.23192982456140349,2.438049762076844e-13,0.015742469887112587
spread,0.2344235588972431,1.9162449405030202e-13,0.01541709691550941
spread,0.2369172932330827,7.588374373312945e-13,0.0150887003237975
spread,0.2394110275689223,2.857714065385153e-13,0.014757747888702766
spread,0.2419047619047619,1.3022916078853086e-13,0.01442468457928281
spread,0.2443984962406015,1.8685053504441385e-13,0.014089933237684926
spread,0.24689223057644108,1.9961809982760315e-13,0.013753895278105999
spread,0.24938596491228068,2.6001423236721166e-13,0.013416951376763353
spread,0.25187969924812026,3.207434318142077e-13,0.013079462188098856
spread,0.25437343358395986,1.056932319443149e-13,0.012741769030808259
spread,0.25686716791979947,6.137312880127865e-13,0.012404194599004326
spread,0.25936090225563907,4.92605956026182e-13,0.01206704363798261
spread,0.2618546365914787,3.993472219576688e-13,0.011730603628204772
spread,0.2643483709273183,2.41140440948584e-13,0.011395145457213984
spread,0.2668421052631579,4.771738559838923e-13,0.011060924068239553
spread,0.2693358395989975,1.6187051699034782e-13,0.01072817910860624
spread,0.2718295739348371,4.53859172466764e-13,0.010397135555332504
spread,0.2743233082706767,1.2889689315898067e-13,0.010068004322254742
spread,0.2768170426065163,8.146816554699399e-13,0.009740982857876945
spread,0.2793107769423559,8.071321389024888e-14,0.009416255727150769
spread,0.28180451127819545,2.6567636979279996e-13,0.009093995166491231
spread,0.28429824561403505,8.182343691487404e-13,0.008774361629548921
spread,0.28679197994987465,8.959499808725013e-14,0.008457504316168873
spread,0.28928571428571426,1.5976109324356003e-13,0.008143561674260336
spread,0.29177944862155386,7.220890552162018e-13,0.007832661897066884
spread,0.29427318295739346,4.874989301129062e-13,0.007524923395691441
spread,0.29676691729323307,4.654054919228656e-13,0.007220455251983449
spread,0.29926065162907267,5.329070518200751e-13,0.0069193576665167456
spread,0.3017543859649123,6.008527009271347e-13,0.006621722372835537
spread,0.3042481203007519,3.801403636316536e-13,0.006327633053250903
spread,0.3067418546365915,6.432632204678157e-13,0.006037165721210602
spread,0.3092355889724311,7.831513215705854e-13,0.005750389110682708
spread,0.31172932330827063,7.843725668976731e-13,0.0054673650175809385
spread,0.31422305764411024,1.0927925231385416e-12,0.005188148668414327
spread,0.31671679197994984,7.285283487590277e-13,0.0049127890366131854
spread,0.31921052631578944,4.567457523307894e-13,0.004641329163542318
spread,0.32170426065162905,6.279421427279885e-13,0.004373806476689945
spread,0.32419799498746865,1.7208456881689926e-13,0.004110253057344693
spread,0.32669172932330826,3.951283744640932e-13,0.003850695946750582
spread,0.32918546365914786,7.267519919196275e-13,0.0035951573952911486
spread,0.33167919799498746,7.758238496080594e-13,0.0033436551293710703
spread,0.33417293233082707,6.764588889041079e-13,0.003096202587014485
spread,0.33666666666666667,1.403988036940973e-12,0.0028528091622703755
spread,0.3391604010025062,7.248646127777647e-13,0.002753674044337462
spread,0.3416541353383458,4.332090242087361e-13,0.002729497183707408
spread,0.3441478696741854,7.37410132956029e-13,0.0027048036363104266
spread,0.34664160401002503,3.1818991885756986e-13,0.002679637346833519
spread,0.34913533834586463,6.692424392440444e-13,0.0026540401718281315
spread,0.35162907268170424,5.800915303666443e-13,0.0026280519639952926
spread,0.35412280701754384,4.618527782440651e-13,0.0026017106557914005
spread,0.35661654135338344,1.8678392166293634e-12,0.0025750523409804327
spread,0.35911027568922305,1.7953416531213406e-12,0.0025481113606159456
spread,0.36160401002506265,1.2778667013435552e-12,0.002520920359241674
spread,0.36409774436090225,8.956169139651138e-13,0.0024935103833465533
spread,0.36659147869674186,1.411981642718274e-12,0.002465910917764602
spread,0.3690852130325814,2.192468429029759e-12,0.0024381499839774
spread,0.371578947368421,2.0516921495072893e-12,0.002541374071383329
spread,0.3740726817042606,9.812151091637134e-13,0.0026968939246403423
spread,0.3765664160401002,8.523182160047327e-13,0.002848513799361019
spread,0.3790601503759398,1.2705392293810291e-12,0.0029962885901169134
spread,0.3815538847117794,5.785372181321691e-13,0.0031402732587547666
spread,0.384047619047619,7.143174940438257e-13,0.003280522784551154
spread,0.38654135338345863,1.5617507287402077e-12,0.0034170921482326033
spread,0.38903508771929823,1.5188961199896767e-12,0.003550036259559297
spread,0.39152882205513784,9.952039192739903e-13,0.0036794099419508175
spread,0.39402255639097744,9.980904991380157e-13,0.0038052678942789298
spread,0.39651629072681704,1.7582602040988604e-12,0.0039276646539793125
spread,0.3990100250626566,1.1765033391952784e-12,0.004046654567645858
spread,0.4015037593984962,1.134425886561985e-12,0.004162291766857007
spread,0.4039974937343358,6.639133687258436e-13,0.004274630123181966
spread,0.4064912280701754,1.5519807661235063e-12,0.004383723254706595
spread,0.408984962406015,2.00450767096072e-12,0.004489624466986197
spread,0.4114786967418546,1.3300471835009375e-12,0.004592386753679234
spread,0.4139724310776942,1.4688250615790821e-12,0.0046920627731387166
spread,0.4164661654135338,9.451328608633958e-13,0.00478870481540572
spread,0.4189598997493734,1.0655920590352252e-12,0.0048823647932646486
spread,0.421453634085213,1.9244605908852463e-12,0.004973094233826747
spread,0.42394736842105263,2.4709123636057484e-12,0.0050609442454210285
spread,0.4264411027568922,2.4724666758402236e-13,0.005145965505188088
spread,0.4289348370927318,1.4778178680785459e-12,0.005228208262346823
spread,0.4314285714285714,2.4771296125436493e-12,0.005307722308688145
spread,0.433922305764411,9.517941990111467e-13,0.005384556965360776
spread,0.4364160401002506,3.816946758661288e-12,0.005458761096600484
spread,0.4389097744360902,2.4199531267754537e-12,0.005530383062527067
spread,0.4414035087719298,1.8056667272503546e-12,0.0055994707315547565
spread,0.4438972431077694,1.6646684031229597e-12,0.005666071488591329
spread,0.446390977443609,5.695444116327053e-13,0.005730232190327089
spread,0.4488847117794486,1.628364110217717e-12,0.00579199917589901
spread,0.4513784461152882,2.850164548817702e-12,0.005851418281905163
spread,0.4538721804511278,8.846257060213247e-13,0.005908534807510302
spread,0.45636591478696736,2.0706769632283795e-12,0.005963393498878089
spread,0.45885964912280697,2.25297558387183e-12,0.006016038609356733
spread,0.46135338345864657,9.314771176605063e-13,0.006066513804963591
spread,0.4638471177944862,1.078692690725802e-12,0.006114862251699549
spread,0.4663408521303258,3.5476066528872252e-12,0.006161126542094442
spread,0.4688345864661654,2.7523539003482256e-12,0.006205348728001048
spread,0.471328320802005,6.010747455320598e-13,0.0062475703150364215
spread,0.4738220551378446,3.0063729283824614e-12,0.006287832269628257
spread,0.4763157894736842,1.3746781490908688e-12,0.006326174984565891
spread,0.4788095238095238,1.025068918636407e-12,0.006362638330803527
spread,0.4813032581453634,2.3037127760972e-12,0.006397261593243053
spread,0.483796992481203,5.378031353586721e-12,0.006430083545073018
spread,0.48629072681704255,2.7956525983086067e-12,0.006461142382967688
spread,0.48878446115288215,9.412470802772077e-13,0.006490475775645654
spread,0.49127819548872176,2.76534350973634e-12,0.006518120826069174
spread,0.49377192982456136,2.112754415861673e-13,0.0065441141158721905
spread,0.49626566416040097,2.1825874441105952e-12,0.00656849166051543
spread,0.49875939849624057,4.3399728255621994e-12,0.00659128894566674
spread,0.5012531328320802,8.243405957841787e-13,0.006612540933352284
spread,0.5037468671679197,3.2946978478776145e-12,0.0066322820343687194
spread,0.5062406015037594,2.1616042289451798e-12,0.006650546118662559
spread,0.5087343358395989,2.037814361699475e-12,0.006667366571314504
spread,0.5112280701754386,9.707790127322369e-13,0.006682776194951501
spread,0.5137218045112781,1.6998624730035772e-12,0.006696807309913844
spread,0.5162155388471178,2.868483228724017e-12,0.006709491719479099
spread,0.5187092731829573,3.6032288264209456e-12,0.006720860681029728
spread,0.521203007518797,1.7503776206240218e-12,0.0067309449814110245
spread,0.5236967418546365,5.951461545805614e-12,0.0067397748794327805
spread,0.5261904761904762,8.268941087408166e-13,0.006747380139695225
spread,0.5286842105263158,4.126032848716932e-12,0.006753790021027162
spread,0.5311779448621553,1.680877659282487e-12,0.006759033302282558
spread,0.533671679197995,2.141176125292077e-12,0.006763138279707759
spread,0.5361654135338345,2.6636470806806756e-12,0.006766132748982523
spread,0.5386591478696742,2.567501766748137e-12,0.006768044039705212
spread,0.5411528822055137,1.7615908731727359e-12,0.006768899005654472
spread,0.5436466165413534,1.9163559628054827e-12,0.006768724032123918
spread,0.5461403508771929,1.8203216711754067e-12,0.006767545051140855
spread,0.5486340852130326,1.5127898933542383e-12,0.006765387521720623
spread,0.5511278195488721,7.698286452750835e-13,0.0067622764556790615
spread,0.5536215538847118,2.442379631872882e-12,0.0067582364272091855
spread,0.5561152882205513,2.2556401191309305e-12,0.006753291545445794
spread,0.5586090225563909,1.3711254354120683e-12,0.0067474655023300745
spread,0.5611027568922305,1.1568523916594131e-12,0.0067407815594410225
spread,0.5635964912280701,2.0725643423702422e-12,0.0067332625510651
spread,0.5660902255639098,2.5439650386260837e-12,0.006724930859476785
spread,0.5685839598997493,4.4816372835043694e-12,0.006715808494300424
spread,0.571077694235589,1.7934542739794779e-12,0.006705917041418208
spread,0.5735714285714285,1.9712009802219654e-12,0.006695277659264032
spread,0.5760651629072682,3.726463582154338e-12,0.006683911124789055
spread,0.5785588972431077,3.1651348209038588e-12,0.006671837839398065
spread,0.5810526315789474,3.0233593406592263e-12,0.006659077779931466
spread,0.5835463659147869,2.183586644832758e-12,0.006645650553219307
spread,0.5860401002506265,1.042721464727947e-12,0.006631575394710043
spread,0.5885338345864661,5.475619957451272e-12,0.006616871176167383
spread,0.5910275689223057,2.9394264799975645e-12,0.006601556351039317
spread,0.5935213032581453,3.5454972291404374e-12,0.0065856490780193955
spread,0.5960150375939849,6.189049273075398e-12,0.006569167113802621
spread,0.5985087719298245,2.4236168627567167e-12,0.006552127872631708
spread,0.6010025062656641,6.4650507169972116e-12,0.0065345484264984766
spread,0.6034962406015038,3.4634517476206383e-12,0.006516445497125822
spread,0.6059899749373433,4.463540648202979e-12,0.0064978354991827025
spread,0.608483709273183,3.5030867095997564e-12,0.006478734474438919
spread,0.6109774436090225,2.1758150836603818e-12,0.006459158153343747
spread,0.6134711779448622,3.5071945347908695e-12,0.006439121951287485
spread,0.6159649122807017,5.4287685458120905e-12,0.006418640971046274
spread,0.6184586466165413,4.604761016935299e-12,0.006397729999128243
spread,0.6209523809523809,3.950617610826157e-12,0.00637640349885904
spread,0.6234461152882205,6.055267398608066e-12,0.006354675650952046
spread,0.6259398496240601,9.298117831235686e-13,0.0063325603413880716
spread,0.6284335839598997,1.3750112159982564e-12,0.006310071149081775
spread,0.6309273182957393,4.1627812308320244e-12,0.006287221389104869
spread,0.6334210526315789,2.4016344468691386e-12,0.006264024043196481
spread,0.6359147869674185,2.8104185645361213e-12,0.006240491889407784
spread,0.6384085213032581,2.649769292872861e-12,0.006216637371055933
spread,0.6409022556390978,5.147771098279463e-12,0.006192472700089047
spread,0.6433959899749373,1.8458568007417853e-12,0.006168009790236573
spread,0.6458897243107768,1.8605117446668373e-12,0.006143260323249078
spread,0.6483834586466165,5.742739617176085e-12,0.0061182357257209
spread,0.650877192982456,1.910804847682357e-12,0.006092947148557348
spread,0.6533709273182957,2.7746693831431912e-12,0.006067405518972668
spread,0.6558646616541353,3.183453500810174e-12,0.00604162150955323
spread,0.6583583959899749,1.4451773111545663e-12,0.006015605560350634
spread,0.6608521303258145,6.348255254806645e-13,0.00598936788427773
spread,0.6633458646616541,2.5868196473766147e-12,0.00596291844435648
spread,0.6658395989974937,2.5822677329756516e-12,0.0059362669947226054
spread,0.6683333333333333,2.807309940067171e-12,0.005909423074488163
spread,0.6708270676691729,4.6420645105627045e-12,0.0058823959535997394
spread,0.6733208020050124,4.32409663631006e-12,0.005855194766057781
spread,0.6758145363408521,7.687628311714434e-12,0.005827828392275802
spread,0.6783082706766916,4.491518268423533e-12,0.005800305490421542
spread,0.6808020050125313,6.724620860154573e-12,0.005772634548706357
spread,0.6832957393483708,5.173639294753229e-13,0.005744823841695279
spread,0.6857894736842105,9.339862216961592e-12,0.005716881459656653
spread,0.68828320802005,1.1675105326958146e-12,0.005688815279782822
spread,0.6907769423558897,6.7869043718360444e-12,0.005660633016326466
spread,0.6932706766917293,1.528221993396528e-12,0.005632342177657623
spread,0.6957644110275689,1.351252443271278e-12,0.005603950102123001
spread,0.6982581453634085,4.722555679848028e-12,0.005575463942998904
spread,0.7007518796992481,4.881428594671888e-12,0.005546890705179663
spread,0.7032456140350877,2.9772850851372823e-12,0.005518237185640373
spread,0.7057393483709272,4.756084415191708e-12,0.0054895100226013405
spread,0.7082330827067669,4.8829829069063635e-12,0.005460715719384113
spread,0.7107268170426064,3.423150651826745e-12,0.005431860574342751
spread,0.7132205513784461,1.5565326805244695e-12,0.005402950765074244
spread,0.7157142857142856,4.89253082491814e-12,0.0053739922875527535
spread,0.7182080200501253,7.2700734321529126e-12,0.005344990991279164
spread,0.7207017543859648,5.1734172501483044e-12,0.005315952600207452
spread,0.7231954887218045,4.8048232059727525e-12,0.005286882654291669
spread,0.725689223057644,5.762168520107025e-12,0.005257786575250445
spread,0.7281829573934837,5.113687251423471e-12,0.005228669636597738
spread,0.7306766917293233,1.3715695246219184e-12,0.0051995369715067685
spread,0.7331704260651628,2.8070878954622458e-12,0.005170393600354428
spread,0.7356641604010025,3.0336844147882402e-12,0.005141244369137654
spread,0.738157894736842,1.9741985823884534e-12,0.005112094014279922
spread,0.7406516290726817,4.221067939624845e-12,0.005082947180269137
spread,0.7431453634085212,2.737587934120711e-12,0.005053808319971154
spread,0.7456390977443609,5.419664717010164e-12,0.005024681818197263
spread,0.7481328320802004,5.9687810249897666e-12,0.0049955719147307676
spread,0.7506265664160401,2.6368907057872093e-12,0.004966482722248089
spread,0.7531203007518796,5.622169396701793e-12,0.004937418317607412
spread,0.7556140350877193,2.2354340600827527e-12,0.0049083825432152395
spread,0.7581077694235588,7.481237851436617e-12,0.004879379185699029
spread,0.7606015037593984,1.8737233986598767e-12,0.004850411965299339
spread,0.763095238095238,2.8208546609675977e-12,0.00482148444850683
spread,0.7655889724310776,3.1650237986013963e-12,0.00479260010596172
spread,0.7680827067669173,3.856359676035481e-12,0.004763762313216513
spread,0.7705764411027568,2.6640911698905256e-12,0.004734974362985533
spread,0.7730701754385965,4.8437920341370955e-12,0.004706239413180047
spread,0.775563909774436,3.611333454500709e-12,0.00467756056091273
spread,0.7780576441102757,1.2598810883446276e-12,0.004648940780058175
spread,0.7805513784461152,2.2212232053675507e-12,0.004620382997800987
spread,0.7830451127819549,2.3243629243552277e-12,0.004591889997717202
spread,0.7855388471177944,3.4386937741714974e-12,0.004563464512394755
spread,0.7880325814536341,4.471423231677818e-12,0.004535109213627542
spread,0.7905263157894736,1.7388313011679202e-12,0.0045068265954055775
spread,0.7930200501253132,1.951772077291025e-12,0.004478619203368117
spread,0.7955137844611528,2.9765079290200447e-12,0.0044504893708061655
spread,0.7980075187969924,6.06115158063858e-12,0.004422439452474891
spread,0.800501253132832,2.8576030430826904e-12,0.004394471679561307
spread,0.8029949874686716,2.6391111518364596e-12,0.004366588206764166
spread,0.8054887218045113,6.777911565336581e-12,0.004338791147592724
spread,0.8079824561403508,8.003153695312903e-12,0.004311082517599374
spread,0.8104761904761905,1.929345572193597e-12,0.004283464261231162
spread,0.81296992481203,3.0205837830976634e-12,0.004255938261022774
spread,0.8154636591478697,4.441114143105551e-12,0.004228506358693762
spread,0.8179573934837092,5.667022406896649e-12,0.0042011702732850376
spread,0.8204511278195488,2.126521181367025e-12,0.004173931734180902
spread,0.8229448621553884,1.6464607455191071e-12,0.004146792335792959
spread,0.825438596491228,7.369660437461789e-13,0.004119753654857727
spread,0.8279323308270676,6.464828672392287e-13,0.004092817197083987
spread,0.8304260651629072,5.571987315988736e-12,0.004065984411530388
spread,0.8329197994987468,6.495248783267016e-12,0.00403925671368377
spread,0.8354135338345864,1.4827028493868966e-12,0.004012635391853925
spread,0.837907268170426,5.128897306860836e-12,0.003986121770561346
spread,0.8404010025062656,2.2754020889692583e-12,0.003959717055862622
spread,0.8428947368421053,2.876920923711168e-12,0.003933422444890811
spread,0.8453884711779448,7.446043781556e-12,0.003907239053159928
spread,0.8478822055137843,8.635092640929543e-12,0.0038811679761592277
spread,0.850375939849624,8.837930387528559e-12,0.003855210216017424
spread,0.8528696741854636,6.351807968485446e-12,0.0038293667935832554
spread,0.8553634085213032,1.7201795543542175e-12,0.003803638610070048
spread,0.8578571428571428,2.8261837314857985e-12,0.003778026592491379
spread,0.8603508771929824,4.77118344832661e-12,0.0037525315711185447
spread,0.862844611528822,6.177280909014371e-12,0.003727154353145856
spread,0.8653383458646616,4.383715612732431e-12,0.0037018957189239865
spread,0.8678320802005012,6.539879748856947e-12,0.0036767563900772515
spread,0.8703258145363408,1.0539347172766611e-11,0.0036517370289695927
spread,0.8728195488721804,4.724998170502204e-12,0.003626838327735138
spread,0.87531328320802,1.4062084829902233e-12,0.0036020608698642542
spread,0.8778070175438596,9.458211991386634e-12,0.0035774052296776437
spread,0.8803007518796991,4.6276316112425775e-12,0.0035528719512993856
spread,0.8827944862155388,3.2541747074787963e-12,0.0035284615150543708
spread,0.8852882205513783,5.059508367821763e-12,0.003504174443250796
spread,0.887781954887218,3.170796958329447e-12,0.003480011110091774
spread,0.8902756892230576,6.848632772005203e-12,0.003455971968212901
spread,0.8927694235588972,7.607692253941423e-12,0.0034320573604014193
spread,0.8952631578947368,4.640066109118379e-12,0.003408267642085794
spread,0.8977568922305764,7.686629110992271e-12,0.0033846031280460043
spread,0.900250626566416,2.5983659668327164e-12,0.0033610640941770242
spread,0.9027443609022556,2.9889424268958464e-12,0.00333765080034909
spread,0.9052380952380952,2.4235058404542542e-12,0.003314363473246873
spread,0.9077318295739347,7.919886968466017e-12,0.003291202308667196
spread,0.9102255639097744,5.736966457448034e-12,0.003268167488700957
spread,0.9127192982456139,3.2901459334766514e-12,0.003245259144324386
spread,0.9152130325814536,2.7411406477995115e-12,0.0032224774284786983
spread,0.9177067669172931,4.21995771660022e-12,0.0031998224381751816
spread,0.9202005012531328,5.077716025425616e-12,0.003177294220691018
spread,0.9226942355889723,8.341105584008801e-12,0.0031548928777058727
spread,0.925187969924812,8.852474309151148e-12,0.003132618387987285
spread,0.9276817042606516,6.062261803663205e-12,0.0031104707898955697
spread,0.9301754385964912,6.176836819804521e-12,0.003088450071508264
spread,0.9326691729323308,9.898748487557896e-13,0.003066556197882986
spread,0.9351629072681703,5.204725539442734e-12,0.0030447891363366564
spread,0.93765664160401,1.7739143487460751e-12,0.003023148796490349
spread,0.9401503759398495,1.8474111129762605e-12,0.003001635098773381
spread,0.9426441102756892,1.7378321004457575e-12,0.002980247930391311
spread,0.9451378446115287,8.300693465912445e-12,0.0029589871930443268
spread,0.9476315789473684,1.1562528712261155e-11,0.002937852715953704
spread,0.9501253132832079,3.746225551992666e-12,0.002916844329811319
spread,0.9526190476190476,1.5273338149768279e-12,0.00289596190195629
spread,0.9551127819548871,2.3691049122476215e-12,0.00287520522952045
spread,0.9576065162907268,6.355915793676559e-12,0.0028545740770998806
spread,0.9601002506265663,6.674216734836591e-12,0.0028340682680634277
spread,0.962593984962406,8.518963312553751e-12,0.002813687551563415
spread,0.9650877192982455,7.136513602290506e-12,0.0027934317002711317
spread,0.9675814536340851,6.476930103360701e-12,0.0027733003809229384
spread,0.9700751879699248,4.1203707112913435e-12,0.002753293399957446
spread,0.9725689223057643,3.0317970356463775e-12,0.002733410445228457
spread,0.975062656641604,1.0280776230331412e-11,0.002713651220707103
spread,0.9775563909774435,2.1083135237631723e-12,0.0026940154026542373
spread,0.9800501253132832,4.942490861026272e-12,0.002674502687378011
spread,0.9825438596491227,7.847722471865382e-12,0.0026551127251654982
spread,0.9850375939849624,1.5770718064800349e-12,0.0026358452087996698
spread,0.9875313283208019,2.155609024612204e-12,0.002616699723279936
spread,0.9900250626566416,3.9931391526693005e-12,0.0025976759649145587
spread,0.9925187969924811,4.057865155004947e-12,0.002578773526409339
spread,0.9950125313283207,6.140199459991891e-12,0.002559992058033922
spread,0.9975062656641603,1.09051656593806e-11,0.0025413311308313258
spread,1.0,5.056843832562663e-12,0.0025227903622376813
