case_id,case_name,Omega,omega_rad_s,branch_id,kr_a,ki_signed,alpha_a,is_forward_decaying,eigval_real,eigval_imag,cond_P_equil,cond_Tcell
C1,Conservative Baseline (beta -> 0),0.05,27180.459964435016,0,7.422708793619481e-17,-3.2210002124084953,3.2210002124084953,False,25.053166141256398,-1.8596235662471372e-15,22.73739694507292,1.9539183403842364e+16
C1,Conservative Baseline (beta -> 0),0.05,27180.459964435016,1,0.11380029151700531,6.569134480764183e-16,6.569134480764183e-16,True,0.9935317319599622,0.11355482195237863,22.73739694507292,1.9539183403842364e+16
C1,Conservative Baseline (beta -> 0),0.05,27180.459964435016,2,0.11380029151700524,1.4463774981984834e-15,1.4463774981984834e-15,True,0.9935317319599615,-0.11355482195237848,22.73739694507292,1.9539183403842364e+16
C1,Conservative Baseline (beta -> 0),0.05,27180.459964435016,3,6.853303368177449e-17,3.2210002124084944,3.2210002124084944,True,0.03991511469495456,2.7355038998012126e-18,22.73739694507292,1.9539183403842364e+16
C1,Conservative Baseline (beta -> 0),0.05,27180.459964435016,4,2.257563180262857e-17,-1.592860018476895,1.592860018476895,False,4.9177938156126775,1.1102230246251565e-16,22.73739694507292,1.9539183403842364e+16
C1,Conservative Baseline (beta -> 0),0.05,27180.459964435016,5,0.1642563854178537,-34.5416471528904,34.5416471528904,False,989376410310736.0,163988867832585.28,22.73739694507292,1.9539183403842364e+16
C1,Conservative Baseline (beta -> 0),0.05,27180.459964435016,6,0.10240185335809206,-77.90116854816439,77.90116854816439,False,6.757197415665427e+33,6.943783534151835e+32,22.73739694507292,1.9539183403842364e+16
C1,Conservative Baseline (beta -> 0),0.05,27180.459964435016,7,0.09617885338930546,-40.58246392193113,40.58246392193113,False,4.1949650422560275e+17,4.0471562136360664e+16,22.73739694507292,1.9539183403842364e+16
C1,Conservative Baseline (beta -> 0),0.05,27180.459964435016,8,2.786461254692801,-40.25913447096473,40.25913447096473,False,-2.85981486837045e+17,-1.0605754851662227e+17,22.73739694507292,1.9539183403842364e+16
C1,Conservative Baseline (beta -> 0),0.05,27180.459964435016,9,3.1374460593609728,-36.0320172754495,36.0320172754495,False,-4451460672777029.5,18458506929034.582,22.73739694507292,1.9539183403842364e+16
C1,Conservative Baseline (beta -> 0),0.08571428571428572,46595.07422474574,0,6.078505056288646e-17,-3.2234260484892463,3.2234260484892463,False,25.11401479020337,-1.5265566588595902e-15,13.306779499063337,1.2386425294417722e+16
C1,Conservative Baseline (beta -> 0),0.08571428571428572,46595.07422474574,1,0.19494922121926564,-3.456671385362894e-15,3.456671385362894e-15,False,0.9810575075131608,0.19371671830812998,13.306779499063337,1.2386425294417722e+16
C1,Conservative Baseline (beta -> 0),0.08571428571428572,46595.07422474574,2,0.19494922121926533,-1.927809862560413e-15,1.927809862560413e-15,False,0.9810575075131593,-0.1937167183081294,13.306779499063337,1.2386425294417722e+16
C1,Conservative Baseline (beta -> 0),0.08571428571428572,46595.07422474574,3,6.097708155255138e-17,3.2234260484892348,3.2234260484892348,True,0.03981840451850405,2.4280100996173018e-18,13.306779499063337,1.2386425294417722e+16
C1,Conservative Baseline (beta -> 0),0.08571428571428572,46595.07422474574,4,1.0424195034317243e-16,-1.9723731176831156,1.9723731176831156,False,7.187713555007472,-7.492612794820363e-16,13.306779499063337,1.2386425294417722e+16
C1,Conservative Baseline (beta -> 0),0.08571428571428572,46595.07422474574,9,3.1336580201965596,-42.41297733548339,42.41297733548339,False,-2.628502209989425e+18,2.0856639111665664e+16,13.306779499063337,1.2386425294417722e+16
C1,Conservative Baseline (beta -> 0),0.08571428571428572,46595.07422474574,6,3.1368284557614547,-83.04780077034822,83.04780077034822,False,-1.1673381527181876e+36,5.561471969500271e+33,13.306779499063337,1.2386425294417722e+16
C1,Conservative Baseline (beta -> 0),0.08571428571428572,46595.07422474574,7,2.0775853786273277,-44.75535336291048,44.75535336291048,False,-1.3276331145295806e+19,2.391482536381924e+19,13.306779499063337,1.2386425294417722e+16
C1,Conservative Baseline (beta -> 0),0.08571428571428572,46595.07422474574,5,1.7205819443873873,-44.202519712374446,44.202519712374446,False,-2.3483095438370575e+18,-1.556038051810951e+19,13.306779499063337,1.2386425294417722e+16
C1,Conservative Baseline (beta -> 0),0.08571428571428572,46595.07422474574,8,3.1043061339352795,-42.802302065510766,42.802302065510766,False,-3.877052066603211e+18,-1.4462880936233875e+17,13.306779499063337,1.2386425294417722e+16
C1,Conservative Baseline (beta -> 0),0.12142857142857143,66009.68848505647,0,1.3213504539810178e-17,-3.2271040150744352,3.2271040150744352,False,25.20655337000639,-3.3306690738754696e-16,9.437199154434941,1.7835641822499406e+16
C1,Conservative Baseline (beta -> 0),0.12142857142857143,66009.68848505647,1,0.2758845268143272,1.044037738965484e-15,1.044037738965484e-15,True,0.9621846306176844,-0.2723981215117095,9.437199154434941,1.7835641822499406e+16
C1,Conservative Baseline (beta -> 0),0.12142857142857143,66009.68848505647,2,0.27588452681432685,9.05995499386778e-16,9.05995499386778e-16,True,0.9621846306176847,0.2723981215117092,9.437199154434941,1.7835641822499406e+16
C1,Conservative Baseline (beta -> 0),0.12142857142857143,66009.68848505647,3,2.3330459598831078e-17,3.227104015074433,3.227104015074433,True,0.039672222747831734,9.255711900141155e-19,9.437199154434941,1.7835641822499406e+16
C1,Conservative Baseline (beta -> 0),0.12142857142857143,66009.68848505647,4,1.851390992521917e-17,-3.049362361514113,3.049362361514113,False,21.101884757950163,-3.9067839366104466e-16,9.437199154434941,1.7835641822499406e+16
C1,Conservative Baseline (beta -> 0),0.12142857142857143,66009.68848505647,7,1.6489643614751814,-47.79325471726125,47.79325471726125,False,-4.4558814183613235e+19,-5.6887732094386785e+20,9.437199154434941,1.7835641822499406e+16
C1,Conservative Baseline (beta -> 0),0.12142857142857143,66009.68848505647,6,1.8032390216588379,-87.19229789050746,87.19229789050746,False,-1.6964141226616741e+37,-7.166288062110326e+37,9.437199154434941,1.7835641822499406e+16
C1,Conservative Baseline (beta -> 0),0.12142857142857143,66009.68848505647,5,1.312243327474694,-49.101988347039665,49.101988347039665,False,5.4003586367970057e+20,-2.0419339728048072e+21,9.437199154434941,1.7835641822499406e+16
C1,Conservative Baseline (beta -> 0),0.12142857142857143,66009.68848505647,8,2.3778224003306208,-49.13130517171015,49.13130517171015,False,-1.5708413600689076e+21,1.5043216388453903e+21,9.437199154434941,1.7835641822499406e+16
C1,Conservative Baseline (beta -> 0),0.12142857142857143,66009.68848505647,9,0.1355554180736808,-43.85379028744373,43.85379028744373,False,1.1001621837102332e+19,-1.5005316182601147e+18,9.437199154434941,1.7835641822499406e+16
C1,Conservative Baseline (beta -> 0),0.15714285714285714,85424.3027453672,0,5.4787143357337084e-17,-3.232004192362872,3.232004192362872,False,25.330373071834828,-1.3877787807814457e-15,7.334963343582745,1.2391062702580982e+16
C1,Conservative Baseline (beta -> 0),0.15714285714285714,85424.3027453672,1,0.356522648270785,1.3224445871034203e-15,1.3224445871034203e-15,True,0.9371161442086131,-0.3490176675522017,7.334963343582745,1.2391062702580982e+16
C1,Conservative Baseline (beta -> 0),0.15714285714285714,85424.3027453672,2,0.356522648270785,1.920146037231082e-15,1.920146037231082e-15,True,0.9371161442086126,0.3490176675522015,7.334963343582745,1.2391062702580982e+16
C1,Conservative Baseline (beta -> 0),0.15714285714285714,85424.3027453672,3,7.318879340906222e-17,3.2320041923628846,3.2320041923628846,True,0.03947829734540705,2.8893689485545265e-18,7.334963343582745,1.2391062702580982e+16
C1,Conservative Baseline (beta -> 0),0.15714285714285714,85424.3027453672,4,1.1805211863728019e-18,-3.1817821291973516,3.1817821291973516,False,24.089646182423415,-2.843833769057553e-17,7.334963343582745,1.2391062702580982e+16
C1,Conservative Baseline (beta -> 0),0.15714285714285714,85424.3027453672,7,1.4004588606650106,-49.77496375434911,49.77496375434911,False,7.017785309945701e+20,-4.0800068711284065e+21,7.334963343582745,1.2391062702580982e+16
C1,Conservative Baseline (beta -> 0),0.15714285714285714,85424.3027453672,6,1.0807083430734081,-90.76012848066192,90.76012848066192,False,1.228486588235329e+39,-2.302687723214776e+39,7.334963343582745,1.2391062702580982e+16
C1,Conservative Baseline (beta -> 0),0.15714285714285714,85424.3027453672,5,0.3661346566155161,-52.17148888832366,52.17148888832366,False,4.246249761268465e+22,1.6281096487046572e+22,7.334963343582745,1.2391062702580982e+16
C1,Conservative Baseline (beta -> 0),0.15714285714285714,85424.3027453672,8,2.811059388744288,-50.72061858549223,50.72061858549223,False,-1.0081286333267752e+22,-3.459099088834316e+21,7.334963343582745,1.2391062702580982e+16
C1,Conservative Baseline (beta -> 0),0.15714285714285714,85424.3027453672,9,0.6679153393219075,-50.73786021514924,50.73786021514924,False,8.51345249605799e+21,6.715978596435502e+21,7.334963343582745,1.2391062702580982e+16
C1,Conservative Baseline (beta -> 0),0.19285714285714284,104838.9170056779,0,6.970221251557231e-17,-3.238087765784337,3.238087765784337,False,25.48494194504071,-1.7763568394002505e-15,6.0163139785476965,1.6948726796462936e+16
C1,Conservative Baseline (beta -> 0),0.19285714285714284,104838.9170056779,2,0.4367853528705623,-1.3183681928151027e-15,1.3183681928151027e-15,False,0.906116231112379,0.42302881192029973,6.0163139785476965,1.6948726796462936e+16
C1,Conservative Baseline (beta -> 0),0.19285714285714284,104838.9170056779,1,0.43678535287056186,-6.106951391101593e-16,6.106951391101593e-16,False,0.9061162311123786,-0.423028811920299,6.0163139785476965,1.6948726796462936e+16
C1,Conservative Baseline (beta -> 0),0.19285714285714284,104838.9170056779,3,7.245423951519359e-17,3.2380877657843343,3.2380877657843343,True,0.03923885728900394,2.8430215643199913e-18,6.0163139785476965,1.6948726796462936e+16
C1,Conservative Baseline (beta -> 0),0.19285714285714284,104838.9170056779,4,2.972955213062636e-17,-3.1258459926569353,3.1258459926569353,False,22.77915794461488,-6.772141636061998e-16,6.0163139785476965,1.6948726796462936e+16
C1,Conservative Baseline (beta -> 0),0.19285714285714284,104838.9170056779,7,1.5852856970674596,-52.617480673807606,52.617480673807606,False,-1.0292380254324589e+21,7.102903565527212e+22,6.0163139785476965,1.6948726796462936e+16
C1,Conservative Baseline (beta -> 0),0.19285714285714284,104838.9170056779,6,1.5629945993810952,-93.94072090498196,93.94072090498196,False,4.899176453112685e+38,6.279477343353912e+40,6.0163139785476965,1.6948726796462936e+16
C1,Conservative Baseline (beta -> 0),0.19285714285714284,104838.9170056779,5,1.3379054557543275,-56.28776865830517,56.28776865830517,False,6.437048495998278e+23,2.713823684890106e+24,6.0163139785476965,1.6948726796462936e+16
C1,Conservative Baseline (beta -> 0),0.19285714285714284,104838.9170056779,8,2.7779987183957777,-55.202978019614086,55.202978019614086,False,-8.810204868416686e+23,-3.352384694129645e+23,6.0163139785476965,1.6948726796462936e+16
C1,Conservative Baseline (beta -> 0),0.19285714285714284,104838.9170056779,9,0.9838234352665816,-52.03803578212309,52.03803578212309,False,2.204035383274767e+22,3.3134404334071574e+22,6.0163139785476965,1.6948726796462936e+16
C1,Conservative Baseline (beta -> 0),0.22857142857142854,124253.53126598864,4,4.325046734619403e-18,-3.2453081581979117,3.2453081581979117,False,25.66961914511785,-1.1102230246251565e-16,5.112356590642961,8.694836231690379e+16
C1,Conservative Baseline (beta -> 0),0.22857142857142854,124253.53126598864,2,0.5166008772459181,-6.526842787455348e-16,6.526842787455348e-16,False,0.8695031196058944,-0.4939274491214463,5.112356590642961,8.694836231690379e+16
C1,Conservative Baseline (beta -> 0),0.22857142857142854,124253.53126598864,1,0.5166008772459179,-9.422869937564938e-16,9.422869937564938e-16,False,0.8695031196058948,0.4939274491214463,5.112356590642961,8.694836231690379e+16
C1,Conservative Baseline (beta -> 0),0.22857142857142854,124253.53126598864,3,9.125364883488076e-18,3.2453081581979055,3.2453081581979055,True,0.03895655772478409,-3.5549280384332084e-19,5.112356590642961,8.694836231690379e+16
C1,Conservative Baseline (beta -> 0),0.22857142857142854,124253.53126598864,0,1.0121389904161767e-17,-3.2461575571909607,3.2461575571909607,False,25.69143215643511,-2.600330020515993e-16,5.112356590642961,8.694836231690379e+16
C1,Conservative Baseline (beta -> 0),0.22857142857142854,124253.53126598864,9,0.5308507414658609,-52.67036052986536,52.67036052986536,False,6.458682593935477e+22,-3.791636675637275e+22,5.112356590642961,8.694836231690379e+16
C1,Conservative Baseline (beta -> 0),0.22857142857142854,124253.53126598864,6,2.8264811226713547,-96.83808727331359,96.83808727331359,False,-1.0822277698286996e+42,-3.527768394289011e+41,5.112356590642961,8.694836231690379e+16
C1,Conservative Baseline (beta -> 0),0.22857142857142854,124253.53126598864,7,0.10654831167452354,-56.209367759486234,56.209367759486234,False,2.564179344137454e+24,2.742475686582131e+23,5.112356590642961,8.694836231690379e+16
C1,Conservative Baseline (beta -> 0),0.22857142857142854,124253.53126598864,8,2.160730177386178,-57.61971242678276,57.61971242678276,False,-5.878099634192525e+24,-8.780361771440982e+24,5.112356590642961,8.694836231690379e+16
C1,Conservative Baseline (beta -> 0),0.22857142857142854,124253.53126598864,5,1.486901712772744,-57.5341421609857,57.5341421609857,False,8.128023913698148e+23,-9.665633343327199e+24,5.112356590642961,8.694836231690379e+16
C1,Conservative Baseline (beta -> 0),0.2642857142857143,143668.14552629937,0,1.7157118382442247e-17,-3.2536123118081215,3.2536123118081215,False,25.88367113585471,4.440892098500626e-16,4.453747709441011,1.2225589752404344e+16
C1,Conservative Baseline (beta -> 0),0.2642857142857143,143668.14552629937,2,0.5959047949150577,2.564009816444671e-15,2.564009816444671e-15,True,0.8276410144544177,-0.5612578295158627,4.453747709441011,1.2225589752404344e+16
C1,Conservative Baseline (beta -> 0),0.2642857142857143,143668.14552629937,1,0.5959047949150578,3.1480671446463127e-15,3.1480671446463127e-15,True,0.8276410144544172,0.5612578295158624,4.453747709441011,1.2225589752404344e+16
C1,Conservative Baseline (beta -> 0),0.2642857142857143,143668.14552629937,3,5.4365224860194686e-17,3.253612311808111,3.253612311808111,True,0.03863439597695961,-2.1003676246252104e-18,4.453747709441011,1.2225589752404344e+16
C1,Conservative Baseline (beta -> 0),0.2642857142857143,143668.14552629937,4,3.0416900719590344e-18,-3.2144867601138913,3.2144867601138913,False,24.890513827852626,7.57092287961384e-17,4.453747709441011,1.2225589752404344e+16
C1,Conservative Baseline (beta -> 0),0.2642857142857143,143668.14552629937,9,2.701958476174551,-54.59884895765306,54.59884895765306,False,-4.662114874828682e+23,-2.1927497519185706e+23,4.453747709441011,1.2225589752404344e+16
C1,Conservative Baseline (beta -> 0),0.2642857142857143,143668.14552629937,6,0.9444203280158371,-99.51663545624635,99.51663545624635,False,9.718087102574763e+42,-1.343058605218848e+43,4.453747709441011,1.2225589752404344e+16
C1,Conservative Baseline (beta -> 0),0.2642857142857143,143668.14552629937,7,0.013606283317140255,-61.034710165320504,61.034710165320504,False,3.2136429824550294e+26,-4.372843542826334e+24,4.453747709441011,1.2225589752404344e+16
C1,Conservative Baseline (beta -> 0),0.2642857142857143,143668.14552629937,8,2.9510712912298103,-60.16524311600013,60.16524311600013,False,-1.3228263621707911e+26,-2.5512100358110953e+25,4.453747709441011,1.2225589752404344e+16
C1,Conservative Baseline (beta -> 0),0.2642857142857143,143668.14552629937,5,2.1004635408508223,-58.512496571456246,58.512496571456246,False,-1.3036392409334567e+25,-2.2266539494189174e+25,4.453747709441011,1.2225589752404344e+16
C1,Conservative Baseline (beta -> 0),0.3,163082.75978661008,4,3.824503064547019e-17,-3.2629420474849247,3.2629420474849247,False,26.12628896614541,9.992007221626409e-16,3.951994083571478,2.775459557889614e+16
C1,Conservative Baseline (beta -> 0),0.3,163082.75978661008,1,0.6746405970120654,-2.3994112324743686e-15,2.3994112324743686e-15,False,0.7809314906682419,0.6246166879636522,3.951994083571478,2.775459557889614e+16
C1,Conservative Baseline (beta -> 0),0.3,163082.75978661008,2,0.6746405970120648,-2.694222527563261e-15,2.694222527563261e-15,False,0.7809314906682424,-0.624616687963652,3.951994083571478,2.775459557889614e+16
C1,Conservative Baseline (beta -> 0),0.3,163082.75978661008,3,7.369597754695821e-18,3.2629420474849375,3.2629420474849375,True,0.03827562350304678,-2.820759490276362e-19,3.951994083571478,2.775459557889614e+16
C1,Conservative Baseline (beta -> 0),0.3,163082.75978661008,0,1.2570320151097045e-17,-3.343586670395168,3.343586670395168,False,28.320521137247322,3.559980175411098e-16,3.951994083571478,2.775459557889614e+16
C1,Conservative Baseline (beta -> 0),0.3,163082.75978661008,5,2.1894560559852017,-58.8756331129849,58.8756331129849,False,-2.1515354465889377e+25,-3.0222966551545005e+25,3.951994083571478,2.775459557889614e+16
C1,Conservative Baseline (beta -> 0),0.3,163082.75978661008,6,2.790009047402562,-102.01952985519303,102.01952985519303,False,-1.9015385607533756e+44,-6.975302650878663e+43,3.951994083571478,2.775459557889614e+16
C1,Conservative Baseline (beta -> 0),0.3,163082.75978661008,7,1.2452729172209043,-63.75161426039692,63.75161426039692,False,1.5554612551816897e+27,-4.608354992185401e+27,3.951994083571478,2.775459557889614e+16
C1,Conservative Baseline (beta -> 0),0.3,163082.75978661008,8,2.202471459093079,-63.60250630652045,63.60250630652045,False,-2.4742044030171923e+27,3.3815226806945164e+27,3.951994083571478,2.775459557889614e+16
C1,Conservative Baseline (beta -> 0),0.3,163082.75978661008,9,0.4347544807847332,-59.434896077777964,59.434896077777964,False,5.886294506415039e+25,2.733525406374286e+25,3.951994083571478,2.775459557889614e+16
C1,Conservative Baseline (beta -> 0),0.3357142857142857,182497.37404692083,4,2.9441516972580635e-17,-3.2732354331366156,3.2732354331366156,False,26.396605785000407,7.771561172376096e-16,3.556479991757947,2.570501216481334e+16
C1,Conservative Baseline (beta -> 0),0.3357142857142857,182497.37404692083,2,0.7527599935214144,8.507558343159179e-15,8.507558343159179e-15,True,0.7298047658590038,-0.6836556177853493,3.556479991757947,2.570501216481334e+16
C1,Conservative Baseline (beta -> 0),0.3357142857142857,182497.37404692083,1,0.7527599935214143,9.36808749509589e-15,9.36808749509589e-15,True,0.7298047658590032,0.6836556177853487,3.556479991757947,2.570501216481334e+16
C1,Conservative Baseline (beta -> 0),0.3357142857142857,182497.37404692083,3,6.940939873725898e-17,3.2732354331366045,3.2732354331366045,True,0.03788365853341079,-2.6294819607716733e-18,3.556479991757947,2.570501216481334e+16
C1,Conservative Baseline (beta -> 0),0.3357142857142857,182497.37404692083,0,3.6438269179645934e-17,-3.384251109135162,3.384251109135162,False,29.495895236391142,1.0747793703182567e-15,3.556479991757947,2.570501216481334e+16
C1,Conservative Baseline (beta -> 0),0.3357142857142857,182497.37404692083,5,1.5703903509153545,-63.46549336107007,63.46549336107007,False,1.48324802055175e+24,-3.6535371035761477e+27,3.556479991757947,2.570501216481334e+16
C1,Conservative Baseline (beta -> 0),0.3357142857142857,182497.37404692083,6,1.5686564067238278,-104.37737197275504,104.37737197275504,False,4.580510721627665e+42,2.1405022513564324e+45,3.556479991757947,2.570501216481334e+16
C1,Conservative Baseline (beta -> 0),0.3357142857142857,182497.37404692083,8,2.670430983714445,-66.03078918606666,66.03078918606666,False,-4.233556411233202e+28,-2.156692918357029e+28,3.556479991757947,2.570501216481334e+16
C1,Conservative Baseline (beta -> 0),0.3357142857142857,182497.37404692083,9,1.4602825173285865,-63.009228295526455,63.009228295526455,False,2.553243992809521e+26,2.300926027633125e+27,3.556479991757947,2.570501216481334e+16
C1,Conservative Baseline (beta -> 0),0.3357142857142857,182497.37404692083,7,1.643972502204459,-65.38525972233421,65.38525972233421,False,-1.8215434840294673e+27,2.4848128611079743e+28,3.556479991757947,2.570501216481334e+16
C1,Conservative Baseline (beta -> 0),0.3714285714285714,201911.9883072315,4,2.4954707246955864e-17,-3.284428101829009,3.284428101829009,False,26.693713862596134,6.661338147750939e-16,3.236256802370459,3.5811329293701644e+16
C1,Conservative Baseline (beta -> 0),0.3714285714285714,201911.9883072315,2,0.8302229584174576,6.417127976589643e-16,6.417127976589643e-16,True,0.674711215287744,0.7380818219987092,3.236256802370459,3.5811329293701644e+16
C1,Conservative Baseline (beta -> 0),0.3714285714285714,201911.9883072315,1,0.8302229584174576,7.985643335615173e-16,7.985643335615173e-16,True,0.6747112152877439,-0.7380818219987091,3.236256802370459,3.5811329293701644e+16
C1,Conservative Baseline (beta -> 0),0.3714285714285714,201911.9883072315,3,7.304614588042389e-18,3.2844281018290262,3.2844281018290262,True,0.03746200341950942,2.7364549667544236e-19,3.236256802370459,3.5811329293701644e+16
C1,Conservative Baseline (beta -> 0),0.3714285714285714,201911.9883072315,0,2.5501176649418244e-17,-3.419122417943222,3.419122417943222,False,30.54259961902037,-7.788722282170928e-16,3.236256802370459,3.5811329293701644e+16
C1,Conservative Baseline (beta -> 0),0.3714285714285714,201911.9883072315,5,2.3754487146599423,-65.8539199609165,65.8539199609165,False,-2.8686798314391793e+28,-2.7602850822527527e+28,3.236256802370459,3.5811329293701644e+16
C1,Conservative Baseline (beta -> 0),0.3714285714285714,201911.9883072315,6,2.38299414608564,-106.61279175460648,106.61279175460648,False,-1.4526621201310372e+46,-1.3768149490906834e+46,3.236256802370459,3.5811329293701644e+16
C1,Conservative Baseline (beta -> 0),0.3714285714285714,201911.9883072315,7,1.774283426839566,-68.4135203957391,68.4135203957391,False,-1.040279383826839e+29,5.04150537459967e+29,3.236256802370459,3.5811329293701644e+16
C1,Conservative Baseline (beta -> 0),0.3714285714285714,201911.9883072315,9,0.4293401724676683,-64.64566566910007,64.64566566910007,False,1.081271375141146e+28,4.9503053041030563e+27,3.236256802370459,3.5811329293701644e+16
C1,Conservative Baseline (beta -> 0),0.3714285714285714,201911.9883072315,8,2.847430820171423,-67.76618295801684,67.76618295801684,False,-2.578765797281114e+29,-7.812394045483455e+28,3.236256802370459,3.5811329293701644e+16
C1,Conservative Baseline (beta -> 0),0.4071428571428571,221326.60256754226,4,5.753157693819812e-17,-3.2964544726205434,3.2964544726205434,False,27.01668052911014,1.5543122344752192e-15,2.971397922350068,1.3171747801239568e+16
C1,Conservative Baseline (beta -> 0),0.4071428571428571,221326.60256754226,2,0.9069975536176416,-6.978108401308609e-16,6.978108401308609e-16,False,0.6161134222144373,-0.7876574451925252,2.971397922350068,1.3171747801239568e+16
C1,Conservative Baseline (beta -> 0),0.4071428571428571,221326.60256754226,1,0.906997553617642,-2.683516434523103e-16,2.683516434523103e-16,False,0.6161134222144368,0.7876574451925251,2.971397922350068,1.3171747801239568e+16
C1,Conservative Baseline (beta -> 0),0.4071428571428571,221326.60256754226,3,1.5705691103418547e-17,3.2964544726205616,3.2964544726205616,True,0.03701416978012876,-5.813331170161919e-19,2.971397922350068,1.3171747801239568e+16
C1,Conservative Baseline (beta -> 0),0.4071428571428571,221326.60256754226,0,1.6162323063328538e-17,-3.4755720197580535,3.4755720197580535,False,32.3163088177149,5.223066233262009e-16,2.971397922350068,1.3171747801239568e+16
C1,Conservative Baseline (beta -> 0),0.4071428571428571,221326.60256754226,5,0.8605683659781385,-67.65263959468055,67.65263959468055,False,1.5682672552463776e+29,1.823725369788122e+29,2.971397922350068,1.3171747801239568e+16
C1,Conservative Baseline (beta -> 0),0.4071428571428571,221326.60256754226,6,2.715752405921808,-108.74308334132724,108.74308334132724,False,-1.534237319930724e+47,6.959237497537854e+46,2.971397922350068,1.3171747801239568e+16
C1,Conservative Baseline (beta -> 0),0.4071428571428571,221326.60256754226,7,0.6324133296171889,-71.43633934043288,71.43633934043288,False,8.532337142866262e+30,6.252646208798197e+30,2.971397922350068,1.3171747801239568e+16
C1,Conservative Baseline (beta -> 0),0.4071428571428571,221326.60256754226,9,0.11086794850930164,-67.83461141071513,67.83461141071513,False,2.8676280681186032e+29,-3.192371031977546e+28,2.971397922350068,1.3171747801239568e+16
C1,Conservative Baseline (beta -> 0),0.4071428571428571,221326.60256754226,8,3.1081568807627895,-69.31390365075029,69.31390365075029,False,-1.2659106964365708e+30,-4.234248258035829e+28,2.971397922350068,1.3171747801239568e+16
C1,Conservative Baseline (beta -> 0),0.44285714285714284,240741.21682785297,4,6.491449781516328e-17,-3.3092488407101297,3.3092488407101297,False,27.36456260446205,-1.7763568394002505e-15,2.7485271507458227,2.6160658029897236e+16
C1,Conservative Baseline (beta -> 0),0.44285714285714284,240741.21682785297,2,0.9830595733347084,-2.594743835308646e-15,2.594743835308646e-15,False,0.5544789759823124,-0.8321977320286396,2.7485271507458227,2.6160658029897236e+16
C1,Conservative Baseline (beta -> 0),0.44285714285714284,240741.21682785297,1,0.9830595733347085,-2.2252802209389986e-15,2.2252802209389986e-15,False,0.5544789759823121,0.8321977320286393,2.7485271507458227,2.6160658029897236e+16
C1,Conservative Baseline (beta -> 0),0.44285714285714284,240741.21682785297,3,9.674234682823441e-17,3.3092488407101555,3.3092488407101555,True,0.036543613521413075,3.5353149336455e-18,2.7485271507458227,2.6160658029897236e+16
C1,Conservative Baseline (beta -> 0),0.44285714285714284,240741.21682785297,0,6.163660999964725e-17,-3.517068796410201,3.517068796410201,False,33.68554442128786,-2.076262764120713e-15,2.7485271507458227,2.6160658029897236e+16
C1,Conservative Baseline (beta -> 0),0.44285714285714284,240741.21682785297,9,0.0009621277573623029,-69.36388787813446,69.36388787813446,False,1.3315379472205513e+30,1.281110014305638e+27,2.7485271507458227,2.6160658029897236e+16
C1,Conservative Baseline (beta -> 0),0.44285714285714284,240741.21682785297,6,3.130346666382297,-110.78181609773011,110.78181609773011,False,-1.2939096825862838e+48,1.4551905213819284e+46,2.7485271507458227,2.6160658029897236e+16
C1,Conservative Baseline (beta -> 0),0.44285714285714284,240741.21682785297,7,0.1511671485137023,-72.58044944629252,72.58044944629252,False,3.2832770594244327e+31,5.001390911998793e+30,2.7485271507458227,2.6160658029897236e+16
C1,Conservative Baseline (beta -> 0),0.44285714285714284,240741.21682785297,5,3.0269392578188383,-72.32030962586505,72.32030962586505,False,-2.543610660874502e+31,-2.9291823525144147e+30,2.7485271507458227,2.6160658029897236e+16
C1,Conservative Baseline (beta -> 0),0.44285714285714284,240741.21682785297,8,2.949675354863557,-69.63335046492249,69.63335046492249,False,-1.7113240620061383e+30,-3.325253028024656e+29,2.7485271507458227,2.6160658029897236e+16
C1,Conservative Baseline (beta -> 0),0.47857142857142854,260155.83108816372,4,2.4016575951404592e-17,-3.322746316853033,3.322746316853033,False,27.73641905169815,-6.661338147750939e-16,2.5583463304180913,2.2517341508032772e+16
C1,Conservative Baseline (beta -> 0),0.47857142857142854,260155.83108816372,2,1.0583920526571549,-2.6354133842425083e-15,2.6354133842425083e-15,False,0.4902741509479939,-0.8715682743837277,2.5583463304180913,2.2517341508032772e+16
C1,Conservative Baseline (beta -> 0),0.47857142857142854,260155.83108816372,1,1.0583920526571546,-2.2483593179410583e-15,2.2483593179410583e-15,False,0.4902741509479939,0.8715682743837273,2.5583463304180913,2.2517341508032772e+16
C1,Conservative Baseline (beta -> 0),0.47857142857142854,260155.83108816372,3,1.5834898424668002e-17,3.322746316853035,3.322746316853035,True,0.036053680835153576,5.709063738600563e-19,2.5583463304180913,2.2517341508032772e+16
C1,Conservative Baseline (beta -> 0),0.47857142857142854,260155.83108816372,0,5.560447258549065e-17,-3.566339624694273,3.566339624694273,False,35.38682673289794,1.9676658369569306e-15,2.5583463304180913,2.2517341508032772e+16
C1,Conservative Baseline (beta -> 0),0.47857142857142854,260155.83108816372,9,1.0631209870842897,-71.79046691873384,71.79046691873384,False,7.32776159159588e+30,-1.317206734660868e+31,2.5583463304180913,2.2517341508032772e+16
C1,Conservative Baseline (beta -> 0),0.47857142857142854,260155.83108816372,6,2.0758161825545876,-112.73986946678914,112.73986946678914,False,-4.435997996936422e+48,-8.024039819093923e+48,2.5583463304180913,2.2517341508032772e+16
C1,Conservative Baseline (beta -> 0),0.47857142857142854,260155.83108816372,5,2.118591499767592,-74.62394257387999,74.62394257387999,False,-1.3348814537031152e+32,-2.1880587656648994e+32,2.5583463304180913,2.2517341508032772e+16
C1,Conservative Baseline (beta -> 0),0.47857142857142854,260155.83108816372,8,2.4145522081608717,-71.27345149960084,71.27345149960084,False,-6.715393330250495e+30,5.974025979864043e+30,2.5583463304180913,2.2517341508032772e+16
C1,Conservative Baseline (beta -> 0),0.47857142857142854,260155.83108816372,7,0.9497398919805583,-74.02763839407977,74.02763839407977,False,8.215598821143265e+31,1.1482236968689933e+32,2.5583463304180913,2.2517341508032772e+16
C1,Conservative Baseline (beta -> 0),0.5142857142857142,279570.44534847443,4,7.893145123192538e-18,-3.336883607902383,3.336883607902383,False,28.131321730370136,2.220446049250313e-16,2.3941942980953166,2.1582190818656204e+16
C1,Conservative Baseline (beta -> 0),0.5142857142857142,279570.44534847443,1,1.1329846828305021,8.348831349128771e-17,8.348831349128771e-17,True,0.4239585279925399,-0.9056816032924587,2.3941942980953166,2.1582190818656204e+16
C1,Conservative Baseline (beta -> 0),0.5142857142857142,279570.44534847443,2,1.132984682830502,-1.5826909918323582e-16,1.5826909918323582e-16,False,0.42395852799254025,0.9056816032924588,2.3941942980953166,2.1582190818656204e+16
C1,Conservative Baseline (beta -> 0),0.5142857142857142,279570.44534847443,3,4.88226094062875e-17,3.3368836079023936,3.3368836079023936,True,0.035547565435590775,1.7355249026062946e-18,2.3941942980953166,2.1582190818656204e+16
C1,Conservative Baseline (beta -> 0),0.5142857142857142,279570.44534847443,0,1.71327017465836e-17,-3.6037160395918773,3.6037160395918773,False,36.73448793675781,-6.293610256339446e-16,2.3941942980953166,2.1582190818656204e+16
C1,Conservative Baseline (beta -> 0),0.5142857142857142,279570.44534847443,9,2.1027238147912217,-70.24864577274428,70.24864577274428,False,-1.6359671179008788e+30,-2.7798499962440327e+30,2.3941942980953166,2.1582190818656204e+16
C1,Conservative Baseline (beta -> 0),0.5142857142857142,279570.44534847443,6,1.1009832034425655,-114.62612511935605,114.62612511935605,False,2.7373036723691035e+49,-5.391249748030909e+49,2.3941942980953166,2.1582190818656204e+16
C1,Conservative Baseline (beta -> 0),0.5142857142857142,279570.44534847443,5,1.2930649290562046,-76.6703650801226,76.6703650801226,False,5.439310309414576e+32,-1.9078622784941678e+33,2.3941942980953166,2.1582190818656204e+16
C1,Conservative Baseline (beta -> 0),0.5142857142857142,279570.44534847443,8,2.5408807980480748,-71.47069539974481,71.47069539974481,False,-9.031243466211734e+30,-6.18804864303193e+30,2.3941942980953166,2.1582190818656204e+16
C1,Conservative Baseline (beta -> 0),0.5142857142857142,279570.44534847443,7,1.014975535671005,-75.2066165552348,75.2066165552348,False,2.4219037038694015e+32,3.899109337783025e+32,2.3941942980953166,2.1582190818656204e+16
C1,Conservative Baseline (beta -> 0),0.55,298985.0596087852,4,2.7222439456242893e-17,-3.351599640069118,3.351599640069118,False,28.548364245122244,-7.771561172376096e-16,2.2511704230092606,3.630913672558433e+16
C1,Conservative Baseline (beta -> 0),0.55,298985.0596087852,1,1.20683317177658,-5.217960358206976e-15,5.217960358206976e-15,False,0.3559805612477076,-0.9344933600693894,2.2511704230092606,3.630913672558433e+16
C1,Conservative Baseline (beta -> 0),0.55,298985.0596087852,2,1.20683317177658,-4.165648573344603e-15,4.165648573344603e-15,False,0.3559805612477073,0.9344933600693884,2.2511704230092606,3.630913672558433e+16
C1,Conservative Baseline (beta -> 0),0.55,298985.0596087852,3,4.145746197540574e-17,3.3515996400690895,3.3515996400690895,True,0.035028276626072816,1.4521834462894075e-18,2.2511704230092606,3.630913672558433e+16
C1,Conservative Baseline (beta -> 0),0.55,298985.0596087852,0,5.0373811791336596e-17,-3.6503164879799797,3.6503164879799797,False,38.48684474547423,1.9387290736509106e-15,2.2511704230092606,3.630913672558433e+16
C1,Conservative Baseline (beta -> 0),0.55,298985.0596087852,9,1.7679062817749993,-74.7270247210911,74.7270247210911,False,-5.564513076936722e+31,2.7863945029800125e+32,2.2511704230092606,3.630913672558433e+16
C1,Conservative Baseline (beta -> 0),0.55,298985.0596087852,6,0.8621832669273738,-116.44794567723466,116.44794567723466,False,2.432962021663474e+50,-2.838531590855334e+50,2.2511704230092606,3.630913672558433e+16
C1,Conservative Baseline (beta -> 0),0.55,298985.0596087852,5,2.446434357159644,-79.08916222672165,79.08916222672165,False,-1.7112796700542933e+34,-1.4272847375939627e+34,2.2511704230092606,3.630913672558433e+16
C1,Conservative Baseline (beta -> 0),0.55,298985.0596087852,8,1.592589819923085,-76.14593208624053,76.14593208624053,False,-2.5588839558304314e+31,-1.1739645446303722e+33,2.2511704230092606,3.630913672558433e+16
C1,Conservative Baseline (beta -> 0),0.55,298985.0596087852,7,1.3150371730319421,-76.26678635371164,76.26678635371164,False,3.35220487290201e+32,1.281984153489099e+33,2.2511704230092606,3.630913672558433e+16
C1,Conservative Baseline (beta -> 0),0.5857142857142857,318399.67386909586,4,8.426255035585912e-17,-3.3668360337876666,3.3668360337876666,False,28.9866689752467,2.4424906541753444e-15,2.125582543104662,2.1618043347903256e+16
C1,Conservative Baseline (beta -> 0),0.5857142857142857,318399.67386909586,1,1.279938582897167,4.457940447053966e-15,4.457940447053966e-15,True,0.28677404764977077,-0.9579982492648711,2.125582543104662,2.1618043347903256e+16
C1,Conservative Baseline (beta -> 0),0.5857142857142857,318399.67386909586,2,1.279938582897167,4.473859604582252e-15,4.473859604582252e-15,True,0.2867740476497707,0.9579982492648711,2.125582543104662,2.1618043347903256e+16
C1,Conservative Baseline (beta -> 0),0.5857142857142857,318399.67386909586,3,1.1882723812241846e-18,3.3668360337876995,3.3668360337876995,True,0.0344986173076293,4.0993754137078535e-20,2.125582543104662,2.1618043347903256e+16
C1,Conservative Baseline (beta -> 0),0.5857142857142857,318399.67386909586,0,1.2749610682013435e-17,-3.69613693738771,3.69613693738771,False,40.29135530524653,5.136990939925699e-16,2.125582543104662,2.1618043347903256e+16
C1,Conservative Baseline (beta -> 0),0.5857142857142857,318399.67386909586,8,1.3837914551397836,-77.38963426749467,77.38963426749467,False,7.571986126799552e+32,-4.00177460456946e+33,2.125582543104662,2.1618043347903256e+16
C1,Conservative Baseline (beta -> 0),0.5857142857142857,318399.67386909586,6,1.8918089353095917,-118.21151532517342,118.21151532517342,False,-6.880914499026542e+50,-2.069363359391531e+51,2.125582543104662,2.1618043347903256e+16
C1,Conservative Baseline (beta -> 0),0.5857142857142857,318399.67386909586,5,2.4450642899227892,-80.31388464917787,80.31388464917787,False,-5.81720303126981e+34,4.865340334501482e+34,2.125582543104662,2.1618043347903256e+16
C1,Conservative Baseline (beta -> 0),0.5857142857142857,318399.67386909586,7,0.014274581782828453,-79.1360578654502,79.1360578654502,False,2.33511891810798e+34,-3.333511016154941e+32,2.125582543104662,2.1618043347903256e+16
C1,Conservative Baseline (beta -> 0),0.5857142857142857,318399.67386909586,9,1.0992704350757267,-77.5766875385077,77.5766875385077,False,2.230584190362412e+33,4.374663742610292e+33,2.125582543104662,2.1618043347903256e+16
C1,Conservative Baseline (beta -> 0),0.6214285714285714,337814.28812940663,4,4.1474921071137e-17,-3.382537443986121,3.382537443986121,False,29.445392433490476,-1.2212453270876722e-15,2.014588827272492,8.06376675709488e+16
C1,Conservative Baseline (beta -> 0),0.6214285714285714,337814.28812940663,2,1.3523066790555218,-3.964073851688869e-15,3.964073851688869e-15,False,0.21675542581379453,0.9762259397190225,2.014588827272492,8.06376675709488e+16
C1,Conservative Baseline (beta -> 0),0.6214285714285714,337814.28812940663,1,1.3523066790555216,-3.8737395149714486e-15,3.8737395149714486e-15,False,0.21675542581379462,-0.9762259397190224,2.014588827272492,8.06376675709488e+16
C1,Conservative Baseline (beta -> 0),0.6214285714285714,337814.28812940663,3,2.075369599506053e-17,3.382537443986093,3.382537443986093,True,0.0339611707420361,-7.048198132165614e-19,2.014588827272492,8.06376675709488e+16
C1,Conservative Baseline (beta -> 0),0.6214285714285714,337814.28812940663,0,9.861492939548427e-18,-3.7388276432093295,3.7388276432093295,False,42.04866521922039,4.1466261517677736e-16,2.014588827272492,8.06376675709488e+16
C1,Conservative Baseline (beta -> 0),0.6214285714285714,337814.28812940663,8,1.6226277868973658,-77.81926399149083,77.81926399149083,False,-3.2424695600104407e+32,6.250191296298183e+33,2.014588827272492,8.06376675709488e+16
C1,Conservative Baseline (beta -> 0),0.6214285714285714,337814.28812940663,6,1.6410086568396145,-119.92208809764648,119.92208809764648,False,-8.463648476321322e+50,1.2034547133675418e+52,2.014588827272492,8.06376675709488e+16
C1,Conservative Baseline (beta -> 0),0.6214285714285714,337814.28812940663,5,1.0908707490138896,-81.18320465533976,81.18320465533976,False,8.351991819236594e+34,-1.6045592709219734e+35,2.014588827272492,8.06376675709488e+16
C1,Conservative Baseline (beta -> 0),0.6214285714285714,337814.28812940663,7,1.2089612428952285,-80.19654830863597,80.19654830863597,False,2.3873204981837366e+34,6.307330025200557e+34,2.014588827272492,8.06376675709488e+16
C1,Conservative Baseline (beta -> 0),0.6214285714285714,337814.28812940663,9,1.4959231616241324,-78.24429269897307,78.24429269897307,False,7.16118513280693e+32,-9.546542164284332e+33,2.014588827272492,8.06376675709488e+16
C1,Conservative Baseline (beta -> 0),0.6571428571428571,357228.90238971735,4,1.1130528077878622e-17,-3.398651782371639,3.398651782371639,False,29.923729139994812,3.3306690738754696e-16,1.9159594411217429,3.020155072128358e+16
C1,Conservative Baseline (beta -> 0),0.6571428571428571,357228.90238971735,1,1.4239472925083139,-1.1525057504285488e-14,1.1525057504285488e-14,False,0.14632181201017863,-0.9892370430438202,1.9159594411217429,3.020155072128358e+16
C1,Conservative Baseline (beta -> 0),0.6571428571428571,357228.90238971735,2,1.4239472925083136,-1.1333831478707871e-14,1.1333831478707871e-14,False,0.14632181201017883,0.98923704304382,1.9159594411217429,3.020155072128358e+16
C1,Conservative Baseline (beta -> 0),0.6571428571428571,357228.90238971735,3,1.9402085089882e-17,3.398651782371582,3.398651782371582,True,0.03341829473598259,6.483845980262899e-19,1.9159594411217429,3.020155072128358e+16
C1,Conservative Baseline (beta -> 0),0.6571428571428571,357228.90238971735,0,3.036497932309113e-17,-3.7811137604279788,3.7811137604279788,False,43.8648694951355,1.3319558552298802e-15,1.9159594411217429,3.020155072128358e+16
C1,Conservative Baseline (beta -> 0),0.6571428571428571,357228.90238971735,8,3.081844462289788,-78.3703633703836,78.3703633703836,False,-1.084028530595437e+34,-6.48459257217191e+32,1.9159594411217429,3.020155072128358e+16
C1,Conservative Baseline (beta -> 0),0.6571428571428571,357228.90238971735,6,3.0649326517581237,-121.26194527438378,121.26194527438378,False,-4.593210239600681e+52,3.528068963031193e+51,1.9159594411217429,3.020155072128358e+16
C1,Conservative Baseline (beta -> 0),0.6571428571428571,357228.90238971735,5,1.6567601030060677,-82.60916235456445,82.60916235456445,False,-6.463739255552277e+34,-7.500612280789293e+35,1.9159594411217429,3.020155072128358e+16
C1,Conservative Baseline (beta -> 0),0.6571428571428571,357228.90238971735,7,0.16805777020871704,-81.47056283286557,81.47056283286557,False,2.3771347879003158e+35,-4.0329999657710205e+34,1.9159594411217429,3.020155072128358e+16
C1,Conservative Baseline (beta -> 0),0.6571428571428571,357228.90238971735,9,2.5078453265451346,-80.18805071461149,80.18805071461149,False,-5.388437056698047e+34,3.959800297182793e+34,1.9159594411217429,3.020155072128358e+16
C1,Conservative Baseline (beta -> 0),0.6928571428571428,376643.51665002806,4,1.8247693294245537e-17,-3.4151303394456822,3.4151303394456822,False,30.42091421427136,5.551115123125783e-16,1.8279143041301145,2.4502867035605956e+16
C1,Conservative Baseline (beta -> 0),0.6928571428571428,376643.51665002806,1,1.4948737359578184,9.360452872455874e-16,9.360452872455874e-16,True,0.07584967251955503,0.9971192642701646,1.8279143041301145,2.4502867035605956e+16
C1,Conservative Baseline (beta -> 0),0.6928571428571428,376643.51665002806,2,1.4948737359578184,1.6055232748422017e-15,1.6055232748422017e-15,True,0.07584967251955496,-0.997119264270164,1.8279143041301145,2.4502867035605956e+16
C1,Conservative Baseline (beta -> 0),0.6928571428571428,376643.51665002806,3,1.9605233397982094e-17,3.4151303394456822,3.4151303394456822,True,0.03287212188813411,6.444656219037851e-19,1.8279143041301145,2.4502867035605956e+16
C1,Conservative Baseline (beta -> 0),0.6928571428571428,376643.51665002806,0,5.412864474336352e-17,-3.823893053821503,3.823893053821503,False,45.78209399290894,-2.4781227013494452e-15,1.8279143041301145,2.4502867035605956e+16
C1,Conservative Baseline (beta -> 0),0.6928571428571428,376643.51665002806,8,2.1483581358547488,-77.81645766033002,77.81645766033002,False,-3.40751022482716e+33,-5.228734940115923e+33,1.8279143041301145,2.4502867035605956e+16
C1,Conservative Baseline (beta -> 0),0.6928571428571428,376643.51665002806,6,2.0439130606530207,-121.26194527438378,121.26194527438378,False,-2.0991203135757582e+52,4.100700784059374e+52,1.8279143041301145,2.4502867035605956e+16
C1,Conservative Baseline (beta -> 0),0.6928571428571428,376643.51665002806,5,2.1213490786353804,-80.87884062021742,80.87884062021742,False,-6.98019207485787e+34,1.1370872567548943e+35,1.8279143041301145,2.4502867035605956e+16
C1,Conservative Baseline (beta -> 0),0.6928571428571428,376643.51665002806,7,1.569439111628323,-81.44755507038458,81.44755507038458,False,3.1979546620855726e+32,-2.3562606558395696e+35,1.8279143041301145,2.4502867035605956e+16
C1,Conservative Baseline (beta -> 0),0.6928571428571428,376643.51665002806,9,2.460554956168724,-80.27230866397097,80.27230866397097,False,-5.651931555688942e+34,-4.580207204065293e+34,1.8279143041301145,2.4502867035605956e+16
C1,Conservative Baseline (beta -> 0),0.7285714285714285,396058.1309103388,4,5.741996141237569e-17,-3.4319278237869186,3.4319278237869186,False,30.93622488951017,1.7763568394002505e-15,1.74901034098836,1.5723641143620834e+16
C1,Conservative Baseline (beta -> 0),0.7285714285714285,396058.1309103388,2,1.5651022651029263,2.7547977525727824e-15,2.7547977525727824e-15,True,0.005694030922887533,-0.9999837888745216,1.74901034098836,1.5723641143620834e+16
C1,Conservative Baseline (beta -> 0),0.7285714285714285,396058.1309103388,1,1.565102265102926,3.419631745799533e-15,3.419631745799533e-15,True,0.005694030922887759,0.9999837888745209,1.74901034098836,1.5723641143620834e+16
C1,Conservative Baseline (beta -> 0),0.7285714285714285,396058.1309103388,3,6.054870052415284e-17,3.431927823786895,3.431927823786895,True,0.03232456460255119,-1.9572103816935037e-18,1.74901034098836,1.5723641143620834e+16
C1,Conservative Baseline (beta -> 0),0.7285714285714285,396058.1309103388,0,8.701682821940928e-18,-3.8650875113076473,3.8650875113076473,False,47.70744719110496,4.15135073701492e-16,1.74901034098836,1.5723641143620834e+16
C1,Conservative Baseline (beta -> 0),0.7285714285714285,396058.1309103388,8,1.670287871741387,-81.52309755923886,81.52309755923886,False,-2.5240669701414307e+34,2.5285899969775526e+35,1.74901034098836,1.5723641143620834e+16
C1,Conservative Baseline (beta -> 0),0.7285714285714285,396058.1309103388,6,1.7152936662894047,-121.26194527438378,121.26194527438378,False,-6.633476392842945e+51,-4.5587304066710836e+52,1.74901034098836,1.5723641143620834e+16
C1,Conservative Baseline (beta -> 0),0.7285714285714285,396058.1309103388,7,1.1286997524594418,-82.8657460812174,82.8657460812174,False,4.163063015674195e+35,-8.794999621398216e+35,1.74901034098836,1.5723641143620834e+16
C1,Conservative Baseline (beta -> 0),0.7285714285714285,396058.1309103388,5,1.5429309057416647,-82.06079378333658,82.06079378333658,False,1.2121582603497127e+34,4.348918691117534e+35,1.74901034098836,1.5723641143620834e+16
C1,Conservative Baseline (beta -> 0),0.7285714285714285,396058.1309103388,9,2.8598606959902275,-81.14176464503527,81.14176464503527,False,-1.6670632582681974e+35,-4.824988370193298e+34,1.74901034098836,1.5723641143620834e+16
C1,Conservative Baseline (beta -> 0),0.7642857142857142,415472.7451706495,4,4.586389134792375e-17,-3.4490023350796566,3.4490023350796566,False,31.468981143878473,1.4432899320127035e-15,1.6780616098091894,9.60170475301477e+16
C1,Conservative Baseline (beta -> 0),0.7642857142857142,415472.7451706495,1,1.6346515992353408,-4.466441209122772e-16,4.466441209122772e-16,False,-0.06381188635232483,-0.9979619447454692,1.6780616098091894,9.60170475301477e+16
C1,Conservative Baseline (beta -> 0),0.7642857142857142,415472.7451706495,2,1.6346515992353414,2.8907755738837786e-16,2.8907755738837786e-16,True,-0.06381188635232546,0.9979619447454684,1.6780616098091894,9.60170475301477e+16
C1,Conservative Baseline (beta -> 0),0.7642857142857142,415472.7451706495,3,2.2527184943962274e-17,3.4490023350796704,3.4490023350796704,True,0.031777323689887296,7.158536477862448e-19,1.6780616098091894,9.60170475301477e+16
C1,Conservative Baseline (beta -> 0),0.7642857142857142,415472.7451706495,0,5.471763644327966e-17,-3.905836752252141,3.905836752252141,False,49.69164211457086,2.719009207494653e-15,1.6780616098091894,9.60170475301477e+16
C1,Conservative Baseline (beta -> 0),0.7642857142857142,415472.7451706495,5,0.8519597981785684,-79.75593001744136,79.75593001744136,False,2.8583957960826693e+34,-3.2666950150898048e+34,1.6780616098091894,9.60170475301477e+16
C1,Conservative Baseline (beta -> 0),0.7642857142857142,415472.7451706495,6,2.1872051851491268,-121.26194527438378,121.26194527438378,False,-2.66319629634213e+52,-3.758914537256882e+52,1.6780616098091894,9.60170475301477e+16
C1,Conservative Baseline (beta -> 0),0.7642857142857142,415472.7451706495,7,0.15746241800850033,-82.60771016271916,82.60771016271916,False,7.42448357324596e+35,1.178836128557896e+35,1.6780616098091894,9.60170475301477e+16
C1,Conservative Baseline (beta -> 0),0.7642857142857142,415472.7451706495,9,2.699920227158536,-81.81535591225611,81.81535591225611,False,-3.0771191675867222e+35,1.4549395860748215e+35,1.6780616098091894,9.60170475301477e+16
C1,Conservative Baseline (beta -> 0),0.7642857142857142,415472.7451706495,8,1.2605687139004595,-79.7593518110977,79.7593518110977,False,1.329652545245129e+34,4.1476661105222193e+34,1.6780616098091894,9.60170475301477e+16
C1,Conservative Baseline (beta -> 0),0.8,434887.35943096026,4,3.467437395707438e-17,-3.4663152857623585,3.4663152857623585,False,32.01854562679553,-1.1102230246251565e-15,1.6140816862032477,3.0106837870707744e+16
C1,Conservative Baseline (beta -> 0),0.8,434887.35943096026,1,1.7035425035985872,-6.390653488400062e-16,6.390653488400062e-16,False,-0.13235665465225982,-0.9912021569635852,1.6140816862032477,3.0106837870707744e+16
C1,Conservative Baseline (beta -> 0),0.8,434887.35943096026,2,1.7035425035985865,-2.170878334134676e-16,2.170878334134676e-16,False,-0.13235665465225913,0.9912021569635848,1.6140816862032477,3.0106837870707744e+16
C1,Conservative Baseline (beta -> 0),0.8,434887.35943096026,3,1.1997461947098104e-16,3.466315285762412,3.466315285762412,True,0.031231899526475402,3.7470352610447995e-18,1.6140816862032477,3.0106837870707744e+16
C1,Conservative Baseline (beta -> 0),0.8,434887.35943096026,0,5.1165969192209625e-17,-3.9463668604574638,3.9463668604574638,False,51.74702075090627,2.6476864695295025e-15,1.6140816862032477,3.0106837870707744e+16
C1,Conservative Baseline (beta -> 0),0.8,434887.35943096026,5,0.5713290123685743,-80.36704718577309,80.36704718577309,False,6.727529871497834e+34,4.324760125281887e+34,1.6140816862032477,3.0106837870707744e+16
C1,Conservative Baseline (beta -> 0),0.8,434887.35943096026,6,0.40026299087005707,-121.26194527438378,121.26194527438378,False,4.2426165429435194e+52,1.7950648681297e+52,1.6140816862032477,3.0106837870707744e+16
C1,Conservative Baseline (beta -> 0),0.8,434887.35943096026,9,2.991037087133049,-82.51061173044833,82.51061173044833,False,-6.744699315356278e+35,-1.023194644069929e+35,1.6140816862032477,3.0106837870707744e+16
C1,Conservative Baseline (beta -> 0),0.8,434887.35943096026,8,2.3997514185074635,-79.97243071324172,79.97243071324172,False,-3.973615854418418e+34,3.641705903444245e+34,1.6140816862032477,3.0106837870707744e+16
C1,Conservative Baseline (beta -> 0),0.8,434887.35943096026,7,0.7519559951932738,-81.70202455936781,81.70202455936781,False,2.2195858645205253e+35,2.075882512945872e+35,1.6140816862032477,3.0106837870707744e+16
C1,Conservative Baseline (beta -> 0),0.8357142857142857,454301.973691271,4,0.0,-3.4838312842956998,3.4838312842956998,False,32.58432303773468,0.0,1.5562413780385695,3.819178548808396e+16
C1,Conservative Baseline (beta -> 0),0.8357142857142857,454301.973691271,1,1.7717974353926056,8.238507046954954e-16,8.238507046954954e-16,True,-0.19965038415355338,-0.9798671971789529,1.5562413780385695,3.819178548808396e+16
C1,Conservative Baseline (beta -> 0),0.8357142857142857,454301.973691271,2,1.7717974353926058,6.873565356868795e-16,6.873565356868795e-16,True,-0.19965038415355352,0.979867197178953,1.5562413780385695,3.819178548808396e+16
C1,Conservative Baseline (beta -> 0),0.8357142857142857,454301.973691271,3,2.582253519646087e-16,3.483831284295726,3.483831284295726,True,0.030689604901164028,7.92483402725786e-18,1.5562413780385695,3.819178548808396e+16
C1,Conservative Baseline (beta -> 0),0.8357142857142857,454301.973691271,0,2.3883728431781737e-18,-3.986335963998701,3.986335963998701,False,53.85719270766069,-1.2863105647279036e-16,1.5562413780385695,3.819178548808396e+16
C1,Conservative Baseline (beta -> 0),0.8357142857142857,454301.973691271,5,1.2402843563373709,-79.23309074013314,79.23309074013314,False,8.351132445392044e+33,2.434044115130766e+34,1.5562413780385695,3.819178548808396e+16
C1,Conservative Baseline (beta -> 0),0.8357142857142857,454301.973691271,6,0.4388109243637632,-121.26194527438378,121.26194527438378,False,4.170285884168973e+52,-1.9572349515458062e+52,1.5562413780385695,3.819178548808396e+16
C1,Conservative Baseline (beta -> 0),0.8357142857142857,454301.973691271,9,2.795522315439499,-82.84626000278358,82.84626000278358,False,-8.97698869740528e+35,-3.236936749970878e+35,1.5562413780385695,3.819178548808396e+16
C1,Conservative Baseline (beta -> 0),0.8357142857142857,454301.973691271,7,0.8815302891901344,-81.41517604871163,81.41517604871163,False,1.4507713690880004e+35,1.760424963123987e+35,1.5562413780385695,3.819178548808396e+16
C1,Conservative Baseline (beta -> 0),0.8357142857142857,454301.973691271,8,2.8982115874171477,-81.6272494479918,81.6272494479918,False,-2.7369849353593423e+35,6.7960219849174995e+34,1.5562413780385695,3.819178548808396e+16
C1,Conservative Baseline (beta -> 0),0.8714285714285714,473716.58795158175,4,2.343248393781505e-17,-3.5015179910988894,3.5015179910988894,False,33.16575909323231,-7.771561172376096e-16,1.5038371740600964,2.5081117991411524e+16
C1,Conservative Baseline (beta -> 0),0.8714285714285714,473716.58795158175,1,1.8394402544474773,4.47674943891982e-16,4.47674943891982e-16,True,-0.26542424877710713,0.964131717225975,1.5038371740600964,2.5081117991411524e+16
C1,Conservative Baseline (beta -> 0),0.8714285714285714,473716.58795158175,2,1.839440254447478,2.8560088213458275e-16,2.8560088213458275e-16,True,-0.26542424877710774,-0.964131717225975,1.5038371740600964,2.5081117991411524e+16
C1,Conservative Baseline (beta -> 0),0.8714285714285714,473716.58795158175,3,1.4458198948581607e-17,3.5015179910988965,3.5015179910988965,True,0.03015157883734521,4.359375254441799e-19,1.5038371740600964,2.5081117991411524e+16
C1,Conservative Baseline (beta -> 0),0.8714285714285714,473716.58795158175,0,2.6510882503131646e-19,-4.026627006442714,4.026627006442714,False,56.07146323903343,1.4865039737086805e-17,1.5038371740600964,2.5081117991411524e+16
C1,Conservative Baseline (beta -> 0),0.8714285714285714,473716.58795158175,5,1.8753644089547774,-79.81242290146308,79.81242290146308,False,-1.377349135928856e+34,-4.381598304112853e+34,1.5038371740600964,2.5081117991411524e+16
C1,Conservative Baseline (beta -> 0),0.8714285714285714,473716.58795158175,6,1.3974705807656476,-121.26194527438378,121.26194527438378,False,7.944747425991559e+51,4.5377156031007024e+52,1.5038371740600964,2.5081117991411524e+16
C1,Conservative Baseline (beta -> 0),0.8714285714285714,473716.58795158175,9,3.1305601108122354,-82.91042812653089,82.91042812653089,False,-1.017454499105152e+36,1.122556573668762e+34,1.5038371740600964,2.5081117991411524e+16
C1,Conservative Baseline (beta -> 0),0.8714285714285714,473716.58795158175,8,1.3043754025542458,-81.1988571279764,81.1988571279764,False,4.837645001598818e+34,1.7726238474269447e+35,1.5038371740600964,2.5081117991411524e+16
C1,Conservative Baseline (beta -> 0),0.8714285714285714,473716.58795158175,7,0.6294873545245672,-80.96556341706413,80.96556341706413,False,1.1762125375222281e+35,-8.566707015897312e+34,1.5038371740600964,2.5081117991411524e+16
C1,Conservative Baseline (beta -> 0),0.9071428571428571,493131.20221189247,4,1.3153389854569718e-16,-3.5193459563148566,3.5193459563148566,False,33.76233919621703,-4.440892098500626e-15,1.4562673248103002,1.0016104431085659e+17
C1,Conservative Baseline (beta -> 0),0.9071428571428571,493131.20221189247,1,1.9064959997188804,8.205276364148731e-16,8.205276364148731e-16,True,-0.3294298676695826,0.944180047600668,1.4562673248103002,1.0016104431085659e+17
C1,Conservative Baseline (beta -> 0),0.9071428571428571,493131.20221189247,2,1.9064959997188808,1.0435676088647577e-15,1.0435676088647577e-15,True,-0.3294298676695829,-0.9441800476006676,1.4562673248103002,1.0016104431085659e+17
C1,Conservative Baseline (beta -> 0),0.9071428571428571,493131.20221189247,3,4.173323448434513e-17,3.5193459563148357,3.5193459563148357,True,0.02961880082385014,1.2360883599268528e-18,1.4562673248103002,1.0016104431085659e+17
C1,Conservative Baseline (beta -> 0),0.9071428571428571,493131.20221189247,0,1.559788585395652e-17,-4.065807009782566,4.065807009782566,False,58.3119478517565,9.09543106513563e-16,1.4562673248103002,1.0016104431085659e+17
C1,Conservative Baseline (beta -> 0),0.9071428571428571,493131.20221189247,5,2.142737328860332,-79.95540881537386,79.95540881537386,False,-2.868157013037228e+34,4.455663546583791e+34,1.4562673248103002,1.0016104431085659e+17
C1,Conservative Baseline (beta -> 0),0.9071428571428571,493131.20221189247,6,0.5369654136358513,-121.26194527438378,121.26194527438378,False,3.9584100380162015e+52,-2.356489546377e+52,1.4562673248103002,1.0016104431085659e+17
C1,Conservative Baseline (beta -> 0),0.9071428571428571,493131.20221189247,7,0.6783651142842497,-82.58296532793675,82.58296532793675,False,5.710055956176299e+35,-4.602082129204167e+35,1.4562673248103002,1.0016104431085659e+17
C1,Conservative Baseline (beta -> 0),0.9071428571428571,493131.20221189247,8,2.8514266064312532,-81.24209769230971,81.24209769230971,False,-1.8384391173940593e+35,-5.489462081658475e+34,1.4562673248103002,1.0016104431085659e+17
C1,Conservative Baseline (beta -> 0),0.9071428571428571,493131.20221189247,9,2.569719952060476,-82.1105545593175,82.1105545593175,False,-3.845026932511228e+35,-2.4747124471648874e+35,1.4562673248103002,1.0016104431085659e+17
C1,Conservative Baseline (beta -> 0),0.9428571428571428,512545.8164722032,4,1.9379234895721758e-17,-3.5372884468253996,3.5372884468253996,False,34.37358690162492,-6.661338147750939e-16,1.41301343117364,1.041505045552251e+16
C1,Conservative Baseline (beta -> 0),0.9428571428571428,512545.8164722032,1,1.9729907339690669,-9.151458114167595e-16,9.151458114167595e-16,False,-0.3914385859329831,-0.920204234636414,1.41301343117364,1.041505045552251e+16
C1,Conservative Baseline (beta -> 0),0.9428571428571428,512545.8164722032,2,1.9729907339690669,7.599338383577694e-17,7.599338383577694e-17,True,-0.39143858593298264,0.9202042346364131,1.41301343117364,1.041505045552251e+16
C1,Conservative Baseline (beta -> 0),0.9428571428571428,512545.8164722032,3,2.3019162540350006e-18,3.537288446825361,3.537288446825361,True,0.029092105018367058,6.696758940587235e-20,1.41301343117364,1.041505045552251e+16
C1,Conservative Baseline (beta -> 0),0.9428571428571428,512545.8164722032,0,4.0351956770989156e-17,-4.1023876430945325,4.1023876430945325,False,60.48453080048422,2.4406691721747014e-15,1.41301343117364,1.041505045552251e+16
C1,Conservative Baseline (beta -> 0),0.9428571428571428,512545.8164722032,8,3.0865297017843747,-80.68936291013915,80.68936291013915,False,-1.1022658494677425e+35,-6.075542579963419e+33,1.41301343117364,1.041505045552251e+16
C1,Conservative Baseline (beta -> 0),0.9428571428571428,512545.8164722032,6,0.10593408997854606,-121.26194527438378,121.26194527438378,False,4.580915628227303e+52,-4.870985714558705e+51,1.41301343117364,1.041505045552251e+16
C1,Conservative Baseline (beta -> 0),0.9428571428571428,512545.8164722032,9,3.118946579832433,-83.45285508569258,83.45285508569258,False,-1.7498591406840432e+36,3.9634214795007506e+34,1.41301343117364,1.041505045552251e+16
C1,Conservative Baseline (beta -> 0),0.9428571428571428,512545.8164722032,7,0.7413216301008133,-81.49927419351889,81.49927419351889,False,1.8301735838348442e+35,1.6755531601685995e+35,1.41301343117364,1.041505045552251e+16
C1,Conservative Baseline (beta -> 0),0.9428571428571428,512545.8164722032,5,1.545800804842352,-80.79499316277744,80.79499316277744,False,3.066455610624102e+33,-1.2265464885136274e+35,1.41301343117364,1.041505045552251e+16
C1,Conservative Baseline (beta -> 0),0.9785714285714285,531960.4307325139,4,3.1721507752614167e-18,-3.555321268388228,3.555321268388228,False,34.99906225402111,1.1102230246251565e-16,1.3736260642124771,2.6482845968862164e+16
C1,Conservative Baseline (beta -> 0),0.9785714285714285,531960.4307325139,1,2.038951461532626,3.8528755225694953e-16,3.8528755225694953e-16,True,-0.451240692242947,0.8924022846587212,1.3736260642124771,2.6482845968862164e+16
C1,Conservative Baseline (beta -> 0),0.9785714285714285,531960.4307325139,2,2.038951461532626,3.1125988620012464e-16,3.1125988620012464e-16,True,-0.45124069224294694,-0.8924022846587213,1.3736260642124771,2.6482845968862164e+16
C1,Conservative Baseline (beta -> 0),0.9785714285714285,531960.4307325139,3,5.472783507261777e-17,3.5553212683883433,3.5553212683883433,True,0.028572194098857386,-1.5636943263050897e-18,1.3736260642124771,2.6482845968862164e+16
C1,Conservative Baseline (beta -> 0),0.9785714285714285,531960.4307325139,0,1.538792868213018e-17,-4.143080978778754,4.143080978778754,False,62.99661399139071,9.693874033152044e-16,1.3736260642124771,2.6482845968862164e+16
C1,Conservative Baseline (beta -> 0),0.9785714285714285,531960.4307325139,8,0.8992650050589274,-79.76238502262476,79.76238502262476,False,2.7182136780364283e+34,3.420213593461852e+34,1.3736260642124771,2.6482845968862164e+16
C1,Conservative Baseline (beta -> 0),0.9785714285714285,531960.4307325139,6,2.5573629206500628,-121.26194527438378,121.26194527438378,False,-3.842653072662668e+52,2.540879842575737e+52,1.3736260642124771,2.6482845968862164e+16
C1,Conservative Baseline (beta -> 0),0.9785714285714285,531960.4307325139,9,2.7487764621554183,-82.95161594666465,82.95161594666465,False,-9.795426406116653e+35,4.058742489713969e+35,1.3736260642124771,2.6482845968862164e+16
C1,Conservative Baseline (beta -> 0),0.9785714285714285,531960.4307325139,7,0.28801664124499504,-81.34663303693036,81.34663303693036,False,2.0423304525173782e+35,-6.0504873775506055e+34,1.3736260642124771,2.6482845968862164e+16
C1,Conservative Baseline (beta -> 0),0.9785714285714285,531960.4307325139,5,0.6718257568086724,-80.96998071369686,80.96998071369686,False,1.1439412405855946e+35,9.096966287166153e+34,1.3736260642124771,2.6482845968862164e+16
C1,Conservative Baseline (beta -> 0),1.0142857142857142,551375.0449928246,4,5.918969737689289e-17,-3.5734225874330456,3.5734225874330456,False,35.63836005708819,-2.1094237467877974e-15,1.3377133766584055,4.675218502450583e+16
C1,Conservative Baseline (beta -> 0),1.0142857142857142,551375.0449928246,2,2.104406128410555,1.6033852576715574e-15,1.6033852576715574e-15,True,-0.5086446030829436,0.8609765779361199,1.3377133766584055,4.675218502450583e+16
C1,Conservative Baseline (beta -> 0),1.0142857142857142,551375.0449928246,1,2.104406128410554,1.4469184293540976e-15,1.4469184293540976e-15,True,-0.5086446030829431,-0.8609765779361204,1.3377133766584055,4.675218502450583e+16
C1,Conservative Baseline (beta -> 0),1.0142857142857142,551375.0449928246,3,2.645149277095887e-17,3.573422587433073,3.573422587433073,True,0.02805965253165683,-7.422196960967384e-19,1.3377133766584055,4.675218502450583e+16
C1,Conservative Baseline (beta -> 0),1.0142857142857142,551375.0449928246,0,2.5078833403951187e-17,-4.181587497824954,4.181587497824954,False,65.46970377327199,1.6419037939359227e-15,1.3377133766584055,4.675218502450583e+16
C1,Conservative Baseline (beta -> 0),1.0142857142857142,551375.0449928246,8,2.3110854769476816,-79.99533056011092,79.99533056011092,False,-3.7197478658281234e+34,-4.071439202045832e+34,1.3377133766584055,4.675218502450583e+16
C1,Conservative Baseline (beta -> 0),1.0142857142857142,551375.0449928246,6,1.0485894704192047,-121.26194527438378,121.26194527438378,False,2.2978146112145234e+52,3.992756068649899e+52,1.3377133766584055,4.675218502450583e+16
C1,Conservative Baseline (beta -> 0),1.0142857142857142,551375.0449928246,9,2.7492978766209655,-82.98678462402432,82.98678462402432,False,-1.0148238565485481e+36,4.1987319115623165e+35,1.3377133766584055,4.675218502450583e+16
C1,Conservative Baseline (beta -> 0),1.0142857142857142,551375.0449928246,7,0.8368763910676101,-81.54243185933102,81.54243185933102,False,1.7352576378340625e+35,-1.9237852429501616e+35,1.3377133766584055,4.675218502450583e+16
C1,Conservative Baseline (beta -> 0),1.0142857142857142,551375.0449928246,5,2.8582610221661713,-80.56345095984052,80.56345095984052,False,-9.345272279317187e+34,2.7210153976364654e+34,1.3377133766584055,4.675218502450583e+16
C1,Conservative Baseline (beta -> 0),1.05,570789.6592531353,4,3.0592150036234872e-18,-3.591572755925669,3.591572755925669,False,36.29110812120602,1.1102230246251565e-16,1.3049319647252755,2.760935991278514e+16
C1,Conservative Baseline (beta -> 0),1.05,570789.6592531353,2,2.1693837210117994,-9.22986577359185e-16,9.22986577359185e-16,False,-0.5634760365609025,-0.8261324084077675,1.3049319647252755,2.760935991278514e+16
C1,Conservative Baseline (beta -> 0),1.05,570789.6592531353,1,2.1693837210118,-3.1011343767573977e-16,3.1011343767573977e-16,False,-0.5634760365609024,0.8261324084077668,1.3049319647252755,2.760935991278514e+16
C1,Conservative Baseline (beta -> 0),1.05,570789.6592531353,3,1.7394968154207398e-16,3.5915727559255832,3.5915727559255832,True,0.02755495910073229,4.7931763604772555e-18,1.3049319647252755,2.760935991278514e+16
C1,Conservative Baseline (beta -> 0),1.05,570789.6592531353,0,1.9495004316106322e-17,-4.218484435263116,4.218484435263116,False,67.93045323454137,1.3243044790024428e-15,1.3049319647252755,2.760935991278514e+16
C1,Conservative Baseline (beta -> 0),1.05,570789.6592531353,8,1.6037137696705552,-79.86879179171653,79.86879179171653,False,-1.5992752218422735e+33,-4.856688140404861e+34,1.3049319647252755,2.760935991278514e+16
C1,Conservative Baseline (beta -> 0),1.05,570789.6592531353,6,1.5403575646486232,-121.26194527438378,121.26194527438378,False,1.4020180949145517e+51,4.604606005280674e+52,1.3049319647252755,2.760935991278514e+16
C1,Conservative Baseline (beta -> 0),1.05,570789.6592531353,7,0.16847018343743173,-82.74559437474662,82.74559437474662,False,8.506727975989004e+35,-1.4468442013462433e+35,1.3049319647252755,2.760935991278514e+16
C1,Conservative Baseline (beta -> 0),1.05,570789.6592531353,9,2.35351339977578,-82.97808066977603,82.97808066977603,False,-7.677857471389586e+35,7.71913830813026e+35,1.3049319647252755,2.760935991278514e+16
C1,Conservative Baseline (beta -> 0),1.05,570789.6592531353,5,2.5644846616853534,-78.05559494429788,78.05559494429788,False,-6.643256291344001e+33,-4.3250446028493047e+33,1.3049319647252755,2.760935991278514e+16
C1,Conservative Baseline (beta -> 0),1.0857142857142856,590204.273513446,4,1.502048408038667e-17,-3.609754141779471,3.609754141779471,False,36.95696552399582,-5.551115123125783e-16,1.2749794454289907,1.5177770873134778e+16
C1,Conservative Baseline (beta -> 0),1.0857142857142856,590204.273513446,2,2.233914491357013,8.68985394530265e-17,8.68985394530265e-17,True,-0.6155771931123334,0.7880765948306934,1.2749794454289907,1.5177770873134778e+16
C1,Conservative Baseline (beta -> 0),1.0857142857142856,590204.273513446,1,2.233914491357013,3.3022949292561574e-16,3.3022949292561574e-16,True,-0.6155771931123333,-0.7880765948306931,1.2749794454289907,1.5177770873134778e+16
C1,Conservative Baseline (beta -> 0),1.0857142857142856,590204.273513446,3,7.155618165679687e-16,3.609754141779517,3.609754141779517,True,0.027058498602940302,1.9362028413921807e-17,1.2749794454289907,1.5177770873134778e+16
C1,Conservative Baseline (beta -> 0),1.0857142857142856,590204.273513446,0,9.372957663517652e-18,-4.255169614577385,4.255169614577385,False,70.46876870525092,6.605007856745345e-16,1.2749794454289907,1.5177770873134778e+16
C1,Conservative Baseline (beta -> 0),1.0857142857142856,590204.273513446,5,2.5003367864653967,-79.22615041295153,79.22615041295153,False,-2.0478566244555315e+34,-1.528720263437893e+34,1.2749794454289907,1.5177770873134778e+16
C1,Conservative Baseline (beta -> 0),1.0857142857142856,590204.273513446,6,2.351763332159333,-121.26194527438378,121.26194527438378,False,-3.242990821127036e+52,-3.2718593407017564e+52,1.2749794454289907,1.5177770873134778e+16
C1,Conservative Baseline (beta -> 0),1.0857142857142856,590204.273513446,7,0.364731267594769,-83.32604135642136,83.32604135642136,False,1.4404193880780645e+36,-5.499724583565769e+35,1.2749794454289907,1.5177770873134778e+16
C1,Conservative Baseline (beta -> 0),1.0857142857142856,590204.273513446,9,2.3803455156208946,-82.28771402170321,82.28771402170321,False,-3.952068448282754e+35,3.765641589639839e+35,1.2749794454289907,1.5177770873134778e+16
C1,Conservative Baseline (beta -> 0),1.0857142857142856,590204.273513446,8,2.176032467794982,-80.33455554403261,80.33455554403261,False,-4.404869836611105e+34,6.366786084549589e+34,1.2749794454289907,1.5177770873134778e+16
C1,Conservative Baseline (beta -> 0),1.1214285714285714,609618.8877737568,4,3.2449187699864265e-17,-3.6279509665389633,3.6279509665389633,False,37.63562090932651,1.2212453270876722e-15,1.2475883594123742,2.2212366935416212e+16
C1,Conservative Baseline (beta -> 0),1.1214285714285714,609618.8877737568,2,2.2980303556129877,1.5416002619589917e-15,1.5416002619589917e-15,True,-0.6648059557358129,-0.7470160916728563,1.2475883594123742,2.2212366935416212e+16
C1,Conservative Baseline (beta -> 0),1.1214285714285714,609618.8877737568,1,2.298030355612988,1.79953375995869e-15,1.79953375995869e-15,True,-0.664805955735813,0.7470160916728559,1.2475883594123742,2.2212366935416212e+16
C1,Conservative Baseline (beta -> 0),1.1214285714285714,609618.8877737568,3,5.682482502919571e-16,3.627950966538773,3.627950966538773,True,0.026570572660656693,1.5098681423673477e-17,1.2475883594123742,2.2212366935416212e+16
C1,Conservative Baseline (beta -> 0),1.1214285714285714,609618.8877737568,0,1.939134797671995e-17,-4.291871887636527,4.291871887636527,False,73.10318144561526,1.417569229617223e-15,1.2475883594123742,2.2212366935416212e+16
C1,Conservative Baseline (beta -> 0),1.1214285714285714,609618.8877737568,5,1.7326965339993563,-78.32569016134002,78.32569016134002,False,-1.67403104600812e+33,-1.0249394147212672e+34,1.2475883594123742,2.2212366935416212e+16
C1,Conservative Baseline (beta -> 0),1.1214285714285714,609618.8877737568,6,1.8456143649373562,-121.26194527438378,121.26194527438378,False,-1.2501393495319712e+52,4.433870162510767e+52,1.2475883594123742,2.2212366935416212e+16
C1,Conservative Baseline (beta -> 0),1.1214285714285714,609618.8877737568,7,1.2300099481059432,-82.87327448024078,82.87327448024078,False,3.276793628040627e+35,9.240246033959603e+35,1.2475883594123742,2.2212366935416212e+16
C1,Conservative Baseline (beta -> 0),1.1214285714285714,609618.8877737568,9,2.8694025972157813,-82.03342641056219,82.03342641056219,False,-4.077311336164396e+35,-1.1380484311101262e+35,1.2475883594123742,2.2212366935416212e+16
C1,Conservative Baseline (beta -> 0),1.1214285714285714,609618.8877737568,8,2.5474332394415065,-79.79621391807848,79.79621391807848,False,-3.7446433309993725e+34,-2.5298683163243015e+34,1.2475883594123742,2.2212366935416212e+16
C1,Conservative Baseline (beta -> 0),1.157142857142857,629033.5020340674,4,6.083129582336777e-17,-3.6461491514601234,3.6461491514601234,False,38.32679084270332,2.3314683517128287e-15,1.225973153851266,1.5748020268611438e+16
C1,Conservative Baseline (beta -> 0),1.157142857142857,629033.5020340674,2,2.361765545396707,3.820613663786543e-17,3.820613663786543e-17,True,-0.7110351186360592,-0.7031564975638106,1.225973153851266,1.5748020268611438e+16
C1,Conservative Baseline (beta -> 0),1.157142857142857,629033.5020340674,1,2.3617655453967075,-2.7668218472119683e-16,2.7668218472119683e-16,False,-0.7110351186360595,0.7031564975638107,1.225973153851266,1.5748020268611438e+16
C1,Conservative Baseline (beta -> 0),1.157142857142857,629033.5020340674,3,4.898412448725862e-16,3.646149151460142,3.646149151460142,True,0.0260914096383408,-1.2780648577725453e-17,1.225973153851266,1.5748020268611438e+16
C1,Conservative Baseline (beta -> 0),1.157142857142857,629033.5020340674,0,1.186269529470669e-17,-4.328358542125182,4.328358542125182,False,75.81972947752739,8.994263481189982e-16,1.225973153851266,1.5748020268611438e+16
C1,Conservative Baseline (beta -> 0),1.157142857142857,629033.5020340674,5,1.5984283857242996,-78.96661145569493,78.96661145569493,False,-5.446551175899162e+32,1.970596876718352e+34,1.225973153851266,1.5748020268611438e+16
C1,Conservative Baseline (beta -> 0),1.157142857142857,629033.5020340674,6,1.4804849950196284,-121.26194527438378,121.26194527438378,False,4.154755034203171e+51,4.587966119895522e+52,1.225973153851266,1.5748020268611438e+16
C1,Conservative Baseline (beta -> 0),1.157142857142857,629033.5020340674,7,1.0214069765793001,-82.83946088336782,82.83946088336782,False,4.949140495008226e+35,8.083326305691976e+35,1.225973153851266,1.5748020268611438e+16
C1,Conservative Baseline (beta -> 0),1.157142857142857,629033.5020340674,9,1.9033110155700321,-82.86245847173393,82.86245847173393,False,-3.165822538375516e+35,-9.167342021395313e+35,1.225973153851266,1.5748020268611438e+16
C1,Conservative Baseline (beta -> 0),1.157142857142857,629033.5020340674,8,0.45309671868054363,-80.17715811884499,80.17715811884499,False,5.9470737579660515e+34,2.8955119462531326e+34,1.225973153851266,1.5748020268611438e+16
C1,Conservative Baseline (beta -> 0),1.1928571428571428,648448.1162943783,4,1.166253894242311e-16,-3.6643361726435737,3.6643361726435737,False,39.03021823494461,4.551914400963142e-15,1.2504528624009823,1.42229447471379e+16
C1,Conservative Baseline (beta -> 0),1.1928571428571428,648448.1162943783,1,2.4251576491064846,-1.1709154531991755e-16,1.1709154531991755e-16,False,-0.7541516501439863,0.65670030347572,1.2504528624009823,1.42229447471379e+16
C1,Conservative Baseline (beta -> 0),1.1928571428571428,648448.1162943783,2,2.425157649106485,-4.4118288285429748e-16,4.4118288285429748e-16,False,-0.7541516501439867,-0.6567003034757201,1.2504528624009823,1.42229447471379e+16
C1,Conservative Baseline (beta -> 0),1.1928571428571428,648448.1162943783,3,3.209758088246633e-16,3.6643361726434716,3.6643361726434716,True,0.025621173675754137,-8.223776943612356e-18,1.2504528624009823,1.42229447471379e+16
C1,Conservative Baseline (beta -> 0),1.1928571428571428,648448.1162943783,0,1.2513458515019144e-17,-4.364868326490421,4.364868326490421,False,78.63904458103862,-9.840464220255678e-16,1.2504528624009823,1.42229447471379e+16
C1,Conservative Baseline (beta -> 0),1.1928571428571428,648448.1162943783,8,0.004258635303843261,-80.86983537262994,80.86983537262994,False,1.3222674787526927e+35,5.631089007943697e+32,1.2504528624009823,1.42229447471379e+16
C1,Conservative Baseline (beta -> 0),1.1928571428571428,648448.1162943783,6,2.756958675262712,-121.26194527438378,121.26194527438378,False,-4.270152339136952e+52,1.7285404281690226e+52,1.2504528624009823,1.42229447471379e+16
C1,Conservative Baseline (beta -> 0),1.1928571428571428,648448.1162943783,7,0.03234973897162218,-83.08663530875886,83.08663530875886,False,1.2129417615266836e+36,-3.9252042822907266e+34,1.2504528624009823,1.42229447471379e+16
C1,Conservative Baseline (beta -> 0),1.1928571428571428,648448.1162943783,5,0.9983035298499869,-80.51537583716575,80.51537583716575,False,5.025341340124467e+34,7.797378631936276e+34,1.2504528624009823,1.42229447471379e+16
C1,Conservative Baseline (beta -> 0),1.1928571428571428,648448.1162943783,9,1.7311265037782222,-81.68637820182965,81.68637820182965,False,-4.776352045797088e+34,-2.9535020983957037e+35,1.2504528624009823,1.42229447471379e+16
C1,Conservative Baseline (beta -> 0),1.2285714285714286,667862.730554689,4,8.379954353203433e-18,-3.6825009255164365,3.6825009255164365,False,39.74567084130051,-3.3306690738754696e-16,1.2755085656650096,9843734180496350.0
C1,Conservative Baseline (beta -> 0),1.2285714285714286,667862.730554689,2,2.4882492877622777,-4.949515581441458e-16,4.949515581441458e-16,False,-0.7940559934243483,0.607844617732914,1.2755085656650096,9843734180496350.0
C1,Conservative Baseline (beta -> 0),1.2285714285714286,667862.730554689,1,2.4882492877622773,-5.885729447965061e-16,5.885729447965061e-16,False,-0.7940559934243481,-0.6078446177329144,1.2755085656650096,9843734180496350.0
C1,Conservative Baseline (beta -> 0),1.2285714285714286,667862.730554689,3,1.1736905052045965e-15,3.6825009255163637,3.6825009255163637,True,0.02515997286831434,-2.9530021266745796e-17,1.2755085656650096,9843734180496350.0
C1,Conservative Baseline (beta -> 0),1.2285714285714286,667862.730554689,0,1.5556998878333517e-17,-4.399881022800705,4.399881022800705,False,81.44117844520328,1.2669803217221872e-15,1.2755085656650096,9843734180496350.0
C1,Conservative Baseline (beta -> 0),1.2285714285714286,667862.730554689,5,2.774942152982341,-80.14507606334993,80.14507606334993,False,-5.979902744157222e+34,-2.2963708937398114e+34,1.2755085656650096,9843734180496350.0
C1,Conservative Baseline (beta -> 0),1.2285714285714286,667862.730554689,6,0.6813478965797732,-121.26194527438378,121.26194527438378,False,3.578167625340602e+52,-2.901511581265166e+52,1.2755085656650096,9843734180496350.0
C1,Conservative Baseline (beta -> 0),1.2285714285714286,667862.730554689,7,0.8072451889186704,-82.73732282455413,82.73732282455413,False,5.9176508517044785e+35,6.182035062886974e+35,1.2755085656650096,9843734180496350.0
C1,Conservative Baseline (beta -> 0),1.2285714285714286,667862.730554689,8,1.4877280753628894,-81.66918143441633,81.66918143441633,False,2.44011519574117e+34,-2.9307226687025854e+35,1.2755085656650096,9843734180496350.0
C1,Conservative Baseline (beta -> 0),1.2285714285714286,667862.730554689,9,2.164927113547097,-82.24505889539456,82.24505889539456,False,-2.9281908120061807e+35,-4.334497116195264e+35,1.2755085656650096,9843734180496350.0
C1,Conservative Baseline (beta -> 0),1.2642857142857142,687277.3448149996,4,1.9201869701563685e-17,-3.700633598688676,3.700633598688676,False,40.472939839515874,-7.771561172376096e-16,1.3010916925223086,1.958238795501214e+16
C1,Conservative Baseline (beta -> 0),1.2642857142857142,687277.3448149996,2,2.5510908789619333,-2.252757096751259e-15,2.252757096751259e-15,False,-0.830661406660456,-0.5567778978056485,1.3010916925223086,1.958238795501214e+16
C1,Conservative Baseline (beta -> 0),1.2642857142857142,687277.3448149996,1,2.551090878961934,-1.4815731575516962e-15,1.4815731575516962e-15,False,-0.8306614066604556,0.5567778978056476,1.3010916925223086,1.958238795501214e+16
C1,Conservative Baseline (beta -> 0),1.2642857142857142,687277.3448149996,3,2.3734266594140142e-15,3.7006335986887215,3.7006335986887215,True,0.02470786663793573,-5.864230937572277e-17,1.3010916925223086,1.958238795501214e+16
C1,Conservative Baseline (beta -> 0),1.2642857142857142,687277.3448149996,0,1.349651937168223e-18,-4.435315219203033,4.435315219203033,False,84.37871848905868,1.138819008645302e-16,1.3010916925223086,1.958238795501214e+16
C1,Conservative Baseline (beta -> 0),1.2642857142857142,687277.3448149996,5,1.072265816440396,-77.68312960769573,77.68312960769573,False,2.611592696791858e+33,4.7972300725037814e+33,1.3010916925223086,1.958238795501214e+16
C1,Conservative Baseline (beta -> 0),1.2642857142857142,687277.3448149996,6,2.6191641633220573,-121.26194527438378,121.26194527438378,False,-3.99224669699334e+52,-2.2986994848386104e+52,1.3010916925223086,1.958238795501214e+16
C1,Conservative Baseline (beta -> 0),1.2642857142857142,687277.3448149996,9,2.230713679931562,-82.23931212630272,82.23931212630272,False,-3.1884268192437363e+35,-4.108943097553858e+35,1.3010916925223086,1.958238795501214e+16
C1,Conservative Baseline (beta -> 0),1.2642857142857142,687277.3448149996,7,0.15412187243991024,-81.9498889373735,81.9498889373735,False,3.847742403227579e+35,5.977617641626553e+34,1.3010916925223086,1.958238795501214e+16
C1,Conservative Baseline (beta -> 0),1.2642857142857142,687277.3448149996,8,1.2503626854487266,-80.73733348239222,80.73733348239222,False,3.648033811736346e+34,1.0992333448547168e+35,1.3010916925223086,1.958238795501214e+16
C1,Conservative Baseline (beta -> 0),1.3,706691.9590753104,4,2.9633361963590404e-17,-3.7187255570124016,3.7187255570124016,False,41.21183848758634,-1.2212453270876722e-15,1.3271571547123735,1.6340129314909898e+16
C1,Conservative Baseline (beta -> 0),1.3,706691.9590753104,2,2.6137453752302746,-2.9965227357680594e-15,2.9965227357680594e-15,False,-0.8638933430238089,-0.503674787813678,1.3271571547123735,1.6340129314909898e+16
C1,Conservative Baseline (beta -> 0),1.3,706691.9590753104,1,2.6137453752302746,-2.900611307743517e-15,2.900611307743517e-15,False,-0.8638933430238088,0.503674787813678,1.3271571547123735,1.6340129314909898e+16
C1,Conservative Baseline (beta -> 0),1.3,706691.9590753104,3,9.195118191600985e-17,3.718725557012184,3.718725557012184,True,0.024264872344907245,2.2311836911553225e-18,1.3271571547123735,1.6340129314909898e+16
C1,Conservative Baseline (beta -> 0),1.3,706691.9590753104,0,1.6399258471046578e-17,-4.4731138224500215,4.4731138224500215,False,87.62916027923104,1.437053249019878e-15,1.3271571547123735,1.6340129314909898e+16
C1,Conservative Baseline (beta -> 0),1.3,706691.9590753104,5,0.01235619394740888,-79.96869235765723,79.96869235765723,False,5.3694358984139695e+34,-6.634916801479058e+32,1.3271571547123735,1.6340129314909898e+16
C1,Conservative Baseline (beta -> 0),1.3,706691.9590753104,6,3.119640563641695,-121.26194527438378,121.26194527438378,False,-4.6056300186298177e+52,-1.0111944791874822e+51,1.3271571547123735,1.6340129314909898e+16
C1,Conservative Baseline (beta -> 0),1.3,706691.9590753104,8,0.7990827315681435,-83.05523269545402,83.05523269545402,False,8.201419775633924e+35,-8.429014291523094e+35,1.3271571547123735,1.6340129314909898e+16
C1,Conservative Baseline (beta -> 0),1.3,706691.9590753104,9,2.2738817251494527,-82.27521871917297,82.27521871917297,False,-3.485716264446184e+35,-4.112568451863537e+35,1.3271571547123735,1.6340129314909898e+16
C1,Conservative Baseline (beta -> 0),1.3,706691.9590753104,7,0.4866607013024462,-82.21443284063116,82.21443284063116,False,4.484121815368842e+35,2.3725776324081803e+35,1.3271571547123735,1.6340129314909898e+16
C1,Conservative Baseline (beta -> 0),1.3357142857142856,726106.5733356212,4,1.8520385044443596e-17,-3.73676923353243,3.73676923353243,False,41.962200859898886,7.771561172376096e-16,1.3536632224166694,1.4836152204932796e+16
C1,Conservative Baseline (beta -> 0),1.3357142857142856,726106.5733356212,1,2.676296823883983,1.2668791900979763e-15,1.2668791900979763e-15,True,-0.8936888697117313,-0.4486872007906684,1.3536632224166694,1.4836152204932796e+16
C1,Conservative Baseline (beta -> 0),1.3357142857142856,726106.5733356212,2,2.6762968238839835,1.8381067755104e-15,1.8381067755104e-15,True,-0.8936888697117309,0.448687200790668,1.3536632224166694,1.4836152204932796e+16
C1,Conservative Baseline (beta -> 0),1.3357142857142856,726106.5733356212,3,3.4051981244016885e-17,3.7367692335322196,3.7367692335322196,True,0.023830971195694814,-8.114917841825064e-19,1.3536632224166694,1.4836152204932796e+16
C1,Conservative Baseline (beta -> 0),1.3357142857142856,726106.5733356212,0,2.6941431712024342e-17,-4.50525617549469,4.50525617549469,False,90.49152279044563,2.4379711817758855e-15,1.3536632224166694,1.4836152204932796e+16
C1,Conservative Baseline (beta -> 0),1.3357142857142856,726106.5733356212,5,1.4547184511299702,-78.80705522591052,78.80705522591052,False,1.9464486315781892e+33,1.6693091257869704e+34,1.3536632224166694,1.4836152204932796e+16
C1,Conservative Baseline (beta -> 0),1.3357142857142856,726106.5733356212,6,2.241618407542969,-121.26194527438378,121.26194527438378,False,-2.863688411478759e+52,-3.608509622158958e+52,1.3536632224166694,1.4836152204932796e+16
C1,Conservative Baseline (beta -> 0),1.3357142857142856,726106.5733356212,8,1.821317909938004,-83.21530468002497,83.21530468002497,False,-3.421688269663817e+35,-1.337131909477282e+36,1.3536632224166694,1.4836152204932796e+16
C1,Conservative Baseline (beta -> 0),1.3357142857142856,726106.5733356212,7,0.5814973765795957,-81.88771399734388,81.88771399734388,False,3.0577510517514115e+35,2.0098923955386036e+35,1.3536632224166694,1.4836152204932796e+16
C1,Conservative Baseline (beta -> 0),1.3357142857142856,726106.5733356212,9,2.895588851194167,-79.4119391254614,79.4119391254614,False,-2.9846330547220407e+34,7.49409991769583e+33,1.3536632224166694,1.4836152204932796e+16
C1,Conservative Baseline (beta -> 0),1.3714285714285714,745521.1875959318,4,3.897900919235603e-17,-3.7547580299208287,3.7547580299208287,False,42.72388065893463,-1.6653345369377348e-15,1.380571347109984,1.0896237050011948e+16
C1,Conservative Baseline (beta -> 0),1.3714285714285714,745521.1875959318,2,2.738866923830504,-1.6930941627799093e-15,1.6930941627799093e-15,False,-0.9199961245962849,-0.3919274559504864,1.380571347109984,1.0896237050011948e+16
C1,Conservative Baseline (beta -> 0),1.3714285714285714,745521.1875959318,1,2.7388669238305043,-1.314763232529772e-15,1.314763232529772e-15,False,-0.9199961245962847,0.39192745595048595,1.380571347109984,1.0896237050011948e+16
C1,Conservative Baseline (beta -> 0),1.3714285714285714,745521.1875959318,3,2.133142013831774e-15,3.7547580299208696,3.7547580299208696,True,0.023406113503194475,4.992856409417934e-17,1.380571347109984,1.0896237050011948e+16
C1,Conservative Baseline (beta -> 0),1.3714285714285714,745521.1875959318,0,7.1967255423232e-18,-4.538860304053434,4.538860304053434,False,93.58408191904893,-6.734989527016861e-16,1.380571347109984,1.0896237050011948e+16
C1,Conservative Baseline (beta -> 0),1.3714285714285714,745521.1875959318,5,0.016424554093724564,-80.54439150933572,80.54439150933572,False,9.548303153889768e+34,1.568407253385023e+33,1.380571347109984,1.0896237050011948e+16
C1,Conservative Baseline (beta -> 0),1.3714285714285714,745521.1875959318,6,0.04003062653759203,-121.26194527438378,121.26194527438378,False,4.603049410012736e+52,-1.8436143911609067e+51,1.380571347109984,1.0896237050011948e+16
C1,Conservative Baseline (beta -> 0),1.3714285714285714,745521.1875959318,8,2.59650358769234,-83.369959959054,83.369959959054,False,-1.3775928533415223e+36,8.353289099057536e+35,1.380571347109984,1.0896237050011948e+16
C1,Conservative Baseline (beta -> 0),1.3714285714285714,745521.1875959318,7,0.4653530995068249,-82.72335130063341,82.72335130063341,False,7.541693100576002e+35,3.786938145399136e+35,1.380571347109984,1.0896237050011948e+16
C1,Conservative Baseline (beta -> 0),1.3714285714285714,745521.1875959318,9,0.6439316949403633,-80.92823736329717,80.92823736329717,False,1.1210799622265181e+35,8.415644677192753e+34,1.380571347109984,1.0896237050011948e+16
C1,Conservative Baseline (beta -> 0),1.407142857142857,764935.8018562426,4,8.16776809930377e-17,-3.7726862249303745,3.7726862249303745,False,43.49675009876123,3.552713678800501e-15,1.4078459615992795,1.60606330111633e+16
C1,Conservative Baseline (beta -> 0),1.407142857142857,764935.8018562426,1,2.801650060717633,7.893689575095223e-16,7.893689575095223e-16,True,-0.9427738085110055,0.333432970753722,1.4078459615992795,1.60606330111633e+16
C1,Conservative Baseline (beta -> 0),1.407142857142857,764935.8018562426,2,2.8016500607176327,1.066357218146268e-15,1.066357218146268e-15,True,-0.9427738085110051,-0.33343297075372214,1.4078459615992795,1.60606330111633e+16
C1,Conservative Baseline (beta -> 0),1.407142857142857,764935.8018562426,3,4.9008152025354935e-15,3.772686224930364,3.772686224930364,True,0.022990223355295915,1.1267083612932079e-16,1.4078459615992795,1.60606330111633e+16
C1,Conservative Baseline (beta -> 0),1.407142857142857,764935.8018562426,0,2.8984539953971575e-17,-4.57234718020582,4.57234718020582,False,96.77098234754206,-2.804862404237411e-15,1.4078459615992795,1.60606330111633e+16
C1,Conservative Baseline (beta -> 0),1.407142857142857,764935.8018562426,5,0.20829943027604986,-78.6113849622068,78.6113849622068,False,1.3520727068129796e+34,-2.8578120020790996e+33,1.4078459615992795,1.60606330111633e+16
C1,Conservative Baseline (beta -> 0),1.407142857142857,764935.8018562426,6,2.849441149026712,-121.26194527438378,121.26194527438378,False,-4.41153593976198e+52,-1.3268020438030277e+52,1.4078459615992795,1.60606330111633e+16
C1,Conservative Baseline (beta -> 0),1.407142857142857,764935.8018562426,7,1.0596188848019683,-82.71667701373885,82.71667701373885,False,4.100972380717614e+35,-7.311341772012905e+35,1.4078459615992795,1.60606330111633e+16
C1,Conservative Baseline (beta -> 0),1.407142857142857,764935.8018562426,9,2.14699960935443,-81.33760719137935,81.33760719137935,False,-1.1501283066618524e+35,-1.7700941402870927e+35,1.4078459615992795,1.60606330111633e+16
C1,Conservative Baseline (beta -> 0),1.407142857142857,764935.8018562426,8,1.6433209456148519,-81.8401712019913,81.8401712019913,False,-2.5283629674881467e+34,3.480098953575136e+35,1.4078459615992795,1.60606330111633e+16
C1,Conservative Baseline (beta -> 0),1.4428571428571428,784350.4161165534,4,1.1658662121217674e-16,-3.790548890366302,3.790548890366302,False,44.280698855760164,5.162537064506978e-15,1.4354542748004875,3.4753676193810496e+16
C1,Conservative Baseline (beta -> 0),1.4428571428571428,784350.4161165534,2,2.8649971212721237,-1.5904095307281853e-15,1.5904095307281853e-15,False,-0.9619907108644872,0.2730821711691223,1.4354542748004875,3.4753676193810496e+16
C1,Conservative Baseline (beta -> 0),1.4428571428571428,784350.4161165534,1,2.8649971212721232,-1.8949690122776157e-15,1.8949690122776157e-15,False,-0.9619907108644874,-0.27308217116912264,1.4354542748004875,3.4753676193810496e+16
C1,Conservative Baseline (beta -> 0),1.4428571428571428,784350.4161165534,3,2.2802124801993716e-15,3.7905488903663023,3.7905488903663023,True,0.022583202746130925,5.1494500744600456e-17,1.4354542748004875,3.4753676193810496e+16
C1,Conservative Baseline (beta -> 0),1.4428571428571428,784350.4161165534,0,2.2269551383341057e-17,-4.605551092223131,4.605551092223131,False,100.0380978789031,-2.2278035610059347e-15,1.4354542748004875,3.4753676193810496e+16
C1,Conservative Baseline (beta -> 0),1.4428571428571428,784350.4161165534,5,2.7683692179224026,-79.73364447208967,79.73364447208967,False,-3.9527983840594924e+34,1.547821687842443e+34,1.4354542748004875,3.4753676193810496e+16
C1,Conservative Baseline (beta -> 0),1.4428571428571428,784350.4161165534,6,1.8483824632257404,-121.26194527438378,121.26194527438378,False,-1.2624079327549726e+52,4.4303926713744953e+52,1.4354542748004875,3.4753676193810496e+16
C1,Conservative Baseline (beta -> 0),1.4428571428571428,784350.4161165534,8,2.547602752268326,-83.06904721108688,83.06904721108688,False,-9.881744599776314e+35,-6.673633727497725e+35,1.4354542748004875,3.4753676193810496e+16
C1,Conservative Baseline (beta -> 0),1.4428571428571428,784350.4161165534,7,0.1451730532327055,-82.27745571172647,82.27745571172647,False,5.346288736923216e+35,-7.816358377999202e+34,1.4354542748004875,3.4753676193810496e+16
C1,Conservative Baseline (beta -> 0),1.4428571428571428,784350.4161165534,9,2.0922000254216178,-81.3709986792649,81.3709986792649,False,-1.0871521794594789e+35,-1.892584787158252e+35,1.4354542748004875,3.4753676193810496e+16
C1,Conservative Baseline (beta -> 0),1.4785714285714284,803765.0303768639,4,1.8780547235831902e-16,-3.8083418140654466,3.8083418140654466,False,45.075633081741955,8.465450562766819e-15,1.4633660710835537,1.5874212689561298e+16
C1,Conservative Baseline (beta -> 0),1.4785714285714284,803765.0303768639,2,2.9296555237331687,1.1195453876701933e-15,1.1195453876701933e-15,True,-0.977625266064519,0.21035408042696985,1.4633660710835537,1.5874212689561298e+16
C1,Conservative Baseline (beta -> 0),1.4785714285714284,803765.0303768639,1,2.9296555237331687,1.4626755073782718e-15,1.4626755073782718e-15,True,-0.9776252660645187,-0.21035408042696976,1.4633660710835537,1.5874212689561298e+16
C1,Conservative Baseline (beta -> 0),1.4785714285714284,803765.0303768639,3,4.682414529629481e-16,3.8083418140656393,3.8083418140656393,True,0.02218493522179416,-1.0387906302141779e-17,1.4633660710835537,1.5874212689561298e+16
C1,Conservative Baseline (beta -> 0),1.4785714285714284,803765.0303768639,0,4.098404691491592e-17,-4.63854108857912,4.63854108857912,False,103.39339569151778,4.2374797797136305e-15,1.4633660710835537,1.5874212689561298e+16
C1,Conservative Baseline (beta -> 0),1.4785714285714284,803765.0303768639,5,1.407350824238868,-78.57179934113829,78.57179934113829,False,2.161406643364419e+33,-1.310605264284385e+34,1.4633660710835537,1.5874212689561298e+16
C1,Conservative Baseline (beta -> 0),1.4785714285714284,803765.0303768639,6,1.441892760171589,-121.26194527438378,121.26194527438378,False,5.921820636470024e+51,4.5685198275531525e+52,1.4633660710835537,1.5874212689561298e+16
C1,Conservative Baseline (beta -> 0),1.4785714285714284,803765.0303768639,8,2.046979801285821,-83.68738961602365,83.68738961602365,False,-1.0143952365586786e+36,-1.966760803790965e+36,1.4633660710835537,1.5874212689561298e+16
C1,Conservative Baseline (beta -> 0),1.4785714285714284,803765.0303768639,7,1.7014752575361733,-82.45036880513663,82.45036880513663,False,-8.36968277108903e+34,6.368268717075952e+35,1.4633660710835537,1.5874212689561298e+16
C1,Conservative Baseline (beta -> 0),1.4785714285714284,803765.0303768639,9,2.2700967691978238,-81.13321003639403,81.13321003639403,False,-1.107585101763524e+35,-1.3168398788483499e+35,1.4633660710835537,1.5874212689561298e+16
C1,Conservative Baseline (beta -> 0),1.5142857142857142,823179.6446371747,4,2.2382809391913645e-17,-3.826061429371244,3.826061429371244,False,45.88147447430275,-1.0269562977782698e-15,1.4915535193005263,9411366029404120.0
C1,Conservative Baseline (beta -> 0),1.5142857142857142,823179.6446371747,2,2.9976988549242094,-3.903411255337623e-15,3.903411255337623e-15,False,-0.9896651381384385,0.14339774877393746,1.4915535193005263,9411366029404120.0
C1,Conservative Baseline (beta -> 0),1.5142857142857142,823179.6446371747,1,2.9976988549242094,-3.761695656560962e-15,3.761695656560962e-15,False,-0.9896651381384384,-0.14339774877393724,1.4915535193005263,9411366029404120.0
C1,Conservative Baseline (beta -> 0),1.5142857142857142,823179.6446371747,3,5.114227857800114e-15,3.8260614293707693,3.8260614293707693,True,0.02179528908907568,1.114660746281577e-16,1.4915535193005263,9411366029404120.0
C1,Conservative Baseline (beta -> 0),1.5142857142857142,823179.6446371747,0,3.0219502760509418e-18,-4.670916855782797,4.670916855782797,False,106.79561373469001,-3.227310344065762e-16,1.4915535193005263,9411366029404120.0
C1,Conservative Baseline (beta -> 0),1.5142857142857142,823179.6446371747,5,3.131224943432877,-78.61817072238264,78.61817072238264,False,-1.391279482719182e+34,1.4424899269123257e+32,1.4915535193005263,9411366029404120.0
C1,Conservative Baseline (beta -> 0),1.5142857142857142,823179.6446371747,6,2.171810617131358,-121.26194527438378,121.26194527438378,False,-2.605016143628714e+52,3.7994662655016803e+52,1.4915535193005263,9411366029404120.0
C1,Conservative Baseline (beta -> 0),1.5142857142857142,823179.6446371747,7,1.6028626409501783,-82.45484727495719,82.45484727495719,False,-2.0685203179367733e+34,-6.448546830205258e+35,1.4915535193005263,9411366029404120.0
C1,Conservative Baseline (beta -> 0),1.5142857142857142,823179.6446371747,8,2.5258176237846275,-81.92561727088142,81.92561727088142,False,-3.102466911834154e+35,2.1951500149320292e+35,1.4915535193005263,9411366029404120.0
C1,Conservative Baseline (beta -> 0),1.5142857142857142,823179.6446371747,9,1.7009015417788105,-79.62976960433977,79.62976960433977,False,-4.964074643968935e+33,-3.7938782192049956e+34,1.4915535193005263,9411366029404120.0
C1,Conservative Baseline (beta -> 0),1.55,842594.2588974854,4,1.8276607925426575e-16,-3.8437047506075035,3.8437047506075035,False,46.698159399327864,-8.534839501805891e-15,1.5199909938037062,6937490778259110.0
C1,Conservative Baseline (beta -> 0),1.55,842594.2588974854,2,3.0800497135042977,2.6490850759058576e-15,2.6490850759058576e-15,True,-0.9981068309127646,0.0615040981177072,1.5199909938037062,6937490778259110.0
C1,Conservative Baseline (beta -> 0),1.55,842594.2588974854,1,3.0800497135042977,2.9943245436651875e-15,2.9943245436651875e-15,True,-0.9981068309127643,-0.06150409811770699,1.5199909938037062,6937490778259110.0
C1,Conservative Baseline (beta -> 0),1.55,842594.2588974854,3,2.4044207588690285e-16,3.8437047506077264,3.8437047506077264,True,0.021414120232202776,5.1488555219225614e-18,1.5199909938037062,6937490778259110.0
C1,Conservative Baseline (beta -> 0),1.55,842594.2588974854,0,1.2363834878402042e-17,-4.702894709384801,4.702894709384801,False,110.26589865135348,-1.3633093636439489e-15,1.5199909938037062,6937490778259110.0
C1,Conservative Baseline (beta -> 0),1.55,842594.2588974854,5,2.8369448404786985,-80.31813885205882,80.31813885205882,False,-7.265262665088521e+34,-2.284461409990755e+34,1.5199909938037062,6937490778259110.0
C1,Conservative Baseline (beta -> 0),1.55,842594.2588974854,6,2.2850239619250297,-121.26194527438378,121.26194527438378,False,-3.0175713627119853e+52,-3.4808499080241974e+52,1.5199909938037062,6937490778259110.0
C1,Conservative Baseline (beta -> 0),1.55,842594.2588974854,7,0.17964792966858545,-82.72689698600539,82.72689698600539,False,8.332757967526896e+35,1.5132773762344438e+35,1.5199909938037062,6937490778259110.0
C1,Conservative Baseline (beta -> 0),1.55,842594.2588974854,8,2.5543949149778515,-82.85508255424716,82.85508255424716,False,-8.014705311992368e+35,5.333824112041904e+35,1.5199909938037062,6937490778259110.0
C1,Conservative Baseline (beta -> 0),1.55,842594.2588974854,9,1.600505057869775,-80.55311925883548,80.55311925883548,False,-2.861510932656035e+33,9.629051510443898e+34,1.5199909938037062,6937490778259110.0
C1,Conservative Baseline (beta -> 0),1.5857142857142856,862008.8731577962,4,9.837690919064407e-18,-3.8612693140718455,3.8612693140718455,False,47.52563806054988,-4.675425379710133e-16,1.548654908143993,4.163514838475641e+16
C1,Conservative Baseline (beta -> 0),1.5857142857142856,862008.8731577962,3,7.69972851234723e-17,3.861269314071874,3.861269314071874,True,0.0210412745795422,1.6201210181622806e-18,1.548654908143993,4.163514838475641e+16
C1,Conservative Baseline (beta -> 0),1.5857142857142856,862008.8731577962,2,3.1415926535897922,-0.07686178042333797,0.07686178042333797,False,-1.0798928037504625,-8.938799669025397e-16,1.548654908143993,4.163514838475641e+16
C1,Conservative Baseline (beta -> 0),1.5857142857142856,862008.8731577962,1,3.1415926535897922,0.07686178042333651,0.07686178042333651,True,-0.9260178385549068,7.804051860828498e-16,1.548654908143993,4.163514838475641e+16
C1,Conservative Baseline (beta -> 0),1.5857142857142856,862008.8731577962,0,7.727899963734468e-17,-4.734779348697113,4.734779348697113,False,113.8383373693238,-8.797312832279895e-15,1.548654908143993,4.163514838475641e+16
C1,Conservative Baseline (beta -> 0),1.5857142857142856,862008.8731577962,9,2.9037784367578072,-81.29260964199874,81.29260964199874,False,-1.961251816915376e+35,-4.754099037464181e+34,1.548654908143993,4.163514838475641e+16
C1,Conservative Baseline (beta -> 0),1.5857142857142856,862008.8731577962,6,0.6000749941864872,-121.26194527438378,121.26194527438378,False,3.801911470684993e+52,2.60144617094519e+52,1.548654908143993,4.163514838475641e+16
C1,Conservative Baseline (beta -> 0),1.5857142857142856,862008.8731577962,7,0.21506686284698792,-83.15000618461336,83.15000618461336,False,1.2631839076911018e+36,2.7593654412917806e+35,1.548654908143993,4.163514838475641e+16
C1,Conservative Baseline (beta -> 0),1.5857142857142856,862008.8731577962,8,2.2242142145967625,-82.15097604314073,82.15097604314073,False,-2.8943458871390933e+35,3.7804363456635575e+35,1.548654908143993,4.163514838475641e+16
C1,Conservative Baseline (beta -> 0),1.5857142857142856,862008.8731577962,5,2.4880911084723034,-80.12854595845137,80.12854595845137,False,-5.002463004637325e+34,3.830607501610436e+34,1.548654908143993,4.163514838475641e+16
C1,Conservative Baseline (beta -> 0),1.6214285714285714,881423.4874181069,4,8.512250255555713e-17,-3.878753124095351,3.878753124095351,False,48.36387371128285,-4.116853963585317e-15,1.5775235612522096,6.477063655924223e+16
C1,Conservative Baseline (beta -> 0),1.6214285714285714,881423.4874181069,3,9.27928312202448e-17,3.8787531240954474,3.8787531240954474,True,0.020676590257628857,-1.9186393499863125e-18,1.5775235612522096,6.477063655924223e+16
C1,Conservative Baseline (beta -> 0),1.6214285714285714,881423.4874181069,2,3.1415926535897927,-0.09187755105101503,0.09187755105101503,False,-1.096230581579621,-4.212462116842908e-16,1.5775235612522096,6.477063655924223e+16
C1,Conservative Baseline (beta -> 0),1.6214285714285714,881423.4874181069,1,3.141592653589793,0.0918775510510133,0.0918775510510133,True,-0.9122168427002327,2.5469238981291874e-16,1.5775235612522096,6.477063655924223e+16
C1,Conservative Baseline (beta -> 0),1.6214285714285714,881423.4874181069,0,1.9437433802538174e-17,-4.765318932505176,4.765318932505176,False,117.36854396295472,-2.2813433037802237e-15,1.5775235612522096,6.477063655924223e+16
C1,Conservative Baseline (beta -> 0),1.6214285714285714,881423.4874181069,9,1.6765585136363186,-81.28656882153889,81.28656882153889,False,-2.11752608255775e+34,1.9946872854596894e+35,1.5775235612522096,6.477063655924223e+16
C1,Conservative Baseline (beta -> 0),1.6214285714285714,881423.4874181069,6,1.7748372901169436,-121.26194527438378,121.26194527438378,False,-9.334550150913558e+51,-4.511176647622251e+52,1.5775235612522096,6.477063655924223e+16
C1,Conservative Baseline (beta -> 0),1.6214285714285714,881423.4874181069,7,0.5701742815666442,-82.64670065718816,82.64670065718816,False,6.579888458602999e+35,4.2191196426673525e+35,1.5775235612522096,6.477063655924223e+16
C1,Conservative Baseline (beta -> 0),1.6214285714285714,881423.4874181069,8,2.5914745865119184,-82.90556882169797,82.90556882169797,False,-8.631901910482116e+35,5.2936664008434286e+35,1.5775235612522096,6.477063655924223e+16
C1,Conservative Baseline (beta -> 0),1.6214285714285714,881423.4874181069,5,2.038539816597991,-79.18495514021161,79.18495514021161,False,-1.1057159798772152e+34,2.188971421256239e+34,1.5775235612522096,6.477063655924223e+16
C1,Conservative Baseline (beta -> 0),1.657142857142857,900838.1016784176,4,2.260180736066508e-16,-3.8961546037417563,3.8961546037417563,False,49.21284190364858,1.1122991723771314e-14,1.6065769954564684,2.4299392763905404e+16
C1,Conservative Baseline (beta -> 0),1.657142857142857,900838.1016784176,3,4.175515468793972e-17,3.8961546037418517,3.8961546037418517,True,0.02031989946765838,8.484605455154596e-19,1.6065769954564684,2.4299392763905404e+16
C1,Conservative Baseline (beta -> 0),1.657142857142857,900838.1016784176,2,3.141592653589793,-0.06216563215207424,0.06216563215207424,False,-1.0641385856960994,1.270892439853419e-16,1.6065769954564684,2.4299392763905404e+16
C1,Conservative Baseline (beta -> 0),1.657142857142857,900838.1016784176,1,3.141592653589793,0.062165632152075066,0.062165632152075066,True,-0.9397272248575176,1.1514596279694866e-16,1.6065769954564684,2.4299392763905404e+16
C1,Conservative Baseline (beta -> 0),1.657142857142857,900838.1016784176,0,2.3069742778796218e-17,-4.796208052772987,4.796208052772987,False,121.05052891568417,-2.7926045653220675e-15,1.6065769954564684,2.4299392763905404e+16
C1,Conservative Baseline (beta -> 0),1.657142857142857,900838.1016784176,9,0.01633266041517359,-81.62882147175448,81.62882147175448,False,2.824156774485282e+35,-4.613009545327533e+33,1.6065769954564684,2.4299392763905404e+16
C1,Conservative Baseline (beta -> 0),1.657142857142857,900838.1016784176,6,3.122984263346441,-121.26194527438378,121.26194527438378,False,-4.605942384865453e+52,8.571906760739962e+50,1.6065769954564684,2.4299392763905404e+16
C1,Conservative Baseline (beta -> 0),1.657142857142857,900838.1016784176,7,0.5202452792818566,-83.47169712314945,83.47169712314945,False,1.5476248386410735e+36,-8.866150245202553e+35,1.6065769954564684,2.4299392763905404e+16
C1,Conservative Baseline (beta -> 0),1.657142857142857,900838.1016784176,8,2.512839403329605,-82.90362792372255,82.90362792372255,False,-8.173509097823207e+35,5.9438324604126535e+35,1.6065769954564684,2.4299392763905404e+16
C1,Conservative Baseline (beta -> 0),1.657142857142857,900838.1016784176,5,0.19431730378861453,-79.21363820367188,79.21363820367188,False,2.4762502281853384e+34,4.8732746459469073e+33,1.6065769954564684,2.4299392763905404e+16
C1,Conservative Baseline (beta -> 0),1.6928571428571428,920252.7159387284,4,1.4268907592710839e-16,-3.913472549748291,3.913472549748291,False,50.07252977086611,-7.14480300233751e-15,1.635796865494109,7537716196297372.0
C1,Conservative Baseline (beta -> 0),1.6928571428571428,920252.7159387284,3,3.4297577653331197e-16,3.9134725497483123,3.9134725497483123,True,0.01997103011523521,6.849579561942955e-18,1.635796865494109,7537716196297372.0
C1,Conservative Baseline (beta -> 0),1.6928571428571428,920252.7159387284,1,3.053374338807819,4.330791517118817e-15,4.330791517118817e-15,True,-0.9961112874329281,0.08810393321927147,1.635796865494109,7537716196297372.0
C1,Conservative Baseline (beta -> 0),1.6928571428571428,920252.7159387284,2,3.053374338807819,3.766834484708032e-15,3.766834484708032e-15,True,-0.9961112874329286,-0.0881039332192716,1.635796865494109,7537716196297372.0
C1,Conservative Baseline (beta -> 0),1.6928571428571428,920252.7159387284,0,1.5308923660595997e-18,-4.826363084659347,4.826363084659347,False,124.7564060804327,-1.9098862968556583e-16,1.635796865494109,7537716196297372.0
C1,Conservative Baseline (beta -> 0),1.6928571428571428,920252.7159387284,9,0.5057352744877958,-81.35684254897009,81.35684254897009,False,1.8825466458022068e+35,1.0425033618389844e+35,1.635796865494109,7537716196297372.0
C1,Conservative Baseline (beta -> 0),1.6928571428571428,920252.7159387284,6,2.69534589061613,-121.26194527438378,121.26194527438378,False,-4.155617044505455e+52,1.988190129405955e+52,1.635796865494109,7537716196297372.0
C1,Conservative Baseline (beta -> 0),1.6928571428571428,920252.7159387284,8,2.954068176071048,-82.51928976605956,82.51928976605956,False,-6.76068873693114e+35,1.2828675241871275e+35,1.635796865494109,7537716196297372.0
C1,Conservative Baseline (beta -> 0),1.6928571428571428,920252.7159387284,7,0.15783465292952342,-82.57142844577358,82.57142844577358,False,7.159514988070355e+35,-1.1394976192977946e+35,1.635796865494109,7537716196297372.0
C1,Conservative Baseline (beta -> 0),1.6928571428571428,920252.7159387284,5,0.5424642246682936,-80.84460927704394,80.84460927704394,False,1.1042418516647307e+35,6.656195907086347e+34,1.635796865494109,7537716196297372.0
C1,Conservative Baseline (beta -> 0),1.7285714285714284,939667.330199039,4,2.0344311520406647e-16,-3.9307060913402525,3.9307060913402525,False,50.942935338497605,-1.0363989462903277e-14,1.665166317625464,3.420524166979861e+16
C1,Conservative Baseline (beta -> 0),1.7285714285714284,939667.330199039,3,7.218547340476005e-17,3.930706091340166,3.930706091340166,True,0.019629807221657802,-1.4169869271395461e-18,1.665166317625464,3.420524166979861e+16
C1,Conservative Baseline (beta -> 0),1.7285714285714284,939667.330199039,2,2.978898244355588,-2.636486707401449e-15,2.636486707401449e-15,False,-0.9867944318935084,-0.1619776193922277,1.665166317625464,3.420524166979861e+16
C1,Conservative Baseline (beta -> 0),1.7285714285714284,939667.330199039,1,2.9788982443555883,-2.3724165069986306e-15,2.3724165069986306e-15,False,-0.9867944318935081,0.16197761939222743,1.665166317625464,3.420524166979861e+16
C1,Conservative Baseline (beta -> 0),1.7285714285714284,939667.330199039,0,2.255244542357936e-17,-4.856047745402956,4.856047745402956,False,128.5152719846485,2.898333657530243e-15,1.665166317625464,3.420524166979861e+16
C1,Conservative Baseline (beta -> 0),1.7285714285714284,939667.330199039,9,0.038296037744483674,-80.89814177190036,80.89814177190036,False,1.3592458780827985e+35,-5.207919348816949e+33,1.665166317625464,3.420524166979861e+16
C1,Conservative Baseline (beta -> 0),1.7285714285714284,939667.330199039,6,3.087905594859548,-121.26194527438378,121.26194527438378,False,-4.6001025453717706e+52,-2.4720352609885173e+51,1.665166317625464,3.420524166979861e+16
C1,Conservative Baseline (beta -> 0),1.7285714285714284,939667.330199039,7,0.8179888822432757,-82.82306514824073,82.82306514824073,False,6.374697087707416e+35,-6.804364307450784e+35,1.665166317625464,3.420524166979861e+16
C1,Conservative Baseline (beta -> 0),1.7285714285714284,939667.330199039,8,2.9957584478134702,-82.80681182468462,82.80681182468462,False,-9.076256740139067e+35,1.3330926873205847e+35,1.665166317625464,3.420524166979861e+16
C1,Conservative Baseline (beta -> 0),1.7285714285714284,939667.330199039,5,1.2091357562632328,-79.50638106649153,79.50638106649153,False,1.1966705708568696e+34,-3.163285639544103e+34,1.665166317625464,3.420524166979861e+16
C1,Conservative Baseline (beta -> 0),1.7642857142857142,959081.9444593498,4,9.372529071836693e-17,-3.9478546525791125,3.9478546525791125,False,51.82406686078394,-4.85722573273506e-15,1.6946698779815095,1.0903102668443282e+16
C1,Conservative Baseline (beta -> 0),1.7642857142857142,959081.9444593498,2,2.9131701227041233,3.282622919121347e-16,3.282622919121347e-16,True,-0.9740248109185979,0.22644131185582916,1.6946698779815095,1.0903102668443282e+16
C1,Conservative Baseline (beta -> 0),1.7642857142857142,959081.9444593498,1,2.913170122704124,5.885343089157501e-16,5.885343089157501e-16,True,-0.9740248109185977,-0.22644131185582897,1.6946698779815095,1.0903102668443282e+16
C1,Conservative Baseline (beta -> 0),1.7642857142857142,959081.9444593498,3,2.010871704550309e-17,3.9478546525790867,3.9478546525790867,True,0.019296054141917242,3.8801889283452176e-19,1.6946698779815095,1.0903102668443282e+16
C1,Conservative Baseline (beta -> 0),1.7642857142857142,959081.9444593498,0,1.591591184916156e-17,-4.885263170824924,4.885263170824924,False,132.32528490673323,2.1060775699907547e-15,1.6946698779815095,1.0903102668443282e+16
C1,Conservative Baseline (beta -> 0),1.7642857142857142,959081.9444593498,9,2.059120670927772,-80.71129174545439,80.71129174545439,False,-5.293919547303294e+34,9.965256096410285e+34,1.6946698779815095,1.0903102668443282e+16
C1,Conservative Baseline (beta -> 0),1.7642857142857142,959081.9444593498,6,1.6890029731603509,-121.26194527438378,121.26194527438378,False,-5.4328002368925316e+51,-4.574592859163731e+52,1.6946698779815095,1.0903102668443282e+16
C1,Conservative Baseline (beta -> 0),1.7642857142857142,959081.9444593498,7,0.25332883125710753,-83.38080031414438,83.38080031414438,False,1.576646337177546e+36,4.081792634582194e+35,1.6946698779815095,1.0903102668443282e+16
C1,Conservative Baseline (beta -> 0),1.7642857142857142,959081.9444593498,8,2.5314154398008135,-82.84466631763345,82.84466631763345,False,-7.808273713380025e+35,-5.4594097057913966e+35,1.6946698779815095,1.0903102668443282e+16
C1,Conservative Baseline (beta -> 0),1.7642857142857142,959081.9444593498,5,1.345758780975467,-79.40291313652043,79.40291313652043,False,6.805032672773687e+33,2.9727349216882933e+34,1.6946698779815095,1.0903102668443282e+16
C1,Conservative Baseline (beta -> 0),1.8,978496.5587196606,4,9.687820614063677e-17,-3.9649179179336707,3.9649179179336707,False,52.71594217859402,5.10702591327572e-15,1.7242933493382235,3.849325091705366e+16
C1,Conservative Baseline (beta -> 0),1.8,978496.5587196606,2,2.850223684883439,1.7896810731204377e-15,1.7896810731204377e-15,True,-0.9578515180768272,-0.28726376262576864,1.7242933493382235,3.849325091705366e+16
C1,Conservative Baseline (beta -> 0),1.8,978496.5587196606,1,2.850223684883439,3.273098092784637e-15,3.273098092784637e-15,True,-0.9578515180768259,0.2872637626257679,1.7242933493382235,3.849325091705366e+16
C1,Conservative Baseline (beta -> 0),1.8,978496.5587196606,3,2.3629708620713748e-17,3.964917917933761,3.964917917933761,True,0.01896959361196759,-4.48245969704147e-19,1.7242933493382235,3.849325091705366e+16
C1,Conservative Baseline (beta -> 0),1.8,978496.5587196606,0,2.0873096198743317e-17,-4.914653670717546,4.914653670717546,False,136.27210660819208,-2.844420790438198e-15,1.7242933493382235,3.849325091705366e+16
C1,Conservative Baseline (beta -> 0),1.8,978496.5587196606,9,2.8176148790626985,-80.66694818758269,80.66694818758269,False,-1.023312087225323e+35,-3.436382939211996e+34,1.7242933493382235,3.849325091705366e+16
C1,Conservative Baseline (beta -> 0),1.8,978496.5587196606,6,0.581705570066285,-121.26194527438378,121.26194527438378,False,3.8490544188866327e+52,2.531172276179718e+52,1.7242933493382235,3.849325091705366e+16
C1,Conservative Baseline (beta -> 0),1.8,978496.5587196606,8,3.049287275199428,-83.47897501535812,83.47897501535812,False,-1.7889797096769087e+36,-1.656030446688151e+35,1.7242933493382235,3.849325091705366e+16
C1,Conservative Baseline (beta -> 0),1.8,978496.5587196606,7,0.11870769140085559,-82.73131673423019,82.73131673423019,False,8.446702355577902e+35,1.007425036678176e+35,1.7242933493382235,3.849325091705366e+16
C1,Conservative Baseline (beta -> 0),1.8,978496.5587196606,5,1.5387438533973679,-78.81436460158575,78.81436460158575,False,5.425388271056068e+32,1.692078527709269e+34,1.7242933493382235,3.849325091705366e+16
C2,Active DPL Baseline,0.05,27180.459964435016,0,0.015150355874769811,-0.0308864296990492,0.0308864296990492,False,1.03125,0.015625,9.395100108354873,1.3952106823478286e+17
C2,Active DPL Baseline,0.05,27180.459964435016,1,0.10243810943616867,-77.90119457973933,77.90119457973933,False,6.757348137913348e+33,6.946414248107746e+32,9.395100108354873,1.3952106823478286e+17
C2,Active DPL Baseline,0.05,27180.459964435016,2,1.6768030626602677,-39.2289537185458,39.2289537185458,False,-1.1519613172358704e+16,-1.082613330442757e+17,9.395100108354873,1.3952106823478286e+17
C2,Active DPL Baseline,0.05,27180.459964435016,3,1.2508417103878935,-38.995334831002864,38.995334831002864,False,2.7108894665947252e+16,8.181618077959048e+16,9.395100108354873,1.3952106823478286e+17
C2,Active DPL Baseline,0.05,27180.459964435016,4,0.777258962730936,-29.051649063010444,29.051649063010444,False,2950951519838.242,2903301527313.817,9.395100108354873,1.3952106823478286e+17
C2,Active DPL Baseline,0.05,27180.459964435016,5,0.6222017090904531,-22.670142582778443,22.670142582778443,False,5693681337.639329,4083725129.2026744,9.395100108354873,1.3952106823478286e+17
C2,Active DPL Baseline,0.05,27180.459964435016,6,0.7519484299102197,-13.215858563681325,13.215858563681325,False,400969.228125175,-375003.4634443424,9.395100108354873,1.3952106823478286e+17
C2,Active DPL Baseline,0.05,27180.459964435016,7,0.0005468688658313368,-3.1289182552124943,3.1289182552124943,False,22.849245696007944,-0.012495542324539548,9.395100108354873,1.3952106823478286e+17
C2,Active DPL Baseline,0.05,27180.459964435016,8,0.029646709281696174,3.084065938955216,3.084065938955216,True,0.045752654502463797,-0.0013568131836096513,9.395100108354873,1.3952106823478286e+17
C2,Active DPL Baseline,0.05,27180.459964435016,9,6.568562508691724e-08,0.019865878478236256,0.019865878478236256,True,0.9803301478610345,-6.439359855380214e-08,9.395100108354873,1.3952106823478286e+17
C2,Active DPL Baseline,0.08571428571428572,46595.07422474574,8,1.5707963267948966,-0.6931471805599453,0.6931471805599453,False,0.0,2.0,5.566316024001728,1.1425131916591194e+17
C2,Active DPL Baseline,0.08571428571428572,46595.07422474574,1,3.136855796537476,-83.04782066271622,83.04782066271622,False,-1.1673615256909355e+36,5.529666033508495e+33,5.566316024001728,1.1425131916591194e+17
C2,Active DPL Baseline,0.08571428571428572,46595.07422474574,2,1.6466709395419679,-44.50310353615981,44.50310353615981,False,-1.6111352453027942e+18,2.119341706615253e+19,5.566316024001728,1.1425131916591194e+17
C2,Active DPL Baseline,0.08571428571428572,46595.07422474574,3,1.6096129730442639,-44.39731944558477,44.39731944558477,False,-7.420271395733775e+17,-1.910660747667859e+19,5.566316024001728,1.1425131916591194e+17
C2,Active DPL Baseline,0.08571428571428572,46595.07422474574,4,0.7715062407097684,-32.81469727257446,32.81469727257446,False,127843040624125.2,-124339514683128.44,5.566316024001728,1.1425131916591194e+17
C2,Active DPL Baseline,0.08571428571428572,46595.07422474574,5,2.118401811695985,-27.679642722200573,27.679642722200573,False,-546584428166.99,896311249155.3844,5.566316024001728,1.1425131916591194e+17
C2,Active DPL Baseline,0.08571428571428572,46595.07422474574,6,1.3129532326402784,-15.886103446693065,15.886103446693065,False,2021993.0381830463,7667390.686711432,5.566316024001728,1.1425131916591194e+17
C2,Active DPL Baseline,0.08571428571428572,46595.07422474574,7,0.41946261716465555,-3.885571923985525,3.885571923985525,False,44.47333266449618,19.83191093104615,5.566316024001728,1.1425131916591194e+17
C2,Active DPL Baseline,0.08571428571428572,46595.07422474574,0,0.2950251825723054,-0.3942151001609445,0.3942151001609445,False,1.4191367879236036,0.43126676881028725,5.566316024001728,1.1425131916591194e+17
C2,Active DPL Baseline,0.08571428571428572,46595.07422474574,9,0.0013137308674086292,0.056574850307894116,0.056574850307894116,True,0.9449949331464675,-0.0012414697274322466,5.566316024001728,1.1425131916591194e+17
C2,Active DPL Baseline,0.12142857142857143,66009.68848505647,7,1.2490457723982544,-6.00332281041664,6.00332281041664,False,128.0,384.0,3.999090683401001,3.1575686765375334e+17
C2,Active DPL Baseline,0.12142857142857143,66009.68848505647,1,1.8032162018773017,-87.19231460712057,87.19231460712057,False,-1.6962789448938209e+37,-7.166446569757439e+37,3.999090683401001,3.1575686765375334e+17
C2,Active DPL Baseline,0.12142857142857143,66009.68848505647,2,3.1178840119454767,-48.97733828956693,48.97733828956693,False,-1.8640848964164578e+21,-4.420320331637208e+19,3.999090683401001,3.1575686765375334e+17
C2,Active DPL Baseline,0.12142857142857143,66009.68848505647,3,0.0011757088798437113,-48.961306516673275,48.961306516673275,False,1.8349530083545e+21,-2.1573715400570962e+18,3.999090683401001,3.1575686765375334e+17
C2,Active DPL Baseline,0.12142857142857143,66009.68848505647,4,1.4001583223812688,-37.48248065675664,37.48248065675664,False,3224041688765586.5,1.8710304081852144e+16,3.999090683401001,3.1575686765375334e+17
C2,Active DPL Baseline,0.12142857142857143,66009.68848505647,5,2.933263771209526,-30.483360851415043,30.483360851415043,False,-16953604445578.27,-3583924653833.7773,3.999090683401001,3.1575686765375334e+17
C2,Active DPL Baseline,0.12142857142857143,66009.68848505647,6,1.61471914694428,-18.04645569537016,18.04645569537016,False,-3020137.3432415123,-68715872.9622024,3.999090683401001,3.1575686765375334e+17
C2,Active DPL Baseline,0.12142857142857143,66009.68848505647,0,0.014401935565530538,-3.1254836984485928,3.1254836984485928,False,22.76854520089946,-0.32793379409547985,3.999090683401001,3.1575686765375334e+17
C2,Active DPL Baseline,0.12142857142857143,66009.68848505647,8,0.9199288038870868,3.020078801491352,3.020078801491352,True,0.029565196087852557,-0.03882116410788434,3.999090683401001,3.1575686765375334e+17
C2,Active DPL Baseline,0.12142857142857143,66009.68848505647,9,0.00033980926457545616,0.12223321179804725,0.12223321179804725,True,0.8849419144365371,0.00030071147271109434,3.999090683401001,3.1575686765375334e+17
C2,Active DPL Baseline,0.15714285714285714,85424.3027453672,7,2.5535900500422257,-9.600240845450113,9.600240845450113,False,-12288.0,-8192.0,3.2185484400012445,1.1260646826068845e+17
C2,Active DPL Baseline,0.15714285714285714,85424.3027453672,1,1.0806883674806491,-90.76014317717646,90.76014317717646,False,1.228550640822114e+39,-2.3026970243791834e+39,3.2185484400012445,1.1260646826068845e+17
C2,Active DPL Baseline,0.15714285714285714,85424.3027453672,2,1.9246026410410872,-52.28967482419583,52.28967482419583,False,-1.7733071044282153e+22,4.801182275824221e+22,3.2185484400012445,1.1260646826068845e+17
C2,Active DPL Baseline,0.15714285714285714,85424.3027453672,3,0.7555486200609283,-51.51875691471816,51.51875691471816,False,1.723379249425643e+22,-1.6234482945148741e+22,3.2185484400012445,1.1260646826068845e+17
C2,Active DPL Baseline,0.15714285714285714,85424.3027453672,4,0.6423596395302951,-41.88429378166694,41.88429378166694,False,1.2404492855591964e+18,9.281264576099264e+17,3.2185484400012445,1.1260646826068845e+17
C2,Active DPL Baseline,0.15714285714285714,85424.3027453672,5,0.8750979584196129,-34.06865782952823,34.06865782952823,False,400530004320201.8,-479698793100644.2,3.2185484400012445,1.1260646826068845e+17
C2,Active DPL Baseline,0.15714285714285714,85424.3027453672,6,3.023459894220229,-21.35340923293948,21.35340923293948,False,-1864791837.5437427,221323513.48682272,3.2185484400012445,1.1260646826068845e+17
C2,Active DPL Baseline,0.15714285714285714,85424.3027453672,0,1.5792062791638974,-8.769772886378853,8.769772886378853,False,-54.131790056248974,6436.482809501586,3.2185484400012445,1.1260646826068845e+17
C2,Active DPL Baseline,0.15714285714285714,85424.3027453672,8,0.003171674858489365,-0.9188293432394132,0.9188293432394132,False,2.5063419845655406,0.007949328514720865,3.2185484400012445,1.1260646826068845e+17
C2,Active DPL Baseline,0.15714285714285714,85424.3027453672,9,5.463217646645293e-05,0.17889781113166198,0.17889781113166198,True,0.8361913432305198,-4.568295306853965e-05,3.2185484400012445,1.1260646826068845e+17
C2,Active DPL Baseline,0.19285714285714284,104838.9170056779,0,0.7853981633974483,-11.436928479239098,11.436928479239098,False,65536.0,-65536.0,3.046626650578618,1.2001655928376931e+17
C2,Active DPL Baseline,0.19285714285714284,104838.9170056779,1,1.5630125771934569,-93.94073417211145,93.94073417211145,False,4.88795217444505e+38,6.279561534307183e+40,3.046626650578618,1.2001655928376931e+17
C2,Active DPL Baseline,0.19285714285714284,104838.9170056779,2,0.7537470024150118,-55.712523745424456,55.712523745424456,False,1.1440536381704625e+24,-1.0738315461900358e+24,3.046626650578618,1.2001655928376931e+17
C2,Active DPL Baseline,0.19285714285714284,104838.9170056779,3,1.5661259702947943,-52.01066498125854,52.01066498125854,False,1.8083948238272312e+20,-3.872042049453835e+22,3.046626650578618,1.2001655928376931e+17
C2,Active DPL Baseline,0.19285714285714284,104838.9170056779,4,0.683296742037045,-47.22622367314048,47.22622367314048,False,2.5099648549467082e+20,-2.0434340764089886e+20,3.046626650578618,1.2001655928376931e+17
C2,Active DPL Baseline,0.19285714285714284,104838.9170056779,5,0.10976804887383941,-38.6006893943434,38.6006893943434,False,5.773573753974148e+16,6363116260319042.0,3.046626650578618,1.2001655928376931e+17
C2,Active DPL Baseline,0.19285714285714284,104838.9170056779,6,0.23640253567098232,-25.274238102562464,25.274238102562464,False,92089871875.63254,22185107383.78999,3.046626650578618,1.2001655928376931e+17
C2,Active DPL Baseline,0.19285714285714284,104838.9170056779,7,0.7868771832681319,-13.400679666492225,13.400679666492225,False,466318.83138594613,467700.26519668533,3.046626650578618,1.2001655928376931e+17
C2,Active DPL Baseline,0.19285714285714284,104838.9170056779,8,2.217302713889656e-05,-0.962064829333539,0.962064829333539,False,2.6170947516126737,5.80289129620814e-05,3.046626650578618,1.2001655928376931e+17
C2,Active DPL Baseline,0.19285714285714284,104838.9170056779,9,7.15491340747336e-07,0.2592448797127283,0.2592448797127283,True,0.7716340423830552,-5.520974755510331e-07,3.046626650578618,1.2001655928376931e+17
C2,Active DPL Baseline,0.22857142857142854,124253.53126598864,0,1.5707963267948966,-14.961555899867015,14.961555899867015,False,0.0,3145728.0,3.0182874882307886,1.2540774455584296e+17
C2,Active DPL Baseline,0.22857142857142854,124253.53126598864,1,2.826464646108822,-96.83809946060859,96.83809946060859,False,-1.0822351465707672e+42,-3.527989704134677e+41,3.0182874882307886,1.2540774455584296e+17
C2,Active DPL Baseline,0.22857142857142854,124253.53126598864,2,1.0545699799238033,-57.60115202784618,57.60115202784618,False,5.119637078967614e+24,-9.020403802249995e+24,3.0182874882307886,1.2540774455584296e+17
C2,Active DPL Baseline,0.22857142857142854,124253.53126598864,3,2.677910550209649,-57.35498475096831,57.35498475096831,False,-7.252552642515587e+24,3.626589042028995e+24,3.0182874882307886,1.2540774455584296e+17
C2,Active DPL Baseline,0.22857142857142854,124253.53126598864,4,2.214252448650518,-48.564423103899585,48.564423103899585,False,-7.402632164412111e+20,-9.871101335129063e+20,3.0182874882307886,1.2540774455584296e+17
C2,Active DPL Baseline,0.22857142857142854,124253.53126598864,5,0.49389188784657817,-38.67806264780302,38.67806264780302,False,5.5258088122154904e+16,2.9750828242408984e+16,3.0182874882307886,1.2540774455584296e+17
C2,Active DPL Baseline,0.22857142857142854,124253.53126598864,6,3.0401301310200752,-26.147520874299516,26.147520874299516,False,-225675665395.69012,-22976521491.290092,3.0182874882307886,1.2540774455584296e+17
C2,Active DPL Baseline,0.22857142857142854,124253.53126598864,7,2.049250773171747,-16.00999051130823,16.00999051130823,False,-4132312.314982591,7967470.361068246,3.0182874882307886,1.2540774455584296e+17
C2,Active DPL Baseline,0.22857142857142854,124253.53126598864,8,2.07925950389656e-06,-1.008014617662905,1.008014617662905,False,2.7401553548985516,5.697494063834076e-06,3.0182874882307886,1.2540774455584296e+17
C2,Active DPL Baseline,0.22857142857142854,124253.53126598864,9,1.0650408039662376e-07,0.35076289797134386,0.35076289797134386,True,0.7041506896214194,-7.499492165877799e-08,3.0182874882307886,1.2540774455584296e+17
C2,Active DPL Baseline,0.2642857142857143,143668.14552629937,0,0.7853981633974483,-17.675253104278607,17.675253104278607,False,33554432.0,-33554432.0,2.988554451428471,5.0503855789257434e+17
C2,Active DPL Baseline,0.2642857142857143,143668.14552629937,1,0.9444050323357579,-99.51664679062546,99.51664679062546,False,9.718402682821575e+42,-1.3430589632397955e+43,2.988554451428471,5.0503855789257434e+17
C2,Active DPL Baseline,0.2642857142857143,143668.14552629937,3,2.3382730712962094,-61.17178851589957,61.17178851589957,False,-2.5593568700555692e+26,-2.652775682417355e+26,2.988554451428471,5.0503855789257434e+17
C2,Active DPL Baseline,0.2642857142857143,143668.14552629937,2,0.13861235739728653,-60.73451278564041,60.73451278564041,False,2.35764385448539e+26,-3.289077528540754e+25,2.988554451428471,5.0503855789257434e+17
C2,Active DPL Baseline,0.2642857142857143,143668.14552629937,4,0.10412688001380724,-50.5633945689928,50.5633945689928,False,9.058255824287881e+21,-9.466316481298647e+20,2.988554451428471,5.0503855789257434e+17
C2,Active DPL Baseline,0.2642857142857143,143668.14552629937,5,1.422659162402224,-41.58972767784191,41.58972767784191,False,1.703192333372927e+17,-1.1413175347164851e+18,2.988554451428471,5.0503855789257434e+17
C2,Active DPL Baseline,0.2642857142857143,143668.14552629937,6,1.6843616008980407,-30.19170444101866,30.19170444101866,False,-1466905944901.3643,12861275279810.055,2.988554451428471,5.0503855789257434e+17
C2,Active DPL Baseline,0.2642857142857143,143668.14552629937,7,2.6555634144893965,-17.22796913527573,17.22796913527573,False,-26826240.14959978,14172260.97511543,2.988554451428471,5.0503855789257434e+17
C2,Active DPL Baseline,0.2642857142857143,143668.14552629937,8,3.299633225722587e-07,-1.0553843512994854,1.0553843512994854,False,2.8730792134434497,9.480107632811267e-07,2.988554451428471,5.0503855789257434e+17
C2,Active DPL Baseline,0.2642857142857143,143668.14552629937,9,2.4114867482102366e-08,0.4528787977603516,0.4528787977603516,True,0.6357951887575276,-1.533211672264604e-08,2.988554451428471,5.0503855789257434e+17
C2,Active DPL Baseline,0.3,163082.75978661008,0,1.892546881191539,-19.866266421615546,19.866266421615546,False,-134217728.0,402653184.0,2.958349606659846,5.036270577568378e+16
C2,Active DPL Baseline,0.3,163082.75978661008,1,2.789994711834565,-102.01954049385517,102.01954049385517,False,-1.901548790892989e+44,-6.975649457698408e+43,2.958349606659846,5.036270577568378e+16
C2,Active DPL Baseline,0.3,163082.75978661008,3,2.776129538014655,-64.1061494050113,64.1061494050113,False,-6.475517075730294e+27,-2.4778753290238226e+27,2.958349606659846,5.036270577568378e+16
C2,Active DPL Baseline,0.3,163082.75978661008,2,0.4636475609038398,-62.4948180254256,62.4948180254256,False,1.2379400682802864e+27,6.189699597136928e+26,2.958349606659846,5.036270577568378e+16
C2,Active DPL Baseline,0.3,163082.75978661008,4,0.138496454160308,-49.93334747419938,49.93334747419938,False,4.803952754658091e+21,6.696172767401366e+20,2.958349606659846,5.036270577568378e+16
C2,Active DPL Baseline,0.3,163082.75978661008,5,1.4432406255721952,-47.20808258097199,47.20808258097199,False,4.043256621100766e+19,3.1525868429176144e+20,2.958349606659846,5.036270577568378e+16
C2,Active DPL Baseline,0.3,163082.75978661008,6,0.14921228386168892,-30.226561014576,30.226561014576,False,13254885356414.135,1992601676845.9404,2.958349606659846,5.036270577568378e+16
C2,Active DPL Baseline,0.3,163082.75978661008,7,2.171186454515759,-17.17902360334607,17.17902360334607,False,-16322108.137839813,-23837998.03170452,2.958349606659846,5.036270577568378e+16
C2,Active DPL Baseline,0.3,163082.75978661008,8,6.256286299270079e-07,-1.1033667929660145,1.1033667929660145,False,3.0142974746622633,-1.8858307992656374e-06,2.958349606659846,5.036270577568378e+16
C2,Active DPL Baseline,0.3,163082.75978661008,9,6.031028020808377e-08,0.5655749919823644,0.5655749919823644,True,0.5680334381664699,3.425825582338107e-08,2.958349606659846,5.036270577568378e+16
C2,Active DPL Baseline,0.3357142857142857,182497.37404692083,0,0.4636476090008061,-22.292281553575354,22.292281553575354,False,4294967296.0,-2147483648.0,2.9284249008640315,8.671640933282128e+16
C2,Active DPL Baseline,0.3357142857142857,182497.37404692083,1,1.568669941894783,-104.37738202986188,104.37738202986188,False,4.551584432847887e+42,2.1405238405270597e+45,2.9284249008640315,8.671640933282128e+16
C2,Active DPL Baseline,0.3357142857142857,182497.37404692083,2,0.20008970111838098,-66.5873975938846,66.5873975938846,False,8.12431997634036e+28,-1.6476399110363956e+28,2.9284249008640315,8.671640933282128e+16
C2,Active DPL Baseline,0.3357142857142857,182497.37404692083,3,2.3848324633010245,-66.32127102032516,66.32127102032516,False,-4.618859844996728e+28,4.361607141890471e+28,2.9284249008640315,8.671640933282128e+16
C2,Active DPL Baseline,0.3357142857142857,182497.37404692083,4,2.2309889928164726,-53.32100354153663,53.32100354153663,False,-8.803769267269204e+22,-1.1339018808836483e+23,2.9284249008640315,8.671640933282128e+16
C2,Active DPL Baseline,0.3357142857142857,182497.37404692083,5,1.8007082248004023,-47.54050250123649,47.54050250123649,False,-1.0099653840717093e+20,4.3151613708680515e+20,2.9284249008640315,8.671640933282128e+16
C2,Active DPL Baseline,0.3357142857142857,182497.37404692083,6,2.680233730203831,-34.125151029361156,34.125151029361156,False,-592114015016916.0,-294364987269688.0,2.9284249008640315,8.671640933282128e+16
C2,Active DPL Baseline,0.3357142857142857,182497.37404692083,7,2.9673486858747955,-20.368189675523517,20.368189675523517,False,-690503605.247969,121548696.66345376,2.9284249008640315,8.671640933282128e+16
C2,Active DPL Baseline,0.3357142857142857,182497.37404692083,8,5.410621552742839e-09,-1.1513882629294447,1.1513882629294447,False,3.162580356590618,1.7111525439650332e-08,2.9284249008640315,8.671640933282128e+16
C2,Active DPL Baseline,0.3357142857142857,182497.37404692083,9,2.212470983605393e-09,0.6893408849626158,0.6893408849626158,True,0.501906774370016,-1.1104541747686394e-09,2.9284249008640315,8.671640933282128e+16
C2,Active DPL Baseline,0.3714285714285714,201911.9883072315,7,1.5707963267948966,-24.260151319598087,24.260151319598087,False,0.0,-34359738368.0,2.8993500641734142,1.1395836745865402e+17
C2,Active DPL Baseline,0.3714285714285714,201911.9883072315,1,2.3829812913852084,-106.61280131615304,106.61280131615304,False,-1.452658311060973e+46,-1.3768467872350389e+46,2.8993500641734142,1.1395836745865402e+17
C2,Active DPL Baseline,0.3714285714285714,201911.9883072315,2,1.9118445697374662,-68.76804110724292,68.76804110724292,False,-2.4543959996123698e+29,-6.915413742361326e+29,2.8993500641734142,1.1395836745865402e+17
C2,Active DPL Baseline,0.3714285714285714,201911.9883072315,3,2.335611922717188,-68.27627657095614,68.27627657095614,False,-3.107203541942925e+29,3.237818838451865e+29,2.8993500641734142,1.1395836745865402e+17
C2,Active DPL Baseline,0.3714285714285714,201911.9883072315,4,2.6479007085194177,-57.23019024713476,57.23019024713476,False,-6.302737774445627e+24,-3.391754295321416e+24,2.8993500641734142,1.1395836745865402e+17
C2,Active DPL Baseline,0.3714285714285714,201911.9883072315,5,0.4943386501825524,-48.20885921053325,48.20885921053325,False,7.611385011733336e+20,-4.1023395193565295e+20,2.8993500641734142,1.1395836745865402e+17
C2,Active DPL Baseline,0.3714285714285714,201911.9883072315,6,1.4194340497662614,-35.82918408110456,35.82918408110456,False,547992988252619.56,3592715799318148.0,2.8993500641734142,1.1395836745865402e+17
C2,Active DPL Baseline,0.3714285714285714,201911.9883072315,0,1.326662637919132,-25.170203870710264,25.170203870710264,False,20634106915.35514,-82833832844.73383,2.8993500641734142,1.1395836745865402e+17
C2,Active DPL Baseline,0.3714285714285714,201911.9883072315,9,1.4846543040339118e-07,0.8251845123611591,0.8251845123611591,True,0.4381541401510972,-6.505074300056091e-08,2.8993500641734142,1.1395836745865402e+17
C2,Active DPL Baseline,0.3714285714285714,201911.9883072315,8,1.1423587241159183e-08,-1.1990553656522556,1.1990553656522556,False,3.316982107113167,-3.789183447797128e-08,2.8993500641734142,1.1395836745865402e+17
C2,Active DPL Baseline,0.4071428571428571,221326.60256754226,7,2.129395642138459,-26.504469504464154,26.504469504464154,False,-171798691840.0,-274877906944.0,2.8715226916180665,1.983394940966141e+17
C2,Active DPL Baseline,0.4071428571428571,221326.60256754226,1,2.7157646728965315,-108.7430924740368,108.7430924740368,False,-1.5342598685801195e+47,6.959112847776221e+46,2.8715226916180665,1.983394940966141e+17
C2,Active DPL Baseline,0.4071428571428571,221326.60256754226,2,0.20440955822071263,-71.01841948455932,71.01841948455932,False,6.819784903742995e+30,-1.4137750010183122e+30,2.8715226916180665,1.983394940966141e+17
C2,Active DPL Baseline,0.4071428571428571,221326.60256754226,3,3.0172590553643883,-69.69530868400746,69.69530868400746,False,-1.840443316029088e+30,-2.3001542060151996e+29,2.8715226916180665,1.983394940966141e+17
C2,Active DPL Baseline,0.4071428571428571,221326.60256754226,4,0.5099313440527706,-59.355338772008004,59.355338772008004,False,5.2311828622232925e+25,-2.9256362212090907e+25,2.8715226916180665,1.983394940966141e+17
C2,Active DPL Baseline,0.4071428571428571,221326.60256754226,5,1.378354755818132,-50.96543904861218,50.96543904861218,False,2.6038977747559404e+21,1.3363402094236376e+22,2.8715226916180665,1.983394940966141e+17
C2,Active DPL Baseline,0.4071428571428571,221326.60256754226,6,2.8522610911314907,-36.84316769263701,36.84316769263701,False,-9601674964298920.0,-2858274319917136.0,2.8715226916180665,1.983394940966141e+17
C2,Active DPL Baseline,0.4071428571428571,221326.60256754226,0,0.8084512968104397,-27.874271633684273,27.874271633684273,False,880807645603.6052,-922384234086.8148,2.8715226916180665,1.983394940966141e+17
C2,Active DPL Baseline,0.4071428571428571,221326.60256754226,9,3.1346309913575723e-06,0.9747145217723021,0.9747145217723021,True,0.37730004913753934,-1.1826964270711393e-06,2.8715226916180665,1.983394940966141e+17
C2,Active DPL Baseline,0.4071428571428571,221326.60256754226,8,2.14727616509326e-07,-1.2460974994313456,1.2460974994313456,False,3.4767484356531675,-7.465539047903438e-07,2.8715226916180665,1.983394940966141e+17
C2,Active DPL Baseline,0.44285714285714284,240741.21682785297,7,2.356194490192345,-27.37931363211784,27.37931363211784,False,-549755813888.0,549755813888.0,2.8451921303770975,1.5790579233360336e+17
C2,Active DPL Baseline,0.44285714285714284,240741.21682785297,1,3.1303584190957308,-110.78182485455545,110.78182485455545,False,-1.2939211841134888e+48,1.45368255589913e+46,2.8451921303770975,1.5790579233360336e+17
C2,Active DPL Baseline,0.44285714285714284,240741.21682785297,3,2.324384738330153,-72.23140616136862,72.23140616136862,False,-1.6029583857035004e+31,-1.708325030697677e+31,2.8451921303770975,1.5790579233360336e+17
C2,Active DPL Baseline,0.44285714285714284,240741.21682785297,2,1.0649156101445738,-71.65208497222069,71.65208497222069,False,6.360171747200129e+30,1.1481221543968117e+31,2.8451921303770975,1.5790579233360336e+17
C2,Active DPL Baseline,0.44285714285714284,240741.21682785297,4,2.471582718987617,-59.198060158952266,59.198060158952266,False,-4.014252735102606e+25,-3.180373399663804e+25,2.8451921303770975,1.5790579233360336e+17
C2,Active DPL Baseline,0.44285714285714284,240741.21682785297,5,2.983910408463311,-53.82006172776606,53.82006172776606,False,-2.3352545089524388e+23,3.7131067156171848e+22,2.8451921303770975,1.5790579233360336e+17
C2,Active DPL Baseline,0.44285714285714284,240741.21682785297,6,0.11323719813550305,-39.73092557295737,39.73092557295737,False,1.7870280125204394e+17,-2.032274275277382e+16,2.8451921303770975,1.5790579233360336e+17
C2,Active DPL Baseline,0.44285714285714284,240741.21682785297,0,1.2539984319962452,-27.828273177726896,27.828273177726896,False,379453834896.8032,-1157438157950.2598,2.8451921303770975,1.5790579233360336e+17
C2,Active DPL Baseline,0.44285714285714284,240741.21682785297,8,2.579583541391324e-08,-1.2923293966508502,1.2923293966508502,False,3.6412586201574095,-9.392930806507338e-08,2.8451921303770975,1.5790579233360336e+17
C2,Active DPL Baseline,0.44285714285714284,240741.21682785297,9,4.240169135406361e-07,1.140332367239816,1.140332367239816,True,0.31971274211367745,-1.3556361013066298e-07,2.8451921303770975,1.5790579233360336e+17
C2,Active DPL Baseline,0.47857142857142854,260155.83108816372,0,1.5707963267948966,-29.805328764077647,29.805328764077647,False,0.0,-8796093022208.0,2.8204895419074916,1.5184706532719424e+17
C2,Active DPL Baseline,0.47857142857142854,260155.83108816372,1,2.0758048847388912,-112.73987789062677,112.73987789062677,False,-4.435944710050857e+48,-8.024157529585027e+48,2.8204895419074916,1.5184706532719424e+17
C2,Active DPL Baseline,0.47857142857142854,260155.83108816372,2,0.12890295288287149,-74.09798667576128,74.09798667576128,False,1.5022028602630518e+32,1.9471805762290824e+31,2.8204895419074916,1.5184706532719424e+17
C2,Active DPL Baseline,0.47857142857142854,260155.83108816372,3,3.071188769017587,-73.3810340753241,73.3810340753241,False,-7.377359541630856e+31,5.202546370582753e+30,2.8204895419074916,1.5184706532719424e+17
C2,Active DPL Baseline,0.47857142857142854,260155.83108816372,4,0.4991817486898508,-61.36973999214099,61.36973999214099,False,3.944767085136419e+26,-2.1508468127918483e+26,2.8204895419074916,1.5184706532719424e+17
C2,Active DPL Baseline,0.47857142857142854,260155.83108816372,5,2.235332678275177,-55.82912104573757,55.82912104573757,False,-1.0872992117172936e+24,1.3879244591839863e+24,2.8204895419074916,1.5184706532719424e+17
C2,Active DPL Baseline,0.47857142857142854,260155.83108816372,6,2.8930209992068754,-42.52626050434092,42.52626050434092,False,-2.8534004099912955e+18,-7.242529507678892e+17,2.8204895419074916,1.5184706532719424e+17
C2,Active DPL Baseline,0.47857142857142854,260155.83108816372,7,2.130990209250978,-30.93741310228525,30.93741310228525,False,-14498692936879.96,23115813943786.816,2.8204895419074916,1.5184706532719424e+17
C2,Active DPL Baseline,0.47857142857142854,260155.83108816372,9,0.00010992271180678716,1.325364422702709,1.325364422702709,True,0.26570611049861537,2.9207136327278276e-05,2.8204895419074916,1.5184706532719424e+17
C2,Active DPL Baseline,0.47857142857142854,260155.83108816372,8,5.7712728160562716e-06,-1.3376366306786718,1.3376366306786718,False,3.810028352309678,2.1988713058332642e-05,2.8204895419074916,1.5184706532719424e+17
C2,Active DPL Baseline,0.5142857142857142,279570.44534847443,0,1.5707963267948966,-31.884770305757485,31.884770305757485,False,0.0,70368744177664.0,2.797458103601596,5.183697766520035e+16
C2,Active DPL Baseline,0.5142857142857142,279570.44534847443,1,1.1009723117424262,-114.62613324551921,114.62613324551921,False,2.7373846364262025e+49,-5.391263743931203e+49,2.797458103601596,5.183697766520035e+16
C2,Active DPL Baseline,0.5142857142857142,279570.44534847443,2,1.2213464637461269,-76.35977465583977,76.35977465583977,False,4.978957198417831e+32,1.3663244865473574e+33,2.797458103601596,5.183697766520035e+16
C2,Active DPL Baseline,0.5142857142857142,279570.44534847443,3,2.3904750228420144,-74.69314649288849,74.69314649288849,False,-2.0076828998207934e+32,-1.8745458733131153e+32,2.797458103601596,5.183697766520035e+16
C2,Active DPL Baseline,0.5142857142857142,279570.44534847443,4,2.0794993011713925,-65.19471998573908,65.19471998573908,False,-1.0029426673418266e+28,1.798493472144743e+28,2.797458103601596,5.183697766520035e+16
C2,Active DPL Baseline,0.5142857142857142,279570.44534847443,5,1.4798334839343177,-56.184912119017945,56.184912119017945,False,2.2859264339803132e+23,2.5060982206451176e+24,2.797458103601596,5.183697766520035e+16
C2,Active DPL Baseline,0.5142857142857142,279570.44534847443,6,1.0208966258963108,-44.296803627949394,44.296803627949394,False,9.037081842036421e+18,1.4743173110542508e+19,2.797458103601596,5.183697766520035e+16
C2,Active DPL Baseline,0.5142857142857142,279570.44534847443,7,2.259199333403818,-33.00819516146941,33.00819516146941,False,-137486191550774.72,167125008984426.78,2.797458103601596,5.183697766520035e+16
C2,Active DPL Baseline,0.5142857142857142,279570.44534847443,9,1.289055392136662e-05,1.5354281296424377,1.5354281296424377,True,0.21536346792698413,2.7761543961590677e-06,2.797458103601596,5.183697766520035e+16
C2,Active DPL Baseline,0.5142857142857142,279570.44534847443,8,5.665559806813593e-07,-1.3819178676319401,1.3819178676319401,False,3.982532277615135,2.2563274801396516e-06,2.797458103601596,5.183697766520035e+16
C2,Active DPL Baseline,0.55,298985.0596087852,7,2.677945044588987,-33.382636442534476,33.382636442534476,False,-281474976710656.0,140737488355328.0,2.776079684123283,3.0941145663666355e+17
C2,Active DPL Baseline,0.55,298985.0596087852,1,0.8621727406864292,-116.44795353519751,116.44795353519751,False,2.4330110190312238e+50,-2.8385282857158094e+50,2.776079684123283,3.0941145663666355e+17
C2,Active DPL Baseline,0.55,298985.0596087852,2,0.7132157325709897,-77.73126010353896,77.73126010353896,False,4.3344053000457114e+33,3.749848609399609e+33,2.776079684123283,3.0941145663666355e+17
C2,Active DPL Baseline,0.55,298985.0596087852,3,1.9838796304222068,-77.54349200948634,77.54349200948634,False,-1.9068921384872256e+33,-4.3506363759701894e+33,2.776079684123283,3.0941145663666355e+17
C2,Active DPL Baseline,0.55,298985.0596087852,4,0.9562643389380303,-66.90849063843073,66.90849063843073,False,6.589386589529217e+28,-9.337559728144616e+28,2.776079684123283,3.0941145663666355e+17
C2,Active DPL Baseline,0.55,298985.0596087852,5,3.0795182718998353,-58.32757037460875,58.32757037460875,False,-2.140448093867741e+25,-1.3303791105002167e+24,2.776079684123283,3.0941145663666355e+17
C2,Active DPL Baseline,0.55,298985.0596087852,6,1.0790801580076705,-46.44183970818181,46.44183970818181,False,6.9743699883661574e+19,-1.3021733392891432e+20,2.776079684123283,3.0941145663666355e+17
C2,Active DPL Baseline,0.55,298985.0596087852,0,0.3350091365957392,-35.791499215458934,35.791499215458934,False,3305292866780708.5,1150676096733414.5,2.776079684123283,3.0941145663666355e+17
C2,Active DPL Baseline,0.55,298985.0596087852,9,0.0008122031206205458,1.7794769471874141,1.7794769471874141,True,0.16872632134603494,0.00013704007486199654,2.776079684123283,3.0941145663666355e+17
C2,Active DPL Baseline,0.55,298985.0596087852,8,2.8743489815125613e-05,-1.4251033979793781,1.4251033979793781,False,4.158287777364616,0.00011952370240995751,2.776079684123283,3.0941145663666355e+17
C2,Active DPL Baseline,0.5857142857142857,318399.67386909586,0,1.5707963267948966,-34.657359027997266,34.657359027997266,False,0.0,1125899906842624.0,2.756296494398186,3.675985186275944e+16
C2,Active DPL Baseline,0.5857142857142857,318399.67386909586,1,1.891798740223592,-118.21152293985112,118.21152293985112,False,-6.880755919834009e+50,-2.0693861320839376e+51,2.756296494398186,3.675985186275944e+16
C2,Active DPL Baseline,0.5857142857142857,318399.67386909586,3,3.069895034724878,-80.15155047923918,80.15155047923918,False,-6.43070926676478e+34,4.6185821491409414e+33,2.756296494398186,3.675985186275944e+16
C2,Active DPL Baseline,0.5857142857142857,318399.67386909586,2,0.17798236601431427,-78.78281018571255,78.78281018571255,False,1.61444916819603e+34,-2.904165568905088e+33,2.756296494398186,3.675985186275944e+16
C2,Active DPL Baseline,0.5857142857142857,318399.67386909586,4,0.052610512905139,-68.2898371753098,68.2898371753098,False,4.542533547690372e+29,2.392057570668492e+28,2.756296494398186,3.675985186275944e+16
C2,Active DPL Baseline,0.5857142857142857,318399.67386909586,5,1.1585059419813952,-61.86786065694669,61.86786065694669,False,2.962780067306008e+26,6.774283395533699e+26,2.756296494398186,3.675985186275944e+16
C2,Active DPL Baseline,0.5857142857142857,318399.67386909586,6,1.3653065069374517,-47.09349249043601,47.09349249043601,False,5.783270359213761e+19,2.7746574993614078e+20,2.756296494398186,3.675985186275944e+16
C2,Active DPL Baseline,0.5857142857142857,318399.67386909586,7,2.605589938325385,-33.53357187321524,33.53357187321524,False,-314645068326944.06,-186902005532948.6,2.756296494398186,3.675985186275944e+16
C2,Active DPL Baseline,0.5857142857142857,318399.67386909586,9,0.002987835116987854,2.0601066677743827,2.0601066677743827,True,0.12743980654877266,0.0003807702623747544,2.756296494398186,3.675985186275944e+16
C2,Active DPL Baseline,0.5857142857142857,318399.67386909586,8,8.185621872259033e-05,-1.467498351076133,1.467498351076133,False,4.338368465071124,0.0003551224387692093,2.756296494398186,3.675985186275944e+16
C2,Active DPL Baseline,0.6214285714285714,337814.28812940663,4,0.0,69.07755278982137,69.07755278982137,True,0.0,0.0,2.7380273923597356,9.22977147822716e+16
C2,Active DPL Baseline,0.6214285714285714,337814.28812940663,1,1.6410185500360288,-119.92209549032104,119.92209549032104,False,-8.464901655324453e+50,1.203462772759019e+52,2.7380273923597356,9.22977147822716e+16
C2,Active DPL Baseline,0.6214285714285714,337814.28812940663,2,1.7024051233573316,-80.99269012124044,80.99269012124044,False,-1.9620445340331182e+34,1.482198282278238e+35,2.7380273923597356,9.22977147822716e+16
C2,Active DPL Baseline,0.6214285714285714,337814.28812940663,3,2.6406982332350344,-81.24639103441923,81.24639103441923,False,-1.6901873750119845e+35,-9.253174421584877e+34,2.7380273923597356,9.22977147822716e+16
C2,Active DPL Baseline,0.6214285714285714,337814.28812940663,5,2.551239660782774,-71.79144807833869,71.79144807833869,False,-1.2534213412082609e+31,-8.398762875154244e+30,2.7380273923597356,9.22977147822716e+16
C2,Active DPL Baseline,0.6214285714285714,337814.28812940663,6,0.6883838426300811,-61.69150856818006,61.69150856818006,False,4.786885346001325e+26,3.93780041073614e+26,2.7380273923597356,9.22977147822716e+16
C2,Active DPL Baseline,0.6214285714285714,337814.28812940663,0,2.667417081106327,-49.34880048054212,49.34880048054212,False,-2.405140330055772e+21,-1.2343903786467163e+21,2.7380273923597356,9.22977147822716e+16
C2,Active DPL Baseline,0.6214285714285714,337814.28812940663,7,1.7967130868324073,-39.80506230156638,39.80506230156638,False,-4.338771449017747e+16,-1.8877326485472438e+17,2.7380273923597356,9.22977147822716e+16
C2,Active DPL Baseline,0.6214285714285714,337814.28812940663,8,0.02386883091446633,-1.5294064551387008,1.5294064551387008,False,4.614121847151481,-0.11015461411856459,2.7380273923597356,9.22977147822716e+16
C2,Active DPL Baseline,0.6214285714285714,337814.28812940663,9,0.5041760191155467,1.5561378382594875,1.5561378382594875,True,0.1847014045120829,-0.10190664632278335,2.7380273923597356,9.22977147822716e+16
C2,Active DPL Baseline,0.6571428571428571,357228.90238971735,7,0.7853981633974483,-37.083374159957074,37.083374159957074,False,9007199254740992.0,-9007199254740992.0,2.7211794641520934,1.2885948701149394e+17
C2,Active DPL Baseline,0.6571428571428571,357228.90238971735,1,3.0649422682655874,-121.26194527426456,121.26194527426456,False,-4.5932136316108647e+52,3.527627256041998e+51,2.7211794641520934,1.2885948701149394e+17
C2,Active DPL Baseline,0.6571428571428571,357228.90238971735,2,1.3751016721875995,-82.5714002240082,82.5714002240082,False,1.4096357664403952e+35,7.111052683649799e+35,2.7211794641520934,1.2885948701149394e+17
C2,Active DPL Baseline,0.6571428571428571,357228.90238971735,3,2.8657426158314303,-80.34673407392998,80.34673407392998,False,-7.540599984990825e+34,2.134491571581263e+34,2.7211794641520934,1.2885948701149394e+17
C2,Active DPL Baseline,0.6571428571428571,357228.90238971735,5,0.10283376485130086,-70.2043550510346,70.2043550510346,False,3.0694718912782194e+30,3.1676270428215104e+29,2.7211794641520934,1.2885948701149394e+17
C2,Active DPL Baseline,0.6571428571428571,357228.90238971735,6,1.8822346228760836,-65.54981392773001,65.54981392773001,False,-9.000176110136935e+27,2.7958314506532384e+28,2.7211794641520934,1.2885948701149394e+17
C2,Active DPL Baseline,0.6571428571428571,357228.90238971735,0,1.6899812390314688,-51.06527346498536,51.06527346498536,False,-1.788788858181429e+21,-1.4937384705688615e+22,2.7211794641520934,1.2885948701149394e+17
C2,Active DPL Baseline,0.6571428571428571,357228.90238971735,4,0.04465822715934802,-32.7846919802321,32.7846919802321,False,172893077457097.03,7726235301531.533,2.7211794641520934,1.2885948701149394e+17
C2,Active DPL Baseline,0.6571428571428571,357228.90238971735,8,3.8667644208410496e-08,-1.5480254998062861,1.5480254998062861,False,4.702176561949795,-1.8182209030260165e-07,2.7211794641520934,1.2885948701149394e+17
C2,Active DPL Baseline,0.6571428571428571,357228.90238971735,9,3.3016496267931838e-06,2.9478188471152857,2.9478188471152857,True,0.05245399144051796,-1.7318470126402827e-07,2.7211794641520934,1.2885948701149394e+17
C2,Active DPL Baseline,0.6928571428571428,376643.51665002806,4,0.7853981633974483,-37.083374159957074,37.083374159957074,False,9007199254740992.0,-9007199254740992.0,2.7056558582426478,1.9549150277103472e+17
C2,Active DPL Baseline,0.6928571428571428,376643.51665002806,1,2.043922422359078,-121.26194527426736,121.26194527426736,False,-2.099158702794747e+52,4.100681132054901e+52,2.7056558582426478,1.9549150277103472e+17
C2,Active DPL Baseline,0.6928571428571428,376643.51665002806,2,1.5710066473027164,-81.89311092999525,81.89311092999525,False,-7.737627195961149e+31,3.678969379676705e+35,2.7056558582426478,1.9549150277103472e+17
C2,Active DPL Baseline,0.6928571428571428,376643.51665002806,3,2.3442028963209056,-81.31175397416442,81.31175397416442,False,-1.437011447571938e+35,-1.4718955510166947e+35,2.7056558582426478,1.9549150277103472e+17
C2,Active DPL Baseline,0.6928571428571428,376643.51665002806,5,2.185179452921412,-73.4892126332119,73.4892126332119,False,-4.750339069489674e+31,-6.733645633599448e+31,2.7056558582426478,1.9549150277103472e+17
C2,Active DPL Baseline,0.6928571428571428,376643.51665002806,6,1.7240809241856179,-64.05108698860562,64.05108698860562,False,-1.0019132342692681e+27,-6.485021270486398e+27,2.7056558582426478,1.9549150277103472e+17
C2,Active DPL Baseline,0.6928571428571428,376643.51665002806,0,0.7329484848501213,-49.59074534193511,49.59074534193511,False,2.55914931787135e+21,-2.3038522986540837e+21,2.7056558582426478,1.9549150277103472e+17
C2,Active DPL Baseline,0.6928571428571428,376643.51665002806,7,1.2137147150546002,-38.94726254943396,38.94726254943396,False,2.8713085553908064e+16,7.69633816852321e+16,2.7056558582426478,1.9549150277103472e+17
C2,Active DPL Baseline,0.6928571428571428,376643.51665002806,8,0.028359952605249355,-1.5658539322188618,1.5658539322188618,False,4.784835924876184,-0.13573411172789895,2.7056558582426478,1.9549150277103472e+17
C2,Active DPL Baseline,0.6928571428571428,376643.51665002806,9,2.0447186210043307,1.9050487565355128,1.9050487565355128,True,-0.06791633432527994,-0.13241371098645435,2.7056558582426478,1.9549150277103472e+17
C2,Active DPL Baseline,0.7285714285714285,396058.1309103388,4,3.141592653589793,-38.682710718732416,38.682710718732416,False,-6.305039478318694e+16,0.0,2.6913607313169354,8.246577397126915e+16
C2,Active DPL Baseline,0.7285714285714285,396058.1309103388,1,1.7152845402368155,-121.261945274263,121.261945274263,False,-6.633060359631236e+51,-4.5587364596760645e+52,2.6913607313169354,8.246577397126915e+16
C2,Active DPL Baseline,0.7285714285714285,396058.1309103388,2,1.9113215673958304,-82.52861806849423,82.52861806849423,False,-2.3197798529016537e+35,6.546985191023744e+35,2.6913607313169354,8.246577397126915e+16
C2,Active DPL Baseline,0.7285714285714285,396058.1309103388,3,1.2851430497004457,-78.47085936417332,78.47085936417332,False,3.383592309710611e+33,-1.1521157960215783e+34,2.6913607313169354,8.246577397126915e+16
C2,Active DPL Baseline,0.7285714285714285,396058.1309103388,5,0.21211995817441803,-75.64133356669387,75.64133356669387,False,6.930572271213216e+32,1.4925660817797615e+32,2.6913607313169354,8.246577397126915e+16
C2,Active DPL Baseline,0.7285714285714285,396058.1309103388,6,2.9179121555749727,-62.3848957937246,62.3848957937246,False,-1.2090928478444132e+27,-2.7505310532696757e+26,2.6913607313169354,8.246577397126915e+16
C2,Active DPL Baseline,0.7285714285714285,396058.1309103388,0,0.798446271270963,-50.39271060629509,50.39271060629509,False,5.358211272559164e+21,5.499897082587728e+21,2.6913607313169354,8.246577397126915e+16
C2,Active DPL Baseline,0.7285714285714285,396058.1309103388,7,1.9318089227623854,-41.16777235371407,41.16777235371407,False,-2.6729066310242675e+17,7.079434301903297e+17,2.6913607313169354,8.246577397126915e+16
C2,Active DPL Baseline,0.7285714285714285,396058.1309103388,9,3.0874159421540557,1.2181070615382594,1.2181070615382594,True,-0.29535556656954287,0.01601706701840333,2.6913607313169354,8.246577397126915e+16
C2,Active DPL Baseline,0.7285714285714285,396058.1309103388,8,0.003106896113691314,-1.5631019868324274,1.5631019868324274,False,4.773582925804675,0.014831073961077154,2.6913607313169354,8.246577397126915e+16
C2,Active DPL Baseline,0.7642857142857142,415472.7451706495,4,1.7681918866447774,-38.36584883868784,38.36584883868784,False,-9007199254740992.0,4.503599627370496e+16,2.6782022517251014,1.1170836081625827e+17
C2,Active DPL Baseline,0.7642857142857142,415472.7451706495,1,2.1871962778757816,-121.26194527426439,121.26194527426439,False,-2.6631628142392784e+52,-3.758938258476392e+52,2.6782022517251014,1.1170836081625827e+17
C2,Active DPL Baseline,0.7642857142857142,415472.7451706495,2,1.2777135348902338,-82.33693187626409,82.33693187626409,False,1.6566475430942035e+35,5.4897105595966384e+35,2.6782022517251014,1.1170836081625827e+17
C2,Active DPL Baseline,0.7642857142857142,415472.7451706495,3,1.2284282238775643,-80.2979285325459,80.2979285325459,False,2.50566378618701e+34,7.030412174002085e+34,2.6782022517251014,1.1170836081625827e+17
C2,Active DPL Baseline,0.7642857142857142,415472.7451706495,5,2.7314493230887105,-73.03318737672353,73.03318737672353,False,-4.789716046467391e+31,2.0825763033566234e+31,2.6782022517251014,1.1170836081625827e+17
C2,Active DPL Baseline,0.7642857142857142,415472.7451706495,6,2.7032879423283487,-62.46579807004148,62.46579807004148,False,-1.2173813718194792e+27,5.7060022764455375e+26,2.6782022517251014,1.1170836081625827e+17
C2,Active DPL Baseline,0.7642857142857142,415472.7451706495,0,2.8004552587392553,-48.83701423041602,48.83701423041602,False,-1.527106879734684e+21,5.4214907185996746e+20,2.6782022517251014,1.1170836081625827e+17
C2,Active DPL Baseline,0.7642857142857142,415472.7451706495,7,0.02891635517054988,-37.73320753824774,37.73320753824774,False,2.4386092913880284e+16,-705353529980103.5,2.6782022517251014,1.1170836081625827e+17
C2,Active DPL Baseline,0.7642857142857142,415472.7451706495,8,0.0008294557858015206,-1.6477215061087056,1.6477215061087056,False,5.1951274741830815,-0.004309129529660229,2.6782022517251014,1.1170836081625827e+17
C2,Active DPL Baseline,0.7642857142857142,415472.7451706495,9,3.0989694995822954,2.45029605160192,2.45029605160192,True,-0.08618969177782837,-0.003675902821129358,2.6782022517251014,1.1170836081625827e+17
C2,Active DPL Baseline,0.8,434887.35943096026,4,3.141592653589793,-38.123094930796995,38.123094930796995,False,-3.602879701896397e+16,0.0,2.666094151387804,1.1690832532361187e+17
C2,Active DPL Baseline,0.8,434887.35943096026,1,0.4002716943071404,-121.2619452742556,121.2619452742556,False,4.2426009190048636e+52,1.7951017931777614e+52,2.666094151387804,1.1690832532361187e+17
C2,Active DPL Baseline,0.8,434887.35943096026,2,1.2969027989712736,-83.02849465334779,83.02849465334779,False,3.0971000541964236e+35,1.1023496000339145e+36,2.666094151387804,1.1690832532361187e+17
C2,Active DPL Baseline,0.8,434887.35943096026,3,2.4704941346848908,-81.88481311741415,81.88481311741415,False,-2.857336285923765e+35,-2.2688500353366203e+35,2.666094151387804,1.1690832532361187e+17
C2,Active DPL Baseline,0.8,434887.35943096026,5,0.443793870380711,-69.85668755823609,69.85668755823609,False,1.9684473949486593e+30,9.358462772278787e+29,2.666094151387804,1.1690832532361187e+17
C2,Active DPL Baseline,0.8,434887.35943096026,6,0.16731209172973432,-63.60149346533567,63.60149346533567,False,4.127341489591682e+27,-6.97070754391349e+26,2.666094151387804,1.1690832532361187e+17
C2,Active DPL Baseline,0.8,434887.35943096026,0,2.980000517677664,-50.28010319563756,50.28010319563756,False,-6.771367190871221e+21,1.1038241463379273e+21,2.666094151387804,1.1690832532361187e+17
C2,Active DPL Baseline,0.8,434887.35943096026,7,1.6661243471748919,-35.84745513963034,35.84745513963034,False,-352301556721788.0,-3684475311179863.5,2.666094151387804,1.1690832532361187e+17
C2,Active DPL Baseline,0.8,434887.35943096026,8,4.655151713271393e-06,-1.696187011777207,1.696187011777207,False,5.453115036733198,-2.538507780609791e-05,2.666094151387804,1.1690832532361187e+17
C2,Active DPL Baseline,0.8,434887.35943096026,9,3.141190850271385,3.0162650381726683,3.0162650381726683,True,-0.04898382590680693,-1.9681864856887034e-05,2.666094151387804,1.1690832532361187e+17
C2,Active DPL Baseline,0.8357142857142857,454301.973691271,7,1.2490457723982544,-38.58124029673407,38.58124029673407,False,1.8014398509481984e+16,-5.404319552844595e+16,2.6549564739297926,1.1816170672730195e+17
C2,Active DPL Baseline,0.8357142857142857,454301.973691271,1,0.43880241143595067,-121.2619452742597,121.2619452742597,False,4.170302545300256e+52,-1.9571994498893425e+52,2.6549564739297926,1.1816170672730195e+17
C2,Active DPL Baseline,0.8357142857142857,454301.973691271,3,2.457607637253155,-81.99440018252339,81.99440018252339,False,-3.15537746073495e+35,2.5724961606069206e+35,2.6549564739297926,1.1816170672730195e+17
C2,Active DPL Baseline,0.8357142857142857,454301.973691271,2,2.451666760315077,-80.79610370278252,80.79610370278252,False,-9.473740644338074e+34,-7.81783997562675e+34,2.6549564739297926,1.1816170672730195e+17
C2,Active DPL Baseline,0.8357142857142857,454301.973691271,5,1.8758423520746343,-73.83676390365487,73.83676390365487,False,-3.5035480104739614e+31,-1.1126831930061375e+32,2.6549564739297926,1.1816170672730195e+17
C2,Active DPL Baseline,0.8357142857142857,454301.973691271,6,2.3222968665358072,-62.32870964335582,62.32870964335582,False,-8.003269012953412e+26,8.565113003019375e+26,2.6549564739297926,1.1816170672730195e+17
C2,Active DPL Baseline,0.8357142857142857,454301.973691271,0,1.029454406883521,-50.184855236584646,50.184855236584646,False,3.2140636484083316e+21,5.345589900213545e+21,2.6549564739297926,1.1816170672730195e+17
C2,Active DPL Baseline,0.8357142857142857,454301.973691271,4,0.15728134836438204,-40.09567546112156,40.09567546112156,False,2.558212660100516e+17,4.057100739065281e+16,2.6549564739297926,1.1816170672730195e+17
C2,Active DPL Baseline,0.8357142857142857,454301.973691271,8,0.0033510358142907278,-1.78345301229168,1.78345301229168,False,5.9503342685077385,-0.019939857878646116,2.6549564739297926,1.1816170672730195e+17
C2,Active DPL Baseline,0.8357142857142857,454301.973691271,9,0.0863225541052982,1.9437731679347665,1.9437731679347665,True,0.1426296888456376,-0.012342832154045127,2.6549564739297926,1.1816170672730195e+17
C2,Active DPL Baseline,0.8714285714285714,473716.58795158175,4,0.24497866312686414,-38.15340724170521,38.15340724170521,False,3.602879701896397e+16,-9007199254740992.0,2.6447156852700737,5.966004354888196e+16
C2,Active DPL Baseline,0.8714285714285714,473716.58795158175,1,1.3974789151234015,-121.26194527425885,121.26194527425885,False,7.944369235270926e+51,4.537722223812937e+52,2.6447156852700737,5.966004354888196e+16
C2,Active DPL Baseline,0.8714285714285714,473716.58795158175,3,0.19823696150710418,-82.25528146453782,82.25528146453782,False,5.1811353130457155e+35,-1.0407616192281672e+35,2.6447156852700737,5.966004354888196e+16
C2,Active DPL Baseline,0.8714285714285714,473716.58795158175,2,2.760763064568722,-81.09245966775961,81.09245966775961,False,-1.5336370404155407e+35,-6.140298906505215e+34,2.6447156852700737,5.966004354888196e+16
C2,Active DPL Baseline,0.8714285714285714,473716.58795158175,5,1.4836949478001813,-71.22376916120537,71.22376916120537,False,7.439875685925811e+29,8.520016181768571e+30,2.6447156852700737,5.966004354888196e+16
C2,Active DPL Baseline,0.8714285714285714,473716.58795158175,6,0.23613232810827325,-63.872121659692866,63.872121659692866,False,5.334429309448977e+27,-1.2835771351295242e+27,2.6447156852700737,5.966004354888196e+16
C2,Active DPL Baseline,0.8714285714285714,473716.58795158175,0,2.6758720006743024,-49.94474360406027,49.94474360406027,False,-4.3834919945113137e+21,2.2031167638489363e+21,2.6447156852700737,5.966004354888196e+16
C2,Active DPL Baseline,0.8714285714285714,473716.58795158175,7,0.9747048180516061,-37.80848751750997,37.80848751750997,False,1.4767244359107272e+16,-2.1767296931430636e+16,2.6447156852700737,5.966004354888196e+16
C2,Active DPL Baseline,0.8714285714285714,473716.58795158175,8,0.003910890562809226,-1.7584924026967816,1.7584924026967816,False,5.803636797757704,-0.022697504102374443,2.6447156852700737,5.966004354888196e+16
C2,Active DPL Baseline,0.8714285714285714,473716.58795158175,9,2.978940986301817,2.2926313812706725,2.2926313812706725,True,-0.09966727373886018,-0.01635553491055062,2.6447156852700737,5.966004354888196e+16
C2,Active DPL Baseline,0.9071428571428571,493131.20221189247,7,1.5707963267948966,-36.7368005696771,36.7368005696771,False,0.0,9007199254740992.0,2.6353044984704317,3.782974880726483e+16
C2,Active DPL Baseline,0.9071428571428571,493131.20221189247,1,0.5369572471110138,-121.26194527425363,121.26194527425363,False,3.958429281699446e+52,-2.3564572195378488e+52,2.6353044984704317,3.782974880726483e+16
C2,Active DPL Baseline,0.9071428571428571,493131.20221189247,3,0.3250970669333166,-82.84330653714687,82.84330653714687,False,9.016230066188071e+35,3.038973061454876e+35,2.6353044984704317,3.782974880726483e+16
C2,Active DPL Baseline,0.9071428571428571,493131.20221189247,2,2.2014886654018557,-82.5811580004619,82.5811580004619,False,-4.316933273045854e+35,-5.912184601830719e+35,2.6353044984704317,3.782974880726483e+16
C2,Active DPL Baseline,0.9071428571428571,493131.20221189247,5,1.1490867092900634,-70.5080475300317,70.5080475300317,False,1.7112752963881635e+30,-3.8144921269327445e+30,2.6353044984704317,3.782974880726483e+16
C2,Active DPL Baseline,0.9071428571428571,493131.20221189247,6,0.42577198887623036,-62.4274172274015,62.4274172274015,False,1.178332263356396e+27,-5.343896999418498e+26,2.6353044984704317,3.782974880726483e+16
C2,Active DPL Baseline,0.9071428571428571,493131.20221189247,0,0.6284758684687594,-50.68581152212295,50.68581152212295,False,8.326763808111707e+21,6.051749932625518e+21,2.6353044984704317,3.782974880726483e+16
C2,Active DPL Baseline,0.9071428571428571,493131.20221189247,4,1.6902306337901247,-38.586827248358304,38.586827248358304,False,-6825622224575272.0,-5.687759800094197e+16,2.6353044984704317,3.782974880726483e+16
C2,Active DPL Baseline,0.9071428571428571,493131.20221189247,8,0.003504347647534723,-1.7939293615636742,1.7939293615636742,False,6.012996568186202,-0.02107171663516625,2.6353044984704317,3.782974880726483e+16
C2,Active DPL Baseline,0.9071428571428571,493131.20221189247,9,2.992177197106866,2.3369765452009807,2.3369765452009807,True,-0.09554281406006485,-0.014382764450868526,2.6353044984704317,3.782974880726483e+16
C2,Active DPL Baseline,0.9428571428571428,512545.8164722032,7,2.677945044588987,-37.54151952589415,37.54151952589415,False,-1.8014398509481984e+16,9007199254740992.0,2.62666153473053,7.000964811942945e+16
C2,Active DPL Baseline,0.9428571428571428,512545.8164722032,1,0.10592608157591075,-121.26194527425957,121.26194527425957,False,4.5809195283929094e+52,-4.870618855629656e+51,2.62666153473053,7.000964811942945e+16
C2,Active DPL Baseline,0.9428571428571428,512545.8164722032,2,2.1287475441941077,-82.78835188168547,82.78835188168547,False,-4.768136938046722e+35,7.640031704312317e+35,2.62666153473053,7.000964811942945e+16
C2,Active DPL Baseline,0.9428571428571428,512545.8164722032,3,0.10997280248797847,-81.90531974106042,81.90531974106042,False,3.701663263804858e+35,-4.087313476965029e+34,2.62666153473053,7.000964811942945e+16
C2,Active DPL Baseline,0.9428571428571428,512545.8164722032,5,0.9338544988641091,-70.50608165953946,70.50608165953946,False,2.4815849063829644e+30,-3.354394495904256e+30,2.62666153473053,7.000964811942945e+16
C2,Active DPL Baseline,0.9428571428571428,512545.8164722032,6,2.036879596016802,-64.02153280637015,64.02153280637015,False,-2.863008161030809e+27,5.691318701224884e+27,2.62666153473053,7.000964811942945e+16
C2,Active DPL Baseline,0.9428571428571428,512545.8164722032,0,0.04543962702324971,-49.80196725889218,49.80196725889218,False,4.24884665451912e+21,1.9319899540083448e+20,2.62666153473053,7.000964811942945e+16
C2,Active DPL Baseline,0.9428571428571428,512545.8164722032,4,0.6687124614012863,-38.480397739548565,38.480397739548565,False,4.040955644861781e+16,3.1930040397183812e+16,2.62666153473053,7.000964811942945e+16
C2,Active DPL Baseline,0.9428571428571428,512545.8164722032,8,0.0015017562134216342,-1.816908219324528,1.816908219324528,False,6.152798947425427,-0.009240010995476448,2.62666153473053,7.000964811942945e+16
C2,Active DPL Baseline,0.9428571428571428,512545.8164722032,9,3.0957256297057216,1.9988930526339062,1.9988930526339062,True,-0.13534268443753752,-0.006212123072197178,2.62666153473053,7.000964811942945e+16
C2,Active DPL Baseline,0.9785714285714285,531960.4307325139,4,0.0,-36.7368005696771,36.7368005696771,False,9007199254740992.0,0.0,2.6187308424047884,2.6008940768776736e+17
C2,Active DPL Baseline,0.9785714285714285,531960.4307325139,1,2.5573707797385636,-121.26194527425476,121.26194527425476,False,-3.842673041047744e+52,2.5408496424188543e+52,2.6187308424047884,2.6008940768776736e+17
C2,Active DPL Baseline,0.9785714285714285,531960.4307325139,2,2.981742853464853,-82.96257038819117,82.96257038819117,False,-1.0583131566633629e+36,1.7062691215062472e+35,2.6187308424047884,2.6008940768776736e+17
C2,Active DPL Baseline,0.9785714285714285,531960.4307325139,3,0.45266313254099605,-82.78544985554811,82.78544985554811,False,8.075355760054983e+35,-3.927399674760583e+35,2.6187308424047884,2.6008940768776736e+17
C2,Active DPL Baseline,0.9785714285714285,531960.4307325139,5,2.7754879892129427,-69.00544641513363,69.00544641513363,False,-8.687711529549358e+29,3.330769195990057e+29,2.6187308424047884,2.6008940768776736e+17
C2,Active DPL Baseline,0.9785714285714285,531960.4307325139,6,0.22831614917227816,-63.75418761031573,63.75418761031573,False,4.7497706026143935e+27,-1.1036942009345159e+27,2.6187308424047884,2.6008940768776736e+17
C2,Active DPL Baseline,0.9785714285714285,531960.4307325139,0,1.8828867367327249,-49.71780625674008,49.71780625674008,False,-1.2005388637764437e+21,3.72105548609149e+21,2.6187308424047884,2.6008940768776736e+17
C2,Active DPL Baseline,0.9785714285714285,531960.4307325139,7,1.3505390630688294,-38.45394857746411,38.45394857746411,False,1.0958489886791616e+16,-4.894596077184582e+16,2.6187308424047884,2.6008940768776736e+17
C2,Active DPL Baseline,0.9785714285714285,531960.4307325139,9,2.916381190071894,2.3932720922475834,2.3932720922475834,True,-0.08902397913197324,-0.020395208608735782,2.6187308424047884,2.6008940768776736e+17
C2,Active DPL Baseline,0.9785714285714285,531960.4307325139,8,0.0051199464793780115,-1.8592099729229266,1.8592099729229266,False,6.418579720812214,-0.03286307180058105,2.6187308424047884,2.6008940768776736e+17
C2,Active DPL Baseline,1.0142857142857142,551375.0449928246,4,1.5707963267948966,-36.7368005696771,36.7368005696771,False,0.0,-9007199254740992.0,2.6114614344892493,5.455732563742446e+16
C2,Active DPL Baseline,1.0142857142857142,551375.0449928246,1,1.0485971882062441,-121.26194527426226,121.26194527426226,False,2.297783795625836e+52,3.992773802089628e+52,2.6114614344892493,5.455732563742446e+16
C2,Active DPL Baseline,1.0142857142857142,551375.0449928246,2,1.6082583175489915,-83.13545839544418,83.13545839544418,False,-4.772655614885692e+34,-1.2734034311718214e+36,2.6114614344892493,5.455732563742446e+16
C2,Active DPL Baseline,1.0142857142857142,551375.0449928246,3,1.390801667844432,-82.37530840961537,82.37530840961537,False,1.0667285455629524e+35,5.862305072798069e+35,2.6114614344892493,5.455732563742446e+16
C2,Active DPL Baseline,1.0142857142857142,551375.0449928246,5,0.8321473938012731,-68.48329631710288,68.48329631710288,False,3.716375460693847e+29,4.0811705253631086e+29,2.6114614344892493,5.455732563742446e+16
C2,Active DPL Baseline,1.0142857142857142,551375.0449928246,6,0.5649860760192003,-63.132139898749976,63.132139898749976,False,2.2110015017956724e+27,1.4015921150246282e+27,2.6114614344892493,5.455732563742446e+16
C2,Active DPL Baseline,1.0142857142857142,551375.0449928246,0,1.3354246157862952,-50.63049514666334,50.63049514666334,False,2.2713366940699436e+21,-9.471134198791812e+21,2.6114614344892493,5.455732563742446e+16
C2,Active DPL Baseline,1.0142857142857142,551375.0449928246,7,3.019926098981279,-38.697893668927364,38.697893668927364,False,-6.354177516694744e+16,-7769282325793328.0,2.6114614344892493,5.455732563742446e+16
C2,Active DPL Baseline,1.0142857142857142,551375.0449928246,8,0.048699995105265834,-1.8503206734442954,1.8503206734442954,False,6.354316588287009,-0.3097000629323988,2.6114614344892493,5.455732563742446e+16
C2,Active DPL Baseline,1.0142857142857142,551375.0449928246,9,2.41628818507297,1.1590388337383328,1.1590388337383328,True,-0.23480649989723448,-0.20815520511105132,2.6114614344892493,5.455732563742446e+16
C2,Active DPL Baseline,1.05,570789.6592531353,7,3.141592653589793,-37.83541285834521,37.83541285834521,False,-2.7021597764222976e+16,0.0,2.6048068298480205,1.190173151951591e+17
C2,Active DPL Baseline,1.05,570789.6592531353,1,1.540365148471808,-121.26194527425965,121.26194527425965,False,1.4016688895224381e+51,4.60460706784239e+52,2.6048068298480205,1.190173151951591e+17
C2,Active DPL Baseline,1.05,570789.6592531353,2,2.8349625175489597,-82.66466814373365,82.66466814373365,False,-7.586900759311389e+35,2.402133054656577e+35,2.6048068298480205,1.190173151951591e+17
C2,Active DPL Baseline,1.05,570789.6592531353,3,0.19496842011864182,-82.44823394874402,82.44823394874402,False,6.287903466480451e+35,1.2417162780312591e+35,2.6048068298480205,1.190173151951591e+17
C2,Active DPL Baseline,1.05,570789.6592531353,5,3.000188185774221,-67.42628165849682,67.42628165849682,False,-1.898915348133423e+29,2.703192182322085e+28,2.6048068298480205,1.190173151951591e+17
C2,Active DPL Baseline,1.05,570789.6592531353,6,0.24082918811089557,-66.37430440822996,66.37430440822996,False,6.505433308801966e+28,1.5977066188498682e+28,2.6048068298480205,1.190173151951591e+17
C2,Active DPL Baseline,1.05,570789.6592531353,0,1.5686630423319774,-47.73418936313239,47.73418936313239,False,1.1474756528895427e+18,5.378907183505805e+20,2.6048068298480205,1.190173151951591e+17
C2,Active DPL Baseline,1.05,570789.6592531353,4,2.035771955536535,-35.14879434701844,35.14879434701844,False,-825266127457539.8,-1645066919305764.0,2.6048068298480205,1.190173151951591e+17
C2,Active DPL Baseline,1.05,570789.6592531353,8,0.00010380683216627412,-1.914834496950082,1.914834496950082,False,6.78581559431358,-0.0007044140230404174,2.6048068298480205,1.190173151951591e+17
C2,Active DPL Baseline,1.05,570789.6592531353,9,3.137272282876694,2.3626786227286845,2.3626786227286845,True,-0.09416676662505856,-0.0004068378719687341,2.6048068298480205,1.190173151951591e+17
C2,Active DPL Baseline,1.0857142857142856,590204.273513446,4,0.0,-36.7368005696771,36.7368005696771,False,9007199254740992.0,0.0,2.5987245697777537,1.2899026876334558e+17
C2,Active DPL Baseline,1.0857142857142856,590204.273513446,1,2.3517558755894257,-121.2619452742628,121.2619452742628,False,-3.24296642379664e+52,-3.2718835218027253e+52,2.5987245697777537,1.2899026876334558e+17
C2,Active DPL Baseline,1.0857142857142856,590204.273513446,2,1.7310743094272198,-82.66402449630857,82.66402449630857,False,-1.2692364309290014e+35,-7.851042708668584e+35,2.5987245697777537,1.2899026876334558e+17
C2,Active DPL Baseline,1.0857142857142856,590204.273513446,3,1.3092581859446801,-82.145344673552,82.145344673552,False,1.2241721175226067e+35,4.573451406291213e+35,2.5987245697777537,1.2899026876334558e+17
C2,Active DPL Baseline,1.0857142857142856,590204.273513446,5,2.4651485001792772,-71.22976500168008,71.22976500168008,False,-6.709330308872143e+30,5.386230782503072e+30,2.5987245697777537,1.2899026876334558e+17
C2,Active DPL Baseline,1.0857142857142856,590204.273513446,6,0.4183192409579606,-62.43876717434686,62.43876717434686,False,1.1957774544780377e+27,-5.3159256340333694e+26,2.5987245697777537,1.2899026876334558e+17
C2,Active DPL Baseline,1.0857142857142856,590204.273513446,0,1.4604510159042354,-47.9927148757017,47.9927148757017,False,7.670848969980725e+19,6.92343876099226e+20,2.5987245697777537,1.2899026876334558e+17
C2,Active DPL Baseline,1.0857142857142856,590204.273513446,7,2.6533553394103646,-36.51876201482645,36.51876201482645,False,-6396416539927706.0,-3397303745178074.5,2.5987245697777537,1.2899026876334558e+17
C2,Active DPL Baseline,1.0857142857142856,590204.273513446,8,0.00022424960863347702,-1.941853523058103,1.941853523058103,False,6.971660961671256,-0.001563392268386634,2.5987245697777537,1.2899026876334558e+17
C2,Active DPL Baseline,1.0857142857142856,590204.273513446,9,3.1319407085117765,2.4056767277884457,2.4056767277884457,True,-0.09020022941316488,-0.0008706346966104526,2.5987245697777537,1.2899026876334558e+17
C2,Active DPL Baseline,1.1214285714285714,609618.8877737568,4,2.0344439357957027,-37.54151952589415,37.54151952589415,False,-9007199254740992.0,1.8014398509481984e+16,2.5931758380094956,1.0333053627451454e+17
C2,Active DPL Baseline,1.1214285714285714,609618.8877737568,1,1.8456217004338902,-121.26194527426397,121.26194527426397,False,-1.2501718739877524e+52,4.4338609914673545e+52,2.5931758380094956,1.0333053627451454e+17
C2,Active DPL Baseline,1.1214285714285714,609618.8877737568,2,2.62197033978665,-83.10238117374267,83.10238117374267,False,-1.0701106727469575e+36,-6.121679787744512e+35,2.5931758380094956,1.0333053627451454e+17
C2,Active DPL Baseline,1.1214285714285714,609618.8877737568,3,0.6857568832370106,-82.99681035184193,82.99681035184193,False,8.585469016769213e+35,7.024866980094118e+35,2.5931758380094956,1.0333053627451454e+17
C2,Active DPL Baseline,1.1214285714285714,609618.8877737568,5,1.7706267492638395,-69.66190923541224,69.66190923541224,False,-3.560820982137583e+29,1.7581392977900458e+30,2.5931758380094956,1.0333053627451454e+17
C2,Active DPL Baseline,1.1214285714285714,609618.8877737568,6,1.1351001534373943,-61.5879559825172,61.5879559825172,False,2.358656702207894e+26,-5.066567898785123e+26,2.5931758380094956,1.0333053627451454e+17
C2,Active DPL Baseline,1.1214285714285714,609618.8877737568,0,1.568912477689418,-49.45548340797959,49.45548340797959,False,5.66616739043651e+18,3.0077571877140614e+21,2.5931758380094956,1.0333053627451454e+17
C2,Active DPL Baseline,1.1214285714285714,609618.8877737568,7,2.353048478138433,-37.38940975883366,37.38940975883366,False,-1.219351000478215e+16,1.2270474248043504e+16,2.5931758380094956,1.0333053627451454e+17
C2,Active DPL Baseline,1.1214285714285714,609618.8877737568,8,0.012567667808589335,-1.9697214992971037,1.9697214992971037,False,7.168113602291577,0.09009121380829468,2.5931758380094956,1.0333053627451454e+17
C2,Active DPL Baseline,1.1214285714285714,609618.8877737568,9,2.579218864364658,2.404437808631876,2.404437808631876,True,-0.07640681238054284,0.04815625800088506,2.5931758380094956,1.0333053627451454e+17
C2,Active DPL Baseline,1.157142857142857,629033.5020340674,7,2.356194490192345,-37.77652134051702,37.77652134051702,False,-1.8014398509481984e+16,-1.8014398509481984e+16,2.588125061131676,1.2369027976395018e+17
C2,Active DPL Baseline,1.157142857142857,629033.5020340674,1,1.4804922151318858,-121.26194527425632,121.26194527425632,False,4.1544237772611374e+51,4.587969118970899e+52,2.588125061131676,1.2369027976395018e+17
C2,Active DPL Baseline,1.157142857142857,629033.5020340674,3,0.9673357934434027,-82.94337590602706,82.94337590602706,False,5.9677778739814336e+35,8.65862729929064e+35,2.588125061131676,1.2369027976395018e+17
C2,Active DPL Baseline,1.157142857142857,629033.5020340674,2,1.1751820713039505,-82.64885882642687,82.64885882642687,False,3.0187485720464786e+35,-7.228232169277794e+35,2.588125061131676,1.2369027976395018e+17
C2,Active DPL Baseline,1.157142857142857,629033.5020340674,5,2.4766006693055935,-70.22167469655913,70.22167469655913,False,-2.470684948357031e+30,-1.9373503952141404e+30,2.588125061131676,1.2369027976395018e+17
C2,Active DPL Baseline,1.157142857142857,629033.5020340674,6,2.370445016086514,-62.70580932793778,62.70580932793778,False,-1.2256699315688873e+27,-1.1912255680120947e+27,2.588125061131676,1.2369027976395018e+17
C2,Active DPL Baseline,1.157142857142857,629033.5020340674,0,2.942931619001262,-48.8767384051739,48.8767384051739,False,-1.6529923120028907e+21,-3.3277450712267896e+20,2.588125061131676,1.2369027976395018e+17
C2,Active DPL Baseline,1.157142857142857,629033.5020340674,4,0.926337297927972,-39.35702553707228,39.35702553707228,False,7.434373991018862e+16,-9.892741837914677e+16,2.588125061131676,1.2369027976395018e+17
C2,Active DPL Baseline,1.157142857142857,629033.5020340674,8,0.008088948248360739,-2.0085108932509805,2.0085108932509805,False,7.451968139884043,-0.06027989936407156,2.588125061131676,1.2369027976395018e+17
C2,Active DPL Baseline,1.157142857142857,629033.5020340674,9,2.0959297070817176,3.3655275424418085,3.3655275424418085,True,-0.017317782566073005,-0.029889257202446572,2.588125061131676,1.2369027976395018e+17
C2,Active DPL Baseline,1.1928571428571428,648448.1162943783,7,2.677945044588987,-37.54151952589415,37.54151952589415,False,-1.8014398509481984e+16,9007199254740992.0,2.583539578992384,4.884290735237252e+16
C2,Active DPL Baseline,1.1928571428571428,648448.1162943783,1,2.7569657852500864,-121.26194527425253,121.26194527425253,False,-4.2701646283691735e+52,1.728510067169243e+52,2.583539578992384,4.884290735237252e+16
C2,Active DPL Baseline,1.1928571428571428,648448.1162943783,3,0.09638837109041203,-83.15539918143564,83.15539918143564,False,1.2939289193475467e+36,1.251073868522668e+35,2.583539578992384,4.884290735237252e+16
C2,Active DPL Baseline,1.1928571428571428,648448.1162943783,2,2.6940837467209615,-82.2575846320868,82.2575846320868,False,-4.775229473777728e+35,-2.2920451166688166e+35,2.583539578992384,4.884290735237252e+16
C2,Active DPL Baseline,1.1928571428571428,648448.1162943783,5,0.410198124438389,-69.79056484951778,69.79056484951778,False,1.8708817965682177e+30,8.135843349296332e+29,2.583539578992384,4.884290735237252e+16
C2,Active DPL Baseline,1.1928571428571428,648448.1162943783,6,0.4172802026047236,-63.081817375146606,63.081817375146606,False,2.2757462732382785e+27,-1.008870859590319e+27,2.583539578992384,4.884290735237252e+16
C2,Active DPL Baseline,1.1928571428571428,648448.1162943783,0,0.022631770116065868,-48.19962272808982,48.19962272808982,False,8.56483397814926e+20,-1.938704547623528e+19,2.583539578992384,4.884290735237252e+16
C2,Active DPL Baseline,1.1928571428571428,648448.1162943783,4,1.661586981618664,-33.730139048433294,33.730139048433294,False,-40388488727566.06,443629957707112.2,2.583539578992384,4.884290735237252e+16
C2,Active DPL Baseline,1.1928571428571428,648448.1162943783,8,8.780877284797875e-08,-2.0186303299547372,2.0186303299547372,False,7.528006983515456,6.61025055213508e-07,2.583539578992384,4.884290735237252e+16
C2,Active DPL Baseline,1.1928571428571428,648448.1162943783,9,3.1415871554219996,2.8109301842272765,2.8109301842272765,True,-0.06014901669502873,3.3070938642486624e-07,2.583539578992384,4.884290735237252e+16
C2,Active DPL Baseline,1.2285714285714286,667862.730554689,4,1.5707963267948966,-36.7368005696771,36.7368005696771,False,0.0,-9007199254740992.0,2.5793893383300173,8.33140622149687e+16
C2,Active DPL Baseline,1.2285714285714286,667862.730554689,1,0.6813408918427954,-121.26194527425557,121.26194527425557,False,3.578187949119494e+52,-2.9014865166988814e+52,2.5793893383300173,8.33140622149687e+16
C2,Active DPL Baseline,1.2285714285714286,667862.730554689,3,1.067589815657639,-82.46072198047825,82.46072198047825,False,3.1296595836332772e+35,-5.6853976801037545e+35,2.5793893383300173,8.33140622149687e+16
C2,Active DPL Baseline,1.2285714285714286,667862.730554689,2,2.6780371585560645,-82.3357150674817,82.3357150674817,False,-5.1228508396561644e+35,-2.5608355893502432e+35,2.5793893383300173,8.33140622149687e+16
C2,Active DPL Baseline,1.2285714285714286,667862.730554689,5,0.1950887794302374,-71.9018712886718,71.9018712886718,False,1.652983173091851e+31,3.266328643107997e+30,2.5793893383300173,8.33140622149687e+16
C2,Active DPL Baseline,1.2285714285714286,667862.730554689,6,0.9473947811070353,-62.268194751796905,62.268194751796905,False,6.441657752353894e+26,8.958483420836536e+26,2.5793893383300173,8.33140622149687e+16
C2,Active DPL Baseline,1.2285714285714286,667862.730554689,0,0.05966378288668546,-48.00694618883495,48.00694618883495,False,7.053072859525386e+20,4.213130518874261e+19,2.5793893383300173,8.33140622149687e+16
C2,Active DPL Baseline,1.2285714285714286,667862.730554689,7,2.847866607915017,-41.07118605546584,41.07118605546584,False,-6.576265580928695e+17,1.989157069877989e+17,2.5793893383300173,8.33140622149687e+16
C2,Active DPL Baseline,1.2285714285714286,667862.730554689,8,0.03980767142290409,-2.0926959843629254,2.0926959843629254,False,8.100319048955194,0.32262527324969204,2.5793893383300173,8.33140622149687e+16
C2,Active DPL Baseline,1.2285714285714286,667862.730554689,9,0.7756313639390345,1.64869691086138,1.64869691086138,True,0.13729841958336625,0.13464234422348784,2.5793893383300173,8.33140622149687e+16
C2,Active DPL Baseline,1.2642857142857142,687277.3448149996,7,0.7853981633974483,-37.083374159957074,37.083374159957074,False,9007199254740992.0,9007199254740992.0,2.575646618513723,7.096834109897055e+16
C2,Active DPL Baseline,1.2642857142857142,687277.3448149996,1,2.619157259315548,-121.26194527425363,121.26194527425363,False,-3.992230826142384e+52,-2.2987270469818194e+52,2.575646618513723,7.096834109897055e+16
C2,Active DPL Baseline,1.2642857142857142,687277.3448149996,2,0.8844816878133294,-82.60531873600601,82.60531873600601,False,4.752381874742305e+35,5.8015369758561584e+35,2.575646618513723,7.096834109897055e+16
C2,Active DPL Baseline,1.2642857142857142,687277.3448149996,3,0.6104681866800724,-82.39890893057498,82.39890893057498,False,4.9989256067895354e+35,-3.49732823983586e+35,2.575646618513723,7.096834109897055e+16
C2,Active DPL Baseline,1.2642857142857142,687277.3448149996,5,2.933859140802525,-69.52622462854502,69.52622462854502,False,-1.5325580076254037e+30,-3.2302358283513984e+29,2.575646618513723,7.096834109897055e+16
C2,Active DPL Baseline,1.2642857142857142,687277.3448149996,6,3.006035732915942,-63.714009813816254,63.714009813816254,False,-4.6413078286651536e+27,-6.330436914733712e+26,2.575646618513723,7.096834109897055e+16
C2,Active DPL Baseline,1.2642857142857142,687277.3448149996,0,3.0150029071316706,-49.09537807785288,49.09537807785288,False,-2.08143414970651e+21,-2.649047650780653e+20,2.575646618513723,7.096834109897055e+16
C2,Active DPL Baseline,1.2642857142857142,687277.3448149996,4,1.7983006307025609,-33.918427314883566,33.918427314883566,False,-121289321280748.44,523899945115010.0,2.575646618513723,7.096834109897055e+16
C2,Active DPL Baseline,1.2642857142857142,687277.3448149996,8,8.390053061711134e-09,-2.065475718815717,2.065475718815717,False,7.889049974628397,6.618954789362313e-08,2.575646618513723,7.096834109897055e+16
C2,Active DPL Baseline,1.2642857142857142,687277.3448149996,9,3.1415916443703664,3.4838572486056987,3.4838572486056987,True,-0.030688808077078338,3.097174129276382e-08,2.575646618513723,7.096834109897055e+16
C2,Active DPL Baseline,1.3,706691.9590753104,4,1.5707963267948966,-36.7368005696771,36.7368005696771,False,0.0,-9007199254740992.0,2.5722858056002593,9.632278934003342e+16
C2,Active DPL Baseline,1.3,706691.9590753104,1,3.1196337561542236,-121.26194527425804,121.26194527425804,False,-4.605629329574582e+52,-1.0115080067233636e+51,2.5722858056002593,9.632278934003342e+16
C2,Active DPL Baseline,1.3,706691.9590753104,3,0.7668628838944607,-83.09689956723497,83.09689956723497,False,8.829016379414707e+35,8.507639806833041e+35,2.5722858056002593,9.632278934003342e+16
C2,Active DPL Baseline,1.3,706691.9590753104,2,2.191989823098795,-82.93277356705916,82.93277356705916,False,-6.055827156139024e+35,-8.461258728440088e+35,2.5722858056002593,9.632278934003342e+16
C2,Active DPL Baseline,1.3,706691.9590753104,5,2.908722363869213,-69.40059927101251,69.40059927101251,False,-1.344044740442848e+30,3.1877119680613644e+29,2.5722858056002593,9.632278934003342e+16
C2,Active DPL Baseline,1.3,706691.9590753104,6,0.02292875086140316,-61.84187039503862,61.84187039503862,False,7.20226161828765e+26,1.6516780772480883e+25,2.5722858056002593,9.632278934003342e+16
C2,Active DPL Baseline,1.3,706691.9590753104,0,0.5259392168049326,-49.15968445771919,49.15968445771919,False,1.9351823488715808e+21,1.1233251395983184e+21,2.5722858056002593,9.632278934003342e+16
C2,Active DPL Baseline,1.3,706691.9590753104,7,1.9007075772806923,-37.485332556384435,37.485332556384435,False,-6168267792766977.0,-1.8013448280997148e+16,2.5722858056002593,9.632278934003342e+16
C2,Active DPL Baseline,1.3,706691.9590753104,8,0.0011986714156538001,-2.089648005646211,2.089648005646211,False,8.08206401440674,0.00968774375337992,2.5722858056002593,9.632278934003342e+16
C2,Active DPL Baseline,1.3,706691.9590753104,9,2.5468960080500676,4.854868925080977,4.854868925080977,True,-0.006452894626285161,0.004364604531959417,2.5722858056002593,9.632278934003342e+16
C2,Active DPL Baseline,1.3357142857142856,726106.5733356212,7,2.44685437739309,-38.09909032120381,38.09909032120381,False,-2.7021597764222976e+16,2.251799813685248e+16,2.5692831671613803,6.0575198921787464e+16
C2,Active DPL Baseline,1.3357142857142856,726106.5733356212,1,2.2416116926478695,-121.26194527425918,121.26194527425918,False,-2.8636641802938e+52,-3.6085288509952536e+52,2.5692831671613803,6.0575198921787464e+16
C2,Active DPL Baseline,1.3357142857142856,726106.5733356212,3,1.0836984459201264,-82.99963658944539,82.99963658944539,False,5.207013907360955e+35,-9.830747593222287e+35,2.5692831671613803,6.0575198921787464e+16
C2,Active DPL Baseline,1.3357142857142856,726106.5733356212,2,2.297814120482089,-81.36674246922712,81.36674246922712,False,-1.4444969217306495e+35,1.6238308149987744e+35,2.5692831671613803,6.0575198921787464e+16
C2,Active DPL Baseline,1.3357142857142856,726106.5733356212,5,2.8057960317701873,-70.0357873367229,70.0357873367229,False,-2.4614788133502468e+30,-8.590918610097884e+29,2.5692831671613803,6.0575198921787464e+16
C2,Active DPL Baseline,1.3357142857142856,726106.5733356212,6,2.23804057862424,-63.23220284685858,63.23220284685858,False,-1.79045600778419e+27,2.272791169192446e+27,2.5692831671613803,6.0575198921787464e+16
C2,Active DPL Baseline,1.3357142857142856,726106.5733356212,0,1.9517846996928183,-47.71654517067311,47.71654517067311,False,-1.965107054185817e+20,-4.90590889308813e+20,2.5692831671613803,6.0575198921787464e+16
C2,Active DPL Baseline,1.3357142857142856,726106.5733356212,4,1.1894021888091335,-36.914833469621435,36.914833469621435,False,4005918488761671.5,-9989070153340016.0,2.5692831671613803,6.0575198921787464e+16
C2,Active DPL Baseline,1.3357142857142856,726106.5733356212,8,0.007053051928314924,-2.1145501816885526,2.1145501816885526,False,8.285651705777397,-0.05844010078881259,2.5692831671613803,6.0575198921787464e+16
C2,Active DPL Baseline,1.3357142857142856,726106.5733356212,9,0.8010964791692687,3.3473212224731697,3.3473212224731697,True,0.024481386475385825,-0.02526234340807717,2.5692831671613803,6.0575198921787464e+16
C2,Active DPL Baseline,1.3714285714285714,745521.1875959318,4,1.9513027039072615,-37.72730130411039,37.72730130411039,False,-9007199254740992.0,-2.251799813685248e+16,2.566616678095936,4.995454106370719e+16
C2,Active DPL Baseline,1.3714285714285714,745521.1875959318,1,0.04002400056610962,-121.26194527424846,121.26194527424846,False,4.603050630862443e+52,-1.8433093941297723e+51,2.566616678095936,4.995454106370719e+16
C2,Active DPL Baseline,1.3714285714285714,745521.1875959318,3,0.3641455146921297,-83.48433022796092,83.48433022796092,False,1.687834989973375e+36,-6.433066990999885e+35,2.566616678095936,4.995454106370719e+16
C2,Active DPL Baseline,1.3714285714285714,745521.1875959318,2,2.4676998128844834,-81.29526040475443,81.29526040475443,False,-1.5810859494362682e+35,1.2626711389799182e+35,2.566616678095936,4.995454106370719e+16
C2,Active DPL Baseline,1.3714285714285714,745521.1875959318,5,0.14079222735776192,-71.5278628146635,71.5278628146635,False,1.147723927770837e+31,1.6266684980730506e+30,2.566616678095936,4.995454106370719e+16
C2,Active DPL Baseline,1.3714285714285714,745521.1875959318,6,1.6977388758985736,-61.23695763498321,61.23695763498321,False,-4.9809591194266045e+25,3.902690857906355e+26,2.566616678095936,4.995454106370719e+16
C2,Active DPL Baseline,1.3714285714285714,745521.1875959318,0,0.21812798746961368,-49.0627991487859,49.0627991487859,False,1.98284207007935e+21,-4.395061015990476e+20,2.566616678095936,4.995454106370719e+16
C2,Active DPL Baseline,1.3714285714285714,745521.1875959318,7,1.0287570035199376,-39.90641514696814,39.90641514696814,False,1.105829077722833e+17,1.836299741981579e+17,2.566616678095936,4.995454106370719e+16
C2,Active DPL Baseline,1.3714285714285714,745521.1875959318,8,0.013093215644311845,-2.1111547501558037,2.1111547501558037,False,8.257063629705753,0.10811769305126945,2.566616678095936,4.995454106370719e+16
C2,Active DPL Baseline,1.3714285714285714,745521.1875959318,9,2.2969736712250524,2.7339914936130683,2.7339914936130683,True,-0.04313415272922016,0.04857138774537284,2.566616678095936,4.995454106370719e+16
C2,Active DPL Baseline,1.407142857142857,764935.8018562426,7,0.24497866312686414,-38.15340724170521,38.15340724170521,False,3.602879701896397e+16,-9007199254740992.0,2.5642658481382044,1.3389661679090237e+17
C2,Active DPL Baseline,1.407142857142857,764935.8018562426,1,2.8494346085636555,-121.26194527426274,121.26194527426274,False,-4.4115272612339396e+52,-1.3268308971018976e+52,2.5642658481382044,1.3389661679090237e+17
C2,Active DPL Baseline,1.407142857142857,764935.8018562426,3,2.479712469015465,-83.22609457071059,83.22609457071059,False,-1.1005796552779106e+36,-8.574858351368652e+35,2.5642658481382044,1.3389661679090237e+17
C2,Active DPL Baseline,1.407142857142857,764935.8018562426,2,2.3553317532462805,-81.74358676880574,81.74358676880574,False,-2.238198815193058e+35,2.2420641045009575e+35,2.5642658481382044,1.3389661679090237e+17
C2,Active DPL Baseline,1.407142857142857,764935.8018562426,5,0.7061779984595079,-69.39186125079486,69.39186125079486,False,1.0418378431167262e+30,-8.885884316980112e+29,2.5642658481382044,1.3389661679090237e+17
C2,Active DPL Baseline,1.407142857142857,764935.8018562426,6,1.5782756787617127,-62.25251579922495,62.25251579922495,False,-8.124263822898444e+24,-1.0862053779561426e+27,2.5642658481382044,1.3389661679090237e+17
C2,Active DPL Baseline,1.407142857142857,764935.8018562426,0,2.2393588082234186,-48.96006339712991,48.96006339712991,False,-1.1359991053832731e+21,-1.4381245837541035e+21,2.5642658481382044,1.3389661679090237e+17
C2,Active DPL Baseline,1.407142857142857,764935.8018562426,4,2.6151730952377656,-38.72541463751728,38.72541463751728,False,-5.68924882875635e+16,-3.3061218174105292e+16,2.5642658481382044,1.3389661679090237e+17
C2,Active DPL Baseline,1.407142857142857,764935.8018562426,8,0.006566696050607576,-2.1524800180712758,2.1524800180712758,False,8.605989868604514,-0.056513732002978045,2.5642658481382044,1.3389661679090237e+17
C2,Active DPL Baseline,1.407142857142857,764935.8018562426,9,0.40256485713941936,2.8273788425839306,2.8273788425839306,True,0.054437820010860026,-0.023180703988980613,2.5642658481382044,1.3389661679090237e+17
C2,Active DPL Baseline,1.4428571428571428,784350.4161165534,7,0.4636476090008061,-36.848372345334205,36.848372345334205,False,9007199254740992.0,4503599627370496.0,2.5622115935871177,2.0273242140102733e+17
C2,Active DPL Baseline,1.4428571428571428,784350.4161165534,1,1.8483889214062406,-121.26194527425108,121.26194527425108,False,-1.2624365448366754e+52,4.4303845178358823e+52,2.5622115935871177,2.0273242140102733e+17
C2,Active DPL Baseline,1.4428571428571428,784350.4161165534,3,1.456857831833194,-83.50470871042961,83.50470871042961,False,2.0958712982755224e+35,-1.8315091134931058e+36,2.5622115935871177,2.0273242140102733e+17
C2,Active DPL Baseline,1.4428571428571428,784350.4161165534,2,1.7053981628233237,-83.05523676520912,83.05523676520912,False,-1.578228245808496e+35,1.1654264869994746e+36,2.5622115935871177,2.0273242140102733e+17
C2,Active DPL Baseline,1.4428571428571428,784350.4161165534,5,0.39924244956051314,-69.28880263366302,69.28880263366302,False,1.1380778852115717e+30,-4.8015567295625116e+29,2.5622115935871177,2.0273242140102733e+17
C2,Active DPL Baseline,1.4428571428571428,784350.4161165534,6,1.913381921926282,-62.68931251033464,62.68931251033464,False,-5.647587356267901e+26,-1.583515573685117e+27,2.5622115935871177,2.0273242140102733e+17
C2,Active DPL Baseline,1.4428571428571428,784350.4161165534,0,1.6775938107679833,-48.43476052332865,48.43476052332865,False,-1.1552723057415484e+20,-1.0776253229528435e+21,2.5622115935871177,2.0273242140102733e+17
C2,Active DPL Baseline,1.4428571428571428,784350.4161165534,4,0.9265579133962848,-38.603864800514444,38.603864800514444,False,3.499639653737787e+16,4.659025741738213e+16,2.5622115935871177,2.0273242140102733e+17
C2,Active DPL Baseline,1.4428571428571428,784350.4161165534,8,0.07697974250735634,-2.163952237771106,2.163952237771106,False,8.679694797030628,-0.6694836199491584,2.5622115935871177,2.0273242140102733e+17
C2,Active DPL Baseline,1.4428571428571428,784350.4161165534,9,1.3287943799805202,1.2732234613964832,1.2732234613964832,True,0.0670837849514298,-0.2717707773753209,2.5622115935871177,2.0273242140102733e+17
C2,Active DPL Baseline,1.4785714285714284,803765.0303768639,4,2.5535900500422257,-38.01927524840787,38.01927524840787,False,-2.7021597764222976e+16,1.8014398509481984e+16,2.560436095002344,4.051835844164719e+16
C2,Active DPL Baseline,1.4785714285714284,803765.0303768639,1,1.4418991390913969,-121.26194527425915,121.26194527425915,False,5.9215292133952945e+51,4.568523604372697e+52,2.560436095002344,4.051835844164719e+16
C2,Active DPL Baseline,1.4785714285714284,803765.0303768639,3,1.2210219797679172,-83.39456242594635,83.39456242594635,False,5.658410157256722e+35,-1.551214955022604e+36,2.560436095002344,4.051835844164719e+16
C2,Active DPL Baseline,1.4785714285714284,803765.0303768639,2,2.079204712083234,-83.00316486533497,83.00316486533497,False,-5.4344544033728435e+35,9.751906515965638e+35,2.560436095002344,4.051835844164719e+16
C2,Active DPL Baseline,1.4785714285714284,803765.0303768639,5,0.20853348215351714,-68.7943442633039,68.7943442633039,False,7.370415047477516e+29,-1.5596519144065208e+29,2.560436095002344,4.051835844164719e+16
C2,Active DPL Baseline,1.4785714285714284,803765.0303768639,6,3.012534809147565,-62.142966968454594,62.142966968454594,False,-9.654299551229967e+26,1.2529270466717729e+26,2.560436095002344,4.051835844164719e+16
C2,Active DPL Baseline,1.4785714285714284,803765.0303768639,0,0.00966315266854223,-47.85392837711991,47.85392837711991,False,6.062849040230853e+20,-5.858805947645352e+18,2.560436095002344,4.051835844164719e+16
C2,Active DPL Baseline,1.4785714285714284,803765.0303768639,7,2.318482086052983,-36.66326360023417,36.66326360023417,False,-5690179686447089.0,6136400001234474.0,2.560436095002344,4.051835844164719e+16
C2,Active DPL Baseline,1.4785714285714284,803765.0303768639,8,0.001398004653164178,-2.1813895413582225,2.1813895413582225,False,8.858598454722628,0.012384369928290697,2.560436095002344,4.051835844164719e+16
C2,Active DPL Baseline,1.4785714285714284,803765.0303768639,9,0.07470646765942948,2.7192990127251715,2.7192990127251715,True,0.06573707925730646,0.004920141588759508,2.560436095002344,4.051835844164719e+16
C2,Active DPL Baseline,1.5142857142857142,823179.6446371747,7,2.677945044588987,-37.54151952589415,37.54151952589415,False,-1.8014398509481984e+16,-9007199254740992.0,2.5589226944856125,9.401352951578757e+16
C2,Active DPL Baseline,1.5142857142857142,823179.6446371747,1,2.171816919630442,-121.26194527425346,121.26194527425346,False,-2.605040089370155e+52,3.7994498468192296e+52,2.5589226944856125,9.401352951578757e+16
C2,Active DPL Baseline,1.5142857142857142,823179.6446371747,2,2.1392297448702586,-82.98420581106433,82.98420581106433,False,-5.896809766596525e+35,-9.231643354716768e+35,2.5589226944856125,9.401352951578757e+16
C2,Active DPL Baseline,1.5142857142857142,823179.6446371747,3,1.1431907096752432,-83.00672851181825,83.00672851181825,False,4.646126871920901e+35,1.0194996286570282e+36,2.5589226944856125,9.401352951578757e+16
C2,Active DPL Baseline,1.5142857142857142,823179.6446371747,5,1.7537910280144648,-68.73355006113242,68.73355006113242,False,-1.2900704931016393e+29,-6.970901401475915e+29,2.5589226944856125,9.401352951578757e+16
C2,Active DPL Baseline,1.5142857142857142,823179.6446371747,6,2.983162852760159,-62.74081007062117,62.74081007062117,False,-1.7478906253060134e+27,2.7925834433581965e+26,2.5589226944856125,9.401352951578757e+16
C2,Active DPL Baseline,1.5142857142857142,823179.6446371747,0,0.19000283231523754,-50.16437445690584,50.16437445690584,False,6.001007077695679e+21,-1.154130331762025e+21,2.5589226944856125,9.401352951578757e+16
C2,Active DPL Baseline,1.5142857142857142,823179.6446371747,4,3.1357382868679533,-38.5543072705948,38.5543072705948,False,-5.5451775813852744e+16,324638739847176.0,2.5589226944856125,9.401352951578757e+16
C2,Active DPL Baseline,1.5142857142857142,823179.6446371747,8,2.8901279780147878e-05,-2.2061572280048107,2.2061572280048107,False,9.080753988866908,-0.0002624454117200085,2.5589226944856125,9.401352951578757e+16
C2,Active DPL Baseline,1.5142857142857142,823179.6446371747,9,0.0008918601720566098,2.1929021844533696,2.1929021844533696,True,0.11159237205186308,-9.952481852621135e-05,2.5589226944856125,9.401352951578757e+16
C2,Active DPL Baseline,1.55,842594.2588974854,7,1.5707963267948966,-36.7368005696771,36.7368005696771,False,0.0,-9007199254740992.0,2.5576557966902302,4.498381127160164e+16
C2,Active DPL Baseline,1.55,842594.2588974854,1,2.285017733178584,-121.26194527424805,121.26194527424805,False,-3.0175496809123756e+52,-3.4808687031711053e+52,2.5576557966902302,4.498381127160164e+16
C2,Active DPL Baseline,1.55,842594.2588974854,2,2.917639822169445,-83.2641728243608,83.2641728243608,False,-1.4131476161020624e+36,-3.218777346529304e+35,2.5576557966902302,4.498381127160164e+16
C2,Active DPL Baseline,1.55,842594.2588974854,3,0.48297374309663305,-82.5310188132339,82.5310188132339,False,6.166125908261064e+35,3.2334945339367537e+35,2.5576557966902302,4.498381127160164e+16
C2,Active DPL Baseline,1.55,842594.2588974854,5,0.1451063719460342,-70.03191225737406,70.03191225737406,False,2.569713421162288e+30,3.755211387035326e+29,2.5576557966902302,4.498381127160164e+16
C2,Active DPL Baseline,1.55,842594.2588974854,6,2.6840193894332853,-61.68638995213922,61.68638995213922,False,-5.532390034475816e+26,2.7243146439522085e+26,2.5576557966902302,4.498381127160164e+16
C2,Active DPL Baseline,1.55,842594.2588974854,0,0.018215322348858226,-48.00339266318094,48.00339266318094,False,7.039413768205182e+20,1.282393744365518e+19,2.5576557966902302,4.498381127160164e+16
C2,Active DPL Baseline,1.55,842594.2588974854,4,1.7837368450339501,-39.49626325518957,39.49626325518957,False,-3.0059408837377868e+16,-1.3902330627340573e+17,2.5576557966902302,4.498381127160164e+16
C2,Active DPL Baseline,1.55,842594.2588974854,8,0.039470749859319185,-2.234116131205676,2.234116131205676,False,9.33095118553971,0.3684910223850469,2.5576557966902302,4.498381127160164e+16
C2,Active DPL Baseline,1.55,842594.2588974854,9,0.6483216409612504,1.5203758724181717,1.5203758724181717,True,0.17426937910919027,0.13201941857457414,2.5576557966902302,4.498381127160164e+16
C2,Active DPL Baseline,1.5857142857142856,862008.8731577962,7,0.5585993153435624,-38.28797157398323,38.28797157398323,False,3.602879701896397e+16,-2.251799813685248e+16,2.556620785888976,1.888121755548032e+17
C2,Active DPL Baseline,1.5857142857142856,862008.8731577962,1,0.6000811517076258,-121.2619452742582,121.2619452742582,False,3.8018954516756834e+52,2.6014695809194247e+52,2.556620785888976,1.888121755548032e+17
C2,Active DPL Baseline,1.5857142857142856,862008.8731577962,2,2.732181302921746,-82.71624857796282,82.71624857796282,False,-7.686841000790398e+35,3.335562721027578e+35,2.556620785888976,1.888121755548032e+17
C2,Active DPL Baseline,1.5857142857142856,862008.8731577962,3,2.0976886107361007e-06,-81.79140036094627,81.79140036094627,False,3.3231798349259945e+35,-6.970996491162358e+29,2.556620785888976,1.888121755548032e+17
C2,Active DPL Baseline,1.5857142857142856,862008.8731577962,5,3.0692617620473768,-71.69961826094986,71.69961826094986,False,-1.3728134058954735e+31,9.947034635873196e+29,2.556620785888976,1.888121755548032e+17
C2,Active DPL Baseline,1.5857142857142856,862008.8731577962,6,0.28839009664479553,-61.3683339222165,61.3683339222165,False,4.3014300759372396e+26,1.2760638008270748e+26,2.556620785888976,1.888121755548032e+17
C2,Active DPL Baseline,1.5857142857142856,862008.8731577962,0,1.8872788908114841,-47.31693139983719,47.31693139983719,False,-1.1029548256491454e+20,3.3679015981468975e+20,2.556620785888976,1.888121755548032e+17
C2,Active DPL Baseline,1.5857142857142856,862008.8731577962,4,1.690370368073814,-39.3502367435259,39.3502367435259,False,-1.4661964810859394e+16,1.2203333825060373e+17,2.556620785888976,1.888121755548032e+17
C2,Active DPL Baseline,1.5857142857142856,862008.8731577962,8,0.007187707509584501,-2.2268159946462127,2.2268159946462127,False,9.270062881185506,0.06663164805607358,2.556620785888976,1.888121755548032e+17
C2,Active DPL Baseline,1.5857142857142856,862008.8731577962,9,0.2223612336619387,2.1815506046053423,2.1815506046053423,True,0.11008754996827622,0.024890799959667812,2.556620785888976,1.888121755548032e+17
C2,Active DPL Baseline,1.6214285714285714,881423.4874181069,7,0.5880026035475675,-37.326128067847925,37.326128067847925,False,1.3510798882111488e+16,9007199254740992.0,2.555803944390597,7.037637778504001e+16
C2,Active DPL Baseline,1.6214285714285714,881423.4874181069,1,1.7748312014407606,-121.26194527424543,121.26194527424543,False,-9.334275478511023e+51,-4.5111823304198324e+52,2.555803944390597,7.037637778504001e+16
C2,Active DPL Baseline,1.6214285714285714,881423.4874181069,3,1.1593152700769436,-83.17064225217989,83.17064225217989,False,5.27928809328011e+35,1.209754963760625e+36,2.555803944390597,7.037637778504001e+16
C2,Active DPL Baseline,1.6214285714285714,881423.4874181069,2,1.6871084897958124,-82.85138506086818,82.85138506086818,False,-1.113127246516498e+35,-9.526974912923515e+35,2.555803944390597,7.037637778504001e+16
C2,Active DPL Baseline,1.6214285714285714,881423.4874181069,5,2.9356733642265738,-69.52718528232104,69.52718528232104,False,-1.5346150479724807e+30,3.2055044025068274e+29,2.555803944390597,7.037637778504001e+16
C2,Active DPL Baseline,1.6214285714285714,881423.4874181069,6,0.1703652319735082,-61.95714971971771,61.95714971971771,False,7.967369568023113e+26,1.370649211595295e+26,2.555803944390597,7.037637778504001e+16
C2,Active DPL Baseline,1.6214285714285714,881423.4874181069,0,0.12894843144148407,-47.10790048476471,47.10790048476471,False,2.851546940571e+20,-3.6975416741747786e+19,2.555803944390597,7.037637778504001e+16
C2,Active DPL Baseline,1.6214285714285714,881423.4874181069,4,0.8379448268454797,-32.73683025156499,32.73683025156499,False,110368596155287.62,122622797131120.89,2.555803944390597,7.037637778504001e+16
C2,Active DPL Baseline,1.6214285714285714,881423.4874181069,8,2.310045180124917e-09,-2.2568577661142704,2.2568577661142704,False,9.553024119697039,-2.2067917323323222e-08,2.555803944390597,7.037637778504001e+16
C2,Active DPL Baseline,1.6214285714285714,881423.4874181069,9,4.319386607598609e-08,1.7193886418565338,1.7193886418565338,True,0.1791756549298308,-7.739289243116214e-09,2.555803944390597,7.037637778504001e+16
C2,Active DPL Baseline,1.657142857142857,900838.1016784176,7,1.3258176636680326,-38.15340724170521,38.15340724170521,False,9007199254740992.0,3.602879701896397e+16,2.5551923888864922,2.6536553338174192e+17
C2,Active DPL Baseline,1.657142857142857,900838.1016784176,1,3.1229902854238056,-121.26194527425277,121.26194527425277,False,-4.6059429003853284e+52,8.569133025323823e+50,2.5551923888864922,2.6536553338174192e+17
C2,Active DPL Baseline,1.657142857142857,900838.1016784176,2,2.8629020729959387,-83.07713509109949,83.07713509109949,False,-1.1557207335107903e+36,3.3069465597906786e+35,2.5551923888864922,2.6536553338174192e+17
C2,Active DPL Baseline,1.657142857142857,900838.1016784176,3,0.2493739715880824,-82.70563979177605,82.70563979177605,False,8.03446271056573e+35,2.0461782576142437e+35,2.5551923888864922,2.6536553338174192e+17
C2,Active DPL Baseline,1.657142857142857,900838.1016784176,5,1.4957535520399128,-69.01636672119348,69.01636672119348,False,7.0522616971665815e+28,-9.380008494644669e+29,2.5551923888864922,2.6536553338174192e+17
C2,Active DPL Baseline,1.657142857142857,900838.1016784176,6,1.156780607207023,-63.305912525033854,63.305912525033854,False,1.2529872262693398e+27,-2.851496668303266e+27,2.5551923888864922,2.6536553338174192e+17
C2,Active DPL Baseline,1.657142857142857,900838.1016784176,0,2.0059539565821005,-48.06525267072969,48.06525267072969,False,-3.1573777692541125e+20,-6.791836831769875e+20,2.5551923888864922,2.6536553338174192e+17
C2,Active DPL Baseline,1.657142857142857,900838.1016784176,4,1.031126357941732,-36.32070049856789,36.32070049856789,False,3052942406241712.5,5096892757027117.0,2.5551923888864922,2.6536553338174192e+17
C2,Active DPL Baseline,1.657142857142857,900838.1016784176,8,0.001401108799979717,-2.2695038988773275,2.2695038988773275,False,9.674590547263996,0.013555162822046565,2.5551923888864922,2.6536553338174192e+17
C2,Active DPL Baseline,1.657142857142857,900838.1016784176,9,0.024550607373071655,1.6574222619230976,1.6574222619230976,True,0.19057229437729412,0.004679605796446318,2.5551923888864922,2.6536553338174192e+17
C2,Active DPL Baseline,1.6928571428571428,920252.7159387284,4,1.5707963267948966,-36.04365338911715,36.04365338911715,False,0.0,-4503599627370496.0,2.5547740082449506,5.79584323580195e+16
C2,Active DPL Baseline,1.6928571428571428,920252.7159387284,1,2.6953518482281424,-121.26194527424782,121.26194527424782,False,-4.155628888732139e+52,1.9881653715463508e+52,2.5547740082449506,5.79584323580195e+16
C2,Active DPL Baseline,1.6928571428571428,920252.7159387284,3,1.2049344169397447,-83.21936267481365,83.21936267481365,False,4.957866749294376e+35,-1.2941100043480399e+36,2.5547740082449506,5.79584323580195e+16
C2,Active DPL Baseline,1.6928571428571428,920252.7159387284,2,2.3561944991317274,-82.1379409045307,82.1379409045307,False,-3.323070046341814e+35,3.3230699869294263e+35,2.5547740082449506,5.79584323580195e+16
C2,Active DPL Baseline,1.6928571428571428,920252.7159387284,5,0.04600398947766149,-67.76359275136097,67.76359275136097,False,2.684693308859016e+29,-1.2359380498777314e+28,2.5547740082449506,5.79584323580195e+16
C2,Active DPL Baseline,1.6928571428571428,920252.7159387284,6,1.9698777428583063,-64.70946327183538,64.70946327183538,False,-4.925319947134309e+27,-1.1679376753078153e+28,2.5547740082449506,5.79584323580195e+16
C2,Active DPL Baseline,1.6928571428571428,920252.7159387284,0,0.47142321850954366,-47.01478705200048,47.01478705200048,False,2.334009783376242e+20,-1.1897793290688931e+20,2.5547740082449506,5.79584323580195e+16
C2,Active DPL Baseline,1.6928571428571428,920252.7159387284,7,2.5232512058625387,-37.59642858422392,37.59642858422392,False,-1.7337814575412166e+16,1.23342618202663e+16,2.5547740082449506,5.79584323580195e+16
C2,Active DPL Baseline,1.6928571428571428,920252.7159387284,8,0.003908103427589962,-2.305251088979658,2.305251088979658,False,10.026618959002665,0.03918526341675403,2.5547740082449506,5.79584323580195e+16
C2,Active DPL Baseline,1.6928571428571428,920252.7159387284,9,0.04484483197849406,1.2772476652170606,1.2772476652170606,True,0.2785233080023652,0.012498710620966701,2.5547740082449506,5.79584323580195e+16
C2,Active DPL Baseline,1.7285714285714284,939667.330199039,4,1.5707963267948966,-36.04365338911715,36.04365338911715,False,0.0,4503599627370496.0,2.5545374102840768,6.842965240477945e+16
C2,Active DPL Baseline,1.7285714285714284,939667.330199039,1,3.0878996996857784,-121.26194527425481,121.26194527425481,False,-4.6001010873908246e+52,-2.4723064446653333e+51,2.5545374102840768,6.842965240477945e+16
C2,Active DPL Baseline,1.7285714285714284,939667.330199039,2,2.4502043611021147,-83.05016412805716,83.05016412805716,False,-9.014105004795631e+35,-7.460729107398284e+35,2.5545374102840768,6.842965240477945e+16
C2,Active DPL Baseline,1.7285714285714284,939667.330199039,3,0.697721815377394,-81.98121028423792,81.98121028423792,False,3.0788640987293826e+35,2.581323941174834e+35,2.5545374102840768,6.842965240477945e+16
C2,Active DPL Baseline,1.7285714285714284,939667.330199039,5,2.7523820115445266,-71.52137107435819,71.52137107435819,False,-1.0655567547065327e+31,-4.3701943602754597e+30,2.5545374102840768,6.842965240477945e+16
C2,Active DPL Baseline,1.7285714285714284,939667.330199039,6,0.7650461094436968,-62.13533215050333,62.13533215050333,False,6.969123740148506e+26,-6.691072302018748e+26,2.5545374102840768,6.842965240477945e+16
C2,Active DPL Baseline,1.7285714285714284,939667.330199039,0,2.983777684395553,-48.15454964110399,48.15454964110399,False,-8.087688462223523e+20,1.287061083032538e+20,2.5545374102840768,6.842965240477945e+16
C2,Active DPL Baseline,1.7285714285714284,939667.330199039,7,0.3162350497732,-39.47604418354084,39.47604418354084,False,1.324770141816849e+17,4.3348622416383224e+16,2.5545374102840768,6.842965240477945e+16
C2,Active DPL Baseline,1.7285714285714284,939667.330199039,8,0.014677036490297782,-2.282079478694795,2.282079478694795,False,9.795976764283884,-0.14378623316542904,2.5545374102840768,6.842965240477945e+16
C2,Active DPL Baseline,1.7285714285714284,939667.330199039,9,0.27763538651557007,1.7067216110343109,1.7067216110343109,True,0.17451093662679912,-0.049734905480755244,2.5545374102840768,6.842965240477945e+16
C2,Active DPL Baseline,1.7642857142857142,959081.9444593498,7,2.356194490192345,-36.39022697939713,36.39022697939713,False,-4503599627370496.0,-4503599627370496.0,2.5544718725129885,7.797280839693875e+16
C2,Active DPL Baseline,1.7642857142857142,959081.9444593498,1,1.6889971385117386,-121.26194527425463,121.26194527425463,False,-5.432533324679662e+51,-4.5745960283430823e+52,2.5544718725129885,7.797280839693875e+16
C2,Active DPL Baseline,1.7642857142857142,959081.9444593498,2,2.13341746656165,-83.47712909429683,83.47712909429683,False,-9.565633362423819e+35,1.5168930507975244e+36,2.5544718725129885,7.797280839693875e+16
C2,Active DPL Baseline,1.7642857142857142,959081.9444593498,3,1.0988912759586595,-82.32207801078106,82.32207801078106,False,2.568256006945943e+35,-5.032196282141994e+35,2.5544718725129885,7.797280839693875e+16
C2,Active DPL Baseline,1.7642857142857142,959081.9444593498,5,0.28397880836327005,-69.92699342584845,69.92699342584845,False,2.2446839963248002e+30,6.551493834521823e+29,2.5544718725129885,7.797280839693875e+16
C2,Active DPL Baseline,1.7642857142857142,959081.9444593498,6,2.915099191334326,-61.720638590762704,61.720638590762704,False,-6.218658322885867e+26,1.4330749135759945e+26,2.5544718725129885,7.797280839693875e+16
C2,Active DPL Baseline,1.7642857142857142,959081.9444593498,0,1.315394703052861,-48.54869505393392,48.54869505393392,False,3.068472296298693e+20,-1.1751928179286012e+21,2.5544718725129885,7.797280839693875e+16
C2,Active DPL Baseline,1.7642857142857142,959081.9444593498,4,2.6713645268090747,-36.022041529169584,36.022041529169584,False,-3928964776347566.5,-1996907822499786.8,2.5544718725129885,7.797280839693875e+16
C2,Active DPL Baseline,1.7642857142857142,959081.9444593498,8,0.0005547210652744739,-2.317418579492598,2.317418579492598,False,10.149438925000908,-0.005630108149905166,2.5544718725129885,7.797280839693875e+16
C2,Active DPL Baseline,1.7642857142857142,959081.9444593498,9,0.0068429097760327115,1.33524551908681,1.33524551908681,True,0.2630874133232631,-0.0018003115327797081,2.5544718725129885,7.797280839693875e+16
C2,Active DPL Baseline,1.8,978496.5587196606,7,0.9272952180016122,-37.65309130155126,37.65309130155126,False,1.3510798882111488e+16,-1.8014398509481984e+16,2.5545672988753396,1.2732350605004416e+17
C2,Active DPL Baseline,1.8,978496.5587196606,1,0.5817113460121879,-121.26194527424546,121.26194527424546,False,3.84903979837588e+52,2.531194507717475e+52,2.5545672988753396,1.2732350605004416e+17
C2,Active DPL Baseline,1.8,978496.5587196606,3,1.1337269032000108,-83.35957195356458,83.35957195356458,False,6.748950128092257e+35,-1.4445361185633517e+36,2.5545672988753396,1.2732350605004416e+17
C2,Active DPL Baseline,1.8,978496.5587196606,2,2.132629208263813,-82.88192661702557,82.88192661702557,False,-5.2683817544176634e+35,8.369075799993192e+35,2.5545672988753396,1.2732350605004416e+17
C2,Active DPL Baseline,1.8,978496.5587196606,5,2.9260120099335127,-68.7788451098621,68.7788451098621,False,-7.246058381353383e+29,-1.5867681209685695e+29,2.5545672988753396,1.2732350605004416e+17
C2,Active DPL Baseline,1.8,978496.5587196606,6,1.9699938401951087,-61.80784810207268,61.80784810207268,False,-2.7064408055739354e+26,6.415683705519722e+26,2.5545672988753396,1.2732350605004416e+17
C2,Active DPL Baseline,1.8,978496.5587196606,0,2.0462136605872545,-49.665554215834135,49.665554215834135,False,-1.6985021477539154e+21,-3.2993441381284315e+21,2.5545672988753396,1.2732350605004416e+17
C2,Active DPL Baseline,1.8,978496.5587196606,4,1.7028240213487869,-38.823440162576865,38.823440162576865,False,-9554509938338816.0,7.194649173551273e+16,2.5545672988753396,1.2732350605004416e+17
C2,Active DPL Baseline,1.8,978496.5587196606,8,0.0016219471825596357,-2.327165610495856,2.327165610495856,False,10.248837608848834,0.01662308786104207,2.5545672988753396,1.2732350605004416e+17
C2,Active DPL Baseline,1.8,978496.5587196606,9,0.019672821264952903,1.3175673617577117,1.3175673617577117,True,0.26773411900424104,0.005267765063864663,2.5545672988753396,1.2732350605004416e+17
C3,Identical Layers Limit (A = B),0.05,27180.459964435016,0,1.5707963267948966,-29.335325134831912,29.335325134831912,False,0.0,-5497558138880.0,9.395100108354873,6.803829162888008e+16
C3,Identical Layers Limit (A = B),0.05,27180.459964435016,1,2.067347508599998,-120.0,120.0,False,-6.213066459137943e+51,1.1466759853205862e+52,9.395100108354873,6.803829162888008e+16
C3,Identical Layers Limit (A = B),0.05,27180.459964435016,2,0.1784039915128187,-82.59979407820545,82.59979407820545,False,7.339837397454103e+35,-1.3235279159130857e+35,9.395100108354873,6.803829162888008e+16
C3,Identical Layers Limit (A = B),0.05,27180.459964435016,3,1.3607608064577905,-81.58573267061982,81.58573267061982,False,5.640640155893537e+34,2.645957080336094e+35,9.395100108354873,6.803829162888008e+16
C3,Identical Layers Limit (A = B),0.05,27180.459964435016,4,1.6808192343709099,-67.04439972203056,67.04439972203056,False,-1.4375382652306278e+28,1.30130454121235e+29,9.395100108354873,6.803829162888008e+16
C3,Identical Layers Limit (A = B),0.05,27180.459964435016,5,0.32350057378815467,-65.87102646853263,65.87102646853263,False,3.8396398186884108e+28,-1.2873503540225536e+28,9.395100108354873,6.803829162888008e+16
C3,Identical Layers Limit (A = B),0.05,27180.459964435016,6,0.9483516038416929,-52.555877803428,52.555877803428,False,3.894157439770134e+22,-5.426594052931852e+22,9.395100108354873,6.803829162888008e+16
C3,Identical Layers Limit (A = B),0.05,27180.459964435016,7,0.00799294238027058,-37.72376340210543,37.72376340210543,False,2.4166202431830732e+16,-193163177151965.84,9.395100108354873,6.803829162888008e+16
C3,Identical Layers Limit (A = B),0.05,27180.459964435016,8,0.5244261014991806,0.4294657220397965,0.4294657220397965,True,0.5633890430949436,-0.32589458795515014,9.395100108354873,6.803829162888008e+16
C3,Identical Layers Limit (A = B),0.05,27180.459964435016,9,0.0006756079219286875,-1.3303918702050115,1.3303918702050115,False,3.782524492907556,-0.0025555039011142143,9.395100108354873,6.803829162888008e+16
C3,Identical Layers Limit (A = B),0.08571428571428572,46595.07422474574,0,3.141592653589793,-28.419034402957756,28.419034402957756,False,-2199023255552.0,0.0,5.566316024001728,9.962376394405525e+16
C3,Identical Layers Limit (A = B),0.08571428571428572,46595.07422474574,1,0.42008566881442033,-120.0,120.0,False,1.1907875737493424e+52,-5.3189540115678964e+51,5.566316024001728,9.962376394405525e+16
C3,Identical Layers Limit (A = B),0.08571428571428572,46595.07422474574,2,0.48118894707915827,-83.58179429723947,83.58179429723947,False,1.765078298661906e+36,-9.21587932414949e+35,5.566316024001728,9.962376394405525e+16
C3,Identical Layers Limit (A = B),0.08571428571428572,46595.07422474574,3,1.5040580685905167,-81.36037429092973,81.36037429092973,False,1.4401708928628674e+34,2.1547342184528693e+35,5.566316024001728,9.962376394405525e+16
C3,Identical Layers Limit (A = B),0.08571428571428572,46595.07422474574,4,2.993345368979364,-65.55422847697051,65.55422847697051,False,-2.9177616292077924e+28,4.3574710089723454e+27,5.566316024001728,9.962376394405525e+16
C3,Identical Layers Limit (A = B),0.08571428571428572,46595.07422474574,5,1.2907265636703458,-64.04502574964447,64.04502574964447,False,1.8029138370667703e+27,6.268173422046782e+27,5.566316024001728,9.962376394405525e+16
C3,Identical Layers Limit (A = B),0.08571428571428572,46595.07422474574,6,1.5132259324782933,-51.120050070969526,51.120050070969526,False,9.143551962866529e+20,1.5864835031650842e+22,5.566316024001728,9.962376394405525e+16
C3,Identical Layers Limit (A = B),0.08571428571428572,46595.07422474574,7,2.296438289496611,-35.59231949527668,35.59231949527668,False,-1903113465520533.0,-2145320881196277.8,5.566316024001728,9.962376394405525e+16
C3,Identical Layers Limit (A = B),0.08571428571428572,46595.07422474574,8,1.8236380114707589,-1.5495275546229295,1.5495275546229295,False,-1.1780472549811778,4.559516554833098,5.566316024001728,9.962376394405525e+16
C3,Identical Layers Limit (A = B),0.08571428571428572,46595.07422474574,9,0.0063453524845882596,-1.3282227213936908,1.3282227213936908,False,3.7742534045403793,0.023949289646221932,5.566316024001728,9.962376394405525e+16
C3,Identical Layers Limit (A = B),0.12142857142857143,66009.68848505647,0,1.5707963267948966,-27.725887222397812,27.725887222397812,False,0.0,-1099511627776.0,3.999090683401001,6.510149152700322e+16
C3,Identical Layers Limit (A = B),0.12142857142857143,66009.68848505647,1,2.0112172594862003,-120.0,120.0,False,-5.559987401266737e+51,-1.1797258853416491e+52,3.999090683401001,6.510149152700322e+16
C3,Identical Layers Limit (A = B),0.12142857142857143,66009.68848505647,2,2.9274437092751326,-82.95291859077896,82.95291859077896,False,-1.037431476661247e+36,-2.256244754480314e+35,3.999090683401001,6.510149152700322e+16
C3,Identical Layers Limit (A = B),0.12142857142857143,66009.68848505647,3,2.5550283389973187,-81.09924493903837,81.09924493903837,False,-1.3852237243186764e+35,9.206073959471782e+34,3.999090683401001,6.510149152700322e+16
C3,Identical Layers Limit (A = B),0.12142857142857143,66009.68848505647,5,0.9990246470156826,-65.33087503900342,65.33087503900342,False,1.2768337228012423e+28,1.9842911555982303e+28,3.999090683401001,6.510149152700322e+16
C3,Identical Layers Limit (A = B),0.12142857142857143,66009.68848505647,4,2.784519990551407,-63.546114711081316,63.546114711081316,False,-3.710490694030759e+27,-1.3842521370233453e+27,3.999090683401001,6.510149152700322e+16
C3,Identical Layers Limit (A = B),0.12142857142857143,66009.68848505647,6,0.9100107593575257,-52.961864121496475,52.961864121496475,False,6.152162891050635e+22,-7.914129697150444e+22,3.999090683401001,6.510149152700322e+16
C3,Identical Layers Limit (A = B),0.12142857142857143,66009.68848505647,7,0.017044824600636232,-28.19778372930151,28.19778372930151,False,1762295716255.0317,-30040930658.63233,3.999090683401001,6.510149152700322e+16
C3,Identical Layers Limit (A = B),0.12142857142857143,66009.68848505647,8,5.362022130520984e-07,0.11073286206871527,0.11073286206871527,True,0.8951778529503727,4.799963458272618e-07,3.999090683401001,6.510149152700322e+16
C3,Identical Layers Limit (A = B),0.12142857142857143,66009.68848505647,9,7.187710031098989e-09,-1.3612193796014336,1.3612193796014336,False,3.9009471382072056,2.8038876876078826e-08,3.999090683401001,6.510149152700322e+16
C3,Identical Layers Limit (A = B),0.15714285714285714,85424.3027453672,7,0.6435011087932844,-28.64217795427197,28.64217795427197,False,2199023255552.0,-1649267441664.0,3.2185484400012445,1.4571223775907067e+18
C3,Identical Layers Limit (A = B),0.15714285714285714,85424.3027453672,1,0.2863316173276798,-120.0,120.0,False,1.2510829899503824e+52,3.6834646166943696e+51,3.2185484400012445,1.4571223775907067e+18
C3,Identical Layers Limit (A = B),0.15714285714285714,85424.3027453672,2,2.9380549878586377,-83.43243313487402,83.43243313487402,False,-1.6795256055494702e+36,3.466469086927946e+35,3.2185484400012445,1.4571223775907067e+18
C3,Identical Layers Limit (A = B),0.15714285714285714,85424.3027453672,3,1.501484135318714,-82.40577614159578,82.40577614159578,False,4.254374253724882e+34,-6.128155889780475e+35,3.2185484400012445,1.4571223775907067e+18
C3,Identical Layers Limit (A = B),0.15714285714285714,85424.3027453672,4,1.6823227971104109,-64.6351486313113,64.6351486313113,False,-1.309681424697372e+27,1.169450541038586e+28,3.2185484400012445,1.4571223775907067e+18
C3,Identical Layers Limit (A = B),0.15714285714285714,85424.3027453672,5,0.6157149432976975,-64.76096109512828,64.76096109512828,False,1.0894571664218857e+28,-7.707470312250962e+27,3.2185484400012445,1.4571223775907067e+18
C3,Identical Layers Limit (A = B),0.15714285714285714,85424.3027453672,6,0.7923957789281175,-51.98975373031074,51.98975373031074,False,2.662488686874123e+22,2.700014031679199e+22,3.2185484400012445,1.4571223775907067e+18
C3,Identical Layers Limit (A = B),0.15714285714285714,85424.3027453672,0,3.1408115295143038,-31.2418176088946,31.2418176088946,False,-36995496458144.125,-28898078845.578136,3.2185484400012445,1.4571223775907067e+18
C3,Identical Layers Limit (A = B),0.15714285714285714,85424.3027453672,8,5.42376239585528e-06,0.1854097352700555,0.1854097352700555,True,0.8307638208563273,4.505865571441784e-06,3.2185484400012445,1.4571223775907067e+18
C3,Identical Layers Limit (A = B),0.15714285714285714,85424.3027453672,9,1.0688709699836568e-07,-1.3833806448447814,1.3833806448447814,False,3.988362097905476,4.263044464234295e-07,3.2185484400012445,1.4571223775907067e+18
C3,Identical Layers Limit (A = B),0.19285714285714284,104838.9170056779,7,3.141592653589793,-27.03274004183787,27.03274004183787,False,-549755813888.0,0.0,3.046626650578618,8.528451689422685e+16
C3,Identical Layers Limit (A = B),0.19285714285714284,104838.9170056779,1,0.6314346739734624,-120.0,120.0,False,1.052710607755341e+52,-7.698624162062757e+51,3.046626650578618,8.528451689422685e+16
C3,Identical Layers Limit (A = B),0.19285714285714284,104838.9170056779,3,0.4767975222522794,-81.96103440667953,81.96103440667953,False,3.4983830122635315e+35,-1.8070797469397174e+35,3.046626650578618,8.528451689422685e+16
C3,Identical Layers Limit (A = B),0.19285714285714284,104838.9170056779,2,3.01235066511432,-82.08490251994263,82.08490251994263,False,-4.419599869431301e+35,5.7439960206821855e+34,3.046626650578618,8.528451689422685e+16
C3,Identical Layers Limit (A = B),0.19285714285714284,104838.9170056779,5,1.896627513608952,-65.33774007990544,65.33774007990544,False,-7.605025928453084e+27,-2.2508496072113168e+28,3.046626650578618,8.528451689422685e+16
C3,Identical Layers Limit (A = B),0.19285714285714284,104838.9170056779,4,1.9758190085722973,-65.06904702531851,65.06904702531851,False,-7.155960641006115e+27,1.669120693724005e+28,3.046626650578618,8.528451689422685e+16
C3,Identical Layers Limit (A = B),0.19285714285714284,104838.9170056779,6,1.3996397021582756,-52.369528177802366,52.369528177802366,False,9.44209429255325e+21,5.462664960905465e+22,3.046626650578618,8.528451689422685e+16
C3,Identical Layers Limit (A = B),0.19285714285714284,104838.9170056779,0,2.6203990441765734,-29.520325976888085,29.520325976888085,False,-5736496138385.54,-3293596762393.939,3.046626650578618,8.528451689422685e+16
C3,Identical Layers Limit (A = B),0.19285714285714284,104838.9170056779,8,0.003166151343842988,0.27741670429734194,0.27741670429734194,True,0.7577348803720825,0.002399111326414091,3.046626650578618,8.528451689422685e+16
C3,Identical Layers Limit (A = B),0.19285714285714284,104838.9170056779,9,7.962945576920556e-05,-1.4091796271646246,1.4091796271646246,False,4.092596558483391,0.00032589123732376527,3.046626650578618,8.528451689422685e+16
C3,Identical Layers Limit (A = B),0.22857142857142854,124253.53126598864,7,2.677945044588987,-27.144311817494973,27.144311817494973,False,-549755813888.0,-274877906944.0,3.0182874882307886,1.18258634168167e+17
C3,Identical Layers Limit (A = B),0.22857142857142854,124253.53126598864,1,2.667547150575823,-120.0,120.0,False,-1.1603673461149625e+52,5.953447619973712e+51,3.0182874882307886,1.18258634168167e+17
C3,Identical Layers Limit (A = B),0.22857142857142854,124253.53126598864,3,1.0534655743866097,-82.32690919573828,82.32690919573828,False,2.8076506769350463e+35,-4.934160862181459e+35,3.0182874882307886,1.18258634168167e+17
C3,Identical Layers Limit (A = B),0.22857142857142854,124253.53126598864,2,2.6670521033996533,-81.20375651681654,81.20375651681654,False,-1.642444340615187e+35,8.437093474893404e+34,3.0182874882307886,1.18258634168167e+17
C3,Identical Layers Limit (A = B),0.22857142857142854,124253.53126598864,5,0.20160566590199439,-66.06954836496595,66.06954836496595,False,4.838980998898656e+28,9.890017086744188e+27,3.0182874882307886,1.18258634168167e+17
C3,Identical Layers Limit (A = B),0.22857142857142854,124253.53126598864,4,0.5001232644023117,-60.98692333888431,60.98692333888431,False,2.6887041020334914e+26,-1.4692761074390888e+26,3.0182874882307886,1.18258634168167e+17
C3,Identical Layers Limit (A = B),0.22857142857142854,124253.53126598864,6,1.8685301907928613,-53.023048061901285,53.023048061901285,False,-3.126151218911971e+22,1.0187714627188945e+23,3.0182874882307886,1.18258634168167e+17
C3,Identical Layers Limit (A = B),0.22857142857142854,124253.53126598864,0,0.9891497240368831,-36.31841122799945,36.31841122799945,False,3256676722196846.0,-4952936742534532.0,3.0182874882307886,1.18258634168167e+17
C3,Identical Layers Limit (A = B),0.22857142857142854,124253.53126598864,9,1.3048593551234415,-2.5189248547594456,2.5189248547594456,False,3.262891993116625,-11.978804294406444,3.0182874882307886,1.18258634168167e+17
C3,Identical Layers Limit (A = B),0.22857142857142854,124253.53126598864,8,0.036927518196233994,-1.3012686504195903,1.3012686504195903,False,3.671449982371826,-0.1356391960530773,3.0182874882307886,1.18258634168167e+17
C3,Identical Layers Limit (A = B),0.2642857142857143,143668.14552629937,7,2.0344439357957027,-27.837458998054917,27.837458998054917,False,-549755813888.0,1099511627776.0,2.988554451428471,8.922367132511835e+16
C3,Identical Layers Limit (A = B),0.2642857142857143,143668.14552629937,1,0.7775888423988725,-120.0,120.0,False,9.293686675807137e+51,-9.14965378190254e+51,2.988554451428471,8.922367132511835e+16
C3,Identical Layers Limit (A = B),0.2642857142857143,143668.14552629937,2,1.5923439852051393,-82.49184096805384,82.49184096805384,False,-1.4425065998388506e+34,-6.693457417829069e+35,2.988554451428471,8.922367132511835e+16
C3,Identical Layers Limit (A = B),0.2642857142857143,143668.14552629937,3,0.17971212859163765,-81.77910098658016,81.77910098658016,False,3.2296921705815927e+35,-5.8674509121335e+34,2.988554451428471,8.922367132511835e+16
C3,Identical Layers Limit (A = B),0.2642857142857143,143668.14552629937,5,0.16724208031706855,-65.2618542842549,65.2618542842549,False,2.1715062263331497e+28,3.6659145258819063e+27,2.988554451428471,8.922367132511835e+16
C3,Identical Layers Limit (A = B),0.2642857142857143,143668.14552629937,4,1.7626624635741621,-63.48624650830627,63.48624650830627,False,-7.113068699252938e+26,-3.661704093546751e+27,2.988554451428471,8.922367132511835e+16
C3,Identical Layers Limit (A = B),0.2642857142857143,143668.14552629937,6,3.095716379354863,-50.8415680328559,50.8415680328559,False,-1.2015871421795959e+22,-5.516304599656896e+20,2.988554451428471,8.922367132511835e+16
C3,Identical Layers Limit (A = B),0.2642857142857143,143668.14552629937,0,2.867476146649374,-35.70314070917423,35.70314070917423,False,-3084267644329265.0,-867280723041843.0,2.988554451428471,8.922367132511835e+16
C3,Identical Layers Limit (A = B),0.2642857142857143,143668.14552629937,8,0.000546820185669442,-1.4669861655352276,1.4669861655352276,False,4.336146350672278,0.0023710925888931218,2.988554451428471,8.922367132511835e+16
C3,Identical Layers Limit (A = B),0.2642857142857143,143668.14552629937,9,0.01822025475087682,0.5618229435226229,0.5618229435226229,True,0.5700740914794907,0.010388044732080735,2.988554451428471,8.922367132511835e+16
C3,Identical Layers Limit (A = B),0.3,163082.75978661008,7,2.0344439357957027,-27.837458998054917,27.837458998054917,False,-549755813888.0,1099511627776.0,2.958349606659846,9.31217829585322e+16
C3,Identical Layers Limit (A = B),0.3,163082.75978661008,1,0.5370404886354407,-120.0,120.0,False,1.1205867900882655e+52,6.67212866667952e+51,2.958349606659846,9.31217829585322e+16
C3,Identical Layers Limit (A = B),0.3,163082.75978661008,3,0.912036584839523,-82.02435978468715,82.02435978468715,False,2.5678826531984737e+35,-3.3171656603385976e+35,2.958349606659846,9.31217829585322e+16
C3,Identical Layers Limit (A = B),0.3,163082.75978661008,2,2.143331054700365,-81.0792938991817,81.0792938991817,False,-8.832839168870017e+34,1.3703875020084162e+35,2.958349606659846,9.31217829585322e+16
C3,Identical Layers Limit (A = B),0.3,163082.75978661008,5,1.7253407038914703,-65.61629210457737,65.61629210457737,False,-4.831885506739263e+27,-3.1016048669270657e+28,2.958349606659846,9.31217829585322e+16
C3,Identical Layers Limit (A = B),0.3,163082.75978661008,4,1.1182003792503052,-63.41306996707119,63.41306996707119,False,1.5160984825330727e+27,-3.1178711736691134e+27,2.958349606659846,9.31217829585322e+16
C3,Identical Layers Limit (A = B),0.3,163082.75978661008,6,0.943300540143868,-51.71331298653403,51.71331298653403,False,1.6886238972382707e+22,-2.328217205418137e+22,2.958349606659846,9.31217829585322e+16
C3,Identical Layers Limit (A = B),0.3,163082.75978661008,0,2.433245421348507,-35.02493187016218,35.02493187016218,False,-1234886552557777.0,1057876585491640.5,2.958349606659846,9.31217829585322e+16
C3,Identical Layers Limit (A = B),0.3,163082.75978661008,9,0.11261609485084939,-0.27980319767892453,0.27980319767892453,False,1.314489735112148,-0.1486616942969296,2.958349606659846,9.31217829585322e+16
C3,Identical Layers Limit (A = B),0.3,163082.75978661008,8,0.01608961714305239,-1.5661722483615723,1.5661722483615723,False,4.787664934034272,-0.07703834369966168,2.958349606659846,9.31217829585322e+16
C3,Identical Layers Limit (A = B),0.3357142857142857,182497.37404692083,7,2.0344439357957027,-27.144311817494973,27.144311817494973,False,-274877906944.0,549755813888.0,2.9284249008640315,1.0694995460282526e+17
C3,Identical Layers Limit (A = B),0.3357142857142857,182497.37404692083,1,1.4037041935759489,-120.0,120.0,False,2.169057408830784e+51,1.2860169762252557e+52,2.9284249008640315,1.0694995460282526e+17
C3,Identical Layers Limit (A = B),0.3357142857142857,182497.37404692083,2,2.691826474829266,-82.93626906959581,82.93626906959581,False,-9.403104220708505e+35,-4.539505750280306e+35,2.9284249008640315,1.0694995460282526e+17
C3,Identical Layers Limit (A = B),0.3357142857142857,182497.37404692083,3,0.3694239420190469,-82.98361530447809,82.98361530447809,False,1.0209197133032955e+36,-3.953007160759536e+35,2.9284249008640315,1.0694995460282526e+17
C3,Identical Layers Limit (A = B),0.3357142857142857,182497.37404692083,5,0.15183224645046597,-64.05838464248228,64.05838464248228,False,6.533978711659501e+27,-9.997630217271425e+26,2.9284249008640315,1.0694995460282526e+17
C3,Identical Layers Limit (A = B),0.3357142857142857,182497.37404692083,4,2.1838803969477842,-62.98123019758426,62.98123019758426,False,-1.295283991806843e+27,-1.8411489488507982e+27,2.9284249008640315,1.0694995460282526e+17
C3,Identical Layers Limit (A = B),0.3357142857142857,182497.37404692083,6,2.4960747908864547,-51.405054323296135,51.405054323296135,False,-1.6879638497087631e+22,1.2713000266725887e+22,2.9284249008640315,1.0694995460282526e+17
C3,Identical Layers Limit (A = B),0.3357142857142857,182497.37404692083,0,2.9359675723597687,-35.098876820836495,35.098876820836495,False,-1713964158573053.8,-357486656934370.2,2.9284249008640315,1.0694995460282526e+17
C3,Identical Layers Limit (A = B),0.3357142857142857,182497.37404692083,9,0.384314799417404,0.7603132626449566,0.7603132626449566,True,0.43341696136006846,-0.17528445152435912,2.9284249008640315,1.0694995460282526e+17
C3,Identical Layers Limit (A = B),0.3357142857142857,182497.37404692083,8,0.012897237510397381,-1.5331277451470176,1.5331277451470176,False,4.632258626615309,-0.05974665248132043,2.9284249008640315,1.0694995460282526e+17
C3,Identical Layers Limit (A = B),0.3714285714285714,201911.9883072315,7,0.0,-27.03274004183787,27.03274004183787,False,549755813888.0,0.0,2.8993500641734142,2.6119834708159334e+17
C3,Identical Layers Limit (A = B),0.3714285714285714,201911.9883072315,1,2.028737048374649,-120.0,120.0,False,-5.7658090347714004e+51,-1.1698043534339714e+52,2.8993500641734142,2.6119834708159334e+17
C3,Identical Layers Limit (A = B),0.3714285714285714,201911.9883072315,2,2.1259902963162953,-82.91982837275256,82.91982837275256,False,-5.414067048143733e+35,-8.728502011306209e+35,2.8993500641734142,2.6119834708159334e+17
C3,Identical Layers Limit (A = B),0.3714285714285714,201911.9883072315,3,0.009523177855784165,-82.0618265345135,82.0618265345135,False,4.354905598880467e+35,-4.1473794336342006e+33,2.8993500641734142,2.6119834708159334e+17
C3,Identical Layers Limit (A = B),0.3714285714285714,201911.9883072315,5,0.9284721446212421,-64.31449537649065,64.31449537649065,False,5.115632668182519e+27,6.83759408489781e+27,2.8993500641734142,2.6119834708159334e+17
C3,Identical Layers Limit (A = B),0.3714285714285714,201911.9883072315,4,1.6461371766994,-64.05829280869007,64.05829280869007,False,-4.974880624807306e+26,-6.590666536121297e+27,2.8993500641734142,2.6119834708159334e+17
C3,Identical Layers Limit (A = B),0.3714285714285714,201911.9883072315,6,0.14516819791941848,-51.4845603264244,51.4845603264244,False,2.2639569827782174e+22,3.309828511623369e+21,2.8993500641734142,2.6119834708159334e+17
C3,Identical Layers Limit (A = B),0.3714285714285714,201911.9883072315,0,0.7749605347424666,-36.233205360336356,36.233205360336356,False,3889127385436997.0,3808776604235601.5,2.8993500641734142,2.6119834708159334e+17
C3,Identical Layers Limit (A = B),0.3714285714285714,201911.9883072315,8,2.7986100415800563,-2.109787217600141,2.109787217600141,False,-7.7661764791587995,2.7732725591990346,2.8993500641734142,2.6119834708159334e+17
C3,Identical Layers Limit (A = B),0.3714285714285714,201911.9883072315,9,0.021396028182827733,-1.3512129575303538,1.3512129575303538,False,3.8612232794789247,0.08262745116697591,2.8993500641734142,2.6119834708159334e+17
C3,Identical Layers Limit (A = B),0.4071428571428571,221326.60256754226,0,2.356194490192345,-27.37931363211784,27.37931363211784,False,-549755813888.0,-549755813888.0,2.8715226916180665,3.4067879085716736e+17
C3,Identical Layers Limit (A = B),0.4071428571428571,221326.60256754226,1,0.13701002639937832,-120.0,120.0,False,1.291959138006553e+52,-1.7812734009396174e+51,2.8715226916180665,3.4067879085716736e+17
C3,Identical Layers Limit (A = B),0.4071428571428571,221326.60256754226,2,3.047996149776552,-82.52531256160654,82.52531256160654,False,-6.892595667946114e+35,-6.4701330580135e+34,2.8715226916180665,3.4067879085716736e+17
C3,Identical Layers Limit (A = B),0.4071428571428571,221326.60256754226,3,0.03872318553913448,-81.70958041282796,81.70958041282796,False,3.0598081809670534e+35,1.185447778723987e+34,2.8715226916180665,3.4067879085716736e+17
C3,Identical Layers Limit (A = B),0.4071428571428571,221326.60256754226,5,0.7517010750122555,-63.61730709549736,63.61730709549736,False,3.1065794510843956e+27,-2.903964911468184e+27,2.8715226916180665,3.4067879085716736e+17
C3,Identical Layers Limit (A = B),0.4071428571428571,221326.60256754226,4,2.461441388126964,-63.1275582786534,63.1275582786534,False,-2.0259937400033964e+27,-1.638849814973442e+27,2.8715226916180665,3.4067879085716736e+17
C3,Identical Layers Limit (A = B),0.4071428571428571,221326.60256754226,6,1.1143628602206088,-52.26149782833589,52.26149782833589,False,2.193168200715966e+22,4.466605072003838e+22,2.8715226916180665,3.4067879085716736e+17
C3,Identical Layers Limit (A = B),0.4071428571428571,221326.60256754226,7,2.080088966753313,-25.47726069084971,25.47726069084971,False,-56579825623.10736,101319386228.56052,2.8715226916180665,3.4067879085716736e+17
C3,Identical Layers Limit (A = B),0.4071428571428571,221326.60256754226,8,0.01005718970487298,1.526067648220778,1.526067648220778,True,0.2173778440883166,-0.0021862839281969132,2.8715226916180665,3.4067879085716736e+17
C3,Identical Layers Limit (A = B),0.4071428571428571,221326.60256754226,9,0.0002023851961780803,-1.5961969157895302,1.5961969157895302,False,4.9342312975382905,-0.000998615382774662,2.8715226916180665,3.4067879085716736e+17
C3,Identical Layers Limit (A = B),0.44285714285714284,240741.21682785297,7,0.0,-26.33959286127792,26.33959286127792,False,274877906944.0,0.0,2.8451921303770975,7.850196948551123e+16
C3,Identical Layers Limit (A = B),0.44285714285714284,240741.21682785297,1,1.5135189364936734,-120.0,120.0,False,7.46592391443549e+50,-1.3020421504613331e+52,2.8451921303770975,7.850196948551123e+16
C3,Identical Layers Limit (A = B),0.44285714285714284,240741.21682785297,3,1.3350851871304221,-82.70730749499822,82.70730749499822,False,1.9394489088036412e+35,-8.075124221053466e+35,2.8451921303770975,7.850196948551123e+16
C3,Identical Layers Limit (A = B),0.44285714285714284,240741.21682785297,2,1.6441567644652673,-82.70949141388327,82.70949141388327,False,-6.100255448864947e+34,8.30053412472374e+35,2.8451921303770975,7.850196948551123e+16
C3,Identical Layers Limit (A = B),0.44285714285714284,240741.21682785297,4,2.625336400046539,-63.87296096129321,63.87296096129321,False,-4.775629417807135e+27,2.710653905678362e+27,2.8451921303770975,7.850196948551123e+16
C3,Identical Layers Limit (A = B),0.44285714285714284,240741.21682785297,5,0.7195740106745808,-63.45210326561204,63.45210326561204,False,2.71122859577142e+27,-2.375888932673134e+27,2.8451921303770975,7.850196948551123e+16
C3,Identical Layers Limit (A = B),0.44285714285714284,240741.21682785297,6,1.7614123875258207,-51.94592199821012,51.94592199821012,False,-6.876280767154156e+21,-3.563601236879448e+22,2.8451921303770975,7.850196948551123e+16
C3,Identical Layers Limit (A = B),0.44285714285714284,240741.21682785297,0,0.46392032845591274,-36.278428494103274,36.278428494103274,False,5093391510984635.0,2548432326030556.5,2.8451921303770975,7.850196948551123e+16
C3,Identical Layers Limit (A = B),0.44285714285714284,240741.21682785297,8,2.736344245673352,0.9038431310839576,0.9038431310839576,True,-0.3722061541371582,0.15967406421358998,2.8451921303770975,7.850196948551123e+16
C3,Identical Layers Limit (A = B),0.44285714285714284,240741.21682785297,9,0.012350112874565207,-1.58412851548296,1.58412851548296,False,4.874669225167949,0.06020577615590171,2.8451921303770975,7.850196948551123e+16
C3,Identical Layers Limit (A = B),0.47857142857142854,260155.83108816372,7,1.5707963267948966,-25.646445680717978,25.646445680717978,False,0.0,137438953472.0,2.8204895419074916,9.367265750310334e+16
C3,Identical Layers Limit (A = B),0.47857142857142854,260155.83108816372,1,1.7265292676715516,-120.0,120.0,False,-2.0228394718415336e+51,-1.2883978299730197e+52,2.8204895419074916,9.367265750310334e+16
C3,Identical Layers Limit (A = B),0.47857142857142854,260155.83108816372,3,0.6152071765973857,-82.37021565030149,82.37021565030149,False,4.841368821165826e+35,-3.4213859625266196e+35,2.8204895419074916,9.367265750310334e+16
C3,Identical Layers Limit (A = B),0.47857142857142854,260155.83108816372,2,2.5263854562909915,-82.37021564453791,82.37021564453791,False,-4.8413687224346815e+35,3.421386043030382e+35,2.8204895419074916,9.367265750310334e+16
C3,Identical Layers Limit (A = B),0.47857142857142854,260155.83108816372,4,2.4985480463062406,-64.80710078405339,64.80710078405339,False,-1.1184198515194106e+28,-8.380174110734262e+27,2.8204895419074916,9.367265750310334e+16
C3,Identical Layers Limit (A = B),0.47857142857142854,260155.83108816372,5,0.5977897251934606,-60.25916331392064,60.25916331392064,False,1.2232292336751853e+26,-8.328930217673423e+25,2.8204895419074916,9.367265750310334e+16
C3,Identical Layers Limit (A = B),0.47857142857142854,260155.83108816372,6,1.6236430653007856,-51.54158493003794,51.54158493003794,False,-1.2795048792448062e+21,2.418907144122514e+22,2.8204895419074916,9.367265750310334e+16
C3,Identical Layers Limit (A = B),0.47857142857142854,260155.83108816372,0,0.10426487231600175,-45.72509529134838,45.72509529134838,False,7.174499947582919e+19,7.507708790880414e+18,2.8204895419074916,9.367265750310334e+16
C3,Identical Layers Limit (A = B),0.47857142857142854,260155.83108816372,8,2.921593841641972,2.3446717448090646,2.3446717448090646,True,-0.09356777400173144,0.020923454772893924,2.8204895419074916,9.367265750310334e+16
C3,Identical Layers Limit (A = B),0.47857142857142854,260155.83108816372,9,0.0020757256722232316,-1.6458181995664254,1.6458181995664254,False,5.185239571018245,0.010763150352364309,2.8204895419074916,9.367265750310334e+16
C3,Identical Layers Limit (A = B),0.5142857142857142,279570.44534847443,7,2.9441970937399127,-27.275493949728716,27.275493949728716,False,-687194767360.0,-137438953472.0,2.797458103601596,2.0917964953245194e+17
C3,Identical Layers Limit (A = B),0.5142857142857142,279570.44534847443,1,2.287513072334599,-120.0,120.0,False,-8.567330510942968e+51,-9.833088236816761e+51,2.797458103601596,2.0917964953245194e+17
C3,Identical Layers Limit (A = B),0.5142857142857142,279570.44534847443,2,2.4374433764226358,-83.14869562831137,83.14869562831137,False,-9.841636204803133e+35,-8.359547580525009e+35,2.797458103601596,2.0917964953245194e+17
C3,Identical Layers Limit (A = B),0.5142857142857142,279570.44534847443,3,0.42464225355560964,-82.8677804271741,82.8677804271741,False,8.884375211326299e+35,4.01708977961968e+35,2.797458103601596,2.0917964953245194e+17
C3,Identical Layers Limit (A = B),0.5142857142857142,279570.44534847443,4,0.8961907912755188,-63.79036668052702,63.79036668052702,False,3.157903050090871e+27,-3.9484747263009105e+27,2.797458103601596,2.0917964953245194e+17
C3,Identical Layers Limit (A = B),0.5142857142857142,279570.44534847443,5,0.5728625237816642,-60.97531634656791,60.97531634656791,False,2.5451013574418924e+26,-1.6416274101432276e+26,2.797458103601596,2.0917964953245194e+17
C3,Identical Layers Limit (A = B),0.5142857142857142,279570.44534847443,6,2.5635071974396033,-54.747115253943896,54.747115253943896,False,-5.004494639673796e+23,-3.265110062125052e+23,2.797458103601596,2.0917964953245194e+17
C3,Identical Layers Limit (A = B),0.5142857142857142,279570.44534847443,0,2.365780331515712,-35.433478175469226,35.433478175469226,False,-1746515613126352.5,1713348885160520.5,2.797458103601596,2.0917964953245194e+17
C3,Identical Layers Limit (A = B),0.5142857142857142,279570.44534847443,8,0.7157910808760833,1.806076182005623,1.806076182005623,True,0.12397471640021723,-0.10781444130737738,2.797458103601596,2.0917964953245194e+17
C3,Identical Layers Limit (A = B),0.5142857142857142,279570.44534847443,9,0.013207658689092197,-1.7095868662254445,1.7095868662254445,False,5.526195712636636,-0.07299235118759982,2.797458103601596,2.0917964953245194e+17
C3,Identical Layers Limit (A = B),0.55,298985.0596087852,7,1.5707963267948966,-25.646445680717978,25.646445680717978,False,0.0,-137438953472.0,2.776079684123283,7.885739197121592e+16
C3,Identical Layers Limit (A = B),0.55,298985.0596087852,1,1.8337530379796514,-120.0,120.0,False,-3.390045520745414e+51,1.2593504981697216e+52,2.776079684123283,7.885739197121592e+16
C3,Identical Layers Limit (A = B),0.55,298985.0596087852,2,2.9573890360716835,-82.6868911125855,82.6868911125855,False,-7.999272113356994e+35,-1.4903899086972107e+35,2.776079684123283,7.885739197121592e+16
C3,Identical Layers Limit (A = B),0.55,298985.0596087852,3,1.092405945392598,-81.96018962358822,81.96018962358822,False,1.8111192341658817e+35,3.49254845944427e+35,2.776079684123283,7.885739197121592e+16
C3,Identical Layers Limit (A = B),0.55,298985.0596087852,4,0.4145522449136968,-64.21140754636677,64.21140754636677,False,7.050532149122809e+27,-3.102615967927958e+27,2.776079684123283,7.885739197121592e+16
C3,Identical Layers Limit (A = B),0.55,298985.0596087852,5,1.6418737594701862,-63.55551583508697,63.55551583508697,False,-2.8390681439708912e+26,-3.9876025823726145e+27,2.776079684123283,7.885739197121592e+16
C3,Identical Layers Limit (A = B),0.55,298985.0596087852,6,1.7743167475962212,-51.84119456187738,51.84119456187738,False,-6.606180790628168e+21,3.2010140938645038e+22,2.776079684123283,7.885739197121592e+16
C3,Identical Layers Limit (A = B),0.55,298985.0596087852,0,0.07277171359598963,-33.14790991384628,33.14790991384628,False,248200924208041.78,18093958045213.746,2.776079684123283,7.885739197121592e+16
C3,Identical Layers Limit (A = B),0.55,298985.0596087852,8,3.1395563181516764,-0.16188412512323397,0.16188412512323397,False,-1.175721558890091,0.0023941667849934553,2.776079684123283,7.885739197121592e+16
C3,Identical Layers Limit (A = B),0.55,298985.0596087852,9,0.00018547352138197,-1.6187964943231934,1.6187964943231934,False,5.0470124649186126,0.0009360871850610845,2.776079684123283,7.885739197121592e+16
C3,Identical Layers Limit (A = B),0.5857142857142857,318399.67386909586,7,1.3258176636680326,-27.063052352746084,27.063052352746084,False,137438953472.0,-549755813888.0,2.756296494398186,1.1678978122991144e+17
C3,Identical Layers Limit (A = B),0.5857142857142857,318399.67386909586,1,2.9815183376412677,-120.0,120.0,False,-1.2875075007017475e+52,-2.078754415613593e+51,2.756296494398186,1.1678978122991144e+17
C3,Identical Layers Limit (A = B),0.5857142857142857,318399.67386909586,2,2.7174028978085216,-83.51856327465438,83.51856327465438,False,-1.7035194380401922e+36,7.693218178205794e+35,2.756296494398186,1.1678978122991144e+17
C3,Identical Layers Limit (A = B),0.5857142857142857,318399.67386909586,3,0.022243539405112162,-82.67927539331043,82.67927539331043,False,8.073198357503472e+35,-1.7960612831094977e+34,2.756296494398186,1.1678978122991144e+17
C3,Identical Layers Limit (A = B),0.5857142857142857,318399.67386909586,5,2.5600347769207796,-63.54694162096036,63.54694162096036,False,-3.3119869388832874e+27,2.177291317719991e+27,2.756296494398186,1.1678978122991144e+17
C3,Identical Layers Limit (A = B),0.5857142857142857,318399.67386909586,4,0.35092343567232165,-62.010097924905494,62.010097924905494,False,8.004508858312737e+26,-2.9302532025345404e+26,2.756296494398186,1.1678978122991144e+17
C3,Identical Layers Limit (A = B),0.5857142857142857,318399.67386909586,6,0.8756421784419,-52.77680774866576,52.77680774866576,False,5.335782350012931e+22,-6.397527152297996e+22,2.756296494398186,1.1678978122991144e+17
C3,Identical Layers Limit (A = B),0.5857142857142857,318399.67386909586,0,1.1239855681728252,-36.278388843220284,36.278388843220284,False,2460820262790198.0,5136042816987269.0,2.756296494398186,1.1678978122991144e+17
C3,Identical Layers Limit (A = B),0.5857142857142857,318399.67386909586,8,3.060556953957893,-1.5305007765672658,1.5305007765672658,False,-4.605327494802134,0.3740149861634824,2.756296494398186,1.1678978122991144e+17
C3,Identical Layers Limit (A = B),0.5857142857142857,318399.67386909586,9,0.011993027747352936,-1.4691064572278565,1.4691064572278565,False,4.345038151132249,0.052112661635656046,2.756296494398186,1.1678978122991144e+17
C3,Identical Layers Limit (A = B),0.6214285714285714,337814.28812940663,7,2.5535900500422257,-26.928920359448746,26.928920359448746,False,-412316860416.0,-274877906944.0,2.7380273923597356,1.5572083289726406e+17
C3,Identical Layers Limit (A = B),0.6214285714285714,337814.28812940663,1,1.2221038795977803,-120.0,120.0,False,4.455984833570789e+51,1.2256956209424328e+52,2.7380273923597356,1.5572083289726406e+17
C3,Identical Layers Limit (A = B),0.6214285714285714,337814.28812940663,2,3.129961259465916,-82.9269890071192,82.9269890071192,False,-1.0344377197403918e+36,1.2032495442545277e+34,2.7380273923597356,1.5572083289726406e+17
C3,Identical Layers Limit (A = B),0.6214285714285714,337814.28812940663,3,0.11922203765074461,-83.06714186134532,83.06714186134532,False,1.181700692997913e+36,-1.4155608867187943e+35,2.7380273923597356,1.5572083289726406e+17
C3,Identical Layers Limit (A = B),0.6214285714285714,337814.28812940663,4,0.7934681639514085,-63.13002472708063,63.13002472708063,False,1.8322013130960648e+27,-1.8620142821882333e+27,2.7380273923597356,1.5572083289726406e+17
C3,Identical Layers Limit (A = B),0.6214285714285714,337814.28812940663,5,2.838688765284969,-62.95422815121693,62.95422815121693,False,-2.0914049897551388e+27,6.536077225412577e+26,2.7380273923597356,1.5572083289726406e+17
C3,Identical Layers Limit (A = B),0.6214285714285714,337814.28812940663,6,2.5389104510931215,-51.69601966423201,51.69601966423201,False,-2.3287745110927812e+22,-1.6023869978586349e+22,2.7380273923597356,1.5572083289726406e+17
C3,Identical Layers Limit (A = B),0.6214285714285714,337814.28812940663,0,1.3616463277625797,-35.122145409393525,35.122145409393525,False,372083922572775.75,1753012626749198.2,2.7380273923597356,1.5572083289726406e+17
C3,Identical Layers Limit (A = B),0.6214285714285714,337814.28812940663,8,2.409667493230043,-1.924036774983582,1.924036774983582,False,-5.0945614238542625,4.576905557965734,2.7380273923597356,1.5572083289726406e+17
C3,Identical Layers Limit (A = B),0.6214285714285714,337814.28812940663,9,0.11717572263451233,-1.4111720186330998,1.4111720186330998,False,4.072638934241096,0.47941054739624195,2.7380273923597356,1.5572083289726406e+17
C3,Identical Layers Limit (A = B),0.6571428571428571,357228.90238971735,7,0.6435011087932844,-27.255883593152078,27.255883593152078,False,549755813888.0,412316860416.0,2.7211794641520934,1.966492599128293e+17
C3,Identical Layers Limit (A = B),0.6571428571428571,357228.90238971735,1,1.1109633610933425,-120.0,120.0,False,5.7879342531864075e+51,1.1687112279667293e+52,2.7211794641520934,1.966492599128293e+17
C3,Identical Layers Limit (A = B),0.6571428571428571,357228.90238971735,2,2.6656246796926757,-83.32345038963973,83.32345038963973,False,-1.3669197082572534e+36,-7.046426025076341e+35,2.7211794641520934,1.966492599128293e+17
C3,Identical Layers Limit (A = B),0.6571428571428571,357228.90238971735,3,0.9531061482573183,-82.34071688280017,82.34071688280017,False,3.333594816193199e+35,4.692377423104135e+35,2.7211794641520934,1.966492599128293e+17
C3,Identical Layers Limit (A = B),0.6571428571428571,357228.90238971735,5,1.9202112252605383,-63.27847917496988,63.27847917496988,False,-1.0374382988277005e+27,2.8472456707616485e+27,2.7211794641520934,1.966492599128293e+17
C3,Identical Layers Limit (A = B),0.6571428571428571,357228.90238971735,4,1.1436099407988998,-63.53702162486426,63.53702162486426,False,1.6259420462359472e+27,-3.5717720503080617e+27,2.7211794641520934,1.966492599128293e+17
C3,Identical Layers Limit (A = B),0.6571428571428571,357228.90238971735,6,2.0691990872867203,-51.57200924708735,51.57200924708735,False,-1.193680303974986e+22,-2.1933364581917337e+22,2.7211794641520934,1.966492599128293e+17
C3,Identical Layers Limit (A = B),0.6571428571428571,357228.90238971735,0,2.4518712868701202,-34.098736433036485,34.098736433036485,False,-496804876924811.0,-409798336093466.0,2.7211794641520934,1.966492599128293e+17
C3,Identical Layers Limit (A = B),0.6571428571428571,357228.90238971735,9,0.03565395952385009,-1.8590605975593475,1.8590605975593475,False,6.413626454158228,-0.2287681232614952,2.7211794641520934,1.966492599128293e+17
C3,Identical Layers Limit (A = B),0.6571428571428571,357228.90238971735,8,1.366923686333073,1.4993847300954684,1.4993847300954684,True,0.04520346720843073,-0.21864358577319792,2.7211794641520934,1.966492599128293e+17
C3,Identical Layers Limit (A = B),0.6928571428571428,376643.51665002806,7,1.5707963267948966,-26.33959286127792,26.33959286127792,False,0.0,-274877906944.0,2.7056558582426478,5.373339965362995e+16
C3,Identical Layers Limit (A = B),0.6928571428571428,376643.51665002806,1,2.3039524200842427,-120.0,120.0,False,-8.727815143303306e+51,9.690924578237313e+51,2.7056558582426478,5.373339965362995e+16
C3,Identical Layers Limit (A = B),0.6928571428571428,376643.51665002806,2,2.4795331533801916,-82.47093572698557,82.47093572698557,False,-5.171296935677177e+35,4.030561671180088e+35,2.7056558582426478,5.373339965362995e+16
C3,Identical Layers Limit (A = B),0.6928571428571428,376643.51665002806,3,0.8239110289838851,-82.70344377244146,82.70344377244146,False,5.620137966601749e+35,6.070604706695016e+35,2.7056558582426478,5.373339965362995e+16
C3,Identical Layers Limit (A = B),0.6928571428571428,376643.51665002806,5,2.04859444081858,-63.41649068088747,63.41649068088747,False,-1.5996484153917727e+27,-3.089225450461479e+27,2.7056558582426478,5.373339965362995e+16
C3,Identical Layers Limit (A = B),0.6928571428571428,376643.51665002806,4,0.9879550120752376,-62.709775060557774,62.709775060557774,False,9.444661848674669e+26,-1.432665683928477e+27,2.7056558582426478,5.373339965362995e+16
C3,Identical Layers Limit (A = B),0.6928571428571428,376643.51665002806,6,2.8253715046723102,-51.029922610622215,51.029922610622215,False,-1.3801559183578657e+22,4.515881069121611e+21,2.7056558582426478,5.373339965362995e+16
C3,Identical Layers Limit (A = B),0.6928571428571428,376643.51665002806,0,2.1993075522140035,-29.14844492131413,29.14844492131413,False,-2681282857540.9805,3688974184494.143,2.7056558582426478,5.373339965362995e+16
C3,Identical Layers Limit (A = B),0.6928571428571428,376643.51665002806,8,3.1207170825021473,1.1227621506176757,1.1227621506176757,True,-0.3253089082422965,-0.006791995894881655,2.7056558582426478,5.373339965362995e+16
C3,Identical Layers Limit (A = B),0.6928571428571428,376643.51665002806,9,0.0010041791995968091,-1.8399281472364983,1.8399281472364983,False,6.296082679195422,-0.0063223973905075816,2.7056558582426478,5.373339965362995e+16
C3,Identical Layers Limit (A = B),0.7285714285714285,396058.1309103388,7,1.5707963267948966,-26.33959286127792,26.33959286127792,False,0.0,-274877906944.0,2.6913607313169354,9.538727382286341e+16
C3,Identical Layers Limit (A = B),0.7285714285714285,396058.1309103388,1,2.061788829182864,-120.0,120.0,False,-6.149230757145086e+51,-1.1501118965219848e+52,2.6913607313169354,9.538727382286341e+16
C3,Identical Layers Limit (A = B),0.7285714285714285,396058.1309103388,2,2.6202090148537547,-82.83499386085461,82.83499386085461,False,-8.18211120850718e+35,4.699808941133845e+35,2.6913607313169354,9.538727382286341e+16
C3,Identical Layers Limit (A = B),0.7285714285714285,396058.1309103388,3,1.0634582995629076,-82.51673501290544,82.51673501290544,False,3.334778108633812e+35,5.999215331588504e+35,2.6913607313169354,9.538727382286341e+16
C3,Identical Layers Limit (A = B),0.7285714285714285,396058.1309103388,5,2.8205932378098977,-63.80753921428329,63.80753921428329,False,-4.880811571908623e+27,-1.622864691704338e+27,2.6913607313169354,9.538727382286341e+16
C3,Identical Layers Limit (A = B),0.7285714285714285,396058.1309103388,4,1.6751337674162388,-61.22016519769801,61.22016519769801,False,-4.029320774720298e+25,-3.847792950705457e+26,2.6913607313169354,9.538727382286341e+16
C3,Identical Layers Limit (A = B),0.7285714285714285,396058.1309103388,6,2.461262890305961,-51.39988613137171,51.39988613137171,False,-1.6342258702410932e+22,1.322426894633189e+22,2.6913607313169354,9.538727382286341e+16
C3,Identical Layers Limit (A = B),0.7285714285714285,396058.1309103388,0,2.7815581551194963,-35.96430833721088,35.96430833721088,False,-3893345900537156.5,1465619845415445.0,2.6913607313169354,9.538727382286341e+16
C3,Identical Layers Limit (A = B),0.7285714285714285,396058.1309103388,9,0.07513838371221461,-1.8801014465855288,1.8801014465855288,False,6.535676740281074,0.49200645494771533,2.6913607313169354,9.538727382286341e+16
C3,Identical Layers Limit (A = B),0.7285714285714285,396058.1309103388,8,2.0343446799445544,0.6455362367418167,0.6455362367418167,True,-0.23446388082452305,0.46904414431302294,2.6913607313169354,9.538727382286341e+16
C3,Identical Layers Limit (A = B),0.7642857142857142,415472.7451706495,7,0.982793723247329,-26.928920359448746,26.928920359448746,False,274877906944.0,412316860416.0,2.6782022517251014,7.26380963672261e+16
C3,Identical Layers Limit (A = B),0.7642857142857142,415472.7451706495,1,0.07069115703986538,-120.0,120.0,False,1.3009235829697163e+52,9.211728850124903e+50,2.6782022517251014,7.26380963672261e+16
C3,Identical Layers Limit (A = B),0.7642857142857142,415472.7451706495,2,1.022140018944684,-82.12444732529359,82.12444732529359,False,2.418148385412857e+35,3.956019521437254e+35,2.6782022517251014,7.26380963672261e+16
C3,Identical Layers Limit (A = B),0.7642857142857142,415472.7451706495,3,0.22167810673068442,-81.39858890252432,81.39858890252432,False,2.188762118181371e+35,-4.933078161112534e+34,2.6782022517251014,7.26380963672261e+16
C3,Identical Layers Limit (A = B),0.7642857142857142,415472.7451706495,5,2.361079216470191,-64.74451653354255,64.74451653354255,False,-9.327867038386103e+27,-9.237181138434328e+27,2.6782022517251014,7.26380963672261e+16
C3,Identical Layers Limit (A = B),0.7642857142857142,415472.7451706495,4,0.2066430428682345,-62.57767497281553,62.57767497281553,False,1.4716336127821528e+27,3.085066155421345e+26,2.6782022517251014,7.26380963672261e+16
C3,Identical Layers Limit (A = B),0.7642857142857142,415472.7451706495,6,0.5052347233315004,-51.486951426031204,51.486951426031204,False,2.0069528425078788e+22,1.1100838565512718e+22,2.6782022517251014,7.26380963672261e+16
C3,Identical Layers Limit (A = B),0.7642857142857142,415472.7451706495,0,0.4481292788677484,-33.39923330446018,33.39923330446018,False,288371573529527.25,-138634607069352.16,2.6782022517251014,7.26380963672261e+16
C3,Identical Layers Limit (A = B),0.7642857142857142,415472.7451706495,9,0.005435132150268814,-1.883042530900352,1.883042530900352,False,6.573377374751794,-0.035727526510978116,2.6782022517251014,7.26380963672261e+16
C3,Identical Layers Limit (A = B),0.7642857142857142,415472.7451706495,8,3.06636725766364,0.7571328556610541,0.7571328556610541,True,-0.46768281510063686,-0.03524813812568186,2.6782022517251014,7.26380963672261e+16
C3,Identical Layers Limit (A = B),0.8,434887.35943096026,7,1.5707963267948966,-26.33959286127792,26.33959286127792,False,0.0,274877906944.0,2.666094151387804,1.896413396674503e+17
C3,Identical Layers Limit (A = B),0.8,434887.35943096026,1,1.9676708905467364,-120.0,120.0,False,-5.041151131029819e+51,1.2028115880339495e+52,2.666094151387804,1.896413396674503e+17
C3,Identical Layers Limit (A = B),0.8,434887.35943096026,2,2.5084922107204988,-82.5228042484851,82.5228042484851,False,-5.567236921105359e+35,-4.085651361152171e+35,2.666094151387804,1.896413396674503e+17
C3,Identical Layers Limit (A = B),0.8,434887.35943096026,3,0.24862083768667584,-82.0405116227582,82.0405116227582,False,4.132173178236443e+35,-1.0490486659492042e+35,2.666094151387804,1.896413396674503e+17
C3,Identical Layers Limit (A = B),0.8,434887.35943096026,5,2.966332863316359,-63.496473670825026,63.496473670825026,False,-3.7107680998589145e+27,-6.570899799211082e+26,2.666094151387804,1.896413396674503e+17
C3,Identical Layers Limit (A = B),0.8,434887.35943096026,4,1.8030593859438864,-62.355677853161126,62.355677853161126,False,-2.772012294476999e+26,-1.1719408442724786e+27,2.666094151387804,1.896413396674503e+17
C3,Identical Layers Limit (A = B),0.8,434887.35943096026,6,2.8009381834121143,-51.92440127698618,51.92440127698618,False,-3.347950226475269e+22,-1.1867593418123726e+22,2.666094151387804,1.896413396674503e+17
C3,Identical Layers Limit (A = B),0.8,434887.35943096026,0,2.6625572957895107,-25.39132929478818,25.39132929478818,False,-94504650897.23552,49084332564.971954,2.666094151387804,1.896413396674503e+17
C3,Identical Layers Limit (A = B),0.8,434887.35943096026,9,4.543027700688234e-09,-1.9169479186779332,1.9169479186779332,False,6.800172086349374,3.089337015773211e-08,2.666094151387804,1.896413396674503e+17
C3,Identical Layers Limit (A = B),0.8,434887.35943096026,8,3.1415925913819205,0.8167906448611688,0.8167906448611688,True,-0.44184742674244276,2.7486388542920422e-08,2.666094151387804,1.896413396674503e+17
C3,Identical Layers Limit (A = B),0.8357142857142857,454301.973691271,7,0.7853981633974483,-26.686166451557895,26.686166451557895,False,274877906944.0,274877906944.0,2.6549564739297926,1.7693750323744285e+17
C3,Identical Layers Limit (A = B),0.8357142857142857,454301.973691271,1,3.0547979979363227,-120.0,120.0,False,-1.299271560613113e+52,-1.1305386039207194e+51,2.6549564739297926,1.7693750323744285e+17
C3,Identical Layers Limit (A = B),0.8357142857142857,454301.973691271,3,0.8592452766050691,-82.29712109410177,82.29712109410177,False,3.598362372393476e+35,4.173324563034019e+35,2.6549564739297926,1.7693750323744285e+17
C3,Identical Layers Limit (A = B),0.8357142857142857,454301.973691271,2,2.256023976568503,-81.07552487193341,81.07552487193341,False,-1.0279059204434976e+35,1.2576167287369335e+35,2.6549564739297926,1.7693750323744285e+17
C3,Identical Layers Limit (A = B),0.8357142857142857,454301.973691271,5,1.4152815499898128,-64.77041905686959,64.77041905686959,False,2.0866772320693974e+27,-1.3309526595828187e+28,2.6549564739297926,1.7693750323744285e+17
C3,Identical Layers Limit (A = B),0.8357142857142857,454301.973691271,4,1.5733022498154765,-62.12860857823603,62.12860857823603,False,-2.4048010069596403e+24,-9.596447909366943e+26,2.6549564739297926,1.7693750323744285e+17
C3,Identical Layers Limit (A = B),0.8357142857142857,454301.973691271,6,0.14966215229275612,-53.135129439944436,53.135129439944436,False,1.1787220711037775e+23,-1.7773911320048785e+22,2.6549564739297926,1.7693750323744285e+17
C3,Identical Layers Limit (A = B),0.8357142857142857,454301.973691271,0,2.861946612219243,-34.23603436418163,34.23603436418163,False,-710090040245811.9,203917365044615.0,2.6549564739297926,1.7693750323744285e+17
C3,Identical Layers Limit (A = B),0.8357142857142857,454301.973691271,9,0.015920592070914327,-1.9375911196027296,1.9375911196027296,False,6.941128585057183,0.11051621421226576,2.6549564739297926,1.7693750323744285e+17
C3,Identical Layers Limit (A = B),0.8357142857142857,454301.973691271,8,2.9473871235937805,0.7041700144314895,0.7041700144314895,True,-0.485222536823478,0.09543573895807674,2.6549564739297926,1.7693750323744285e+17
C3,Identical Layers Limit (A = B),0.8714285714285714,473716.58795158175,7,3.141592653589793,-26.33959286127792,26.33959286127792,False,-274877906944.0,0.0,2.6447156852700737,9.101076552000984e+16
C3,Identical Layers Limit (A = B),0.8714285714285714,473716.58795158175,1,2.7887088768913215,-120.0,120.0,False,-1.2238172103109777e+52,-4.507318485687948e+51,2.6447156852700737,9.101076552000984e+16
C3,Identical Layers Limit (A = B),0.8714285714285714,473716.58795158175,3,0.4834374665424321,-82.96066181517762,82.96066181517762,False,9.473234857827091e+35,-4.973333076881845e+35,2.6447156852700737,9.101076552000984e+16
C3,Identical Layers Limit (A = B),0.8714285714285714,473716.58795158175,2,0.32923983545213903,-81.0597244246683,81.0597244246683,False,1.5129150281207111e+35,-5.169263601395328e+34,2.6447156852700737,9.101076552000984e+16
C3,Identical Layers Limit (A = B),0.8714285714285714,473716.58795158175,5,1.8872829113025482,-63.66538321054312,63.66538321054312,False,-1.3886905043173115e+27,-4.2403453751009417e+27,2.6447156852700737,9.101076552000984e+16
C3,Identical Layers Limit (A = B),0.8714285714285714,473716.58795158175,4,1.5500051415058256,-63.281707644476974,63.281707644476974,False,6.320397531581914e+25,3.039502897145639e+27,2.6447156852700737,9.101076552000984e+16
C3,Identical Layers Limit (A = B),0.8714285714285714,473716.58795158175,6,0.949620681084404,-49.87978445297163,49.87978445297163,False,2.6756657319491687e+21,3.7386063634765594e+21,2.6447156852700737,9.101076552000984e+16
C3,Identical Layers Limit (A = B),0.8714285714285714,473716.58795158175,0,0.8339620102392727,-35.027699499643525,35.027699499643525,False,1095649091672756.8,1207591323559723.0,2.6447156852700737,9.101076552000984e+16
C3,Identical Layers Limit (A = B),0.8714285714285714,473716.58795158175,8,2.4067669391387683,-2.7086119635406543,2.7086119635406543,False,-11.135467967702276,-10.06251898385498,2.6447156852700737,9.101076552000984e+16
C3,Identical Layers Limit (A = B),0.8714285714285714,473716.58795158175,9,0.1333025576628475,-1.2894845806422686,1.2894845806422686,False,3.5987024725409897,-0.48257803747786027,2.6447156852700737,9.101076552000984e+16
C3,Identical Layers Limit (A = B),0.9071428571428571,493131.20221189247,7,2.677945044588987,-25.758017456375082,25.758017456375082,False,-137438953472.0,68719476736.0,2.6353044984704317,8.002978166966576e+16
C3,Identical Layers Limit (A = B),0.9071428571428571,493131.20221189247,1,2.4439471705932347,-120.0,120.0,False,-9.994679984881533e+51,8.378254493423266e+51,2.6353044984704317,8.002978166966576e+16
C3,Identical Layers Limit (A = B),0.9071428571428571,493131.20221189247,3,1.470805865962251,-82.37880908980746,82.37880908980746,False,5.968935088670241e+34,-5.949596704213742e+35,2.6353044984704317,8.002978166966576e+16
C3,Identical Layers Limit (A = B),0.9071428571428571,493131.20221189247,2,1.3994492301865857,-81.95135995394409,81.95135995394409,False,6.649254311060031e+34,3.842523778271536e+35,2.6353044984704317,8.002978166966576e+16
C3,Identical Layers Limit (A = B),0.9071428571428571,493131.20221189247,5,2.5791527499567017,-62.914612611500985,62.914612611500985,False,-1.781628470952492e+27,1.1230560902270647e+27,2.6353044984704317,8.002978166966576e+16
C3,Identical Layers Limit (A = B),0.9071428571428571,493131.20221189247,4,2.325794609508329,-62.99556337279247,62.99556337279247,False,-1.5649422487592604e+27,-1.6631047327456346e+27,2.6353044984704317,8.002978166966576e+16
C3,Identical Layers Limit (A = B),0.9071428571428571,493131.20221189247,6,0.24591380918297498,-51.99063742682257,51.99063742682257,False,3.681126497842085e+22,-9.239400211701639e+21,2.6353044984704317,8.002978166966576e+16
C3,Identical Layers Limit (A = B),0.9071428571428571,493131.20221189247,0,2.147243887074347,-33.10541309107049,33.10541309107049,False,-129997133285132.75,-199963931365806.16,2.6353044984704317,8.002978166966576e+16
C3,Identical Layers Limit (A = B),0.9071428571428571,493131.20221189247,8,2.673682187691286,-0.14147378548936573,0.14147378548936573,False,-1.0281480844875566,0.5195643378648249,2.6353044984704317,8.002978166966576e+16
C3,Identical Layers Limit (A = B),0.9071428571428571,493131.20221189247,9,0.07441672787221697,-1.8944196079944107,1.8944196079944107,False,6.630287215663697,0.49431710105230886,2.6353044984704317,8.002978166966576e+16
C3,Identical Layers Limit (A = B),0.9428571428571428,512545.8164722032,7,2.158798930342464,-26.928920359448746,26.928920359448746,False,-274877906944.0,412316860416.0,2.62666153473053,1.2448649431017955e+17
C3,Identical Layers Limit (A = B),0.9428571428571428,512545.8164722032,1,0.21378639019472362,-120.0,120.0,False,1.2744906727711997e+52,-2.766971062132827e+51,2.62666153473053,1.2448649431017955e+17
C3,Identical Layers Limit (A = B),0.9428571428571428,512545.8164722032,3,3.008042365638016,-82.6474773329572,82.6474773329572,False,-7.752804139712855e+35,1.0415890839583015e+35,2.62666153473053,1.2448649431017955e+17
C3,Identical Layers Limit (A = B),0.9428571428571428,512545.8164722032,2,0.09984312166550971,-81.86826510663731,81.86826510663731,False,3.570816296477428e+35,3.5771086797710016e+34,2.62666153473053,1.2448649431017955e+17
C3,Identical Layers Limit (A = B),0.9428571428571428,512545.8164722032,4,0.027508095457775963,-63.08122981603056,63.08122981603056,False,2.4869421654549367e+27,6.842830314821031e+25,2.62666153473053,1.2448649431017955e+17
C3,Identical Layers Limit (A = B),0.9428571428571428,512545.8164722032,5,1.8441480669300765,-61.883373685656984,61.883373685656984,False,-2.0272509938250304e+26,-7.230628221932108e+26,2.62666153473053,1.2448649431017955e+17
C3,Identical Layers Limit (A = B),0.9428571428571428,512545.8164722032,6,0.6005163512462857,-52.57654101393795,52.57654101393795,False,5.6257279216200396e+22,3.8530334998376846e+22,2.62666153473053,1.2448649431017955e+17
C3,Identical Layers Limit (A = B),0.9428571428571428,512545.8164722032,0,1.9832236439692628,-33.744437655744626,33.744437655744626,False,-181128979683807.44,-413990071029661.94,2.62666153473053,1.2448649431017955e+17
C3,Identical Layers Limit (A = B),0.9428571428571428,512545.8164722032,9,0.06756586408189827,-2.0376924751034258,2.0376924751034258,False,7.655376131303248,0.5180306383636241,2.62666153473053,1.2448649431017955e+17
C3,Identical Layers Limit (A = B),0.9428571428571428,512545.8164722032,8,2.317004783865693,0.7532864297586715,0.7532864297586715,True,-0.31961845516508774,0.34570566876339287,2.62666153473053,1.2448649431017955e+17
C3,Identical Layers Limit (A = B),0.9785714285714285,531960.4307325139,7,1.1902899496825317,-26.636946415151268,26.636946415151268,False,137438953472.0,343597383680.0,2.6187308424047884,9.351671365995418e+16
C3,Identical Layers Limit (A = B),0.9785714285714285,531960.4307325139,1,1.5411522820065975,-120.0,120.0,False,3.8655534240600805e+50,1.303607883237963e+52,2.6187308424047884,9.351671365995418e+16
C3,Identical Layers Limit (A = B),0.9785714285714285,531960.4307325139,3,1.7558504956073953,-82.49845161085017,82.49845161085017,False,-1.2400511475509253e+35,-6.62434967379442e+35,2.6187308424047884,9.351671365995418e+16
C3,Identical Layers Limit (A = B),0.9785714285714285,531960.4307325139,2,0.2090466642542457,-82.02955799879233,82.02955799879233,False,4.125010090674407e+35,8.751043950282017e+34,2.6187308424047884,9.351671365995418e+16
C3,Identical Layers Limit (A = B),0.9785714285714285,531960.4307325139,4,1.4891337032587526,-63.5453610104542,63.5453610104542,False,3.228049275669034e+26,3.9441181568018225e+27,2.6187308424047884,9.351671365995418e+16
C3,Identical Layers Limit (A = B),0.9785714285714285,531960.4307325139,5,0.45644842382668666,-61.21279433283868,61.21279433283868,False,3.447252084769507e+26,-1.6927150178309814e+26,2.6187308424047884,9.351671365995418e+16
C3,Identical Layers Limit (A = B),0.9785714285714285,531960.4307325139,6,2.1775731788691335,-51.70869678644806,51.70869678644806,False,-1.632473495504758e+22,2.3518199186847884e+22,2.6187308424047884,9.351671365995418e+16
C3,Identical Layers Limit (A = B),0.9785714285714285,531960.4307325139,0,0.006496351967792688,-25.910840513261714,25.910840513261714,False,179030033175.91895,1163058469.7218883,2.6187308424047884,9.351671365995418e+16
C3,Identical Layers Limit (A = B),0.9785714285714285,531960.4307325139,9,4.229564517257605e-05,-2.035485124370854,2.035485124370854,False,7.655965313236444,-0.0003238139925352913,2.6187308424047884,9.351671365995418e+16
C3,Identical Layers Limit (A = B),0.9785714285714285,531960.4307325139,8,3.141114504199079,0.762275932225593,0.762275932225593,True,-0.4666032068855319,-0.00022310605608037533,2.6187308424047884,9.351671365995418e+16
C3,Identical Layers Limit (A = B),1.0142857142857142,551375.0449928246,0,0.982793723247329,-26.2357731788888,26.2357731788888,False,137438953472.0,206158430208.0,2.6114614344892493,1.142828418856504e+17
C3,Identical Layers Limit (A = B),1.0142857142857142,551375.0449928246,1,1.1860907284695938,-120.0,120.0,False,4.894411765605346e+51,1.208856938704752e+52,2.6114614344892493,1.142828418856504e+17
C3,Identical Layers Limit (A = B),1.0142857142857142,551375.0449928246,2,0.11796445647017374,-82.275732923827,82.275732923827,False,5.356338711036449e+35,-6.348048864138876e+34,2.6114614344892493,1.142828418856504e+17
C3,Identical Layers Limit (A = B),1.0142857142857142,551375.0449928246,3,1.3441871508819727,-81.71812602774963,81.71812602774963,False,6.938815695619505e+34,-3.0094252293499334e+35,2.6114614344892493,1.142828418856504e+17
C3,Identical Layers Limit (A = B),1.0142857142857142,551375.0449928246,4,2.3319044716209314,-64.1587552311123,64.1587552311123,False,-5.040444710529604e+27,5.291456142058906e+27,2.6114614344892493,1.142828418856504e+17
C3,Identical Layers Limit (A = B),1.0142857142857142,551375.0449928246,5,0.5117976459173087,-62.805867069557976,62.805867069557976,False,1.6469901669492089e+27,-9.251492781519213e+26,2.6114614344892493,1.142828418856504e+17
C3,Identical Layers Limit (A = B),1.0142857142857142,551375.0449928246,6,2.623673424777057,-51.374790340386575,51.374790340386575,False,-1.7812847758050893e+22,-1.0149800014162885e+22,2.6114614344892493,1.142828418856504e+17
C3,Identical Layers Limit (A = B),1.0142857142857142,551375.0449928246,7,0.8866919085982277,-35.342493889439965,35.342493889439965,False,1411733951029144.8,-1731185333000618.5,2.6114614344892493,1.142828418856504e+17
C3,Identical Layers Limit (A = B),1.0142857142857142,551375.0449928246,8,2.7748283253710215,-2.300457645154087,2.300457645154087,False,-9.315086862251475,-3.5783475383326655,2.6114614344892493,1.142828418856504e+17
C3,Identical Layers Limit (A = B),1.0142857142857142,551375.0449928246,9,0.08943126179088544,-1.4097643046073352,1.4097643046073352,False,4.078625267170974,-0.3657321602125148,2.6114614344892493,1.142828418856504e+17
C3,Identical Layers Limit (A = B),1.05,570789.6592531353,0,0.7853981633974483,-25.993019270997948,25.993019270997948,False,137438953472.0,-137438953472.0,2.6048068298480205,1.1831639012170237e+17
C3,Identical Layers Limit (A = B),1.05,570789.6592531353,1,1.4975488580637788,-120.0,120.0,False,9.544255006326012e+50,-1.3006838521351024e+52,2.6048068298480205,1.1831639012170237e+17
C3,Identical Layers Limit (A = B),1.05,570789.6592531353,3,1.5250891769952988,-82.43127405721718,82.43127405721718,False,2.879256606301794e+34,-6.294969779320166e+35,2.6048068298480205,1.1831639012170237e+17
C3,Identical Layers Limit (A = B),1.05,570789.6592531353,2,1.5722809391330648,-82.62662846503976,82.62662846503976,False,-1.1373698370682584e+33,7.661050445370199e+35,2.6048068298480205,1.1831639012170237e+17
C3,Identical Layers Limit (A = B),1.05,570789.6592531353,4,2.287465167691958,-63.080384714861935,63.080384714861935,False,-1.63285195838221e+27,-1.8742746516974352e+27,2.6048068298480205,1.1831639012170237e+17
C3,Identical Layers Limit (A = B),1.05,570789.6592531353,5,1.8934309236375997,-60.27820588418806,60.27820588418806,False,-4.782360434747503e+25,1.4304915027426458e+26,2.6048068298480205,1.1831639012170237e+17
C3,Identical Layers Limit (A = B),1.05,570789.6592531353,6,1.4336249978214317,-53.069319628602614,53.069319628602614,False,1.5262062177615962e+22,-1.1056405504704183e+23,2.6048068298480205,1.1831639012170237e+17
C3,Identical Layers Limit (A = B),1.05,570789.6592531353,7,2.92486969709584,-34.17503314122171,34.17503314122171,False,-678810111982134.6,-149461099264308.72,2.6048068298480205,1.1831639012170237e+17
C3,Identical Layers Limit (A = B),1.05,570789.6592531353,9,0.0012557830417785959,-2.086188097074196,2.086188097074196,False,8.054148566655915,0.01011426850267607,2.6048068298480205,1.1831639012170237e+17
C3,Identical Layers Limit (A = B),1.05,570789.6592531353,8,3.125707921110297,0.9371041310994985,0.9371041310994985,True,-0.3917112574403189,0.0062227519271758226,2.6048068298480205,1.1831639012170237e+17
C3,Identical Layers Limit (A = B),1.0857142857142856,590204.273513446,0,0.0,-25.646445680717978,25.646445680717978,False,137438953472.0,0.0,2.5987245697777537,6.765537905204303e+16
C3,Identical Layers Limit (A = B),1.0857142857142856,590204.273513446,1,0.42671953680766417,-120.0,120.0,False,1.1872328736369951e+52,-5.397831669506094e+51,2.5987245697777537,6.765537905204303e+16
C3,Identical Layers Limit (A = B),1.0857142857142856,590204.273513446,2,3.0613952234892796,-82.61316379573545,82.61316379573545,False,-7.534302606925614e+35,-6.055304457930729e+34,2.5987245697777537,6.765537905204303e+16
C3,Identical Layers Limit (A = B),1.0857142857142856,590204.273513446,3,0.9882169422176454,-81.65325063814892,81.65325063814892,False,1.592431354975196e+35,-2.4169448455264616e+35,2.5987245697777537,6.765537905204303e+16
C3,Identical Layers Limit (A = B),1.0857142857142856,590204.273513446,4,0.014938296132075481,-63.48967409861008,63.48967409861008,False,3.742541803821973e+27,5.591135673728148e+25,2.5987245697777537,6.765537905204303e+16
C3,Identical Layers Limit (A = B),1.0857142857142856,590204.273513446,5,1.4058301683988428,-62.08801364942016,62.08801364942016,False,1.5132301593152111e+26,-9.089611310902479e+26,2.5987245697777537,6.765537905204303e+16
C3,Identical Layers Limit (A = B),1.0857142857142856,590204.273513446,6,0.19347159421779875,-51.61591734131519,51.61591734131519,False,2.5605234991946686e+22,-5.016635379422643e+21,2.5987245697777537,6.765537905204303e+16
C3,Identical Layers Limit (A = B),1.0857142857142856,590204.273513446,7,1.9104229000311228,-36.10938164948945,36.10938164948945,False,-1602232302732942.0,4534832178092483.0,2.5987245697777537,6.765537905204303e+16
C3,Identical Layers Limit (A = B),1.0857142857142856,590204.273513446,9,0.05234781166015721,-2.0354796741687107,2.0354796741687107,False,7.645436250441935,-0.4005878331584496,2.5987245697777537,6.765537905204303e+16
C3,Identical Layers Limit (A = B),1.0857142857142856,590204.273513446,8,2.754954045140033,0.24961477741610383,0.24961477741610383,True,-0.721589025545598,-0.29378123936170725,2.5987245697777537,6.765537905204303e+16
C3,Identical Layers Limit (A = B),1.1214285714285714,609618.8877737568,0,0.24497866312686414,-26.36990517218614,26.36990517218614,False,274877906944.0,68719476736.0,2.5931758380094956,6.296990847579324e+16
C3,Identical Layers Limit (A = B),1.1214285714285714,609618.8877737568,1,2.0684125277438485,-120.0,120.0,False,-6.225275251956884e+51,-1.1460136316559766e+52,2.5931758380094956,6.296990847579324e+16
C3,Identical Layers Limit (A = B),1.1214285714285714,609618.8877737568,3,1.2420633006802038,-82.3213898155882,82.3213898155882,False,1.822712916477489e+35,-5.343477637646594e+35,2.5931758380094956,6.296990847579324e+16
C3,Identical Layers Limit (A = B),1.1214285714285714,609618.8877737568,2,1.8131727015278392,-81.29029007719346,81.29029007719346,False,-4.832302808290928e+34,1.9545236130870493e+35,2.5931758380094956,6.296990847579324e+16
C3,Identical Layers Limit (A = B),1.1214285714285714,609618.8877737568,4,2.92065509142572,-64.90565929806662,64.90565929806662,False,-1.5048132514311979e+28,3.3798718659772984e+27,2.5931758380094956,6.296990847579324e+16
C3,Identical Layers Limit (A = B),1.1214285714285714,609618.8877737568,5,1.343280491092375,-61.220973717373866,61.220973717373866,False,8.733522476099714e+25,-3.772180259251153e+26,2.5931758380094956,6.296990847579324e+16
C3,Identical Layers Limit (A = B),1.1214285714285714,609618.8877737568,6,0.4191575501759248,-52.33717316670979,52.33717316670979,False,4.902547277573824e+22,2.1843910691583578e+22,2.5931758380094956,6.296990847579324e+16
C3,Identical Layers Limit (A = B),1.1214285714285714,609618.8877737568,7,1.5137979794004328,-33.26750123110997,33.26750123110997,False,15977885074228.75,280018263842540.9,2.5931758380094956,6.296990847579324e+16
C3,Identical Layers Limit (A = B),1.1214285714285714,609618.8877737568,9,0.003912141218317208,-2.1063114138292596,2.1063114138292596,False,8.217810091808282,-0.0321493975985246,2.5931758380094956,6.296990847579324e+16
C3,Identical Layers Limit (A = B),1.1214285714285714,609618.8877737568,8,3.097030735350146,0.8343181397734775,0.8343181397734775,True,-0.4337394152801037,-0.019341064322841096,2.5931758380094956,6.296990847579324e+16
C3,Identical Layers Limit (A = B),1.157142857142857,629033.5020340674,0,0.7853981633974483,-25.299872090438004,25.299872090438004,False,68719476736.0,-68719476736.0,2.588125061131676,1.7311179111699654e+17
C3,Identical Layers Limit (A = B),1.157142857142857,629033.5020340674,1,0.30872317630437796,-120.0,120.0,False,1.242522205545739e+52,-3.9626548208661795e+51,2.588125061131676,1.7311179111699654e+17
C3,Identical Layers Limit (A = B),1.157142857142857,629033.5020340674,3,0.5022123477444101,-83.0391545059432,83.0391545059432,False,1.0143977903906246e+36,-5.570855437671949e+35,2.588125061131676,1.7311179111699654e+17
C3,Identical Layers Limit (A = B),1.157142857142857,629033.5020340674,2,2.6654831017561587,-81.99207330301294,81.99207330301294,False,-3.6099532820790465e+35,1.8615659662669806e+35,2.588125061131676,1.7311179111699654e+17
C3,Identical Layers Limit (A = B),1.157142857142857,629033.5020340674,4,1.8514185597961292,-63.517904325614715,63.517904325614715,False,-1.0663072406327934e+27,3.699525232357553e+27,2.588125061131676,1.7311179111699654e+17
C3,Identical Layers Limit (A = B),1.157142857142857,629033.5020340674,5,2.3279118606511786,-61.83896465405279,61.83896465405279,False,-4.9336574433830896e+26,-5.2209325522603416e+26,2.588125061131676,1.7311179111699654e+17
C3,Identical Layers Limit (A = B),1.157142857142857,629033.5020340674,6,2.8338218876654975,-51.91565705570618,51.91565705570618,False,-3.355686734690287e+22,-1.0666764370441314e+22,2.588125061131676,1.7311179111699654e+17
C3,Identical Layers Limit (A = B),1.157142857142857,629033.5020340674,7,1.126513333177126,-33.408525643061495,33.408525643061495,False,138808304407510.12,291599760542486.6,2.588125061131676,1.7311179111699654e+17
C3,Identical Layers Limit (A = B),1.157142857142857,629033.5020340674,8,2.4246617784829954,-1.5290378946052061,1.5290378946052061,False,-3.477953619271428,-3.0315666786125464,2.588125061131676,1.7311179111699654e+17
C3,Identical Layers Limit (A = B),1.157142857142857,629033.5020340674,9,0.21332684280173056,-1.6565625557162673,1.6565625557162673,False,5.122454285913335,-1.109640930529368,2.588125061131676,1.7311179111699654e+17
C3,Identical Layers Limit (A = B),1.1928571428571428,648448.1162943783,0,0.3805063771123649,-26.636946415151268,26.636946415151268,False,343597383680.0,137438953472.0,2.583539578992384,7.53130341674642e+16
C3,Identical Layers Limit (A = B),1.1928571428571428,648448.1162943783,1,1.5871501252227713,-120.0,120.0,False,-2.132736051362797e+50,-1.3040064828294038e+52,2.583539578992384,7.53130341674642e+16
C3,Identical Layers Limit (A = B),1.1928571428571428,648448.1162943783,3,0.37074190492096304,-82.03097203284375,82.03097203284375,False,3.935879669767817e+35,-1.5299430344427894e+35,2.583539578992384,7.53130341674642e+16
C3,Identical Layers Limit (A = B),1.1928571428571428,648448.1162943783,2,3.0350729236263563,-81.51490857178479,81.51490857178479,False,-2.5061465376485447e+35,-2.679683165328177e+34,2.583539578992384,7.53130341674642e+16
C3,Identical Layers Limit (A = B),1.1928571428571428,648448.1162943783,5,2.163355040868778,-63.39099008666478,63.39099008666478,False,-1.893952024613095e+27,2.8130737768603886e+27,2.583539578992384,7.53130341674642e+16
C3,Identical Layers Limit (A = B),1.1928571428571428,648448.1162943783,4,1.3027707102870052,-63.349663117763505,63.349663117763505,False,8.617338030973944e+26,-3.1377571586237344e+27,2.583539578992384,7.53130341674642e+16
C3,Identical Layers Limit (A = B),1.1928571428571428,648448.1162943783,6,1.8262839596415077,-50.888599899601154,50.888599899601154,False,-3.18619977965924e+21,1.219851982935535e+22,2.583539578992384,7.53130341674642e+16
C3,Identical Layers Limit (A = B),1.1928571428571428,648448.1162943783,7,3.036289245153272,-32.61517337052241,32.61517337052241,False,-145270507514365.1,-15354275121581.87,2.583539578992384,7.53130341674642e+16
C3,Identical Layers Limit (A = B),1.1928571428571428,648448.1162943783,9,0.00010728872818885842,-2.159056115610768,2.159056115610768,False,8.662956918551835,-0.0009294376337125106,2.583539578992384,7.53130341674642e+16
C3,Identical Layers Limit (A = B),1.1928571428571428,648448.1162943783,8,3.1398628407754168,1.2508828223012438,1.2508828223012438,True,-0.2862515473816599,-0.0004951620886793508,2.583539578992384,7.53130341674642e+16
C3,Identical Layers Limit (A = B),1.2285714285714286,667862.730554689,0,1.5707963267948966,-24.95329850015803,24.95329850015803,False,0.0,68719476736.0,2.5793893383300173,1.3280398855394354e+17
C3,Identical Layers Limit (A = B),1.2285714285714286,667862.730554689,1,0.234796450269151,-120.0,120.0,False,1.2683963934724546e+52,3.0341119391620216e+51,2.5793893383300173,1.3280398855394354e+17
C3,Identical Layers Limit (A = B),1.2285714285714286,667862.730554689,3,0.03480137980119417,-83.05091407179327,83.05091407179327,False,1.1702823373968865e+36,-4.0743890224547143e+34,2.5793893383300173,1.3280398855394354e+17
C3,Identical Layers Limit (A = B),1.2285714285714286,667862.730554689,2,2.8371926263598275,-82.6017152905427,82.6017152905427,False,-7.129019274701761e+35,-2.2396805890645885e+35,2.5793893383300173,1.3280398855394354e+17
C3,Identical Layers Limit (A = B),1.2285714285714286,667862.730554689,4,0.43129147244154387,-62.38261777687802,62.38261777687802,False,1.1238711337708907e+27,-5.171887082269541e+26,2.5793893383300173,1.3280398855394354e+17
C3,Identical Layers Limit (A = B),1.2285714285714286,667862.730554689,5,1.1059581817704511,-61.62160749199304,61.62160749199304,False,2.591025263855174e+26,5.1666636132187596e+26,2.5793893383300173,1.3280398855394354e+17
C3,Identical Layers Limit (A = B),1.2285714285714286,667862.730554689,6,1.3664674920670203,-49.93363359770678,49.93363359770678,False,9.844756727380413e+20,4.750855054835813e+21,2.5793893383300173,1.3280398855394354e+17
C3,Identical Layers Limit (A = B),1.2285714285714286,667862.730554689,7,2.5633656757901897,-33.54519250782865,33.54519250782865,False,-310057376353892.8,-202355009572330.03,2.5793893383300173,1.3280398855394354e+17
C3,Identical Layers Limit (A = B),1.2285714285714286,667862.730554689,9,1.1536742930821329,-2.6356798130939527,2.6356798130939527,False,5.652708608523076,12.75646348503123,2.5793893383300173,1.3280398855394354e+17
C3,Identical Layers Limit (A = B),1.2285714285714286,667862.730554689,8,0.4983655220848287,-1.0581048341445054,1.0581048341445054,False,2.5304870135147195,1.377045735294846,2.5793893383300173,1.3280398855394354e+17
C3,Identical Layers Limit (A = B),1.2642857142857142,687277.3448149996,0,2.356194490192345,-26.39848437910611,26.39848437910611,False,-206158430208.0,206158430208.0,2.575646618513723,3.5128647940134576e+16
C3,Identical Layers Limit (A = B),1.2642857142857142,687277.3448149996,1,1.260320487581139,-120.0,120.0,False,3.984425949260257e+51,-1.2418257776822813e+52,2.575646618513723,3.5128647940134576e+16
C3,Identical Layers Limit (A = B),1.2642857142857142,687277.3448149996,2,1.2628838560161244,-82.39763213075345,82.39763213075345,False,1.8466297682031873e+35,-5.806513185779411e+35,2.575646618513723,3.5128647940134576e+16
C3,Identical Layers Limit (A = B),1.2642857142857142,687277.3448149996,3,0.9321811668413469,-82.72680502013979,82.72680502013979,False,5.0478037214499365e+35,6.79936394726327e+35,2.575646618513723,3.5128647940134576e+16
C3,Identical Layers Limit (A = B),1.2642857142857142,687277.3448149996,4,0.2623415884183336,-62.81854199648429,62.81854199648429,False,1.847680029041114e+27,-4.961582679873904e+26,2.575646618513723,3.5128647940134576e+16
C3,Identical Layers Limit (A = B),1.2642857142857142,687277.3448149996,5,2.170291999540949,-62.33970191145283,62.33970191145283,False,-6.68716075586169e+26,-9.785181665353589e+26,2.575646618513723,3.5128647940134576e+16
C3,Identical Layers Limit (A = B),1.2642857142857142,687277.3448149996,6,0.2925894202446034,-51.64274725653755,51.64274725653755,False,2.5662504777331635e+22,7.73044417097845e+21,2.575646618513723,3.5128647940134576e+16
C3,Identical Layers Limit (A = B),1.2642857142857142,687277.3448149996,7,2.374805915416234,-33.662605562919005,33.662605562919005,False,-299849330272722.2,-288890772549636.7,2.575646618513723,3.5128647940134576e+16
C3,Identical Layers Limit (A = B),1.2642857142857142,687277.3448149996,8,0.11184323225483386,-2.195368415554014,2.195368415554014,False,8.927182880352115,-1.0026290772381274,2.575646618513723,3.5128647940134576e+16
C3,Identical Layers Limit (A = B),1.2642857142857142,687277.3448149996,9,1.8475023889251903,0.6683071134056183,0.6683071134056183,True,-0.14002975180757968,-0.49307746831228094,2.575646618513723,3.5128647940134576e+16
C3,Identical Layers Limit (A = B),1.3,706691.9590753104,0,2.158798930342464,-26.2357731788888,26.2357731788888,False,-137438953472.0,206158430208.0,2.5722858056002593,6.705871275455452e+16
C3,Identical Layers Limit (A = B),1.3,706691.9590753104,1,0.08585057779689871,-120.0,120.0,False,1.2993777132341718e+52,1.1182719668274524e+51,2.5722858056002593,6.705871275455452e+16
C3,Identical Layers Limit (A = B),1.3,706691.9590753104,2,3.125349416138405,-82.9585488081002,82.9585488081002,False,-1.0675363671536667e+36,-1.7341771893500258e+34,2.5722858056002593,6.705871275455452e+16
C3,Identical Layers Limit (A = B),1.3,706691.9590753104,3,0.8300955047828443,-82.83145741939126,82.83145741939126,False,6.344879199595011e+35,6.939030368641168e+35,2.5722858056002593,6.705871275455452e+16
C3,Identical Layers Limit (A = B),1.3,706691.9590753104,4,0.4704484466275923,-62.03374957276534,62.03374957276534,False,7.77984167251602e+26,-3.9562843230157216e+26,2.5722858056002593,6.705871275455452e+16
C3,Identical Layers Limit (A = B),1.3,706691.9590753104,5,2.6559998805760006,-61.13380611191067,61.13380611191067,False,-3.138503512226581e+26,-1.656314756618701e+26,2.5722858056002593,6.705871275455452e+16
C3,Identical Layers Limit (A = B),1.3,706691.9590753104,6,2.0760567703036403,-51.51068917788573,51.51068917788573,False,-1.1368028554299271e+22,2.0551340935031953e+22,2.5722858056002593,6.705871275455452e+16
C3,Identical Layers Limit (A = B),1.3,706691.9590753104,7,3.0473525143649556,-34.380995794098006,34.380995794098006,False,-850247503474758.5,-80365498210339.92,2.5722858056002593,6.705871275455452e+16
C3,Identical Layers Limit (A = B),1.3,706691.9590753104,8,0.0995890639649095,-2.127279460731736,2.127279460731736,False,8.3504234567403,-0.8343711071394297,2.5722858056002593,6.705871275455452e+16
C3,Identical Layers Limit (A = B),1.3,706691.9590753104,9,2.3426101879902044,0.335997686993565,0.335997686993565,True,-0.4984052355110938,-0.5121335441343792,2.5722858056002593,6.705871275455452e+16
C3,Identical Layers Limit (A = B),1.3357142857142856,726106.5733356212,0,2.356194490192345,-25.299872090438004,25.299872090438004,False,-68719476736.0,-68719476736.0,2.5692831671613803,1.1392591312915794e+17
C3,Identical Layers Limit (A = B),1.3357142857142856,726106.5733356212,1,2.1261913020294165,-120.0,120.0,False,-6.876671224965713e+51,-1.1081523777012228e+52,2.5692831671613803,1.1392591312915794e+17
C3,Identical Layers Limit (A = B),1.3357142857142856,726106.5733356212,3,0.5730660124503191,-82.64833418783059,82.64833418783059,False,6.578397648127758e+35,-4.245058014086292e+35,2.5692831671613803,1.1392591312915794e+17
C3,Identical Layers Limit (A = B),1.3357142857142856,726106.5733356212,2,2.2034358130159006,-82.66686821042786,82.66686821042786,False,-4.715791223334514e+35,6.432099164490139e+35,2.5692831671613803,1.1392591312915794e+17
C3,Identical Layers Limit (A = B),1.3357142857142856,726106.5733356212,4,1.1367174488854772,-62.47345359081476,62.47345359081476,False,5.697961289739125e+26,1.2291556561715023e+27,2.5692831671613803,1.1392591312915794e+17
C3,Identical Layers Limit (A = B),1.3357142857142856,726106.5733356212,5,2.0992098310776433,-61.7195767151093,61.7195767151093,False,-3.213981027337348e+26,-5.505392095441443e+26,2.5692831671613803,1.1392591312915794e+17
C3,Identical Layers Limit (A = B),1.3357142857142856,726106.5733356212,6,2.1609469387869362,-52.44973191637604,52.44973191637604,False,-3.3425931681930085e+22,-4.99062992533037e+22,2.5692831671613803,1.1392591312915794e+17
C3,Identical Layers Limit (A = B),1.3357142857142856,726106.5733356212,7,1.579239609963538,-35.33076387874361,35.33076387874361,False,-18640690196665.0,-2207701300944013.0,2.5692831671613803,1.1392591312915794e+17
C3,Identical Layers Limit (A = B),1.3357142857142856,726106.5733356212,8,0.11793141101042928,-2.5497914551772896,2.5497914551772896,False,12.715495493719745,1.506547070253441,2.5692831671613803,1.1392591312915794e+17
C3,Identical Layers Limit (A = B),1.3357142857142856,726106.5733356212,9,0.28545742009028674,-0.03250119815431414,0.03250119815431414,False,0.991231241625711,0.2908989639974434,2.5692831671613803,1.1392591312915794e+17
C3,Identical Layers Limit (A = B),1.3714285714285714,745521.1875959318,0,0.6435011087932844,-26.56273641259213,26.56273641259213,False,274877906944.0,206158430208.0,2.566616678095936,8.193803549898006e+16
C3,Identical Layers Limit (A = B),1.3714285714285714,745521.1875959318,1,1.7218505021210624,-120.0,120.0,False,-1.9625364371589915e+51,-1.2893301636492566e+52,2.566616678095936,8.193803549898006e+16
C3,Identical Layers Limit (A = B),1.3714285714285714,745521.1875959318,2,2.8195726537542,-82.98457029909729,82.98457029909729,False,-1.0394968915714389e+36,-3.468102003698062e+35,2.566616678095936,8.193803549898006e+16
C3,Identical Layers Limit (A = B),1.3714285714285714,745521.1875959318,3,1.3878266521323968,-82.48912563997229,82.48912563997229,False,1.2148573263268652e+35,-6.565404985300794e+35,2.566616678095936,8.193803549898006e+16
C3,Identical Layers Limit (A = B),1.3714285714285714,745521.1875959318,4,0.35667152990098155,-61.976873716563006,61.976873716563006,False,7.726513962316962e+26,-2.8789574204393344e+26,2.566616678095936,8.193803549898006e+16
C3,Identical Layers Limit (A = B),1.3714285714285714,745521.1875959318,5,0.24278644391564813,-61.51046672837865,61.51046672837865,False,5.020289002491069e+26,1.243385214665061e+26,2.566616678095936,8.193803549898006e+16
C3,Identical Layers Limit (A = B),1.3714285714285714,745521.1875959318,6,1.0342208349797188,-52.257277462495765,52.257277462495765,False,2.532995846826169e+22,4.258680792803142e+22,2.566616678095936,8.193803549898006e+16
C3,Identical Layers Limit (A = B),1.3714285714285714,745521.1875959318,7,2.1228849630648132,-35.93775489174905,35.93775489174905,False,-2124645907879967.0,3449197633577689.0,2.566616678095936,8.193803549898006e+16
C3,Identical Layers Limit (A = B),1.3714285714285714,745521.1875959318,8,0.5372630765745361,-3.809622322655999,3.809622322655999,False,38.774664660524884,23.098663472997846,2.566616678095936,8.193803549898006e+16
C3,Identical Layers Limit (A = B),1.3714285714285714,745521.1875959318,9,0.09627737266362425,-0.9342043928740448,0.9342043928740448,False,2.533400696105225,0.24466559273139948,2.566616678095936,8.193803549898006e+16
C3,Identical Layers Limit (A = B),1.407142857142857,764935.8018562426,0,2.819842099193151,-26.104591046655052,26.104591046655052,False,-206158430208.0,-68719476736.0,2.5642658481382044,2.947594419196541e+17
C3,Identical Layers Limit (A = B),1.407142857142857,764935.8018562426,1,1.1973093435057605,-120.0,120.0,False,4.758489608476673e+51,1.2142716047193822e+52,2.5642658481382044,2.947594419196541e+17
C3,Identical Layers Limit (A = B),1.407142857142857,764935.8018562426,2,0.9088219870502232,-81.75037668898162,81.75037668898162,False,1.960574276317994e+35,-2.5159006383063046e+35,2.5642658481382044,2.947594419196541e+17
C3,Identical Layers Limit (A = B),1.407142857142857,764935.8018562426,3,0.7441388987251192,-82.37757146374778,82.37757146374778,False,4.393479567578471e+35,-4.045111792153571e+35,2.5642658481382044,2.947594419196541e+17
C3,Identical Layers Limit (A = B),1.407142857142857,764935.8018562426,4,0.38844944668424425,-62.57619195945452,62.57619195945452,False,1.389536928369136e+27,5.686589891328443e+26,2.5642658481382044,2.947594419196541e+17
C3,Identical Layers Limit (A = B),1.407142857142857,764935.8018562426,5,0.4644383464808876,-60.02988901354138,60.02988901354138,False,1.0520167754197477e+26,-5.27048635575671e+25,2.5642658481382044,2.947594419196541e+17
C3,Identical Layers Limit (A = B),1.407142857142857,764935.8018562426,6,0.5347711022920717,-53.38318636369627,53.38318636369627,False,1.3143657994827677e+23,-7.78556752517273e+22,2.5642658481382044,2.947594419196541e+17
C3,Identical Layers Limit (A = B),1.407142857142857,764935.8018562426,7,0.1996991326857903,-36.352339383679805,36.352339383679805,False,6010387109805668.0,-1216483263482093.0,2.5642658481382044,2.947594419196541e+17
C3,Identical Layers Limit (A = B),1.407142857142857,764935.8018562426,8,0.8739082933093232,-3.0532120089106187,3.0532120089106187,False,13.596155507417347,16.24425262433952,2.5642658481382044,2.947594419196541e+17
C3,Identical Layers Limit (A = B),1.407142857142857,764935.8018562426,9,0.33678535548835836,-0.9296486608864705,0.9296486608864705,False,2.3912848032321805,0.8372463955159436,2.5642658481382044,2.947594419196541e+17
C3,Identical Layers Limit (A = B),1.4428571428571428,784350.4161165534,0,2.677945044588987,-25.758017456375082,25.758017456375082,False,-137438953472.0,68719476736.0,2.5622115935871177,3.106751470302991e+17
C3,Identical Layers Limit (A = B),1.4428571428571428,784350.4161165534,1,0.2529449030713697,-120.0,120.0,False,1.262681374202766e+52,3.263793970351106e+51,2.5622115935871177,3.106751470302991e+17
C3,Identical Layers Limit (A = B),1.4428571428571428,784350.4161165534,3,2.7579080925005686,-82.77817030934945,82.77817030934945,False,-8.266448019782768e+35,-3.337093962721519e+35,2.5622115935871177,3.106751470302991e+17
C3,Identical Layers Limit (A = B),1.4428571428571428,784350.4161165534,2,0.04284493896912969,-81.83431774574471,81.83431774574471,False,3.4657233352071285e+35,-1.4857963123035088e+34,2.5622115935871177,3.106751470302991e+17
C3,Identical Layers Limit (A = B),1.4428571428571428,784350.4161165534,4,0.05247372445175906,-63.129364558940175,63.129364558940175,False,2.6069727178789227e+27,1.3692326348562498e+26,2.5622115935871177,3.106751470302991e+17
C3,Identical Layers Limit (A = B),1.4428571428571428,784350.4161165534,5,1.002175593093071,-61.78169013707027,61.78169013707027,False,3.652656964082393e+26,-5.715990316778128e+26,2.5622115935871177,3.106751470302991e+17
C3,Identical Layers Limit (A = B),1.4428571428571428,784350.4161165534,6,2.8455634621649364,-50.53454525771553,50.53454525771553,False,-8.463699176471306e+21,-2.5813503270948936e+21,2.5622115935871177,3.106751470302991e+17
C3,Identical Layers Limit (A = B),1.4428571428571428,784350.4161165534,7,3.048512308881476,-35.272511106000906,35.272511106000906,False,-2073828603779896.8,-193592095282976.6,2.5622115935871177,3.106751470302991e+17
C3,Identical Layers Limit (A = B),1.4428571428571428,784350.4161165534,9,0.04121724284545617,-2.1551802443043213,2.1551802443043213,False,8.62211637024421,0.3555812481344971,2.5622115935871177,3.106751470302991e+17
C3,Identical Layers Limit (A = B),1.4428571428571428,784350.4161165534,8,2.7225145138862685,0.6260917934942064,0.6260917934942064,True,-0.48840875394710775,0.21757012736012749,2.5622115935871177,3.106751470302991e+17
C3,Identical Layers Limit (A = B),1.4785714285714284,803765.0303768639,0,0.3217505543966422,-26.104591046655052,26.104591046655052,False,206158430208.0,-68719476736.0,2.560436095002344,1.3614995951501574e+17
C3,Identical Layers Limit (A = B),1.4785714285714284,803765.0303768639,1,1.638937343299272,-120.0,120.0,False,-8.879945460533536e+50,1.301154264654802e+52,2.560436095002344,1.3614995951501574e+17
C3,Identical Layers Limit (A = B),1.4785714285714284,803765.0303768639,3,1.3238926639175541,-82.71865191907521,82.71865191907521,False,2.0528635132089797e+35,-8.144787354239525e+35,2.560436095002344,1.3614995951501574e+17
C3,Identical Layers Limit (A = B),1.4785714285714284,803765.0303768639,2,0.9238171146042323,-83.09122372552092,83.09122372552092,False,7.348825967989604e+35,-9.72776214568304e+35,2.560436095002344,1.3614995951501574e+17
C3,Identical Layers Limit (A = B),1.4785714285714284,803765.0303768639,5,1.182237354534481,-61.449836687813544,61.449836687813544,False,1.8441584859453338e+26,-4.504854253158685e+26,2.560436095002344,1.3614995951501574e+17
C3,Identical Layers Limit (A = B),1.4785714285714284,803765.0303768639,4,2.1183611135942426,-59.76802247100492,59.76802247100492,False,-4.71448792184932e+25,-7.731715820905182e+25,2.560436095002344,1.3614995951501574e+17
C3,Identical Layers Limit (A = B),1.4785714285714284,803765.0303768639,6,1.2587840185614105,-52.47805998517661,52.47805998517661,False,1.896854592946796e+22,-5.880849305541191e+22,2.560436095002344,1.3614995951501574e+17
C3,Identical Layers Limit (A = B),1.4785714285714284,803765.0303768639,7,1.7695722983883764,-36.57405852825381,36.57405852825381,False,-1511513194285606.0,7503688527821649.0,2.560436095002344,1.3614995951501574e+17
C3,Identical Layers Limit (A = B),1.4785714285714284,803765.0303768639,8,1.721915999712963,-3.275214236837535,3.275214236837535,False,-3.9817519960190744,-26.14745679363843,2.560436095002344,1.3614995951501574e+17
C3,Identical Layers Limit (A = B),1.4785714285714284,803765.0303768639,9,0.21797694702439813,-1.1839528386489357,1.1839528386489357,False,3.1899502275715585,-0.7065617327794643,2.560436095002344,1.3614995951501574e+17
C3,Identical Layers Limit (A = B),1.5142857142857142,823179.6446371747,0,1.1071487177940904,-26.451164636935026,26.451164636935026,False,137438953472.0,-274877906944.0,2.5589226944856125,2.8768280877394275e+17
C3,Identical Layers Limit (A = B),1.5142857142857142,823179.6446371747,1,1.0118409893049896,-120.0,120.0,False,6.916081795685791e+51,-1.1056970152448736e+52,2.5589226944856125,2.8768280877394275e+17
C3,Identical Layers Limit (A = B),1.5142857142857142,823179.6446371747,3,1.6864551468279998,-82.78893696692445,82.78893696692445,False,-1.0398927627005752e+35,8.950910558297305e+35,2.5589226944856125,2.8768280877394275e+17
C3,Identical Layers Limit (A = B),1.5142857142857142,823179.6446371747,2,1.212144625565179,-82.94186588378373,82.94186588378373,False,3.685672069877478e+35,-9.832016548770382e+35,2.5589226944856125,2.8768280877394275e+17
C3,Identical Layers Limit (A = B),1.5142857142857142,823179.6446371747,4,2.064496480724499,-62.11875620970958,62.11875620970958,False,-4.503065150056219e+26,-8.367669956516245e+26,2.5589226944856125,2.8768280877394275e+17
C3,Identical Layers Limit (A = B),1.5142857142857142,823179.6446371747,5,1.3171223576869853,-61.41476517472022,61.41476517472022,False,1.1795100658956573e+26,4.5495412045960994e+26,2.5589226944856125,2.8768280877394275e+17
C3,Identical Layers Limit (A = B),1.5142857142857142,823179.6446371747,6,0.5983714363921809,-52.48103794880133,52.48103794880133,False,5.1208116325951014e+22,-3.4911064958721304e+22,2.5589226944856125,2.8768280877394275e+17
C3,Identical Layers Limit (A = B),1.5142857142857142,823179.6446371747,7,1.3937210120051664,-35.2687166627971,35.2687166627971,False,365506476913838.0,2042510750590414.8,2.5589226944856125,2.8768280877394275e+17
C3,Identical Layers Limit (A = B),1.5142857142857142,823179.6446371747,8,0.16395973682197004,-3.120608193285805,3.120608193285805,False,22.3562547530479,-3.698729258969639,2.5589226944856125,2.8768280877394275e+17
C3,Identical Layers Limit (A = B),1.5142857142857142,823179.6446371747,9,0.09334412953354887,-0.716046722004415,0.716046722004415,False,2.037419013685893,-0.19073539358590755,2.5589226944856125,2.8768280877394275e+17
C3,Identical Layers Limit (A = B),1.55,842594.2588974854,0,2.677945044588987,-25.758017456375082,25.758017456375082,False,-137438953472.0,68719476736.0,2.5576557966902302,8.187745263781778e+16
C3,Identical Layers Limit (A = B),1.55,842594.2588974854,1,1.4952254886068381,-120.0,120.0,False,9.846425887815518e+50,-1.3004585934550787e+52,2.5576557966902302,8.187745263781778e+16
C3,Identical Layers Limit (A = B),1.55,842594.2588974854,2,1.4941355218724754,-83.30026997385075,83.30026997385075,False,1.1507884637448838e+35,1.498201372901573e+36,2.5576557966902302,8.187745263781778e+16
C3,Identical Layers Limit (A = B),1.55,842594.2588974854,3,2.585169175091412,-82.94623141544307,82.94623141544307,False,-8.95518887337599e+35,-5.569933431759992e+35,2.5576557966902302,8.187745263781778e+16
C3,Identical Layers Limit (A = B),1.55,842594.2588974854,4,2.719577587792739,-62.18167901667367,62.18167901667367,False,-9.231691580001312e+26,-4.14495244262829e+26,2.5576557966902302,8.187745263781778e+16
C3,Identical Layers Limit (A = B),1.55,842594.2588974854,5,0.6437485083624164,-60.33854172411143,60.33854172411143,False,1.2814601339620231e+26,9.615905559835514e+25,2.5576557966902302,8.187745263781778e+16
C3,Identical Layers Limit (A = B),1.55,842594.2588974854,6,3.032531232584845,-52.5404911006938,52.5404911006938,False,-6.538187790400883e+22,7.159047220244047e+21,2.5576557966902302,8.187745263781778e+16
C3,Identical Layers Limit (A = B),1.55,842594.2588974854,7,1.7740491749507994,-34.50771337394603,34.50771337394603,False,-195682402064634.75,949459228785719.8,2.5576557966902302,8.187745263781778e+16
C3,Identical Layers Limit (A = B),1.55,842594.2588974854,9,0.07888187130528275,-2.1671944291124485,2.1671944291124485,False,8.706588365602935,-0.688220023988666,2.5576557966902302,8.187745263781778e+16
C3,Identical Layers Limit (A = B),1.55,842594.2588974854,8,2.378996057860797,0.4760914732880059,0.4760914732880059,True,-0.44916019174386806,-0.4291303198376569,2.5576557966902302,8.187745263781778e+16
C3,Identical Layers Limit (A = B),1.5857142857142856,862008.8731577962,0,0.0,-25.646445680717978,25.646445680717978,False,137438953472.0,0.0,2.556620785888976,3.9930188904037576e+16
C3,Identical Layers Limit (A = B),1.5857142857142856,862008.8731577962,1,0.11429003422078286,-120.0,120.0,False,1.2956724025626169e+52,1.4873059135632176e+51,2.556620785888976,3.9930188904037576e+16
C3,Identical Layers Limit (A = B),1.5857142857142856,862008.8731577962,2,0.0418245730279776,-82.83958225361722,82.83958225361722,False,9.470948837847627e+35,3.9634952900709974e+34,2.556620785888976,3.9930188904037576e+16
C3,Identical Layers Limit (A = B),1.5857142857142856,862008.8731577962,3,1.9455739303275075,-82.37860327890715,82.37860327890715,False,-2.1884252877493204e+35,5.563278122959919e+35,2.556620785888976,3.9930188904037576e+16
C3,Identical Layers Limit (A = B),1.5857142857142856,862008.8731577962,5,0.9372684512400351,-62.69417386870729,62.69417386870729,False,1.0001137105199425e+27,1.36156586427089e+27,2.556620785888976,3.9930188904037576e+16
C3,Identical Layers Limit (A = B),1.5857142857142856,862008.8731577962,4,2.1278580027329705,-62.15752789902034,62.15752789902034,False,-5.2224715678087104e+26,8.384612826888426e+26,2.556620785888976,3.9930188904037576e+16
C3,Identical Layers Limit (A = B),1.5857142857142856,862008.8731577962,6,0.23090200243166484,-50.89360238627033,50.89360238627033,False,1.2334710280079985e+22,-2.899828918185367e+21,2.556620785888976,3.9930188904037576e+16
C3,Identical Layers Limit (A = B),1.5857142857142856,862008.8731577962,7,0.0024465774453230026,-35.42439074331701,35.42439074331701,False,2424466149293304.0,5931656032934.124,2.556620785888976,3.9930188904037576e+16
C3,Identical Layers Limit (A = B),1.5857142857142856,862008.8731577962,8,2.162066041073167,-0.7043039407628185,0.7043039407628185,False,-1.1273388099773376,-1.6790963413482118,2.556620785888976,3.9930188904037576e+16
C3,Identical Layers Limit (A = B),1.5857142857142856,862008.8731577962,9,0.22340772639703801,-2.005741070604438,2.005741070604438,False,7.2469099668519075,-1.6465000901561582,2.556620785888976,3.9930188904037576e+16
C3,Identical Layers Limit (A = B),1.6214285714285714,881423.4874181069,0,1.1071487177940904,-25.758017456375082,25.758017456375082,False,68719476736.0,-137438953472.0,2.555803944390597,1.0405421714243066e+17
C3,Identical Layers Limit (A = B),1.6214285714285714,881423.4874181069,1,2.536801605161298,-120.0,120.0,False,-1.0728464784721346e+52,-7.415444674444872e+51,2.555803944390597,1.0405421714243066e+17
C3,Identical Layers Limit (A = B),1.6214285714285714,881423.4874181069,2,1.0013595276648746,-82.40554656634134,82.40554656634134,False,3.311235332771204e+35,5.172396928124611e+35,2.555803944390597,1.0405421714243066e+17
C3,Identical Layers Limit (A = B),1.6214285714285714,881423.4874181069,3,0.9779647326136375,-81.98489381177171,81.98489381177171,False,2.253070230583384e+35,-3.3444991850933584e+35,2.555803944390597,1.0405421714243066e+17
C3,Identical Layers Limit (A = B),1.6214285714285714,881423.4874181069,5,0.4003761984935238,-63.05880461260014,63.05880461260014,False,2.2403205203963376e+27,-9.481859420050497e+26,2.555803944390597,1.0405421714243066e+17
C3,Identical Layers Limit (A = B),1.6214285714285714,881423.4874181069,4,1.9478548492039836,-61.79941137419281,61.79941137419281,False,-2.5422137152796926e+26,6.41963464447205e+26,2.555803944390597,1.0405421714243066e+17
C3,Identical Layers Limit (A = B),1.6214285714285714,881423.4874181069,6,1.6755840325236862,-50.51847907162604,50.51847907162604,False,-9.107767660641366e+20,8.65980157979883e+21,2.555803944390597,1.0405421714243066e+17
C3,Identical Layers Limit (A = B),1.6214285714285714,881423.4874181069,7,2.5187572415159556,-33.24775401402009,33.24775401402009,False,-223354088921928.0,-160412510412472.34,2.555803944390597,1.0405421714243066e+17
C3,Identical Layers Limit (A = B),1.6214285714285714,881423.4874181069,9,0.02394410404334798,-2.333911326218319,2.333911326218319,False,10.315262955811033,-0.24703694166919538,2.555803944390597,1.0405421714243066e+17
C3,Identical Layers Limit (A = B),1.6214285714285714,881423.4874181069,8,0.32869158263404713,1.1926990819814833,1.1926990819814833,True,0.2871588238890635,-0.09793942121306158,2.555803944390597,1.0405421714243066e+17
C3,Identical Layers Limit (A = B),1.657142857142857,900838.1016784176,0,2.0344439357957027,-25.758017456375082,25.758017456375082,False,-68719476736.0,137438953472.0,2.5551923888864922,9.413594749204462e+16
C3,Identical Layers Limit (A = B),1.657142857142857,900838.1016784176,1,3.051400310803064,-120.0,120.0,False,-1.298879940136625e+52,1.1746771760048257e+51,2.5551923888864922,9.413594749204462e+16
C3,Identical Layers Limit (A = B),1.657142857142857,900838.1016784176,2,0.8458404639157937,-82.65184082891903,82.65184082891903,False,5.209775324987918e+35,5.880941266479471e+35,2.5551923888864922,9.413594749204462e+16
C3,Identical Layers Limit (A = B),1.657142857142857,900838.1016784176,3,1.6635888855347754,-82.18087016022105,82.18087016022105,False,-4.545567950454802e+34,-4.88456622099684e+35,2.5551923888864922,9.413594749204462e+16
C3,Identical Layers Limit (A = B),1.657142857142857,900838.1016784176,5,0.02118912397821048,-62.09731151981394,62.09731151981394,False,9.298699909231702e+26,-1.9706079814739613e+25,2.5551923888864922,9.413594749204462e+16
C3,Identical Layers Limit (A = B),1.657142857142857,900838.1016784176,4,1.0158519090585036,-61.83378070392496,61.83378070392496,False,3.7652577054923604e+26,6.0736921361655e+26,2.5551923888864922,9.413594749204462e+16
C3,Identical Layers Limit (A = B),1.657142857142857,900838.1016784176,6,1.191601529779923,-51.76926325754035,51.76926325754035,False,1.1259254024170778e+22,2.8255551081609045e+22,2.5551923888864922,9.413594749204462e+16
C3,Identical Layers Limit (A = B),1.657142857142857,900838.1016784176,7,1.077060744022918,-32.96051356571575,32.96051356571575,False,97785157228889.16,181690566574680.75,2.5551923888864922,9.413594749204462e+16
C3,Identical Layers Limit (A = B),1.657142857142857,900838.1016784176,9,0.38649161516801506,-2.795520983842254,2.795520983842254,False,15.16357355909486,6.170962152341104,2.5551923888864922,9.413594749204462e+16
C3,Identical Layers Limit (A = B),1.657142857142857,900838.1016784176,8,0.3698794451043555,-0.6609241178419281,0.6609241178419281,False,1.8056119621251583,0.7000799540899615,2.5551923888864922,9.413594749204462e+16
C3,Identical Layers Limit (A = B),1.6928571428571428,920252.7159387284,0,1.5707963267948966,-26.05191078882614,26.05191078882614,False,0.0,206158430208.0,2.5547740082449506,5.7186618238125944e+16
C3,Identical Layers Limit (A = B),1.6928571428571428,920252.7159387284,1,2.033567135389913,-120.0,120.0,False,-5.822244125968747e+51,-1.1670057827379468e+52,2.5547740082449506,5.7186618238125944e+16
C3,Identical Layers Limit (A = B),1.6928571428571428,920252.7159387284,3,2.059255631375125,-82.84813381401953,82.84813381401953,False,-4.486486550666064e+35,8.442596645772719e+35,2.5547740082449506,5.7186618238125944e+16
C3,Identical Layers Limit (A = B),1.6928571428571428,920252.7159387284,2,0.28168896449150954,-81.52854545245778,81.52854545245778,False,2.454337335461699e+35,-7.102455548021617e+34,2.5547740082449506,5.7186618238125944e+16
C3,Identical Layers Limit (A = B),1.6928571428571428,920252.7159387284,5,0.8627483514765203,-63.939584609498205,63.939584609498205,False,3.8173095379673484e+27,4.45874355616989e+27,2.5547740082449506,5.7186618238125944e+16
C3,Identical Layers Limit (A = B),1.6928571428571428,920252.7159387284,4,0.9315781271543815,-60.825677438418985,60.825677438418985,False,1.555665264488458e+26,-2.0928344659856295e+26,2.5547740082449506,5.7186618238125944e+16
C3,Identical Layers Limit (A = B),1.6928571428571428,920252.7159387284,6,0.2796016895663706,-51.54590643706456,51.54590643706456,False,2.3383034795357813e+22,-6.713810124912461e+21,2.5547740082449506,5.7186618238125944e+16
C3,Identical Layers Limit (A = B),1.6928571428571428,920252.7159387284,7,2.6091773963596556,-33.05771529293876,33.05771529293876,False,-195920888041470.34,-115429931554117.06,2.5547740082449506,5.7186618238125944e+16
C3,Identical Layers Limit (A = B),1.6928571428571428,920252.7159387284,8,0.027998522095979472,-2.1940950598150377,2.1940950598150377,False,8.96836199348875,0.2511665161236546,2.5547740082449506,5.7186618238125944e+16
C3,Identical Layers Limit (A = B),1.6928571428571428,920252.7159387284,9,2.7728307304109823,0.832129893949017,0.832129893949017,True,-0.40587020290851983,0.15684428402236353,2.5547740082449506,5.7186618238125944e+16
C3,Identical Layers Limit (A = B),1.7285714285714284,939667.330199039,0,2.677945044588987,-25.758017456375082,25.758017456375082,False,-137438953472.0,68719476736.0,2.5545374102840768,2.2963403246541802e+17
C3,Identical Layers Limit (A = B),1.7285714285714284,939667.330199039,1,0.9982461119682947,-120.0,120.0,False,7.065756210688519e+51,1.0961928002312148e+52,2.5545374102840768,2.2963403246541802e+17
C3,Identical Layers Limit (A = B),1.7285714285714284,939667.330199039,2,0.24423899203395985,-82.87336414311225,82.87336414311225,False,9.51394107576977e+35,-2.371009638563101e+35,2.5545374102840768,2.2963403246541802e+17
C3,Identical Layers Limit (A = B),1.7285714285714284,939667.330199039,3,1.5928959285568072,-81.69124604590893,81.69124604590893,False,-6.643645850037925e+33,-3.0057393421270617e+35,2.5545374102840768,2.2963403246541802e+17
C3,Identical Layers Limit (A = B),1.7285714285714284,939667.330199039,5,0.849781799335194,-62.983517508555295,62.983517508555295,False,1.489480419206033e+27,1.694778323828557e+27,2.5545374102840768,2.2963403246541802e+17
C3,Identical Layers Limit (A = B),1.7285714285714284,939667.330199039,4,2.1356742210881356,-61.91283404292538,61.91283404292538,False,-4.1400893773901904e+26,-6.53252397389828e+26,2.5545374102840768,2.2963403246541802e+17
C3,Identical Layers Limit (A = B),1.7285714285714284,939667.330199039,6,0.5784676081316429,-52.20465695866262,52.20465695866262,False,3.93619216592274e+22,2.5702566468548485e+22,2.5545374102840768,2.2963403246541802e+17
C3,Identical Layers Limit (A = B),1.7285714285714284,939667.330199039,7,3.0260776692318685,-34.70864756243702,34.70864756243702,False,-1177253779778833.0,136598570443508.19,2.5545374102840768,2.2963403246541802e+17
C3,Identical Layers Limit (A = B),1.7285714285714284,939667.330199039,8,0.07271072092893777,-2.3598521207184193,2.3598521207184193,False,10.561405475887174,0.7692835795976818,2.5545374102840768,2.2963403246541802e+17
C3,Identical Layers Limit (A = B),1.7285714285714284,939667.330199039,9,0.6502120107042202,0.7106644508924584,0.7106644508924584,True,0.39106695941875996,0.29742166917703083,2.5545374102840768,2.2963403246541802e+17
C3,Identical Layers Limit (A = B),1.7642857142857142,959081.9444593498,0,0.0,-25.646445680717978,25.646445680717978,False,137438953472.0,0.0,2.5544718725129885,1.8461408873963914e+17
C3,Identical Layers Limit (A = B),1.7642857142857142,959081.9444593498,1,0.47607284725044047,-120.0,120.0,False,1.1591579935434112e+52,-5.9769600096704595e+51,2.5544718725129885,1.8461408873963914e+17
C3,Identical Layers Limit (A = B),1.7642857142857142,959081.9444593498,2,1.3267505246835836,-82.9950624148227,82.9950624148227,False,2.675773850812237e+35,1.0745688476174777e+36,2.5544718725129885,1.8461408873963914e+17
C3,Identical Layers Limit (A = B),1.7642857142857142,959081.9444593498,3,0.6725322572306422,-81.60740334747823,81.60740334747823,False,2.16266211668725e+35,1.7223098094087007e+35,2.5544718725129885,1.8461408873963914e+17
C3,Identical Layers Limit (A = B),1.7642857142857142,959081.9444593498,5,1.881501018374327,-62.90834321731363,62.90834321731363,False,-6.39858437658647e+26,-1.9926786393301566e+27,2.5544718725129885,1.8461408873963914e+17
C3,Identical Layers Limit (A = B),1.7642857142857142,959081.9444593498,4,1.657832619631272,-62.49747031386118,62.49747031386118,False,-1.2063085798131081e+26,1.3824818875321968e+27,2.5544718725129885,1.8461408873963914e+17
C3,Identical Layers Limit (A = B),1.7642857142857142,959081.9444593498,6,0.9777456529358842,-52.34144825362062,52.34144825362062,False,3.0125280586157533e+22,-4.469738883556346e+22,2.5544718725129885,1.8461408873963914e+17
C3,Identical Layers Limit (A = B),1.7642857142857142,959081.9444593498,7,0.722770189691904,-35.934846004406964,35.934846004406964,False,3029373517185855.0,2671849891290812.5,2.5544718725129885,1.8461408873963914e+17
C3,Identical Layers Limit (A = B),1.7642857142857142,959081.9444593498,8,0.05791793032318567,-2.2182946463489595,2.2182946463489595,False,9.17623017955005,-0.5320633263664926,2.5544718725129885,1.8461408873963914e+17
C3,Identical Layers Limit (A = B),1.7642857142857142,959081.9444593498,9,2.328419935407344,0.8217680957984034,0.8217680957984034,True,-0.30212865002644285,-0.3193956510765717,2.5544718725129885,1.8461408873963914e+17
C3,Identical Layers Limit (A = B),1.8,978496.5587196606,0,0.4636476090008061,-25.758017456375082,25.758017456375082,False,137438953472.0,-68719476736.0,2.5545672988753396,1.173440645679867e+17
C3,Identical Layers Limit (A = B),1.8,978496.5587196606,1,0.22703342523154493,-120.0,120.0,False,1.2707135390279428e+52,-2.935555574310706e+51,2.5545672988753396,1.173440645679867e+17
C3,Identical Layers Limit (A = B),1.8,978496.5587196606,2,0.010967449759981634,-82.85485067958429,82.85485067958429,False,9.624503371821729e+35,1.055604896753923e+34,2.5545672988753396,1.173440645679867e+17
C3,Identical Layers Limit (A = B),1.8,978496.5587196606,3,2.6803201513154495,-80.86319654676169,80.86319654676169,False,-1.1762489823522356e+35,-5.846364807284034e+34,2.5545672988753396,1.173440645679867e+17
C3,Identical Layers Limit (A = B),1.8,978496.5587196606,5,1.8410861388532282,-65.10963411193345,65.10963411193345,False,-5.049908865038567e+27,1.822610078955101e+28,2.5545672988753396,1.173440645679867e+17
C3,Identical Layers Limit (A = B),1.8,978496.5587196606,4,1.7369274256045852,-61.3463675929067,61.3463675929067,False,-7.258390097926492e+25,-4.3288047083815186e+26,2.5545672988753396,1.173440645679867e+17
C3,Identical Layers Limit (A = B),1.8,978496.5587196606,6,1.6967439679130343,-51.174562187578225,51.174562187578225,False,-2.108002947445486e+21,-1.6648544120018393e+22,2.5545672988753396,1.173440645679867e+17
C3,Identical Layers Limit (A = B),1.8,978496.5587196606,7,1.156608815089126,-35.22916497599218,35.22916497599218,False,802675235753113.2,-1825843486513424.0,2.5545672988753396,1.173440645679867e+17
C3,Identical Layers Limit (A = B),1.8,978496.5587196606,9,2.5673230396370625,-3.7382784686947406,3.7382784686947406,False,-35.28422636849955,-22.829207217603056,2.5545672988753396,1.173440645679867e+17
C3,Identical Layers Limit (A = B),1.8,978496.5587196606,8,0.06597551950405302,-1.307396536356046,1.307396536356046,False,3.688495203878015,-0.24370408579208772,2.5545672988753396,1.173440645679867e+17
C4,Asymmetric Filling Fraction (eta = 0.2),0.05,27180.459964435016,0,0.6435011087932844,-7.847762537473608,7.847762537473608,False,2048.0,-1536.0,9.395100108354873,1.9078899208891827e+17
C4,Asymmetric Filling Fraction (eta = 0.2),0.05,27180.459964435016,1,2.333145718074627,-87.88474416151665,87.88474416151665,False,-1.0164830344770502e+38,-1.0644545866962837e+38,9.395100108354873,1.9078899208891827e+17
C4,Asymmetric Filling Fraction (eta = 0.2),0.05,27180.459964435016,2,0.19699961016233405,-49.00167405220643,49.00167405220643,False,1.873589015699455e+21,3.7394634332665846e+20,9.395100108354873,1.9078899208891827e+17
C4,Asymmetric Filling Fraction (eta = 0.2),0.05,27180.459964435016,3,3.036170596777499,-48.01957999592217,48.01957999592217,False,-7.115751923010752e+20,7.529486484748568e+19,9.395100108354873,1.9078899208891827e+17
C4,Asymmetric Filling Fraction (eta = 0.2),0.05,27180.459964435016,4,2.070246107889535,-41.03054190321856,41.03054190321856,False,-3.159522182121536e+17,5.791037543657388e+17,9.395100108354873,1.9078899208891827e+17
C4,Asymmetric Filling Fraction (eta = 0.2),0.05,27180.459964435016,5,1.8423146549891214,-31.439951105709177,31.439951105709177,False,-12096147154807.322,-43449826856589.62,9.395100108354873,1.9078899208891827e+17
C4,Asymmetric Filling Fraction (eta = 0.2),0.05,27180.459964435016,6,1.4059873810511092,-24.188142024626217,24.188142024626217,False,5245532191.792101,31539264548.964077,9.395100108354873,1.9078899208891827e+17
C4,Asymmetric Filling Fraction (eta = 0.2),0.05,27180.459964435016,7,2.2726286516845757,-6.576339130171825,6.576339130171825,False,-463.49329437520555,548.2367142645782,9.395100108354873,1.9078899208891827e+17
C4,Asymmetric Filling Fraction (eta = 0.2),0.05,27180.459964435016,8,0.014797892135346265,-0.9069299739447295,0.9069299739447295,False,2.476436127174893,0.03664870981137658,9.395100108354873,1.9078899208891827e+17
C4,Asymmetric Filling Fraction (eta = 0.2),0.05,27180.459964435016,9,0.00013494220069115544,0.03863811499390675,0.03863811499390675,True,0.9620988065313846,0.00012982773102370747,9.395100108354873,1.9078899208891827e+17
C4,Asymmetric Filling Fraction (eta = 0.2),0.08571428571428572,46595.07422474574,7,2.356194490192345,-15.595811562598769,15.595811562598769,False,-4194304.0,4194304.0,5.566316024001728,1.408049911275399e+17
C4,Asymmetric Filling Fraction (eta = 0.2),0.08571428571428572,46595.07422474574,1,2.757745895702068,-96.11934589528714,96.11934589528714,False,-5.143863496618251e+41,2.0775037971132753e+41,5.566316024001728,1.408049911275399e+17
C4,Asymmetric Filling Fraction (eta = 0.2),0.08571428571428572,46595.07422474574,3,2.96840216244117,-57.63529921344478,57.63529921344478,False,-1.0571734982196863e+25,1.8494524654773508e+24,5.566316024001728,1.408049911275399e+17
C4,Asymmetric Filling Fraction (eta = 0.2),0.08571428571428572,46595.07422474574,2,0.3271031283997518,-57.75752570012757,57.75752570012757,False,1.1484554933159972e+25,-3.8966098588961383e+24,5.566316024001728,1.408049911275399e+17
C4,Asymmetric Filling Fraction (eta = 0.2),0.08571428571428572,46595.07422474574,4,2.29126842820496,-46.88116008733086,46.88116008733086,False,-1.512173544928797e+20,1.7224826269816603e+20,5.566316024001728,1.408049911275399e+17
C4,Asymmetric Filling Fraction (eta = 0.2),0.08571428571428572,46595.07422474574,5,2.8903722695940455,-39.21173841957772,39.21173841957772,False,-1.0365505056860205e+17,2.6602268459207576e+16,5.566316024001728,1.408049911275399e+17
C4,Asymmetric Filling Fraction (eta = 0.2),0.08571428571428572,46595.07422474574,6,2.4193377574379054,-28.834447889883258,28.834447889883258,False,-2499691303730.666,2202391225927.1187,5.566316024001728,1.408049911275399e+17
C4,Asymmetric Filling Fraction (eta = 0.2),0.08571428571428572,46595.07422474574,0,0.7720560479741595,-14.136685872439584,14.136685872439584,False,987841.9043270627,-961827.6445333898,5.566316024001728,1.408049911275399e+17
C4,Asymmetric Filling Fraction (eta = 0.2),0.08571428571428572,46595.07422474574,8,7.062033558528458e-06,-0.9388973095206432,0.9388973095206432,False,2.5571601069306333,-1.8058750489974564e-05,5.566316024001728,1.408049911275399e+17
C4,Asymmetric Filling Fraction (eta = 0.2),0.08571428571428572,46595.07422474574,9,1.388462104375452e-07,0.10926526212698842,0.10926526212698842,True,0.8964925804263244,-1.2447459747757216e-07,5.566316024001728,1.408049911275399e+17
C4,Asymmetric Filling Fraction (eta = 0.2),0.12142857142857143,66009.68848505647,7,1.5707963267948966,-20.101268236238415,20.101268236238415,False,0.0,-536870912.0,3.999090683401001,1.1419971004774238e+17
C4,Asymmetric Filling Fraction (eta = 0.2),0.12142857142857143,66009.68848505647,1,0.4217789697631227,-102.75053620659003,102.75053620659003,False,3.838469767687865e+44,-1.722352052032953e+44,3.999090683401001,1.1419971004774238e+17
C4,Asymmetric Filling Fraction (eta = 0.2),0.12142857142857143,66009.68848505647,2,1.847436547612097,-64.47457009849069,64.47457009849069,False,-2.737232745947906e+27,-9.640851323910908e+27,3.999090683401001,1.1419971004774238e+17
C4,Asymmetric Filling Fraction (eta = 0.2),0.12142857142857143,66009.68848505647,3,2.493514848351067,-62.63025597096361,62.63025597096361,False,-1.2634751558529153e+27,9.566727731066695e+26,3.999090683401001,1.1419971004774238e+17
C4,Asymmetric Filling Fraction (eta = 0.2),0.12142857142857143,66009.68848505647,4,0.5719479503162914,-54.30255624345902,54.30255624345902,False,3.22120325810153e+23,-2.0735537293550818e+23,3.999090683401001,1.1419971004774238e+17
C4,Asymmetric Filling Fraction (eta = 0.2),0.12142857142857143,66009.68848505647,5,2.4459346436675578,-46.503912402020106,46.503912402020106,False,-1.2065510497671946e+20,-1.0073409855932817e+20,3.999090683401001,1.1419971004774238e+17
C4,Asymmetric Filling Fraction (eta = 0.2),0.12142857142857143,66009.68848505647,6,1.0030711946348825,-36.222931925852905,36.222931925852905,False,2897156536796677.5,-4542679900288522.0,3.999090683401001,1.1419971004774238e+17
C4,Asymmetric Filling Fraction (eta = 0.2),0.12142857142857143,66009.68848505647,0,0.3346534162215369,-21.034777288919535,21.034777288919535,False,1289735915.2246737,-448483192.2137715,3.999090683401001,1.1419971004774238e+17
C4,Asymmetric Filling Fraction (eta = 0.2),0.12142857142857143,66009.68848505647,9,1.343425620561876e-08,0.2086772619398679,0.2086772619398679,True,0.811657146029715,-1.0904010050884511e-08,3.999090683401001,1.1419971004774238e+17
C4,Asymmetric Filling Fraction (eta = 0.2),0.12142857142857143,66009.68848505647,8,3.6770680169570592e-09,-0.9979622254115804,0.9979622254115804,False,2.7127482228601543,-9.974959728336174e-09,3.999090683401001,1.1419971004774238e+17
C4,Asymmetric Filling Fraction (eta = 0.2),0.15714285714285714,85424.3027453672,0,0.4636476090008061,-27.144311817494973,27.144311817494973,False,549755813888.0,-274877906944.0,3.2185484400012445,9.532456036812403e+16
C4,Asymmetric Filling Fraction (eta = 0.2),0.15714285714285714,85424.3027453672,1,1.900900716825035,-108.45906191877616,108.45906191877616,False,-4.110618020407131e+46,-1.1996847758038135e+47,3.2185484400012445,9.532456036812403e+16
C4,Asymmetric Filling Fraction (eta = 0.2),0.15714285714285714,85424.3027453672,2,1.7424964968722594,-69.61398093106165,69.61398093106165,False,-2.9214772175132107e+29,-1.6847457552152393e+30,3.2185484400012445,9.532456036812403e+16
C4,Asymmetric Filling Fraction (eta = 0.2),0.15714285714285714,85424.3027453672,3,2.5501646017860815,-67.47370969472323,67.47370969472323,False,-1.669605696026297e+29,1.1213503961615658e+29,3.2185484400012445,9.532456036812403e+16
C4,Asymmetric Filling Fraction (eta = 0.2),0.15714285714285714,85424.3027453672,4,1.1670876955625613,-61.46305170351892,61.46305170351892,False,1.9376286014389293e+26,-4.5359482956789686e+26,3.2185484400012445,9.532456036812403e+16
C4,Asymmetric Filling Fraction (eta = 0.2),0.15714285714285714,85424.3027453672,5,0.3141430974035432,-51.85266281466691,51.85266281466691,False,3.144372137851278e+22,-1.0216122349828014e+22,3.2185484400012445,9.532456036812403e+16
C4,Asymmetric Filling Fraction (eta = 0.2),0.15714285714285714,85424.3027453672,6,2.333249022467026,-39.5381614432478,39.5381614432478,False,-1.0244553104801376e+17,1.0725812413069027e+17,3.2185484400012445,9.532456036812403e+16
C4,Asymmetric Filling Fraction (eta = 0.2),0.15714285714285714,85424.3027453672,7,2.6352031838040184,-22.554506744345925,22.554506744345925,False,-5458311631.483864,-3027332727.2085514,3.2185484400012445,9.532456036812403e+16
C4,Asymmetric Filling Fraction (eta = 0.2),0.15714285714285714,85424.3027453672,9,1.0672072920780954e-10,0.33259201528917764,0.33259201528917764,True,0.7170626850979468,-7.652545264136279e-11,3.2185484400012445,9.532456036812403e+16
C4,Asymmetric Filling Fraction (eta = 0.2),0.15714285714285714,85424.3027453672,8,1.076983209342168e-09,-1.065510672698535,1.065510672698535,False,2.90232074164601,-3.125750706878261e-09,3.2185484400012445,9.532456036812403e+16
C4,Asymmetric Filling Fraction (eta = 0.2),0.19285714285714284,104838.9170056779,0,0.0,-30.498475944637594,30.498475944637594,False,17592186044416.0,0.0,3.046626650578618,7.810082761430586e+16
C4,Asymmetric Filling Fraction (eta = 0.2),0.19285714285714284,104838.9170056779,1,2.146867609930231,-113.54800751072706,113.54800751072706,False,-1.1206169061957863e+49,-1.7251732912973054e+49,3.046626650578618,7.810082761430586e+16
C4,Asymmetric Filling Fraction (eta = 0.2),0.19285714285714284,104838.9170056779,3,2.1032818031210794,-73.56710832889246,73.56710832889246,False,-4.522473759443279e+31,7.674827674192077e+31,3.046626650578618,7.810082761430586e+16
C4,Asymmetric Filling Fraction (eta = 0.2),0.19285714285714284,104838.9170056779,2,1.7521067834308086,-73.10851395479936,73.10851395479936,False,-1.0154650197347255e+31,-5.539191094331394e+31,3.046626650578618,7.810082761430586e+16
C4,Asymmetric Filling Fraction (eta = 0.2),0.19285714285714284,104838.9170056779,4,0.6066312787603998,-67.5188123593877,67.5188123593877,False,1.7285975505106085e+29,1.1995020543594035e+29,3.046626650578618,7.810082761430586e+16
C4,Asymmetric Filling Fraction (eta = 0.2),0.19285714285714284,104838.9170056779,5,1.5689811424147826,-56.574811846452675,56.574811846452675,False,6.746043027500416e+21,-3.716446490085531e+24,3.046626650578618,7.810082761430586e+16
C4,Asymmetric Filling Fraction (eta = 0.2),0.19285714285714284,104838.9170056779,6,1.1301619808789845,-46.23241865118685,46.23241865118685,False,5.109952799046792e+19,-1.083637166290146e+20,3.046626650578618,7.810082761430586e+16
C4,Asymmetric Filling Fraction (eta = 0.2),0.19285714285714284,104838.9170056779,7,1.840527927319349,-31.371566538744705,31.371566538744705,False,-11224087475300.625,40597967094500.37,3.046626650578618,7.810082761430586e+16
C4,Asymmetric Filling Fraction (eta = 0.2),0.19285714285714284,104838.9170056779,9,0.00040656757058091697,0.4790057651843874,0.4790057651843874,True,0.6193988625411095,-0.00025182750463938197,3.046626650578618,7.810082761430586e+16
C4,Asymmetric Filling Fraction (eta = 0.2),0.19285714285714284,104838.9170056779,8,2.8492895133342267e-05,-1.1376046112179976,1.1376046112179976,False,3.1192875014181665,-8.887753169270463e-05,3.046626650578618,7.810082761430586e+16
C4,Asymmetric Filling Fraction (eta = 0.2),0.22857142857142854,124253.53126598864,0,2.498091544796509,-36.26679694043136,36.26679694043136,False,-4503599627370496.0,3377699720527872.0,3.0182874882307886,7.39831245333325e+16
C4,Asymmetric Filling Fraction (eta = 0.2),0.22857142857142854,124253.53126598864,1,1.4169503980560205,-118.18379197234417,118.18379197234417,False,3.2504251526832602e+50,2.0960842568687472e+51,3.0182874882307886,7.39831245333325e+16
C4,Asymmetric Filling Fraction (eta = 0.2),0.22857142857142854,124253.53126598864,3,1.326532983298984,-79.93297093088893,79.93297093088893,False,1.2530811782501507e+34,5.027606451538983e+34,3.0182874882307886,7.39831245333325e+16
C4,Asymmetric Filling Fraction (eta = 0.2),0.22857142857142854,124253.53126598864,2,0.7765621741688744,-79.29691115255216,79.29691115255216,False,1.9565892345027176e+34,-1.922314391837638e+34,3.0182874882307886,7.39831245333325e+16
C4,Asymmetric Filling Fraction (eta = 0.2),0.22857142857142854,124253.53126598864,4,2.1247352778018445,-69.75240353912625,69.75240353912625,False,-1.0330081096825186e+30,1.6700803875803864e+30,3.0182874882307886,7.39831245333325e+16
C4,Asymmetric Filling Fraction (eta = 0.2),0.22857142857142854,124253.53126598864,5,1.4087526667509778,-59.90573545430908,59.90573545430908,False,1.6767182510116e+25,1.0256597863359818e+26,3.0182874882307886,7.39831245333325e+16
C4,Asymmetric Filling Fraction (eta = 0.2),0.22857142857142854,124253.53126598864,6,1.6782382007764958,-50.07999824066145,50.07999824066145,False,-6.022885092338608e+20,-5.584127903097985e+21,3.0182874882307886,7.39831245333325e+16
C4,Asymmetric Filling Fraction (eta = 0.2),0.22857142857142854,124253.53126598864,7,2.4902524163231656,-32.8737531973423,32.8737531973423,False,-150454540926113.06,114694706045592.23,3.0182874882307886,7.39831245333325e+16
C4,Asymmetric Filling Fraction (eta = 0.2),0.22857142857142854,124253.53126598864,9,3.4944133536105664e-07,0.6495667692726633,0.6495667692726633,True,0.5222719920307182,1.8250342231690073e-07,3.0182874882307886,7.39831245333325e+16
C4,Asymmetric Filling Fraction (eta = 0.2),0.22857142857142854,124253.53126598864,8,2.3574815520446075e-08,-1.2117176970895913,1.2117176970895913,False,3.359249873410727,7.919369605273974e-08,3.0182874882307886,7.39831245333325e+16
C4,Asymmetric Filling Fraction (eta = 0.2),0.2642857142857143,143668.14552629937,0,1.2490457723982544,-39.27438747729401,39.27438747729401,False,3.602879701896397e+16,1.080863910568919e+17,2.988554451428471,6.03256776284663e+16
C4,Asymmetric Filling Fraction (eta = 0.2),0.2642857142857143,143668.14552629937,1,0.21214210199950784,-121.26194527433674,121.26194527433674,False,4.5034666516468274e+52,9.699696524943333e+51,2.988554451428471,6.03256776284663e+16
C4,Asymmetric Filling Fraction (eta = 0.2),0.2642857142857143,143668.14552629937,2,0.23303845784656796,-82.96692524817234,82.96692524817234,False,1.0475551806779557e+36,2.48637944521281e+35,2.988554451428471,6.03256776284663e+16
C4,Asymmetric Filling Fraction (eta = 0.2),0.2642857142857143,143668.14552629937,3,1.5705763006458784,-81.09832813520046,81.09832813520046,False,3.656206318373063e+31,1.661714426074747e+35,2.988554451428471,6.03256776284663e+16
C4,Asymmetric Filling Fraction (eta = 0.2),0.2642857142857143,143668.14552629937,4,2.693424901459798,-72.89729757898326,72.89729757898326,False,-4.1089965288592015e+31,-1.9755943250089128e+31,2.988554451428471,6.03256776284663e+16
C4,Asymmetric Filling Fraction (eta = 0.2),0.2642857142857143,143668.14552629937,5,0.28733955902325387,-63.32019358907471,63.32019358907471,False,3.0299107683210107e+27,8.953923353964196e+26,2.988554451428471,6.03256776284663e+16
C4,Asymmetric Filling Fraction (eta = 0.2),0.2642857142857143,143668.14552629937,6,0.22594284258107372,-51.60119256288042,51.60119256288042,False,2.505717832128863e+22,-5.759838882172237e+21,2.988554451428471,6.03256776284663e+16
C4,Asymmetric Filling Fraction (eta = 0.2),0.2642857142857143,143668.14552629937,7,0.6987478735204227,-39.22901204334792,39.22901204334792,False,8.336288641786547e+16,-7.00373446244905e+16,2.988554451428471,6.03256776284663e+16
C4,Asymmetric Filling Fraction (eta = 0.2),0.2642857142857143,143668.14552629937,8,0.012110982894568502,-1.4897627690986897,1.4897627690986897,False,4.435717701341089,-0.05372352788081526,2.988554451428471,6.03256776284663e+16
C4,Asymmetric Filling Fraction (eta = 0.2),0.2642857142857143,143668.14552629937,9,0.02543835193451146,-0.291635062409797,0.291635062409797,False,1.338181325906199,-0.03404847220355545,2.988554451428471,6.03256776284663e+16
C4,Asymmetric Filling Fraction (eta = 0.2),0.3,163082.75978661008,7,1.5707963267948966,-38.528560038905155,38.528560038905155,False,0.0,5.404319552844595e+16,2.958349606659846,5.527263617157404e+16
C4,Asymmetric Filling Fraction (eta = 0.2),0.3,163082.75978661008,1,1.0163048355730886,-121.26194527432159,121.26194527432159,False,2.425499491725179e+52,-3.916504209655987e+52,2.958349606659846,5.527263617157404e+16
C4,Asymmetric Filling Fraction (eta = 0.2),0.3,163082.75978661008,2,1.1586887393980747,-83.06105561386775,83.06105561386775,False,4.738113667544448e+35,-1.083891216389531e+36,2.958349606659846,5.527263617157404e+16
C4,Asymmetric Filling Fraction (eta = 0.2),0.3,163082.75978661008,3,1.7847032516317545,-82.95527976876727,82.95527976876727,False,-2.259061656478618e+35,1.0399386353778798e+36,2.958349606659846,5.527263617157404e+16
C4,Asymmetric Filling Fraction (eta = 0.2),0.3,163082.75978661008,4,0.7822879143054259,-71.71412331168635,71.71412331168635,False,9.905572989851887e+30,9.84414624545884e+30,2.958349606659846,5.527263617157404e+16
C4,Asymmetric Filling Fraction (eta = 0.2),0.3,163082.75978661008,5,1.535786111690021,-61.903523302910585,61.903523302910585,False,2.6820362047130166e+25,7.657594513435386e+26,2.958349606659846,5.527263617157404e+16
C4,Asymmetric Filling Fraction (eta = 0.2),0.3,163082.75978661008,6,1.8379099392392801,-52.31765695098094,52.31765695098094,False,-1.389277300495102e+22,5.0767819277124445e+22,2.958349606659846,5.527263617157404e+16
C4,Asymmetric Filling Fraction (eta = 0.2),0.3,163082.75978661008,0,2.1804812838706606,-39.18880793259372,39.18880793259372,False,-5.98882143995653e+16,8.574445128124285e+16,2.958349606659846,5.527263617157404e+16
C4,Asymmetric Filling Fraction (eta = 0.2),0.3,163082.75978661008,9,0.20183936023554103,1.1017820748694747,1.1017820748694747,True,0.32553299144184766,0.0666124142877218,2.958349606659846,5.527263617157404e+16
C4,Asymmetric Filling Fraction (eta = 0.2),0.3,163082.75978661008,8,0.009898538135188538,-1.3583720067594176,1.3583720067594176,False,3.8896649212760153,0.03850325409441756,2.958349606659846,5.527263617157404e+16
C4,Asymmetric Filling Fraction (eta = 0.2),0.3357142857142857,182497.37404692083,4,0.0,69.07755278982137,69.07755278982137,True,0.0,0.0,2.9284249008640315,1.4432686527494237e+17
C4,Asymmetric Filling Fraction (eta = 0.2),0.3357142857142857,182497.37404692083,1,2.9242862845322093,-121.2619452743115,121.2619452743115,False,-4.4983974386592417e+52,9.932137192202638e+51,2.9284249008640315,1.4432686527494237e+17
C4,Asymmetric Filling Fraction (eta = 0.2),0.3357142857142857,182497.37404692083,2,0.9394287751346058,-82.84251641573056,82.84251641573056,False,5.611554337670313e+35,-7.674325828056335e+35,2.9284249008640315,1.4432686527494237e+17
C4,Asymmetric Filling Fraction (eta = 0.2),0.3357142857142857,182497.37404692083,3,1.7810316016988303,-82.56577311450202,82.56577311450202,False,-1.5043929765114827e+35,7.050021626494258e+35,2.9284249008640315,1.4432686527494237e+17
C4,Asymmetric Filling Fraction (eta = 0.2),0.3357142857142857,182497.37404692083,5,1.8878448326591484,-71.47663712095557,71.47663712095557,False,-3.43347903006757e+30,-1.0464192099383533e+31,2.9284249008640315,1.4432686527494237e+17
C4,Asymmetric Filling Fraction (eta = 0.2),0.3357142857142857,182497.37404692083,6,2.5092418206170986,-63.020679701903724,63.020679701903724,False,-1.8889190816971817e+27,-1.3840515723100755e+27,2.9284249008640315,1.4432686527494237e+17
C4,Asymmetric Filling Fraction (eta = 0.2),0.3357142857142857,182497.37404692083,0,0.6929032716713501,-50.58039681404649,50.58039681404649,False,7.127487006917645e+21,-5.917444728470028e+21,2.9284249008640315,1.4432686527494237e+17
C4,Asymmetric Filling Fraction (eta = 0.2),0.3357142857142857,182497.37404692083,7,0.03886850681254952,-38.442288399433885,38.442288399433885,False,4.953881153848717e+16,-1926469876565155.0,2.9284249008640315,1.4432686527494237e+17
C4,Asymmetric Filling Fraction (eta = 0.2),0.3357142857142857,182497.37404692083,9,0.12655366261548873,1.4520369934631925,1.4520369934631925,True,0.23222086043574564,-0.029546305295770646,2.9284249008640315,1.4432686527494237e+17
C4,Asymmetric Filling Fraction (eta = 0.2),0.3357142857142857,182497.37404692083,8,0.00455156859221774,-1.4303630528947382,1.4303630528947382,False,4.180173255954574,-0.019026476691102218,2.9284249008640315,1.4432686527494237e+17
C4,Asymmetric Filling Fraction (eta = 0.2),0.3714285714285714,201911.9883072315,7,2.356194490192345,-38.46966852107696,38.46966852107696,False,-3.602879701896397e+16,-3.602879701896397e+16,2.8993500641734142,9.238542877949462e+16
C4,Asymmetric Filling Fraction (eta = 0.2),0.3714285714285714,201911.9883072315,1,1.3388909274115317,-121.26194527429226,121.26194527429226,False,1.0587777862656254e+52,-4.4834186294252714e+52,2.8993500641734142,9.238542877949462e+16
C4,Asymmetric Filling Fraction (eta = 0.2),0.3714285714285714,201911.9883072315,2,1.3516029910405476,-83.26516076561114,83.26516076561114,False,3.1545974618101453e+35,-1.4160618752661474e+36,2.8993500641734142,9.238542877949462e+16
C4,Asymmetric Filling Fraction (eta = 0.2),0.3714285714285714,201911.9883072315,3,2.040243758090927,-83.17605230514597,83.17605230514597,False,-6.003672036585518e+35,1.1835237365382046e+36,2.8993500641734142,9.238542877949462e+16
C4,Asymmetric Filling Fraction (eta = 0.2),0.3714285714285714,201911.9883072315,5,1.675917076541163,-72.24270862949966,72.24270862949966,False,-2.4859822178733504e+30,-2.3561651352374615e+31,2.8993500641734142,9.238542877949462e+16
C4,Asymmetric Filling Fraction (eta = 0.2),0.3714285714285714,201911.9883072315,6,2.520049614525097,-62.27179270664303,62.27179270664303,False,-9.002773175528617e+26,-6.448155722831055e+26,2.8993500641734142,9.238542877949462e+16
C4,Asymmetric Filling Fraction (eta = 0.2),0.3714285714285714,201911.9883072315,0,1.1196457151345713,-51.71262553263532,51.71262553263532,False,1.2531287922714094e+22,-2.586570850831509e+22,2.8993500641734142,9.238542877949462e+16
C4,Asymmetric Filling Fraction (eta = 0.2),0.3714285714285714,201911.9883072315,4,3.0429890703083102,-39.02753697344454,39.02753697344454,False,-8.857869334087218e+16,-8762593582288062.0,2.8993500641734142,9.238542877949462e+16
C4,Asymmetric Filling Fraction (eta = 0.2),0.3714285714285714,201911.9883072315,9,0.00761839351458854,1.7209490840443218,1.7209490840443218,True,0.17889108817223442,0.0013628890733752078,2.8993500641734142,9.238542877949462e+16
C4,Asymmetric Filling Fraction (eta = 0.2),0.3714285714285714,201911.9883072315,8,0.00021937453186433322,-1.5063266942391982,1.5063266942391982,False,4.5101331221103536,0.0009894083581806026,2.8993500641734142,9.238542877949462e+16
C4,Asymmetric Filling Fraction (eta = 0.2),0.4071428571428571,221326.60256754226,4,0.4636476090008061,-38.2346667064541,38.2346667064541,False,3.602879701896397e+16,1.8014398509481984e+16,2.8715226916180665,1.8369173106387338e+17
C4,Asymmetric Filling Fraction (eta = 0.2),0.4071428571428571,221326.60256754226,1,1.8557559530589984,-121.26194527429458,121.26194527429458,False,-1.2950407745832012e+52,-4.4209639672397343e+52,2.8715226916180665,1.8369173106387338e+17
C4,Asymmetric Filling Fraction (eta = 0.2),0.4071428571428571,221326.60256754226,2,0.9282694897541798,-82.7986322480062,82.7986322480062,False,5.452248110501614e+35,-7.284438820633937e+35,2.8715226916180665,1.8369173106387338e+17
C4,Asymmetric Filling Fraction (eta = 0.2),0.4071428571428571,221326.60256754226,3,2.3060039498734235,-81.42505634074416,81.42505634074416,False,-1.5452815402426687e+35,-1.7087399137540167e+35,2.8715226916180665,1.8369173106387338e+17
C4,Asymmetric Filling Fraction (eta = 0.2),0.4071428571428571,221326.60256754226,5,0.1091623276369661,-71.37388708324268,71.37388708324268,False,9.878534940444218e+30,1.0826677938686068e+30,2.8715226916180665,1.8369173106387338e+17
C4,Asymmetric Filling Fraction (eta = 0.2),0.4071428571428571,221326.60256754226,6,2.515219901367523,-65.66264301381612,65.66264301381612,False,-2.663752534059386e+28,-1.9274216394059532e+28,2.8715226916180665,1.8369173106387338e+17
C4,Asymmetric Filling Fraction (eta = 0.2),0.4071428571428571,221326.60256754226,0,1.2294159768251876,-51.52799082298629,51.52799082298629,False,8.000038879589905e+21,-2.251688164414961e+22,2.8715226916180665,1.8369173106387338e+17
C4,Asymmetric Filling Fraction (eta = 0.2),0.4071428571428571,221326.60256754226,7,1.1978086033635575,-38.4039176863931,38.4039176863931,False,1.7385497721315176e+16,-4.442960507422578e+16,2.8715226916180665,1.8369173106387338e+17
C4,Asymmetric Filling Fraction (eta = 0.2),0.4071428571428571,221326.60256754226,8,0.002603700558177683,-1.575027293104462,1.575027293104462,False,4.830857090988995,-0.012578133727762859,2.8715226916180665,1.8369173106387338e+17
C4,Asymmetric Filling Fraction (eta = 0.2),0.4071428571428571,221326.60256754226,9,0.1666580007623386,2.337576923852168,2.337576923852168,True,0.09522344126663738,-0.01601832609204935,2.8715226916180665,1.8369173106387338e+17
C4,Asymmetric Filling Fraction (eta = 0.2),0.44285714285714284,240741.21682785297,7,3.141592653589793,-38.123094930796995,38.123094930796995,False,-3.602879701896397e+16,0.0,2.8451921303770975,2.0277212331745984e+17
C4,Asymmetric Filling Fraction (eta = 0.2),0.44285714285714284,240741.21682785297,1,0.8901364595103135,-121.26194527428336,121.26194527428336,False,2.8990490102539493e+52,3.5801631028676566e+52,2.8451921303770975,2.0277212331745984e+17
C4,Asymmetric Filling Fraction (eta = 0.2),0.44285714285714284,240741.21682785297,3,1.7607069793567005,-83.35278552197313,83.35278552197313,False,-2.989444092026214e+35,1.5551619613912713e+36,2.8451921303770975,2.0277212331745984e+17
C4,Asymmetric Filling Fraction (eta = 0.2),0.44285714285714284,240741.21682785297,2,1.0346507446271909,-83.06182643741938,83.06182643741938,False,6.047363211075982e+35,-1.0177279987638316e+36,2.8451921303770975,2.0277212331745984e+17
C4,Asymmetric Filling Fraction (eta = 0.2),0.44285714285714284,240741.21682785297,5,1.654213265038909,-70.85068188537173,70.85068188537173,False,-4.906938847402993e+29,-5.868774627395273e+30,2.8451921303770975,2.0277212331745984e+17
C4,Asymmetric Filling Fraction (eta = 0.2),0.44285714285714284,240741.21682785297,6,1.4355097387630076,-63.96841988689655,63.96841988689655,False,8.1481859478206e+26,5.986117830570486e+27,2.8451921303770975,2.0277212331745984e+17
C4,Asymmetric Filling Fraction (eta = 0.2),0.44285714285714284,240741.21682785297,0,1.4177079538464927,-49.25922998070543,49.25922998070543,False,3.769261648998154e+20,2.442883109609606e+21,2.8451921303770975,2.0277212331745984e+17
C4,Asymmetric Filling Fraction (eta = 0.2),0.44285714285714284,240741.21682785297,4,0.575520655577059,-38.74801150687706,38.74801150687706,False,5.6462805774357256e+16,-3.663222459682474e+16,2.8451921303770975,2.0277212331745984e+17
C4,Asymmetric Filling Fraction (eta = 0.2),0.44285714285714284,240741.21682785297,9,0.0017031979332336564,3.435823438450062,3.435823438450062,True,0.032198838809706865,5.4841048742385615e-05,2.8451921303770975,2.0277212331745984e+17
C4,Asymmetric Filling Fraction (eta = 0.2),0.44285714285714284,240741.21682785297,8,9.014757825973409e-06,-1.644541488362169,1.644541488362169,False,5.178634897926228,4.668413947520408e-05,2.8451921303770975,2.0277212331745984e+17
C4,Asymmetric Filling Fraction (eta = 0.2),0.47857142857142854,260155.83108816372,4,1.5707963267948966,-38.123094930796995,38.123094930796995,False,0.0,3.602879701896397e+16,2.8204895419074916,1.499858836197039e+17
C4,Asymmetric Filling Fraction (eta = 0.2),0.47857142857142854,260155.83108816372,1,0.2279037501910047,-121.26194527427845,121.26194527427845,False,4.487619578445661e+52,1.0408282883991319e+52,2.8204895419074916,1.499858836197039e+17
C4,Asymmetric Filling Fraction (eta = 0.2),0.47857142857142854,260155.83108816372,3,1.4061679670424347,-83.5463472200911,83.5463472200911,False,3.1496240107350388e+35,1.8958569747033915e+36,2.8204895419074916,1.499858836197039e+17
C4,Asymmetric Filling Fraction (eta = 0.2),0.47857142857142854,260155.83108816372,2,1.370312105281375,-83.46849632833226,83.46849632833226,False,3.540579297347244e+35,-1.7422892838891006e+36,2.8204895419074916,1.499858836197039e+17
C4,Asymmetric Filling Fraction (eta = 0.2),0.47857142857142854,260155.83108816372,5,1.9348459175047523,-69.95605401682839,69.95605401682839,False,-8.571425391176365e+29,-2.2495215270762332e+30,2.8204895419074916,1.499858836197039e+17
C4,Asymmetric Filling Fraction (eta = 0.2),0.47857142857142854,260155.83108816372,6,1.5466063150195795,-63.63443216341205,63.63443216341205,False,1.046348778149094e+26,-4.3246968511148645e+27,2.8204895419074916,1.499858836197039e+17
C4,Asymmetric Filling Fraction (eta = 0.2),0.47857142857142854,260155.83108816372,0,0.20660758748068175,-50.677651360473675,50.677651360473675,False,9.992826270793006e+21,-2.094481042521861e+21,2.8204895419074916,1.499858836197039e+17
C4,Asymmetric Filling Fraction (eta = 0.2),0.47857142857142854,260155.83108816372,7,1.8942946576093986,-37.29067726746471,37.29067726746471,False,-4982024999895586.0,1.485945443355445e+16,2.8204895419074916,1.499858836197039e+17
C4,Asymmetric Filling Fraction (eta = 0.2),0.47857142857142854,260155.83108816372,8,0.010360590561004903,-1.7149062605113952,1.7149062605113952,False,5.555856455597634,-0.057564013642554576,2.8204895419074916,1.499858836197039e+17
C4,Asymmetric Filling Fraction (eta = 0.2),0.47857142857142854,260155.83108816372,9,1.7126196654861252,2.76747153430426,2.76747153430426,True,-0.008879596303699746,-0.062189919400293336,2.8204895419074916,1.499858836197039e+17
C4,Asymmetric Filling Fraction (eta = 0.2),0.5142857142857142,279570.44534847443,4,2.9441970937399127,-39.058996019247786,39.058996019247786,False,-9.007199254740992e+16,-1.8014398509481984e+16,2.797458103601596,1.1700352312707208e+17
C4,Asymmetric Filling Fraction (eta = 0.2),0.5142857142857142,279570.44534847443,1,2.1242261579560022,-121.26194527427843,121.26194527427843,False,-2.4213401293879154e+52,3.9190770577517456e+52,2.797458103601596,1.1700352312707208e+17
C4,Asymmetric Filling Fraction (eta = 0.2),0.5142857142857142,279570.44534847443,3,2.7336199249739472,-82.99074853760986,82.99074853760986,False,-1.0121206741172888e+36,4.3746192673094145e+35,2.797458103601596,1.1700352312707208e+17
C4,Asymmetric Filling Fraction (eta = 0.2),0.5142857142857142,279570.44534847443,2,0.05317851448189876,-82.6068260896667,82.6068260896667,False,7.50022627979887e+35,-3.9922729500243574e+34,2.797458103601596,1.1700352312707208e+17
C4,Asymmetric Filling Fraction (eta = 0.2),0.5142857142857142,279570.44534847443,5,2.7418285369317825,-70.52185854591251,70.52185854591251,False,-3.904682344335764e+30,-1.6497876338523955e+30,2.797458103601596,1.1700352312707208e+17
C4,Asymmetric Filling Fraction (eta = 0.2),0.5142857142857142,279570.44534847443,6,1.175758794689051,-62.716841914173514,62.716841914173514,False,6.650614363744014e+26,-1.595040277377305e+27,2.797458103601596,1.1700352312707208e+17
C4,Asymmetric Filling Fraction (eta = 0.2),0.5142857142857142,279570.44534847443,0,2.2627288986968797,-51.07624793314264,51.07624793314264,False,-9.70445918846867e+21,-1.1712011573307527e+22,2.797458103601596,1.1700352312707208e+17
C4,Asymmetric Filling Fraction (eta = 0.2),0.5142857142857142,279570.44534847443,7,2.9363012827789063,-36.85344351105485,36.85344351105485,False,-9909016934482630.0,2063303095334863.2,2.797458103601596,1.1700352312707208e+17
C4,Asymmetric Filling Fraction (eta = 0.2),0.5142857142857142,279570.44534847443,9,3.057295947205613,2.558529986750737,2.558529986750737,True,-0.0771435605751356,0.006518395157911999,2.797458103601596,1.1700352312707208e+17
C4,Asymmetric Filling Fraction (eta = 0.2),0.5142857142857142,279570.44534847443,8,0.0010774871600911452,-1.7784804130391063,1.7784804130391063,False,5.920848892087605,0.006379641126940034,2.797458103601596,1.1700352312707208e+17
C4,Asymmetric Filling Fraction (eta = 0.2),0.55,298985.0596087852,7,1.892546881191539,-38.58124029673407,38.58124029673407,False,-1.8014398509481984e+16,-5.404319552844595e+16,2.776079684123283,1.1022797343068469e+17
C4,Asymmetric Filling Fraction (eta = 0.2),0.55,298985.0596087852,1,0.03354581256839259,-121.26194527427313,121.26194527427313,False,4.604148165512662e+52,1.5450785275085838e+51,2.776079684123283,1.1022797343068469e+17
C4,Asymmetric Filling Fraction (eta = 0.2),0.55,298985.0596087852,3,1.9072292698939626,-81.81285042428598,81.81285042428598,False,-1.1208412634175916e+35,-3.204889534116527e+35,2.776079684123283,1.1022797343068469e+17
C4,Asymmetric Filling Fraction (eta = 0.2),0.55,298985.0596087852,2,0.18678638214441337,-80.55133142227503,80.55133142227503,False,9.448833479742957e+34,-1.785729414990533e+34,2.776079684123283,1.1022797343068469e+17
C4,Asymmetric Filling Fraction (eta = 0.2),0.55,298985.0596087852,5,0.4588197452542184,-74.15712895212512,74.15712895212512,False,1.440850534539139e+32,7.11750851747433e+31,2.776079684123283,1.1022797343068469e+17
C4,Asymmetric Filling Fraction (eta = 0.2),0.55,298985.0596087852,6,2.0924301683187045,-63.096289596087395,63.096289596087395,False,-1.2585166927822113e+27,-2.1897402559498952e+27,2.776079684123283,1.1022797343068469e+17
C4,Asymmetric Filling Fraction (eta = 0.2),0.55,298985.0596087852,0,1.6856100422874205,-50.01465937209672,50.01465937209672,False,-6.027396653964693e+20,-5.226630427091761e+21,2.776079684123283,1.1022797343068469e+17
C4,Asymmetric Filling Fraction (eta = 0.2),0.55,298985.0596087852,4,1.1340158915526188,-39.699751631297005,39.699751631297005,False,7.374769304049003e+16,1.579675830576726e+17,2.776079684123283,1.1022797343068469e+17
C4,Asymmetric Filling Fraction (eta = 0.2),0.55,298985.0596087852,8,0.013184124716723295,-1.840788075746251,1.840788075746251,False,6.300954706660086,-0.08307738627826802,2.776079684123283,1.1022797343068469e+17
C4,Asymmetric Filling Fraction (eta = 0.2),0.55,298985.0596087852,9,2.6042808968239872,1.8502680956157558,1.8502680956157558,True,-0.13504430641355297,-0.08045687534885373,2.776079684123283,1.1022797343068469e+17
C4,Asymmetric Filling Fraction (eta = 0.2),0.5857142857142857,318399.67386909586,7,2.0344439357957027,-38.92781388701404,38.92781388701404,False,-3.602879701896397e+16,7.205759403792794e+16,2.756296494398186,7.404761647573595e+16
C4,Asymmetric Filling Fraction (eta = 0.2),0.5857142857142857,318399.67386909586,1,0.01866998349057725,-121.26194527426865,121.26194527426865,False,4.6059370958825896e+52,8.600276238273458e+50,2.756296494398186,7.404761647573595e+16
C4,Asymmetric Filling Fraction (eta = 0.2),0.5857142857142857,318399.67386909586,3,2.3755330724402173,-82.79732626080046,82.79732626080046,False,-6.5485506296412356e+35,-6.300046007384543e+35,2.756296494398186,7.404761647573595e+16
C4,Asymmetric Filling Fraction (eta = 0.2),0.5857142857142857,318399.67386909586,2,3.1337803107360283,-81.79139775530079,81.79139775530079,False,-3.3230697653757175e+35,2.5961488502831446e+33,2.756296494398186,7.404761647573595e+16
C4,Asymmetric Filling Fraction (eta = 0.2),0.5857142857142857,318399.67386909586,5,2.667475997885929,-69.41926598959331,69.41926598959331,False,-1.2521200553395266e+30,-6.425324841023923e+29,2.756296494398186,7.404761647573595e+16
C4,Asymmetric Filling Fraction (eta = 0.2),0.5857142857142857,318399.67386909586,6,2.782322754952781,-65.33443416984164,65.33443416984164,False,-2.216825093772297e+28,-8.325719785705506e+27,2.756296494398186,7.404761647573595e+16
C4,Asymmetric Filling Fraction (eta = 0.2),0.5857142857142857,318399.67386909586,0,1.6391184207810248,-51.19162255574746,51.19162255574746,False,-1.1653662516836079e+21,1.7030397414848766e+22,2.756296494398186,7.404761647573595e+16
C4,Asymmetric Filling Fraction (eta = 0.2),0.5857142857142857,318399.67386909586,4,2.430280215540775,-39.72158239758929,39.72158239758929,False,-1.3497395414898734e+17,1.1632234847553626e+17,2.756296494398186,7.404761647573595e+16
C4,Asymmetric Filling Fraction (eta = 0.2),0.5857142857142857,318399.67386909586,8,0.043509470962190384,-1.8340293797148928,1.8340293797148928,False,6.253132535634604,0.272242301780269,2.756296494398186,7.404761647573595e+16
C4,Asymmetric Filling Fraction (eta = 0.2),0.5857142857142857,318399.67386909586,9,2.665003598549682,0.3469665148409862,0.3469665148409862,True,-0.6280634102563762,0.32425851181641097,2.756296494398186,7.404761647573595e+16
C4,Asymmetric Filling Fraction (eta = 0.2),0.6214285714285714,337814.28812940663,4,0.0,-36.7368005696771,36.7368005696771,False,9007199254740992.0,0.0,2.7380273923597356,1.0668053182704536e+17
C4,Asymmetric Filling Fraction (eta = 0.2),0.6214285714285714,337814.28812940663,1,1.8923672616538998,-121.2619452742648,121.2619452742648,False,-1.4559940629043893e+52,4.3705988485548425e+52,2.7380273923597356,1.0668053182704536e+17
C4,Asymmetric Filling Fraction (eta = 0.2),0.6214285714285714,337814.28812940663,2,2.741419318010847,-82.64532655450961,82.64532655450961,False,-7.188956131598065e+35,3.0409108576122176e+35,2.7380273923597356,1.0668053182704536e+17
C4,Asymmetric Filling Fraction (eta = 0.2),0.6214285714285714,337814.28812940663,3,0.12320707281422673,-82.47817881998884,82.47817881998884,False,6.554103178967282e+35,-8.116228366020728e+34,2.7380273923597356,1.0668053182704536e+17
C4,Asymmetric Filling Fraction (eta = 0.2),0.6214285714285714,337814.28812940663,5,1.3926082387405119,-70.59412218416135,70.59412218416135,False,8.076361249973206e+29,4.4844200048179277e+30,2.7380273923597356,1.0668053182704536e+17
C4,Asymmetric Filling Fraction (eta = 0.2),0.6214285714285714,337814.28812940663,6,0.21763633559562529,-63.181406035518414,63.181406035518414,False,2.68514943884206e+27,-5.937909047790645e+26,2.7380273923597356,1.0668053182704536e+17
C4,Asymmetric Filling Fraction (eta = 0.2),0.6214285714285714,337814.28812940663,0,2.927823858291778,-49.28559807486651,49.28559807486651,False,-2.4800690534124974e+21,5.3838738050027494e+20,2.7380273923597356,1.0668053182704536e+17
C4,Asymmetric Filling Fraction (eta = 0.2),0.6214285714285714,337814.28812940663,7,1.2215950094324393,-37.606047209564046,37.606047209564046,False,7350418744305088.0,2.0186600484796092e+16,2.7380273923597356,1.0668053182704536e+17
C4,Asymmetric Filling Fraction (eta = 0.2),0.6214285714285714,337814.28812940663,8,0.0002985668118953651,-1.9667330268924716,1.9667330268924716,False,7.147287987617253,-0.002133943051569008,2.7380273923597356,1.0668053182704536e+17
C4,Asymmetric Filling Fraction (eta = 0.2),0.6214285714285714,337814.28812940663,9,3.132475580826495,1.6024309516378208,1.6024309516378208,True,-0.20139794290611174,-0.0018362105760316245,2.7380273923597356,1.0668053182704536e+17
C4,Asymmetric Filling Fraction (eta = 0.2),0.6571428571428571,357228.90238971735,4,0.5880026035475675,-38.01927524840787,38.01927524840787,False,2.7021597764222976e+16,-1.8014398509481984e+16,2.7211794641520934,9.114331710953755e+16
C4,Asymmetric Filling Fraction (eta = 0.2),0.6571428571428571,357228.90238971735,1,0.7892187188928835,-121.26194527426456,121.26194527426456,False,3.2449880216811065e+52,-3.2698785520776985e+52,2.7211794641520934,9.114331710953755e+16
C4,Asymmetric Filling Fraction (eta = 0.2),0.6571428571428571,357228.90238971735,2,1.5379793654212266,-82.36703109107972,82.36703109107972,False,1.9389539923798836e+34,-5.906268609862558e+35,2.7211794641520934,9.114331710953755e+16
C4,Asymmetric Filling Fraction (eta = 0.2),0.6571428571428571,357228.90238971735,3,0.699536819765636,-82.27156484562298,82.27156484562298,False,4.109867465993907e+35,3.458440756151113e+35,2.7211794641520934,9.114331710953755e+16
C4,Asymmetric Filling Fraction (eta = 0.2),0.6571428571428571,357228.90238971735,5,2.0388536369500043,-73.1000448734082,73.1000448734082,False,-2.5192446305807843e+31,4.983428923759429e+31,2.7211794641520934,9.114331710953755e+16
C4,Asymmetric Filling Fraction (eta = 0.2),0.6571428571428571,357228.90238971735,6,3.0839517280897772,-62.19376181636102,62.19376181636102,False,-1.0225526986774937e+27,-5.9006247356231306e+25,2.7211794641520934,9.114331710953755e+16
C4,Asymmetric Filling Fraction (eta = 0.2),0.6571428571428571,357228.90238971735,0,2.1613641456292974,-50.10825508654888,50.10825508654888,False,-3.217091828904174e+21,4.798919758127451e+21,2.7211794641520934,9.114331710953755e+16
C4,Asymmetric Filling Fraction (eta = 0.2),0.6571428571428571,357228.90238971735,7,2.9664511516198275,-38.04826048654977,38.04826048654977,False,-3.2919584713714388e+16,5825270176879484.0,2.7211794641520934,9.114331710953755e+16
C4,Asymmetric Filling Fraction (eta = 0.2),0.6571428571428571,357228.90238971735,8,0.0006772884006194259,-2.0259689178311815,2.0259689178311815,False,7.583453391664516,-0.005136185804168773,2.7211794641520934,9.114331710953755e+16
C4,Asymmetric Filling Fraction (eta = 0.2),0.6571428571428571,357228.90238971735,9,3.1236520116010364,1.450321724613805,1.450321724613805,True,-0.23445709617771776,-0.004206762172727851,2.7211794641520934,9.114331710953755e+16
C4,Asymmetric Filling Fraction (eta = 0.2),0.6928571428571428,376643.51665002806,7,3.141592653589793,-36.7368005696771,36.7368005696771,False,-9007199254740992.0,0.0,2.7056558582426478,8.243440193373274e+16
C4,Asymmetric Filling Fraction (eta = 0.2),0.6928571428571428,376643.51665002806,1,1.8820068418841744,-121.26194527426736,121.26194527426736,False,-1.4106354929928504e+52,-4.3854487241579737e+52,2.7056558582426478,8.243440193373274e+16
C4,Asymmetric Filling Fraction (eta = 0.2),0.6928571428571428,376643.51665002806,3,0.5555323680333084,-81.64747044684623,81.64747044684623,False,2.444952900270262e+35,-1.5176878204536792e+35,2.7056558582426478,8.243440193373274e+16
C4,Asymmetric Filling Fraction (eta = 0.2),0.6928571428571428,376643.51665002806,2,2.1820412599218706,-80.75189045300759,80.75189045300759,False,-6.744148647606286e+34,-9.623863087487635e+34,2.7056558582426478,8.243440193373274e+16
C4,Asymmetric Filling Fraction (eta = 0.2),0.6928571428571428,376643.51665002806,5,1.4247711871890212,-72.76325706152859,72.76325706152859,False,5.801818303394416e+30,-3.944883412975115e+31,2.7056558582426478,8.243440193373274e+16
C4,Asymmetric Filling Fraction (eta = 0.2),0.6928571428571428,376643.51665002806,6,2.107477759692527,-63.58272932432657,63.58272932432657,False,-2.1003567760051347e+27,-3.5304410852155926e+27,2.7056558582426478,8.243440193373274e+16
C4,Asymmetric Filling Fraction (eta = 0.2),0.6928571428571428,376643.51665002806,0,2.7299453253417743,-49.723609347317606,49.723609347317606,False,-3.604160035198569e+21,-1.5735442853430278e+21,2.7056558582426478,8.243440193373274e+16
C4,Asymmetric Filling Fraction (eta = 0.2),0.6928571428571428,376643.51665002806,4,0.3945638632577745,-38.418530695894766,38.418530695894766,False,4.4692524620374424e+16,-1.860996641300863e+16,2.7056558582426478,8.243440193373274e+16
C4,Asymmetric Filling Fraction (eta = 0.2),0.6928571428571428,376643.51665002806,9,2.288175746237793,1.5451132325313093,1.5451132325313093,True,-0.1402179575023843,-0.1607189328058639,2.7056558582426478,8.243440193373274e+16
C4,Asymmetric Filling Fraction (eta = 0.2),0.6928571428571428,376643.51665002806,8,0.026837486298439545,-2.1027950251708276,2.1027950251708276,False,8.186077591588244,-0.21974650525823647,2.7056558582426478,8.243440193373274e+16
C4,Asymmetric Filling Fraction (eta = 0.2),0.7285714285714285,396058.1309103388,4,0.4636476090008061,-37.54151952589415,37.54151952589415,False,1.8014398509481984e+16,-9007199254740992.0,2.6913607313169354,5.016486204525082e+16
C4,Asymmetric Filling Fraction (eta = 0.2),0.7285714285714285,396058.1309103388,1,1.5073820441838106,-121.261945274263,121.261945274263,False,2.9193735279218095e+51,-4.597480352124377e+52,2.6913607313169354,5.016486204525082e+16
C4,Asymmetric Filling Fraction (eta = 0.2),0.7285714285714285,396058.1309103388,2,1.720990279060534,-82.13761868445364,82.13761868445364,False,-7.0296378013349485e+34,4.6451267302088526e+35,2.6913607313169354,5.016486204525082e+16
C4,Asymmetric Filling Fraction (eta = 0.2),0.7285714285714285,396058.1309103388,3,0.6246197723674781,-81.06592269034792,81.06592269034792,False,1.3049777003175143e+35,9.40766839014039e+34,2.6913607313169354,5.016486204525082e+16
C4,Asymmetric Filling Fraction (eta = 0.2),0.7285714285714285,396058.1309103388,5,1.4804646470886833,-71.01585793815664,71.01585793815664,False,6.266781150732121e+29,6.918643203227824e+30,2.6913607313169354,5.016486204525082e+16
C4,Asymmetric Filling Fraction (eta = 0.2),0.7285714285714285,396058.1309103388,6,1.9140274569471236,-63.93922473168068,63.93922473168068,False,-1.974595809712001e+27,5.525253778794521e+27,2.6913607313169354,5.016486204525082e+16
C4,Asymmetric Filling Fraction (eta = 0.2),0.7285714285714285,396058.1309103388,0,1.6239239688953684,-50.22912888667624,50.22912888667624,False,-3.4621806590147356e+20,-6.510589442121203e+21,2.6913607313169354,5.016486204525082e+16
C4,Asymmetric Filling Fraction (eta = 0.2),0.7285714285714285,396058.1309103388,7,0.8538542301494244,-37.89787928369356,37.89787928369356,False,1.889991471161031e+16,-2.1682365776907816e+16,2.6913607313169354,5.016486204525082e+16
C4,Asymmetric Filling Fraction (eta = 0.2),0.7285714285714285,396058.1309103388,8,0.0016250794409696154,-2.134393615149137,2.134393615149137,False,8.451908676237412,-0.013735035117582714,2.6913607313169354,5.016486204525082e+16
C4,Asymmetric Filling Fraction (eta = 0.2),0.7285714285714285,396058.1309103388,9,3.1090710700975737,1.1342199852577486,1.1342199852577486,True,-0.32150283889121695,-0.010459469175705805,2.6913607313169354,5.016486204525082e+16
C4,Asymmetric Filling Fraction (eta = 0.2),0.7642857142857142,415472.7451706495,7,3.141592653589793,-36.7368005696771,36.7368005696771,False,-9007199254740992.0,0.0,2.6782022517251014,1.5028222592529542e+17
C4,Asymmetric Filling Fraction (eta = 0.2),0.7642857142857142,415472.7451706495,1,0.22798237177964922,-121.26194527426439,121.26194527426439,False,4.487537732939381e+52,1.0411811089477673e+52,2.6782022517251014,1.5028222592529542e+17
C4,Asymmetric Filling Fraction (eta = 0.2),0.7642857142857142,415472.7451706495,2,2.093615714375643,-82.34462242784754,82.34462242784754,False,-2.88534892406876e+35,-5.0065783208151205e+35,2.6782022517251014,1.5028222592529542e+17
C4,Asymmetric Filling Fraction (eta = 0.2),0.7642857142857142,415472.7451706495,3,3.0026579365700146,-80.75947586123974,80.75947586123974,False,-1.1727072536138854e+35,1.6398624500469872e+34,2.6782022517251014,1.5028222592529542e+17
C4,Asymmetric Filling Fraction (eta = 0.2),0.7642857142857142,415472.7451706495,5,0.6248715622802812,-71.15137004251747,71.15137004251747,False,6.451916411496159e+30,4.6536973973610437e+30,2.6782022517251014,1.5028222592529542e+17
C4,Asymmetric Filling Fraction (eta = 0.2),0.7642857142857142,415472.7451706495,6,0.009078877776771998,-64.82869550661633,64.82869550661633,False,1.4279954665193575e+28,-1.2964952524757192e+26,2.6782022517251014,1.5028222592529542e+17
C4,Asymmetric Filling Fraction (eta = 0.2),0.7642857142857142,415472.7451706495,0,1.479239440835354,-50.44305839545248,50.44305839545248,False,7.382883194030639e+20,-8.041167161673853e+21,2.6782022517251014,1.5028222592529542e+17
C4,Asymmetric Filling Fraction (eta = 0.2),0.7642857142857142,415472.7451706495,4,2.078582350448057,-37.08509566999487,37.08509566999487,False,-6204495896578996.0,-1.1150028353909694e+16,2.6782022517251014,1.5028222592529542e+17
C4,Asymmetric Filling Fraction (eta = 0.2),0.7642857142857142,415472.7451706495,8,0.0008456454298523779,-2.196239419369616,2.196239419369616,False,8.991134729425735,0.007603313805543563,2.6782022517251014,1.5028222592529542e+17
C4,Asymmetric Filling Fraction (eta = 0.2),0.7642857142857142,415472.7451706495,9,3.123263934398315,1.218841641327978,1.218841641327978,True,-0.29552270130866554,0.0054171592375874805,2.6782022517251014,1.5028222592529542e+17
C4,Asymmetric Filling Fraction (eta = 0.2),0.8,434887.35943096026,7,2.677945044588987,-37.54151952589415,37.54151952589415,False,-1.8014398509481984e+16,-9007199254740992.0,2.666094151387804,8.595483399100464e+16
C4,Asymmetric Filling Fraction (eta = 0.2),0.8,434887.35943096026,1,3.0534420167191803,-121.2619452742556,121.2619452742556,False,-4.588853124721231e+52,-4.0556134621919694e+51,2.666094151387804,8.595483399100464e+16
C4,Asymmetric Filling Fraction (eta = 0.2),0.8,434887.35943096026,2,1.931649129583017,-82.62408703344283,82.62408703344283,False,-2.6980416174732925e+35,7.149463552803444e+35,2.666094151387804,8.595483399100464e+16
C4,Asymmetric Filling Fraction (eta = 0.2),0.8,434887.35943096026,3,0.4858642075065818,-81.52695919008976,81.52695919008976,False,2.25576699301727e+35,1.191242063902361e+35,2.666094151387804,8.595483399100464e+16
C4,Asymmetric Filling Fraction (eta = 0.2),0.8,434887.35943096026,5,0.23538695864819778,-71.69664280583868,71.69664280583868,False,1.3344800496360831e+31,-3.200521965326796e+30,2.666094151387804,8.595483399100464e+16
C4,Asymmetric Filling Fraction (eta = 0.2),0.8,434887.35943096026,6,0.2651154501176267,-63.088888791719,63.088888791719,False,2.4194218730028142e+27,6.568887917580948e+26,2.666094151387804,8.595483399100464e+16
C4,Asymmetric Filling Fraction (eta = 0.2),0.8,434887.35943096026,0,0.2808889725772419,-50.68687239812501,50.68687239812501,False,9.900707368294664e+21,-2.8565228984937323e+21,2.666094151387804,8.595483399100464e+16
C4,Asymmetric Filling Fraction (eta = 0.2),0.8,434887.35943096026,4,2.0416553872220864,-40.2027969843601,40.2027969843601,False,-1.3079036302658331e+17,2.569317553654985e+17,2.666094151387804,8.595483399100464e+16
C4,Asymmetric Filling Fraction (eta = 0.2),0.8,434887.35943096026,8,0.006372875304333433,-2.2422631162773805,2.2422631162773805,False,9.414422381681597,-0.05999775214334355,2.666094151387804,8.595483399100464e+16
C4,Asymmetric Filling Fraction (eta = 0.2),0.8,434887.35943096026,9,3.024814043764969,1.0197076798688425,1.0197076798688425,True,-0.3582436791238656,-0.04202641422216042,2.666094151387804,8.595483399100464e+16
C4,Asymmetric Filling Fraction (eta = 0.2),0.8357142857142857,454301.973691271,7,1.5707963267948966,-38.123094930796995,38.123094930796995,False,0.0,3.602879701896397e+16,2.6549564739297926,5.198623387670418e+17
C4,Asymmetric Filling Fraction (eta = 0.2),0.8357142857142857,454301.973691271,1,1.130794873062557,-121.2619452742597,121.2619452742597,False,1.962198410896692e+52,4.16795278311301e+52,2.6549564739297926,5.198623387670418e+17
C4,Asymmetric Filling Fraction (eta = 0.2),0.8357142857142857,454301.973691271,2,2.4385174802594625,-82.45698832977848,82.45698832977848,False,-4.93240174002482e+35,4.180501007284819e+35,2.6549564739297926,5.198623387670418e+17
C4,Asymmetric Filling Fraction (eta = 0.2),0.8357142857142857,454301.973691271,3,0.028321527546510666,-82.03424045489594,82.03424045489594,False,4.234905831217112e+35,1.199710804957935e+34,2.6549564739297926,5.198623387670418e+17
C4,Asymmetric Filling Fraction (eta = 0.2),0.8357142857142857,454301.973691271,5,0.8364800919108499,-71.5459271682531,71.5459271682531,False,7.909114676336779e+30,-8.761419146375585e+30,2.6549564739297926,5.198623387670418e+17
C4,Asymmetric Filling Fraction (eta = 0.2),0.8357142857142857,454301.973691271,6,2.713949880288364,-63.302822378510754,63.302822378510754,False,-2.825413474524299e+27,1.2877417207314815e+27,2.6549564739297926,5.198623387670418e+17
C4,Asymmetric Filling Fraction (eta = 0.2),0.8357142857142857,454301.973691271,0,0.9407238735366809,-49.43039719722495,49.43039719722495,False,1.728279235267256e+21,2.3700196292394557e+21,2.6549564739297926,5.198623387670418e+17
C4,Asymmetric Filling Fraction (eta = 0.2),0.8357142857142857,454301.973691271,4,1.0233234904956083,-38.57496233499353,38.57496233499353,False,2.9467273786578492e+16,-4.833605018355616e+16,2.6549564739297926,5.198623387670418e+17
C4,Asymmetric Filling Fraction (eta = 0.2),0.8357142857142857,454301.973691271,8,0.0022571855834293774,-2.3065459452853974,2.3065459452853974,False,10.039661492812428,0.02266141766988595,2.6549564739297926,5.198623387670418e+17
C4,Asymmetric Filling Fraction (eta = 0.2),0.8357142857142857,454301.973691271,9,3.090948500207101,1.2390233038748772,1.2390233038748772,True,-0.2892956025049972,0.01466366961825434,2.6549564739297926,5.198623387670418e+17
C4,Asymmetric Filling Fraction (eta = 0.2),0.8714285714285714,473716.58795158175,7,2.158798930342464,-38.01927524840787,38.01927524840787,False,-1.8014398509481984e+16,-2.7021597764222976e+16,2.6447156852700737,3.237985778987459e+17
C4,Asymmetric Filling Fraction (eta = 0.2),0.8714285714285714,473716.58795158175,1,0.13928034138381587,-121.26194527425885,121.26194527425885,False,4.5621290362838017e+52,6.395558320000525e+51,2.6447156852700737,3.237985778987459e+17
C4,Asymmetric Filling Fraction (eta = 0.2),0.8714285714285714,473716.58795158175,2,1.714958932867363,-82.79197703360657,82.79197703360657,False,-1.2985122147653696e+35,8.944789246492365e+35,2.6447156852700737,3.237985778987459e+17
C4,Asymmetric Filling Fraction (eta = 0.2),0.8714285714285714,473716.58795158175,3,0.9789363563945037,-82.0059836689217,82.0059836689217,False,2.2977718217396237e+35,-3.4180174210462126e+35,2.6447156852700737,3.237985778987459e+17
C4,Asymmetric Filling Fraction (eta = 0.2),0.8714285714285714,473716.58795158175,5,2.71721469398845,-71.50862333110965,71.50862333110965,False,-1.0362380283948442e+31,4.682074794264596e+30,2.6447156852700737,3.237985778987459e+17
C4,Asymmetric Filling Fraction (eta = 0.2),0.8714285714285714,473716.58795158175,6,0.39263590279845983,-62.55282193320253,62.55282193320253,False,1.355102365092994e+27,-5.612014777538155e+26,2.6447156852700737,3.237985778987459e+17
C4,Asymmetric Filling Fraction (eta = 0.2),0.8714285714285714,473716.58795158175,0,0.5744357701388563,-50.93839762082895,50.93839762082895,False,1.1124620266698908e+22,7.200350415247589e+21,2.6447156852700737,3.237985778987459e+17
C4,Asymmetric Filling Fraction (eta = 0.2),0.8714285714285714,473716.58795158175,4,1.197277534850255,-38.358277556737605,38.358277556737605,False,1.6632396316282912e+16,-4.243858306822204e+16,2.6447156852700737,3.237985778987459e+17
C4,Asymmetric Filling Fraction (eta = 0.2),0.8714285714285714,473716.58795158175,9,3.0659535963236912,1.0203609746853068,1.0203609746853068,True,-0.3594341318781482,0.027239226337848588,2.6447156852700737,3.237985778987459e+17
C4,Asymmetric Filling Fraction (eta = 0.2),0.8714285714285714,473716.58795158175,8,0.004055523870474063,-2.347703502400168,2.347703502400168,False,10.461431236195674,0.04242681669979406,2.6447156852700737,3.237985778987459e+17
C4,Asymmetric Filling Fraction (eta = 0.2),0.9071428571428571,493131.20221189247,7,2.0344439357957027,-38.2346667064541,38.2346667064541,False,-1.8014398509481984e+16,3.602879701896397e+16,2.6353044984704317,7.670115844969739e+16
C4,Asymmetric Filling Fraction (eta = 0.2),0.9071428571428571,493131.20221189247,1,0.18777416304423966,-121.26194527425363,121.26194527425363,False,4.5257634683507225e+52,8.599523441852406e+51,2.6353044984704317,7.670115844969739e+16
C4,Asymmetric Filling Fraction (eta = 0.2),0.9071428571428571,493131.20221189247,2,1.2813717644411784,-82.48425193629627,82.48425193629627,False,1.8963155118515302e+35,-6.368043331585183e+35,2.6353044984704317,7.670115844969739e+16
C4,Asymmetric Filling Fraction (eta = 0.2),0.9071428571428571,493131.20221189247,3,2.4227658017531146,-81.38247234955668,81.38247234955668,False,-1.661539332456075e+35,-1.4538376814082466e+35,2.6353044984704317,7.670115844969739e+16
C4,Asymmetric Filling Fraction (eta = 0.2),0.9071428571428571,493131.20221189247,5,1.2879576577325398,-69.51719697435581,69.51719697435581,False,4.3317948551811334e+29,-1.490483203279383e+30,2.6353044984704317,7.670115844969739e+16
C4,Asymmetric Filling Fraction (eta = 0.2),0.9071428571428571,493131.20221189247,6,3.1320859131164065,-65.36275943524933,65.36275943524933,False,-2.4359373757040443e+28,2.3158522118965834e+26,2.6353044984704317,7.670115844969739e+16
C4,Asymmetric Filling Fraction (eta = 0.2),0.9071428571428571,493131.20221189247,0,0.39458806342565295,-49.51914603758198,49.51914603758198,False,2.9591467292112826e+21,-1.2322726718950353e+21,2.6353044984704317,7.670115844969739e+16
C4,Asymmetric Filling Fraction (eta = 0.2),0.9071428571428571,493131.20221189247,4,0.1477658249652197,-33.22017219511204,33.22017219511204,False,264593251585411.1,39384911323500.0,2.6353044984704317,7.670115844969739e+16
C4,Asymmetric Filling Fraction (eta = 0.2),0.9071428571428571,493131.20221189247,8,8.472822575832274e-05,-2.4020805287485087,2.4020805287485087,False,11.046134250365945,0.0009359193587613621,2.6353044984704317,7.670115844969739e+16
C4,Asymmetric Filling Fraction (eta = 0.2),0.9071428571428571,493131.20221189247,9,3.1398655763012036,1.1084842030670692,1.1084842030670692,True,-0.3300583920839257,0.0005700369196446884,2.6353044984704317,7.670115844969739e+16
C4,Asymmetric Filling Fraction (eta = 0.2),0.9428571428571428,512545.8164722032,7,2.677945044588987,-38.64013181456226,38.64013181456226,False,-5.404319552844595e+16,-2.7021597764222976e+16,2.62666153473053,8.729808366201157e+16
C4,Asymmetric Filling Fraction (eta = 0.2),0.9428571428571428,512545.8164722032,1,1.2154271052879912,-121.26194527425957,121.26194527425957,False,1.602853163973512e+52,4.318902029534795e+52,2.62666153473053,8.729808366201157e+16
C4,Asymmetric Filling Fraction (eta = 0.2),0.9428571428571428,512545.8164722032,3,2.8590916029765014,-82.23611127483166,82.23611127483166,False,-4.9787918475938586e+35,-1.4451647162898299e+35,2.62666153473053,8.729808366201157e+16
C4,Asymmetric Filling Fraction (eta = 0.2),0.9428571428571428,512545.8164722032,2,0.6159104207840681,-81.65793250340899,81.65793250340899,False,2.3736218513424443e+35,1.6799380958694724e+35,2.62666153473053,8.729808366201157e+16
C4,Asymmetric Filling Fraction (eta = 0.2),0.9428571428571428,512545.8164722032,5,3.0736278843046834,-70.59928712250185,70.59928712250185,False,-4.5695875421014113e+30,-3.1105004572521335e+29,2.62666153473053,8.729808366201157e+16
C4,Asymmetric Filling Fraction (eta = 0.2),0.9428571428571428,512545.8164722032,6,0.5870743234401186,-63.087158582317535,63.087158582317535,False,2.0836411428519856e+27,-1.3863019741117013e+27,2.62666153473053,8.729808366201157e+16
C4,Asymmetric Filling Fraction (eta = 0.2),0.9428571428571428,512545.8164722032,0,1.0487638104624664,-49.753321806645175,49.753321806645175,False,2.0201462652963167e+21,-3.511686699743603e+21,2.62666153473053,8.729808366201157e+16
C4,Asymmetric Filling Fraction (eta = 0.2),0.9428571428571428,512545.8164722032,4,1.88604263256954,-36.877726309121556,36.877726309121556,False,-3215330981422806.0,9859291106030296.0,2.62666153473053,8.729808366201157e+16
C4,Asymmetric Filling Fraction (eta = 0.2),0.9428571428571428,512545.8164722032,8,0.002361357190030101,-2.4445656320008844,2.4445656320008844,False,11.525510051448354,-0.027215896614120983,2.62666153473053,8.729808366201157e+16
C4,Asymmetric Filling Fraction (eta = 0.2),0.9428571428571428,512545.8164722032,9,3.0975617627296557,0.995191068687668,0.995191068687668,True,-0.36929454008003393,-0.016270883841235827,2.62666153473053,8.729808366201157e+16
C4,Asymmetric Filling Fraction (eta = 0.2),0.9785714285714285,531960.4307325139,7,1.1071487177940904,-36.848372345334205,36.848372345334205,False,4503599627370496.0,9007199254740992.0,2.6187308424047884,6.510640820864614e+16
C4,Asymmetric Filling Fraction (eta = 0.2),0.9785714285714285,531960.4307325139,1,3.1160834863662945,-121.26194527425476,121.26194527425476,False,-4.6052411920797154e+52,-1.1750135551285836e+51,2.6187308424047884,6.510640820864614e+16
C4,Asymmetric Filling Fraction (eta = 0.2),0.9785714285714285,531960.4307325139,2,0.2314042379240805,-82.87268399742858,82.87268399742858,False,9.537099133407283e+35,-2.247179680676674e+35,2.6187308424047884,6.510640820864614e+16
C4,Asymmetric Filling Fraction (eta = 0.2),0.9785714285714285,531960.4307325139,3,2.9590673978647284,-82.57584601746888,82.57584601746888,False,-7.160764182606555e+35,-1.3217310476690727e+35,2.6187308424047884,6.510640820864614e+16
C4,Asymmetric Filling Fraction (eta = 0.2),0.9785714285714285,531960.4307325139,5,2.136023771715607,-69.5229328282311,69.5229328282311,False,-8.361285766566439e+29,1.3182830666341022e+30,2.6187308424047884,6.510640820864614e+16
C4,Asymmetric Filling Fraction (eta = 0.2),0.9785714285714285,531960.4307325139,6,0.9648151382929976,-63.58559910177549,63.58559910177549,False,2.3465025696770356e+27,3.3862331518727994e+27,2.6187308424047884,6.510640820864614e+16
C4,Asymmetric Filling Fraction (eta = 0.2),0.9785714285714285,531960.4307325139,0,0.24375479907721712,-49.15212639935212,49.15212639935212,False,2.155089612061225e+21,-5.3597087604487494e+20,2.6187308424047884,6.510640820864614e+16
C4,Asymmetric Filling Fraction (eta = 0.2),0.9785714285714285,531960.4307325139,4,0.8144387889982434,-36.00150579499545,36.00150579499545,False,2963156277294868.5,-3140458927263297.5,2.6187308424047884,6.510640820864614e+16
C4,Asymmetric Filling Fraction (eta = 0.2),0.9785714285714285,531960.4307325139,8,0.0004039177225130933,-2.4958947509149105,2.4958947509149105,False,12.132583314684178,0.004900565687175916,2.6187308424047884,6.510640820864614e+16
C4,Asymmetric Filling Fraction (eta = 0.2),0.9785714285714285,531960.4307325139,9,3.133305307427809,1.0885078107133241,1.0885078107133241,True,-0.3367070039902515,0.002790471380814854,2.6187308424047884,6.510640820864614e+16
C4,Asymmetric Filling Fraction (eta = 0.2),1.0142857142857142,551375.0449928246,4,1.5707963267948966,-36.7368005696771,36.7368005696771,False,0.0,9007199254740992.0,2.6114614344892493,3.07305499898195e+17
C4,Asymmetric Filling Fraction (eta = 0.2),1.0142857142857142,551375.0449928246,1,0.29053605292242524,-121.26194527426226,121.26194527426226,False,4.4136735664757503e+52,-1.3196736925040142e+52,2.6114614344892493,3.07305499898195e+17
C4,Asymmetric Filling Fraction (eta = 0.2),1.0142857142857142,551375.0449928246,3,2.2584173840058672,-83.03921954452751,83.03921954452751,False,-7.345878838810692e+35,8.94372434111932e+35,2.6114614344892493,3.07305499898195e+17
C4,Asymmetric Filling Fraction (eta = 0.2),1.0142857142857142,551375.0449928246,2,1.6780457253678498,-82.08892722092799,82.08892722092799,False,-4.78994017800115e+34,-4.449032647460677e+35,2.6114614344892493,3.07305499898195e+17
C4,Asymmetric Filling Fraction (eta = 0.2),1.0142857142857142,551375.0449928246,5,1.3637395008173576,-70.84449387772281,70.84449387772281,False,1.2032466262286817e+30,-5.727905192281884e+30,2.6114614344892493,3.07305499898195e+17
C4,Asymmetric Filling Fraction (eta = 0.2),1.0142857142857142,551375.0449928246,6,2.3822098753463123,-62.35246243455412,62.35246243455412,False,-8.706121960527495e+26,-8.264524429443291e+26,2.6114614344892493,3.07305499898195e+17
C4,Asymmetric Filling Fraction (eta = 0.2),1.0142857142857142,551375.0449928246,0,0.948793089651055,-49.654106710628376,49.654106710628376,False,2.1375831693169713e+21,-2.9815471881504403e+21,2.6114614344892493,3.07305499898195e+17
C4,Asymmetric Filling Fraction (eta = 0.2),1.0142857142857142,551375.0449928246,7,1.8050867592044952,-38.97358309749797,38.97358309749797,False,-1.957880233592899e+16,8.203170894901147e+16,2.6114614344892493,3.07305499898195e+17
C4,Asymmetric Filling Fraction (eta = 0.2),1.0142857142857142,551375.0449928246,8,0.0018656043573254317,-2.539414915731933,2.539414915731933,False,12.672232411921389,0.02364139943253043,2.6114614344892493,3.07305499898195e+17
C4,Asymmetric Filling Fraction (eta = 0.2),1.0142857142857142,551375.0449928246,9,3.103868556897073,1.057754775181243,1.057754775181243,True,-0.3469875086706441,0.0130960032577525,2.6114614344892493,3.07305499898195e+17
C4,Asymmetric Filling Fraction (eta = 0.2),1.05,570789.6592531353,4,2.356194490192345,-37.77652134051702,37.77652134051702,False,-1.8014398509481984e+16,1.8014398509481984e+16,2.6048068298480205,1.3204724025877464e+17
C4,Asymmetric Filling Fraction (eta = 0.2),1.05,570789.6592531353,1,2.920071808434599,-121.26194527425965,121.26194527425965,False,-4.4941716255597624e+52,-1.012163230905046e+52,2.6048068298480205,1.3204724025877464e+17
C4,Asymmetric Filling Fraction (eta = 0.2),1.05,570789.6592531353,3,3.0094930733533825,-82.93967958357943,82.93967958357943,False,-1.0385916279037416e+36,-1.3800117407331095e+35,2.6048068298480205,1.3204724025877464e+17
C4,Asymmetric Filling Fraction (eta = 0.2),1.05,570789.6592531353,2,0.6436893963972593,-83.22138483013542,83.22138483013542,False,1.110751360446379e+36,-8.333903488548882e+35,2.6048068298480205,1.3204724025877464e+17
C4,Asymmetric Filling Fraction (eta = 0.2),1.05,570789.6592531353,5,1.9542873844303088,-70.66730960734935,70.66730960734935,False,-1.8343416649646954e+30,4.546454833600813e+30,2.6048068298480205,1.3204724025877464e+17
C4,Asymmetric Filling Fraction (eta = 0.2),1.05,570789.6592531353,6,2.423150803691321,-61.59242333246197,61.59242333246197,False,-4.2261780272948934e+26,-3.69501044378564e+26,2.6048068298480205,1.3204724025877464e+17
C4,Asymmetric Filling Fraction (eta = 0.2),1.05,570789.6592531353,0,0.8725441481535184,-50.5295140241709,50.5295140241709,False,5.660032944587717e+21,6.743714425478854e+21,2.6048068298480205,1.3204724025877464e+17
C4,Asymmetric Filling Fraction (eta = 0.2),1.05,570789.6592531353,7,0.9026805660539855,-38.68263585609065,38.68263585609065,False,3.905729854189989e+16,-4.949024698598548e+16,2.6048068298480205,1.3204724025877464e+17
C4,Asymmetric Filling Fraction (eta = 0.2),1.05,570789.6592531353,8,0.004079221356497481,-2.5901517435627825,2.5901517435627825,False,13.331683543015478,-0.05438318987334561,2.6048068298480205,1.3204724025877464e+17
C4,Asymmetric Filling Fraction (eta = 0.2),1.05,570789.6592531353,9,3.0452176960124233,1.2133076895274095,1.2133076895274095,True,-0.2958333580577821,-0.02859952760955805,2.6048068298480205,1.3204724025877464e+17
C4,Asymmetric Filling Fraction (eta = 0.2),1.0857142857142856,590204.273513446,7,0.7853981633974483,-37.77652134051702,37.77652134051702,False,1.8014398509481984e+16,-1.8014398509481984e+16,2.5987245697777537,1.215329131207153e+17
C4,Asymmetric Filling Fraction (eta = 0.2),1.0857142857142856,590204.273513446,1,1.51977051500273,-121.2619452742628,121.2619452742628,False,2.3496065633058427e+51,4.6007441241709227e+52,2.5987245697777537,1.215329131207153e+17
C4,Asymmetric Filling Fraction (eta = 0.2),1.0857142857142856,590204.273513446,3,1.319002150484208,-82.66240221441919,82.66240221441919,False,1.978208296851431e+35,-7.68970994971696e+35,2.5987245697777537,1.215329131207153e+17
C4,Asymmetric Filling Fraction (eta = 0.2),1.0857142857142856,590204.273513446,2,0.8716438878557717,-81.78739277859002,81.78739277859002,False,2.1301423563969533e+35,2.533348748033797e+35,2.5987245697777537,1.215329131207153e+17
C4,Asymmetric Filling Fraction (eta = 0.2),1.0857142857142856,590204.273513446,5,2.0237887541211865,-71.8050880690225,71.8050880690225,False,-6.694042982978756e+30,-1.3752496702743197e+31,2.5987245697777537,1.215329131207153e+17
C4,Asymmetric Filling Fraction (eta = 0.2),1.0857142857142856,590204.273513446,6,1.9189222464675824,-62.0597804511544,62.0597804511544,False,-3.055967288061974e+26,8.420819772070949e+26,2.5987245697777537,1.215329131207153e+17
C4,Asymmetric Filling Fraction (eta = 0.2),1.0857142857142856,590204.273513446,0,0.12231265377280578,-48.57035771934731,48.57035771934731,False,1.2319174376792523e+21,1.514350207051521e+20,2.5987245697777537,1.215329131207153e+17
C4,Asymmetric Filling Fraction (eta = 0.2),1.0857142857142856,590204.273513446,4,2.8729620706306562,-38.63180198962794,38.63180198962794,False,-5.7771866060448904e+16,-1.5903692669123906e+16,2.5987245697777537,1.215329131207153e+17
C4,Asymmetric Filling Fraction (eta = 0.2),1.0857142857142856,590204.273513446,8,0.00040364026845285134,-2.6330378667127143,2.6330378667127143,False,13.91597951511038,0.005617050012317035,2.5987245697777537,1.215329131207153e+17
C4,Asymmetric Filling Fraction (eta = 0.2),1.0857142857142856,590204.273513446,9,3.1317008003918083,1.2395487465360306,1.2395487465360306,True,-0.28950066881968933,0.0028637915234415983,2.5987245697777537,1.215329131207153e+17
C4,Asymmetric Filling Fraction (eta = 0.2),1.1214285714285714,609618.8877737568,4,1.373400766945016,-38.36584883868784,38.36584883868784,False,9007199254740992.0,-4.503599627370496e+16,2.5931758380094956,5.517990233625927e+16
C4,Asymmetric Filling Fraction (eta = 0.2),1.1214285714285714,609618.8877737568,1,0.42413100280233007,-121.26194527426397,121.26194527426397,False,4.1985675668459984e+52,1.8958067920531263e+52,2.5931758380094956,5.517990233625927e+16
C4,Asymmetric Filling Fraction (eta = 0.2),1.1214285714285714,609618.8877737568,3,2.220705265120846,-81.89325466437126,81.89325466437126,False,-2.2265156010289373e+35,2.929391740572074e+35,2.5931758380094956,5.517990233625927e+16
C4,Asymmetric Filling Fraction (eta = 0.2),1.1214285714285714,609618.8877737568,2,0.8812761577062929,-81.79526933496203,81.79526933496203,False,2.122292714807957e+35,-2.57394318876938e+35,2.5931758380094956,5.517990233625927e+16
C4,Asymmetric Filling Fraction (eta = 0.2),1.1214285714285714,609618.8877737568,5,0.38302182666643075,-70.57494466094876,70.57494466094876,False,4.146116099258384e+30,-1.6705566915727775e+30,2.5931758380094956,5.517990233625927e+16
C4,Asymmetric Filling Fraction (eta = 0.2),1.1214285714285714,609618.8877737568,6,0.8579983257673226,-63.12354872507955,63.12354872507955,False,1.697287847140526e+27,1.9635318905300318e+27,2.5931758380094956,5.517990233625927e+16
C4,Asymmetric Filling Fraction (eta = 0.2),1.1214285714285714,609618.8877737568,0,1.224504754713994,-47.13686090474371,47.13686090474371,False,1.0046287465299403e+20,2.7842039231505698e+20,2.5931758380094956,5.517990233625927e+16
C4,Asymmetric Filling Fraction (eta = 0.2),1.1214285714285714,609618.8877737568,7,0.8316293765629168,-35.51871760069337,35.51871760069337,False,1794865357960607.2,1968997374876990.5,2.5931758380094956,5.517990233625927e+16
C4,Asymmetric Filling Fraction (eta = 0.2),1.1214285714285714,609618.8877737568,8,0.0001109139946868661,-2.672363020899163,2.672363020899163,False,14.47413139997245,0.0016053837397766437,2.5931758380094956,5.517990233625927e+16
C4,Asymmetric Filling Fraction (eta = 0.2),1.1214285714285714,609618.8877737568,9,3.1389154708434464,1.2082548100595534,1.2082548100595534,True,-0.2987170741926739,0.0007997221076867836,2.5931758380094956,5.517990233625927e+16
C4,Asymmetric Filling Fraction (eta = 0.2),1.157142857142857,629033.5020340674,7,2.0344439357957027,-37.54151952589415,37.54151952589415,False,-9007199254740992.0,-1.8014398509481984e+16,2.588125061131676,3.4349741238104736e+17
C4,Asymmetric Filling Fraction (eta = 0.2),1.157142857142857,629033.5020340674,1,0.040747278442071405,-121.26194527425632,121.26194527425632,False,4.6029161044209556e+52,1.8766017559280864e+51,2.588125061131676,3.4349741238104736e+17
C4,Asymmetric Filling Fraction (eta = 0.2),1.157142857142857,629033.5020340674,3,1.8616333738989075,-83.10759637713346,83.10759637713346,False,-3.553696453441833e+35,1.1872383503932572e+36,2.588125061131676,3.4349741238104736e+17
C4,Asymmetric Filling Fraction (eta = 0.2),1.157142857142857,629033.5020340674,2,1.3477363378563598,-82.73682331824818,82.73682331824818,False,1.892169595573532e+35,-8.341625503464028e+35,2.588125061131676,3.4349741238104736e+17
C4,Asymmetric Filling Fraction (eta = 0.2),1.157142857142857,629033.5020340674,5,2.6284930810792884,-69.89821500822173,69.89821500822173,False,-1.979431545706928e+30,1.1152813491373632e+30,2.588125061131676,3.4349741238104736e+17
C4,Asymmetric Filling Fraction (eta = 0.2),1.157142857142857,629033.5020340674,6,0.6402757877971116,-62.30035019532777,62.30035019532777,False,9.137667014944138e+26,-6.807311369417106e+26,2.588125061131676,3.4349741238104736e+17
C4,Asymmetric Filling Fraction (eta = 0.2),1.157142857142857,629033.5020340674,0,2.9768222845446437,-48.8061695921093,48.8061695921093,False,-1.549986358604231e+21,-2.5772843678913924e+20,2.588125061131676,3.4349741238104736e+17
C4,Asymmetric Filling Fraction (eta = 0.2),1.157142857142857,629033.5020340674,4,3.057259440287444,-41.479649542820034,41.479649542820034,False,-1.0299987620314812e+18,-8.706961891616376e+16,2.588125061131676,3.4349741238104736e+17
C4,Asymmetric Filling Fraction (eta = 0.2),1.157142857142857,629033.5020340674,8,0.0015335249066805753,-2.7125412956382187,2.7125412956382187,False,15.067500202106041,0.02310640495444742,2.588125061131676,3.4349741238104736e+17
C4,Asymmetric Filling Fraction (eta = 0.2),1.157142857142857,629033.5020340674,9,3.1033577923103404,1.2286292534819252,1.2286292534819252,True,-0.2924795925052569,0.01118836928752054,2.588125061131676,3.4349741238104736e+17
C4,Asymmetric Filling Fraction (eta = 0.2),1.1928571428571428,648448.1162943783,7,0.7853981633974483,-37.083374159957074,37.083374159957074,False,9007199254740992.0,-9007199254740992.0,2.583539578992384,4.709030848989904e+16
C4,Asymmetric Filling Fraction (eta = 0.2),1.1928571428571428,648448.1162943783,1,0.3368870385689338,-121.26194527425253,121.26194527425253,False,4.3477869401503454e+52,1.5227612185561922e+52,2.583539578992384,4.709030848989904e+16
C4,Asymmetric Filling Fraction (eta = 0.2),1.1928571428571428,648448.1162943783,2,0.183433798124233,-83.43013956333085,83.43013956333085,False,1.6822918031523948e+36,3.120975341282298e+35,2.583539578992384,4.709030848989904e+16
C4,Asymmetric Filling Fraction (eta = 0.2),1.1928571428571428,648448.1162943783,3,2.6377050856565534,-83.12407236898578,83.12407236898578,False,-1.1032839781721978e+36,-6.083078206858477e+35,2.583539578992384,4.709030848989904e+16
C4,Asymmetric Filling Fraction (eta = 0.2),1.1928571428571428,648448.1162943783,5,1.879928721259239,-68.09747735617488,68.09747735617488,False,-1.141731354352746e+29,3.574935897889915e+29,2.583539578992384,4.709030848989904e+16
C4,Asymmetric Filling Fraction (eta = 0.2),1.1928571428571428,648448.1162943783,6,3.0215265496302437,-62.63860236679342,62.63860236679342,False,-1.5865780645078528e+27,1.9141493626944932e+26,2.583539578992384,4.709030848989904e+16
C4,Asymmetric Filling Fraction (eta = 0.2),1.1928571428571428,648448.1162943783,0,1.0149030948178193,-49.501916589121805,49.501916589121805,False,1.6626397629031876e+21,2.6763106131337093e+21,2.583539578992384,4.709030848989904e+16
C4,Asymmetric Filling Fraction (eta = 0.2),1.1928571428571428,648448.1162943783,4,0.6112407971897478,-37.569877981586664,37.569877981586664,False,1.6968402637816628e+16,-1.1890903016703496e+16,2.583539578992384,4.709030848989904e+16
C4,Asymmetric Filling Fraction (eta = 0.2),1.1928571428571428,648448.1162943783,8,0.002500888735078776,-2.7533466660526438,2.7533466660526438,False,15.695021165243382,0.03925158346129724,2.583539578992384,4.709030848989904e+16
C4,Asymmetric Filling Fraction (eta = 0.2),1.1928571428571428,648448.1162943783,9,3.074159853055306,1.2983689875528466,1.2983689875528466,True,-0.2723562562620895,0.018393633294468227,2.583539578992384,4.709030848989904e+16
C4,Asymmetric Filling Fraction (eta = 0.2),1.2285714285714286,667862.730554689,4,2.0344439357957027,-37.54151952589415,37.54151952589415,False,-9007199254740992.0,1.8014398509481984e+16,2.5793893383300173,7.32032149521792e+16
C4,Asymmetric Filling Fraction (eta = 0.2),1.2285714285714286,667862.730554689,1,1.2822507799118694,-121.26194527425557,121.26194527425557,False,1.3108856400585752e+52,4.4162916394298076e+52,2.5793893383300173,7.32032149521792e+16
C4,Asymmetric Filling Fraction (eta = 0.2),1.2285714285714286,667862.730554689,3,2.1101098748226996,-82.9299545206292,82.9299545206292,False,-5.328462447954724e+35,-8.903074405857531e+35,2.5793893383300173,7.32032149521792e+16
C4,Asymmetric Filling Fraction (eta = 0.2),1.2285714285714286,667862.730554689,2,0.9745873117852195,-80.56711283416294,80.56711283416294,False,5.4854177007909475e+34,8.083601670025768e+34,2.5793893383300173,7.32032149521792e+16
C4,Asymmetric Filling Fraction (eta = 0.2),1.2285714285714286,667862.730554689,5,0.7061567754604648,-72.68537150742537,72.68537150742537,False,2.8064759188050654e+31,2.393553717721104e+31,2.5793893383300173,7.32032149521792e+16
C4,Asymmetric Filling Fraction (eta = 0.2),1.2285714285714286,667862.730554689,6,2.6170614589351624,-61.992681576070325,61.992681576070325,False,-7.250636149634162e+26,4.1951757657272296e+26,2.5793893383300173,7.32032149521792e+16
C4,Asymmetric Filling Fraction (eta = 0.2),1.2285714285714286,667862.730554689,0,2.446814974167146,-46.566439127581866,46.566439127581866,False,-1.2853447464050739e+20,1.07120644289165e+20,2.5793893383300173,7.32032149521792e+16
C4,Asymmetric Filling Fraction (eta = 0.2),1.2285714285714286,667862.730554689,7,0.004326404194176448,-36.83054452221462,36.83054452221462,False,9892320691264910.0,-42798444759688.36,2.5793893383300173,7.32032149521792e+16
C4,Asymmetric Filling Fraction (eta = 0.2),1.2285714285714286,667862.730554689,8,0.0001965667527398242,-2.7926021212656797,2.7926021212656797,False,16.32343984180369,0.00320864560457296,2.5793893383300173,7.32032149521792e+16
C4,Asymmetric Filling Fraction (eta = 0.2),1.2285714285714286,667862.730554689,9,3.1358668058577064,1.3678617803856945,1.3678617803856945,True,-0.2546467029430488,0.0014580841811561674,2.5793893383300173,7.32032149521792e+16
C4,Asymmetric Filling Fraction (eta = 0.2),1.2642857142857142,687277.3448149996,4,1.5707963267948966,-36.7368005696771,36.7368005696771,False,0.0,9007199254740992.0,2.575646618513723,7.024061640998826e+16
C4,Asymmetric Filling Fraction (eta = 0.2),1.2642857142857142,687277.3448149996,1,2.848725940271074,-121.26194527425363,121.26194527425363,False,-4.410585870527856e+52,1.329956873145627e+52,2.575646618513723,7.024061640998826e+16
C4,Asymmetric Filling Fraction (eta = 0.2),1.2642857142857142,687277.3448149996,3,0.9124069420794256,-83.37244399133596,83.37244399133596,False,9.881726947051197e+35,1.2774889665396271e+36,2.575646618513723,7.024061640998826e+16
C4,Asymmetric Filling Fraction (eta = 0.2),1.2642857142857142,687277.3448149996,2,1.6264694278281944,-82.28096521487105,82.28096521487105,False,-3.017103432566615e+34,-5.41371967338937e+35,2.575646618513723,7.024061640998826e+16
C4,Asymmetric Filling Fraction (eta = 0.2),1.2642857142857142,687277.3448149996,5,0.1269706191321474,-69.30886440298276,69.30886440298276,False,1.2501069302602117e+30,1.595853612037595e+29,2.575646618513723,7.024061640998826e+16
C4,Asymmetric Filling Fraction (eta = 0.2),1.2642857142857142,687277.3448149996,6,2.149288967336349,-62.05188610052837,62.05188610052837,False,-4.859486923142445e+26,-7.441602566766108e+26,2.575646618513723,7.024061640998826e+16
C4,Asymmetric Filling Fraction (eta = 0.2),1.2642857142857142,687277.3448149996,0,0.18632898133396836,-49.762881283468246,49.762881283468246,False,4.01940426263179e+21,7.577208398252898e+20,2.575646618513723,7.024061640998826e+16
C4,Asymmetric Filling Fraction (eta = 0.2),1.2642857142857142,687277.3448149996,7,0.8904333425151878,-38.7598055988151,38.7598055988151,False,4.2842250455486696e+16,-5.293990769368534e+16,2.575646618513723,7.024061640998826e+16
C4,Asymmetric Filling Fraction (eta = 0.2),1.2642857142857142,687277.3448149996,8,0.04241739856594454,-2.8224538357298434,2.8224538357298434,False,16.802941291818954,-0.7131648263737762,2.575646618513723,7.024061640998826e+16
C4,Asymmetric Filling Fraction (eta = 0.2),1.2642857142857142,687277.3448149996,9,2.2980804677844446,0.8425314142380879,0.8425314142380879,True,-0.28629424029347916,-0.3216650262395355,2.575646618513723,7.024061640998826e+16
C4,Asymmetric Filling Fraction (eta = 0.2),1.3,706691.9590753104,4,1.5707963267948966,-37.14226567778527,37.14226567778527,False,0.0,1.3510798882111488e+16,2.5722858056002593,9.975384987514246e+16
C4,Asymmetric Filling Fraction (eta = 0.2),1.3,706691.9590753104,1,1.2730132155468654,-121.26194527425804,121.26194527425804,False,1.3516249078974025e+52,-4.4039939957118037e+52,2.5722858056002593,9.975384987514246e+16
C4,Asymmetric Filling Fraction (eta = 0.2),1.3,706691.9590753104,3,0.11076171786826579,-82.39232609976985,82.39232609976985,False,6.023696951711093e+35,-6.699368961885698e+34,2.5722858056002593,9.975384987514246e+16
C4,Asymmetric Filling Fraction (eta = 0.2),1.3,706691.9590753104,2,2.0344440438853573,-81.20979191553633,81.20979191553633,False,-8.307676888948086e+34,1.661534928802751e+35,2.5722858056002593,9.975384987514246e+16
C4,Asymmetric Filling Fraction (eta = 0.2),1.3,706691.9590753104,5,2.3774266130532284,-69.09860302177627,69.09860302177627,False,-7.373181553627015e+29,-7.066549335024022e+29,2.5722858056002593,9.975384987514246e+16
C4,Asymmetric Filling Fraction (eta = 0.2),1.3,706691.9590753104,6,0.3564042238163664,-64.05532947546882,64.05532947546882,False,6.175735663772644e+27,2.2992459041924274e+27,2.5722858056002593,9.975384987514246e+16
C4,Asymmetric Filling Fraction (eta = 0.2),1.3,706691.9590753104,0,1.4992139369372628,-50.9378724545365,50.9378724545365,False,9.472664741786422e+20,-1.3210623168485217e+22,2.5722858056002593,9.975384987514246e+16
C4,Asymmetric Filling Fraction (eta = 0.2),1.3,706691.9590753104,7,1.2843211497130134,-37.81798657135908,37.81798657135908,False,7503662012153852.0,-2.5472572930056544e+16,2.5722858056002593,9.975384987514246e+16
C4,Asymmetric Filling Fraction (eta = 0.2),1.3,706691.9590753104,8,0.0041892141751659045,-2.862435798393757,2.862435798393757,False,17.503957944429317,-0.07332825770127574,2.5722858056002593,9.975384987514246e+16
C4,Asymmetric Filling Fraction (eta = 0.2),1.3,706691.9590753104,9,3.018885840576222,1.3452095339865158,1.3452095339865158,True,-0.2585265237671808,-0.031883147784878836,2.5722858056002593,9.975384987514246e+16
C4,Asymmetric Filling Fraction (eta = 0.2),1.3357142857142856,726106.5733356212,4,0.8960553845713439,-37.90043942246931,37.90043942246931,False,1.8014398509481984e+16,-2.251799813685248e+16,2.5692831671613803,1.0383759755625829e+17
C4,Asymmetric Filling Fraction (eta = 0.2),1.3357142857142856,726106.5733356212,1,1.4590472151172065,-121.26194527425918,121.26194527425918,False,5.1372830957789546e+51,4.578005704441743e+52,2.5692831671613803,1.0383759755625829e+17
C4,Asymmetric Filling Fraction (eta = 0.2),1.3357142857142856,726106.5733356212,3,0.5022671576918688,-82.90097822234756,82.90097822234756,False,8.83458235890636e+35,4.852393726499379e+35,2.5692831671613803,1.0383759755625829e+17
C4,Asymmetric Filling Fraction (eta = 0.2),1.3357142857142856,726106.5733356212,2,2.0810836685487977,-81.69328406485246,81.69328406485246,False,-1.4714416098189443e+35,2.6288134969906157e+35,2.5692831671613803,1.0383759755625829e+17
C4,Asymmetric Filling Fraction (eta = 0.2),1.3357142857142856,726106.5733356212,5,1.5125387477458676,-70.84812117202591,70.84812117202591,False,3.4202261377390066e+29,-5.864225675026766e+30,2.5692831671613803,1.0383759755625829e+17
C4,Asymmetric Filling Fraction (eta = 0.2),1.3357142857142856,726106.5733356212,6,0.776555853178012,-61.49559166757719,61.49559166757719,False,3.634858707008194e+26,3.571139375847497e+26,2.5692831671613803,1.0383759755625829e+17
C4,Asymmetric Filling Fraction (eta = 0.2),1.3357142857142856,726106.5733356212,0,2.401356267879121,-49.94167569500352,49.94167569500352,False,-3.611041002613625e+21,-3.298769352959351e+21,2.5692831671613803,1.0383759755625829e+17
C4,Asymmetric Filling Fraction (eta = 0.2),1.3357142857142856,726106.5733356212,7,1.6282345819315465,-38.66765485971022,38.66765485971022,False,-3565426969045738.5,-6.200580318294809e+16,2.5692831671613803,1.0383759755625829e+17
C4,Asymmetric Filling Fraction (eta = 0.2),1.3357142857142856,726106.5733356212,8,0.0008336219547862871,-2.8985786323094023,2.8985786323094023,False,18.148325270333075,-0.015128845892426513,2.5692831671613803,1.0383759755625829e+17
C4,Asymmetric Filling Fraction (eta = 0.2),1.3357142857142856,726106.5733356212,9,3.1149024908782312,1.4296104158079268,1.4296104158079268,True,-0.23931690560353308,-0.006388924303802271,2.5692831671613803,1.0383759755625829e+17
C4,Asymmetric Filling Fraction (eta = 0.2),1.3714285714285714,745521.1875959318,4,0.7853981633974483,-37.77652134051702,37.77652134051702,False,1.8014398509481984e+16,-1.8014398509481984e+16,2.566616678095936,9.885410707520293e+16
C4,Asymmetric Filling Fraction (eta = 0.2),1.3714285714285714,745521.1875959318,1,1.5442022635815291,-121.26194527424846,121.26194527424846,False,1.2249749308416388e+51,-4.605111005143752e+52,2.566616678095936,9.885410707520293e+16
C4,Asymmetric Filling Fraction (eta = 0.2),1.3714285714285714,745521.1875959318,2,1.9583944367429102,-82.24440080026558,82.24440080026558,False,-1.975795213930991e+35,-4.839670425486513e+35,2.566616678095936,9.885410707520293e+16
C4,Asymmetric Filling Fraction (eta = 0.2),1.3714285714285714,745521.1875959318,3,0.13397034573832828,-80.57046900460004,80.57046900460004,False,9.714065069830718e+34,-1.3092388069016514e+34,2.566616678095936,9.885410707520293e+16
C4,Asymmetric Filling Fraction (eta = 0.2),1.3714285714285714,745521.1875959318,5,2.7543943235542403,-67.98274597556298,67.98274597556298,False,-3.0983368721516554e+29,-1.2634510152296498e+29,2.566616678095936,9.885410707520293e+16
C4,Asymmetric Filling Fraction (eta = 0.2),1.3714285714285714,745521.1875959318,6,0.827350068334589,-66.28192387357815,66.28192387357815,False,4.13383039684851e+28,-4.4960843005287745e+28,2.566616678095936,9.885410707520293e+16
C4,Asymmetric Filling Fraction (eta = 0.2),1.3714285714285714,745521.1875959318,0,1.9648103842917126,-48.46716363629555,48.46716363629555,False,-4.297714366164432e+20,1.033713230225748e+21,2.566616678095936,9.885410707520293e+16
C4,Asymmetric Filling Fraction (eta = 0.2),1.3714285714285714,745521.1875959318,7,0.7950573265381825,-38.24610588339789,38.24610588339789,False,2.85313313479182e+16,-2.9087902234491732e+16,2.566616678095936,9.885410707520293e+16
C4,Asymmetric Filling Fraction (eta = 0.2),1.3714285714285714,745521.1875959318,8,0.0012264680052586682,-2.9397451393980107,2.9397451393980107,False,18.911011799348195,-0.02319376254850718,2.566616678095936,9.885410707520293e+16
C4,Asymmetric Filling Fraction (eta = 0.2),1.3714285714285714,745521.1875959318,9,3.087726363889149,1.749631092781268,1.749631092781268,True,-0.1735859204395952,-0.009359483651272607,2.566616678095936,9.885410707520293e+16
C4,Asymmetric Filling Fraction (eta = 0.2),1.407142857142857,764935.8018562426,7,1.5707963267948966,-37.83541285834521,37.83541285834521,False,0.0,-2.7021597764222976e+16,2.5642658481382044,8.451311214933285e+16
C4,Asymmetric Filling Fraction (eta = 0.2),1.407142857142857,764935.8018562426,1,2.262341348782567,-121.26194527426274,121.26194527426274,False,-2.9378471223279747e+52,3.548395030424838e+52,2.5642658481382044,8.451311214933285e+16
C4,Asymmetric Filling Fraction (eta = 0.2),1.407142857142857,764935.8018562426,2,2.7091903413233016,-83.62450127703536,83.62450127703536,False,-1.8868048042157487e+36,8.708204825772247e+35,2.5642658481382044,8.451311214933285e+16
C4,Asymmetric Filling Fraction (eta = 0.2),1.407142857142857,764935.8018562426,3,0.6763247570372516,-83.07151266340738,83.07151266340738,False,9.322372693657823e+35,-7.482143350751787e+35,2.5642658481382044,8.451311214933285e+16
C4,Asymmetric Filling Fraction (eta = 0.2),1.407142857142857,764935.8018562426,5,1.1963504356418544,-70.36768089734309,70.36768089734309,False,1.3288868708809618e+30,-3.381505520118681e+30,2.5642658481382044,8.451311214933285e+16
C4,Asymmetric Filling Fraction (eta = 0.2),1.407142857142857,764935.8018562426,6,0.8863445199573109,-61.72583588364527,61.72583588364527,False,4.055810394938794e+26,-4.970045139173964e+26,2.5642658481382044,8.451311214933285e+16
C4,Asymmetric Filling Fraction (eta = 0.2),1.407142857142857,764935.8018562426,0,1.7473625792947287,-47.612855846668175,47.612855846668175,False,-8.368533202200814e+19,-4.6902434661248854e+20,2.5642658481382044,8.451311214933285e+16
C4,Asymmetric Filling Fraction (eta = 0.2),1.407142857142857,764935.8018562426,4,2.4215738741130037,-36.20644647914431,36.20644647914431,False,-3984358361008618.5,3494685204731546.5,2.5642658481382044,8.451311214933285e+16
C4,Asymmetric Filling Fraction (eta = 0.2),1.407142857142857,764935.8018562426,8,0.00032581770312445287,-2.9721359936512504,2.9721359936512504,False,19.53359767303772,-0.00636439215279494,2.5642658481382044,8.451311214933285e+16
C4,Asymmetric Filling Fraction (eta = 0.2),1.407142857142857,764935.8018562426,9,3.1266082892056155,1.786951823878165,1.786951823878165,True,-0.16745106935155946,-0.0025093356505234967,2.5642658481382044,8.451311214933285e+16
C4,Asymmetric Filling Fraction (eta = 0.2),1.4428571428571428,784350.4161165534,7,0.24497866312686414,-38.15340724170521,38.15340724170521,False,3.602879701896397e+16,-9007199254740992.0,2.5622115935871177,1.343970501941556e+17
C4,Asymmetric Filling Fraction (eta = 0.2),1.4428571428571428,784350.4161165534,1,0.2923811704990651,-121.26194527425108,121.26194527425108,False,4.41123110159961e+52,1.3278151881566044e+52,2.5622115935871177,1.343970501941556e+17
C4,Asymmetric Filling Fraction (eta = 0.2),1.4428571428571428,784350.4161165534,2,2.9521701677078633,-82.98603503164563,82.98603503164563,False,-1.0778010712877829e+36,-2.0663713088695922e+35,2.5622115935871177,1.343970501941556e+17
C4,Asymmetric Filling Fraction (eta = 0.2),1.4428571428571428,784350.4161165534,3,0.18150384324056304,-82.98850471781482,82.98850471781482,False,1.0820726308105288e+36,1.985858596397852e+35,2.5622115935871177,1.343970501941556e+17
C4,Asymmetric Filling Fraction (eta = 0.2),1.4428571428571428,784350.4161165534,5,2.1854290944179926,-69.03047179227093,69.03047179227093,False,-5.50138081922848e+29,7.79412216772664e+29,2.5622115935871177,1.343970501941556e+17
C4,Asymmetric Filling Fraction (eta = 0.2),1.4428571428571428,784350.4161165534,6,0.6260601290254372,-62.19643820564687,62.19643820564687,False,8.322206009722639e+26,-6.017767557306819e+26,2.5622115935871177,1.343970501941556e+17
C4,Asymmetric Filling Fraction (eta = 0.2),1.4428571428571428,784350.4161165534,0,2.3301916703540893,-48.66283868444876,48.66283868444876,False,-9.373365722523257e+20,9.873963384557388e+20,2.5622115935871177,1.343970501941556e+17
C4,Asymmetric Filling Fraction (eta = 0.2),1.4428571428571428,784350.4161165534,4,0.8165969387237655,-35.57726766076343,35.57726766076343,False,1934259642337926.2,-2058881182422906.0,2.5622115935871177,1.343970501941556e+17
C4,Asymmetric Filling Fraction (eta = 0.2),1.4428571428571428,784350.4161165534,8,0.00018290169298775056,-3.0053388671259422,3.0053388671259422,False,20.19305736239194,-0.0036933444193647663,2.5622115935871177,1.343970501941556e+17
C4,Asymmetric Filling Fraction (eta = 0.2),1.4428571428571428,784350.4161165534,9,3.132021711541482,1.9105989458940569,1.9105989458940569,True,-0.14798494282550173,-0.001416398560823155,2.5622115935871177,1.343970501941556e+17
C4,Asymmetric Filling Fraction (eta = 0.2),1.4785714285714284,803765.0303768639,7,1.2490457723982544,-37.888093116174126,37.888093116174126,False,9007199254740992.0,2.7021597764222976e+16,2.560436095002344,2.310399572407339e+17
C4,Asymmetric Filling Fraction (eta = 0.2),1.4785714285714284,803765.0303768639,1,1.1895979444010945,-121.26194527425915,121.26194527425915,False,1.713859737557343e+52,-4.2760656924258416e+52,2.560436095002344,2.310399572407339e+17
C4,Asymmetric Filling Fraction (eta = 0.2),1.4785714285714284,803765.0303768639,2,1.5272064726840011,-82.76267130490648,82.76267130490648,False,3.824893348840468e+34,-8.769174825939136e+35,2.560436095002344,2.310399572407339e+17
C4,Asymmetric Filling Fraction (eta = 0.2),1.4785714285714284,803765.0303768639,3,1.4787830606871615,-82.52820967194477,82.52820967194477,False,6.379454056914491e+34,6.913611915470469e+35,2.560436095002344,2.310399572407339e+17
C4,Asymmetric Filling Fraction (eta = 0.2),1.4785714285714284,803765.0303768639,5,1.591681568691989,-68.87129241499036,68.87129241499036,False,-1.6991440299238163e+28,-8.134437605973821e+29,2.560436095002344,2.310399572407339e+17
C4,Asymmetric Filling Fraction (eta = 0.2),1.4785714285714284,803765.0303768639,6,0.5630350686151869,-63.286053350492324,63.286053350492324,False,2.5820744968361176e+27,1.6297683922216725e+27,2.560436095002344,2.310399572407339e+17
C4,Asymmetric Filling Fraction (eta = 0.2),1.4785714285714284,803765.0303768639,0,0.7707905840252461,-47.95025316693395,47.95025316693395,False,4.789250669918051e+20,-4.6513367305834594e+20,2.560436095002344,2.310399572407339e+17
C4,Asymmetric Filling Fraction (eta = 0.2),1.4785714285714284,803765.0303768639,4,2.4610920787100476,-37.66115861996197,37.66115861996197,False,-1.7644058747604032e+16,-1.4282682550373018e+16,2.560436095002344,2.310399572407339e+17
C4,Asymmetric Filling Fraction (eta = 0.2),1.4785714285714284,803765.0303768639,8,0.0003957897365811124,-3.0397037875213733,3.0397037875213733,False,20.89905012130627,-0.008271629974222889,2.560436095002344,2.310399572407339e+17
C4,Asymmetric Filling Fraction (eta = 0.2),1.4785714285714284,803765.0303768639,9,3.1143401712691614,2.1836642720283406,2.1836642720283406,True,-0.11258625197130967,-0.003069014662488081,2.560436095002344,2.310399572407339e+17
C4,Asymmetric Filling Fraction (eta = 0.2),1.5142857142857142,823179.6446371747,4,2.677945044588987,-37.54151952589415,37.54151952589415,False,-1.8014398509481984e+16,-9007199254740992.0,2.5589226944856125,1.9099094241008778e+17
C4,Asymmetric Filling Fraction (eta = 0.2),1.5142857142857142,823179.6446371747,1,2.2011736793882744,-121.26194527425346,121.26194527425346,False,-2.71544114891709e+52,-3.7213481928580883e+52,2.5589226944856125,1.9099094241008778e+17
C4,Asymmetric Filling Fraction (eta = 0.2),1.5142857142857142,823179.6446371747,2,0.6836348430422268,-83.50642091059939,83.50642091059939,False,1.4316521798145372e+36,1.1663540204921843e+36,2.5589226944856125,1.9099094241008778e+17
C4,Asymmetric Filling Fraction (eta = 0.2),1.5142857142857142,823179.6446371747,3,2.24573598291652,-82.04868244471822,82.04868244471822,False,-2.6857522584959837e+35,-3.3558230659481064e+35,2.5589226944856125,1.9099094241008778e+17
C4,Asymmetric Filling Fraction (eta = 0.2),1.5142857142857142,823179.6446371747,5,1.8869210593522592,-70.61750999708939,70.61750999708939,False,-1.4500922014617627e+30,-4.433257592355633e+30,2.5589226944856125,1.9099094241008778e+17
C4,Asymmetric Filling Fraction (eta = 0.2),1.5142857142857142,823179.6446371747,6,1.9888656459574257,-61.96909005212438,61.96909005212438,False,-3.3216699712637935e+26,7.476880065977881e+26,2.5589226944856125,1.9099094241008778e+17
C4,Asymmetric Filling Fraction (eta = 0.2),1.5142857142857142,823179.6446371747,0,1.3734231321862471,-47.866036909530166,47.866036909530166,False,1.2034289591165865e+20,-6.017844663299961e+20,2.5589226944856125,1.9099094241008778e+17
C4,Asymmetric Filling Fraction (eta = 0.2),1.5142857142857142,823179.6446371747,7,0.3011314384739218,-42.48930859528084,42.48930859528084,False,2.7094199436273147e+18,8.414818617680466e+17,2.5589226944856125,1.9099094241008778e+17
C4,Asymmetric Filling Fraction (eta = 0.2),1.5142857142857142,823179.6446371747,8,2.7648396964186827e-05,-3.0691014870034348,3.0691014870034348,False,21.522555680312905,0.0005950641632847343,2.5589226944856125,1.9099094241008778e+17
C4,Asymmetric Filling Fraction (eta = 0.2),1.5142857142857142,823179.6446371747,9,3.139613824621056,2.214725991897675,2.214725991897675,True,-0.10918321352558458,0.0002160551878313415,2.5589226944856125,1.9099094241008778e+17
C4,Asymmetric Filling Fraction (eta = 0.2),1.55,842594.2588974854,7,0.0,-36.44911849722532,36.44911849722532,False,6755399441055744.0,0.0,2.5576557966902302,8.24290421235076e+16
C4,Asymmetric Filling Fraction (eta = 0.2),1.55,842594.2588974854,1,2.758893116262432,-121.26194527424805,121.26194527424805,False,-4.273488106360525e+52,-1.7202768411757387e+52,2.5576557966902302,8.24290421235076e+16
C4,Asymmetric Filling Fraction (eta = 0.2),1.55,842594.2588974854,3,2.4245025278788424,-83.265567238699,83.265567238699,False,-1.0939240125251949e+36,9.538281196460631e+35,2.5576557966902302,8.24290421235076e+16
C4,Asymmetric Filling Fraction (eta = 0.2),1.55,842594.2588974854,2,1.6267093390233927,-82.80409342442096,82.80409342442096,False,-5.112666127133837e+34,-9.134433941598966e+35,2.5576557966902302,8.24290421235076e+16
C4,Asymmetric Filling Fraction (eta = 0.2),1.55,842594.2588974854,5,2.267316810311204,-69.66010146564145,69.66010146564145,False,-1.1487615343539798e+30,-1.373529008588701e+30,2.5576557966902302,8.24290421235076e+16
C4,Asymmetric Filling Fraction (eta = 0.2),1.55,842594.2588974854,6,3.0098912672117333,-62.33593391233206,62.33593391233206,False,-1.1705088699509419e+27,1.550551698083616e+26,2.5576557966902302,8.24290421235076e+16
C4,Asymmetric Filling Fraction (eta = 0.2),1.55,842594.2588974854,0,1.8783874909610232,-48.77531742835977,48.77531742835977,False,-4.612698527078269e+20,1.4520247729699207e+21,2.5576557966902302,8.24290421235076e+16
C4,Asymmetric Filling Fraction (eta = 0.2),1.55,842594.2588974854,4,2.5826865266596264,-37.559644295717085,37.559644295717085,False,-1.7388332492890018e+16,1.0875128134743108e+16,2.5576557966902302,8.24290421235076e+16
C4,Asymmetric Filling Fraction (eta = 0.2),1.55,842594.2588974854,8,0.00014010231451498724,-3.100126315835138,3.100126315835138,False,22.200755193409847,0.0031103772069281865,2.5576557966902302,8.24290421235076e+16
C4,Asymmetric Filling Fraction (eta = 0.2),1.55,842594.2588974854,9,3.1289477385756737,2.4438366145159724,2.4438366145159724,True,-0.08682014807391658,0.0010978919099292367,2.5576557966902302,8.24290421235076e+16
C4,Asymmetric Filling Fraction (eta = 0.2),1.5857142857142856,862008.8731577962,7,0.0,-36.04365338911715,36.04365338911715,False,4503599627370496.0,0.0,2.556620785888976,3.430061058334049e+17
C4,Asymmetric Filling Fraction (eta = 0.2),1.5857142857142856,862008.8731577962,1,2.878355397631659,-121.2619452742582,121.2619452742582,False,-4.448050109999642e+52,-1.1987089825531097e+52,2.556620785888976,3.430061058334049e+17
C4,Asymmetric Filling Fraction (eta = 0.2),1.5857142857142856,862008.8731577962,2,1.1868672725324052,-83.28008305433352,83.28008305433352,False,5.515810102921832e+35,-1.3653814393817783e+36,2.556620785888976,3.430061058334049e+17
C4,Asymmetric Filling Fraction (eta = 0.2),1.5857142857142856,862008.8731577962,3,2.954724096080359,-83.27997265582874,83.27997265582874,False,-1.4467892724352787e+36,2.7355098216562808e+35,2.556620785888976,3.430061058334049e+17
C4,Asymmetric Filling Fraction (eta = 0.2),1.5857142857142856,862008.8731577962,5,1.3762778388927623,-70.33397279323312,70.33397279323312,False,6.790080629175437e+29,3.4465742218772323e+30,2.556620785888976,3.430061058334049e+17
C4,Asymmetric Filling Fraction (eta = 0.2),1.5857142857142856,862008.8731577962,6,1.3183093636878054,-61.025483414315254,61.025483414315254,False,7.955096659232817e+25,3.0834577819785093e+26,2.556620785888976,3.430061058334049e+17
C4,Asymmetric Filling Fraction (eta = 0.2),1.5857142857142856,862008.8731577962,0,0.0894682162739145,-47.31405978244827,47.31405978244827,False,3.5196103619783865e+20,3.1573615414565044e+19,2.556620785888976,3.430061058334049e+17
C4,Asymmetric Filling Fraction (eta = 0.2),1.5857142857142856,862008.8731577962,4,0.4544253476789099,-40.48292663958915,40.48292663958915,False,3.4279637276321965e+17,1.6746451636544224e+17,2.556620785888976,3.430061058334049e+17
C4,Asymmetric Filling Fraction (eta = 0.2),1.5857142857142856,862008.8731577962,8,0.0035794069453074294,-3.1330079447917254,3.1330079447917254,False,22.942739818975912,0.08212175297157406,2.556620785888976,3.430061058334049e+17
C4,Asymmetric Filling Fraction (eta = 0.2),1.5857142857142856,862008.8731577962,9,2.5725825340955435,2.957738046481603,2.957738046481603,True,-0.04375291090228068,0.0279831749321964,2.556620785888976,3.430061058334049e+17
C4,Asymmetric Filling Fraction (eta = 0.2),1.6214285714285714,881423.4874181069,7,0.4636476090008061,-36.848372345334205,36.848372345334205,False,9007199254740992.0,-4503599627370496.0,2.555803944390597,2.052111039547993e+17
C4,Asymmetric Filling Fraction (eta = 0.2),1.6214285714285714,881423.4874181069,1,2.5742860553846403,-121.26194527424543,121.26194527424543,False,-3.8851004312548024e+52,-2.475489374738493e+52,2.555803944390597,2.052111039547993e+17
C4,Asymmetric Filling Fraction (eta = 0.2),1.6214285714285714,881423.4874181069,3,2.6523973144508646,-82.7459433930322,82.7459433930322,False,-7.619479159764899e+35,-4.056267832785182e+35,2.555803944390597,2.052111039547993e+17
C4,Asymmetric Filling Fraction (eta = 0.2),1.6214285714285714,881423.4874181069,2,2.4535328386006108,-80.07922841587025,80.07922841587025,False,-4.632911606847664e+34,3.8086217330286696e+34,2.555803944390597,2.052111039547993e+17
C4,Asymmetric Filling Fraction (eta = 0.2),1.6214285714285714,881423.4874181069,5,2.2568035341983466,-73.15546104264723,73.15546104264723,False,-3.738756984742495e+31,-4.567003558256187e+31,2.555803944390597,2.052111039547993e+17
C4,Asymmetric Filling Fraction (eta = 0.2),1.6214285714285714,881423.4874181069,6,2.984784122838913,-62.370808960667276,62.370808960667276,False,-1.2076378659744386e+27,-1.9093545610523477e+26,2.555803944390597,2.052111039547993e+17
C4,Asymmetric Filling Fraction (eta = 0.2),1.6214285714285714,881423.4874181069,0,1.6067594261729596,-47.083277565558355,47.083277565558355,False,-1.008721158095841e+19,2.8036689366947424e+20,2.555803944390597,2.052111039547993e+17
C4,Asymmetric Filling Fraction (eta = 0.2),1.6214285714285714,881423.4874181069,4,1.6869732718615897,-37.13738639990396,37.13738639990396,False,-1558491890340598.5,-1.3354404131195208e+16,2.555803944390597,2.052111039547993e+17
C4,Asymmetric Filling Fraction (eta = 0.2),1.6214285714285714,881423.4874181069,8,0.00031098099574317556,-3.159073302370422,3.159073302370422,False,23.548762092719155,0.0073232177201870766,2.555803944390597,2.052111039547993e+17
C4,Asymmetric Filling Fraction (eta = 0.2),1.6214285714285714,881423.4874181069,9,3.0911519442647744,3.024951174992092,3.024951174992092,True,-0.048498430257976205,0.002448372011514805,2.555803944390597,2.052111039547993e+17
C4,Asymmetric Filling Fraction (eta = 0.2),1.657142857142857,900838.1016784176,4,2.356194490192345,-37.083374159957074,37.083374159957074,False,-9007199254740992.0,9007199254740992.0,2.5551923888864922,4.497794068941365e+16
C4,Asymmetric Filling Fraction (eta = 0.2),1.657142857142857,900838.1016784176,1,1.8606040095389549,-121.26194527425277,121.26194527425277,False,-1.3164585545142056e+52,-4.4146336065337283e+52,2.5551923888864922,4.497794068941365e+16
C4,Asymmetric Filling Fraction (eta = 0.2),1.657142857142857,900838.1016784176,3,2.489354503029472,-82.84258398422867,82.84258398422867,False,-7.55605702652685e+35,-5.770878301433759e+35,2.5551923888864922,4.497794068941365e+16
C4,Asymmetric Filling Fraction (eta = 0.2),1.657142857142857,900838.1016784176,2,0.6266052878995315,-82.92873646296505,82.92873646296505,False,8.39440452579004e+35,6.076945969899604e+35,2.5551923888864922,4.497794068941365e+16
C4,Asymmetric Filling Fraction (eta = 0.2),1.657142857142857,900838.1016784176,5,0.48838916829545614,-66.98771898521089,66.98771898521089,False,1.0924500410422484e+29,-5.804414331396922e+28,2.5551923888864922,4.497794068941365e+16
C4,Asymmetric Filling Fraction (eta = 0.2),1.657142857142857,900838.1016784176,6,1.4233456267013074,-63.391852170420755,63.391852170420755,False,4.986589000234587e+26,-3.3573238498847605e+27,2.5551923888864922,4.497794068941365e+16
C4,Asymmetric Filling Fraction (eta = 0.2),1.657142857142857,900838.1016784176,0,2.019215507765389,-48.45338801787488,48.45338801787488,False,-4.787069899127599e+20,9.950117714890334e+20,2.5551923888864922,4.497794068941365e+16
C4,Asymmetric Filling Fraction (eta = 0.2),1.657142857142857,900838.1016784176,7,0.026622970674511158,-38.05485176440336,38.05485176440336,False,3.3640171605877044e+16,-895812957686234.0,2.5551923888864922,4.497794068941365e+16
C4,Asymmetric Filling Fraction (eta = 0.2),1.657142857142857,900838.1016784176,8,0.0036731962753782867,-3.186623451753027,3.186623451753027,False,24.206391395691032,-0.08891522660776568,2.5551923888864922,4.497794068941365e+16
C4,Asymmetric Filling Fraction (eta = 0.2),1.657142857142857,900838.1016784176,9,2.463150708189628,3.07487514252524,3.07487514252524,True,-0.035965493282949845,-0.028991341669008623,2.5551923888864922,4.497794068941365e+16
C4,Asymmetric Filling Fraction (eta = 0.2),1.6928571428571428,920252.7159387284,4,1.8157749899217608,-37.46026006114526,37.46026006114526,False,-4503599627370496.0,-1.8014398509481984e+16,2.5547740082449506,7.700609686928376e+16
C4,Asymmetric Filling Fraction (eta = 0.2),1.6928571428571428,920252.7159387284,1,0.7504821020540133,-121.26194527424782,121.26194527424782,False,3.36918609028573e+52,-3.1417571666992794e+52,2.5547740082449506,7.700609686928376e+16
C4,Asymmetric Filling Fraction (eta = 0.2),1.6928571428571428,920252.7159387284,3,1.879913352886431,-82.95035359733008,82.95035359733008,False,-3.2215525552550016e+35,-1.0087709852490895e+36,2.5547740082449506,7.700609686928376e+16
C4,Asymmetric Filling Fraction (eta = 0.2),1.6928571428571428,920252.7159387284,2,1.7237998279621682,-82.6316268068194,82.6316268068194,False,-1.1734514340640306e+35,7.609500709380258e+35,2.5547740082449506,7.700609686928376e+16
C4,Asymmetric Filling Fraction (eta = 0.2),1.6928571428571428,920252.7159387284,5,2.9959879356030004,-70.3192025200938,70.3192025200938,False,-3.424692526040411e+30,-5.022054571676766e+29,2.5547740082449506,7.700609686928376e+16
C4,Asymmetric Filling Fraction (eta = 0.2),1.6928571428571428,920252.7159387284,6,2.600084030015828,-62.0280419424374,62.0280419424374,False,-7.436742327692496e+26,4.473067963878353e+26,2.5547740082449506,7.700609686928376e+16
C4,Asymmetric Filling Fraction (eta = 0.2),1.6928571428571428,920252.7159387284,0,1.1691049159649314,-48.76448991940417,48.76448991940417,False,5.89248689378381e+20,1.3871581300036125e+21,2.5547740082449506,7.700609686928376e+16
C4,Asymmetric Filling Fraction (eta = 0.2),1.6928571428571428,920252.7159387284,7,1.6106041809317047,-38.28385346192664,38.28385346192664,False,-1683915768979655.2,4.227874701002139e+16,2.5547740082449506,7.700609686928376e+16
C4,Asymmetric Filling Fraction (eta = 0.2),1.6928571428571428,920252.7159387284,8,0.0034031952882750253,-3.212790981152321,3.212790981152321,False,24.848196892995656,0.0845635930530895,2.5547740082449506,7.700609686928376e+16
C4,Asymmetric Filling Fraction (eta = 0.2),1.6928571428571428,920252.7159387284,9,2.3961547785981288,3.2261661457166615,3.2261661457166615,True,-0.029178143295325004,0.026934665017601608,2.5547740082449506,7.700609686928376e+16
C4,Asymmetric Filling Fraction (eta = 0.2),1.7285714285714284,939667.330199039,7,0.4636476090008061,-37.94698463400231,37.94698463400231,False,2.7021597764222976e+16,-1.3510798882111488e+16,2.5545374102840768,3.098206580417484e+17
C4,Asymmetric Filling Fraction (eta = 0.2),1.7285714285714284,939667.330199039,1,0.7435980879120185,-121.26194527425481,121.26194527425481,False,3.3907339882922533e+52,3.1184893821235446e+52,2.5545374102840768,3.098206580417484e+17
C4,Asymmetric Filling Fraction (eta = 0.2),1.7285714285714284,939667.330199039,2,0.7954521467243587,-83.02523134626887,83.02523134626887,False,7.988665710380912e+35,-8.150938489597712e+35,2.5545374102840768,3.098206580417484e+17
C4,Asymmetric Filling Fraction (eta = 0.2),1.7285714285714284,939667.330199039,3,3.0850273341251833,-82.66554488666992,82.66554488666992,False,-7.9523378953997e+35,4.503069086583757e+34,2.5545374102840768,3.098206580417484e+17
C4,Asymmetric Filling Fraction (eta = 0.2),1.7285714285714284,939667.330199039,5,0.10120906601644813,-68.01605276850788,68.01605276850788,False,3.441662592760076e+29,3.4952168791283016e+28,2.5545374102840768,3.098206580417484e+17
C4,Asymmetric Filling Fraction (eta = 0.2),1.7285714285714284,939667.330199039,6,0.2701252386317222,-62.734200925160714,62.734200925160714,False,1.6946344825753063e+27,-4.692323780665721e+26,2.5545374102840768,3.098206580417484e+17
C4,Asymmetric Filling Fraction (eta = 0.2),1.7285714285714284,939667.330199039,0,1.7431673339729306,-47.76724917551259,47.76724917551259,False,-9.535955345354e+19,-5.477327391152757e+20,2.5545374102840768,3.098206580417484e+17
C4,Asymmetric Filling Fraction (eta = 0.2),1.7285714285714284,939667.330199039,4,1.805530608025509,-37.78468802577578,37.78468802577578,False,-5973961159792621.0,-2.498073071284622e+16,2.5545374102840768,3.098206580417484e+17
C4,Asymmetric Filling Fraction (eta = 0.2),1.7285714285714284,939667.330199039,8,0.0012568420044816748,-3.2417101161630835,3.2417101161630835,False,25.577404533847663,-0.03214677331066459,2.5545374102840768,3.098206580417484e+17
C4,Asymmetric Filling Fraction (eta = 0.2),1.7285714285714284,939667.330199039,9,1.1566485273993266,4.525788290265854,4.525788290265854,True,0.004356560996092546,-0.009910927433915633,2.5545374102840768,3.098206580417484e+17
C4,Asymmetric Filling Fraction (eta = 0.2),1.7642857142857142,959081.9444593498,4,0.6435011087932844,-37.65309130155126,37.65309130155126,False,1.8014398509481984e+16,1.3510798882111488e+16,2.5544718725129885,1.0377568945834682e+17
C4,Asymmetric Filling Fraction (eta = 0.2),1.7642857142857142,959081.9444593498,1,2.609796500547329,-121.26194527425463,121.26194527425463,False,-3.970538405079912e+52,2.3359961000727948e+52,2.5544718725129885,1.0377568945834682e+17
C4,Asymmetric Filling Fraction (eta = 0.2),1.7642857142857142,959081.9444593498,2,2.210457345579979,-82.33209404569216,82.33209404569216,False,-3.4063777929883104e+35,4.57835978572603e+35,2.5544718725129885,1.0377568945834682e+17
C4,Asymmetric Filling Fraction (eta = 0.2),1.7642857142857142,959081.9444593498,3,2.6497295621355343,-82.02671142372171,82.02671142372171,False,-3.706363783654523e+35,-1.9858092139806855e+35,2.5544718725129885,1.0377568945834682e+17
C4,Asymmetric Filling Fraction (eta = 0.2),1.7642857142857142,959081.9444593498,5,2.5517121354539105,-69.7570325409097,69.7570325409097,False,-1.6394533594667983e+30,1.0974215742485526e+30,2.5544718725129885,1.0377568945834682e+17
C4,Asymmetric Filling Fraction (eta = 0.2),1.7642857142857142,959081.9444593498,6,1.9274725315398509,-63.48066725617293,63.48066725617293,False,-1.2951793951573622e+27,3.4759384165208474e+27,2.5544718725129885,1.0377568945834682e+17
C4,Asymmetric Filling Fraction (eta = 0.2),1.7642857142857142,959081.9444593498,0,2.1302046229615104,-47.609233363339555,47.609233363339555,False,-2.51920767254276e+20,4.023486406439969e+20,2.5544718725129885,1.0377568945834682e+17
C4,Asymmetric Filling Fraction (eta = 0.2),1.7642857142857142,959081.9444593498,7,0.11395670611353884,-37.50580013692265,37.50580013692265,False,1.9307943169326284e+16,2209843670184640.0,2.5544718725129885,1.0377568945834682e+17
C4,Asymmetric Filling Fraction (eta = 0.2),1.7642857142857142,959081.9444593498,8,0.001393110190853496,-3.2650494779362154,3.2650494779362154,False,26.181380954873845,-0.03647357221429019,2.5544718725129885,1.0377568945834682e+17
C4,Asymmetric Filling Fraction (eta = 0.2),1.7642857142857142,959081.9444593498,9,1.6881254991041177,4.500853005826887,4.500853005826887,True,-0.001299312148226019,-0.011023213367830973,2.5544718725129885,1.0377568945834682e+17
C4,Asymmetric Filling Fraction (eta = 0.2),1.8,978496.5587196606,7,1.5707963267948966,-36.04365338911715,36.04365338911715,False,0.0,4503599627370496.0,2.5545672988753396,9.193364236534952e+16
C4,Asymmetric Filling Fraction (eta = 0.2),1.8,978496.5587196606,1,1.4463159454091339,-121.26194527424546,121.26194527424546,False,5.7196892711711904e+51,-4.5710944588569884e+52,2.5545672988753396,9.193364236534952e+16
C4,Asymmetric Filling Fraction (eta = 0.2),1.8,978496.5587196606,2,1.7858774640785011,-82.55256393963965,82.55256393963965,False,-1.518349423293855e+35,6.950232931151986e+35,2.5545672988753396,9.193364236534952e+16
C4,Asymmetric Filling Fraction (eta = 0.2),1.8,978496.5587196606,3,0.8774791582130821,-82.37365398045465,82.37365398045465,False,3.801778221185046e+35,4.575339069322343e+35,2.5545672988753396,9.193364236534952e+16
C4,Asymmetric Filling Fraction (eta = 0.2),1.8,978496.5587196606,5,1.0904281957415833,-70.00932946687509,70.00932946687509,False,1.173293786797092e+30,-2.2516626911921788e+30,2.5545672988753396,9.193364236534952e+16
C4,Asymmetric Filling Fraction (eta = 0.2),1.8,978496.5587196606,6,2.4280604372153087,-62.274569273884076,62.274569273884076,False,-8.395663708928423e+26,-7.268035191746762e+26,2.5545672988753396,9.193364236534952e+16
C4,Asymmetric Filling Fraction (eta = 0.2),1.8,978496.5587196606,0,0.3495763261429863,-48.12289730356287,48.12289730356287,False,7.45441923011082e+20,-2.717496919507693e+20,2.5545672988753396,9.193364236534952e+16
C4,Asymmetric Filling Fraction (eta = 0.2),1.8,978496.5587196606,4,1.1126935935968185,-38.24267339729611,38.24267339729611,False,1.7957553909175506e+16,3.641855814783257e+16,2.5545672988753396,9.193364236534952e+16
C4,Asymmetric Filling Fraction (eta = 0.2),1.8,978496.5587196606,8,0.003873000495284783,-3.293215462699568,3.293215462699568,False,26.9291128270624,0.10429698880687616,2.5545672988753396,9.193364236534952e+16
C4,Asymmetric Filling Fraction (eta = 0.2),1.8,978496.5587196606,9,0.7047455873119415,3.057358423177884,3.057358423177884,True,0.035812415850516026,0.030456072466147486,2.5545672988753396,9.193364236534952e+16
C5,"Classical Limit Pilot (c, d -> 0)",0.05,27180.459964435016,0,1.5707963267948966,-67.92842369487464,67.92842369487464,False,0.0,-3.1691265005705735e+29,4651.850406740834,7.326104753956184e+20
C5,"Classical Limit Pilot (c, d -> 0)",0.05,27180.459964435016,1,0.7038570187612239,-121.69552725719387,121.69552725719387,False,5.418154172219203e+52,-4.5994888638954674e+52,4651.850406740834,7.326104753956184e+20
C5,"Classical Limit Pilot (c, d -> 0)",0.05,27180.459964435016,2,2.4613326269388636,-83.12026353288003,83.12026353288003,False,-9.757115739869884e+35,-7.89439972498404e+35,4651.850406740834,7.326104753956184e+20
C5,"Classical Limit Pilot (c, d -> 0)",0.05,27180.459964435016,3,9.412060648345317e-17,-121.61098165416689,121.61098165416689,False,6.5309787583228e+52,6.146996816638918e+36,4651.850406740834,7.326104753956184e+20
C5,"Classical Limit Pilot (c, d -> 0)",0.05,27180.459964435016,4,1.7141768736409833,-83.01890839937694,83.01890839937694,False,-1.6205222061313669e+35,1.122468914863726e+36,4651.850406740834,7.326104753956184e+20
C5,"Classical Limit Pilot (c, d -> 0)",0.05,27180.459964435016,5,0.16565642707430903,-82.08899756877189,82.08899756877189,False,4.4137959084887464e+35,7.37936202792498e+34,4651.850406740834,7.326104753956184e+20
C5,"Classical Limit Pilot (c, d -> 0)",0.05,27180.459964435016,6,2.6170635173873595,-78.2746253331944,78.2746253331944,False,-8.54151597740947e+33,4.942047832939092e+33,4651.850406740834,7.326104753956184e+20
C5,"Classical Limit Pilot (c, d -> 0)",0.05,27180.459964435016,7,1.7404678279903394,-75.31339217681524,75.31339217681524,False,-8.624099522869491e+31,-5.0339521562651454e+32,4651.850406740834,7.326104753956184e+20
C5,"Classical Limit Pilot (c, d -> 0)",0.05,27180.459964435016,8,1.6238902676748124,-71.19129976247221,71.19129976247221,False,-4.393691353428969e+29,8.267538533132706e+30,4651.850406740834,7.326104753956184e+20
C5,"Classical Limit Pilot (c, d -> 0)",0.05,27180.459964435016,9,0.15536861206143407,-66.07116329991995,66.07116329991995,False,4.887408085724316e+28,-7.655194748833854e+27,4651.850406740834,7.326104753956184e+20
C5,"Classical Limit Pilot (c, d -> 0)",0.08571428571428572,46595.07422474574,0,0.8960553845713439,-67.70576818654696,67.70576818654696,False,1.5845632502852868e+29,1.9807040628566084e+29,2713.5796231611316,2.895855081738361e+32
C5,"Classical Limit Pilot (c, d -> 0)",0.08571428571428572,46595.07422474574,1,0.41197155103886324,-121.68667522937807,121.68667522937807,False,6.45512976753736e+52,-2.820744553380177e+52,2713.5796231611316,2.895855081738361e+32
C5,"Classical Limit Pilot (c, d -> 0)",0.08571428571428572,46595.07422474574,5,0.15347279952312232,-82.20020571512977,82.20020571512977,False,4.942661669425643e+35,-7.645764902891854e+34,2713.5796231611316,2.895855081738361e+32
C5,"Classical Limit Pilot (c, d -> 0)",0.08571428571428572,46595.07422474574,3,7.992797710473212e-17,-121.61098142213284,121.61098142213284,False,6.530977242913436e+52,5.2200779954311156e+36,2713.5796231611316,2.895855081738361e+32
C5,"Classical Limit Pilot (c, d -> 0)",0.08571428571428572,46595.07422474574,4,1.4696506783169276,-83.04069070169479,83.04069070169479,False,1.1703619437362397e+35,-1.1531569868189679e+36,2713.5796231611316,2.895855081738361e+32
C5,"Classical Limit Pilot (c, d -> 0)",0.08571428571428572,46595.07422474574,2,0.7207966440123933,-81.75627671021094,81.75627671021094,False,2.4104702562236645e+35,-2.1175459251526222e+35,2713.5796231611316,2.895855081738361e+32
C5,"Classical Limit Pilot (c, d -> 0)",0.08571428571428572,46595.07422474574,7,0.05687369360907864,-81.91268651701537,81.91268651701537,False,3.7456309511761306e+35,2.132578525155774e+34,2713.5796231611316,2.895855081738361e+32
C5,"Classical Limit Pilot (c, d -> 0)",0.08571428571428572,46595.07422474574,6,3.087042285781468,-79.10874546167159,79.10874546167159,False,-2.269055555456704e+34,-1.2390073841861738e+33,2713.5796231611316,2.895855081738361e+32
C5,"Classical Limit Pilot (c, d -> 0)",0.08571428571428572,46595.07422474574,8,0.4355237556316814,-72.90565478473482,72.90565478473482,False,4.168337314298529e+31,-1.9396259609250289e+31,2713.5796231611316,2.895855081738361e+32
C5,"Classical Limit Pilot (c, d -> 0)",0.08571428571428572,46595.07422474574,9,3.034722170430817,-66.02155304865926,66.02155304865926,False,-4.680705708655262e+28,-5.021424443340991e+27,2713.5796231611316,2.895855081738361e+32
C5,"Classical Limit Pilot (c, d -> 0)",0.12142857142857143,66009.68848505647,9,1.5707963267948966,-67.92842369487464,67.92842369487464,False,0.0,-3.1691265005705735e+29,1915.4682064175677,1.0117912829941155e+17
C5,"Classical Limit Pilot (c, d -> 0)",0.12142857142857143,66009.68848505647,1,0.29065051186150553,-121.69345625811114,121.69345625811114,False,6.794980003969617e+52,-2.032523689086054e+52,1915.4682064175677,1.0117912829941155e+17
C5,"Classical Limit Pilot (c, d -> 0)",0.12142857142857143,66009.68848505647,3,3.006536269546479e-17,-121.61098106797617,121.61098106797617,False,6.530974929924737e+52,-1.96356130023175e+36,1915.4682064175677,1.0117912829941155e+17
C5,"Classical Limit Pilot (c, d -> 0)",0.12142857142857143,66009.68848505647,5,0.40927182129640044,-87.16624415379516,87.16624415379516,False,6.582376369090612e+37,-2.8552093802339768e+37,1915.4682064175677,1.0117912829941155e+17
C5,"Classical Limit Pilot (c, d -> 0)",0.12142857142857143,66009.68848505647,7,0.8668266246997288,-82.84665511846296,82.84665511846296,False,6.17897467606844e+35,-7.277111218467024e+35,1915.4682064175677,1.0117912829941155e+17
C5,"Classical Limit Pilot (c, d -> 0)",0.12142857142857143,66009.68848505647,4,2.9064825769304274,-82.97491549929802,82.97491549929802,False,-1.0554374583188538e+36,2.5281958738495098e+35,1915.4682064175677,1.0117912829941155e+17
C5,"Classical Limit Pilot (c, d -> 0)",0.12142857142857143,66009.68848505647,2,3.0986783996719622,-82.45343385041194,82.45343385041194,False,-6.436819143322822e+35,2.764009883867388e+34,1915.4682064175677,1.0117912829941155e+17
C5,"Classical Limit Pilot (c, d -> 0)",0.12142857142857143,66009.68848505647,6,0.687984803412049,-77.39461591939435,77.39461591939435,False,3.1620475749200307e+33,2.5990570787702937e+33,1915.4682064175677,1.0117912829941155e+17
C5,"Classical Limit Pilot (c, d -> 0)",0.12142857142857143,66009.68848505647,8,0.9315632554082888,-74.38671116249273,74.38671116249273,False,1.2061656571620927e+32,1.6226026956885716e+32,1915.4682064175677,1.0117912829941155e+17
C5,"Classical Limit Pilot (c, d -> 0)",0.12142857142857143,66009.68848505647,0,1.0711496146844672,-67.75046290791785,67.75046290791785,False,1.2708444031900505e+29,2.328219684659995e+29,1915.4682064175677,1.0117912829941155e+17
C5,"Classical Limit Pilot (c, d -> 0)",0.15714285714285714,85424.3027453672,0,1.3466011874900974,-70.93613086442288,70.93613086442288,False,1.426106925256758e+30,-6.254073078469741e+30,1480.134770027375,1.5532907638685884e+32
C5,"Classical Limit Pilot (c, d -> 0)",0.15714285714285714,85424.3027453672,1,0.23497709682893836,-121.6939824940409,121.6939824940409,False,6.901181887017099e+52,-1.652139408803933e+52,1480.134770027375,1.5532907638685884e+32
C5,"Classical Limit Pilot (c, d -> 0)",0.15714285714285714,85424.3027453672,3,1.1083991808798055e-16,-121.61098059169765,121.61098059169765,False,6.530971819362407e+52,-7.238923814930385e+36,1480.134770027375,1.5532907638685884e+32
C5,"Classical Limit Pilot (c, d -> 0)",0.15714285714285714,85424.3027453672,5,0.15548689368180207,-90.72829507726884,90.72829507726884,False,2.4976226509571356e+39,3.915077375399844e+38,1480.134770027375,1.5532907638685884e+32
C5,"Classical Limit Pilot (c, d -> 0)",0.15714285714285714,85424.3027453672,4,2.759960053835704,-82.34549889100181,82.34549889100181,False,-5.367484745283435e+35,2.1540092415199712e+35,1480.134770027375,1.5532907638685884e+32
C5,"Classical Limit Pilot (c, d -> 0)",0.15714285714285714,85424.3027453672,7,0.04095781691447811,-81.88822042578504,81.88822042578504,False,3.657951038085945e+35,1.4990552258448976e+34,1480.134770027375,1.5532907638685884e+32
C5,"Classical Limit Pilot (c, d -> 0)",0.15714285714285714,85424.3027453672,2,2.9232161747383527,-81.77840374641511,81.77840374641511,False,-3.2023643248589226e+35,-7.106537433628277e+34,1480.134770027375,1.5532907638685884e+32
C5,"Classical Limit Pilot (c, d -> 0)",0.15714285714285714,85424.3027453672,6,1.8947678026987145,-78.74715151819157,78.74715151819157,False,-5.038906599143879e+33,-1.5005550151436757e+34,1480.134770027375,1.5532907638685884e+32
C5,"Classical Limit Pilot (c, d -> 0)",0.15714285714285714,85424.3027453672,8,1.6398523086623926,-74.43287701152299,74.43287701152299,False,-1.4609785373876035e+31,2.112279664370814e+32,1480.134770027375,1.5532907638685884e+32
C5,"Classical Limit Pilot (c, d -> 0)",0.15714285714285714,85424.3027453672,9,2.2128862093022312,-67.54551519244909,67.54551519244909,False,-1.2941284633070602e+29,1.730587262869014e+29,1480.134770027375,1.5532907638685884e+32
C5,"Classical Limit Pilot (c, d -> 0)",0.19285714285714284,104838.9170056779,8,0.45649898180615545,-74.62949755473764,74.62949755473764,False,2.3134623454165187e+32,1.1361318504545506e+32,1206.0359919890748,2.466830753374856e+17
C5,"Classical Limit Pilot (c, d -> 0)",0.19285714285714284,104838.9170056779,1,0.19431652794441576,-121.69099871564204,121.69099871564204,False,6.941892292263738e+52,-1.3661627886329134e+52,1206.0359919890748,2.466830753374856e+17
C5,"Classical Limit Pilot (c, d -> 0)",0.19285714285714284,104838.9170056779,3,6.0435873329454906e-18,-121.61097999329827,121.61097999329827,False,6.530967911234085e+52,3.947047494020778e+35,1206.0359919890748,2.466830753374856e+17
C5,"Classical Limit Pilot (c, d -> 0)",0.19285714285714284,104838.9170056779,5,2.6830367623348828,-93.90742930356588,93.90742930356588,False,-5.446556046761877e+40,2.688700346852827e+40,1206.0359919890748,2.466830753374856e+17
C5,"Classical Limit Pilot (c, d -> 0)",0.19285714285714284,104838.9170056779,4,3.110253559864125,-82.95848941000149,82.95848941000149,False,-1.067089567839776e+36,-3.3452572387070027e+34,1206.0359919890748,2.466830753374856e+17
C5,"Classical Limit Pilot (c, d -> 0)",0.19285714285714284,104838.9170056779,7,0.11362524148449843,-82.75848610563267,82.75848610563267,False,8.684489032021022e+35,9.910458694027385e+34,1206.0359919890748,2.466830753374856e+17
C5,"Classical Limit Pilot (c, d -> 0)",0.19285714285714284,104838.9170056779,2,3.1294115648345002,-81.5845334945933,81.5845334945933,False,-2.701969761998835e+35,3.2914561443524636e+33,1206.0359919890748,2.466830753374856e+17
C5,"Classical Limit Pilot (c, d -> 0)",0.19285714285714284,104838.9170056779,6,1.0003191599043328,-78.41720873266925,78.41720873266925,False,6.145849382722736e+33,9.578315829932042e+33,1206.0359919890748,2.466830753374856e+17
C5,"Classical Limit Pilot (c, d -> 0)",0.19285714285714284,104838.9170056779,0,2.7453222563233575,-72.92397227326514,72.92397227326514,False,-4.319648497001202e+31,-1.8073574980923625e+31,1206.0359919890748,2.466830753374856e+17
C5,"Classical Limit Pilot (c, d -> 0)",0.19285714285714284,104838.9170056779,9,3.1390987215789585,-70.01297727853785,70.01297727853785,False,-2.5482870258278505e+30,-6.355267762459138e+27,1206.0359919890748,2.466830753374856e+17
C5,"Classical Limit Pilot (c, d -> 0)",0.22857142857142854,124253.53126598864,1,0.1612813037807872,-121.68653090341571,121.68653090341571,False,6.952097830642497e+52,-1.1310674308521448e+52,1017.593125533037,1.2810655012893575e+21
C5,"Classical Limit Pilot (c, d -> 0)",0.22857142857142854,124253.53126598864,3,1.018500849853391e-16,-121.61097927277929,121.61097927277929,False,6.530963205549402e+52,-6.651791575213292e+36,1017.593125533037,1.2810655012893575e+21
C5,"Classical Limit Pilot (c, d -> 0)",0.22857142857142854,124253.53126598864,5,1.7982460117766812,-96.80539406122703,96.80539406122703,False,-2.4841781348055905e+41,-1.0732885233228039e+42,1017.593125533037,1.2810655012893575e+21
C5,"Classical Limit Pilot (c, d -> 0)",0.22857142857142854,124253.53126598864,4,2.0624725466023413,-83.9363088063148,83.9363088063148,False,-1.3400272169855308e+36,-2.50218330732228e+36,1017.593125533037,1.2810655012893575e+21
C5,"Classical Limit Pilot (c, d -> 0)",0.22857142857142854,124253.53126598864,2,1.819669226823666,-83.82568824389331,83.82568824389331,False,-6.2592018960502065e+35,2.4628789345383265e+36,1017.593125533037,1.2810655012893575e+21
C5,"Classical Limit Pilot (c, d -> 0)",0.22857142857142854,124253.53126598864,7,0.06885575092963818,-82.72345810609488,82.72345810609488,False,8.419979710172149e+35,5.806820092320951e+34,1017.593125533037,1.2810655012893575e+21
C5,"Classical Limit Pilot (c, d -> 0)",0.22857142857142854,124253.53126598864,6,0.7394558727443362,-77.89938176416314,77.89938176416314,False,5.0097875473085063e+33,-4.5693883701711836e+33,1017.593125533037,1.2810655012893575e+21
C5,"Classical Limit Pilot (c, d -> 0)",0.22857142857142854,124253.53126598864,8,2.114048271846079,-77.93457180465239,77.93457180465239,False,-3.630612609345312e+33,6.012354631610571e+33,1017.593125533037,1.2810655012893575e+21
C5,"Classical Limit Pilot (c, d -> 0)",0.22857142857142854,124253.53126598864,0,3.0782131039702483,-74.09436099628158,74.09436099628158,False,-1.5062576403961082e+32,-9.559396442706175e+30,1017.593125533037,1.2810655012893575e+21
C5,"Classical Limit Pilot (c, d -> 0)",0.22857142857142854,124253.53126598864,9,2.8418623255290574,-68.87046891157792,68.87046891157792,False,-7.767069506065335e+29,2.4003413559009584e+29,1017.593125533037,1.2810655012893575e+21
C5,"Classical Limit Pilot (c, d -> 0)",0.2642857142857143,143668.14552629937,1,0.13716724868973018,-121.69220512181954,121.69220512181954,False,7.01705216490612e+52,-9.685920117469692e+51,880.0808010867808,1.58386030359021e+17
C5,"Classical Limit Pilot (c, d -> 0)",0.2642857142857143,143668.14552629937,3,4.0668572439008444e-17,-121.6109784301422,121.6109784301422,False,6.530957702319916e+52,-2.6560472641289764e+36,880.0808010867808,1.58386030359021e+17
C5,"Classical Limit Pilot (c, d -> 0)",0.2642857142857143,143668.14552629937,5,0.012240716344449431,-99.4748060450318,99.4748060450318,False,1.589742616714498e+43,1.946056040016946e+41,880.0808010867808,1.58386030359021e+17
C5,"Classical Limit Pilot (c, d -> 0)",0.2642857142857143,143668.14552629937,2,0.5813784179390626,-82.57605227994385,82.57605227994385,False,6.086639727753046e+35,-3.9997764314606494e+35,880.0808010867808,1.58386030359021e+17
C5,"Classical Limit Pilot (c, d -> 0)",0.2642857142857143,143668.14552629937,4,2.1898916049400645,-82.18800182143583,82.18800182143583,False,-2.867128676214568e+35,4.0237914216812746e+35,880.0808010867808,1.58386030359021e+17
C5,"Classical Limit Pilot (c, d -> 0)",0.2642857142857143,143668.14552629937,7,0.3229490254074763,-80.07945641297043,80.07945641297043,False,5.688705425876604e+34,-1.9038134492055826e+34,880.0808010867808,1.58386030359021e+17
C5,"Classical Limit Pilot (c, d -> 0)",0.2642857142857143,143668.14552629937,8,2.017442442057552,-78.69425603954173,78.69425603954173,False,-6.484965857074489e+33,1.3540663834598484e+34,880.0808010867808,1.58386030359021e+17
C5,"Classical Limit Pilot (c, d -> 0)",0.2642857142857143,143668.14552629937,6,1.7084820151288236,-77.4187559434664,77.4187559434664,False,-5.75511830139541e+32,-4.1534491086495664e+33,880.0808010867808,1.58386030359021e+17
C5,"Classical Limit Pilot (c, d -> 0)",0.2642857142857143,143668.14552629937,0,2.2477309205122418,-76.7182002572103,76.7182002572103,False,-1.3036088101383456e+33,1.6222031520774416e+33,880.0808010867808,1.58386030359021e+17
C5,"Classical Limit Pilot (c, d -> 0)",0.2642857142857143,143668.14552629937,9,2.933114195523282,-71.5894907779123,71.5894907779123,False,-1.2061844027995824e+31,-2.551710770616757e+30,880.0808010867808,1.58386030359021e+17
C5,"Classical Limit Pilot (c, d -> 0)",0.3,163082.75978661008,1,0.12232631365144395,-121.68974652152203,121.68974652152203,False,7.013389362377231e+52,-8.622270735187913e+51,775.3095395497454,7.979936211722568e+16
C5,"Classical Limit Pilot (c, d -> 0)",0.3,163082.75978661008,5,1.8875632926053227,-101.97700654640194,101.97700654640194,False,-6.046495223737885e+43,-1.8445394216590352e+44,775.3095395497454,7.979936211722568e+16
C5,"Classical Limit Pilot (c, d -> 0)",0.3,163082.75978661008,3,3.6579734062260734e-17,-121.61097746538879,121.61097746538879,False,6.530951401559184e+52,-2.3890046544258394e+36,775.3095395497454,7.979936211722568e+16
C5,"Classical Limit Pilot (c, d -> 0)",0.3,163082.75978661008,2,0.0480592083884239,-83.7215120623779,83.7215120623779,False,2.2871200957356814e+36,1.1000188432647916e+35,775.3095395497454,7.979936211722568e+16
C5,"Classical Limit Pilot (c, d -> 0)",0.3,163082.75978661008,4,3.1184100349910637,-83.49850948111454,83.49850948111454,False,-1.831577087839266e+36,-4.246836131182082e+34,775.3095395497454,7.979936211722568e+16
C5,"Classical Limit Pilot (c, d -> 0)",0.3,163082.75978661008,8,3.1393821061611398,-80.30595103921729,80.30595103921729,False,-7.523680407725456e+34,-1.6631479469336083e+32,775.3095395497454,7.979936211722568e+16
C5,"Classical Limit Pilot (c, d -> 0)",0.3,163082.75978661008,7,0.7837352663613573,-79.06791249639173,79.06791249639173,False,1.5451266470397392e+34,1.5399964003395104e+34,775.3095395497454,7.979936211722568e+16
C5,"Classical Limit Pilot (c, d -> 0)",0.3,163082.75978661008,6,2.3492778930926193,-78.34747472358052,78.34747472358052,False,-7.453087722741877e+33,-7.556907467502069e+33,775.3095395497454,7.979936211722568e+16
C5,"Classical Limit Pilot (c, d -> 0)",0.3,163082.75978661008,0,2.795833054626482,-73.55773479533914,73.55773479533914,False,-8.302790378780718e+31,-2.9909181310630196e+31,775.3095395497454,7.979936211722568e+16
C5,"Classical Limit Pilot (c, d -> 0)",0.3,163082.75978661008,9,3.102065168125653,-72.70316003075257,72.70316003075257,False,-3.7518187911226424e+31,-1.483772467440658e+30,775.3095395497454,7.979936211722568e+16
C5,"Classical Limit Pilot (c, d -> 0)",0.3357142857142857,182497.37404692083,1,0.11152542550435593,-121.68852846479972,121.68852846479972,False,7.013744571469249e+52,-7.854700894034435e+51,692.8300654763581,2.436728459616245e+17
C5,"Classical Limit Pilot (c, d -> 0)",0.3357142857142857,182497.37404692083,5,2.426948184354896,-104.33315932483784,104.33315932483784,False,-1.5468563086946748e+45,1.3421095293226693e+45,692.8300654763581,2.436728459616245e+17
C5,"Classical Limit Pilot (c, d -> 0)",0.3357142857142857,182497.37404692083,3,1.3323920962885509e-16,-121.61097637852104,121.61097637852104,False,6.530944303282683e+52,8.701778570994583e+36,692.8300654763581,2.436728459616245e+17
C5,"Classical Limit Pilot (c, d -> 0)",0.3357142857142857,182497.37404692083,4,3.122009051548805,-84.51286411182598,84.51286411182598,False,-5.0511149093425734e+36,9.893167191271218e+34,692.8300654763581,2.436728459616245e+17
C5,"Classical Limit Pilot (c, d -> 0)",0.3357142857142857,182497.37404692083,2,0.07741788544119285,-84.28167471059596,84.28167471059596,False,3.9972698875999854e+36,-3.100799209042644e+35,692.8300654763581,2.436728459616245e+17
C5,"Classical Limit Pilot (c, d -> 0)",0.3357142857142857,182497.37404692083,8,2.9384282443458476,-82.2188328022671,82.2188328022671,False,-4.990684637207273e+35,1.028113974965432e+35,692.8300654763581,2.436728459616245e+17
C5,"Classical Limit Pilot (c, d -> 0)",0.3357142857142857,182497.37404692083,7,0.05630426849638534,-78.86477737952937,78.86477737952937,False,1.777660713713291e+34,1.0019578775272606e+33,692.8300654763581,2.436728459616245e+17
C5,"Classical Limit Pilot (c, d -> 0)",0.3357142857142857,182497.37404692083,6,1.8998561799552738,-76.01916889462055,76.01916889462055,False,-3.3428307534324025e+32,9.789393449260473e+32,692.8300654763581,2.436728459616245e+17
C5,"Classical Limit Pilot (c, d -> 0)",0.3357142857142857,182497.37404692083,0,1.9184568484264504,-73.50515335604517,73.50515335604517,False,-2.8526838581888395e+31,7.872088458585183e+31,692.8300654763581,2.436728459616245e+17
C5,"Classical Limit Pilot (c, d -> 0)",0.3357142857142857,182497.37404692083,9,0.011129977326709574,-70.5470766664726,70.5470766664726,False,4.346895608779275e+30,4.838284741469646e+28,692.8300654763581,2.436728459616245e+17
C5,"Classical Limit Pilot (c, d -> 0)",0.3714285714285714,201911.9883072315,1,0.1031913906394847,-121.69422549397315,121.69422549397315,False,7.060154609766948e+52,-7.311442038581352e+51,626.2120555713632,7.425456448113061e+32
C5,"Classical Limit Pilot (c, d -> 0)",0.3714285714285714,201911.9883072315,5,1.561760270525144,-106.56017490109372,106.56017490109372,False,1.7158091000547195e+44,-1.8987956137021836e+46,626.2120555713632,7.425456448113061e+32
C5,"Classical Limit Pilot (c, d -> 0)",0.3714285714285714,201911.9883072315,3,4.243357566360091e-18,-121.61097516954128,121.61097516954128,False,6.530936407507876e+52,-2.771309842021514e+35,626.2120555713632,7.425456448113061e+32
C5,"Classical Limit Pilot (c, d -> 0)",0.3714285714285714,201911.9883072315,8,1.901663420311261,-82.38287408110665,82.38287408110665,False,-1.95042005074382e+35,5.678178273418127e+35,626.2120555713632,7.425456448113061e+32
C5,"Classical Limit Pilot (c, d -> 0)",0.3714285714285714,201911.9883072315,2,1.2197515878558363,-82.24529208066329,82.24529208066329,False,1.7992113942603012e+35,-4.9130203464961836e+35,626.2120555713632,7.425456448113061e+32
C5,"Classical Limit Pilot (c, d -> 0)",0.3714285714285714,201911.9883072315,4,3.1389383342230617,-82.90772130128097,82.90772130128097,False,-1.0147623333958388e+36,-2.693509639793176e+33,626.2120555713632,7.425456448113061e+32
C5,"Classical Limit Pilot (c, d -> 0)",0.3714285714285714,201911.9883072315,7,0.329443354517613,-79.46570525751316,79.46570525751316,False,3.07263235006548e+34,-1.050542319993128e+34,626.2120555713632,7.425456448113061e+32
C5,"Classical Limit Pilot (c, d -> 0)",0.3714285714285714,201911.9883072315,6,3.042409088497213,-79.18652238140426,79.18652238140426,False,-2.444162293790032e+34,-2.4321879871883933e+33,626.2120555713632,7.425456448113061e+32
C5,"Classical Limit Pilot (c, d -> 0)",0.3714285714285714,201911.9883072315,0,0.2628078703500238,-74.89419572550763,74.89419572550763,False,3.243113257472734e+32,8.724959703021933e+31,626.2120555713632,7.425456448113061e+32
C5,"Classical Limit Pilot (c, d -> 0)",0.3714285714285714,201911.9883072315,9,0.16380209700702655,-68.88027848153685,68.88027848153685,False,8.099762951463081e+29,1.3387530466025964e+29,626.2120555713632,7.425456448113061e+32
C5,"Classical Limit Pilot (c, d -> 0)",0.4071428571428571,221326.60256754226,1,0.0940641885020906,-121.69148203021325,121.69148203021325,False,7.047173534039727e+52,-6.648486936255866e+51,571.2814402498909,4.176861239023112e+17
C5,"Classical Limit Pilot (c, d -> 0)",0.4071428571428571,221326.60256754226,5,2.7803990305756403,-108.6906703586059,108.6906703586059,False,-1.4955153326300488e+47,-5.649551431653209e+46,571.2814402498909,4.176861239023112e+17
C5,"Classical Limit Pilot (c, d -> 0)",0.4071428571428571,221326.60256754226,3,1.4415540744399972e-16,-121.61097383845198,121.61097383845198,False,6.53092771425421e+52,-9.414685456356255e+36,571.2814402498909,4.176861239023112e+17
C5,"Classical Limit Pilot (c, d -> 0)",0.4071428571428571,221326.60256754226,8,2.517271012873842,-83.06988124610493,83.06988124610493,False,-9.682879886800316e+35,6.976064444304856e+35,571.2814402498909,4.176861239023112e+17
C5,"Classical Limit Pilot (c, d -> 0)",0.4071428571428571,221326.60256754226,2,1.0505353946102323,-82.72542547866372,82.72542547866372,False,4.203831453344879e+35,-7.337703173304339e+35,571.2814402498909,4.176861239023112e+17
C5,"Classical Limit Pilot (c, d -> 0)",0.4071428571428571,221326.60256754226,4,3.126540667620255,-82.99511226492685,82.99511226492685,False,-1.1073121936554673e+36,-1.6668506440098216e+34,571.2814402498909,4.176861239023112e+17
C5,"Classical Limit Pilot (c, d -> 0)",0.4071428571428571,221326.60256754226,6,2.343883339076803,-79.48098263224443,79.48098263224443,False,-2.3026299015077277e+34,2.3600355811147474e+34,571.2814402498909,4.176861239023112e+17
C5,"Classical Limit Pilot (c, d -> 0)",0.4071428571428571,221326.60256754226,7,1.3932123009426831,-78.76097082708044,78.76097082708044,False,2.8351357246283995e+33,-1.5796859183067372e+34,571.2814402498909,4.176861239023112e+17
C5,"Classical Limit Pilot (c, d -> 0)",0.4071428571428571,221326.60256754226,0,2.4540027216650255,-73.61814327935762,73.61814327935762,False,-7.244494245698214e+31,-5.9498479454391325e+31,571.2814402498909,4.176861239023112e+17
C5,"Classical Limit Pilot (c, d -> 0)",0.4071428571428571,221326.60256754226,9,0.5530667221883289,-70.29091306851453,70.29091306851453,False,2.863143857089583e+30,1.7675122477347784e+30,571.2814402498909,4.176861239023112e+17
C5,"Classical Limit Pilot (c, d -> 0)",0.44285714285714284,240741.21682785297,1,0.093704563647292,-121.68858547636124,121.68858547636124,False,7.027028501018763e+52,-6.60398658593268e+51,525.2106241119492,1.4325511563317853e+17
C5,"Classical Limit Pilot (c, d -> 0)",0.44285714285714284,240741.21682785297,5,2.388296678971818,-110.7299030712037,110.7299030712037,False,-8.961370005497563e+47,-8.403721000852037e+47,525.2106241119492,1.4325511563317853e+17
C5,"Classical Limit Pilot (c, d -> 0)",0.44285714285714284,240741.21682785297,3,5.352742697678077e-18,-121.61097238525599,121.61097238525599,False,6.530918223543056e+52,-3.4958324830202766e+35,525.2106241119492,1.4325511563317853e+17
C5,"Classical Limit Pilot (c, d -> 0)",0.44285714285714284,240741.21682785297,8,0.09722061982939259,-83.60186261168795,83.60186261168795,False,2.0219570435478357e+36,1.971976028699009e+35,525.2106241119492,1.4325511563317853e+17
C5,"Classical Limit Pilot (c, d -> 0)",0.44285714285714284,240741.21682785297,4,3.0559949915637645,-82.87340693908484,82.87340693908484,False,-9.769455395430084e+35,8.38290916483206e+34,525.2106241119492,1.4325511563317853e+17
C5,"Classical Limit Pilot (c, d -> 0)",0.44285714285714284,240741.21682785297,2,0.003579788182718897,-82.5955198001929,82.5955198001929,False,7.426354839027903e+35,-2.658489085428553e+33,525.2106241119492,1.4325511563317853e+17
C5,"Classical Limit Pilot (c, d -> 0)",0.44285714285714284,240741.21682785297,6,2.3647444363601333,-81.58984275334434,81.58984275334434,False,-1.937247528735366e+35,-1.904400841588057e+35,525.2106241119492,1.4325511563317853e+17
C5,"Classical Limit Pilot (c, d -> 0)",0.44285714285714284,240741.21682785297,7,3.043140622399034,-77.93379055943036,77.93379055943036,False,-6.984044846984466e+33,-6.898236173302942e+32,525.2106241119492,1.4325511563317853e+17
C5,"Classical Limit Pilot (c, d -> 0)",0.44285714285714284,240741.21682785297,0,1.1789928251039534,-75.00824048059954,75.00824048059954,False,1.4373562117664801e+32,-3.4788939212491665e+32,525.2106241119492,1.4325511563317853e+17
C5,"Classical Limit Pilot (c, d -> 0)",0.44285714285714284,240741.21682785297,9,2.425131421928152,-70.94032375810575,70.94032375810575,False,-4.857803232187028e+30,-4.230302751672969e+30,525.2106241119492,1.4325511563317853e+17
C5,"Classical Limit Pilot (c, d -> 0)",0.47857142857142854,260155.83108816372,1,0.08439954125668978,-121.69375611486237,121.69375611486237,False,7.069327826976455e+52,-5.9806877136935567e+51,486.0160700211612,2.712305546598459e+17
C5,"Classical Limit Pilot (c, d -> 0)",0.47857142857142854,260155.83108816372,5,1.3403015056214493,-112.68051314735874,112.68051314735874,False,1.973939754887043e+48,-8.411721510999734e+48,486.0160700211612,2.712305546598459e+17
C5,"Classical Limit Pilot (c, d -> 0)",0.47857142857142854,260155.83108816372,3,2.1930327356510743e-17,-121.6109708099563,121.6109708099563,False,6.530907935397745e+52,-1.4322494895850627e+36,486.0160700211612,2.712305546598459e+17
C5,"Classical Limit Pilot (c, d -> 0)",0.47857142857142854,260155.83108816372,4,3.1144649623767484,-82.50386556108796,82.50386556108796,False,-6.773509247886705e+35,-1.8379475508342925e+34,486.0160700211612,2.712305546598459e+17
C5,"Classical Limit Pilot (c, d -> 0)",0.47857142857142854,260155.83108816372,2,0.15296050193231428,-82.70956408883357,82.70956408883357,False,8.226342225438411e+35,-1.2682116446059381e+35,486.0160700211612,2.712305546598459e+17
C5,"Classical Limit Pilot (c, d -> 0)",0.47857142857142854,260155.83108816372,8,0.37307571257464794,-82.70767030486878,82.70767030486878,False,7.736290829826627e+35,3.0280292185796754e+35,486.0160700211612,2.712305546598459e+17
C5,"Classical Limit Pilot (c, d -> 0)",0.47857142857142854,260155.83108816372,6,0.3961659378079691,-81.78197113950513,81.78197113950513,False,3.0370183451696326e+35,1.2703273568313363e+35,486.0160700211612,2.712305546598459e+17
C5,"Classical Limit Pilot (c, d -> 0)",0.47857142857142854,260155.83108816372,7,0.19285082250775284,-79.56542669089553,79.56542669089553,False,3.521268824078048e+34,6.876253930544212e+33,486.0160700211612,2.712305546598459e+17
C5,"Classical Limit Pilot (c, d -> 0)",0.47857142857142854,260155.83108816372,0,0.4359432440071855,-78.15730147858046,78.15730147858046,False,7.95498227519294e+33,-3.705701808187976e+33,486.0160700211612,2.712305546598459e+17
C5,"Classical Limit Pilot (c, d -> 0)",0.47857142857142854,260155.83108816372,9,0.06710654546212101,-72.97001902018684,72.97001902018684,False,4.892130047355015e+31,-3.2878763751994595e+30,486.0160700211612,2.712305546598459e+17
C5,"Classical Limit Pilot (c, d -> 0)",0.5142857142857142,279570.44534847443,1,0.08298873593266688,-121.68805624910694,121.68805624910694,False,7.029980192720741e+52,-5.847522081408911e+51,452.26522336900666,7.032762978623351e+17
C5,"Classical Limit Pilot (c, d -> 0)",0.5142857142857142,279570.44534847443,5,0.3845968654365161,-114.57030484666143,114.57030484666143,False,5.300384562157987e+49,-2.14534533054093e+49,452.26522336900666,7.032762978623351e+17
C5,"Classical Limit Pilot (c, d -> 0)",0.5142857142857142,279570.44534847443,3,3.8817824750583834e-18,-121.61096911255623,121.61096911255623,False,6.530896849843605e+52,2.535152093813691e+35,452.26522336900666,7.032762978623351e+17
C5,"Classical Limit Pilot (c, d -> 0)",0.5142857142857142,279570.44534847443,2,0.07190090520859872,-84.59501644078436,84.59501644078436,False,5.470477968806011e+36,-3.940115310856941e+35,452.26522336900666,7.032762978623351e+17
C5,"Classical Limit Pilot (c, d -> 0)",0.5142857142857142,279570.44534847443,8,1.6883864799572967,-83.56805154163715,83.56805154163715,False,-2.304163424392456e+35,1.9504468098955943e+36,452.26522336900666,7.032762978623351e+17
C5,"Classical Limit Pilot (c, d -> 0)",0.5142857142857142,279570.44534847443,6,1.9077976840768958,-83.44629578282462,83.44629578282462,False,-5.749705927225377e+35,-1.6410543253862882e+36,452.26522336900666,7.032762978623351e+17
C5,"Classical Limit Pilot (c, d -> 0)",0.5142857142857142,279570.44534847443,7,2.2552013112066582,-82.097157907569,82.097157907569,False,-2.852367427525787e+35,-3.4956639080672106e+35,452.26522336900666,7.032762978623351e+17
C5,"Classical Limit Pilot (c, d -> 0)",0.5142857142857142,279570.44534847443,4,2.977915293854685,-82.02423051843114,82.02423051843114,False,-4.1383488669855095e+35,6.834683809456038e+34,452.26522336900666,7.032762978623351e+17
C5,"Classical Limit Pilot (c, d -> 0)",0.5142857142857142,279570.44534847443,0,1.889107145282889,-81.3182711142372,81.3182711142372,False,-6.479910049542191e+34,1.9664946888005132e+35,452.26522336900666,7.032762978623351e+17
C5,"Classical Limit Pilot (c, d -> 0)",0.5142857142857142,279570.44534847443,9,2.37439888900922,-72.47373859798348,72.47373859798348,False,-2.1487882392890957e+31,-2.071943859922382e+31,452.26522336900666,7.032762978623351e+17
C5,"Classical Limit Pilot (c, d -> 0)",0.55,298985.0596087852,1,0.08058523928606083,-121.69324365873189,121.69324365873189,False,7.067934676257445e+52,-5.7080734638897555e+51,422.8976216686503,1.2298144188342168e+17
C5,"Classical Limit Pilot (c, d -> 0)",0.55,298985.0596087852,5,0.16422899732578253,-116.38487079691035,116.38487079691035,False,3.46277228095296e+50,-5.738561091775847e+49,422.8976216686503,1.2298144188342168e+17
C5,"Classical Limit Pilot (c, d -> 0)",0.55,298985.0596087852,0,0.1351232742132301,-76.77293249679931,76.77293249679931,False,2.1781314188143533e+33,2.9612066640873193e+32,422.8976216686503,1.2298144188342168e+17
C5,"Classical Limit Pilot (c, d -> 0)",0.55,298985.0596087852,2,0.4313138045030294,-84.29732478863865,84.29732478863865,False,3.6995455687836855e+36,-1.702575725396528e+36,422.8976216686503,1.2298144188342168e+17
C5,"Classical Limit Pilot (c, d -> 0)",0.55,298985.0596087852,3,8.77373301012188e-17,-121.61096729305935,121.61096729305935,False,6.53088496690788e+52,-5.730024101946841e+36,422.8976216686503,1.2298144188342168e+17
C5,"Classical Limit Pilot (c, d -> 0)",0.55,298985.0596087852,8,0.008109814682606617,-83.55383453865858,83.55383453865858,False,1.936221330577551e+36,1.5702740428674773e+34,422.8976216686503,1.2298144188342168e+17
C5,"Classical Limit Pilot (c, d -> 0)",0.55,298985.0596087852,4,3.1149640805579546,-83.47649939137382,83.47649939137382,False,-1.7915505272234252e+36,-4.771771316062052e+34,422.8976216686503,1.2298144188342168e+17
C5,"Classical Limit Pilot (c, d -> 0)",0.55,298985.0596087852,6,2.1476437916212854,-83.05668227617724,83.05668227617724,False,-6.423346966039454e+35,9.871866662846222e+35,422.8976216686503,1.2298144188342168e+17
C5,"Classical Limit Pilot (c, d -> 0)",0.55,298985.0596087852,7,0.73652919256129,-81.3835029202655,81.3835029202655,False,1.6372304253316908e+35,-1.4845506362365687e+35,422.8976216686503,1.2298144188342168e+17
C5,"Classical Limit Pilot (c, d -> 0)",0.55,298985.0596087852,9,0.009696465856731064,-73.377161131898,73.377161131898,False,7.366747094643e+31,7.143365045754578e+29,422.8976216686503,1.2298144188342168e+17
C5,"Classical Limit Pilot (c, d -> 0)",0.5857142857142857,318399.67386909586,1,0.07554833578451878,-121.69397125180224,121.69397125180224,False,7.075866586654655e+52,-5.3558930054302576e+51,397.11145181175254,1.0354516631938526e+17
C5,"Classical Limit Pilot (c, d -> 0)",0.5857142857142857,318399.67386909586,5,1.213481389219935,-118.14573223616438,118.14573223616438,False,7.141833842282432e+50,-1.9129546925348123e+51,397.11145181175254,1.0354516631938526e+17
C5,"Classical Limit Pilot (c, d -> 0)",0.5857142857142857,318399.67386909586,0,2.9950726846350375,-77.99249107660496,77.99249107660496,False,-7.362579369973125e+33,1.0865514505907835e+33,397.11145181175254,1.0354516631938526e+17
C5,"Classical Limit Pilot (c, d -> 0)",0.5857142857142857,318399.67386909586,4,2.9863082199353648,-83.43033401330504,83.43033401330504,False,-1.6907382534204233e+36,-2.6467616120318493e+35,397.11145181175254,1.0354516631938526e+17
C5,"Classical Limit Pilot (c, d -> 0)",0.5857142857142857,318399.67386909586,3,4.5546935242103346e-17,-121.61096535146943,121.61096535146943,False,6.530872286619819e+52,2.974612171131203e+36,397.11145181175254,1.0354516631938526e+17
C5,"Classical Limit Pilot (c, d -> 0)",0.5857142857142857,318399.67386909586,8,0.011375710824748685,-84.05198353668625,84.05198353668625,False,3.186284435259476e+36,-3.6247813925562073e+34,397.11145181175254,1.0354516631938526e+17
C5,"Classical Limit Pilot (c, d -> 0)",0.5857142857142857,318399.67386909586,2,2.784058587376835,-83.91495485268186,83.91495485268186,False,-2.6027437594044546e+36,-9.723594355536211e+35,397.11145181175254,1.0354516631938526e+17
C5,"Classical Limit Pilot (c, d -> 0)",0.5857142857142857,318399.67386909586,6,2.17138218081609,-82.24099568291248,82.24099568291248,False,-2.9441221524926368e+35,4.298006035165805e+35,397.11145181175254,1.0354516631938526e+17
C5,"Classical Limit Pilot (c, d -> 0)",0.5857142857142857,318399.67386909586,7,2.2400588596091104,-81.50891988825678,81.50891988825678,False,-1.5543591192199432e+35,-1.964920332003222e+35,397.11145181175254,1.0354516631938526e+17
C5,"Classical Limit Pilot (c, d -> 0)",0.5857142857142857,318399.67386909586,9,0.11758407028468518,-73.68614073643529,73.68614073643529,False,9.964949221429192e+31,-1.1771493912161734e+31,397.11145181175254,1.0354516631938526e+17
C5,"Classical Limit Pilot (c, d -> 0)",0.6214285714285714,337814.28812940663,1,0.07474593440034971,-121.69321220712743,121.69321220712743,False,7.070924880968677e+52,-5.295093697458547e+51,374.28922556034615,2.673386302454897e+33
C5,"Classical Limit Pilot (c, d -> 0)",0.6214285714285714,337814.28812940663,5,2.305181528467353,-119.85516165235333,119.85516165235333,False,-7.561274613455808e+51,8.374933722910789e+51,374.28922556034615,2.673386302454897e+33
C5,"Classical Limit Pilot (c, d -> 0)",0.6214285714285714,337814.28812940663,0,3.070742789448949,-77.77862697965033,77.77862697965033,False,-5.99428764534247e+33,-4.2540650842164334e+32,374.28922556034615,2.673386302454897e+33
C5,"Classical Limit Pilot (c, d -> 0)",0.6214285714285714,337814.28812940663,4,2.85021333942004,-83.07616453103562,83.07616453103562,False,-1.1503147216685217e+36,3.449972706128514e+35,374.28922556034615,2.673386302454897e+33
C5,"Classical Limit Pilot (c, d -> 0)",0.6214285714285714,337814.28812940663,3,1.0316209277800536e-16,-121.61096328779057,121.61096328779057,False,6.530858809010605e+52,6.737370623752056e+36,374.28922556034615,2.673386302454897e+33
C5,"Classical Limit Pilot (c, d -> 0)",0.6214285714285714,337814.28812940663,8,0.2936434515288752,-83.27301473454192,83.27301473454192,False,1.3996244273845522e+36,4.232254668440454e+35,374.28922556034615,2.673386302454897e+33
C5,"Classical Limit Pilot (c, d -> 0)",0.6214285714285714,337814.28812940663,2,0.4966221945109249,-83.09179415863466,83.09179415863466,False,1.0724915314259648e+36,-5.812096001779625e+35,374.28922556034615,2.673386302454897e+33
C5,"Classical Limit Pilot (c, d -> 0)",0.6214285714285714,337814.28812940663,6,0.01985451393161463,-82.82712247474191,82.82712247474191,False,9.360016994482045e+35,1.8586301096536056e+34,374.28922556034615,2.673386302454897e+33
C5,"Classical Limit Pilot (c, d -> 0)",0.6214285714285714,337814.28812940663,7,1.1255262163408988,-80.22909027536149,80.22909027536149,False,3.0007357305565055e+34,6.2877561672302705e+34,374.28922556034615,2.673386302454897e+33
C5,"Classical Limit Pilot (c, d -> 0)",0.6214285714285714,337814.28812940663,9,2.221854575139437,-72.73853754157186,72.73853754157186,False,-2.357428553938527e+31,3.094243548912397e+31,374.28922556034615,2.673386302454897e+33
C5,"Classical Limit Pilot (c, d -> 0)",0.6571428571428571,357228.90238971735,1,0.06741276860456541,-121.69044491602288,121.69044491602288,False,7.055067243132739e+52,-4.7632338182800064e+51,353.9476912327839,2.961794718937502e+17
C5,"Classical Limit Pilot (c, d -> 0)",0.6571428571428571,357228.90238971735,5,2.573691581973066,-121.26190305088002,121.26190305088002,False,-3.883464155845058e+52,-2.477693907308962e+52,353.9476912327839,2.961794718937502e+17
C5,"Classical Limit Pilot (c, d -> 0)",0.6571428571428571,357228.90238971735,7,2.465653936882028,-78.69654700277266,78.69654700277266,False,-1.173917355524616e+34,9.414420820219117e+33,353.9476912327839,2.961794718937502e+17
C5,"Classical Limit Pilot (c, d -> 0)",0.6571428571428571,357228.90238971735,4,2.4081837576868406,-84.17820288392647,84.17820288392647,False,-2.6856999408357614e+36,2.4200179931164317e+36,353.9476912327839,2.961794718937502e+17
C5,"Classical Limit Pilot (c, d -> 0)",0.6571428571428571,357228.90238971735,3,1.9432803079786107e-17,-121.61096110202706,121.61096110202706,False,6.530844534113363e+52,-1.2691261577612244e+36,353.9476912327839,2.961794718937502e+17
C5,"Classical Limit Pilot (c, d -> 0)",0.6571428571428571,357228.90238971735,8,0.8994391668698049,-83.87366920803336,83.87366920803336,False,1.658427307746471e+36,-2.0874753996500393e+36,353.9476912327839,2.961794718937502e+17
C5,"Classical Limit Pilot (c, d -> 0)",0.6571428571428571,357228.90238971735,2,2.3095054353489,-83.97123480064043,83.97123480064043,False,-1.979130814389739e+36,2.1731372770072472e+36,353.9476912327839,2.961794718937502e+17
C5,"Classical Limit Pilot (c, d -> 0)",0.6571428571428571,357228.90238971735,6,2.1954236018623403,-82.57604631538082,82.57604631538082,False,-4.259169048253013e+35,5.9079811199856436e+35,353.9476912327839,2.961794718937502e+17
C5,"Classical Limit Pilot (c, d -> 0)",0.6571428571428571,357228.90238971735,0,0.22800031908176854,-75.76834745091574,75.76834745091574,False,7.84129527632183e+32,1.8194552398128375e+32,353.9476912327839,2.961794718937502e+17
C5,"Classical Limit Pilot (c, d -> 0)",0.6571428571428571,357228.90238971735,9,1.5858861280800163,-72.41765212113889,72.41765212113889,False,-4.258471524094039e+29,-2.8218716852241104e+31,353.9476912327839,2.961794718937502e+17
C5,"Classical Limit Pilot (c, d -> 0)",0.6928571428571428,376643.51665002806,0,0.15264932839526515,-76.74339411716304,76.74339411716304,False,2.1093705987797737e+33,3.2451855365842673e+32,335.7032366824917,1.068120050717423e+17
C5,"Classical Limit Pilot (c, d -> 0)",0.6928571428571428,376643.51665002806,1,0.06629861205121962,-121.689986839497,121.689986839497,False,7.052362301306812e+52,-4.682480958145745e+51,335.7032366824917,1.068120050717423e+17
C5,"Classical Limit Pilot (c, d -> 0)",0.6928571428571428,376643.51665002806,5,2.6760199227405197,-121.26224611432919,121.26224611432919,False,-4.117658284642469e+52,2.0687474439539048e+52,335.7032366824917,1.068120050717423e+17
C5,"Classical Limit Pilot (c, d -> 0)",0.6928571428571428,376643.51665002806,2,0.347139333564927,-84.23061984925795,84.23061984925795,False,3.5824722664972725e+36,-1.2961027468130508e+36,335.7032366824917,1.068120050717423e+17
C5,"Classical Limit Pilot (c, d -> 0)",0.6928571428571428,376643.51665002806,3,1.413122498840865e-16,-121.61095879418349,121.61095879418349,False,6.530829461963229e+52,9.22886204879302e+36,335.7032366824917,1.068120050717423e+17
C5,"Classical Limit Pilot (c, d -> 0)",0.6928571428571428,376643.51665002806,4,1.2484766818621142,-84.87123333591377,84.87123333591377,False,2.2900716281840274e+36,6.857204514476173e+36,335.7032366824917,1.068120050717423e+17
C5,"Classical Limit Pilot (c, d -> 0)",0.6928571428571428,376643.51665002806,8,0.5704911647319372,-83.69780542343509,83.69780542343509,False,1.8819984281060792e+36,-1.2076063581628352e+36,335.7032366824917,1.068120050717423e+17
C5,"Classical Limit Pilot (c, d -> 0)",0.6928571428571428,376643.51665002806,6,3.0330169900367348,-82.62261907801361,82.62261907801361,False,-7.585472222325055e+35,8.268493891488834e+34,335.7032366824917,1.068120050717423e+17
C5,"Classical Limit Pilot (c, d -> 0)",0.6928571428571428,376643.51665002806,7,1.495113145605429,-77.75492875163441,77.75492875163441,False,4.4373245490958184e+32,-5.851827306635471e+33,335.7032366824917,1.068120050717423e+17
C5,"Classical Limit Pilot (c, d -> 0)",0.6928571428571428,376643.51665002806,9,2.1109284206003385,-72.16846221772839,72.16846221772839,False,-1.1311979392505458e+31,-1.8865586943285397e+31,335.7032366824917,1.068120050717423e+17
C5,"Classical Limit Pilot (c, d -> 0)",0.7285714285714285,396058.1309103388,0,2.976443976175166,-74.80905646643058,74.80905646643058,False,-3.0423614405477506e+32,5.070602400912918e+31,319.2474678216306,6.48261074419954e+31
C5,"Classical Limit Pilot (c, d -> 0)",0.7285714285714285,396058.1309103388,1,0.06606986519827465,-121.69253704981044,121.69253704981044,False,7.070477459464685e+52,-4.678264136616776e+51,319.2474678216306,6.48261074419954e+31
C5,"Classical Limit Pilot (c, d -> 0)",0.7285714285714285,396058.1309103388,5,1.093929469769098,-121.25958952429055,121.25958952429055,False,2.1095083177177996e+52,-4.083169741582007e+52,319.2474678216306,6.48261074419954e+31
C5,"Classical Limit Pilot (c, d -> 0)",0.7285714285714285,396058.1309103388,8,0.2510521176106131,-82.15284701127423,82.15284701127423,False,4.620571810009644e+35,-1.1850054213802016e+35,319.2474678216306,6.48261074419954e+31
C5,"Classical Limit Pilot (c, d -> 0)",0.7285714285714285,396058.1309103388,3,8.366863555636146e-17,-121.6109563642647,121.6109563642647,False,6.530813592597271e+52,5.464242623655527e+36,319.2474678216306,6.48261074419954e+31
C5,"Classical Limit Pilot (c, d -> 0)",0.7285714285714285,396058.1309103388,2,0.19514115514841357,-84.67773423299676,84.67773423299676,False,5.844545116697662e+36,-1.15521216699838e+36,319.2474678216306,6.48261074419954e+31
C5,"Classical Limit Pilot (c, d -> 0)",0.7285714285714285,396058.1309103388,4,2.1025177736493315,-83.57542643996491,83.57542643996491,False,-1.0031590379399342e+36,-1.705380590117695e+36,319.2474678216306,6.48261074419954e+31
C5,"Classical Limit Pilot (c, d -> 0)",0.7285714285714285,396058.1309103388,6,2.780627867499667,-83.36480789296108,83.36480789296108,False,-1.499498660296364e+36,5.660678342664304e+35,319.2474678216306,6.48261074419954e+31
C5,"Classical Limit Pilot (c, d -> 0)",0.7285714285714285,396058.1309103388,7,0.5613881982187463,-78.11218830161818,78.11218830161818,False,7.10113850126615e+33,-4.465799999091686e+33,319.2474678216306,6.48261074419954e+31
C5,"Classical Limit Pilot (c, d -> 0)",0.7285714285714285,396058.1309103388,9,0.9018626754521682,-72.02955147360042,72.02955147360042,False,1.1872258709628143e+31,-1.5018290524414019e+31,319.2474678216306,6.48261074419954e+31
C5,"Classical Limit Pilot (c, d -> 0)",0.7642857142857142,415472.7451706495,0,0.3805063771123649,-75.85039623490738,75.85039623490738,False,8.112963841460668e+32,3.2451855365842673e+32,304.32963431889306,1.8980167728868118e+31
C5,"Classical Limit Pilot (c, d -> 0)",0.7642857142857142,415472.7451706495,5,1.578821002269788,-121.26031054281337,121.26031054281337,False,-3.6906814303290778e+50,-4.599067240223485e+52,304.32963431889306,1.8980167728868118e+31
C5,"Classical Limit Pilot (c, d -> 0)",0.7642857142857142,415472.7451706495,1,0.0628721080798848,-121.69171724955255,121.69171724955255,False,7.066142101828248e+52,-4.4484955335067014e+51,304.32963431889306,1.8980167728868118e+31
C5,"Classical Limit Pilot (c, d -> 0)",0.7642857142857142,415472.7451706495,4,2.1752819952733162,-83.51945309928621,83.51945309928621,False,-1.0632736285429524e+36,-1.539320324719228e+36,304.32963431889306,1.8980167728868118e+31
C5,"Classical Limit Pilot (c, d -> 0)",0.7642857142857142,415472.7451706495,3,1.3046214781323742e-16,-121.61095381227577,121.61095381227577,False,6.530796926054511e+52,-8.520217939051603e+36,304.32963431889306,1.8980167728868118e+31
C5,"Classical Limit Pilot (c, d -> 0)",0.7642857142857142,415472.7451706495,2,1.6251481912921004,-83.92580806754079,83.92580806754079,False,-1.5258643699174634e+35,-2.8046168361938836e+36,304.32963431889306,1.8980167728868118e+31
C5,"Classical Limit Pilot (c, d -> 0)",0.7642857142857142,415472.7451706495,6,2.723298475300509,-83.66890026896255,83.66890026896255,False,-1.9851112590525653e+36,8.824377224340006e+35,304.32963431889306,1.8980167728868118e+31
C5,"Classical Limit Pilot (c, d -> 0)",0.7642857142857142,415472.7451706495,8,0.3763912718020687,-82.80754255043848,82.80754255043848,False,8.537690382215963e+35,3.374388043322115e+35,304.32963431889306,1.8980167728868118e+31
C5,"Classical Limit Pilot (c, d -> 0)",0.7642857142857142,415472.7451706495,7,0.9040470142178187,-77.7034185153145,77.7034185153145,False,3.4471467461704406e+33,4.3802398390694284e+33,304.32963431889306,1.8980167728868118e+31
C5,"Classical Limit Pilot (c, d -> 0)",0.7642857142857142,415472.7451706495,9,1.6429044773967612,-72.27407346347303,72.27407346347303,False,-1.7613238795132656e+30,2.4383791404379548e+31,304.32963431889306,1.8980167728868118e+31
C5,"Classical Limit Pilot (c, d -> 0)",0.8,434887.35943096026,0,0.7853981633974483,-75.69197690653577,75.69197690653577,False,5.273426496949434e+32,5.273426496949434e+32,290.7437626829548,2.0684463046652208e+17
C5,"Classical Limit Pilot (c, d -> 0)",0.8,434887.35943096026,1,0.06613265266130779,-121.6969093287472,121.6969093287472,False,7.101429723928843e+52,-4.7032224112090597e+51,290.7437626829548,2.0684463046652208e+17
C5,"Classical Limit Pilot (c, d -> 0)",0.8,434887.35943096026,5,1.00277708430296,-121.25502641063915,121.25502641063915,False,2.4611698966730966e+52,3.8565597691501795e+52,290.7437626829548,2.0684463046652208e+17
C5,"Classical Limit Pilot (c, d -> 0)",0.8,434887.35943096026,4,2.4180061589496553,-83.58093796440158,83.58093796440158,False,-1.4909899378457447e+36,-1.3171902343428062e+36,290.7437626829548,2.0684463046652208e+17
C5,"Classical Limit Pilot (c, d -> 0)",0.8,434887.35943096026,3,2.017450137927286e-17,-121.61095113822203,121.61095113822203,False,6.53077946237593e+52,-1.3175521927143007e+36,290.7437626829548,2.0684463046652208e+17
C5,"Classical Limit Pilot (c, d -> 0)",0.8,434887.35943096026,2,0.6061658353439766,-84.68349254382642,84.68349254382642,False,4.924475478480445e+36,3.413779268283995e+36,290.7437626829548,2.0684463046652208e+17
C5,"Classical Limit Pilot (c, d -> 0)",0.8,434887.35943096026,8,0.44741599014277306,-83.30375007335576,83.30375007335576,False,1.359432008687076e+36,-6.523534428207458e+35,290.7437626829548,2.0684463046652208e+17
C5,"Classical Limit Pilot (c, d -> 0)",0.8,434887.35943096026,6,2.7350747408712723,-82.52346549484102,82.52346549484102,False,-6.3469691946824876e+35,-2.7323548490673656e+35,290.7437626829548,2.0684463046652208e+17
C5,"Classical Limit Pilot (c, d -> 0)",0.8,434887.35943096026,7,2.4329351037267117,-78.1504065798964,78.1504065798964,False,-6.617093475956211e+33,-5.672153443188324e+33,290.7437626829548,2.0684463046652208e+17
C5,"Classical Limit Pilot (c, d -> 0)",0.8,434887.35943096026,9,2.7997389879305064,-73.58075454295167,73.58075454295167,False,-8.508024886163224e+31,-3.0273582842151436e+31,290.7437626829548,2.0684463046652208e+17
C5,"Classical Limit Pilot (c, d -> 0)",0.8357142857142857,454301.973691271,1,0.06813615261606441,-121.69645704296867,121.69645704296867,False,7.097262464457687e+52,-4.843298967241555e+51,278.31908857942494,1.348138897824371e+17
C5,"Classical Limit Pilot (c, d -> 0)",0.8357142857142857,454301.973691271,5,0.1571593333329958,-121.25539263630968,121.25539263630968,False,4.5202490789168335e+52,7.163064294801639e+51,278.31908857942494,1.348138897824371e+17
C5,"Classical Limit Pilot (c, d -> 0)",0.8357142857142857,454301.973691271,7,2.8847257237072914,-79.25747468903774,79.25747468903774,False,-2.5503278428609416e+34,-6.698934285868598e+33,278.31908857942494,1.348138897824371e+17
C5,"Classical Limit Pilot (c, d -> 0)",0.8357142857142857,454301.973691271,2,0.2535349470941759,-84.64480642610515,84.64480642610515,False,5.58035697064629e+36,-1.445930550341177e+36,278.31908857942494,1.348138897824371e+17
C5,"Classical Limit Pilot (c, d -> 0)",0.8357142857142857,454301.973691271,3,2.573227272183439e-17,-121.61094834210908,121.61094834210908,False,6.530761201604477e+52,1.6805132832086128e+36,278.31908857942494,1.348138897824371e+17
C5,"Classical Limit Pilot (c, d -> 0)",0.8357142857142857,454301.973691271,4,3.0965713802728425,-84.91600114812805,84.91600114812805,False,-7.552842634393405e+36,-3.402685220975359e+35,278.31908857942494,1.348138897824371e+17
C5,"Classical Limit Pilot (c, d -> 0)",0.8357142857142857,454301.973691271,8,0.028913210216377522,-83.41208220667524,83.41208220667524,False,1.679675825487457e+36,4.857835773572766e+34,278.31908857942494,1.348138897824371e+17
C5,"Classical Limit Pilot (c, d -> 0)",0.8357142857142857,454301.973691271,6,1.0055837445317808,-81.58822029213077,81.58822029213077,False,1.4526154459173588e+35,-2.2903430465854805e+35,278.31908857942494,1.348138897824371e+17
C5,"Classical Limit Pilot (c, d -> 0)",0.8357142857142857,454301.973691271,0,2.5993104095684876,-77.45740655643289,77.45740655643289,False,-3.733089333020389e+33,2.2493213451560774e+33,278.31908857942494,1.348138897824371e+17
C5,"Classical Limit Pilot (c, d -> 0)",0.8357142857142857,454301.973691271,9,2.442498170970071,-74.01430905757125,74.01430905757125,False,-1.0663721039738975e+32,-8.965434137731332e+31,278.31908857942494,1.348138897824371e+17
C5,"Classical Limit Pilot (c, d -> 0)",0.8714285714285714,473716.58795158175,0,0.27829965900511133,-76.15189427669021,76.15189427669021,False,1.1358149378044935e+33,-3.2451855365842673e+32,266.91284181454387,5.543658851727954e+32
C5,"Classical Limit Pilot (c, d -> 0)",0.8714285714285714,473716.58795158175,1,0.06170256218846799,-121.69065871959263,121.69065871959263,False,7.059181229934334e+52,-4.3612317965737965e+51,266.91284181454387,5.543658851727954e+32
C5,"Classical Limit Pilot (c, d -> 0)",0.8714285714285714,473716.58795158175,5,1.9789844847756966,-121.26111026471226,121.26111026471226,False,-1.8271053013395766e+52,4.224728105730627e+52,266.91284181454387,5.543658851727954e+32
C5,"Classical Limit Pilot (c, d -> 0)",0.8714285714285714,473716.58795158175,8,2.210803372039154,-83.60467357401748,83.60467357401748,False,-1.2166593217157747e+36,1.634076317551995e+36,266.91284181454387,5.543658851727954e+32
C5,"Classical Limit Pilot (c, d -> 0)",0.8714285714285714,473716.58795158175,3,2.884924076673811e-17,-121.6109454239428,121.6109454239428,False,6.530742143785056e+52,-1.884069524915385e+36,266.91284181454387,5.543658851727954e+32
C5,"Classical Limit Pilot (c, d -> 0)",0.8714285714285714,473716.58795158175,2,0.16109343276226004,-84.69773110374055,84.69773110374055,False,5.999257405658377e+36,-9.7488873873318e+35,266.91284181454387,5.543658851727954e+32
C5,"Classical Limit Pilot (c, d -> 0)",0.8714285714285714,473716.58795158175,4,2.4739854639779106,-83.95317943633697,83.95317943633697,False,-2.2669456511169066e+36,-1.7871847768210574e+36,266.91284181454387,5.543658851727954e+32
C5,"Classical Limit Pilot (c, d -> 0)",0.8714285714285714,473716.58795158175,6,2.098395163472495,-83.08835047644364,83.08835047644364,False,-6.120363536186843e+35,1.050352658081047e+36,266.91284181454387,5.543658851727954e+32
C5,"Classical Limit Pilot (c, d -> 0)",0.8714285714285714,473716.58795158175,7,1.2664258664986106,-77.3154526629196,77.3154526629196,False,1.1333147003487031e+33,-3.607772415920692e+33,266.91284181454387,5.543658851727954e+32
C5,"Classical Limit Pilot (c, d -> 0)",0.8714285714285714,473716.58795158175,9,0.33949362867919003,-73.4386560335406,73.4386560335406,False,7.387193808994961e+31,2.60891489741549e+31,266.91284181454387,5.543658851727954e+32
C5,"Classical Limit Pilot (c, d -> 0)",0.9071428571428571,493131.20221189247,9,2.677945044588987,-73.58517291501131,73.58517291501131,False,-8.112963841460668e+31,4.056481920730334e+31,256.40473569446493,1.2344092243307861e+17
C5,"Classical Limit Pilot (c, d -> 0)",0.9071428571428571,493131.20221189247,1,0.06487954005044731,-121.68662218830872,121.68662218830872,False,7.029328605353523e+52,-4.567005916057945e+51,256.40473569446493,1.2344092243307861e+17
C5,"Classical Limit Pilot (c, d -> 0)",0.9071428571428571,493131.20221189247,5,0.040176482563600575,-121.26507092695043,121.26507092695043,False,4.617432428352246e+52,1.8561207275515582e+51,256.40473569446493,1.2344092243307861e+17
C5,"Classical Limit Pilot (c, d -> 0)",0.9071428571428571,493131.20221189247,8,1.7935095026114318,-83.95620064376179,83.95620064376179,False,-6.3953507130924745e+35,-2.823928329929678e+36,256.40473569446493,1.2344092243307861e+17
C5,"Classical Limit Pilot (c, d -> 0)",0.9071428571428571,493131.20221189247,3,6.905896673265295e-17,-121.61094238372925,121.61094238372925,False,6.530722288964529e+52,-4.5100493329379653e+36,256.40473569446493,1.2344092243307861e+17
C5,"Classical Limit Pilot (c, d -> 0)",0.9071428571428571,493131.20221189247,2,0.061980431846076156,-84.75395762313127,84.75395762313127,False,6.417138214315721e+36,-3.982470936093992e+35,256.40473569446493,1.2344092243307861e+17
C5,"Classical Limit Pilot (c, d -> 0)",0.9071428571428571,493131.20221189247,4,3.0315644223528095,-83.51179052417947,83.51179052417947,False,-1.8453368172787672e+36,-2.038624782047113e+35,256.40473569446493,1.2344092243307861e+17
C5,"Classical Limit Pilot (c, d -> 0)",0.9071428571428571,493131.20221189247,6,2.983374821858377,-82.13364904882711,82.13364904882711,False,-4.6209567906667674e+35,-7.372801377372827e+34,256.40473569446493,1.2344092243307861e+17
C5,"Classical Limit Pilot (c, d -> 0)",0.9071428571428571,493131.20221189247,7,0.43093078711677213,-77.22952564098505,77.22952564098505,False,3.1529619245832944e+33,-1.449568151765129e+33,256.40473569446493,1.2344092243307861e+17
C5,"Classical Limit Pilot (c, d -> 0)",0.9071428571428571,493131.20221189247,0,2.9623616269025708,-73.91472086596845,73.91472086596845,False,-1.240915323112716e+32,2.2482308653475707e+31,256.40473569446493,1.2344092243307861e+17
C5,"Classical Limit Pilot (c, d -> 0)",0.9428571428571428,512545.8164722032,9,0.7853981633974483,-73.82017472963418,73.82017472963418,False,8.112963841460668e+31,-8.112963841460668e+31,246.69270878498617,1.3934106657846477e+17
C5,"Classical Limit Pilot (c, d -> 0)",0.9428571428571428,512545.8164722032,1,0.06878231718287474,-121.69649676137568,121.69649676137568,False,7.097229911074628e+52,-4.889352141622938e+51,246.69270878498617,1.3934106657846477e+17
C5,"Classical Limit Pilot (c, d -> 0)",0.9428571428571428,512545.8164722032,5,0.46799118540729745,-121.25512484465305,121.25512484465305,False,4.083459869553634e+52,2.0639493553206098e+52,246.69270878498617,1.3934106657846477e+17
C5,"Classical Limit Pilot (c, d -> 0)",0.9428571428571428,512545.8164722032,4,2.6284586905626077,-83.66192785842136,83.66192785842136,False,-1.8794752583602726e+36,1.0590476185071898e+36,246.69270878498617,1.3934106657846477e+17
C5,"Classical Limit Pilot (c, d -> 0)",0.9428571428571428,512545.8164722032,3,2.4296881803871558e-17,-121.61093922147482,121.61093922147482,False,6.530701637191732e+52,1.5867568577519797e+36,246.69270878498617,1.3934106657846477e+17
C5,"Classical Limit Pilot (c, d -> 0)",0.9428571428571428,512545.8164722032,2,0.060686220491935845,-83.72402963372575,83.72402963372575,False,2.2913100904604276e+36,1.392219009528567e+35,246.69270878498617,1.3934106657846477e+17
C5,"Classical Limit Pilot (c, d -> 0)",0.9428571428571428,512545.8164722032,8,1.9845997498215808,-83.42799595074251,83.42799595074251,False,-6.865095072875657e+35,-1.5632310280151252e+36,246.69270878498617,1.3934106657846477e+17
C5,"Classical Limit Pilot (c, d -> 0)",0.9428571428571428,512545.8164722032,6,2.367133550691876,-82.51622381021322,82.51622381021322,False,-4.9037108058535845e+35,4.797583527017675e+35,246.69270878498617,1.3934106657846477e+17
C5,"Classical Limit Pilot (c, d -> 0)",0.9428571428571428,512545.8164722032,7,0.9527024222813599,-77.78562136921893,77.78562136921893,False,3.506765004833509e+33,4.931913757855156e+33,246.69270878498617,1.3934106657846477e+17
C5,"Classical Limit Pilot (c, d -> 0)",0.9428571428571428,512545.8164722032,0,0.5379794001088238,-73.97498812672524,73.97498812672524,False,1.150254033069359e+32,6.8634083299803945e+31,246.69270878498617,1.3934106657846477e+17
C5,"Classical Limit Pilot (c, d -> 0)",0.9785714285714285,531960.4307325139,1,0.058381592340136096,-121.69032752399406,121.69032752399406,False,7.058252602594798e+52,-4.1254083542928464e+51,237.68959912550963,4.798754883092085e+20
C5,"Classical Limit Pilot (c, d -> 0)",0.9785714285714285,531960.4307325139,5,3.1141590114975624,-121.26122652733369,121.26122652733369,False,-4.6016978907350214e+52,1.2627301242882854e+51,237.68959912550963,4.798754883092085e+20
C5,"Classical Limit Pilot (c, d -> 0)",0.9785714285714285,531960.4307325139,7,0.8165292368576265,-78.24908200847793,78.24908200847793,False,6.586877236337361e+33,7.010309038715912e+33,237.68959912550963,4.798754883092085e+20
C5,"Classical Limit Pilot (c, d -> 0)",0.9785714285714285,531960.4307325139,8,2.075266648070456,-83.54658470080663,83.54658470080663,False,-9.291308486617247e+35,1.6828385316239677e+36,237.68959912550963,4.798754883092085e+20
C5,"Classical Limit Pilot (c, d -> 0)",0.9785714285714285,531960.4307325139,3,5.4931482408228456e-17,-121.61093593718614,121.61093593718614,False,6.530680188517445e+52,-3.5873994388931215e+36,237.68959912550963,4.798754883092085e+20
C5,"Classical Limit Pilot (c, d -> 0)",0.9785714285714285,531960.4307325139,2,1.2002260710625303,-84.54734323321225,84.54734323321225,False,1.8937801643937813e+36,-4.874352233196091e+36,237.68959912550963,4.798754883092085e+20
C5,"Classical Limit Pilot (c, d -> 0)",0.9785714285714285,531960.4307325139,4,1.8147357467569827,-84.12963526550831,84.12963526550831,False,-8.317686575032828e+35,3.3418309450876275e+36,237.68959912550963,4.798754883092085e+20
C5,"Classical Limit Pilot (c, d -> 0)",0.9785714285714285,531960.4307325139,6,0.7002928343663486,-82.20162086915913,82.20162086915913,False,3.829790617005696e+35,3.2277057474730605e+35,237.68959912550963,4.798754883092085e+20
C5,"Classical Limit Pilot (c, d -> 0)",0.9785714285714285,531960.4307325139,0,3.128720373184157,-77.15094913838283,77.15094913838283,False,-3.20771299142944e+33,-4.129286179355207e+31,237.68959912550963,4.798754883092085e+20
C5,"Classical Limit Pilot (c, d -> 0)",0.9785714285714285,531960.4307325139,9,2.7667935118982574,-74.6929858904781,74.6929858904781,False,-2.5556764469643193e+32,1.0053893508688995e+32,237.68959912550963,4.798754883092085e+20
C5,"Classical Limit Pilot (c, d -> 0)",1.0142857142857142,551375.0449928246,0,1.958465905168895,-76.25875644138907,76.25875644138907,False,-4.969190352894659e+32,1.2169445762191002e+33,229.3205210920857,8.352058868092931e+16
C5,"Classical Limit Pilot (c, d -> 0)",1.0142857142857142,551375.0449928246,1,0.05838108121604968,-121.69061626622646,121.69061626622646,False,7.060291123386473e+52,-4.1265636190511e+51,229.3205210920857,8.352058868092931e+16
C5,"Classical Limit Pilot (c, d -> 0)",1.0142857142857142,551375.0449928246,5,1.5990135576523996,-121.26087383062831,121.26087383062831,False,-1.29833012309724e+51,4.5999748497690876e+52,229.3205210920857,8.352058868092931e+16
C5,"Classical Limit Pilot (c, d -> 0)",1.0142857142857142,551375.0449928246,4,2.940916318814945,-84.04768761309295,84.04768761309295,False,-3.109158635168736e+36,6.324471981901039e+35,229.3205210920857,8.352058868092931e+16
C5,"Classical Limit Pilot (c, d -> 0)",1.0142857142857142,551375.0449928246,3,1.2490696735539654e-16,-121.61093253087006,121.61093253087006,False,6.530657942994381e+52,-8.157246784948602e+36,229.3205210920857,8.352058868092931e+16
C5,"Classical Limit Pilot (c, d -> 0)",1.0142857142857142,551375.0449928246,2,1.4862866294490473,-83.45582917037153,83.45582917037153,False,1.4818203934759017e+35,1.7492561133042016e+36,229.3205210920857,8.352058868092931e+16
C5,"Classical Limit Pilot (c, d -> 0)",1.0142857142857142,551375.0449928246,6,0.3322443237169068,-82.61335714035597,82.61335714035597,False,7.146619038558992e+35,2.4658296699100326e+35,229.3205210920857,8.352058868092931e+16
C5,"Classical Limit Pilot (c, d -> 0)",1.0142857142857142,551375.0449928246,8,1.7295524742850665,-82.41972445336057,82.41972445336057,False,-9.847732775188146e+34,6.150855317158425e+35,229.3205210920857,8.352058868092931e+16
C5,"Classical Limit Pilot (c, d -> 0)",1.0142857142857142,551375.0449928246,7,1.6307926854751982,-77.65847084899781,77.65847084899781,False,-3.195285578413915e+32,5.319407462342225e+33,229.3205210920857,8.352058868092931e+16
C5,"Classical Limit Pilot (c, d -> 0)",1.0142857142857142,551375.0449928246,9,1.2646215540310253,-75.36834628897105,75.36834628897105,False,1.6263710457881817e+32,-5.144872878995005e+32,229.3205210920857,8.352058868092931e+16
C5,"Classical Limit Pilot (c, d -> 0)",1.05,570789.6592531353,0,2.9029833310815922,-77.11326055706151,77.11326055706151,False,-3.001796621340447e+33,7.301667457314601e+32,221.52077757660635,2.8500339320590187e+32
C5,"Classical Limit Pilot (c, d -> 0)",1.05,570789.6592531353,1,0.059813860524249245,-121.69132428903531,121.69132428903531,False,7.064692824533887e+52,-4.230712119642685e+51,221.52077757660635,2.8500339320590187e+32
C5,"Classical Limit Pilot (c, d -> 0)",1.05,570789.6592531353,5,2.0861699098447315,-121.26010514229334,121.26010514229334,False,-2.26630344656181e+52,4.000995186333415e+52,221.52077757660635,2.8500339320590187e+32
C5,"Classical Limit Pilot (c, d -> 0)",1.05,570789.6592531353,2,1.0826506620623977,-83.25230545705035,83.25230545705035,False,6.717063684253618e+35,-1.2649632612853301e+36,221.52077757660635,2.8500339320590187e+32
C5,"Classical Limit Pilot (c, d -> 0)",1.05,570789.6592531353,3,1.3015625368806018e-17,-121.61092900253371,121.61092900253371,False,6.530634900677248e+52,8.500029728766477e+35,221.52077757660635,2.8500339320590187e+32
C5,"Classical Limit Pilot (c, d -> 0)",1.05,570789.6592531353,6,0.6174544782419485,-83.69052103548405,83.69052103548405,False,1.8099981680956394e+36,1.2852309766589421e+36,221.52077757660635,2.8500339320590187e+32
C5,"Classical Limit Pilot (c, d -> 0)",1.05,570789.6592531353,4,1.6193992219013333,-83.08784280032432,83.08784280032432,False,-5.903135915789153e+34,-1.2136081523509457e+36,221.52077757660635,2.8500339320590187e+32
C5,"Classical Limit Pilot (c, d -> 0)",1.05,570789.6592531353,8,2.0664954362516355,-82.30433197902964,82.30433197902964,False,-2.6399866470248894e+35,-4.8822544011410365e+35,221.52077757660635,2.8500339320590187e+32
C5,"Classical Limit Pilot (c, d -> 0)",1.05,570789.6592531353,9,0.17885623569206427,-73.66200570858241,73.66200570858241,False,9.638707636343592e+31,-1.7425639941230062e+31,221.52077757660635,2.8500339320590187e+32
C5,"Classical Limit Pilot (c, d -> 0)",1.05,570789.6592531353,7,0.30720314920010333,-77.18795982720492,77.18795982720492,False,3.173082267651643e+33,1.0066489979027249e+33,221.52077757660635,2.8500339320590187e+32
C5,"Classical Limit Pilot (c, d -> 0)",1.0857142857142856,590204.273513446,0,2.8555412118724752,-77.04144481286828,77.04144481286828,False,-2.758407706096627e+33,-8.112963841460668e+32,214.23418425753695,1.3585610370706534e+17
C5,"Classical Limit Pilot (c, d -> 0)",1.0857142857142856,590204.273513446,1,0.057764559576418184,-121.69204119222876,121.69204119222876,False,7.070612117473981e+52,-4.088856784247002e+51,214.23418425753695,1.3585610370706534e+17
C5,"Classical Limit Pilot (c, d -> 0)",1.0857142857142856,590204.273513446,5,1.8137444374709046,-121.25933058776822,121.25933058776822,False,-1.1053274573577288e+52,-4.4597775566696567e+52,214.23418425753695,1.3585610370706534e+17
C5,"Classical Limit Pilot (c, d -> 0)",1.0857142857142856,590204.273513446,4,1.8299085974693907,-83.19569506618963,83.19569506618963,False,-3.467756927449607e+35,-1.308235953714999e+36,214.23418425753695,1.3585610370706534e+17
C5,"Classical Limit Pilot (c, d -> 0)",1.0857142857142856,590204.273513446,3,3.892480679669225e-18,-121.61092535218448,121.61092535218448,False,6.530611061622711e+52,2.5420277383800532e+35,214.23418425753695,1.3585610370706534e+17
C5,"Classical Limit Pilot (c, d -> 0)",1.0857142857142856,590204.273513446,6,0.2512599027466937,-83.64236299632084,83.64236299632084,False,2.0490905195180836e+36,-5.259695738001969e+35,214.23418425753695,1.3585610370706534e+17
C5,"Classical Limit Pilot (c, d -> 0)",1.0857142857142856,590204.273513446,8,2.3224198364764757,-83.42365534828856,83.42365534828856,False,-1.1607617217104272e+36,-1.2419431165615981e+36,214.23418425753695,1.3585610370706534e+17
C5,"Classical Limit Pilot (c, d -> 0)",1.0857142857142856,590204.273513446,2,2.7891707747913888,-83.93720014326742,83.93720014326742,False,-2.666339244026923e+36,9.806142824958495e+35,214.23418425753695,1.3585610370706534e+17
C5,"Classical Limit Pilot (c, d -> 0)",1.0857142857142856,590204.273513446,7,1.1681897557335847,-75.67718175881922,75.67718175881922,False,2.879165543605182e+32,6.760681618182279e+32,214.23418425753695,1.3585610370706534e+17
C5,"Classical Limit Pilot (c, d -> 0)",1.0857142857142856,590204.273513446,9,1.2288100983203085,-74.75052428101539,74.75052428101539,False,9.755513355267393e+31,-2.7405189177861398e+32,214.23418425753695,1.3585610370706534e+17
C5,"Classical Limit Pilot (c, d -> 0)",1.1214285714285714,609618.8877737568,7,0.6137700950165683,-76.76616945767893,76.76616945767893,False,1.784852045121347e+33,1.2575093954264036e+33,207.41171403887338,2.6272327484604893e+17
C5,"Classical Limit Pilot (c, d -> 0)",1.1214285714285714,609618.8877737568,1,0.058176618073001375,-121.69325639283197,121.69325639283197,False,7.079040261652558e+52,-4.1229987218096997e+51,207.41171403887338,2.6272327484604893e+17
C5,"Classical Limit Pilot (c, d -> 0)",1.1214285714285714,609618.8877737568,5,2.378577859040113,-121.25806050646602,121.25806050646602,False,-3.3166384228043883e+52,3.171390226458044e+52,207.41171403887338,2.6272327484604893e+17
C5,"Classical Limit Pilot (c, d -> 0)",1.1214285714285714,609618.8877737568,8,2.987035474928527,-83.85467723007613,83.85467723007613,False,-2.5847326103908814e+36,4.027006586093521e+35,207.41171403887338,2.6272327484604893e+17
C5,"Classical Limit Pilot (c, d -> 0)",1.1214285714285714,609618.8877737568,3,9.829757388946463e-17,-121.61092157983,121.61092157983,False,6.53058642588935e+52,-6.41940801740393e+36,207.41171403887338,2.6272327484604893e+17
C5,"Classical Limit Pilot (c, d -> 0)",1.1214285714285714,609618.8877737568,2,3.136050335500365,-83.90380618341115,83.90380618341115,False,-2.747599103030711e+36,-1.5228224134802093e+34,207.41171403887338,2.6272327484604893e+17
C5,"Classical Limit Pilot (c, d -> 0)",1.1214285714285714,609618.8877737568,6,0.0904554757411164,-83.11803180380555,83.11803180380555,False,1.2471634943489228e+36,1.1312146285210682e+35,207.41171403887338,2.6272327484604893e+17
C5,"Classical Limit Pilot (c, d -> 0)",1.1214285714285714,609618.8877737568,4,2.3203711183165296,-81.91415552713896,81.91415552713896,False,-2.5598923554912555e+35,-2.750199153052869e+35,207.41171403887338,2.6272327484604893e+17
C5,"Classical Limit Pilot (c, d -> 0)",1.1214285714285714,609618.8877737568,0,1.1482747842331331,-78.18358136938534,78.18358136938534,False,3.69442632232656e+33,8.21713366145608e+33,207.41171403887338,2.6272327484604893e+17
C5,"Classical Limit Pilot (c, d -> 0)",1.1214285714285714,609618.8877737568,9,1.3923666936946817,-73.61887546516257,73.61887546516257,False,1.6650660344991385e+31,-9.232536529145621e+31,207.41171403887338,2.6272327484604893e+17
C5,"Classical Limit Pilot (c, d -> 0)",1.157142857142857,629033.5020340674,1,0.057440524390699896,-121.69184017463715,121.69184017463715,False,7.069323038485607e+52,-4.0651280544905605e+51,201.01039256170034,6.572552288757486e+16
C5,"Classical Limit Pilot (c, d -> 0)",1.157142857142857,629033.5020340674,5,2.007500464937424,-121.25942439781612,121.25942439781612,False,-1.943539110752273e+52,4.163890206981123e+52,201.01039256170034,6.572552288757486e+16
C5,"Classical Limit Pilot (c, d -> 0)",1.157142857142857,629033.5020340674,0,0.36238423681832105,-80.21595535397825,80.21595535397825,False,6.429594496915709e+34,2.4376350280864586e+34,201.01039256170034,6.572552288757486e+16
C5,"Classical Limit Pilot (c, d -> 0)",1.157142857142857,629033.5020340674,4,3.0984310797261947,-82.3812351044377,82.3812351044377,False,-5.988405000155973e+35,-2.5862960690369326e+34,201.01039256170034,6.572552288757486e+16
C5,"Classical Limit Pilot (c, d -> 0)",1.157142857142857,629033.5020340674,3,2.426949114919029e-17,-121.6109176854782,121.6109176854782,False,6.530560993537747e+52,1.584933922319117e+36,201.01039256170034,6.572552288757486e+16
C5,"Classical Limit Pilot (c, d -> 0)",1.157142857142857,629033.5020340674,6,0.4445817670762621,-83.67850335405441,83.67850335405441,False,1.980155506345999e+36,9.433261031425853e+35,201.01039256170034,6.572552288757486e+16
C5,"Classical Limit Pilot (c, d -> 0)",1.157142857142857,629033.5020340674,8,2.86662828716897,-83.4198558559966,83.4198558559966,False,-1.6298754957084478e+36,4.598044132660594e+35,201.01039256170034,6.572552288757486e+16
C5,"Classical Limit Pilot (c, d -> 0)",1.157142857142857,629033.5020340674,2,3.1204975132757253,-83.06159847375679,83.06159847375679,False,-1.1833064627122711e+36,2.4965719264837193e+34,201.01039256170034,6.572552288757486e+16
C5,"Classical Limit Pilot (c, d -> 0)",1.157142857142857,629033.5020340674,7,0.43967671431643046,-78.77224020512102,78.77224020512102,False,1.4687392766446262e+34,6.908738800321409e+33,201.01039256170034,6.572552288757486e+16
C5,"Classical Limit Pilot (c, d -> 0)",1.157142857142857,629033.5020340674,9,0.026496644824898535,-73.20551751470394,73.20551751470394,False,6.202972140658466e+31,-1.643964241896174e+30,201.01039256170034,6.572552288757486e+16
C5,"Classical Limit Pilot (c, d -> 0)",1.1928571428571428,648448.1162943783,0,3.1127544967186744,-76.73211355466965,76.73211355466965,False,-2.1093705987797737e+33,-6.084722881095501e+31,194.9923920966295,1.113506117448551e+17
C5,"Classical Limit Pilot (c, d -> 0)",1.1928571428571428,648448.1162943783,1,0.05850750463170356,-121.68972441906357,121.68972441906357,False,7.05394505049987e+52,-4.1318028668902296e+51,194.9923920966295,1.113506117448551e+17
C5,"Classical Limit Pilot (c, d -> 0)",1.1928571428571428,648448.1162943783,5,3.0031195602560103,-121.26149018672731,121.26149018672731,False,-4.560567900054592e+52,-6.355835422769289e+51,194.9923920966295,1.113506117448551e+17
C5,"Classical Limit Pilot (c, d -> 0)",1.1928571428571428,648448.1162943783,2,2.4332446633487543,-83.10313613231641,83.10313613231641,False,-9.369697937232604e+35,8.026647668300827e+35,194.9923920966295,1.113506117448551e+17
C5,"Classical Limit Pilot (c, d -> 0)",1.1928571428571428,648448.1162943783,3,4.561044633389274e-17,-121.61091366913718,121.61091366913718,False,6.53053476463042e+52,-2.9786060541379667e+36,194.9923920966295,1.113506117448551e+17
C5,"Classical Limit Pilot (c, d -> 0)",1.1928571428571428,648448.1162943783,8,0.7086786338668244,-84.5360633855595,84.5360633855595,False,3.925680353621103e+36,3.365225466318861e+36,194.9923920966295,1.113506117448551e+17
C5,"Classical Limit Pilot (c, d -> 0)",1.1928571428571428,648448.1162943783,6,0.047806378924791774,-82.99527384415167,82.99527384415167,False,1.1063511363983627e+36,5.293097148962141e+34,194.9923920966295,1.113506117448551e+17
C5,"Classical Limit Pilot (c, d -> 0)",1.1928571428571428,648448.1162943783,4,2.2605709357411934,-82.18889079968825,82.18889079968825,False,-3.146928652308956e+35,-3.814656627763812e+35,194.9923920966295,1.113506117448551e+17
C5,"Classical Limit Pilot (c, d -> 0)",1.1928571428571428,648448.1162943783,7,1.4261671630320154,-78.24018760296677,78.24018760296677,False,1.3741131352353305e+33,-9.434602709967236e+33,194.9923920966295,1.113506117448551e+17
C5,"Classical Limit Pilot (c, d -> 0)",1.1928571428571428,648448.1162943783,9,2.0816068599807016,-73.04982516043951,73.04982516043951,False,-2.596224339349715e+31,-4.632612858714003e+31,194.9923920966295,1.113506117448551e+17
C5,"Classical Limit Pilot (c, d -> 0)",1.2285714285714286,667862.730554689,1,0.0568056383899033,-121.69121264086043,121.69121264086043,False,7.065144694658875e+52,-4.0177230477265386e+51,189.32428348162,1.030144032144502e+19
C5,"Classical Limit Pilot (c, d -> 0)",1.2285714285714286,667862.730554689,5,0.16469859034832424,-121.25995418481388,121.25995418481388,False,4.5353614034516204e+52,-7.537957139746596e+51,189.32428348162,1.030144032144502e+19
C5,"Classical Limit Pilot (c, d -> 0)",1.2285714285714286,667862.730554689,7,1.0721229925717264,-79.59041308416234,79.59041308416234,False,1.7593087138269677e+34,3.230572288458207e+34,189.32428348162,1.030144032144502e+19
C5,"Classical Limit Pilot (c, d -> 0)",1.2285714285714286,667862.730554689,4,1.443139113974346,-83.42158811198887,83.42158811198887,False,2.159735342096878e+35,1.68262378955232e+36,189.32428348162,1.030144032144502e+19
C5,"Classical Limit Pilot (c, d -> 0)",1.2285714285714286,667862.730554689,3,3.4874949986813825e-19,-121.61090953081535,121.61090953081535,False,6.530507739231833e+52,2.277511307942108e+34,189.32428348162,1.030144032144502e+19
C5,"Classical Limit Pilot (c, d -> 0)",1.2285714285714286,667862.730554689,2,3.036720905023468,-83.67326948166848,83.67326948166848,False,-2.1699344995930095e+36,2.284027707521904e+35,189.32428348162,1.030144032144502e+19
C5,"Classical Limit Pilot (c, d -> 0)",1.2285714285714286,667862.730554689,8,0.5213107457452557,-84.23870561571175,84.23870561571175,False,3.3304876654975563e+36,-1.9127109963010688e+36,189.32428348162,1.030144032144502e+19
C5,"Classical Limit Pilot (c, d -> 0)",1.2285714285714286,667862.730554689,6,0.039763186707931636,-83.65563328425516,83.65563328425516,False,2.1420839691628366e+36,-8.522100416779715e+34,189.32428348162,1.030144032144502e+19
C5,"Classical Limit Pilot (c, d -> 0)",1.2285714285714286,667862.730554689,0,1.4464909206580312,-77.32729024606338,77.32729024606338,False,4.744456330192172e+32,-3.797094926356496e+33,189.32428348162,1.030144032144502e+19
C5,"Classical Limit Pilot (c, d -> 0)",1.2285714285714286,667862.730554689,9,2.8183975695004793,-72.56407169562596,72.56407169562596,False,-3.0980438167421708e+31,1.037656133688796e+31,189.32428348162,1.030144032144502e+19
C5,"Classical Limit Pilot (c, d -> 0)",1.2642857142857142,687277.3448149996,0,2.962733683553957,-77.97268497446056,77.97268497446056,False,-7.179972999692691e+33,-1.298074214633707e+33,183.97641486617934,1.5180901943708365e+17
C5,"Classical Limit Pilot (c, d -> 0)",1.2642857142857142,687277.3448149996,1,0.05803686314935506,-121.69229897930418,121.69229897930418,False,7.072323432905726e+52,-4.109169316057099e+51,183.97641486617934,1.5180901943708365e+17
C5,"Classical Limit Pilot (c, d -> 0)",1.2642857142857142,687277.3448149996,5,2.1058354594008253,-121.25882209660412,121.25882209660412,False,-2.341535704850923e+52,-3.950584287754474e+52,183.97641486617934,1.5180901943708365e+17
C5,"Classical Limit Pilot (c, d -> 0)",1.2642857142857142,687277.3448149996,2,2.853154529150858,-84.43096303085142,84.43096303085142,False,-4.462510377997135e+36,-1.3240831314398222e+36,183.97641486617934,1.5180901943708365e+17
C5,"Classical Limit Pilot (c, d -> 0)",1.2642857142857142,687277.3448149996,3,7.824049060989696e-17,-121.6109052705214,121.6109052705214,False,6.530479917408421e+52,-5.109479526561143e+36,183.97641486617934,1.5180901943708365e+17
C5,"Classical Limit Pilot (c, d -> 0)",1.2642857142857142,687277.3448149996,8,2.5695853807905045,-84.21436814675013,84.21436814675013,False,-3.1516385027084605e+36,-2.0290379344883443e+36,183.97641486617934,1.5180901943708365e+17
C5,"Classical Limit Pilot (c, d -> 0)",1.2642857142857142,687277.3448149996,4,1.2409414249776778,-83.0302339352448,83.0302339352448,False,3.7152761094768574e+35,1.085187002962785e+36,183.97641486617934,1.5180901943708365e+17
C5,"Classical Limit Pilot (c, d -> 0)",1.2642857142857142,687277.3448149996,6,0.8377275034832709,-82.48981270231154,82.48981270231154,False,4.470911711435092e+35,-4.965145574660246e+35,183.97641486617934,1.5180901943708365e+17
C5,"Classical Limit Pilot (c, d -> 0)",1.2642857142857142,687277.3448149996,7,0.2343700721431418,-78.05248030877524,78.05248030877524,False,7.686398921485958e+33,-1.8351874381473877e+33,183.97641486617934,1.5180901943708365e+17
C5,"Classical Limit Pilot (c, d -> 0)",1.2642857142857142,687277.3448149996,9,1.875269325987378,-73.74509783176258,73.74509783176258,False,-3.1908534449899614e+31,1.0154060359856465e+32,183.97641486617934,1.5180901943708365e+17
C5,"Classical Limit Pilot (c, d -> 0)",1.3,706691.9590753104,1,0.0576228484570088,-121.6915383954456,121.6915383954456,False,7.067115773598282e+52,-4.076786589059326e+51,178.92239284292063,3.2788167685053515e+31
C5,"Classical Limit Pilot (c, d -> 0)",1.3,706691.9590753104,5,2.611087573964424,-121.25953882010658,121.25953882010658,False,-3.9640003653825597e+52,-2.325265514930205e+52,178.92239284292063,3.2788167685053515e+31
C5,"Classical Limit Pilot (c, d -> 0)",1.3,706691.9590753104,7,3.012493239300095,-79.8055495334686,79.8055495334686,False,-4.523562245020113e+34,5.872553955581037e+33,178.92239284292063,3.2788167685053515e+31
C5,"Classical Limit Pilot (c, d -> 0)",1.3,706691.9590753104,8,0.5229219747651281,-84.70003208566055,84.70003208566055,False,5.277846462139891e+36,-3.0424052007378124e+36,178.92239284292063,3.2788167685053515e+31
C5,"Classical Limit Pilot (c, d -> 0)",1.3,706691.9590753104,3,6.615377636584643e-17,-121.61090088826421,121.61090088826421,False,6.530451299228584e+52,-4.32014014817219e+36,178.92239284292063,3.2788167685053515e+31
C5,"Classical Limit Pilot (c, d -> 0)",1.3,706691.9590753104,4,1.3497881112736019,-83.58679277577781,83.58679277577781,False,4.386822011498222e+35,-1.9524903633569315e+36,178.92239284292063,3.2788167685053515e+31
C5,"Classical Limit Pilot (c, d -> 0)",1.3,706691.9590753104,2,2.9658637280661813,-82.2425291436324,82.2425291436324,False,-5.137314297514046e+35,-9.121837194206975e+34,178.92239284292063,3.2788167685053515e+31
C5,"Classical Limit Pilot (c, d -> 0)",1.3,706691.9590753104,6,1.9249806731082948,-81.80097655343039,81.80097655343039,False,-1.1636535425882313e+35,3.1469005270368562e+35,178.92239284292063,3.2788167685053515e+31
C5,"Classical Limit Pilot (c, d -> 0)",1.3,706691.9590753104,0,2.497779969145799,-78.27587790597416,78.27587790597416,False,-7.902605603043392e+33,-5.930802382098715e+33,178.92239284292063,3.2788167685053515e+31
C5,"Classical Limit Pilot (c, d -> 0)",1.3,706691.9590753104,9,1.6509018272680969,-74.3505869397321,74.3505869397321,False,-1.5604411800595492e+31,1.9438141139341307e+32,178.92239284292063,3.2788167685053515e+31
C5,"Classical Limit Pilot (c, d -> 0)",1.3357142857142856,726106.5733356212,1,0.05837248302813871,-121.68810607397647,121.68810607397647,False,7.042594199344114e+52,-4.1156126057062254e+51,174.1386468290629,1.9525986236572354e+32
C5,"Classical Limit Pilot (c, d -> 0)",1.3357142857142856,726106.5733356212,5,1.7365000107867454,-121.26292904307684,121.26292904307684,False,-7.606131493948515e+51,-4.5481113591604076e+52,174.1386468290629,1.9525986236572354e+32
C5,"Classical Limit Pilot (c, d -> 0)",1.3357142857142856,726106.5733356212,7,0.13878675213522418,-80.22308511308755,80.22308511308755,False,6.858782804883789e+34,-9.580674586439751e+33,174.1386468290629,1.9525986236572354e+32
C5,"Classical Limit Pilot (c, d -> 0)",1.3357142857142856,726106.5733356212,8,0.017606969286648486,-84.03935125389536,84.03935125389536,False,3.1460034315977236e+36,-5.539731040199932e+34,174.1386468290629,1.9525986236572354e+32
C5,"Classical Limit Pilot (c, d -> 0)",1.3357142857142856,726106.5733356212,3,4.510207967374983e-17,-121.61089638405296,121.61089638405296,False,6.530421884762628e+52,-2.945356081497636e+36,174.1386468290629,1.9525986236572354e+32
C5,"Classical Limit Pilot (c, d -> 0)",1.3357142857142856,726106.5733356212,4,0.06395057220116179,-83.39921046756216,83.39921046756216,False,1.6554963721739356e+36,-1.0601450133872313e+35,174.1386468290629,1.9525986236572354e+32
C5,"Classical Limit Pilot (c, d -> 0)",1.3357142857142856,726106.5733356212,6,1.9782648898323647,-83.35990075732443,83.35990075732443,False,-6.320538786313417e+35,-1.4643592691567807e+36,174.1386468290629,1.9525986236572354e+32
C5,"Classical Limit Pilot (c, d -> 0)",1.3357142857142856,726106.5733356212,2,2.6376205803782247,-82.58173908316424,82.58173908316424,False,-6.414085148157504e+35,3.53718360053985e+35,174.1386468290629,1.9525986236572354e+32
C5,"Classical Limit Pilot (c, d -> 0)",1.3357142857142856,726106.5733356212,0,2.9954557522285508,-76.65723664402587,76.65723664402587,False,-1.9371394098031604e+33,-2.851201209830631e+32,174.1386468290629,1.9525986236572354e+32
C5,"Classical Limit Pilot (c, d -> 0)",1.3357142857142856,726106.5733356212,9,1.1055049078352757,-74.87134493508218,74.87134493508218,False,1.4728272934829653e+32,-2.933589002291696e+32,174.1386468290629,1.9525986236572354e+32
C5,"Classical Limit Pilot (c, d -> 0)",1.3714285714285714,745521.1875959318,0,2.356194490192345,-74.91878701830228,74.91878701830228,False,-2.4338891524382005e+32,2.4338891524382005e+32,169.60406151227647,1.1252816665010657e+18
C5,"Classical Limit Pilot (c, d -> 0)",1.3714285714285714,745521.1875959318,5,0.4616160577927012,-121.25651234019006,121.25651234019006,False,4.1022226094379833e+52,2.040704517240211e+52,169.60406151227647,1.1252816665010657e+18
C5,"Classical Limit Pilot (c, d -> 0)",1.3714285714285714,745521.1875959318,1,0.05891904138098286,-121.69448232446295,121.69448232446295,False,7.087415572929734e+52,-4.1806761083598136e+51,169.60406151227647,1.1252816665010657e+18
C5,"Classical Limit Pilot (c, d -> 0)",1.3714285714285714,745521.1875959318,6,2.3162544372843876,-83.55468534807468,83.55468534807468,False,-1.3145164862078907e+36,-1.423949143824508e+36,169.60406151227647,1.1252816665010657e+18
C5,"Classical Limit Pilot (c, d -> 0)",1.3714285714285714,745521.1875959318,3,5.070003086760137e-17,-121.61089175789708,121.61089175789708,False,6.530391674082855e+52,-3.3109105945352776e+36,169.60406151227647,1.1252816665010657e+18
C5,"Classical Limit Pilot (c, d -> 0)",1.3714285714285714,745521.1875959318,8,3.133967319734358,-84.9245559804769,84.9245559804769,False,-7.625238186286013e+36,5.814611388449613e+34,169.60406151227647,1.1252816665010657e+18
C5,"Classical Limit Pilot (c, d -> 0)",1.3714285714285714,745521.1875959318,2,3.12501511903796,-83.34693627071239,83.34693627071239,False,-1.5741815860300332e+36,-2.6098440421680313e+34,169.60406151227647,1.1252816665010657e+18
C5,"Classical Limit Pilot (c, d -> 0)",1.3714285714285714,745521.1875959318,4,0.8738205636374792,-82.75172761526967,82.75172761526967,False,5.572976146230616e+35,6.657227312212809e+35,169.60406151227647,1.1252816665010657e+18
C5,"Classical Limit Pilot (c, d -> 0)",1.3714285714285714,745521.1875959318,7,1.229847429332555,-77.86441565544979,77.86441565544979,False,2.1894161767598206e+33,6.170761351217992e+33,169.60406151227647,1.1252816665010657e+18
C5,"Classical Limit Pilot (c, d -> 0)",1.3714285714285714,745521.1875959318,9,3.01892134890453,-73.27494135369433,73.27494135369433,False,-6.6012590731150435e+31,8.138716120777802e+30,169.60406151227647,1.1252816665010657e+18
C5,"Classical Limit Pilot (c, d -> 0)",1.407142857142857,764935.8018562426,7,0.6610431688506869,-77.98680990626183,77.98680990626183,False,5.841333965851681e+33,4.543259751217974e+33,165.29966526333897,3.9612079605897485e+17
C5,"Classical Limit Pilot (c, d -> 0)",1.407142857142857,764935.8018562426,1,0.05994712137574213,-121.69065899735222,121.69065899735222,False,7.059937902248782e+52,-4.237306569092026e+51,165.29966526333897,3.9612079605897485e+17
C5,"Classical Limit Pilot (c, d -> 0)",1.407142857142857,764935.8018562426,5,2.350629202415607,-121.26029675567072,121.26029675567072,False,-3.233942411975967e+52,-3.270139875336995e+52,165.29966526333897,3.9612079605897485e+17
C5,"Classical Limit Pilot (c, d -> 0)",1.407142857142857,764935.8018562426,8,2.896211781491194,-83.93826986968817,83.93826986968817,False,-2.7587938485152046e+36,6.908775431159756e+35,165.29966526333897,3.9612079605897485e+17
C5,"Classical Limit Pilot (c, d -> 0)",1.407142857142857,764935.8018562426,3,5.818197935524231e-18,-121.61088700980622,121.61088700980622,False,6.530360667263525e+52,3.799493095250128e+35,165.29966526333897,3.9612079605897485e+17
C5,"Classical Limit Pilot (c, d -> 0)",1.407142857142857,764935.8018562426,6,1.4868826197632068,-83.74605556067465,83.74605556067465,False,1.9668575952254723e+35,-2.3384008962608014e+36,165.29966526333897,3.9612079605897485e+17
C5,"Classical Limit Pilot (c, d -> 0)",1.407142857142857,764935.8018562426,4,0.2097711647358664,-83.70010676064777,83.70010676064777,False,2.192139835675861e+36,4.6671364036907565e+35,165.29966526333897,3.9612079605897485e+17
C5,"Classical Limit Pilot (c, d -> 0)",1.407142857142857,764935.8018562426,2,1.6747449198106394,-82.81608521257229,82.81608521257229,False,-9.607381571623664e+34,9.209122281219493e+35,165.29966526333897,3.9612079605897485e+17
C5,"Classical Limit Pilot (c, d -> 0)",1.407142857142857,764935.8018562426,0,2.8421623196541836,-78.07849964598445,78.07849964598445,False,-7.749869169388028e+33,2.3924790270915078e+33,165.29966526333897,3.9612079605897485e+17
C5,"Classical Limit Pilot (c, d -> 0)",1.407142857142857,764935.8018562426,9,0.7820630371051761,-73.44374389521879,73.44374389521879,False,5.586519424249794e+31,5.5493796567339005e+31,165.29966526333897,3.9612079605897485e+17
C5,"Classical Limit Pilot (c, d -> 0)",1.4428571428571428,784350.4161165534,7,3.0419240010986313,-78.671533155671,78.671533155671,False,-1.4603334914629203e+34,-1.4603334914629203e+33,161.2083648347861,8.7789822856587e+16
C5,"Classical Limit Pilot (c, d -> 0)",1.4428571428571428,784350.4161165534,1,0.06034921983166517,-121.69202848092016,121.69202848092016,False,7.069441808173104e+52,-4.271539927033306e+51,161.2083648347861,8.7789822856587e+16
C5,"Classical Limit Pilot (c, d -> 0)",1.4428571428571428,784350.4161165534,5,2.343879540418084,-121.25888980516167,121.25888980516167,False,-3.2072809137093065e+52,3.2872649634406064e+52,161.2083648347861,8.7789822856587e+16
C5,"Classical Limit Pilot (c, d -> 0)",1.4428571428571428,784350.4161165534,6,1.5076355292687051,-83.21240282191121,83.21240282191121,False,8.686527203306498e+34,1.3734742839081123e+36,161.2083648347861,8.7789822856587e+16
C5,"Classical Limit Pilot (c, d -> 0)",1.4428571428571428,784350.4161165534,3,9.156479786021541e-17,-121.61088213979035,121.61088213979035,False,6.530328864380811e+52,5.97948242427759e+36,161.2083648347861,8.7789822856587e+16
C5,"Classical Limit Pilot (c, d -> 0)",1.4428571428571428,784350.4161165534,4,0.27843775394908515,-83.81676378986272,83.81676378986272,False,2.421591983594456e+36,-6.922451465113668e+35,161.2083648347861,8.7789822856587e+16
C5,"Classical Limit Pilot (c, d -> 0)",1.4428571428571428,784350.4161165534,8,2.9089889218894953,-83.22428975705965,83.22428975705965,False,-1.3551696392396722e+36,3.210281961677686e+35,161.2083648347861,8.7789822856587e+16
C5,"Classical Limit Pilot (c, d -> 0)",1.4428571428571428,784350.4161165534,2,2.0549356911960808,-81.49220182593562,81.49220182593562,False,-1.1467892780185756e+35,2.180690669608647e+35,161.2083648347861,8.7789822856587e+16
C5,"Classical Limit Pilot (c, d -> 0)",1.4428571428571428,784350.4161165534,0,2.9573300052011318,-78.40680354998976,78.40680354998976,False,-1.1072030736432817e+34,-2.0635693413614627e+33,161.2083648347861,8.7789822856587e+16
C5,"Classical Limit Pilot (c, d -> 0)",1.4428571428571428,784350.4161165534,9,2.678203062871386,-73.55942712739714,73.55942712739714,False,-7.907774871559618e+31,3.9513373265981675e+31,161.2083648347861,8.7789822856587e+16
C5,"Classical Limit Pilot (c, d -> 0)",1.4785714285714284,803765.0303768639,0,3.141592653589793,-77.72209638140356,77.72209638140356,False,-5.679074689022468e+33,0.0,157.31471850069283,1.1629101154252882e+17
C5,"Classical Limit Pilot (c, d -> 0)",1.4785714285714284,803765.0303768639,1,0.060503118087649056,-121.69348678939873,121.69348678939873,False,7.079692837886822e+52,-4.288669268749845e+51,157.31471850069283,1.1629101154252882e+17
C5,"Classical Limit Pilot (c, d -> 0)",1.4785714285714284,803765.0303768639,5,1.9339638181777337,-121.2573953865816,121.2573953865816,False,-1.629055143834436e+52,4.2867228072227906e+52,157.31471850069283,1.1629101154252882e+17
C5,"Classical Limit Pilot (c, d -> 0)",1.4785714285714284,803765.0303768639,6,2.901670665078177,-83.9693317130118,83.9693317130118,False,-2.849679837671801e+36,6.971286372173212e+35,157.31471850069283,1.1629101154252882e+17
C5,"Classical Limit Pilot (c, d -> 0)",1.4785714285714284,803765.0303768639,3,1.4469668709318228e-16,-121.61087714785963,121.61087714785963,False,6.530296265512874e+52,-9.44912235356693e+36,157.31471850069283,1.1629101154252882e+17
C5,"Classical Limit Pilot (c, d -> 0)",1.4785714285714284,803765.0303768639,4,0.5385106138543096,-84.27743300878782,84.27743300878782,False,3.4272910474481806e+36,-2.0474872559828054e+36,157.31471850069283,1.1629101154252882e+17
C5,"Classical Limit Pilot (c, d -> 0)",1.4785714285714284,803765.0303768639,8,3.043740729274685,-83.11907224378459,83.11907224378459,False,-1.2475900580227996e+36,-1.224702217633989e+35,157.31471850069283,1.1629101154252882e+17
C5,"Classical Limit Pilot (c, d -> 0)",1.4785714285714284,803765.0303768639,2,0.7724365278088795,-81.73052705575174,81.73052705575174,False,2.239539524764237e+35,-2.1822230399063313e+35,157.31471850069283,1.1629101154252882e+17
C5,"Classical Limit Pilot (c, d -> 0)",1.4785714285714284,803765.0303768639,7,1.926074075319806,-78.67990665584563,78.67990665584563,False,-5.1480443660789664e+33,1.3875341913722815e+34,157.31471850069283,1.1629101154252882e+17
C5,"Classical Limit Pilot (c, d -> 0)",1.4785714285714284,803765.0303768639,9,0.28556981120322833,-73.09421981452522,73.09421981452522,False,5.326744762405391e+31,-1.563902576731852e+31,157.31471850069283,1.1629101154252882e+17
C5,"Classical Limit Pilot (c, d -> 0)",1.5142857142857142,823179.6446371747,1,0.059318168190513866,-121.69221883860054,121.69221883860054,False,7.071224402039867e+52,-4.199447394680986e+51,153.60474130087115,1.974328020899823e+32
C5,"Classical Limit Pilot (c, d -> 0)",1.5142857142857142,823179.6446371747,5,2.6592457783741965,-121.25862850361361,121.25862850361361,False,-4.067637383036715e+52,2.1298046052796127e+52,153.60474130087115,1.974328020899823e+32
C5,"Classical Limit Pilot (c, d -> 0)",1.5142857142857142,823179.6446371747,7,2.6348408152023963,-80.14403649656103,80.14403649656103,False,-5.594818371793384e+34,3.1056947626747195e+34,153.60474130087115,1.974328020899823e+32
C5,"Classical Limit Pilot (c, d -> 0)",1.5142857142857142,823179.6446371747,6,0.7544521159332711,-83.26841200191049,83.26841200191049,False,1.0605446718454434e+36,-9.968559233974107e+35,153.60474130087115,1.974328020899823e+32
C5,"Classical Limit Pilot (c, d -> 0)",1.5142857142857142,823179.6446371747,3,6.271505904654722e-19,-121.6108720340245,121.6108720340245,False,6.530262870739818e+52,4.0954582152792264e+34,153.60474130087115,1.974328020899823e+32
C5,"Classical Limit Pilot (c, d -> 0)",1.5142857142857142,823179.6446371747,4,0.5921972050920299,-83.20547078820006,83.20547078820006,False,1.1339826646395392e+36,7.628784028897806e+35,153.60474130087115,1.974328020899823e+32
C5,"Classical Limit Pilot (c, d -> 0)",1.5142857142857142,823179.6446371747,8,2.3401969612494793,-81.75843333678652,81.75843333678652,False,-2.236976703009663e+35,-2.3097188014510966e+35,153.60474130087115,1.974328020899823e+32
C5,"Classical Limit Pilot (c, d -> 0)",1.5142857142857142,823179.6446371747,2,0.5296095917992328,-81.23877461306212,81.23877461306212,False,1.6503061779108921e+35,9.660771854535697e+34,153.60474130087115,1.974328020899823e+32
C5,"Classical Limit Pilot (c, d -> 0)",1.5142857142857142,823179.6446371747,0,2.7791528231235088,-79.79441478378504,79.79441478378504,False,-4.217952509504826e+34,1.5994092971957897e+34,153.60474130087115,1.974328020899823e+32
C5,"Classical Limit Pilot (c, d -> 0)",1.5142857142857142,823179.6446371747,9,2.2778627520310177,-73.33254222578144,73.33254222578144,False,-4.576870587049534e+31,-5.35656958242686e+31,153.60474130087115,1.974328020899823e+32
C5,"Classical Limit Pilot (c, d -> 0)",1.55,842594.2588974854,1,0.060504406240793424,-121.68828647897271,121.68828647897271,False,7.04297125097341e+52,-4.266515470837517e+51,150.0657372114543,1.0740612279826206e+17
C5,"Classical Limit Pilot (c, d -> 0)",1.55,842594.2588974854,5,1.7997319729667491,-121.26252723187652,121.26252723187652,False,-1.0460670796233519e+52,-4.4891549006486906e+52,150.0657372114543,1.0740612279826206e+17
C5,"Classical Limit Pilot (c, d -> 0)",1.55,842594.2588974854,7,0.469417140421506,-79.72184140548357,79.72184140548357,False,3.741441097593125e+34,-1.8977818670922147e+34,150.0657372114543,1.0740612279826206e+17
C5,"Classical Limit Pilot (c, d -> 0)",1.55,842594.2588974854,8,2.6876156782082776,-82.64872814026138,82.64872814026138,False,-7.038922910057616e+35,3.4347797225006474e+35,150.0657372114543,1.0740612279826206e+17
C5,"Classical Limit Pilot (c, d -> 0)",1.55,842594.2588974854,3,1.7647286287491738e-16,-121.61086679829565,121.61086679829565,False,6.53022868014367e+52,-1.1524081504128465e+37,150.0657372114543,1.0740612279826206e+17
C5,"Classical Limit Pilot (c, d -> 0)",1.55,842594.2588974854,6,0.012833505625341598,-84.557407481525,84.557407481525,False,5.28177271076706e+36,6.778738133789343e+34,150.0657372114543,1.0740612279826206e+17
C5,"Classical Limit Pilot (c, d -> 0)",1.55,842594.2588974854,4,0.05357489672722451,-83.72869966209794,83.72869966209794,False,2.3029720685352513e+36,-1.2349967247036858e+35,150.0657372114543,1.0740612279826206e+17
C5,"Classical Limit Pilot (c, d -> 0)",1.55,842594.2588974854,2,0.9490640132817173,-81.73891755887968,81.73891755887968,False,1.8366024657659946e+35,2.5631989866453777e+35,150.0657372114543,1.0740612279826206e+17
C5,"Classical Limit Pilot (c, d -> 0)",1.55,842594.2588974854,0,2.517274048065943,-78.49695829568141,78.49695829568141,False,-1.0000236955673932e+34,7.204659339621233e+33,150.0657372114543,1.0740612279826206e+17
C5,"Classical Limit Pilot (c, d -> 0)",1.55,842594.2588974854,9,0.7210426517310757,-73.02888354494115,73.02888354494115,False,3.9061525858297483e+31,3.4331733603051415e+31,150.0657372114543,1.0740612279826206e+17
C5,"Classical Limit Pilot (c, d -> 0)",1.5857142857142856,862008.8731577962,7,0.0,-76.93933704215392,76.93933704215392,False,2.596148429267414e+33,0.0,146.68615399520644,7.896338844808139e+16
C5,"Classical Limit Pilot (c, d -> 0)",1.5857142857142856,862008.8731577962,1,0.05981809414782593,-121.69130160661163,121.69130160661163,False,7.064530790848418e+52,-4.2309152436052663e+51,146.68615399520644,7.896338844808139e+16
C5,"Classical Limit Pilot (c, d -> 0)",1.5857142857142856,862008.8731577962,5,1.0814659443634793,-121.25947960723963,121.25947960723963,False,2.159996413671363e+52,4.0561155164041835e+52,146.68615399520644,7.896338844808139e+16
C5,"Classical Limit Pilot (c, d -> 0)",1.5857142857142856,862008.8731577962,2,1.8735249509048397,-83.68321862478325,83.68321862478325,False,-6.569914566716679e+35,2.103527037420981e+36,146.68615399520644,7.896338844808139e+16
C5,"Classical Limit Pilot (c, d -> 0)",1.5857142857142856,862008.8731577962,3,1.1189691867991263e-16,-121.61086144068405,121.61086144068405,False,6.530193693808447e+52,7.307085527201621e+36,146.68615399520644,7.896338844808139e+16
C5,"Classical Limit Pilot (c, d -> 0)",1.5857142857142856,862008.8731577962,6,1.7900363894266311,-83.95998608660639,83.95998608660639,False,-6.321117106289648e+35,2.836850908488281e+36,146.68615399520644,7.896338844808139e+16
C5,"Classical Limit Pilot (c, d -> 0)",1.5857142857142856,862008.8731577962,8,2.411557556395104,-83.26916880009878,83.26916880009878,False,-1.0853874838582626e+36,-9.714008902072359e+35,146.68615399520644,7.896338844808139e+16
C5,"Classical Limit Pilot (c, d -> 0)",1.5857142857142856,862008.8731577962,4,0.032770261106062994,-82.89531363923632,82.89531363923632,False,1.001714718765157e+36,3.283820860412406e+34,146.68615399520644,7.896338844808139e+16
C5,"Classical Limit Pilot (c, d -> 0)",1.5857142857142856,862008.8731577962,0,1.5132402499808084,-77.39201574612045,77.39201574612045,False,2.3484253385338546e+32,-4.075732197904627e+33,146.68615399520644,7.896338844808139e+16
C5,"Classical Limit Pilot (c, d -> 0)",1.5857142857142856,862008.8731577962,9,0.10864353191903531,-74.45589791997361,74.45589791997361,False,2.153860016490677e+32,2.3492800534940304e+31,146.68615399520644,7.896338844808139e+16
C5,"Classical Limit Pilot (c, d -> 0)",1.6214285714285714,881423.4874181069,0,3.0045264792796056,-78.23661445977298,78.23661445977298,False,-9.411038056094375e+33,-1.298074214633707e+33,143.45545723271474,1.9878594105795027e+17
C5,"Classical Limit Pilot (c, d -> 0)",1.6214285714285714,881423.4874181069,1,0.061947584070334315,-121.69128764167425,121.69128764167425,False,7.063515162301936e+52,-4.3812828233820155e+51,143.45545723271474,1.9878594105795027e+17
C5,"Classical Limit Pilot (c, d -> 0)",1.6214285714285714,881423.4874181069,5,1.2944232218292735,-121.25946214681812,121.25946214681812,False,1.253915298959413e+52,-4.420929379552898e+52,143.45545723271474,1.9878594105795027e+17
C5,"Classical Limit Pilot (c, d -> 0)",1.6214285714285714,881423.4874181069,2,0.06067394846134788,-83.53635799227567,83.53635799227567,False,1.899238184080742e+36,1.1537589329181002e+35,143.45545723271474,1.9878594105795027e+17
C5,"Classical Limit Pilot (c, d -> 0)",1.6214285714285714,881423.4874181069,3,2.8174678126996502e-18,-121.61085596120088,121.61085596120088,False,6.5301579118201e+52,-1.8398509728399092e+35,143.45545723271474,1.9878594105795027e+17
C5,"Classical Limit Pilot (c, d -> 0)",1.6214285714285714,881423.4874181069,6,0.15838681593908005,-84.04687143614804,84.04687143614804,False,3.1305606165008076e+36,5.0002783447459925e+35,143.45545723271474,1.9878594105795027e+17
C5,"Classical Limit Pilot (c, d -> 0)",1.6214285714285714,881423.4874181069,8,2.3784443003542193,-83.78233551548827,83.78233551548827,False,-1.7584988464329823e+36,1.6819371638559206e+36,143.45545723271474,1.9878594105795027e+17
C5,"Classical Limit Pilot (c, d -> 0)",1.6214285714285714,881423.4874181069,4,0.39547571792156294,-82.40365357957072,82.40365357957072,False,5.6567362565122674e+35,2.361519654237768e+35,143.45545723271474,1.9878594105795027e+17
C5,"Classical Limit Pilot (c, d -> 0)",1.6214285714285714,881423.4874181069,7,0.32039386560249683,-77.56237562307292,77.56237562307292,False,4.594401530948174e+33,1.5245445554910762e+33,143.45545723271474,1.9878594105795027e+17
C5,"Classical Limit Pilot (c, d -> 0)",1.6214285714285714,881423.4874181069,9,2.719591059223482,-73.82391071213125,73.82391071213125,False,-1.0506084656659646e+32,4.716974231053758e+31,143.45545723271474,1.9878594105795027e+17
C5,"Classical Limit Pilot (c, d -> 0)",1.657142857142857,900838.1016784176,1,0.0618095044438601,-121.69205909933373,121.69205909933373,False,7.069026943521538e+52,-4.374903257401224e+51,140.36402064406337,3.30997436959874e+17
C5,"Classical Limit Pilot (c, d -> 0)",1.657142857142857,900838.1016784176,5,2.682928926958779,-121.25866027749387,121.25866027749387,False,-4.117063261463497e+52,-2.0329464768376937e+52,140.36402064406337,3.30997436959874e+17
C5,"Classical Limit Pilot (c, d -> 0)",1.657142857142857,900838.1016784176,0,1.4712907322949997,-78.72098626722091,78.72098626722091,False,1.5318651050893413e+33,1.5343920322223048e+34,140.36402064406337,3.30997436959874e+17
C5,"Classical Limit Pilot (c, d -> 0)",1.657142857142857,900838.1016784176,2,0.17325589296216692,-83.29441097702113,83.29441097702113,False,1.4714718117526478e+36,2.575230759510157e+35,140.36402064406337,3.30997436959874e+17
C5,"Classical Limit Pilot (c, d -> 0)",1.657142857142857,900838.1016784176,3,4.4395014468117094e-17,-121.61085035985762,121.61085035985762,False,6.530121334266522e+52,2.899048311133223e+36,140.36402064406337,3.30997436959874e+17
C5,"Classical Limit Pilot (c, d -> 0)",1.657142857142857,900838.1016784176,6,1.5016325755295732,-83.58960103892842,83.58960103892842,False,1.386866668052343e+35,-2.001994571879049e+36,140.36402064406337,3.30997436959874e+17
C5,"Classical Limit Pilot (c, d -> 0)",1.657142857142857,900838.1016784176,4,0.011088329321336916,-82.63177570611784,82.63177570611784,False,7.700120472703372e+35,8.538497103452025e+33,140.36402064406337,3.30997436959874e+17
C5,"Classical Limit Pilot (c, d -> 0)",1.657142857142857,900838.1016784176,8,2.918910509595593,-81.60348813857316,81.60348813857316,False,-2.6858803611444777e+35,6.081837247801346e+34,140.36402064406337,3.30997436959874e+17
C5,"Classical Limit Pilot (c, d -> 0)",1.657142857142857,900838.1016784176,7,0.0989584466688876,-78.72157578913101,78.72157578913101,False,1.5353804919017241e+34,1.5243678669091745e+33,140.36402064406337,3.30997436959874e+17
C5,"Classical Limit Pilot (c, d -> 0)",1.657142857142857,900838.1016784176,9,2.6402894272926725,-75.45724869012064,75.45724869012064,False,-5.171839432699692e+32,-2.8341466283151767e+32,140.36402064406337,3.30997436959874e+17
C5,"Classical Limit Pilot (c, d -> 0)",1.6928571428571428,920252.7159387284,0,3.096169374168216,-78.64511712650278,78.64511712650278,False,-1.4278816360970776e+34,-6.490371073168535e+32,137.403030293551,3.025694215555029e+17
C5,"Classical Limit Pilot (c, d -> 0)",1.6928571428571428,920252.7159387284,1,0.06165894236998679,-121.69239582887792,121.69239582887792,False,7.071473506037975e+52,-4.365729756996278e+51,137.403030293551,3.025694215555029e+17
C5,"Classical Limit Pilot (c, d -> 0)",1.6928571428571428,920252.7159387284,5,3.113624659011538,-121.25829409636087,121.25829409636087,False,-4.588155563570928e+52,-1.2835497846597618e+51,137.403030293551,3.025694215555029e+17
C5,"Classical Limit Pilot (c, d -> 0)",1.6928571428571428,920252.7159387284,2,0.22310553669276922,-83.77668992080021,83.77668992080021,False,2.3596876970686225e+36,-5.353719127419836e+35,137.403030293551,3.025694215555029e+17
C5,"Classical Limit Pilot (c, d -> 0)",1.6928571428571428,920252.7159387284,3,9.108152697914345e-17,-121.61084463666597,121.61084463666597,False,6.53008396123756e+52,5.947700184915307e+36,137.403030293551,3.025694215555029e+17
C5,"Classical Limit Pilot (c, d -> 0)",1.6928571428571428,920252.7159387284,8,2.992719798763158,-83.44323284866644,83.44323284866644,False,-1.7143718755059278e+36,-2.571258186903054e+35,137.403030293551,3.025694215555029e+17
C5,"Classical Limit Pilot (c, d -> 0)",1.6928571428571428,920252.7159387284,4,0.4037120938789553,-83.31345691958828,83.31345691958828,False,1.400160642495125e+36,-5.9811469070324794e+35,137.403030293551,3.025694215555029e+17
C5,"Classical Limit Pilot (c, d -> 0)",1.6928571428571428,920252.7159387284,6,1.403953802849078,-82.95057791892852,82.95057791892852,False,1.7590098495190014e+35,1.0444926881015282e+36,137.403030293551,3.025694215555029e+17
C5,"Classical Limit Pilot (c, d -> 0)",1.6928571428571428,920252.7159387284,7,3.0255501434771213,-77.27067165827235,77.27067165827235,False,-3.5916635950566384e+33,-4.186665840347775e+32,137.403030293551,3.025694215555029e+17
C5,"Classical Limit Pilot (c, d -> 0)",1.6928571428571428,920252.7159387284,9,1.6544242993063543,-75.34692600910489,75.34692600910489,False,-4.41163351617977e+31,-5.263004865639621e+32,137.403030293551,3.025694215555029e+17
C5,"Classical Limit Pilot (c, d -> 0)",1.7285714285714284,939667.330199039,0,2.4598219501892165,-77.96072024910299,77.96072024910299,False,-5.597945050607861e+33,-4.543259751217974e+33,134.56440067023559,1.5775162637006474e+17
C5,"Classical Limit Pilot (c, d -> 0)",1.7285714285714284,939667.330199039,1,0.061514304351089184,-121.6907825932779,121.6907825932779,False,7.060137719560429e+52,-4.348480886439966e+51,134.56440067023559,1.5775162637006474e+17
C5,"Classical Limit Pilot (c, d -> 0)",1.7285714285714284,939667.330199039,5,2.6166502336928628,-121.25987879074616,121.25987879074616,False,-3.978225880398384e+52,-2.303962414431109e+52,134.56440067023559,1.5775162637006474e+17
C5,"Classical Limit Pilot (c, d -> 0)",1.7285714285714284,939667.330199039,4,1.9099504336634452,-83.80196029221716,83.80196029221716,False,-8.255968478420546e+35,2.340223813443188e+36,134.56440067023559,1.5775162637006474e+17
C5,"Classical Limit Pilot (c, d -> 0)",1.7285714285714284,939667.330199039,3,5.532879788295748e-17,-121.6108387916379,121.6108387916379,False,6.530045792825024e+52,3.612995838376726e+36,134.56440067023559,1.5775162637006474e+17
C5,"Classical Limit Pilot (c, d -> 0)",1.7285714285714284,939667.330199039,2,1.106535030859173,-84.63296134439803,84.63296134439803,False,2.5507960157726034e+36,5.0937746744410833e+36,134.56440067023559,1.5775162637006474e+17
C5,"Classical Limit Pilot (c, d -> 0)",1.7285714285714284,939667.330199039,8,2.6767630218261096,-83.88803329793073,83.88803329793073,False,-2.4176748911301224e+36,-1.2124117431234333e+36,134.56440067023559,1.5775162637006474e+17
C5,"Classical Limit Pilot (c, d -> 0)",1.7285714285714284,939667.330199039,6,1.893758783701428,-82.65637233171331,82.65637233171331,False,-2.50485265429225e+35,7.484311543019062e+35,134.56440067023559,1.5775162637006474e+17
C5,"Classical Limit Pilot (c, d -> 0)",1.7285714285714284,939667.330199039,7,2.615941038676789,-76.43010391808096,76.43010391808096,False,-1.3495440491924935e+33,7.828578712487422e+32,134.56440067023559,1.5775162637006474e+17
C5,"Classical Limit Pilot (c, d -> 0)",1.7285714285714284,939667.330199039,9,0.5646634894198334,-74.18693621139623,74.18693621139623,False,1.3986686908485343e+32,8.8600791372094e+31,134.56440067023559,1.5775162637006474e+17
C5,"Classical Limit Pilot (c, d -> 0)",1.7642857142857142,959081.9444593498,0,1.446441332248135,-78.04570142409003,78.04570142409003,False,9.735556609752802e+32,7.788445287802241e+33,131.84070096049828,5.4039554049490924e+32
C5,"Classical Limit Pilot (c, d -> 0)",1.7642857142857142,959081.9444593498,1,0.06410166630912009,-121.68730932095481,121.68730932095481,False,7.034513717763872e+52,-4.51542686991563e+51,131.84070096049828,5.4039554049490924e+32
C5,"Classical Limit Pilot (c, d -> 0)",1.7642857142857142,959081.9444593498,5,1.2178876504786234,-121.26332438608569,121.26332438608569,False,1.5944188353346952e+52,-4.328798626971942e+52,131.84070096049828,5.4039554049490924e+32
C5,"Classical Limit Pilot (c, d -> 0)",1.7642857142857142,959081.9444593498,4,1.2037655815337458,-83.3170804613866,83.3170804613866,False,5.483474482980345e+35,-1.4263124592026575e+36,131.84070096049828,5.4039554049490924e+32
C5,"Classical Limit Pilot (c, d -> 0)",1.7642857142857142,959081.9444593498,3,1.1680946387792441e-16,-121.61083282478562,121.61083282478562,False,6.530006829122628e+52,7.627665968289994e+36,131.84070096049828,5.4039554049490924e+32
C5,"Classical Limit Pilot (c, d -> 0)",1.7642857142857142,959081.9444593498,8,2.42452438598313,-83.93468838275606,83.93468838275606,False,-2.1359498569963793e+36,1.862322347973547e+36,131.84070096049828,5.4039554049490924e+32
C5,"Classical Limit Pilot (c, d -> 0)",1.7642857142857142,959081.9444593498,2,0.44648352189843976,-83.7008542609571,83.7008542609571,False,2.0230739056159165e+36,9.68496827417588e+35,131.84070096049828,5.4039554049490924e+32
C5,"Classical Limit Pilot (c, d -> 0)",1.7642857142857142,959081.9444593498,6,0.5954143549343579,-83.05458153573751,83.05458153573751,False,9.730447794160051e+35,-6.5916572563065535e+35,131.84070096049828,5.4039554049490924e+32
C5,"Classical Limit Pilot (c, d -> 0)",1.7642857142857142,959081.9444593498,7,3.1306752631550356,-77.816948115637,77.816948115637,False,-6.243746800253389e+33,-6.816812992213862e+31,131.84070096049828,5.4039554049490924e+32
C5,"Classical Limit Pilot (c, d -> 0)",1.7642857142857142,959081.9444593498,9,0.27658563979038764,-74.59738797535724,74.59738797535724,False,2.4010768477261768e+32,6.81572680662789e+31,131.84070096049828,5.4039554049490924e+32
C5,"Classical Limit Pilot (c, d -> 0)",1.8,978496.5587196606,7,0.348771003583907,-76.62673878282821,76.62673878282821,False,1.784852045121347e+33,-6.490371073168535e+32,129.2250900973502,1.995912259783673e+31
C5,"Classical Limit Pilot (c, d -> 0)",1.8,978496.5587196606,1,0.06238929984999383,-121.69162519958502,121.69162519958502,False,7.065705627364031e+52,-4.413972775996618e+51,129.2250900973502,1.995912259783673e+31
C5,"Classical Limit Pilot (c, d -> 0)",1.8,978496.5587196606,5,1.0484641261164187,-121.25898165179402,121.25898165179402,False,2.2915138071057216e+52,3.9806533666370273e+52,129.2250900973502,1.995912259783673e+31
C5,"Classical Limit Pilot (c, d -> 0)",1.8,978496.5587196606,2,0.06906312845405363,-84.57635664094856,84.57635664094856,False,5.370422251765238e+36,-3.714889819994714e+35,129.2250900973502,1.995912259783673e+31
C5,"Classical Limit Pilot (c, d -> 0)",1.8,978496.5587196606,3,6.827478061178331e-17,-121.61082673612161,121.61082673612161,False,6.529967070226083e+52,-4.4583206912185525e+36,129.2250900973502,1.995912259783673e+31
C5,"Classical Limit Pilot (c, d -> 0)",1.8,978496.5587196606,8,1.741775335319788,-84.30147515145273,84.30147515145273,False,-6.958092350615949e+35,-4.029825661283779e+36,129.2250900973502,1.995912259783673e+31
C5,"Classical Limit Pilot (c, d -> 0)",1.8,978496.5587196606,4,0.9940824359480531,-83.77744211816945,83.77744211816945,False,1.3203657069232657e+36,-2.0298270849900896e+36,129.2250900973502,1.995912259783673e+31
C5,"Classical Limit Pilot (c, d -> 0)",1.8,978496.5587196606,6,0.3106058732260263,-81.43545195263917,81.43545195263917,False,2.2165224429699303e+35,7.114941211457258e+34,129.2250900973502,1.995912259783673e+31
C5,"Classical Limit Pilot (c, d -> 0)",1.8,978496.5587196606,0,0.44004297221661076,-76.97055505228548,76.97055505228548,False,2.4233041826839735e+33,1.1409716380374496e+33,129.2250900973502,1.995912259783673e+31
C5,"Classical Limit Pilot (c, d -> 0)",1.8,978496.5587196606,9,2.0891902374692686,-73.60204199406921,73.60204199406921,False,-4.5707958249074405e+31,8.0128786680982645e+31,129.2250900973502,1.995912259783673e+31
C6,Extended Relaxation Lag (tau_q=1ns),0.05,27180.459964435016,0,0.046840712915969654,-0.0010974275835924415,0.0010974275835924415,False,1.0,0.046875,9.395100108354876,8.05312800131636e+16
C6,Extended Relaxation Lag (tau_q=1ns),0.05,27180.459964435016,1,0.0850729352898884,-77.9009928575514,77.9009928575514,False,6.767026092883147e+33,5.770836409723064e+32,9.395100108354876,8.05312800131636e+16
C6,Extended Relaxation Lag (tau_q=1ns),0.05,27180.459964435016,2,0.06301848951131184,-39.181572593416,39.181572593416,False,1.036281714250921e+17,6539149500289384.0,9.395100108354876,8.05312800131636e+16
C6,Extended Relaxation Lag (tau_q=1ns),0.05,27180.459964435016,3,2.227033585199036,-37.600082546975074,37.600082546975074,False,-1.3029803138263574e+16,1.6919773136126612e+16,9.395100108354876,8.05312800131636e+16
C6,Extended Relaxation Lag (tau_q=1ns),0.05,27180.459964435016,4,2.9849788132664896,-31.08285510926239,31.08285510926239,False,-31171978948865.414,4922273631923.573,9.395100108354876,8.05312800131636e+16
C6,Extended Relaxation Lag (tau_q=1ns),0.05,27180.459964435016,5,2.264586626529774,-23.67950556629571,23.67950556629571,False,-12293885694.127697,-14781131753.721613,9.395100108354876,8.05312800131636e+16
C6,Extended Relaxation Lag (tau_q=1ns),0.05,27180.459964435016,6,0.9335245809217416,-11.627279070584695,11.627279070584695,False,66708.88511511452,90109.17944011044,9.395100108354876,8.05312800131636e+16
C6,Extended Relaxation Lag (tau_q=1ns),0.05,27180.459964435016,7,6.544947564143956e-06,-3.12860869951386,3.12860869951386,False,22.842177091606573,0.00014950085131759,9.395100108354876,8.05312800131636e+16
C6,Extended Relaxation Lag (tau_q=1ns),0.05,27180.459964435016,8,0.00036111784883674806,3.101447667448031,3.101447667448031,True,0.04498403037955673,1.6244536988801365e-05,9.395100108354876,8.05312800131636e+16
C6,Extended Relaxation Lag (tau_q=1ns),0.05,27180.459964435016,9,7.851561177694661e-10,0.01986591556481343,0.01986591556481343,True,0.9803301115039476,7.697121844809473e-10,9.395100108354876,8.05312800131636e+16
C6,Extended Relaxation Lag (tau_q=1ns),0.08571428571428572,46595.07422474574,8,1.5707963267948966,-1.3862943611198906,1.3862943611198906,False,0.0,-4.0,5.566316024001726,8.150827696909242e+16
C6,Extended Relaxation Lag (tau_q=1ns),0.08571428571428572,46595.07422474574,1,3.097878948023062,-83.0473679135864,83.0473679135864,False,-1.1657315353902033e+36,5.099092856503586e+34,5.566316024001726,8.150827696909242e+16
C6,Extended Relaxation Lag (tau_q=1ns),0.08571428571428572,46595.07422474574,2,0.6657711217333891,-44.31264817300356,44.31264817300356,False,1.3816707832522533e+19,1.0851558241062386e+19,5.566316024001726,8.150827696909242e+16
C6,Extended Relaxation Lag (tau_q=1ns),0.08571428571428572,46595.07422474574,3,3.141021033166734,-44.14150620563731,44.14150620563731,False,-1.4805139268565475e+19,-8462920893901128.0,5.566316024001726,8.150827696909242e+16
C6,Extended Relaxation Lag (tau_q=1ns),0.08571428571428572,46595.07422474574,4,0.5509064330677503,-34.98446842494767,34.98446842494767,False,1330536734228643.5,-817419322841155.0,5.566316024001726,8.150827696909242e+16
C6,Extended Relaxation Lag (tau_q=1ns),0.08571428571428572,46595.07422474574,5,1.3215862126116615,-26.714486173348956,26.714486173348956,False,98631331021.47263,387548361106.74426,5.566316024001726,8.150827696909242e+16
C6,Extended Relaxation Lag (tau_q=1ns),0.08571428571428572,46595.07422474574,6,1.984569155502462,-14.600542840089375,14.600542840089375,False,-881522.1109686818,-2007455.4314613503,5.566316024001726,8.150827696909242e+16
C6,Extended Relaxation Lag (tau_q=1ns),0.08571428571428572,46595.07422474574,7,0.04135947558039723,-3.196386438960211,3.196386438960211,False,24.42313629613177,-1.0107044807599883,5.566316024001726,8.150827696909242e+16
C6,Extended Relaxation Lag (tau_q=1ns),0.08571428571428572,46595.07422474574,0,0.4325616363534361,1.4591857560791115,1.4591857560791115,True,0.21101787884895948,-0.09743225346178218,5.566316024001726,8.150827696909242e+16
C6,Extended Relaxation Lag (tau_q=1ns),0.08571428571428572,46595.07422474574,9,0.0002250352913940046,0.05965752292344959,0.05965752292344959,True,0.9420870977307927,0.00021200284813505148,5.566316024001726,8.150827696909242e+16
C6,Extended Relaxation Lag (tau_q=1ns),0.12142857142857143,66009.68848505647,8,2.356194490192345,-5.19860385419959,5.19860385419959,False,-128.0,-128.0,3.9990906834010027,1.0787148380136525e+17
C6,Extended Relaxation Lag (tau_q=1ns),0.12142857142857143,66009.68848505647,1,1.8689382365857632,-87.19155121013449,87.19155121013449,False,-2.161620473479359e+37,-7.034200213873792e+37,3.9990906834010027,1.0787148380136525e+17
C6,Extended Relaxation Lag (tau_q=1ns),0.12142857142857143,66009.68848505647,2,0.19662711795831242,-49.12874159123024,49.12874159123024,False,2.1276065514028595e+21,4.2382123154529373e+20,3.9990906834010027,1.0787148380136525e+17
C6,Extended Relaxation Lag (tau_q=1ns),0.12142857142857143,66009.68848505647,3,2.616819172459218,-48.435623550262385,48.435623550262385,False,-9.387711222424366e+20,5.434711315604956e+20,3.9990906834010027,1.0787148380136525e+17
C6,Extended Relaxation Lag (tau_q=1ns),0.12142857142857143,66009.68848505647,4,2.3957650768766405,-38.110292884571784,38.110292884571784,False,-2.61274736112978e+16,2.413742334626572e+16,3.9990906834010027,1.0787148380136525e+17
C6,Extended Relaxation Lag (tau_q=1ns),0.12142857142857143,66009.68848505647,5,0.3629728337586367,-30.060513675443985,30.060513675443985,False,10613412038957.867,4030981172782.4316,3.9990906834010027,1.0787148380136525e+17
C6,Extended Relaxation Lag (tau_q=1ns),0.12142857142857143,66009.68848505647,6,0.5126241330447371,-19.545311849830796,19.545311849830796,False,268329716.36270475,151018370.06395063,3.9990906834010027,1.0787148380136525e+17
C6,Extended Relaxation Lag (tau_q=1ns),0.12142857142857143,66009.68848505647,7,0.2710286539361341,-4.106544895642864,4.106544895642864,False,58.51937907450295,-16.260539663852487,3.9990906834010027,1.0787148380136525e+17
C6,Extended Relaxation Lag (tau_q=1ns),0.12142857142857143,66009.68848505647,0,0.14485930383365597,-0.4845847981174513,0.4845847981174513,False,1.6064966073218683,-0.2343575479450878,3.9990906834010027,1.0787148380136525e+17
C6,Extended Relaxation Lag (tau_q=1ns),0.12142857142857143,66009.68848505647,9,0.0026500980310476116,0.10696975507182918,0.10696975507182918,True,0.8985496939704369,0.0023812503493147036,3.9990906834010027,1.0787148380136525e+17
C6,Extended Relaxation Lag (tau_q=1ns),0.15714285714285714,85424.3027453672,2,0.0,69.07755278982137,69.07755278982137,True,0.0,0.0,3.2185484385893646,8.855865338185202e+16
C6,Extended Relaxation Lag (tau_q=1ns),0.15714285714285714,85424.3027453672,1,1.1774435875079299,-90.75901933446433,90.75901933446433,False,9.992304367950305e+38,-2.407902680644236e+39,3.2185484385893646,8.855865338185202e+16
C6,Extended Relaxation Lag (tau_q=1ns),0.15714285714285714,85424.3027453672,3,1.8935051138077066,-52.807218372091675,52.807218372091675,False,-2.723516552020195e+22,8.144526831944092e+22,3.2185484385893646,8.855865338185202e+16
C6,Extended Relaxation Lag (tau_q=1ns),0.15714285714285714,85424.3027453672,4,1.7772460254130327,-50.81700365161868,50.81700365161868,False,-2.405852986984278e+21,-1.1487423566482908e+22,3.2185484385893646,8.855865338185202e+16
C6,Extended Relaxation Lag (tau_q=1ns),0.15714285714285714,85424.3027453672,5,0.010350136298790492,-41.97439279698491,41.97439279698491,False,1.6952115808035817e+18,1.7546297471998548e+16,3.2185484385893646,8.855865338185202e+16
C6,Extended Relaxation Lag (tau_q=1ns),0.15714285714285714,85424.3027453672,6,0.8457253559021524,-35.351849357695926,35.351849357695926,False,1495375045290678.8,-1687630094825171.5,3.2185484385893646,8.855865338185202e+16
C6,Extended Relaxation Lag (tau_q=1ns),0.15714285714285714,85424.3027453672,8,2.958663925044938,-23.311383646697795,23.311383646697795,False,-13082718943.672176,-2420261903.2138643,3.2185484385893646,8.855865338185202e+16
C6,Extended Relaxation Lag (tau_q=1ns),0.15714285714285714,85424.3027453672,7,2.774922732827825,-9.34933717062552,9.34933717062552,False,-10727.34229271258,-4119.696783832928,3.2185484385893646,8.855865338185202e+16
C6,Extended Relaxation Lag (tau_q=1ns),0.15714285714285714,85424.3027453672,0,0.0006356383270798542,-0.9204534533671455,0.9204534533671455,False,2.510427986980018,-0.0015957244608085174,3.2185484385893646,8.855865338185202e+16
C6,Extended Relaxation Lag (tau_q=1ns),0.15714285714285714,85424.3027453672,9,1.091698282820531e-05,0.17892559582422854,0.17892559582422854,True,0.8361681114319011,9.128432914357572e-06,3.2185484385893646,8.855865338185202e+16
C6,Extended Relaxation Lag (tau_q=1ns),0.19285714285714284,104838.9170056779,2,1.5707963267948966,-12.188967177627235,12.188967177627235,False,0.0,196608.0,3.046626652854224,6.646204795266849e+16
C6,Extended Relaxation Lag (tau_q=1ns),0.19285714285714284,104838.9170056779,1,1.4314632004695191,-93.93920620913697,93.93920620913697,False,8.708175047536567e+39,6.209398665828849e+40,3.046626652854224,6.646204795266849e+16
C6,Extended Relaxation Lag (tau_q=1ns),0.19285714285714284,104838.9170056779,4,0.879931221677291,-55.13734520845002,55.13734520845002,False,5.625010900257285e+23,6.803420952840909e+23,3.046626652854224,6.646204795266849e+16
C6,Extended Relaxation Lag (tau_q=1ns),0.19285714285714284,104838.9170056779,3,2.4993333109301914,-54.74663374722316,54.74663374722316,False,-4.782498830137023e+23,-3.57760346264132e+23,3.046626652854224,6.646204795266849e+16
C6,Extended Relaxation Lag (tau_q=1ns),0.19285714285714284,104838.9170056779,5,0.9996115726041872,-45.087771379158866,45.087771379158866,False,2.061910176716699e+19,3.208492989032132e+19,3.046626652854224,6.646204795266849e+16
C6,Extended Relaxation Lag (tau_q=1ns),0.19285714285714284,104838.9170056779,6,0.4908414938206268,-38.18230707900892,38.18230707900892,False,3.371340331919035e+16,1.8018786945741052e+16,3.046626652854224,6.646204795266849e+16
C6,Extended Relaxation Lag (tau_q=1ns),0.19285714285714284,104838.9170056779,8,3.1292685928407544,-25.803849509508304,25.803849509508304,False,-160855706370.41788,-1982495866.9467514,3.046626652854224,6.646204795266849e+16
C6,Extended Relaxation Lag (tau_q=1ns),0.19285714285714284,104838.9170056779,7,1.6147277271337541,-8.769498018705944,8.769498018705944,False,-282.6050646699168,-6428.732816559809,3.046626652854224,6.646204795266849e+16
C6,Extended Relaxation Lag (tau_q=1ns),0.19285714285714284,104838.9170056779,0,0.00320983707620207,-0.9622346478230765,0.9622346478230765,False,2.6175257367597937,-0.008401860012723838,3.046626652854224,6.646204795266849e+16
C6,Extended Relaxation Lag (tau_q=1ns),0.19285714285714284,104838.9170056779,9,0.00010354782799933888,0.25925062435468715,0.25925062435468715,True,0.771629605497923,7.990056995486536e-05,3.046626652854224,6.646204795266849e+16
C6,Extended Relaxation Lag (tau_q=1ns),0.22857142857142854,124253.53126598864,7,1.5707963267948966,-13.862943611198906,13.862943611198906,False,0.0,-1048576.0,3.0182874955583183,1.4270552378482795e+17
C6,Extended Relaxation Lag (tau_q=1ns),0.22857142857142854,124253.53126598864,1,2.99619944125552,-96.83612799861399,96.83612799861399,False,-1.1240599088344534e+42,-1.6459209976857376e+41,3.0182874955583183,1.4270552378482795e+17
C6,Extended Relaxation Lag (tau_q=1ns),0.22857142857142854,124253.53126598864,3,1.2017570399004798,-58.292447463215986,58.292447463215986,False,7.468922788162193e+24,1.9311601494742126e+25,3.0182874955583183,1.4270552378482795e+17
C6,Extended Relaxation Lag (tau_q=1ns),0.22857142857142854,124253.53126598864,4,1.2538138818813862,-57.52871844839871,57.52871844839871,False,3.0070651534351663e+24,-9.16665745759125e+24,3.0182874955583183,1.4270552378482795e+17
C6,Extended Relaxation Lag (tau_q=1ns),0.22857142857142854,124253.53126598864,5,2.483971253369933,-48.22978858493347,48.22978858493347,False,-6.988011749629493e+20,-5.3968457074435916e+20,3.0182874955583183,1.4270552378482795e+17
C6,Extended Relaxation Lag (tau_q=1ns),0.22857142857142854,124253.53126598864,6,2.58153434478559,-40.767571162700044,40.767571162700044,False,-4.296645434452918e+17,-2.6941288780753568e+17,3.0182874955583183,1.4270552378482795e+17
C6,Extended Relaxation Lag (tau_q=1ns),0.22857142857142854,124253.53126598864,8,2.5923746022274092,-27.665475732990327,27.665475732990327,False,-882832587027.8397,540319893208.5091,3.0182874955583183,1.4270552378482795e+17
C6,Extended Relaxation Lag (tau_q=1ns),0.22857142857142854,124253.53126598864,2,1.0957236653630094,-16.219294777896806,16.219294777896806,False,5061150.958651751,-9839629.14509789,3.0182874955583183,1.4270552378482795e+17
C6,Extended Relaxation Lag (tau_q=1ns),0.22857142857142854,124253.53126598864,0,1.6895382698297453e-06,-1.0080126702227243,1.0080126702227243,False,2.7401500186171206,-4.629588321532719e-06,3.0182874955583183,1.4270552378482795e+17
C6,Extended Relaxation Lag (tau_q=1ns),0.22857142857142854,124253.53126598864,9,8.657432861733351e-08,0.35076279817224465,0.35076279817224465,True,0.7041507598950287,6.096137928329747e-08,3.0182874955583183,1.4270552378482795e+17
C6,Extended Relaxation Lag (tau_q=1ns),0.2642857142857143,143668.14552629937,2,2.498091544796509,-17.551823065312842,17.551823065312842,False,-33554432.0,-25165824.0,2.988554464700341,7.171012560203444e+16
C6,Extended Relaxation Lag (tau_q=1ns),0.2642857142857143,143668.14552629937,1,1.1554384651785725,-99.51419568177042,99.51419568177042,False,6.673110417166041e+42,-1.5131216597662673e+43,2.988554464700341,7.171012560203444e+16
C6,Extended Relaxation Lag (tau_q=1ns),0.2642857142857143,143668.14552629937,3,0.6275972298163109,-61.27576260573087,61.27576260573087,False,3.310629957774785e+26,2.401666890389173e+26,2.988554464700341,7.171012560203444e+16
C6,Extended Relaxation Lag (tau_q=1ns),0.2642857142857143,143668.14552629937,4,2.821227698460552,-60.246242242038505,60.246242242038505,False,-1.3865385181125543e+26,4.600458381916756e+25,2.988554464700341,7.171012560203444e+16
C6,Extended Relaxation Lag (tau_q=1ns),0.2642857142857143,143668.14552629937,5,1.6250926315694594,-51.141360501940405,51.141360501940405,False,-8.80982996253867e+20,1.6209520906313163e+22,2.988554464700341,7.171012560203444e+16
C6,Extended Relaxation Lag (tau_q=1ns),0.2642857142857143,143668.14552629937,6,0.23813657816423597,-42.63342796403397,42.63342796403397,False,3.184418375210088e+18,-7.7299394951723e+17,2.988554464700341,7.171012560203444e+16
C6,Extended Relaxation Lag (tau_q=1ns),0.2642857142857143,143668.14552629937,8,1.51981186924855,-30.72100874575904,30.72100874575904,False,1119990171440.7192,-21948248885315.094,2.988554464700341,7.171012560203444e+16
C6,Extended Relaxation Lag (tau_q=1ns),0.2642857142857143,143668.14552629937,7,1.4112955973054722,-16.18799959937209,16.18799959937209,False,1703250.6568467524,10587928.129875395,2.988554464700341,7.171012560203444e+16
C6,Extended Relaxation Lag (tau_q=1ns),0.2642857142857143,143668.14552629937,0,1.9730830793638078e-06,-1.0553834092970156,1.0553834092970156,False,2.8730765069915734,5.668818641670102e-06,2.988554464700341,7.171012560203444e+16
C6,Extended Relaxation Lag (tau_q=1ns),0.2642857142857143,143668.14552629937,9,1.4412241990500109e-07,0.452878728985272,0.452878728985272,True,0.6357952324843875,-9.163234746971332e-08,2.988554464700341,7.171012560203444e+16
C6,Extended Relaxation Lag (tau_q=1ns),0.3,163082.75978661008,2,0.3217505543966422,-19.866266421615546,19.866266421615546,False,402653184.0,134217728.0,2.9583496274261982,1.0051871232827678e+17
C6,Extended Relaxation Lag (tau_q=1ns),0.3,163082.75978661008,1,3.045220984069316,-102.01657613545437,102.01657613545437,False,-2.0100931984504417e+44,-1.9431798624594334e+43,2.9583496274261982,1.0051871232827678e+17
C6,Extended Relaxation Lag (tau_q=1ns),0.3,163082.75978661008,4,2.910465158599651,-64.1115880723883,64.1115880723883,False,-6.785848571152895e+27,1.5969339978843924e+27,2.9583496274261982,1.0051871232827678e+17
C6,Extended Relaxation Lag (tau_q=1ns),0.3,163082.75978661008,3,0.4497262958968761,-63.87380161733147,63.87380161733147,False,4.9494299871168895e+27,2.3891766648838e+27,2.9583496274261982,1.0051871232827678e+17
C6,Extended Relaxation Lag (tau_q=1ns),0.3,163082.75978661008,5,2.8911538514548973,-51.27042170054806,51.27042170054806,False,-1.789357212668211e+22,4.57734368907305e+21,2.9583496274261982,1.0051871232827678e+17
C6,Extended Relaxation Lag (tau_q=1ns),0.3,163082.75978661008,6,2.0602900779898685,-44.73758700519006,44.73758700519006,False,-1.2634281080818196e+19,2.3715747770711446e+19,2.9583496274261982,1.0051871232827678e+17
C6,Extended Relaxation Lag (tau_q=1ns),0.3,163082.75978661008,8,0.18991798657428952,-33.11361863105078,33.11361863105078,False,236146795516093.16,-45395630128584.92,2.9583496274261982,1.0051871232827678e+17
C6,Extended Relaxation Lag (tau_q=1ns),0.3,163082.75978661008,7,0.27196180487469285,-18.341647820635295,18.341647820635295,False,89004824.1981579,-24820895.961022217,2.9583496274261982,1.0051871232827678e+17
C6,Extended Relaxation Lag (tau_q=1ns),0.3,163082.75978661008,9,5.96953329851547e-09,0.5655749283386668,0.5655749283386668,True,0.5680334743182204,3.3908947396140484e-09,2.9583496274261982,1.0051871232827678e+17
C6,Extended Relaxation Lag (tau_q=1ns),0.3,163082.75978661008,0,6.366135252383033e-08,-1.1033661368029222,1.1033661368029222,False,3.0142954967927436,-1.918941282323174e-07,2.9583496274261982,1.0051871232827678e+17
C6,Extended Relaxation Lag (tau_q=1ns),0.3357142857142857,182497.37404692083,2,0.4636476090008061,-21.59913437301541,21.59913437301541,False,2147483648.0,-1073741824.0,2.9284249245509835,6.710230842573369e+16
C6,Extended Relaxation Lag (tau_q=1ns),0.3357142857142857,182497.37404692083,1,1.2665349732470568,-104.3738728918761,104.3738728918761,False,6.3903146829993115e+44,2.0350571518164452e+45,2.9284249245509835,6.710230842573369e+16
C6,Extended Relaxation Lag (tau_q=1ns),0.3357142857142857,182497.37404692083,4,1.8080230322306368,-65.82950772585153,65.82950772585153,False,-9.130076804040913e+27,3.7762026587946226e+28,2.9284249245509835,6.710230842573369e+16
C6,Extended Relaxation Lag (tau_q=1ns),0.3357142857142857,182497.37404692083,3,1.5046941986195594,-65.33517830298265,65.33517830298265,False,1.5653322490033612e+27,-2.3646011495118503e+28,2.9284249245509835,6.710230842573369e+16
C6,Extended Relaxation Lag (tau_q=1ns),0.3357142857142857,182497.37404692083,5,2.9496469157210723,-53.15319276286664,53.15319276286664,False,-1.1914842497996574e+23,-2.315510237483008e+22,2.9284249245509835,6.710230842573369e+16
C6,Extended Relaxation Lag (tau_q=1ns),0.3357142857142857,182497.37404692083,6,2.445793448387212,-48.42705997909529,48.42705997909529,False,-8.25480615265319e+20,-6.893857807494133e+20,2.9284249245509835,6.710230842573369e+16
C6,Extended Relaxation Lag (tau_q=1ns),0.3357142857142857,182497.37404692083,8,1.3483774524358938,-34.469011909060406,34.469011909060406,False,205724783835780.44,-909640114277143.2,2.9284249245509835,6.710230842573369e+16
C6,Extended Relaxation Lag (tau_q=1ns),0.3357142857142857,182497.37404692083,7,2.495598694941431,-20.80817849944506,20.80817849944506,False,-869266621.0014632,655342176.1847227,2.9284249245509835,6.710230842573369e+16
C6,Extended Relaxation Lag (tau_q=1ns),0.3357142857142857,182497.37404692083,9,1.339235139291633e-08,0.6893408770574084,0.6893408770574084,True,0.5019067783376931,-6.721711941984953e-09,2.9284249245509835,6.710230842573369e+16
C6,Extended Relaxation Lag (tau_q=1ns),0.3357142857142857,182497.37404692083,0,1.137236672647486e-08,-1.1513882483725735,1.1513882483725735,False,3.1625803105533428,3.5966023093541366e-08,2.9284249245509835,6.710230842573369e+16
C6,Extended Relaxation Lag (tau_q=1ns),0.3714285714285714,201911.9883072315,2,0.12435499454676144,-24.961050593426013,24.961050593426013,False,68719476736.0,8589934592.0,2.899350076168356,1.0687414396781222e+17
C6,Extended Relaxation Lag (tau_q=1ns),0.3714285714285714,201911.9883072315,1,2.734591912507999,-106.60871759914653,106.60871759914653,False,-1.8304933003066275e+46,-7.890707550612037e+45,2.899350076168356,1.0687414396781222e+17
C6,Extended Relaxation Lag (tau_q=1ns),0.3714285714285714,201911.9883072315,3,0.3952474466854112,-67.88973448608985,67.88973448608985,False,2.8137942040716383e+29,-1.173921467047036e+29,2.899350076168356,1.0687414396781222e+17
C6,Extended Relaxation Lag (tau_q=1ns),0.3714285714285714,201911.9883072315,4,2.1042702538797706,-68.38497120308884,68.38497120308884,False,-2.544076575161114e+29,4.307664108532498e+29,2.899350076168356,1.0687414396781222e+17
C6,Extended Relaxation Lag (tau_q=1ns),0.3714285714285714,201911.9883072315,5,1.9384245956300499,-57.64703261231961,57.64703261231961,False,-3.902744188503228e+24,-1.0133388432526508e+25,2.899350076168356,1.0687414396781222e+17
C6,Extended Relaxation Lag (tau_q=1ns),0.3714285714285714,201911.9883072315,6,3.1089224516209444,-48.59376550544849,48.59376550544849,False,-1.2699084186399518e+21,4.1502931511682515e+19,2.899350076168356,1.0687414396781222e+17
C6,Extended Relaxation Lag (tau_q=1ns),0.3714285714285714,201911.9883072315,8,0.41554265335791174,-36.39552588352587,36.39552588352587,False,5857987591899554.0,-2584760107675220.5,2.899350076168356,1.0687414396781222e+17
C6,Extended Relaxation Lag (tau_q=1ns),0.3714285714285714,201911.9883072315,7,2.8197335269132275,-25.124251804166324,25.124251804166324,False,-77344503322.43108,-25790831966.38819,2.899350076168356,1.0687414396781222e+17
C6,Extended Relaxation Lag (tau_q=1ns),0.3714285714285714,201911.9883072315,9,3.6424998065747256e-07,0.8251840340891776,0.8251840340891776,True,0.43815434970797185,1.5959771340612328e-07,2.899350076168356,1.0687414396781222e+17
C6,Extended Relaxation Lag (tau_q=1ns),0.3714285714285714,201911.9883072315,0,2.7291817631019622e-08,-1.1990554019396613,1.1990554019396613,False,3.316982227477844,9.052647403765858e-08,2.899350076168356,1.0687414396781222e+17
C6,Extended Relaxation Lag (tau_q=1ns),0.4071428571428571,221326.60256754226,2,2.214297435588181,-25.869589232032187,25.869589232032187,False,-103079215104.0,-137438953472.0,2.8715227120726903,7.34352880651949e+16
C6,Extended Relaxation Lag (tau_q=1ns),0.4071428571428571,221326.60256754226,1,2.31223821305027,-108.73840585200713,108.73840585200713,False,-1.1324520480014637e+47,1.2366563551288783e+47,2.8715227120726903,7.34352880651949e+16
C6,Extended Relaxation Lag (tau_q=1ns),0.4071428571428571,221326.60256754226,3,0.9559390803423831,-70.61786952107019,70.61786952107019,False,2.691583577365736e+30,-3.811504655729697e+30,2.8715227120726903,7.34352880651949e+16
C6,Extended Relaxation Lag (tau_q=1ns),0.4071428571428571,221326.60256754226,4,2.3141957885166407,-70.45227944276856,70.45227944276856,False,-2.676042214104535e+30,2.910821285313965e+30,2.8715227120726903,7.34352880651949e+16
C6,Extended Relaxation Lag (tau_q=1ns),0.4071428571428571,221326.60256754226,5,1.3399978010645968,-58.065690036518994,58.065690036518994,False,3.775541673647246e+24,-1.6067104041999283e+25,2.8715227120726903,7.34352880651949e+16
C6,Extended Relaxation Lag (tau_q=1ns),0.4071428571428571,221326.60256754226,6,0.05983577809441549,-52.92536554507371,52.92536554507371,False,9.647533335638433e+22,-5.77957586290129e+21,2.8715227120726903,7.34352880651949e+16
C6,Extended Relaxation Lag (tau_q=1ns),0.4071428571428571,221326.60256754226,8,0.24334833314906376,-39.470814784849416,39.470814784849416,False,1.3457642453925509e+17,-3.341108417609584e+16,2.8715227120726903,7.34352880651949e+16
C6,Extended Relaxation Lag (tau_q=1ns),0.4071428571428571,221326.60256754226,7,2.845001353753842,-25.54752400606684,25.54752400606684,False,-119058454482.44162,36384894011.73413,2.8715227120726903,7.34352880651949e+16
C6,Extended Relaxation Lag (tau_q=1ns),0.4071428571428571,221326.60256754226,0,2.934194692130018e-08,-1.246097531081424,1.246097531081424,False,3.476748545692608,1.0201457128642012e-07,2.8715227120726903,7.34352880651949e+16
C6,Extended Relaxation Lag (tau_q=1ns),0.4071428571428571,221326.60256754226,9,4.2750331794995237e-07,0.9747140625836885,0.9747140625836885,True,0.3773002223912848,1.61297096935539e-07,2.8715227120726903,7.34352880651949e+16
C6,Extended Relaxation Lag (tau_q=1ns),0.44285714285714284,240741.21682785297,2,0.0,-27.725887222397812,27.725887222397812,False,1099511627776.0,0.0,2.8451921584671234,1.8100835508014022e+17
C6,Extended Relaxation Lag (tau_q=1ns),0.44285714285714284,240741.21682785297,1,2.6725855687300015,-110.77650827589264,110.77650827589264,False,-1.1481527125050465e+48,5.817889688100917e+47,2.8451921584671234,1.8100835508014022e+17
C6,Extended Relaxation Lag (tau_q=1ns),0.44285714285714284,240741.21682785297,3,0.8320174631538689,-72.77825998915398,72.77825998915398,False,2.7255902406058825e+31,-2.992349888308432e+31,2.8451921584671234,1.8100835508014022e+17
C6,Extended Relaxation Lag (tau_q=1ns),0.44285714285714284,240741.21682785297,4,1.97585128223267,-72.40037817965738,72.40037817965738,False,-1.0930934700313103e+31,2.5494024419761253e+31,2.8451921584671234,1.8100835508014022e+17
C6,Extended Relaxation Lag (tau_q=1ns),0.44285714285714284,240741.21682785297,5,1.1750989353215593,-59.86818419620402,59.86818419620402,False,3.858265408767362e+25,9.236251008950089e+25,2.8451921584671234,1.8100835508014022e+17
C6,Extended Relaxation Lag (tau_q=1ns),0.44285714285714284,240741.21682785297,6,0.27819282176309085,-52.68747837545765,52.68747837545765,False,7.325790305516371e+22,2.0922364118359104e+22,2.8451921584671234,1.8100835508014022e+17
C6,Extended Relaxation Lag (tau_q=1ns),0.44285714285714284,240741.21682785297,8,2.435443806013457,-41.179173864809,41.179173864809,False,-5.82366620494686e+17,4.966739240879795e+17,2.8451921584671234,1.8100835508014022e+17
C6,Extended Relaxation Lag (tau_q=1ns),0.44285714285714284,240741.21682785297,7,1.7025202878335892,-22.388679964000858,22.388679964000858,False,-694525663.7521124,-5242053551.567647,2.8451921584671234,1.8100835508014022e+17
C6,Extended Relaxation Lag (tau_q=1ns),0.44285714285714284,240741.21682785297,9,9.337363446825592e-10,1.14032858123606,1.14032858123606,True,0.3197139525496401,2.985285373977141e-10,2.8451921584671234,1.8100835508014022e+17
C6,Extended Relaxation Lag (tau_q=1ns),0.44285714285714284,240741.21682785297,0,4.481768093916197e-09,-1.2923296274204594,1.2923296274204594,False,3.6412594604493367,-1.6319280471512344e-08,2.8451921584671234,1.8100835508014022e+17
C6,Extended Relaxation Lag (tau_q=1ns),0.47857142857142854,260155.83108816372,2,0.0,-29.112181583517703,29.112181583517703,False,4398046511104.0,0.0,2.820489570027353,1.3630320656740189e+17
C6,Extended Relaxation Lag (tau_q=1ns),0.47857142857142854,260155.83108816372,1,2.590058632587253,-112.73390542019409,112.73390542019409,False,-7.76266353955228e+48,-4.7757292379389016e+48,2.820489570027353,1.3630320656740189e+17
C6,Extended Relaxation Lag (tau_q=1ns),0.47857142857142854,260155.83108816372,4,2.4269665070292517,-74.42383909397867,74.42383909397867,False,-1.5849083124644068e+32,-1.3750739499708593e+32,2.820489570027353,1.3630320656740189e+17
C6,Extended Relaxation Lag (tau_q=1ns),0.47857142857142854,260155.83108816372,3,0.896062194774835,-73.9440762609853,73.9440762609853,False,8.112760505429525e+31,1.0141092209963788e+32,2.820489570027353,1.3630320656740189e+17
C6,Extended Relaxation Lag (tau_q=1ns),0.47857142857142854,260155.83108816372,5,0.623051570632866,-63.187239741308105,63.187239741308105,False,2.2463628724545235e+27,1.6140699761087995e+27,2.820489570027353,1.3630320656740189e+17
C6,Extended Relaxation Lag (tau_q=1ns),0.47857142857142854,260155.83108816372,6,2.846032605794523,-54.593050190388865,54.593050190388865,False,-4.900141311842036e+23,1.4919856363003182e+23,2.820489570027353,1.3630320656740189e+17
C6,Extended Relaxation Lag (tau_q=1ns),0.47857142857142854,260155.83108816372,8,1.4684800417773969,-42.84584086875896,42.84584086875896,False,4.139034211537101e+17,4.0312065593513544e+18,2.820489570027353,1.3630320656740189e+17
C6,Extended Relaxation Lag (tau_q=1ns),0.47857142857142854,260155.83108816372,7,1.0966590982453968,-30.051362129783392,30.051362129783392,False,5136284711533.326,10008707015171.04,2.820489570027353,1.3630320656740189e+17
C6,Extended Relaxation Lag (tau_q=1ns),0.47857142857142854,260155.83108816372,9,8.78432443532201e-05,1.325740692888393,1.325740692888393,True,0.2656061525978516,-2.333170622438428e-05,2.820489570027353,1.3630320656740189e+17
C6,Extended Relaxation Lag (tau_q=1ns),0.47857142857142854,260155.83108816372,0,4.609937382837531e-06,-1.3376168799825146,1.3376168799825146,False,3.8099531023634294,-1.7563645233567416e-05,2.820489570027353,1.3630320656740189e+17
C6,Extended Relaxation Lag (tau_q=1ns),0.5142857142857142,279570.44534847443,7,1.5707963267948966,-30.498475944637594,30.498475944637594,False,0.0,-17592186044416.0,2.7974581391725737,9.121066508827078e+16
C6,Extended Relaxation Lag (tau_q=1ns),0.5142857142857142,279570.44534847443,1,1.6738564129082134,-114.61947993691751,114.61947993691751,False,-6.179154904627304e+48,-5.974439355356616e+49,2.7974581391725737,9.121066508827078e+16
C6,Extended Relaxation Lag (tau_q=1ns),0.5142857142857142,279570.44534847443,3,1.0977175165840154,-75.67254486907639,75.67254486907639,False,3.332576487127815e+32,6.510906856314768e+32,2.7974581391725737,9.121066508827078e+16
C6,Extended Relaxation Lag (tau_q=1ns),0.5142857142857142,279570.44534847443,4,2.345441247836335,-74.84783045043584,74.84783045043584,False,-2.2426633874605237e+32,-2.2914213791648534e+32,2.7974581391725737,9.121066508827078e+16
C6,Extended Relaxation Lag (tau_q=1ns),0.5142857142857142,279570.44534847443,5,0.1866286151656197,-65.11242670572383,65.11242670572383,False,1.8636313766530207e+28,3.5190207265354084e+27,2.7974581391725737,9.121066508827078e+16
C6,Extended Relaxation Lag (tau_q=1ns),0.5142857142857142,279570.44534847443,6,0.13924308370691785,-56.04047858729862,56.04047858729862,False,2.1569831330277628e+24,3.023012493023479e+23,2.7974581391725737,9.121066508827078e+16
C6,Extended Relaxation Lag (tau_q=1ns),0.5142857142857142,279570.44534847443,8,2.58470811181001,-46.96938235574803,46.96938235574803,False,-2.125216210007187e+20,-1.3231977463963786e+20,2.7974581391725737,9.121066508827078e+16
C6,Extended Relaxation Lag (tau_q=1ns),0.5142857142857142,279570.44534847443,2,1.4019265528603184,-32.241607791941576,32.241607791941576,False,16898111784709.969,-99112928069235.36,2.7974581391725737,9.121066508827078e+16
C6,Extended Relaxation Lag (tau_q=1ns),0.5142857142857142,279570.44534847443,9,0.00034252800563766697,1.5345728589869203,1.5345728589869203,True,0.21554772814501044,-7.383113632866386e-05,2.7974581391725737,9.121066508827078e+16
C6,Extended Relaxation Lag (tau_q=1ns),0.5142857142857142,279570.44534847443,0,1.5069520226130399e-05,-1.3819554735522233,1.3819554735522233,False,3.9826820467710107,-6.001710766260526e-05,2.7974581391725737,9.121066508827078e+16
C6,Extended Relaxation Lag (tau_q=1ns),0.55,298985.0596087852,7,2.896613990462929,-33.994524158345534,33.994524158345534,False,-562949953421312.0,140737488355328.0,2.776079711251282,4.38485151489779e+17
C6,Extended Relaxation Lag (tau_q=1ns),0.55,298985.0596087852,1,1.4957606432978023,-116.44059532572442,116.44059532572442,False,2.7820712434929784e+49,-3.7007031917231597e+50,2.776079711251282,4.38485151489779e+17
C6,Extended Relaxation Lag (tau_q=1ns),0.55,298985.0596087852,3,0.6585318288004076,-78.26810887214809,78.26810887214809,False,7.75398081839362e+33,5.999682055837064e+33,2.776079711251282,4.38485151489779e+17
C6,Extended Relaxation Lag (tau_q=1ns),0.55,298985.0596087852,4,2.8387152648000376,-77.84877743455768,77.84877743455768,False,-6.152651275737811e+33,-1.9226530104363472e+33,2.776079711251282,4.38485151489779e+17
C6,Extended Relaxation Lag (tau_q=1ns),0.55,298985.0596087852,5,0.92955401107359,-66.53260628984299,66.53260628984299,False,4.69444191461093e+28,-6.288799839277993e+28,2.776079711251282,4.38485151489779e+17
C6,Extended Relaxation Lag (tau_q=1ns),0.55,298985.0596087852,6,2.2274403679360453,-57.44180738666948,57.44180738666948,False,-5.399067689398927e+24,7.005030657770603e+24,2.776079711251282,4.38485151489779e+17
C6,Extended Relaxation Lag (tau_q=1ns),0.55,298985.0596087852,8,1.1570430798612938,-47.26056674215857,47.26056674215857,False,1.3467345521591742e+20,-3.067028459432089e+20,2.776079711251282,4.38485151489779e+17
C6,Extended Relaxation Lag (tau_q=1ns),0.55,298985.0596087852,2,2.8281705480219794,-34.23591490854196,34.23591490854196,False,-702714870617684.5,-227753338084686.88,2.776079711251282,4.38485151489779e+17
C6,Extended Relaxation Lag (tau_q=1ns),0.55,298985.0596087852,0,1.0634906052854695e-05,-1.4250938031781748,1.4250938031781748,False,4.158247881094049,4.4222575561584515e-05,2.776079711251282,4.38485151489779e+17
C6,Extended Relaxation Lag (tau_q=1ns),0.55,298985.0596087852,9,0.00030060152112497613,1.7797484279314624,1.7797484279314624,True,0.168680569631918,5.0705637342857354e-05,2.776079711251282,4.38485151489779e+17
C6,Extended Relaxation Lag (tau_q=1ns),0.5857142857142857,318399.67386909586,2,3.141592653589793,-35.35050620855721,35.35050620855721,False,-2251799813685248.0,0.0,2.75629652214908,9.833517223971514e+16
C6,Extended Relaxation Lag (tau_q=1ns),0.5857142857142857,318399.67386909586,1,2.588095430454745,-118.20343656276772,118.20343656276772,False,-1.840230660817718e+51,-1.1371289381252946e+51,2.75629652214908,9.833517223971514e+16
C6,Extended Relaxation Lag (tau_q=1ns),0.5857142857142857,318399.67386909586,3,1.0781329767416021,-79.6560666414276,79.6560666414276,False,1.8579226237133136e+34,3.4610167930915674e+34,2.75629652214908,9.833517223971514e+16
C6,Extended Relaxation Lag (tau_q=1ns),0.5857142857142857,318399.67386909586,4,2.590851397527283,-79.25152606552103,79.25152606552103,False,-2.233622601257959e+34,-1.371724753006541e+34,2.75629652214908,9.833517223971514e+16
C6,Extended Relaxation Lag (tau_q=1ns),0.5857142857142857,318399.67386909586,5,1.3777839236661236,-67.59984861193767,67.59984861193767,False,4.376496365424263e+28,-2.2392415290112538e+29,2.75629652214908,9.833517223971514e+16
C6,Extended Relaxation Lag (tau_q=1ns),0.5857142857142857,318399.67386909586,6,1.8429034503384005,-62.266029219953424,62.266029219953424,False,-2.9591035458958975e+26,1.0605042288190316e+27,2.75629652214908,9.833517223971514e+16
C6,Extended Relaxation Lag (tau_q=1ns),0.5857142857142857,318399.67386909586,8,1.3625830857435797,-48.05343418094421,48.05343418094421,False,1.530055278889159e+20,-7.242000552142723e+20,2.75629652214908,9.833517223971514e+16
C6,Extended Relaxation Lag (tau_q=1ns),0.5857142857142857,318399.67386909586,7,1.9743066127264695,-34.802102487971055,34.802102487971055,False,-510935056746996.25,-1196745368624002.8,2.75629652214908,9.833517223971514e+16
C6,Extended Relaxation Lag (tau_q=1ns),0.5857142857142857,318399.67386909586,9,0.0207105971097936,2.063292648758131,2.063292648758131,True,0.1270077553667755,0.0026307826014801555,2.75629652214908,9.833517223971514e+16
C6,Extended Relaxation Lag (tau_q=1ns),0.5857142857142857,318399.67386909586,0,0.0005653811643753354,-1.4674049731032464,1.4674049731032464,False,4.337962697137156,0.0024526026620537867,2.75629652214908,9.833517223971514e+16
C6,Extended Relaxation Lag (tau_q=1ns),0.6214285714285714,337814.28812940663,7,2.356194490192345,-36.39022697939713,36.39022697939713,False,-4503599627370496.0,-4503599627370496.0,2.738027426079832,1.2704437219423523e+17
C6,Extended Relaxation Lag (tau_q=1ns),0.6214285714285714,337814.28812940663,1,0.8800701738715809,-119.91325840083242,119.91325840083242,False,7.618544864034764e+51,9.217197418861642e+51,2.738027426079832,1.2704437219423523e+17
C6,Extended Relaxation Lag (tau_q=1ns),0.6214285714285714,337814.28812940663,3,1.40537102366192,-81.67731215036389,81.67731215036389,False,4.8823095310283635e+34,2.9243968809240876e+35,2.738027426079832,1.2704437219423523e+17
C6,Extended Relaxation Lag (tau_q=1ns),0.6214285714285714,337814.28812940663,4,2.626963171836357,-80.54756144203199,80.54756144203199,False,-8.339074339921203e+34,-4.715350461175207e+34,2.738027426079832,1.2704437219423523e+17
C6,Extended Relaxation Lag (tau_q=1ns),0.6214285714285714,337814.28812940663,5,1.7159275289234734,-68.11799923157699,68.11799923157699,False,-5.539955927011517e+28,3.790366899919854e+29,2.738027426079832,1.2704437219423523e+17
C6,Extended Relaxation Lag (tau_q=1ns),0.6214285714285714,337814.28812940663,6,2.546889261081475,-63.97554159834292,63.97554159834292,False,-5.039878524266177e+27,-3.4089192107478195e+27,2.738027426079832,1.2704437219423523e+17
C6,Extended Relaxation Lag (tau_q=1ns),0.6214285714285714,337814.28812940663,8,1.753879307880305,-49.13178539297277,49.13178539297277,False,-3.9617067681898444e+20,-2.1396543055988232e+21,2.738027426079832,1.2704437219423523e+17
C6,Extended Relaxation Lag (tau_q=1ns),0.6214285714285714,337814.28812940663,2,2.3060659232241085,-37.47273058052956,37.47273058052956,False,-1.2612025261725378e+16,-1.3944375786427658e+16,2.738027426079832,1.2704437219423523e+17
C6,Extended Relaxation Lag (tau_q=1ns),0.6214285714285714,337814.28812940663,9,0.7959884177458747,2.1592218254724327,2.1592218254724327,True,0.08074181987356921,0.08247034280958199,2.738027426079832,1.2704437219423523e+17
C6,Extended Relaxation Lag (tau_q=1ns),0.6214285714285714,337814.28812940663,0,0.017986770321707885,-1.5062400041990636,1.5062400041990636,False,4.509012778901742,0.08111132457128317,2.738027426079832,1.2704437219423523e+17
C6,Extended Relaxation Lag (tau_q=1ns),0.6571428571428571,357228.90238971735,7,1.2490457723982544,-37.888093116174126,37.888093116174126,False,9007199254740992.0,2.7021597764222976e+16,2.721179505636259,5.790741127734778e+16
C6,Extended Relaxation Lag (tau_q=1ns),0.6571428571428571,357228.90238971735,1,2.2374559533829803,-121.26194525930647,121.26194525930647,False,-2.8486433478821165e+52,3.620398244375268e+52,2.721179505636259,5.790741127734778e+16
C6,Extended Relaxation Lag (tau_q=1ns),0.6571428571428571,357228.90238971735,3,1.6252992244521396,-82.82971835303842,82.82971835303842,False,-5.113216392351701e+34,9.372258284038314e+35,2.721179505636259,5.790741127734778e+16
C6,Extended Relaxation Lag (tau_q=1ns),0.6571428571428571,357228.90238971735,4,1.1926370062951936,-80.63935839141644,80.63935839141644,False,3.877058727463454e+34,-9.759008983256462e+34,2.721179505636259,5.790741127734778e+16
C6,Extended Relaxation Lag (tau_q=1ns),0.6571428571428571,357228.90238971735,5,0.13426975909921107,-73.19412605665886,73.19412605665886,False,6.079647842364743e+31,-8.212540834237129e+30,2.721179505636259,5.790741127734778e+16
C6,Extended Relaxation Lag (tau_q=1ns),0.6571428571428571,357228.90238971735,6,1.2947921949679997,-62.28937865409295,62.28937865409295,False,3.071291068507106e+26,-1.084369109397121e+27,2.721179505636259,5.790741127734778e+16
C6,Extended Relaxation Lag (tau_q=1ns),0.6571428571428571,357228.90238971735,8,0.5748080644509611,-53.07599489548708,53.07599489548708,False,9.430336801526422e+22,6.108717439447556e+22,2.721179505636259,5.790741127734778e+16
C6,Extended Relaxation Lag (tau_q=1ns),0.6571428571428571,357228.90238971735,2,2.9324284479061458,-38.45703297111213,38.45703297111213,False,-4.9216077818534136e+16,1.0447039531535362e+16,2.721179505636259,5.790741127734778e+16
C6,Extended Relaxation Lag (tau_q=1ns),0.6571428571428571,357228.90238971735,9,0.15047434458305975,2.3042132446009633,2.3042132446009633,True,0.09870916376559893,-0.014966326089279981,2.721179505636259,5.790741127734778e+16
C6,Extended Relaxation Lag (tau_q=1ns),0.6571428571428571,357228.90238971735,0,0.003446041986832675,-1.558496509898913,1.558496509898913,False,4.7516435669132155,-0.01637442805466298,2.721179505636259,5.790741127734778e+16
C6,Extended Relaxation Lag (tau_q=1ns),0.6928571428571428,376643.51665002806,2,1.5707963267948966,-38.123094930796995,38.123094930796995,False,0.0,-3.602879701896397e+16,2.70565589106248,5.704782468766668e+16
C6,Extended Relaxation Lag (tau_q=1ns),0.6928571428571428,376643.51665002806,1,1.1480638706505988,-121.26194525929951,121.26194525929951,False,1.8899330190113625e+52,4.201214771308883e+52,2.70565589106248,5.704782468766668e+16
C6,Extended Relaxation Lag (tau_q=1ns),0.6928571428571428,376643.51665002806,3,1.4623775149077918,-82.1645351266611,82.1645351266611,False,5.222250433764501e+34,-4.797850484896671e+35,2.70565589106248,5.704782468766668e+16
C6,Extended Relaxation Lag (tau_q=1ns),0.6928571428571428,376643.51665002806,4,1.1895913699150338,-81.1151057326139,81.1151057326139,False,6.286827169024404e+34,1.568528251459793e+35,2.70565589106248,5.704782468766668e+16
C6,Extended Relaxation Lag (tau_q=1ns),0.6928571428571428,376643.51665002806,5,1.6377663052604354,-72.45653795905834,72.45653795905834,False,-1.9634963154348822e+30,2.927520763324943e+31,2.70565589106248,5.704782468766668e+16
C6,Extended Relaxation Lag (tau_q=1ns),0.6928571428571428,376643.51665002806,6,1.8460365817570976,-61.884915916996334,61.884915916996334,False,-2.044052491425945e+26,7.237940812613577e+26,2.70565589106248,5.704782468766668e+16
C6,Extended Relaxation Lag (tau_q=1ns),0.6928571428571428,376643.51665002806,8,0.3762006180350988,-52.84129431630347,52.84129431630347,False,8.264124779415827e+22,-3.2644439631440376e+22,2.70565589106248,5.704782468766668e+16
C6,Extended Relaxation Lag (tau_q=1ns),0.6928571428571428,376643.51665002806,7,1.105818601564973,-38.47748724970412,38.47748724970412,False,2.302654580527337e+16,4.590035791622463e+16,2.70565589106248,5.704782468766668e+16
C6,Extended Relaxation Lag (tau_q=1ns),0.6928571428571428,376643.51665002806,0,0.002287950775186729,-1.584323024843895,1.584323024843895,False,4.8759765750852875,0.011156013850963802,2.70565589106248,5.704782468766668e+16
C6,Extended Relaxation Lag (tau_q=1ns),0.6928571428571428,376643.51665002806,9,0.7541787480133296,4.211587733959269,4.211587733959269,True,0.010803372883939837,0.010149038260481743,2.70565589106248,5.704782468766668e+16
C6,Extended Relaxation Lag (tau_q=1ns),0.7285714285714285,396058.1309103388,7,0.6435011087932844,-38.346238482111204,38.346238482111204,False,3.602879701896397e+16,-2.7021597764222976e+16,2.6913607538570594,7.621710106703979e+16
C6,Extended Relaxation Lag (tau_q=1ns),0.7285714285714285,396058.1309103388,1,2.681301749331528,-121.26194525930305,121.26194525930305,False,-4.1272856612065103e+52,-2.0463541829219597e+52,2.6913607538570594,7.621710106703979e+16
C6,Extended Relaxation Lag (tau_q=1ns),0.7285714285714285,396058.1309103388,3,1.0308770104760094,-82.11994158322818,82.11994158322818,False,2.372777576298907e+35,-3.959116597111627e+35,2.6913607538570594,7.621710106703979e+16
C6,Extended Relaxation Lag (tau_q=1ns),0.7285714285714285,396058.1309103388,4,2.907003546482486,-79.91095292243477,79.91095292243477,False,-4.929746624746239e+34,-1.1781566931665414e+34,2.6913607538570594,7.621710106703979e+16
C6,Extended Relaxation Lag (tau_q=1ns),0.7285714285714285,396058.1309103388,5,0.7286383109618355,-72.94022321820668,72.94022321820668,False,3.5507728202956284e+31,3.1689521023528813e+31,2.6913607538570594,7.621710106703979e+16
C6,Extended Relaxation Lag (tau_q=1ns),0.7285714285714285,396058.1309103388,6,1.5796009483579965,-62.3981837349288,62.3981837349288,False,-1.1063485212006508e+25,1.2565218443252896e+27,2.6913607538570594,7.621710106703979e+16
C6,Extended Relaxation Lag (tau_q=1ns),0.7285714285714285,396058.1309103388,8,1.5324723350340854,-54.143773157481625,54.143773157481625,False,1.2522941001790875e+22,-3.266050558280478e+23,2.6913607538570594,7.621710106703979e+16
C6,Extended Relaxation Lag (tau_q=1ns),0.7285714285714285,396058.1309103388,2,0.2674664129405084,-38.222713627081276,38.222713627081276,False,3.838755418366809e+16,1.0519433372028294e+16,2.6913607538570594,7.621710106703979e+16
C6,Extended Relaxation Lag (tau_q=1ns),0.7285714285714285,396058.1309103388,0,0.019709089962170353,-1.616868308520793,1.616868308520793,False,5.036312018316359,-0.09927398124678904,2.6913607538570594,7.621710106703979e+16
C6,Extended Relaxation Lag (tau_q=1ns),0.7285714285714285,396058.1309103388,9,1.9632055531687673,2.359967135467999,2.359967135467999,True,-0.036108955340382914,-0.08724624862001672,2.6913607538570594,7.621710106703979e+16
C6,Extended Relaxation Lag (tau_q=1ns),0.7642857142857142,415472.7451706495,2,1.2490457723982544,-37.888093116174126,37.888093116174126,False,9007199254740992.0,2.7021597764222976e+16,2.6782022825859007,1.9031029710109565e+17
C6,Extended Relaxation Lag (tau_q=1ns),0.7642857142857142,415472.7451706495,1,3.058071049575585,-121.2619452592984,121.2619452592984,False,-4.5906812413909477e+52,3.843151192797931e+51,2.6782022825859007,1.9031029710109565e+17
C6,Extended Relaxation Lag (tau_q=1ns),0.7642857142857142,415472.7451706495,3,2.7897617570408606,-82.51656994505996,82.51656994505996,False,-6.442254183395398e+35,2.3649820508396077e+35,2.6782022825859007,1.9031029710109565e+17
C6,Extended Relaxation Lag (tau_q=1ns),0.7642857142857142,415472.7451706495,4,0.3881868460944311,-79.68075373618305,79.68075373618305,False,3.726778172549677e+34,-1.524017395418278e+34,2.6782022825859007,1.9031029710109565e+17
C6,Extended Relaxation Lag (tau_q=1ns),0.7642857142857142,415472.7451706495,5,2.645381874304607,-70.7730845629155,70.7730845629155,False,-4.7922895591086566e+30,-2.594509769969441e+30,2.6782022825859007,1.9031029710109565e+17
C6,Extended Relaxation Lag (tau_q=1ns),0.7642857142857142,415472.7451706495,6,2.3757358633986403,-66.16411507620396,66.16411507620396,False,-3.9130740590385674e+28,-3.763052900892958e+28,2.6782022825859007,1.9031029710109565e+17
C6,Extended Relaxation Lag (tau_q=1ns),0.7642857142857142,415472.7451706495,8,0.36100889009740156,-49.72296927207617,49.72296927207617,False,3.676833608105607e+21,-1.388207348063101e+21,2.6782022825859007,1.9031029710109565e+17
C6,Extended Relaxation Lag (tau_q=1ns),0.7642857142857142,415472.7451706495,7,1.9332434257078044,-38.259690707061864,38.259690707061864,False,-1.4644227493743744e+16,3.861882133518026e+16,2.6782022825859007,1.9031029710109565e+17
C6,Extended Relaxation Lag (tau_q=1ns),0.7642857142857142,415472.7451706495,0,0.0029102625409768387,-1.6428424010233929,1.6428424010233929,False,5.169821522702103,0.015045580397903047,2.6782022825859007,1.9031029710109565e+17
C6,Extended Relaxation Lag (tau_q=1ns),0.7642857142857142,415472.7451706495,9,3.0210993565265984,2.2192146763598624,2.2192146763598624,True,-0.10790634242255588,0.013065282278117308,2.6782022825859007,1.9031029710109565e+17
C6,Extended Relaxation Lag (tau_q=1ns),0.8,434887.35943096026,2,1.5707963267948966,-37.42994775023705,37.42994775023705,False,0.0,-1.8014398509481984e+16,2.6660941811134964,1.0532071783277635e+17
C6,Extended Relaxation Lag (tau_q=1ns),0.8,434887.35943096026,1,0.7112480095059011,-121.26194525928662,121.26194525928662,False,3.4898256232135255e+52,-3.0071863078346305e+52,2.6660941811134964,1.0532071783277635e+17
C6,Extended Relaxation Lag (tau_q=1ns),0.8,434887.35943096026,3,2.4163267605107017,-82.30556448757997,82.30556448757997,False,-4.158547079302492e+35,-3.6862521015430966e+35,2.6660941811134964,1.0532071783277635e+17
C6,Extended Relaxation Lag (tau_q=1ns),0.8,434887.35943096026,4,1.4459053864945033,-82.13710736920126,82.13710736920126,False,5.849164496030325e+34,4.659042160498943e+35,2.6660941811134964,1.0532071783277635e+17
C6,Extended Relaxation Lag (tau_q=1ns),0.8,434887.35943096026,5,0.8554621891833669,-70.69591974048609,70.69591974048609,False,3.308760970644751e+30,3.808223072891946e+30,2.6660941811134964,1.0532071783277635e+17
C6,Extended Relaxation Lag (tau_q=1ns),0.8,434887.35943096026,6,0.7948001796868753,-63.54974444773933,63.54974444773933,False,2.783982267675318e+27,-2.8368308009488253e+27,2.6660941811134964,1.0532071783277635e+17
C6,Extended Relaxation Lag (tau_q=1ns),0.8,434887.35943096026,8,1.3674175980143666,-53.42138725277747,53.42138725277747,False,3.2056871922043437e+22,-1.5544231208991793e+23,2.6660941811134964,1.0532071783277635e+17
C6,Extended Relaxation Lag (tau_q=1ns),0.8,434887.35943096026,7,3.046551418685667,-32.96695686561386,32.96695686561386,False,-206729777086196.03,-19707226452520.812,2.6660941811134964,1.0532071783277635e+17
C6,Extended Relaxation Lag (tau_q=1ns),0.8,434887.35943096026,0,0.00018910705953956663,-1.6958864075824713,1.6958864075824713,False,5.451475956416331,-0.001030912600557526,2.6660941811134964,1.0532071783277635e+17
C6,Extended Relaxation Lag (tau_q=1ns),0.8,434887.35943096026,9,3.1256727285230013,2.9905172060461074,2.9905172060461074,True,-0.05025506538677661,-0.0008001244719123404,2.6660941811134964,1.0532071783277635e+17
C6,Extended Relaxation Lag (tau_q=1ns),0.8357142857142857,454301.973691271,7,1.9513027039072615,-38.42044848467034,38.42044848467034,False,-1.8014398509481984e+16,4.503599627370496e+16,2.654956505487743,1.5474513981710483e+17
C6,Extended Relaxation Lag (tau_q=1ns),0.8357142857142857,454301.973691271,1,1.6255864245970137,-121.26194525928801,121.26194525928801,False,-2.5227746371809796e+51,-4.599827002380094e+52,2.654956505487743,1.5474513981710483e+17
C6,Extended Relaxation Lag (tau_q=1ns),0.8357142857142857,454301.973691271,4,1.1592974753838672,-82.49587502006403,82.49587502006403,False,2.6887188102745906e+35,6.160931138806527e+35,2.654956505487743,1.5474513981710483e+17
C6,Extended Relaxation Lag (tau_q=1ns),0.8357142857142857,454301.973691271,3,2.377426533442891,-82.07686930794308,82.07686930794308,False,-3.1918636251552837e+35,-3.059122470851061e+35,2.654956505487743,1.5474513981710483e+17
C6,Extended Relaxation Lag (tau_q=1ns),0.8357142857142857,454301.973691271,5,1.6848570614862721,-70.52731382579728,70.52731382579728,False,-4.850843791003707e+29,-4.234401333844841e+30,2.654956505487743,1.5474513981710483e+17
C6,Extended Relaxation Lag (tau_q=1ns),0.8357142857142857,454301.973691271,6,1.4195931268285626,-64.0626100480437,64.0626100480437,False,9.998685848440531e+26,6.562276095006606e+27,2.654956505487743,1.5474513981710483e+17
C6,Extended Relaxation Lag (tau_q=1ns),0.8357142857142857,454301.973691271,8,0.822757690364383,-51.78877074162723,51.78877074162723,False,2.1096746311633636e+22,-2.2735043526202327e+22,2.654956505487743,1.5474513981710483e+17
C6,Extended Relaxation Lag (tau_q=1ns),0.8357142857142857,454301.973691271,2,0.34471562889327256,-38.58948769064303,38.58948769064303,False,5.4059294263020776e+16,1.9410069459715012e+16,2.654956505487743,1.5474513981710483e+17
C6,Extended Relaxation Lag (tau_q=1ns),0.8357142857142857,454301.973691271,0,0.001451405816642887,-1.7276877200527296,1.7276877200527296,False,5.627620277641304,0.008167966540315359,2.654956505487743,1.5474513981710483e+17
C6,Extended Relaxation Lag (tau_q=1ns),0.8357142857142857,454301.973691271,9,3.0624074716250607,2.5616057516874475,2.5616057516874475,True,-0.0769388614179202,0.006105183508726945,2.654956505487743,1.5474513981710483e+17
C6,Extended Relaxation Lag (tau_q=1ns),0.8714285714285714,473716.58795158175,2,0.7853981633974483,-38.46966852107696,38.46966852107696,False,3.602879701896397e+16,-3.602879701896397e+16,2.6447157115149276,5.0366927172614536e+16
C6,Extended Relaxation Lag (tau_q=1ns),0.8714285714285714,473716.58795158175,1,0.1338038858168193,-121.26194525929398,121.26194525929398,False,4.56556303702464e+52,6.145620601149032e+51,2.6447157115149276,5.0366927172614536e+16
C6,Extended Relaxation Lag (tau_q=1ns),0.8714285714285714,473716.58795158175,4,1.444474489481338,-82.6461845003139,82.6461845003139,False,9.842483070562459e+34,7.750104538612405e+35,2.6447157115149276,5.0366927172614536e+16
C6,Extended Relaxation Lag (tau_q=1ns),0.8714285714285714,473716.58795158175,3,1.8775163212000723,-82.19592501024822,82.19592501024822,False,-1.503653399353504e+35,-4.747658681649967e+35,2.6447157115149276,5.0366927172614536e+16
C6,Extended Relaxation Lag (tau_q=1ns),0.8714285714285714,473716.58795158175,5,1.9950544518336946,-70.31704977502423,70.31704977502423,False,-1.421769933041525e+30,3.1476701623224344e+30,2.6447157115149276,5.0366927172614536e+16
C6,Extended Relaxation Lag (tau_q=1ns),0.8714285714285714,473716.58795158175,6,1.6319528585467447,-63.71576605085514,63.71576605085514,False,-2.8679904543452466e+26,4.683741762833037e+27,2.6447157115149276,5.0366927172614536e+16
C6,Extended Relaxation Lag (tau_q=1ns),0.8714285714285714,473716.58795158175,8,2.249467426456647,-50.31665336145145,50.31665336145145,False,-4.4672263260022023e+21,5.539263054353165e+21,2.6447157115149276,5.0366927172614536e+16
C6,Extended Relaxation Lag (tau_q=1ns),0.8714285714285714,473716.58795158175,7,1.3541009941521291,-36.39397300628027,36.39397300628027,False,1374507206316284.0,-6243444904168594.0,2.6447157115149276,5.0366927172614536e+16
C6,Extended Relaxation Lag (tau_q=1ns),0.8714285714285714,473716.58795158175,0,0.00022927749825745548,-1.764127063610143,1.764127063610143,False,5.836475108638205,0.0013381724349989044,2.6447157115149276,5.0366927172614536e+16
C6,Extended Relaxation Lag (tau_q=1ns),0.8714285714285714,473716.58795158175,9,3.129199129998895,2.572539823434565,2.572539823434565,True,-0.07633554237424074,0.0009461147866315605,2.6447157115149276,5.0366927172614536e+16
C6,Extended Relaxation Lag (tau_q=1ns),0.9071428571428571,493131.20221189247,7,2.677945044588987,-37.54151952589415,37.54151952589415,False,-1.8014398509481984e+16,-9007199254740992.0,2.63530452581975,1.6930408250154685e+17
C6,Extended Relaxation Lag (tau_q=1ns),0.9071428571428571,493131.20221189247,1,1.8791163524783565,-121.26194525928835,121.26194525928835,False,-1.3979535037516793e+52,-4.389507759634132e+52,2.63530452581975,1.6930408250154685e+17
C6,Extended Relaxation Lag (tau_q=1ns),0.9071428571428571,493131.20221189247,4,1.248376508104796,-83.03480890244512,83.03480890244512,False,3.651155370818455e+35,-1.0929079193500948e+36,2.63530452581975,1.6930408250154685e+17
C6,Extended Relaxation Lag (tau_q=1ns),0.9071428571428571,493131.20221189247,3,2.710636526720431,-82.23971847239193,82.23971847239193,False,-4.727295673044874e+35,2.173510159922569e+35,2.63530452581975,1.6930408250154685e+17
C6,Extended Relaxation Lag (tau_q=1ns),0.9071428571428571,493131.20221189247,5,1.673998466246111,-71.52769457948884,71.52769457948884,False,-1.1939896545528594e+30,-1.1528324058434786e+31,2.63530452581975,1.6930408250154685e+17
C6,Extended Relaxation Lag (tau_q=1ns),0.9071428571428571,493131.20221189247,6,1.6036397456835736,-63.076179667227855,63.076179667227855,False,-8.128437062565899e+25,2.4740159334621252e+27,2.63530452581975,1.6930408250154685e+17
C6,Extended Relaxation Lag (tau_q=1ns),0.9071428571428571,493131.20221189247,8,0.619890527213271,-51.55082601226915,51.55082601226915,False,1.989906933774195e+22,-1.4202836414848087e+22,2.63530452581975,1.6930408250154685e+17
C6,Extended Relaxation Lag (tau_q=1ns),0.9071428571428571,493131.20221189247,2,2.7263576381077863,-40.508902784066315,40.508902784066315,False,-3.582814015352208e+17,-1.5795530210649178e+17,2.63530452581975,1.6930408250154685e+17
C6,Extended Relaxation Lag (tau_q=1ns),0.9071428571428571,493131.20221189247,0,0.04778883112306615,-1.7633888486931388,1.7633888486931388,False,5.825509873797779,-0.27860643108698585,2.63530452581975,1.6930408250154685e+17
C6,Extended Relaxation Lag (tau_q=1ns),0.9071428571428571,493131.20221189247,9,2.364454419311344,1.205400328635484,1.205400328635484,True,-0.21357187677424697,-0.2100725244652155,2.63530452581975,1.6930408250154685e+17
C6,Extended Relaxation Lag (tau_q=1ns),0.9428571428571428,512545.8164722032,2,1.5707963267948966,-37.42994775023705,37.42994775023705,False,0.0,-1.8014398509481984e+16,2.6266615638360626,1.2309988422346533e+17
C6,Extended Relaxation Lag (tau_q=1ns),0.9428571428571428,512545.8164722032,1,1.5281306855367436,-121.26194525928965,121.26194525928965,False,1.9648988503084262e+51,-4.602547565824316e+52,2.6266615638360626,1.2309988422346533e+17
C6,Extended Relaxation Lag (tau_q=1ns),0.9428571428571428,512545.8164722032,4,0.11352827958579285,-82.8096605432727,82.8096605432727,False,9.140582025989521e+35,1.0421959103057145e+35,2.6266615638360626,1.2309988422346533e+17
C6,Extended Relaxation Lag (tau_q=1ns),0.9428571428571428,512545.8164722032,3,2.7532272451379685,-82.70586212631838,82.70586212631838,False,-7.675200043786776e+35,-3.1402729016004985e+35,2.6266615638360626,1.2309988422346533e+17
C6,Extended Relaxation Lag (tau_q=1ns),0.9428571428571428,512545.8164722032,5,2.080100832493771,-70.61531482890153,70.61531482890153,False,-2.2692307948518137e+30,-4.063474217362164e+30,2.6266615638360626,1.2309988422346533e+17
C6,Extended Relaxation Lag (tau_q=1ns),0.9428571428571428,512545.8164722032,6,1.4339569706350506,-63.222323907483414,63.222323907483414,False,3.9080599740956855e+26,2.838099183146655e+27,2.6266615638360626,1.2309988422346533e+17
C6,Extended Relaxation Lag (tau_q=1ns),0.9428571428571428,512545.8164722032,8,1.613772298238658,-52.187202450474516,52.187202450474516,False,-1.98475113440159e+21,-4.6154374543653405e+22,2.6266615638360626,1.2309988422346533e+17
C6,Extended Relaxation Lag (tau_q=1ns),0.9428571428571428,512545.8164722032,7,1.5564584192397843,-36.93019647949107,36.93019647949107,False,156693666353264.0,1.0927879688119092e+16,2.6266615638360626,1.2309988422346533e+17
C6,Extended Relaxation Lag (tau_q=1ns),0.9428571428571428,512545.8164722032,0,0.0037506742662780836,-1.8241836818395176,1.8241836818395176,False,6.197690037581735,-0.023245625537485673,2.6266615638360626,1.2309988422346533e+17
C6,Extended Relaxation Lag (tau_q=1ns),0.9428571428571428,512545.8164722032,9,2.997853215211431,2.2392468181503755,2.2392468181503755,True,-0.10544001124057582,-0.015261136634645364,2.6266615638360626,1.2309988422346533e+17
C6,Extended Relaxation Lag (tau_q=1ns),0.9785714285714285,531960.4307325139,2,2.356194490192345,-37.083374159957074,37.083374159957074,False,-9007199254740992.0,9007199254740992.0,2.61873087129469,1.9531847076469597e+17
C6,Extended Relaxation Lag (tau_q=1ns),0.9785714285714285,531960.4307325139,1,1.053589074894996,-121.26194525928261,121.26194525928261,False,2.2778237407889223e+52,4.0041942230858377e+52,2.61873087129469,1.9531847076469597e+17
C6,Extended Relaxation Lag (tau_q=1ns),0.9785714285714285,531960.4307325139,4,0.3410000181648829,-82.61186459511292,82.61186459511292,False,7.114129239557113e+35,-2.5245371664212305e+35,2.61873087129469,1.9531847076469597e+17
C6,Extended Relaxation Lag (tau_q=1ns),0.9785714285714285,531960.4307325139,3,2.7250066319449893,-82.25717802736627,82.25717802736627,False,-4.84184279571096e+35,-2.142437705601761e+35,2.61873087129469,1.9531847076469597e+17
C6,Extended Relaxation Lag (tau_q=1ns),0.9785714285714285,531960.4307325139,5,0.26252720184341316,-68.98274974610095,68.98274974610095,False,8.78388257024789e+29,-2.360487611065716e+29,2.61873087129469,1.9531847076469597e+17
C6,Extended Relaxation Lag (tau_q=1ns),0.9785714285714285,531960.4307325139,6,2.5245278620979152,-63.127306726559475,63.127306726559475,False,-2.1247495849982844e+27,1.5074823688057714e+27,2.61873087129469,1.9531847076469597e+17
C6,Extended Relaxation Lag (tau_q=1ns),0.9785714285714285,531960.4307325139,8,0.03501357470768546,-52.506801834650624,52.506801834650624,False,6.355475267842098e+22,2.2261888876915303e+21,2.61873087129469,1.9531847076469597e+17
C6,Extended Relaxation Lag (tau_q=1ns),0.9785714285714285,531960.4307325139,7,1.7133626758917675,-35.70726573079056,35.70726573079056,False,-457102205163707.5,-3184489966706410.5,2.61873087129469,1.9531847076469597e+17
C6,Extended Relaxation Lag (tau_q=1ns),0.9785714285714285,531960.4307325139,0,0.001190339017682214,-1.8585989259296944,1.8585989259296944,False,6.414738397839317,0.007635717009539675,2.61873087129469,1.9531847076469597e+17
C6,Extended Relaxation Lag (tau_q=1ns),0.9785714285714285,531960.4307325139,9,3.089784843701807,2.389327830065685,2.389327830065685,True,-0.09156827084880538,0.0047482004627440655,2.61873087129469,1.9531847076469597e+17
C6,Extended Relaxation Lag (tau_q=1ns),1.0142857142857142,551375.0449928246,2,2.5535900500422257,-37.326128067847925,37.326128067847925,False,-1.3510798882111488e+16,-9007199254740992.0,2.611461463203129,1.4556606847723136e+17
C6,Extended Relaxation Lag (tau_q=1ns),1.0142857142857142,551375.0449928246,1,0.5382650491772037,-121.26194525928804,121.26194525928804,False,3.955344058621401e+52,-2.3616320095338e+52,2.611461463203129,1.4556606847723136e+17
C6,Extended Relaxation Lag (tau_q=1ns),1.0142857142857142,551375.0449928246,3,3.107758330339364,-82.74628637358313,82.74628637358313,False,-8.629923398228015e+35,2.9209908764586334e+34,2.611461463203129,1.4556606847723136e+17
C6,Extended Relaxation Lag (tau_q=1ns),1.0142857142857142,551375.0449928246,4,1.1065235628300631,-82.54264469336921,82.54264469336921,False,3.1540798839924588e+35,6.298313134563609e+35,2.611461463203129,1.4556606847723136e+17
C6,Extended Relaxation Lag (tau_q=1ns),1.0142857142857142,551375.0449928246,5,0.8607199845321457,-69.09771023673008,69.09771023673008,False,6.651654693551581e+29,-7.73752847526676e+29,2.611461463203129,1.4556606847723136e+17
C6,Extended Relaxation Lag (tau_q=1ns),1.0142857142857142,551375.0449928246,6,1.4708088397827208,-63.52659721856267,63.52659721856267,False,3.876791058993885e+26,3.86434658217458e+27,2.611461463203129,1.4556606847723136e+17
C6,Extended Relaxation Lag (tau_q=1ns),1.0142857142857142,551375.0449928246,8,0.3318281044032544,-52.81775012012776,52.81775012012776,False,8.205314752775575e+22,2.8272949101476868e+22,2.611461463203129,1.4556606847723136e+17
C6,Extended Relaxation Lag (tau_q=1ns),1.0142857142857142,551375.0449928246,7,1.6475849836486398,-38.13903228933217,38.13903228933217,False,-2808286763208826.5,3.64997256293548e+16,2.611461463203129,1.4556606847723136e+17
C6,Extended Relaxation Lag (tau_q=1ns),1.0142857142857142,551375.0449928246,0,0.05196699728408536,-1.7913723726285604,1.7913723726285604,False,5.98958112139055,-0.31154104237903824,2.611461463203129,1.4556606847723136e+17
C6,Extended Relaxation Lag (tau_q=1ns),1.0142857142857142,551375.0449928246,9,2.672371166922164,0.5770473985879531,0.5770473985879531,True,-0.5008615482426602,-0.2539302394050942,2.611461463203129,1.4556606847723136e+17
C6,Extended Relaxation Lag (tau_q=1ns),1.05,570789.6592531353,7,1.1071487177940904,-37.54151952589415,37.54151952589415,False,9007199254740992.0,1.8014398509481984e+16,2.604806856371881,8.045686747651851e+16
C6,Extended Relaxation Lag (tau_q=1ns),1.05,570789.6592531353,1,0.13105438545201636,-121.26194525929314,121.26194525929314,False,4.567235516248427e+52,-6.02006735727849e+51,2.604806856371881,8.045686747651851e+16
C6,Extended Relaxation Lag (tau_q=1ns),1.05,570789.6592531353,4,1.583742130119188,-82.57038144034874,82.57038144034874,False,-9.375143028421978e+33,-7.241434964711927e+35,2.604806856371881,8.045686747651851e+16
C6,Extended Relaxation Lag (tau_q=1ns),1.05,570789.6592531353,3,1.7181003192280948,-82.58487994405729,82.58487994405729,False,-1.0784510591109923e+35,7.268231430037105e+35,2.604806856371881,8.045686747651851e+16
C6,Extended Relaxation Lag (tau_q=1ns),1.05,570789.6592531353,5,1.9540153876282818,-69.10976290721247,69.10976290721247,False,-3.8614765262818245e+29,-9.578259196669966e+29,2.604806856371881,8.045686747651851e+16
C6,Extended Relaxation Lag (tau_q=1ns),1.05,570789.6592531353,6,1.2436773619713055,-63.357692415005566,63.357692415005566,False,1.0539710867734818e+27,3.1062280547683203e+27,2.604806856371881,8.045686747651851e+16
C6,Extended Relaxation Lag (tau_q=1ns),1.05,570789.6592531353,8,1.4183795951325695,-52.5409139620728,52.5409139620728,False,9.99030719686812e+21,6.5037649535472476e+22,2.604806856371881,8.045686747651851e+16
C6,Extended Relaxation Lag (tau_q=1ns),1.05,570789.6592531353,2,0.9672408318734064,-37.08759419376782,37.08759419376782,False,7260382807280088.0,1.0531922575289104e+16,2.604806856371881,8.045686747651851e+16
C6,Extended Relaxation Lag (tau_q=1ns),1.05,570789.6592531353,0,0.0011217388104289535,-1.9107381700511765,1.9107381700511765,False,6.758071314914435,-0.007580794057218981,2.604806856371881,8.045686747651851e+16
C6,Extended Relaxation Lag (tau_q=1ns),1.05,570789.6592531353,9,3.1014045298698307,2.203874918949839,2.203874918949839,True,-0.1102855156558143,-0.004434555599961362,2.604806856371881,8.045686747651851e+16
C6,Extended Relaxation Lag (tau_q=1ns),1.0857142857142856,590204.273513446,2,2.5535900500422257,-37.326128067847925,37.326128067847925,False,-1.3510798882111488e+16,-9007199254740992.0,2.5987245937242593,6.028235353780682e+16
C6,Extended Relaxation Lag (tau_q=1ns),1.0857142857142856,590204.273513446,1,2.1740011308679477,-121.26194525928486,121.26194525928486,False,-2.61333263067288e+52,3.7937507735552965e+52,2.5987245937242593,6.028235353780682e+16
C6,Extended Relaxation Lag (tau_q=1ns),1.0857142857142856,590204.273513446,4,1.7600390983013439,-82.8983989507287,82.8983989507287,False,-1.89121630002103e+35,-9.874013142286192e+35,2.5987245937242593,6.028235353780682e+16
C6,Extended Relaxation Lag (tau_q=1ns),1.0857142857142856,590204.273513446,3,3.062327534250261,-81.43959278740971,81.43959278740971,False,-2.3302364844343797e+35,1.8509428210049782e+34,2.5987245937242593,6.028235353780682e+16
C6,Extended Relaxation Lag (tau_q=1ns),1.0857142857142856,590204.273513446,5,2.023016818966064,-71.7343080699332,71.7343080699332,False,-6.226725388051557e+30,-1.2817555552397427e+31,2.5987245937242593,6.028235353780682e+16
C6,Extended Relaxation Lag (tau_q=1ns),1.0857142857142856,590204.273513446,6,3.0051361914509807,-62.9096693495503,62.9096693495503,False,-2.0761861278165095e+27,2.8508064949829848e+26,2.5987245937242593,6.028235353780682e+16
C6,Extended Relaxation Lag (tau_q=1ns),1.0857142857142856,590204.273513446,8,2.8096503972560636,-50.56893807388824,50.56893807388824,False,-8.65827742546403e+21,-2.984477432571816e+21,2.5987245937242593,6.028235353780682e+16
C6,Extended Relaxation Lag (tau_q=1ns),1.0857142857142856,590204.273513446,7,2.372524228205098,-38.797746422269995,38.797746422269995,False,-5.082876177804007e+16,4.919525065981889e+16,2.5987245937242593,6.028235353780682e+16
C6,Extended Relaxation Lag (tau_q=1ns),1.0857142857142856,590204.273513446,0,0.0033666625689590347,-1.9424060697402377,1.9424060697402377,False,6.97547483798746,-0.023484158764249974,2.5987245937242593,6.028235353780682e+16
C6,Extended Relaxation Lag (tau_q=1ns),1.0857142857142856,590204.273513446,9,2.994324291424206,2.419411508533692,2.419411508533692,True,-0.08801087264787942,-0.013055737970115451,2.5987245937242593,6.028235353780682e+16
C6,Extended Relaxation Lag (tau_q=1ns),1.1214285714285714,609618.8877737568,2,2.0344439357957027,-37.54151952589415,37.54151952589415,False,-9007199254740992.0,1.8014398509481984e+16,2.59317586201406,8.931085112601142e+16
C6,Extended Relaxation Lag (tau_q=1ns),1.1214285714285714,609618.8877737568,1,0.0007571964855826375,-121.26194525928615,121.26194525928615,False,4.606738564631033e+52,3.488206917787077e+49,2.59317586201406,8.931085112601142e+16
C6,Extended Relaxation Lag (tau_q=1ns),1.1214285714285714,609618.8877737568,4,0.07180509516381103,-82.84467126040562,82.84467126040562,False,9.503050015859353e+35,6.835425901558012e+34,2.59317586201406,8.931085112601142e+16
C6,Extended Relaxation Lag (tau_q=1ns),1.1214285714285714,609618.8877737568,3,3.122279348024898,-82.62286989264793,82.62286989264793,False,-7.630894891844518e+35,1.473961316732193e+34,2.59317586201406,8.931085112601142e+16
C6,Extended Relaxation Lag (tau_q=1ns),1.1214285714285714,609618.8877737568,5,2.359872540748541,-69.01198670191168,69.01198670191168,False,-6.646630073469543e+29,-6.597915744686262e+29,2.59317586201406,8.931085112601142e+16
C6,Extended Relaxation Lag (tau_q=1ns),1.1214285714285714,609618.8877737568,6,0.9843405654540195,-62.726234934380244,62.726234934380244,False,9.653985747020123e+26,1.452962440636375e+27,2.59317586201406,8.931085112601142e+16
C6,Extended Relaxation Lag (tau_q=1ns),1.1214285714285714,609618.8877737568,8,0.6517677755710246,-52.22994326450488,52.22994326450488,False,3.833100692814826e+22,2.924646428754669e+22,2.59317586201406,8.931085112601142e+16
C6,Extended Relaxation Lag (tau_q=1ns),1.1214285714285714,609618.8877737568,7,1.3876956128039342,-37.75004794055804,37.75004794055804,False,4517499870743708.0,-2.4395875925599696e+16,2.59317586201406,8.931085112601142e+16
C6,Extended Relaxation Lag (tau_q=1ns),1.1214285714285714,609618.8877737568,0,0.0007114091735047207,-1.9656057826173177,1.9656057826173177,False,7.139234299010301,0.005078917628934004,2.59317586201406,8.931085112601142e+16
C6,Extended Relaxation Lag (tau_q=1ns),1.1214285714285714,609618.8877737568,9,3.1119940007820865,2.3762213764855065,2.3762213764855065,True,-0.09286026147612965,0.002749341567242025,2.59317586201406,8.931085112601142e+16
C6,Extended Relaxation Lag (tau_q=1ns),1.157142857142857,629033.5020340674,2,1.5707963267948966,-37.42994775023705,37.42994775023705,False,0.0,-1.8014398509481984e+16,2.588125088015136,7.734532200990563e+16
C6,Extended Relaxation Lag (tau_q=1ns),1.157142857142857,629033.5020340674,1,0.4532130533268717,-121.26194525929266,121.26194525929266,False,4.1416659503278e+52,-2.0170908573035095e+52,2.588125088015136,7.734532200990563e+16
C6,Extended Relaxation Lag (tau_q=1ns),1.157142857142857,629033.5020340674,4,0.8581576352746713,-82.42819653797622,82.42819653797622,False,4.107499021952571e+35,-4.753349803934653e+35,2.588125088015136,7.734532200990563e+16
C6,Extended Relaxation Lag (tau_q=1ns),1.157142857142857,629033.5020340674,3,1.7445842620959127,-82.50809138962988,82.50809138962988,False,-1.176630522063745e+35,6.702196973124449e+35,2.588125088015136,7.734532200990563e+16
C6,Extended Relaxation Lag (tau_q=1ns),1.157142857142857,629033.5020340674,5,1.4254535880085994,-69.3721929732558,69.3721929732558,False,1.9445710871963854e+29,1.3284867727756025e+30,2.588125088015136,7.734532200990563e+16
C6,Extended Relaxation Lag (tau_q=1ns),1.157142857142857,629033.5020340674,6,0.22838859394934585,-63.5673703798949,63.5673703798949,False,3.940321250582462e+27,9.159050320599378e+26,2.588125088015136,7.734532200990563e+16
C6,Extended Relaxation Lag (tau_q=1ns),1.157142857142857,629033.5020340674,8,0.7435821764918863,-52.64125945691018,52.64125945691018,False,5.354450154875865e+22,4.924380027143793e+22,2.588125088015136,7.734532200990563e+16
C6,Extended Relaxation Lag (tau_q=1ns),1.157142857142857,629033.5020340674,7,0.8215964146252325,-38.368499338676855,38.368499338676855,False,3.136234534433597e+16,-3.371921346219803e+16,2.588125088015136,7.734532200990563e+16
C6,Extended Relaxation Lag (tau_q=1ns),1.157142857142857,629033.5020340674,9,3.1221293328076554,2.669134955999873,2.669134955999873,True,-0.06929902941861243,-0.0013489595817750381,2.588125088015136,7.734532200990563e+16
C6,Extended Relaxation Lag (tau_q=1ns),1.157142857142857,629033.5020340674,0,0.00035512813970355137,-1.9947004754767341,1.9947004754767341,False,7.350000729075861,-0.0026101921954654536,2.588125088015136,7.734532200990563e+16
C6,Extended Relaxation Lag (tau_q=1ns),1.1928571428571428,648448.1162943783,2,1.5707963267948966,-37.83541285834521,37.83541285834521,False,0.0,2.7021597764222976e+16,2.5835396035053693,1.3275478299255965e+17
C6,Extended Relaxation Lag (tau_q=1ns),1.1928571428571428,648448.1162943783,1,0.7330369976258777,-121.26194525928686,121.26194525928686,False,3.4234788789773823e+52,3.0825062426006975e+52,2.5835396035053693,1.3275478299255965e+17
C6,Extended Relaxation Lag (tau_q=1ns),1.1928571428571428,648448.1162943783,3,2.7680377945320003,-83.10924378735547,83.10924378735547,False,-1.1557194704343453e+36,4.52994035220189e+35,2.5835396035053693,1.3275478299255965e+17
C6,Extended Relaxation Lag (tau_q=1ns),1.1928571428571428,648448.1162943783,4,0.876378952190948,-83.05936443620628,83.05936443620628,False,7.557209091079631e+35,-9.074570482878683e+35,2.5835396035053693,1.3275478299255965e+17
C6,Extended Relaxation Lag (tau_q=1ns),1.1928571428571428,648448.1162943783,5,1.5905744408644857,-70.5293531157159,70.5293531157159,False,-8.44627919758214e+28,-4.2699611389204706e+30,2.5835396035053693,1.3275478299255965e+17
C6,Extended Relaxation Lag (tau_q=1ns),1.1928571428571428,648448.1162943783,6,2.967742944742219,-61.19115847353838,61.19115847353838,False,-3.701571477296401e+26,-6.5007963314861855e+25,2.5835396035053693,1.3275478299255965e+17
C6,Extended Relaxation Lag (tau_q=1ns),1.1928571428571428,648448.1162943783,8,1.1034288671659729,-52.40689940704164,52.40689940704164,False,2.592735986346865e+22,-5.137604915578275e+22,2.5835396035053693,1.3275478299255965e+17
C6,Extended Relaxation Lag (tau_q=1ns),1.1928571428571428,648448.1162943783,7,2.3386585043148824,-39.92670373554202,39.92670373554202,False,-1.51943173820632e+17,1.573678027936841e+17,2.5835396035053693,1.3275478299255965e+17
C6,Extended Relaxation Lag (tau_q=1ns),1.1928571428571428,648448.1162943783,0,0.0004242307239156751,-2.0182812626098596,2.0182812626098596,False,7.525378983510809,0.0031924971654343215,2.5835396035053693,1.3275478299255965e+17
C6,Extended Relaxation Lag (tau_q=1ns),1.1928571428571428,648448.1162943783,9,3.115585316041494,2.7889739575004024,2.7889739575004024,True,-0.06146347479125808,0.001598861832288292,2.5835396035053693,1.3275478299255965e+17
C6,Extended Relaxation Lag (tau_q=1ns),1.2285714285714286,667862.730554689,2,1.5707963267948966,-36.7368005696771,36.7368005696771,False,0.0,-9007199254740992.0,2.579389361438633,1.6250595205240278e+17
C6,Extended Relaxation Lag (tau_q=1ns),1.2285714285714286,667862.730554689,1,2.7968551345183608,-121.2619452592765,121.2619452592765,False,-4.33569861429156e+52,-1.5568461375700143e+52,2.579389361438633,1.6250595205240278e+17
C6,Extended Relaxation Lag (tau_q=1ns),1.2285714285714286,667862.730554689,3,1.4877331967298986,-82.77245839368462,82.77245839368462,False,7.354119969703737e+34,8.833280144114247e+35,2.579389361438633,1.6250595205240278e+17
C6,Extended Relaxation Lag (tau_q=1ns),1.2285714285714286,667862.730554689,4,0.7449246809439979,-81.58315259105363,81.58315259105363,False,1.983729395095477e+35,1.8293177741523633e+35,2.579389361438633,1.6250595205240278e+17
C6,Extended Relaxation Lag (tau_q=1ns),1.2285714285714286,667862.730554689,5,0.71416617137617,-70.8968834511132,70.8968834511132,False,4.660580415336127e+30,4.039785681464202e+30,2.579389361438633,1.6250595205240278e+17
C6,Extended Relaxation Lag (tau_q=1ns),1.2285714285714286,667862.730554689,6,0.535691183881117,-64.02634521296339,64.02634521296339,False,5.504837042309392e+27,-3.2676031940747907e+27,2.579389361438633,1.6250595205240278e+17
C6,Extended Relaxation Lag (tau_q=1ns),1.2285714285714286,667862.730554689,8,0.9258336296065677,-51.83877147897542,51.83877147897542,False,1.9601473141806425e+22,-2.6055870902136136e+22,2.579389361438633,1.6250595205240278e+17
C6,Extended Relaxation Lag (tau_q=1ns),1.2285714285714286,667862.730554689,7,0.2399635604557263,-40.069993424304776,40.069993424304776,False,2.4521739500431184e+17,-5.9999321707700776e+16,2.579389361438633,1.6250595205240278e+17
C6,Extended Relaxation Lag (tau_q=1ns),1.2285714285714286,667862.730554689,0,0.0037475468460581793,-2.0479874815758192,2.0479874815758192,False,7.752229345670983,-0.029051978637451993,2.579389361438633,1.6250595205240278e+17
C6,Extended Relaxation Lag (tau_q=1ns),1.2285714285714286,667862.730554689,9,2.648611601648638,3.5332361956281555,3.5332361956281555,True,-0.025732052880276204,-0.013823861612077177,2.579389361438633,1.6250595205240278e+17
C6,Extended Relaxation Lag (tau_q=1ns),1.2642857142857142,687277.3448149996,7,2.5535900500422257,-38.01927524840787,38.01927524840787,False,-2.7021597764222976e+16,-1.8014398509481984e+16,2.575646642613773,1.703757831461233e+17
C6,Extended Relaxation Lag (tau_q=1ns),1.2642857142857142,687277.3448149996,1,1.4555863175212465,-121.26194525928113,121.26194525928113,False,5.295692022858452e+51,4.5762002611581387e+52,2.575646642613773,1.703757831461233e+17
C6,Extended Relaxation Lag (tau_q=1ns),1.2642857142857142,687277.3448149996,3,0.6838448861205116,-82.9237859823405,82.9237859823405,False,7.993335689426119e+35,-6.514891719630872e+35,2.575646642613773,1.703757831461233e+17
C6,Extended Relaxation Lag (tau_q=1ns),1.2642857142857142,687277.3448149996,4,2.0866569844197334,-81.87258407875203,81.87258407875203,False,-1.7779037305503596e+35,-3.1351988194365907e+35,2.575646642613773,1.703757831461233e+17
C6,Extended Relaxation Lag (tau_q=1ns),1.2642857142857142,687277.3448149996,5,2.216053474270978,-70.09389257562378,70.09389257562378,False,-1.661716776633709e+30,-2.207535630977508e+30,2.575646642613773,1.703757831461233e+17
C6,Extended Relaxation Lag (tau_q=1ns),1.2642857142857142,687277.3448149996,6,0.2054429553408218,-63.45409257631105,63.45409257631105,False,3.536160442502707e+27,-7.3687559588327e+26,2.575646642613773,1.703757831461233e+17
C6,Extended Relaxation Lag (tau_q=1ns),1.2642857142857142,687277.3448149996,8,2.737832572212766,-52.429845583054664,52.429845583054664,False,-5.414856824692126e+22,2.313402863424435e+22,2.575646642613773,1.703757831461233e+17
C6,Extended Relaxation Lag (tau_q=1ns),1.2642857142857142,687277.3448149996,2,0.05238941414784887,-36.718540239439406,36.718540239439406,False,8832083033712278.0,-463131444741202.1,2.575646642613773,1.703757831461233e+17
C6,Extended Relaxation Lag (tau_q=1ns),1.2642857142857142,687277.3448149996,0,0.0014263578682662127,-2.0622031036839044,2.0622031036839044,False,7.863266351258124,0.011215839436587372,2.575646642613773,1.703757831461233e+17
C6,Extended Relaxation Lag (tau_q=1ns),1.2642857142857142,687277.3448149996,9,3.018419241716578,3.143598520628414,3.143598520628414,True,-0.042800580004949344,0.0052987174438770485,2.575646642613773,1.703757831461233e+17
C6,Extended Relaxation Lag (tau_q=1ns),1.3,706691.9590753104,2,1.5707963267948966,-36.7368005696771,36.7368005696771,False,0.0,9007199254740992.0,2.57228582912999,9.06349201532794e+16
C6,Extended Relaxation Lag (tau_q=1ns),1.3,706691.9590753104,1,0.8608593533497879,-121.2619452592871,121.2619452592871,False,3.002608437509938e+52,3.493765152594061e+52,2.57228582912999,9.06349201532794e+16
C6,Extended Relaxation Lag (tau_q=1ns),1.3,706691.9590753104,3,0.8818169802575958,-83.04212666393094,83.04212666393094,False,7.379441990090387e+35,-8.95974749651628e+35,2.57228582912999,9.06349201532794e+16
C6,Extended Relaxation Lag (tau_q=1ns),1.3,706691.9590753104,4,2.595132913084435,-82.46726525402532,82.46726525402532,False,-5.581154393211613e+35,3.394707618587787e+35,2.57228582912999,9.06349201532794e+16
C6,Extended Relaxation Lag (tau_q=1ns),1.3,706691.9590753104,5,0.8466685078612066,-70.34430859208581,70.34430859208581,False,2.3513613531838304e+30,-2.658715171665849e+30,2.57228582912999,9.06349201532794e+16
C6,Extended Relaxation Lag (tau_q=1ns),1.3,706691.9590753104,6,1.749443414790583,-61.90849887250913,61.90849887250913,False,-1.368367822972387e+26,-7.577955609361691e+26,2.57228582912999,9.06349201532794e+16
C6,Extended Relaxation Lag (tau_q=1ns),1.3,706691.9590753104,8,2.4380444917243254,-51.999532638710676,51.999532638710676,False,-2.9199762355430363e+22,-2.4772260544218227e+22,2.57228582912999,9.06349201532794e+16
C6,Extended Relaxation Lag (tau_q=1ns),1.3,706691.9590753104,7,1.9063965170196662,-37.96522045654184,37.96522045654184,False,-1.0132692685583104e+16,2.905063562786816e+16,2.57228582912999,9.06349201532794e+16
C6,Extended Relaxation Lag (tau_q=1ns),1.3,706691.9590753104,0,0.00031475546267990877,-2.0877471828244287,2.0877471828244287,False,8.066721429794018,0.0025390447197933194,2.57228582912999,9.06349201532794e+16
C6,Extended Relaxation Lag (tau_q=1ns),1.3,706691.9590753104,9,3.0559087830497256,4.309473515185784,4.309473515185784,True,-0.013391315507586142,0.0011502360288217302,2.57228582912999,9.06349201532794e+16
C6,Extended Relaxation Lag (tau_q=1ns),1.3357142857142856,726106.5733356212,2,0.7853981633974483,-37.083374159957074,37.083374159957074,False,9007199254740992.0,-9007199254740992.0,2.5692831892956876,8.859567240880658e+16
C6,Extended Relaxation Lag (tau_q=1ns),1.3357142857142856,726106.5733356212,1,1.643326231318203,-121.26194525928365,121.26194525928365,False,-3.338335309132582e+51,4.5946281181372727e+52,2.5692831892956876,8.859567240880658e+16
C6,Extended Relaxation Lag (tau_q=1ns),1.3357142857142856,726106.5733356212,4,2.316487579811367,-83.30627855481708,83.30627855481708,False,-1.0256377416572693e+36,-1.1105018496732865e+36,2.5692831892956876,8.859567240880658e+16
C6,Extended Relaxation Lag (tau_q=1ns),1.3357142857142856,726106.5733356212,3,0.5117237219685364,-81.69434212138177,81.69434212138177,False,2.629477901186373e+35,-1.4767777543078767e+35,2.5692831892956876,8.859567240880658e+16
C6,Extended Relaxation Lag (tau_q=1ns),1.3357142857142856,726106.5733356212,5,2.813397524292529,-72.35955642845728,72.35955642845728,False,-2.520776500768303e+31,-8.583483136571715e+30,2.5692831892956876,8.859567240880658e+16
C6,Extended Relaxation Lag (tau_q=1ns),1.3357142857142856,726106.5733356212,6,3.06205900696537,-62.33199697083672,62.33199697083672,False,-1.1723770089914722e+27,-9.344052436928374e+25,2.5692831892956876,8.859567240880658e+16
C6,Extended Relaxation Lag (tau_q=1ns),1.3357142857142856,726106.5733356212,8,2.279976498870506,-52.19193785293549,52.19193785293549,False,-3.0226849799518433e+22,3.522515236646208e+22,2.5692831892956876,8.859567240880658e+16
C6,Extended Relaxation Lag (tau_q=1ns),1.3357142857142856,726106.5733356212,7,0.28012571820075954,-40.31971600128138,40.31971600128138,False,3.114317656890369e+17,-8.959594300494157e+16,2.5692831892956876,8.859567240880658e+16
C6,Extended Relaxation Lag (tau_q=1ns),1.3357142857142856,726106.5733356212,0,0.008354742568524339,-2.101304651322549,2.101304651322549,False,8.17654549306478,0.06831452219224124,2.5692831892956876,8.859567240880658e+16
C6,Extended Relaxation Lag (tau_q=1ns),1.3357142857142856,726106.5733356212,9,2.2240966243761093,3.2536001816332147,3.2536001816332147,True,-0.02348267323716395,0.030679257194072024,2.5692831892956876,8.859567240880658e+16
C6,Extended Relaxation Lag (tau_q=1ns),1.3714285714285714,745521.1875959318,2,0.7853981633974483,-37.77652134051702,37.77652134051702,False,1.8014398509481984e+16,-1.8014398509481984e+16,2.5666166979563227,2.511658292137725e+17
C6,Extended Relaxation Lag (tau_q=1ns),1.3714285714285714,745521.1875959318,1,2.535113764243019,-121.26194525928628,121.26194525928628,False,-3.7851741811734786e+52,-2.6257396650523083e+52,2.5666166979563227,2.511658292137725e+17
C6,Extended Relaxation Lag (tau_q=1ns),1.3714285714285714,745521.1875959318,4,2.176938237073752,-81.77575451679273,81.77575451679273,False,-1.8638281538896116e+35,-2.6887634883053112e+35,2.5666166979563227,2.511658292137725e+17
C6,Extended Relaxation Lag (tau_q=1ns),1.3714285714285714,745521.1875959318,3,1.5708341420678238,-81.09819604663214,81.09819604663214,False,-6.282988639733166e+30,1.6614949861206611e+35,2.5666166979563227,2.511658292137725e+17
C6,Extended Relaxation Lag (tau_q=1ns),1.3714285714285714,745521.1875959318,5,0.6621682441360718,-71.24182574874057,71.24182574874057,False,6.86787152209567e+30,5.354089870415535e+30,2.5666166979563227,2.511658292137725e+17
C6,Extended Relaxation Lag (tau_q=1ns),1.3714285714285714,745521.1875959318,6,2.898230030259324,-64.08181942051067,64.08181942051067,False,-6.567361946712519e+27,1.630568592668285e+27,2.5666166979563227,2.511658292137725e+17
C6,Extended Relaxation Lag (tau_q=1ns),1.3714285714285714,745521.1875959318,8,1.8129798716319778,-52.32639819178233,52.32639819178233,False,-1.273376576067489e+22,5.154697660621899e+22,2.5666166979563227,2.511658292137725e+17
C6,Extended Relaxation Lag (tau_q=1ns),1.3714285714285714,745521.1875959318,7,1.7017046975276704,-39.337151071398864,39.337151071398864,False,-1.5835578553194624e+16,1.2027509653834875e+17,2.5666166979563227,2.511658292137725e+17
C6,Extended Relaxation Lag (tau_q=1ns),1.3714285714285714,745521.1875959318,0,0.09209068344499433,-2.198214356213993,2.198214356213993,False,8.970738495075528,-0.8284647495362112,2.5666166979563227,2.511658292137725e+17
C6,Extended Relaxation Lag (tau_q=1ns),1.3714285714285714,745521.1875959318,9,0.8051146955574912,0.912051825350249,0.912051825350249,True,0.2783889890961235,-0.2895889966591821,2.5666166979563227,2.511658292137725e+17
C6,Extended Relaxation Lag (tau_q=1ns),1.407142857142857,764935.8018562426,2,0.7853981633974483,-37.77652134051702,37.77652134051702,False,1.8014398509481984e+16,-1.8014398509481984e+16,2.564265870317865,1.1079633598872925e+17
C6,Extended Relaxation Lag (tau_q=1ns),1.407142857142857,764935.8018562426,1,0.8405481930976931,-121.26194525928304,121.26194525928304,False,3.0729466507170935e+52,3.4320622447969746e+52,2.564265870317865,1.1079633598872925e+17
C6,Extended Relaxation Lag (tau_q=1ns),1.407142857142857,764935.8018562426,3,0.6929368586040066,-83.45549617127959,83.45549617127959,False,1.350201438987905e+36,-1.1210526813938048e+36,2.564265870317865,1.1079633598872925e+17
C6,Extended Relaxation Lag (tau_q=1ns),1.407142857142857,764935.8018562426,4,2.0005706851529124,-82.93592570091106,82.93592570091106,False,-4.349132360584023e+35,9.488713452459991e+35,2.564265870317865,1.1079633598872925e+17
C6,Extended Relaxation Lag (tau_q=1ns),1.407142857142857,764935.8018562426,5,0.3735522415968331,-70.40942655170386,70.40942655170386,False,3.526893363319285e+30,-1.382385076305792e+30,2.564265870317865,1.1079633598872925e+17
C6,Extended Relaxation Lag (tau_q=1ns),1.407142857142857,764935.8018562426,6,2.4903709349975234,-62.20080043298912,62.20080043298912,False,-8.203880359019987e+26,-6.252455784809257e+26,2.564265870317865,1.1079633598872925e+17
C6,Extended Relaxation Lag (tau_q=1ns),1.407142857142857,764935.8018562426,8,1.2515520163826428,-51.48926286600357,51.48926286600357,False,7.214789886444189e+21,-2.1826560119544576e+22,2.564265870317865,1.1079633598872925e+17
C6,Extended Relaxation Lag (tau_q=1ns),1.407142857142857,764935.8018562426,7,2.92352615058903,-39.435068251903914,39.435068251903914,False,-1.3062419915966614e+17,-2.8945031134816956e+16,2.564265870317865,1.1079633598872925e+17
C6,Extended Relaxation Lag (tau_q=1ns),1.407142857142857,764935.8018562426,0,0.0017888148811470487,-2.1536744056941934,2.1536744056941934,False,8.616446888268845,-0.015413244856420441,2.564265870317865,1.1079633598872925e+17
C6,Extended Relaxation Lag (tau_q=1ns),1.407142857142857,764935.8018562426,9,0.1072582803942134,2.8326232993004727,2.8326232993004727,True,0.05852001001091842,-0.006300936898576855,2.564265870317865,1.1079633598872925e+17
C6,Extended Relaxation Lag (tau_q=1ns),1.4428571428571428,784350.4161165534,7,2.5829933382462307,-38.28797157398323,38.28797157398323,False,-3.602879701896397e+16,2.251799813685248e+16,2.5622116145784206,1.1654876007717381e+17
C6,Extended Relaxation Lag (tau_q=1ns),1.4428571428571428,784350.4161165534,1,0.844180499567948,-121.26194525929118,121.26194525929118,False,3.0604601045871026e+52,-3.4432014635931935e+52,2.5622116145784206,1.1654876007717381e+17
C6,Extended Relaxation Lag (tau_q=1ns),1.4428571428571428,784350.4161165534,4,1.532523413378834,-82.73240272648448,82.73240272648448,False,3.258453063223067e+34,8.50957401946397e+35,2.5622116145784206,1.1654876007717381e+17
C6,Extended Relaxation Lag (tau_q=1ns),1.4428571428571428,784350.4161165534,3,1.4664833802167758,-81.96971409109788,81.96971409109788,False,4.135660058110262e+34,-3.9502755875408164e+35,2.5622116145784206,1.1654876007717381e+17
C6,Extended Relaxation Lag (tau_q=1ns),1.4428571428571428,784350.4161165534,5,2.851796612288991,-71.25197924182545,71.25197924182545,False,-8.430316595911701e+30,-2.5138418284389754e+30,2.5622116145784206,1.1654876007717381e+17
C6,Extended Relaxation Lag (tau_q=1ns),1.4428571428571428,784350.4161165534,6,0.9376279742446558,-61.865340567051454,61.865340567051454,False,4.3639423273080944e+26,-5.945598400824288e+26,2.5622116145784206,1.1654876007717381e+17
C6,Extended Relaxation Lag (tau_q=1ns),1.4428571428571428,784350.4161165534,8,0.1368522276133475,-52.471561588380126,52.471561588380126,False,6.081770776848813e+22,8.375390442644785e+21,2.5622116145784206,1.1654876007717381e+17
C6,Extended Relaxation Lag (tau_q=1ns),1.4428571428571428,784350.4161165534,2,2.012283045358594,-38.780974394741236,38.780974394741236,False,-2.9722129339035896e+16,-6.289092978308632e+16,2.5622116145784206,1.1654876007717381e+17
C6,Extended Relaxation Lag (tau_q=1ns),1.4428571428571428,784350.4161165534,0,0.00107549282170493,-2.169069650865311,2.169069650865311,False,8.750134507374955,-0.009410710480043268,2.5622116145784206,1.1654876007717381e+17
C6,Extended Relaxation Lag (tau_q=1ns),1.4428571428571428,784350.4161165534,9,0.05719047962105123,2.7165369854768495,2.7165369854768495,True,0.06599520090110222,-0.003778417511641814,2.5622116145784206,1.1654876007717381e+17
C6,Extended Relaxation Lag (tau_q=1ns),1.4785714285714284,803765.0303768639,7,3.141592653589793,-37.42994775023705,37.42994775023705,False,-1.8014398509481984e+16,0.0,2.560436115912543,3.453259278313667e+17
C6,Extended Relaxation Lag (tau_q=1ns),1.4785714285714284,803765.0303768639,1,1.3512757885761306,-121.26194525928527,121.26194525928527,False,1.0031714742548945e+52,-4.4961872029142953e+52,2.560436115912543,3.453259278313667e+17
C6,Extended Relaxation Lag (tau_q=1ns),1.4785714285714284,803765.0303768639,4,1.567489455890674,-83.66568837321692,83.66568837321692,False,7.1608278727616e+33,2.165431302878504e+36,2.560436115912543,3.453259278313667e+17
C6,Extended Relaxation Lag (tau_q=1ns),1.4785714285714284,803765.0303768639,3,1.8503993901391045,-83.23369283239857,83.23369283239857,False,-3.879733616436926e+35,-1.351236847915292e+36,2.560436115912543,3.453259278313667e+17
C6,Extended Relaxation Lag (tau_q=1ns),1.4785714285714284,803765.0303768639,5,2.7672335176176097,-68.78335694319105,68.78335694319105,False,-6.935244149903885e+29,-2.7247645066057406e+29,2.560436115912543,3.453259278313667e+17
C6,Extended Relaxation Lag (tau_q=1ns),1.4785714285714284,803765.0303768639,6,2.7093147364413324,-62.27475622088778,62.27475622088778,False,-1.0084989148120409e+27,-4.653021878001992e+26,2.560436115912543,3.453259278313667e+17
C6,Extended Relaxation Lag (tau_q=1ns),1.4785714285714284,803765.0303768639,8,0.005285307732460249,-53.40479863692842,53.40479863692842,False,1.561001388085731e+23,8.250449530973593e+20,2.560436115912543,3.453259278313667e+17
C6,Extended Relaxation Lag (tau_q=1ns),1.4785714285714284,803765.0303768639,2,2.1651953600369804,-38.56585847959985,38.56585847959985,False,-3.1414927156078176e+16,4.647552242159503e+16,2.560436115912543,3.453259278313667e+17
C6,Extended Relaxation Lag (tau_q=1ns),1.4785714285714284,803765.0303768639,0,0.011197561969272294,-2.19907074489699,2.19907074489699,False,9.01606558399584,0.10096217285836603,2.560436115912543,3.453259278313667e+17
C6,Extended Relaxation Lag (tau_q=1ns),1.4785714285714284,803765.0303768639,9,0.29116849427404856,2.0177559230837065,2.0177559230837065,True,0.12735735481717664,0.03816718821025062,2.560436115912543,3.453259278313667e+17
C6,Extended Relaxation Lag (tau_q=1ns),1.5142857142857142,823179.6446371747,7,1.5707963267948966,-36.04365338911715,36.04365338911715,False,0.0,4503599627370496.0,2.558922714270323,7.027399627408317e+16
C6,Extended Relaxation Lag (tau_q=1ns),1.5142857142857142,823179.6446371747,1,0.7231870923094614,-121.2619452592823,121.2619452592823,False,3.4536747099235347e+52,-3.048636312897533e+52,2.558922714270323,7.027399627408317e+16
C6,Extended Relaxation Lag (tau_q=1ns),1.5142857142857142,823179.6446371747,4,2.1713335863820404,-83.31858420864835,83.31858420864835,False,-8.648001666075694e+35,1.2626187289248062e+36,2.558922714270323,7.027399627408317e+16
C6,Extended Relaxation Lag (tau_q=1ns),1.5142857142857142,823179.6446371747,3,1.4144141980336566,-81.06852582848802,81.06852582848802,False,2.5120539374065294e+34,-1.5932400695792401e+35,2.558922714270323,7.027399627408317e+16
C6,Extended Relaxation Lag (tau_q=1ns),1.5142857142857142,823179.6446371747,5,1.2774420126920745,-71.51742137454285,71.51742137454285,False,3.3171642808222444e+30,-1.098146133286787e+31,2.558922714270323,7.027399627408317e+16
C6,Extended Relaxation Lag (tau_q=1ns),1.5142857142857142,823179.6446371747,6,0.36297809661414543,-60.18119524759232,60.18119524759232,False,1.2796757933339531e+26,-4.86029450357887e+25,2.558922714270323,7.027399627408317e+16
C6,Extended Relaxation Lag (tau_q=1ns),1.5142857142857142,823179.6446371747,8,2.4729761502553926,-53.34582497272836,53.34582497272836,False,-1.1547554694393545e+23,9.122623260439525e+22,2.558922714270323,7.027399627408317e+16
C6,Extended Relaxation Lag (tau_q=1ns),1.5142857142857142,823179.6446371747,2,0.20807274908510395,-36.60726261220735,36.60726261220735,False,7742162613322686.0,-1634590899359042.0,2.558922714270323,7.027399627408317e+16
C6,Extended Relaxation Lag (tau_q=1ns),1.5142857142857142,823179.6446371747,0,0.0002495355385075882,-2.2062851959901977,2.2062851959901977,False,9.081915830052843,0.002266260804371324,2.558922714270323,7.027399627408317e+16
C6,Extended Relaxation Lag (tau_q=1ns),1.5142857142857142,823179.6446371747,9,0.007668173647953956,2.188930770778785,2.188930770778785,True,0.1120331833665908,0.0008591067432002974,2.558922714270323,7.027399627408317e+16
C6,Extended Relaxation Lag (tau_q=1ns),1.55,842594.2588974854,7,3.141592653589793,-37.83541285834521,37.83541285834521,False,-2.7021597764222976e+16,0.0,2.5576558167371695,6.159011338218007e+16
C6,Extended Relaxation Lag (tau_q=1ns),1.55,842594.2588974854,1,1.0001253789969329,-121.2619452592821,121.2619452592821,False,2.488546139066693e+52,3.8767499898768846e+52,2.5576558167371695,6.159011338218007e+16
C6,Extended Relaxation Lag (tau_q=1ns),1.55,842594.2588974854,3,1.0585721347313837,-83.47281259000746,83.47281259000746,False,8.751486575906954e+35,1.5564217626232418e+36,2.5576558167371695,6.159011338218007e+16
C6,Extended Relaxation Lag (tau_q=1ns),1.55,842594.2588974854,4,2.106794574285695,-83.11208154201726,83.11208154201726,False,-6.3574633498402364e+35,-1.07027468144446e+36,2.5576558167371695,6.159011338218007e+16
C6,Extended Relaxation Lag (tau_q=1ns),1.55,842594.2588974854,5,3.126914430067685,-69.18938159079174,69.18938159079174,False,-1.1182009195729793e+30,-1.6414381884588135e+28,2.5576558167371695,6.159011338218007e+16
C6,Extended Relaxation Lag (tau_q=1ns),1.55,842594.2588974854,6,1.2637983904212249,-62.92077392388462,62.92077392388462,False,6.403787753913889e+26,-2.0199912387944116e+27,2.5576558167371695,6.159011338218007e+16
C6,Extended Relaxation Lag (tau_q=1ns),1.55,842594.2588974854,8,0.415364004258802,-52.668688553788066,52.668688553788066,False,6.841123394198748e+22,3.0170958836877993e+22,2.5576558167371695,6.159011338218007e+16
C6,Extended Relaxation Lag (tau_q=1ns),1.55,842594.2588974854,2,0.20443989541883373,-38.3626375374712,38.3626375374712,False,4.48272444940655e+16,9294326963217274.0,2.5576558167371695,6.159011338218007e+16
C6,Extended Relaxation Lag (tau_q=1ns),1.55,842594.2588974854,0,0.007456212948286621,-2.2054483989811375,2.2054483989811375,False,9.074067328658568,-0.06765943215877479,2.5576558167371695,6.159011338218007e+16
C6,Extended Relaxation Lag (tau_q=1ns),1.55,842594.2588974854,9,0.35278389728873044,2.5764317787699165,2.5764317787699165,True,0.07136160294253703,-0.02627438254175566,2.5576558167371695,6.159011338218007e+16
C6,Extended Relaxation Lag (tau_q=1ns),1.5857142857142856,862008.8731577962,3,0.0,69.07755278982137,69.07755278982137,True,0.0,0.0,2.556620805136394,6.687001251030435e+17
C6,Extended Relaxation Lag (tau_q=1ns),1.5857142857142856,862008.8731577962,1,2.502194350299251,-121.26194525927423,121.26194525927423,False,-3.696701192917827e+52,-2.7489002637818574e+52,2.556620805136394,6.687001251030435e+17
C6,Extended Relaxation Lag (tau_q=1ns),1.5857142857142856,862008.8731577962,4,0.9521499430147421,-82.14309191568006,82.14309191568006,False,2.7394875419657494e+35,-3.848311179004319e+35,2.556620805136394,6.687001251030435e+17
C6,Extended Relaxation Lag (tau_q=1ns),1.5857142857142856,862008.8731577962,5,2.9383787153395753,-81.48719724747063,81.48719724747063,False,-2.401100905539903e+35,4.947666067710553e+34,2.556620805136394,6.687001251030435e+17
C6,Extended Relaxation Lag (tau_q=1ns),1.5857142857142856,862008.8731577962,6,1.8336796435696252,-70.36640720376745,70.36640720376745,False,-9.4295644691943e+29,-3.5039647538988423e+30,2.556620805136394,6.687001251030435e+17
C6,Extended Relaxation Lag (tau_q=1ns),1.5857142857142856,862008.8731577962,8,0.16147534309963027,-63.67372125821733,63.67372125821733,False,4.4407778448538684e+27,7.233742379019864e+26,2.556620805136394,6.687001251030435e+17
C6,Extended Relaxation Lag (tau_q=1ns),1.5857142857142856,862008.8731577962,7,0.06435963373521615,-52.39476943076965,52.39476943076965,False,5.6736058744589146e+22,-3.6565620464388014e+21,2.556620805136394,6.687001251030435e+17
C6,Extended Relaxation Lag (tau_q=1ns),1.5857142857142856,862008.8731577962,2,0.47701813702715823,-40.19038775701059,40.19038775701059,False,2.5296271003427344e+17,1.3073787085470477e+17,2.556620805136394,6.687001251030435e+17
C6,Extended Relaxation Lag (tau_q=1ns),1.5857142857142856,862008.8731577962,0,0.11337922864073087,-2.273513467255137,2.273513467255137,False,9.651103146581136,1.098947606105693,2.556620805136394,6.687001251030435e+17
C6,Extended Relaxation Lag (tau_q=1ns),1.5857142857142856,862008.8731577962,9,0.87355881605222,0.7596021942227626,0.7596021942227626,True,0.3004091988497971,0.3586645774862988,2.556620805136394,6.687001251030435e+17
C6,Extended Relaxation Lag (tau_q=1ns),1.6214285714285714,881423.4874181069,2,0.24497866312686414,-37.46026006114526,37.46026006114526,False,1.8014398509481984e+16,-4503599627370496.0,2.555803963270965,6.023203918755681e+16
C6,Extended Relaxation Lag (tau_q=1ns),1.6214285714285714,881423.4874181069,1,1.3006636723018785,-121.2619452592717,121.2619452592717,False,1.229351302183126e+52,4.43967878856721e+52,2.555803963270965,6.023203918755681e+16
C6,Extended Relaxation Lag (tau_q=1ns),1.6214285714285714,881423.4874181069,5,1.189644765680745,-83.05959423516327,83.05959423516327,False,4.393941668498246e+35,1.0964334234932537e+36,2.555803963270965,6.023203918755681e+16
C6,Extended Relaxation Lag (tau_q=1ns),1.6214285714285714,881423.4874181069,4,1.1138892894613364,-82.05882710288435,82.05882710288435,False,1.9156062038893826e+35,-3.896657072369408e+35,2.555803963270965,6.023203918755681e+16
C6,Extended Relaxation Lag (tau_q=1ns),1.6214285714285714,881423.4874181069,6,1.5754242619555854,-68.552081367729,68.552081367729,False,-2.7363798037465364e+27,-5.9127022591668774e+29,2.555803963270965,6.023203918755681e+16
C6,Extended Relaxation Lag (tau_q=1ns),1.6214285714285714,881423.4874181069,8,0.13187630929434577,-63.140923026594336,63.140923026594336,False,2.6179838871086197e+27,3.472655308442015e+26,2.555803963270965,6.023203918755681e+16
C6,Extended Relaxation Lag (tau_q=1ns),1.6214285714285714,881423.4874181069,7,1.3504190910934084,-52.32384881132747,52.32384881132747,False,1.1577225699242291e+22,-5.168045460700381e+22,2.555803963270965,6.023203918755681e+16
C6,Extended Relaxation Lag (tau_q=1ns),1.6214285714285714,881423.4874181069,3,1.691024886970109,-35.35495641751184,35.35495641751184,False,-271283475425671.5,2245515440727029.8,2.555803963270965,6.023203918755681e+16
C6,Extended Relaxation Lag (tau_q=1ns),1.6214285714285714,881423.4874181069,0,0.001100568256815383,-2.2551172559980537,2.2551172559980537,False,9.536405670542438,-0.010495469602661126,2.555803963270965,6.023203918755681e+16
C6,Extended Relaxation Lag (tau_q=1ns),1.6214285714285714,881423.4874181069,9,0.021331870208380063,1.7522754122652122,1.7522754122652122,True,0.17333953916054617,-0.0036982175247138632,2.555803963270965,6.023203918755681e+16
C6,Extended Relaxation Lag (tau_q=1ns),1.657142857142857,900838.1016784176,3,0.982793723247329,-37.326128067847925,37.326128067847925,False,9007199254740992.0,1.3510798882111488e+16,2.5551924076028145,1.0420347073059467e+17
C6,Extended Relaxation Lag (tau_q=1ns),1.657142857142857,900838.1016784176,1,0.1912836533749059,-121.26194525928153,121.26194525928153,False,4.5227175415896674e+52,-8.758301257934521e+51,2.5551924076028145,1.0420347073059467e+17
C6,Extended Relaxation Lag (tau_q=1ns),1.657142857142857,900838.1016784176,5,0.008179388550331223,-82.353634064818,82.353634064818,False,5.8306142700376296e+35,4.7691923174480884e+33,2.5551924076028145,1.0420347073059467e+17
C6,Extended Relaxation Lag (tau_q=1ns),1.657142857142857,900838.1016784176,4,3.017238049516947,-81.79911582475361,81.79911582475361,False,-3.323058273073398e+35,4.153809662921713e+34,2.5551924076028145,1.0420347073059467e+17
C6,Extended Relaxation Lag (tau_q=1ns),1.657142857142857,900838.1016784176,6,2.5162331406891596,-69.65047388747043,69.65047388747043,False,-1.4378212042589993e+30,1.0381518220021013e+30,2.5551924076028145,1.0420347073059467e+17
C6,Extended Relaxation Lag (tau_q=1ns),1.657142857142857,900838.1016784176,8,0.8265762847093611,-62.87239986104481,62.87239986104481,False,1.3676671152795284e+27,-1.4852096654825582e+27,2.5551924076028145,1.0420347073059467e+17
C6,Extended Relaxation Lag (tau_q=1ns),1.657142857142857,900838.1016784176,7,2.6148323861397547,-51.510441823944895,51.510441823944895,False,-2.029717827567647e+22,-1.1804297234678353e+22,2.5551924076028145,1.0420347073059467e+17
C6,Extended Relaxation Lag (tau_q=1ns),1.657142857142857,900838.1016784176,2,1.9363924506581025,-40.90569180735386,40.90569180735386,False,-2.081611449303222e+17,5.437779991554415e+17,2.5551924076028145,1.0420347073059467e+17
C6,Extended Relaxation Lag (tau_q=1ns),1.657142857142857,900838.1016784176,0,0.025689269255433675,-2.0351138184599917,2.0351138184599917,False,7.650597985960756,-0.1965815174366098,2.5551924076028145,1.0420347073059467e+17
C6,Extended Relaxation Lag (tau_q=1ns),1.657142857142857,900838.1016784176,9,2.9732185064881267,0.22867139174282985,0.22867139174282985,True,-0.7843391166805469,-0.13332472965950531,2.5551924076028145,1.0420347073059467e+17
C6,Extended Relaxation Lag (tau_q=1ns),1.6928571428571428,920252.7159387284,3,1.5707963267948966,-37.14226567778527,37.14226567778527,False,0.0,-1.3510798882111488e+16,2.5547740265192416,2.1165088989307366e+17
C6,Extended Relaxation Lag (tau_q=1ns),1.6928571428571428,920252.7159387284,1,0.7266615440637599,-121.26194525928375,121.26194525928375,False,3.4430615454143025e+52,-3.060617513645508e+52,2.5547740265192416,2.1165088989307366e+17
C6,Extended Relaxation Lag (tau_q=1ns),1.6928571428571428,920252.7159387284,4,2.4364664748047122,-83.04983029185289,83.04983029185289,False,-8.907788741267298e+35,-7.581324599881494e+35,2.5547740265192416,2.1165088989307366e+17
C6,Extended Relaxation Lag (tau_q=1ns),1.6928571428571428,920252.7159387284,5,1.2088540414948823,-82.67765680534782,82.67765680534782,False,2.85473263810677e+35,7.53979712085154e+35,2.5547740265192416,2.1165088989307366e+17
C6,Extended Relaxation Lag (tau_q=1ns),1.6928571428571428,920252.7159387284,6,1.7870827321200735,-70.3746109771011,70.3746109771011,False,-7.851327711100882e+29,-3.573278824297771e+30,2.5547740265192416,2.1165088989307366e+17
C6,Extended Relaxation Lag (tau_q=1ns),1.6928571428571428,920252.7159387284,8,2.020616632346753,-59.4033710042923,59.4033710042923,False,-2.7343209276548396e+25,5.663072577989682e+25,2.5547740265192416,2.1165088989307366e+17
C6,Extended Relaxation Lag (tau_q=1ns),1.6928571428571428,920252.7159387284,7,0.5700854013191418,-53.8039522279644,53.8039522279644,False,1.958830215112306e+23,-1.2557845938094305e+23,2.5547740265192416,2.1165088989307366e+17
C6,Extended Relaxation Lag (tau_q=1ns),1.6928571428571428,920252.7159387284,2,0.8563992279635667,-38.739675508208364,38.739675508208364,False,4.372965365934612e+16,5.042606634075035e+16,2.5547740265192416,2.1165088989307366e+17
C6,Extended Relaxation Lag (tau_q=1ns),1.6928571428571428,920252.7159387284,0,0.009692088835507724,-2.289959056681809,2.289959056681809,False,9.874069590388133,-0.09570335633898144,2.5547740265192416,2.1165088989307366e+17
C6,Extended Relaxation Lag (tau_q=1ns),1.6928571428571428,920252.7159387284,9,0.13795985461163857,1.4636438186146155,1.4636438186146155,True,0.22919304915769245,-0.03182158226247922,2.5547740265192416,2.1165088989307366e+17
C6,Extended Relaxation Lag (tau_q=1ns),1.7285714285714284,939667.330199039,2,0.7853981633974483,-36.39022697939713,36.39022697939713,False,4503599627370496.0,4503599627370496.0,2.5545374281219018,1.2731758462864077e+17
C6,Extended Relaxation Lag (tau_q=1ns),1.7285714285714284,939667.330199039,1,0.3356109627582174,-121.2619452592812,121.2619452592812,False,4.349726493357019e+52,-1.517211851793998e+52,2.5545374281219018,1.2731758462864077e+17
C6,Extended Relaxation Lag (tau_q=1ns),1.7285714285714284,939667.330199039,4,2.5199805431299644,-83.2793998857606,83.2793998857606,False,-1.1963071468281684e+36,-8.569693147772297e+35,2.5545374281219018,1.2731758462864077e+17
C6,Extended Relaxation Lag (tau_q=1ns),1.7285714285714284,939667.330199039,5,1.3680074797697717,-82.75345148175226,82.75345148175226,False,1.7515829420490948e+35,8.51874539990147e+35,2.5545374281219018,1.2731758462864077e+17
C6,Extended Relaxation Lag (tau_q=1ns),1.7285714285714284,939667.330199039,6,2.3647247827423405,-68.99410341270351,68.99410341270351,False,-6.56019325787972e+29,-6.449216494997511e+29,2.5545374281219018,1.2731758462864077e+17
C6,Extended Relaxation Lag (tau_q=1ns),1.7285714285714284,939667.330199039,8,2.48141326476545,-62.50155457960289,62.50155457960289,False,-1.1006332008381424e+27,8.545232463212783e+26,2.5545374281219018,1.2731758462864077e+17
C6,Extended Relaxation Lag (tau_q=1ns),1.7285714285714284,939667.330199039,7,0.7388018073626451,-52.286060103486165,52.286060103486165,False,3.7701095032721617e+22,3.434173023755502e+22,2.5545374281219018,1.2731758462864077e+17
C6,Extended Relaxation Lag (tau_q=1ns),1.7285714285714284,939667.330199039,3,0.6283720096661903,-32.02206828168901,32.02206828168901,False,65305284097971.05,-47452402408855.79,2.5545374281219018,1.2731758462864077e+17
C6,Extended Relaxation Lag (tau_q=1ns),1.7285714285714284,939667.330199039,0,9.70882553576447e-09,-2.3030429492483537,2.3030429492483537,False,10.004579610864814,-9.713271800055288e-08,2.5545374281219018,1.2731758462864077e+17
C6,Extended Relaxation Lag (tau_q=1ns),1.7285714285714284,939667.330199039,9,1.3025455054604308e-07,1.4120315728460762,1.4120315728460762,True,0.24364779177266557,-3.1736233608884623e-08,2.5545374281219018,1.2731758462864077e+17
C6,Extended Relaxation Lag (tau_q=1ns),1.7642857142857142,959081.9444593498,2,0.4636476090008061,-37.54151952589415,37.54151952589415,False,1.8014398509481984e+16,-9007199254740992.0,2.5544718900367682,8.501025362062997e+16
C6,Extended Relaxation Lag (tau_q=1ns),1.7642857142857142,959081.9444593498,1,0.9532765383842101,-121.26194525928337,121.26194525928337,False,2.667370502931416e+52,3.7559535367758967e+52,2.5544718900367682,8.501025362062997e+16
C6,Extended Relaxation Lag (tau_q=1ns),1.7642857142857142,959081.9444593498,5,1.2180225652696712,-83.60479581963507,83.60479581963507,False,7.039667591717191e+35,1.912043669777049e+36,2.5544718900367682,8.501025362062997e+16
C6,Extended Relaxation Lag (tau_q=1ns),1.7642857142857142,959081.9444593498,4,1.9542391250477285,-82.8919847208031,82.8919847208031,False,-3.737121563609613e+35,-9.26382369987127e+35,2.5544718900367682,8.501025362062997e+16
C6,Extended Relaxation Lag (tau_q=1ns),1.7642857142857142,959081.9444593498,6,0.44531462845867165,-69.81062102184802,69.81062102184802,False,1.8784634871508695e+30,8.965707226721647e+29,2.5544718900367682,8.501025362062997e+16
C6,Extended Relaxation Lag (tau_q=1ns),1.7642857142857142,959081.9444593498,8,1.7860461100537204,-62.209399540949725,62.209399540949725,False,-2.2221983218646274e+26,-1.0163874879394114e+27,2.5544718900367682,8.501025362062997e+16
C6,Extended Relaxation Lag (tau_q=1ns),1.7642857142857142,959081.9444593498,7,0.599307474867909,-51.38197044195303,51.38197044195303,False,1.7050708373053337e+22,1.164769069404891e+22,2.5544718900367682,8.501025362062997e+16
C6,Extended Relaxation Lag (tau_q=1ns),1.7642857142857142,959081.9444593498,3,2.031409355483171,-38.03687797466201,38.03687797466201,False,-1.4691812232262688e+16,2.9607903760815644e+16,2.5544718900367682,8.501025362062997e+16
C6,Extended Relaxation Lag (tau_q=1ns),1.7642857142857142,959081.9444593498,0,0.0019440647783149593,-2.309647379206964,2.309647379206964,False,10.070853798801618,-0.01957841682262615,2.5544718900367682,8.501025362062997e+16
C6,Extended Relaxation Lag (tau_q=1ns),1.7642857142857142,959081.9444593498,9,0.026891672985452947,1.436351674739189,1.436351674739189,True,0.23770775039430775,-0.006393900439461066,2.5544718900367682,8.501025362062997e+16
C6,Extended Relaxation Lag (tau_q=1ns),1.8,978496.5587196606,3,1.5707963267948966,-36.04365338911715,36.04365338911715,False,0.0,-4503599627370496.0,2.5545673160316404,9.312445019189227e+16
C6,Extended Relaxation Lag (tau_q=1ns),1.8,978496.5587196606,1,3.1128495613321383,-121.26194525928544,121.26194525928544,False,-4.604837051826126e+52,1.323937179212608e+51,2.5545673160316404,9.312445019189227e+16
C6,Extended Relaxation Lag (tau_q=1ns),1.8,978496.5587196606,5,1.6191821410981861,-82.81710656580007,82.81710656580007,False,-4.482919797199213e+34,9.257715023130986e+35,2.5545673160316404,9.312445019189227e+16
C6,Extended Relaxation Lag (tau_q=1ns),1.8,978496.5587196606,4,1.8780960541083276,-82.82192224874645,82.82192224874645,False,-2.8171439880161783e+35,-8.87701215210382e+35,2.5545673160316404,9.312445019189227e+16
C6,Extended Relaxation Lag (tau_q=1ns),1.8,978496.5587196606,6,1.047215255065634,-69.72289850025177,69.72289850025177,False,9.532937985420251e+29,1.651220803639501e+30,2.5545673160316404,9.312445019189227e+16
C6,Extended Relaxation Lag (tau_q=1ns),1.8,978496.5587196606,8,2.1659695130418157,-62.3135316671336,62.3135316671336,False,-6.473161737629201e+26,-9.560492256299129e+26,2.5545673160316404,9.312445019189227e+16
C6,Extended Relaxation Lag (tau_q=1ns),1.8,978496.5587196606,7,0.8204150261318804,-51.52783808232925,51.52783808232925,False,1.6292499235306681e+22,-1.7475429702779158e+22,2.5545673160316404,9.312445019189227e+16
C6,Extended Relaxation Lag (tau_q=1ns),1.8,978496.5587196606,2,0.4989379258370877,-37.860264710190876,37.860264710190876,False,2.432448744073065e+16,-1.3255002895739186e+16,2.5545673160316404,9.312445019189227e+16
C6,Extended Relaxation Lag (tau_q=1ns),1.8,978496.5587196606,0,0.0027854422999034453,-2.330472763300803,2.330472763300803,False,10.282761824871978,0.028642113821951698,2.5545673160316404,9.312445019189227e+16
C6,Extended Relaxation Lag (tau_q=1ns),1.8,978496.5587196606,9,0.032294193656247215,1.277963063333068,1.277963063333068,True,0.27845895439342394,0.008995734878062088,2.5545673160316404,9.312445019189227e+16
