family_id,case_id,case_name,Omega,omega_rad_s,branch_id,kr_a,kr_a_over_pi,ki_signed,alpha_a,is_pass_band,eigval_real,eigval_imag,cond_P_equil,cond_Tcell,solver_status
S1,S1_cons,Conservative Mechanical Baseline (beta -> 0),0.05,27197.301672877948,0,2.371320282622289e-10,7.548146892668152e-11,3.13512719530996,3.13512719530996,False,0.04349422121649991,1.0313872894754692e-11,1894455434658.2542,4.528374882415026e+16,CONVERGED
S1,S1_cons,Conservative Mechanical Baseline (beta -> 0),0.05,27197.301672877948,1,0.11387084855860707,0.036246216844341886,-8.538035895584521e-09,8.538035895584521e-09,True,0.9935237258773666,-0.11362492329954402,1894455434658.2542,4.528374882415026e+16,CONVERGED
S1,S1_cons,Conservative Mechanical Baseline (beta -> 0),0.05,27197.301672877948,2,0.11387087419093594,0.03624622500336557,7.395506496357565e-09,7.395506496357565e-09,True,0.9935237071345426,0.11362494695542294,1894455434658.2542,4.528374882415026e+16,CONVERGED
S1,S1_cons,Conservative Mechanical Baseline (beta -> 0),0.05,27197.301672877948,3,0.2729932913651851,0.08689646350339048,-2.6505255981507643e-07,2.6505255981507643e-07,True,0.9629684302983601,-0.2696151560168169,1894455434658.2542,4.528374882415026e+16,CONVERGED
S1,S1_cons,Conservative Mechanical Baseline (beta -> 0),0.05,27197.301672877948,4,0.2729935267889355,0.08689653844109768,1.724929081558101e-07,1.724929081558101e-07,True,0.9629679454821697,0.26961526475348585,1894455434658.2542,4.528374882415026e+16,CONVERGED
S1,S1_cons,Conservative Mechanical Baseline (beta -> 0),0.06767676767676768,36812.509335006514,0,6.249394258960284e-09,1.989243975287283e-09,3.141327745547899,3.141327745547899,False,0.043225367494671804,2.701323634626504e-10,2261454476074.756,9544107540209594.0,CONVERGED
S1,S1_cons,Conservative Mechanical Baseline (beta -> 0),0.06767676767676768,36812.509335006514,1,0.15408162110978738,0.04904570327847038,-2.081966152043446e-09,2.081966152043446e-09,True,0.9881528955816611,0.15347266570145682,2261454476074.756,9544107540209594.0,CONVERGED
S1,S1_cons,Conservative Mechanical Baseline (beta -> 0),0.06767676767676768,36812.509335006514,2,0.15408164675824887,0.04904571144262924,2.8863070215674275e-09,2.8863070215674275e-09,True,0.9881528867359095,-0.15347269028356403,2261454476074.756,9544107540209594.0,CONVERGED
S1,S1_cons,Conservative Mechanical Baseline (beta -> 0),0.06767676767676768,36812.509335006514,3,0.368819107924723,0.1173987682659258,-4.301035743839149e-07,4.301035743839149e-07,True,0.932754125417481,-0.3605143571679064,2261454476074.756,9544107540209594.0,CONVERGED
S1,S1_cons,Conservative Mechanical Baseline (beta -> 0),0.06767676767676768,36812.509335006514,4,0.36881969677485693,0.1173989557027449,2.5286354867345044e-07,2.5286354867345044e-07,True,0.9327532760883528,0.3605146602004912,2261454476074.756,9544107540209594.0,CONVERGED
S1,S1_cons,Conservative Mechanical Baseline (beta -> 0),0.08535353535353535,46427.71699713508,0,2.0900323315873186e-08,6.6527795358800204e-09,3.1492662994943648,3.1492662994943648,False,0.04288357903101343,8.962806666899807e-10,3597092965648.007,5.5189952648720744e+16,CONVERGED
S1,S1_cons,Conservative Mechanical Baseline (beta -> 0),0.08535353535353535,46427.71699713508,1,0.19425065999697808,0.06183190547476431,-1.918111809174594e-08,1.918111809174594e-08,True,0.9811926099380129,0.19303134606914835,3597092965648.007,5.5189952648720744e+16,CONVERGED
S1,S1_cons,Conservative Mechanical Baseline (beta -> 0),0.08535353535353535,46427.71699713508,2,0.19425066064981505,0.06183190568256878,2.5666302279524046e-08,2.5666302279524046e-08,True,0.9811925658080385,-0.1930313380527494,3597092965648.007,5.5189952648720744e+16,CONVERGED
S1,S1_cons,Conservative Mechanical Baseline (beta -> 0),0.08535353535353535,46427.71699713508,3,0.4640502455807429,0.1477117808543664,-7.13887508392631e-07,7.13887508392631e-07,True,0.8942476923436422,0.4475740078625061,3597092965648.007,5.5189952648720744e+16,CONVERGED
S1,S1_cons,Conservative Mechanical Baseline (beta -> 0),0.08535353535353535,46427.71699713508,4,0.46404924319378266,0.14771146178468716,1.0403798920299987e-06,1.0403798920299987e-06,True,0.8942465722365566,-0.4475723263178251,3597092965648.007,5.5189952648720744e+16,CONVERGED
S1,S1_cons,Conservative Mechanical Baseline (beta -> 0),0.10303030303030303,56042.924659263655,0,1.430427441441769e-07,4.553191960795004e-08,3.158852948298281,3.158852948298281,False,0.04247443352004804,6.075659526677124e-09,5241294802646.863,1.7779881230964468e+16,CONVERGED
S1,S1_cons,Conservative Mechanical Baseline (beta -> 0),0.10303030303030303,56042.924659263655,1,0.2343674389705675,0.07460147282390785,-9.734336445642993e-09,9.734336445642993e-09,True,0.9726614436218904,0.23222776655700136,5241294802646.863,1.7779881230964468e+16,CONVERGED
S1,S1_cons,Conservative Mechanical Baseline (beta -> 0),0.10303030303030303,56042.924659263655,2,0.23436746300088884,0.0746014804729967,1.790252633004616e-08,1.790252633004616e-08,True,0.972661411160072,-0.23222778351232087,5241294802646.863,1.7779881230964468e+16,CONVERGED
S1,S1_cons,Conservative Mechanical Baseline (beta -> 0),0.10303030303030303,56042.924659263655,3,0.5585855697106166,0.17780330911849423,-1.0965109209831322e-05,1.0965109209831322e-05,True,0.8480148876207418,0.5299930950799918,5241294802646.863,1.7779881230964468e+16,CONVERGED
S1,S1_cons,Conservative Mechanical Baseline (beta -> 0),0.10303030303030303,56042.924659263655,4,0.5585824471477481,0.17780231517586295,1.7860362470580218e-05,1.7860362470580218e-05,True,0.8479920984288434,-0.5299751700931687,5241294802646.863,1.7779881230964468e+16,CONVERGED
S1,S1_cons,Conservative Mechanical Baseline (beta -> 0),0.12070707070707071,65658.13232139223,0,4.310862082935552e-09,1.3721900189732344e-09,3.169983779149782,3.169983779149782,False,0.0420042792430417,-1.8107465470986535e-10,7194059987072.216,2.3644268854910504e+16,CONVERGED
S1,S1_cons,Conservative Mechanical Baseline (beta -> 0),0.12070707070707071,65658.13232139223,1,0.2744293742458946,0.0873535828816996,-1.8323989759571532e-06,1.8323989759571532e-06,True,0.962581756438278,0.27099820474842057,7194059987072.216,2.3644268854910504e+16,CONVERGED
S1,S1_cons,Conservative Mechanical Baseline (beta -> 0),0.12070707070707071,65658.13232139223,2,0.2744681423684286,0.08736592315837097,2.9653892673689968e-05,2.9653892673689968e-05,True,0.9625409423013439,-0.27102698826309807,7194059987072.216,2.3644268854910504e+16,CONVERGED
S1,S1_cons,Conservative Mechanical Baseline (beta -> 0),0.12070707070707071,65658.13232139223,3,0.6522401668340291,0.20761449326943646,-2.3095492963722966e-07,2.3095492963722966e-07,True,0.7947262672026468,0.6069683864322039,7194059987072.216,2.3644268854910504e+16,CONVERGED
S1,S1_cons,Conservative Mechanical Baseline (beta -> 0),0.12070707070707071,65658.13232139223,4,0.6522402632722214,0.20761452396666646,1.4043089404324236e-07,1.4043089404324236e-07,True,0.7947259135177164,-0.6069682376547249,7194059987072.216,2.3644268854910504e+16,CONVERGED
S1,S1_cons,Conservative Mechanical Baseline (beta -> 0),0.1383838383838384,75273.3399835208,0,6.019181195442437e-08,1.915964881240895e-08,3.1825474099531235,3.1825474099531235,False,0.041479854225751726,2.496747585453386e-09,9455388518924.242,1.4283413703946228e+16,CONVERGED
S1,S1_cons,Conservative Mechanical Baseline (beta -> 0),0.1383838383838384,75273.3399835208,1,0.31440305538037316,0.10007760077396262,-1.5036500375716327e-06,1.5036500375716327e-06,True,0.9509825827178072,0.30924930828049724,9455388518924.242,1.4283413703946228e+16,CONVERGED
S1,S1_cons,Conservative Mechanical Baseline (beta -> 0),0.1383838383838384,75273.3399835208,2,0.31440332166824997,0.10007768553602638,-6.031930700208335e-07,6.031930700208335e-07,True,0.9509816440499989,-0.30924928304982213,9455388518924.242,1.4283413703946228e+16,CONVERGED
S1,S1_cons,Conservative Mechanical Baseline (beta -> 0),0.1383838383838384,75273.3399835208,3,0.7449875789925182,0.23713691147744625,-6.78689860556878e-06,6.78689860556878e-06,True,0.7351013124587084,0.6779672811506614,9455388518924.242,1.4283413703946228e+16,CONVERGED
S1,S1_cons,Conservative Mechanical Baseline (beta -> 0),0.1383838383838384,75273.3399835208,4,0.7449868427655385,0.23713667712912012,6.854625303586481e-06,6.854625303586481e-06,True,0.735091783755772,-0.6779574915126475,9455388518924.242,1.4283413703946228e+16,CONVERGED
S1,S1_cons,Conservative Mechanical Baseline (beta -> 0),0.15606060606060607,84888.54764564935,0,1.788198685397659e-08,5.692013200229329e-09,3.1964259676609648,3.1964259676609648,False,0.040908150066258156,-7.315190017053299e-10,12025280398200.914,1.8491420654739532e+16,CONVERGED
S1,S1_cons,Conservative Mechanical Baseline (beta -> 0),0.15606060606060607,84888.54764564935,1,0.35430235582692426,0.11277794255791718,-1.0645636891923074e-07,1.0645636891923074e-07,True,0.9378888548571098,-0.346936174025684,12025280398200.914,1.8491420654739532e+16,CONVERGED
S1,S1_cons,Conservative Mechanical Baseline (beta -> 0),0.15606060606060607,84888.54764564935,2,0.35430240951677,0.11277795964792586,-1.0526131688270438e-07,1.0526131688270438e-07,True,0.9378888351093329,0.34693622396618456,12025280398200.914,1.8491420654739532e+16,CONVERGED
S1,S1_cons,Conservative Mechanical Baseline (beta -> 0),0.15606060606060607,84888.54764564935,3,0.8367548099363857,0.26634732831459035,-3.0651556681277974e-06,3.0651556681277974e-06,True,0.6698778687217878,-0.7424754348305955,12025280398200.914,1.8491420654739532e+16,CONVERGED
S1,S1_cons,Conservative Mechanical Baseline (beta -> 0),0.15606060606060607,84888.54764564935,4,0.8367548385492123,0.2663473374223359,3.741760286455328e-06,3.741760286455328e-06,True,0.6698732876907781,0.7424704000468817,12025280398200.914,1.8491420654739532e+16,CONVERGED
S1,S1_cons,Conservative Mechanical Baseline (beta -> 0),0.17373737373737375,94503.75530777793,0,1.1572721960710862e-07,3.683711810150529e-08,3.2114993874191016,3.2114993874191016,False,0.04029614841526391,-4.6633612169739094e-09,14903735624904.37,2.0144048231754784e+17,CONVERGED
S1,S1_cons,Conservative Mechanical Baseline (beta -> 0),0.17373737373737375,94503.75530777793,1,0.3941101962139863,0.1254491717007454,-7.843561300998047e-08,7.843561300998047e-08,True,0.9233386751322573,-0.38398678086132876,14903735624904.37,2.0144048231754784e+17,CONVERGED
S1,S1_cons,Conservative Mechanical Baseline (beta -> 0),0.17373737373737375,94503.75530777793,2,0.39411024083222373,0.12544918590317147,3.0213987582897972e-09,3.0213987582897972e-09,True,0.9233385827870382,0.3839867907806548,14903735624904.37,2.0144048231754784e+17,CONVERGED
S1,S1_cons,Conservative Mechanical Baseline (beta -> 0),0.17373737373737375,94503.75530777793,3,0.9274728142508438,0.29522376594274613,-6.614629726321949e-07,6.614629726321949e-07,True,0.5998583103231632,-0.8001070743738365,14903735624904.37,2.0144048231754784e+17,CONVERGED
S1,S1_cons,Conservative Mechanical Baseline (beta -> 0),0.17373737373737375,94503.75530777793,4,0.9274705821709233,0.29522305544964067,-1.9346704700709166e-08,1.9346704700709166e-08,True,0.5998597110448013,0.8001052216794099,14903735624904.37,2.0144048231754784e+17,CONVERGED
S1,S1_cons,Conservative Mechanical Baseline (beta -> 0),0.19141414141414143,104118.96296990648,0,8.284908253327463e-08,2.6371682031598128e-08,3.2276486520764327,3.2276486520764327,False,0.03965062167027858,3.2850176272565652e-09,18090754199034.543,2.8315097490975184e+16,CONVERGED
S1,S1_cons,Conservative Mechanical Baseline (beta -> 0),0.19141414141414143,104118.96296990648,1,0.4338169981011004,0.138088239290155,-6.451747645425424e-08,6.451747645425424e-08,True,0.9073679954498919,-0.4203373048733674,18090754199034.543,2.8315097490975184e+16,CONVERGED
S1,S1_cons,Conservative Mechanical Baseline (beta -> 0),0.19141414141414143,104118.96296990648,2,0.4338170028547314,0.13808824080328275,5.2007862062784564e-08,5.2007862062784564e-08,True,0.907367887720407,0.42033726020671563,18090754199034.543,2.8315097490975184e+16,CONVERGED
S1,S1_cons,Conservative Mechanical Baseline (beta -> 0),0.19141414141414143,104118.96296990648,3,1.0170826213944117,0.32374745345556666,-2.506563923442875e-06,2.506563923442875e-06,True,0.5258509603077579,0.8505796733309711,18090754199034.543,2.8315097490975184e+16,CONVERGED
S1,S1_cons,Conservative Mechanical Baseline (beta -> 0),0.19141414141414143,104118.96296990648,4,1.017081226874698,0.3237470095661553,1.5474212472749997e-06,1.5474212472749997e-06,True,0.5258500146648867,-0.8505754917931935,18090754199034.543,2.8315097490975184e+16,CONVERGED
S1,S1_cons,Conservative Mechanical Baseline (beta -> 0),0.2090909090909091,113734.17063203505,0,9.233216488755489e-07,2.9390240896460594e-07,3.2412624040375415,3.2412624040375415,False,0.03911448563358773,-3.611525137013345e-08,21586336120590.656,1.6144398795283162e+16,CONVERGED
S1,S1_cons,Conservative Mechanical Baseline (beta -> 0),0.2090909090909091,113734.17063203505,1,0.47341990593794553,0.15069423637624832,-4.6384226754069135e-06,4.6384226754069135e-06,True,0.8900183772119387,-0.45593482551062947,21586336120590.656,1.6144398795283162e+16,CONVERGED
S1,S1_cons,Conservative Mechanical Baseline (beta -> 0),0.2090909090909091,113734.17063203505,2,0.4733781980832407,0.15068096035376427,-7.785147706230905e-07,7.785147706230905e-07,True,0.8900339570455402,0.45589594463716265,21586336120590.656,1.6144398795283162e+16,CONVERGED
S1,S1_cons,Conservative Mechanical Baseline (beta -> 0),0.2090909090909091,113734.17063203505,3,1.1056146755550857,0.351928081539068,-1.2418462771174993e-06,1.2418462771174993e-06,True,0.44858571491611554,-0.8937412041910321,21586336120590.656,1.6144398795283162e+16,CONVERGED
S1,S1_cons,Conservative Mechanical Baseline (beta -> 0),0.2090909090909091,113734.17063203505,4,1.105613227035628,0.3519276204610043,5.251098127917012e-07,5.251098127917012e-07,True,0.4485862168843213,0.8937389752060377,21586336120590.656,1.6144398795283162e+16,CONVERGED
S1,S1_cons,Conservative Mechanical Baseline (beta -> 0),0.22676767676767678,123349.37829416365,0,2.749543452484022e-08,8.75206863417576e-09,3.244952068242637,3.244952068242637,False,0.03897043223382175,-1.0715089678897691e-09,25390481389571.64,1.285510853415405e+17,CONVERGED
S1,S1_cons,Conservative Mechanical Baseline (beta -> 0),0.22676767676767678,123349.37829416365,1,0.5128951732910905,0.16325960423450261,-1.0540413123936462e-07,1.0540413123936462e-07,True,0.8713275860531835,-0.49070199570718764,25390481389571.64,1.285510853415405e+17,CONVERGED
S1,S1_cons,Conservative Mechanical Baseline (beta -> 0),0.22676767676767678,123349.37829416365,2,0.5128952119851098,0.1632596165511915,1.3474694362567885e-07,1.3474694362567885e-07,True,0.8713273578157237,0.4907019115797481,25390481389571.64,1.285510853415405e+17,CONVERGED
S1,S1_cons,Conservative Mechanical Baseline (beta -> 0),0.22676767676767678,123349.37829416365,3,1.1930048202011783,0.37974522853495074,-7.295884109903936e-07,7.295884109903936e-07,True,0.3688688859068834,0.9294822237072107,25390481389571.64,1.285510853415405e+17,CONVERGED
S1,S1_cons,Conservative Mechanical Baseline (beta -> 0),0.22676767676767678,123349.37829416365,4,1.19300485633343,0.37974524003620364,2.1565137273098234e-07,2.1565137273098234e-07,True,0.36886850365324814,-0.9294813584521,25390481389571.64,1.285510853415405e+17,CONVERGED
S1,S1_cons,Conservative Mechanical Baseline (beta -> 0),0.24444444444444446,132964.58595629223,0,3.8061501502032606e-08,1.2115352211096177e-08,3.24890809643002,3.24890809643002,False,0.03881656865043243,-1.4774168859921865e-09,29503190005979.54,3.2523069674467732e+16,CONVERGED
S1,S1_cons,Conservative Mechanical Baseline (beta -> 0),0.24444444444444446,132964.58595629223,1,0.5522506947278143,0.1757868557837299,-3.078357046058063e-08,3.078357046058063e-08,True,0.8513459805851287,-0.5246046920383848,29503190005979.54,3.2523069674467732e+16,CONVERGED
S1,S1_cons,Conservative Mechanical Baseline (beta -> 0),0.24444444444444446,132964.58595629223,2,0.5522507074214665,0.1757868598242449,3.883167977039337e-08,3.883167977039337e-08,True,0.8513459146593181,0.5246046663245882,29503190005979.54,3.2523069674467732e+16,CONVERGED
S1,S1_cons,Conservative Mechanical Baseline (beta -> 0),0.24444444444444446,132964.58595629223,3,1.2792829699492765,0.40720841656141593,-2.495510458593059e-05,2.495510458593059e-05,True,0.28740923426725634,-0.9578339331599275,29503190005979.54,3.2523069674467732e+16,CONVERGED
S1,S1_cons,Conservative Mechanical Baseline (beta -> 0),0.24444444444444446,132964.58595629223,4,1.2792983612153535,0.4072133157535691,2.3721052185836363e-05,2.3721052185836363e-05,True,0.287380503037412,0.9577917338831815,29503190005979.54,3.2523069674467732e+16,CONVERGED
S1,S1_cons,Conservative Mechanical Baseline (beta -> 0),0.2621212121212121,142579.79361842075,0,1.532533031209257e-08,4.878204147371183e-09,3.2531237640844575,3.2531237640844575,False,0.03865327533452694,-5.923742121458858e-10,33924461969813.555,1.9694131534726852e+16,CONVERGED
S1,S1_cons,Conservative Mechanical Baseline (beta -> 0),0.2621212121212121,142579.79361842075,1,0.5914740745150682,0.18827204533955427,5.7288124887059036e-08,5.7288124887059036e-08,True,0.8301196114625773,-0.557585254547658,33924461969813.555,1.9694131534726852e+16,CONVERGED
S1,S1_cons,Conservative Mechanical Baseline (beta -> 0),0.2621212121212121,142579.79361842075,2,0.5914741968380408,0.1882720842761658,2.0997655154541332e-07,2.0997655154541332e-07,True,0.8301194165074479,0.5575852709535281,33924461969813.555,1.9694131534726852e+16,CONVERGED
S1,S1_cons,Conservative Mechanical Baseline (beta -> 0),0.2621212121212121,142579.79361842075,3,1.3644547634908444,0.4343194404697017,-9.716677656254648e-07,9.716677656254648e-07,True,0.20488064768661146,-0.9787879563730513,33924461969813.555,1.9694131534726852e+16,CONVERGED
S1,S1_cons,Conservative Mechanical Baseline (beta -> 0),0.2621212121212121,142579.79361842075,4,1.3644538475664414,0.43431914892190926,8.212732967836533e-07,8.212732967836533e-07,True,0.20488117684209592,0.9787860138102471,33924461969813.555,1.9694131534726852e+16,CONVERGED
S1,S1_cons,Conservative Mechanical Baseline (beta -> 0),0.27979797979797977,152195.0012805493,0,3.771133213087055e-08,1.2003889838416532e-08,3.257591867670297,3.257591867670297,False,0.03848095375841119,1.4511680278961165e-09,38654297281076.72,3.1901561671165504e+16,CONVERGED
S1,S1_cons,Conservative Mechanical Baseline (beta -> 0),0.27979797979797977,152195.0012805493,1,0.6305590028871276,0.20071316444116613,-3.0916230692344855e-07,3.0916230692344855e-07,True,0.8076982981705858,0.5895965378605479,38654297281076.72,3.1901561671165504e+16,CONVERGED
S1,S1_cons,Conservative Mechanical Baseline (beta -> 0),0.27979797979797977,152195.0012805493,2,0.6305587524847291,0.20071308473560717,-9.728037091982427e-08,9.728037091982427e-08,True,0.8076982746702555,-0.5895962106861384,38654297281076.72,3.1901561671165504e+16,CONVERGED
S1,S1_cons,Conservative Mechanical Baseline (beta -> 0),0.27979797979797977,152195.0012805493,3,1.4485438465453857,0.46108582692609207,-3.299510937404353e-06,3.299510937404353e-06,True,0.12194858592190301,-0.9925397430003983,38654297281076.72,3.1901561671165504e+16,CONVERGED
S1,S1_cons,Conservative Mechanical Baseline (beta -> 0),0.27979797979797977,152195.0012805493,4,1.4485426872487441,0.46108545791051003,3.2812660468850373e-06,3.2812660468850373e-06,True,0.12194893404843256,0.9925330699648706,38654297281076.72,3.1901561671165504e+16,CONVERGED
S1,S1_cons,Conservative Mechanical Baseline (beta -> 0),0.29747474747474745,161810.20894267788,0,3.1774714439683943e-08,1.0114205736818246e-08,3.2623049697306525,3.2623049697306525,False,0.03830001582038831,-1.2169720657282163e-09,43692695939760.164,2.9072135025972428e+16,CONVERGED
S1,S1_cons,Conservative Mechanical Baseline (beta -> 0),0.29747474747474745,161810.20894267788,1,0.6695008695268133,0.21310874557902884,-2.400982936985092e-06,2.400982936985092e-06,True,0.7841334039489688,-0.6205961704593469,43692695939760.164,2.9072135025972428e+16,CONVERGED
S1,S1_cons,Conservative Mechanical Baseline (beta -> 0),0.29747474747474745,161810.20894267788,2,0.6694983549319855,0.2131079451586354,3.1379250647890234e-06,3.1379250647890234e-06,True,0.7841306212550092,0.6205907612749297,43692695939760.164,2.9072135025972428e+16,CONVERGED
S1,S1_cons,Conservative Mechanical Baseline (beta -> 0),0.29747474747474745,161810.20894267788,3,1.5315706481316895,0.48751407868923263,-5.981687816214381e-07,5.981687816214381e-07,True,0.039215643770930377,0.9992313694144667,43692695939760.164,2.9072135025972428e+16,CONVERGED
S1,S1_cons,Conservative Mechanical Baseline (beta -> 0),0.29747474747474745,161810.20894267788,4,1.5315709468186636,0.4875141737642493,8.807603428367363e-07,8.807603428367363e-07,True,0.039215287316861004,-0.9992299033363252,43692695939760.164,2.9072135025972428e+16,CONVERGED
S1,S1_cons,Conservative Mechanical Baseline (beta -> 0),0.3151515151515151,171425.41660480644,0,4.293492592873765e-08,1.3666611385685965e-08,3.267255498184628,3.267255498184628,False,0.03811087905203442,-1.6362877691781782e-09,49039657945875.19,9684445781886382.0,CONVERGED
S1,S1_cons,Conservative Mechanical Baseline (beta -> 0),0.3151515151515151,171425.41660480644,1,0.7082877313423315,0.22545498714895285,-3.5660600190218e-07,3.5660600190218e-07,True,0.7594771491086637,0.6505345288253612,49039657945875.19,9684445781886382.0,CONVERGED
S1,S1_cons,Conservative Mechanical Baseline (beta -> 0),0.3151515151515151,171425.41660480644,2,0.7082875552204126,0.22545493108760492,1.8876926212124357e-07,1.8876926212124357e-07,True,0.7594768494820412,-0.6505340402795076,49039657945875.19,9684445781886382.0,CONVERGED
S1,S1_cons,Conservative Mechanical Baseline (beta -> 0),0.3151515151515151,171425.41660480644,3,1.6135733285535336,0.5136163425610756,-3.1995229042035845e-06,3.1995229042035845e-06,True,-0.04276409370459458,0.9990884001708292,49039657945875.19,9684445781886382.0,CONVERGED
S1,S1_cons,Conservative Mechanical Baseline (beta -> 0),0.3151515151515151,171425.41660480644,4,1.6135714636237368,0.5136157489354842,3.5319038326599767e-06,3.5319038326599767e-06,True,-0.04276194262494022,-0.9990817546528535,49039657945875.19,9684445781886382.0,CONVERGED
S1,S1_cons,Conservative Mechanical Baseline (beta -> 0),0.3328282828282828,181040.62426693502,0,5.741167676256225e-08,1.827470429591177e-08,3.2724357367114973,3.2724357367114973,False,0.037913966076511624,2.176704365171438e-09,54695183299410.836,1.875611250873098e+16,CONVERGED
S1,S1_cons,Conservative Mechanical Baseline (beta -> 0),0.3328282828282828,181040.62426693502,1,0.7469216586944337,0.23775254816723335,-1.413978378394184e-07,1.413978378394184e-07,True,0.733783819258834,-0.6793832419110988,54695183299410.836,1.875611250873098e+16,CONVERGED
S1,S1_cons,Conservative Mechanical Baseline (beta -> 0),0.3328282828282828,181040.62426693502,2,0.7469215864025331,0.2377525251560067,1.7192373035757758e-07,1.7192373035757758e-07,True,0.7337836384624615,0.6793829759990972,54695183299410.836,1.875611250873098e+16,CONVERGED
S1,S1_cons,Conservative Mechanical Baseline (beta -> 0),0.3328282828282828,181040.62426693502,3,1.694586902154863,0.5394037639534569,-5.692847208864358e-07,5.692847208864358e-07,True,-0.12347472448213795,0.9923482911680506,54695183299410.836,1.875611250873098e+16,CONVERGED
S1,S1_cons,Conservative Mechanical Baseline (beta -> 0),0.3328282828282828,181040.62426693502,4,1.6945869586997646,0.5394037819522581,-5.524708976822881e-07,5.524708976822881e-07,True,-0.12347477851829128,-0.9923482675010143,54695183299410.836,1.875611250873098e+16,CONVERGED
S1,S1_cons,Conservative Mechanical Baseline (beta -> 0),0.3505050505050505,190655.83192906357,0,4.7054955491826685e-08,1.497805752698669e-08,3.2778376976876116,3.2778376976876116,False,0.037709708503741425,-1.7744286552533124e-09,60659272000377.78,4.248175091298393e+16,CONVERGED
S1,S1_cons,Conservative Mechanical Baseline (beta -> 0),0.3505050505050505,190655.83192906357,1,0.7853944141759244,0.24999880658572346,-7.273279158559875e-08,7.273279158559875e-08,True,0.7071094837115863,0.7071041815112732,60659272000377.78,4.248175091298393e+16,CONVERGED
S1,S1_cons,Conservative Mechanical Baseline (beta -> 0),0.3505050505050505,190655.83192906357,2,0.785394475751938,0.24999882618597732,6.351326307390073e-08,6.351326307390073e-08,True,0.7071093438300634,-0.7071041287121007,60659272000377.78,4.248175091298393e+16,CONVERGED
S1,S1_cons,Conservative Mechanical Baseline (beta -> 0),0.3505050505050505,190655.83192906357,3,1.7746294014658144,0.564882082798992,-9.205473779969754e-06,9.205473779969754e-06,True,-0.2024263939246181,-0.9793068804821693,60659272000377.78,4.248175091298393e+16,CONVERGED
S1,S1_cons,Conservative Mechanical Baseline (beta -> 0),0.3505050505050505,190655.83192906357,4,1.7746345620066026,0.5648837254501429,4.495799720777721e-06,4.495799720777721e-06,True,-0.20242867412539445,0.9792924181942887,60659272000377.78,4.248175091298393e+16,CONVERGED
S1,S1_cons,Conservative Mechanical Baseline (beta -> 0),0.36818181818181817,200271.03959119215,0,3.601542152162135e-08,1.1464064725408538e-08,3.283453544949734,3.283453544949734,False,0.03749853006841146,-1.3505253668550322e-09,66931924048768.305,1.6245339266288514e+16,CONVERGED
S1,S1_cons,Conservative Mechanical Baseline (beta -> 0),0.36818181818181817,200271.03959119215,1,0.823702926568151,0.26219278480516345,-2.602909210080491e-07,2.602909210080491e-07,True,0.6795093338376827,0.7336672173468337,66931924048768.305,1.6245339266288514e+16,CONVERGED
S1,S1_cons,Conservative Mechanical Baseline (beta -> 0),0.36818181818181817,200271.03959119215,2,0.8237028936294855,0.26219277432046056,2.6270766295991554e-07,2.6270766295991554e-07,True,0.6795090026213624,-0.7336668112578989,66931924048768.305,1.6245339266288514e+16,CONVERGED
S1,S1_cons,Conservative Mechanical Baseline (beta -> 0),0.36818181818181817,200271.03959119215,3,1.8537983238117226,0.5900823334602113,-1.037640638653749e-06,1.037640638653749e-06,True,-0.27923977428422964,0.9602224865837725,66931924048768.305,1.6245339266288514e+16,CONVERGED
S1,S1_cons,Conservative Mechanical Baseline (beta -> 0),0.36818181818181817,200271.03959119215,4,1.853798997964591,0.5900825480497341,9.093465231043369e-07,9.093465231043369e-07,True,-0.279239877943923,-0.9602204287945922,66931924048768.305,1.6245339266288514e+16,CONVERGED
S1,S1_cons,Conservative Mechanical Baseline (beta -> 0),0.38585858585858585,209886.2472533207,0,3.7210012685907836e-08,1.1844314902948731e-08,3.289275270257888,3.289275270257888,False,0.03728085815472452,1.3872212048788306e-09,73513139444584.27,2.694334713539882e+16,CONVERGED
S1,S1_cons,Conservative Mechanical Baseline (beta -> 0),0.38585858585858585,209886.2472533207,1,0.8618426385600046,0.2743330321883729,-1.718522945990164e-07,1.718522945990164e-07,True,0.6510400432925287,-0.7590436125377188,73513139444584.27,2.694334713539882e+16,CONVERGED
S1,S1_cons,Conservative Mechanical Baseline (beta -> 0),0.38585858585858585,209886.2472533207,2,0.8618426666619105,0.2743330411334874,1.7259425667582453e-07,1.7259425667582453e-07,True,0.6510397977135047,0.7590433693832686,73513139444584.27,2.694334713539882e+16,CONVERGED
S1,S1_cons,Conservative Mechanical Baseline (beta -> 0),0.38585858585858585,209886.2472533207,3,1.9320745756284734,0.614998438266895,-4.501558781856685e-06,4.501558781856685e-06,True,-0.3534718453493012,-0.93544997605615,73513139444584.27,2.694334713539882e+16,CONVERGED
S1,S1_cons,Conservative Mechanical Baseline (beta -> 0),0.38585858585858585,209886.2472533207,4,1.9320735614886904,0.6149981154561761,5.225739769023976e-06,5.225739769023976e-06,True,-0.35346745837186533,0.9354412351651022,73513139444584.27,2.694334713539882e+16,CONVERGED
S1,S1_cons,Conservative Mechanical Baseline (beta -> 0),0.4035353535353535,219501.45491544926,0,1.53428277212159e-08,4.883773745677741e-09,3.2952948134507314,3.2952948134507314,False,0.037057118499653,5.685609849848587e-10,80402918187825.8,1.957160355353876e+16,CONVERGED
S1,S1_cons,Conservative Mechanical Baseline (beta -> 0),0.4035353535353535,219501.45491544926,1,0.899810774992196,0.2864186653747144,-1.090157786936364e-07,1.090157786936364e-07,True,0.6217582499631079,0.7832093568353193,80402918187825.8,1.957160355353876e+16,CONVERGED
S1,S1_cons,Conservative Mechanical Baseline (beta -> 0),0.4035353535353535,219501.45491544926,2,0.8998107691947982,0.28641866352934536,8.881714840785154e-08,8.881714840785154e-08,True,0.6217581314994408,-0.7832091982861559,80402918187825.8,1.957160355353876e+16,CONVERGED
S1,S1_cons,Conservative Mechanical Baseline (beta -> 0),0.4035353535353535,219501.45491544926,3,2.0095405815853162,0.6396566338061306,-2.193926039771892e-06,2.193926039771892e-06,True,-0.42480392395393285,0.9052878073049738,80402918187825.8,1.957160355353876e+16,CONVERGED
S1,S1_cons,Conservative Mechanical Baseline (beta -> 0),0.4035353535353535,219501.45491544926,4,2.009542648856207,0.6396572918388925,3.094585278438316e-06,3.094585278438316e-06,True,-0.4248035488438403,-0.9052821415107419,80402918187825.8,1.957160355353876e+16,CONVERGED
S1,S1_cons,Conservative Mechanical Baseline (beta -> 0),0.4212121212121212,229116.66257757787,0,2.2417611887163602e-08,7.135747488315439e-09,3.3015042245868673,3.3015042245868673,False,0.03682772854069548,-8.255897251111294e-10,87601260278495.81,1.9821318851296548e+16,CONVERGED
S1,S1_cons,Conservative Mechanical Baseline (beta -> 0),0.4212121212121212,229116.66257757787,1,0.9376046949941306,0.29844884374896946,-1.383899461251287e-07,1.383899461251287e-07,True,0.5917207610805321,0.8061431744338015,87601260278495.81,1.9821318851296548e+16,CONVERGED
S1,S1_cons,Conservative Mechanical Baseline (beta -> 0),0.4212121212121212,229116.66257757787,2,0.9376047168355574,0.29844885070131155,1.2938575968898898e-07,1.2938575968898898e-07,True,0.5917205850247963,-0.8061429714922949,87601260278495.81,1.9821318851296548e+16,CONVERGED
S1,S1_cons,Conservative Mechanical Baseline (beta -> 0),0.4212121212121212,229116.66257757787,3,2.0862092137825203,0.6640610173946895,8.16738841178189e-07,8.16738841178189e-07,True,-0.49289373701813327,0.8700885762564355,87601260278495.81,1.9821318851296548e+16,CONVERGED
S1,S1_cons,Conservative Mechanical Baseline (beta -> 0),0.4212121212121212,229116.66257757787,4,2.0862090929480317,0.6640609789318772,5.465920648524824e-06,5.465920648524824e-06,True,-0.49289134033464205,-0.8700845906241389,87601260278495.81,1.9821318851296548e+16,CONVERGED
S1,S1_cons,Conservative Mechanical Baseline (beta -> 0),0.4388888888888889,238731.87023970645,0,4.259170430234147e-08,1.3557360548851981e-08,3.3078956067662646,3.3078956067662646,False,0.036593099054862785,1.5585624544510078e-09,95108165716592.14,4.0785009526012744e+16,CONVERGED
S1,S1_cons,Conservative Mechanical Baseline (beta -> 0),0.4388888888888889,238731.87023970645,1,0.9752218713365409,0.3104227628690777,-4.914178580666162e-08,4.914178580666162e-08,True,0.5609844239821598,0.8278264155805738,95108165716592.14,4.0785009526012744e+16,CONVERGED
S1,S1_cons,Conservative Mechanical Baseline (beta -> 0),0.4388888888888889,238731.87023970645,2,0.9752218979103064,0.31042277132776996,3.238443680309039e-08,3.238443680309039e-08,True,0.5609843562487572,-0.8278263629984829,95108165716592.14,4.0785009526012744e+16,CONVERGED
S1,S1_cons,Conservative Mechanical Baseline (beta -> 0),0.4388888888888889,238731.87023970645,3,2.1621643767909005,0.6882382966869582,-4.096620252407739e-09,4.096620252407739e-09,True,-0.5574972726031154,-0.8301787754654585,95108165716592.14,4.0785009526012744e+16,CONVERGED
S1,S1_cons,Conservative Mechanical Baseline (beta -> 0),0.4388888888888889,238731.87023970645,4,2.1621639656435985,0.6882381658147073,4.70470177603507e-08,4.70470177603507e-08,True,-0.5574969027648838,0.8301789622205146,95108165716592.14,4.0785009526012744e+16,CONVERGED
S1,S1_cons,Conservative Mechanical Baseline (beta -> 0),0.45656565656565656,248347.077901835,0,5.019821355634761e-08,1.5978587643750626e-08,3.314460976894993,3.314460976894993,False,0.03635363874832467,-1.8248877214387166e-09,102923634502112.95,1.8479116068819824e+16,CONVERGED
S1,S1_cons,Conservative Mechanical Baseline (beta -> 0),0.45656565656565656,248347.077901835,1,1.0126604545692686,0.32233983403676963,-1.7372286023773793e-08,1.7372286023773793e-08,True,0.5296058933232429,-0.8482438520271529,102923634502112.95,1.8479116068819824e+16,CONVERGED
S1,S1_cons,Conservative Mechanical Baseline (beta -> 0),0.45656565656565656,248347.077901835,2,1.0126604273558224,0.32233982537446065,3.1002976235038066e-08,3.1002976235038066e-08,True,0.5296058907870567,0.848243796580734,102923634502112.95,1.8479116068819824e+16,CONVERGED
S1,S1_cons,Conservative Mechanical Baseline (beta -> 0),0.45656565656565656,248347.077901835,3,2.2374152853792744,0.7121914048349504,-4.880816193873298e-07,4.880816193873298e-07,True,-0.618332610988629,-0.785917144711642,102923634502112.95,1.8479116068819824e+16,CONVERGED
S1,S1_cons,Conservative Mechanical Baseline (beta -> 0),0.45656565656565656,248347.077901835,4,2.237413044371319,0.7121906914999632,1.2786470842391759e-06,1.2786470842391759e-06,True,-0.6183297573186072,0.785917141894369,102923634502112.95,1.8479116068819824e+16,CONVERGED
S1,S1_cons,Conservative Mechanical Baseline (beta -> 0),0.4742424242424242,257962.28556396352,0,1.0116070572600301e-07,3.220045272591596e-08,3.3211926722913514,3.3211926722913514,False,0.03610973897624849,-3.6528866784190667e-09,111047666635060.98,1.46643950249884e+16,CONVERGED
S1,S1_cons,Conservative Mechanical Baseline (beta -> 0),0.4742424242424242,257962.28556396352,1,1.0499184946474982,0.334199436533502,-1.750376696553366e-08,1.750376696553366e-08,True,0.4976417545853115,-0.8673826831916736,111047666635060.98,1.46643950249884e+16,CONVERGED
S1,S1_cons,Conservative Mechanical Baseline (beta -> 0),0.4742424242424242,257962.28556396352,2,1.0499185191762825,0.33419944434125654,4.9779090035556326e-08,4.9779090035556326e-08,True,0.4976416998267121,0.8673826370382367,111047666635060.98,1.46643950249884e+16,CONVERGED
S1,S1_cons,Conservative Mechanical Baseline (beta -> 0),0.4742424242424242,257962.28556396352,3,2.3120174001409635,0.7359379954938137,-4.4325440849239233e-07,4.4325440849239233e-07,True,-0.675189432270305,0.7376449803663773,111047666635060.98,1.46643950249884e+16,CONVERGED
S1,S1_cons,Conservative Mechanical Baseline (beta -> 0),0.4742424242424242,257962.28556396352,4,2.312017972075342,0.7359381775461806,2.287555315963436e-07,2.287555315963436e-07,True,-0.6751894004205771,-0.7376440984978753,111047666635060.98,1.46643950249884e+16,CONVERGED
S1,S1_cons,Conservative Mechanical Baseline (beta -> 0),0.49191919191919187,267577.4932260921,0,1.1148928066091829e-07,3.54881402378896e-08,3.3280827785918876,3.3280827785918876,False,0.035861794200050895,-3.9982056385735825e-09,119480262115431.89,1.4518779662384846e+16,CONVERGED
S1,S1_cons,Conservative Mechanical Baseline (beta -> 0),0.49191919191919187,267577.4932260921,1,1.0869955647650826,0.34600143450265874,-5.559521122194663e-08,5.559521122194663e-08,True,0.46514711452888574,-0.885233456798759,119480262115431.89,1.4518779662384846e+16,CONVERGED
S1,S1_cons,Conservative Mechanical Baseline (beta -> 0),0.49191919191919187,267577.4932260921,2,1.0869955678052428,0.34600143547037177,8.608983445491217e-08,8.608983445491217e-08,True,0.46514704593324907,0.8852333327885467,119480262115431.89,1.4518779662384846e+16,CONVERGED
S1,S1_cons,Conservative Mechanical Baseline (beta -> 0),0.49191919191919187,267577.4932260921,3,2.3860228336718827,0.7594946566180227,-1.358057424591181e-07,1.358057424591181e-07,True,-0.7278810326883509,0.685703634133626,119480262115431.89,1.4518779662384846e+16,CONVERGED
S1,S1_cons,Conservative Mechanical Baseline (beta -> 0),0.49191919191919187,267577.4932260921,4,2.3860219886071112,0.7594943876255514,6.806822956865236e-07,6.806822956865236e-07,True,-0.7278798589186657,-0.6857036893709109,119480262115431.89,1.4518779662384846e+16,CONVERGED
S1,S1_cons,Conservative Mechanical Baseline (beta -> 0),0.5095959595959596,277192.70088822074,0,1.9880635980178292e-08,6.328202976111926e-09,3.335124506021834,3.335124506021834,False,0.03561015225695614,-7.079524742192696e-10,128221420943235.06,1.5435260461106462e+16,CONVERGED
S1,S1_cons,Conservative Mechanical Baseline (beta -> 0),0.5095959595959596,277192.70088822074,1,1.123890291289576,0.3577453907034523,-6.725440527615855e-08,6.725440527615855e-08,True,0.43217753438044226,-0.9017886189599319,128221420943235.06,1.5435260461106462e+16,CONVERGED
S1,S1_cons,Conservative Mechanical Baseline (beta -> 0),0.5095959595959596,277192.70088822074,2,1.1238902591495885,0.35774538047297655,4.215064205784647e-08,4.215064205784647e-08,True,0.43217751608151284,0.9017885064095312,128221420943235.06,1.5435260461106462e+16,CONVERGED
S1,S1_cons,Conservative Mechanical Baseline (beta -> 0),0.5095959595959596,277192.70088822074,3,2.4594699997266747,0.7828736156854456,-2.10332988295418e-06,2.10332988295418e-06,True,-0.7762378907560533,0.6304434499804145,128221420943235.06,1.5435260461106462e+16,CONVERGED
S1,S1_cons,Conservative Mechanical Baseline (beta -> 0),0.5095959595959596,277192.70088822074,4,2.459470341290463,0.7828737244085762,1.8107448641705012e-06,1.8107448641705012e-06,True,-0.7762350678446384,-0.6304407172487029,128221420943235.06,1.5435260461106462e+16,CONVERGED
S1,S1_cons,Conservative Mechanical Baseline (beta -> 0),0.5272727272727272,286807.90855034924,0,1.8372065540191842e-08,5.848010091059608e-09,3.3423096509246846,3.3423096509246846,False,0.03535520516570442,-6.495481464912509e-10,137271143118461.4,1.4107676299677514e+16,CONVERGED
S1,S1_cons,Conservative Mechanical Baseline (beta -> 0),0.5272727272727272,286807.90855034924,1,1.1606024711434408,0.3694312404942949,-3.2806877520725496e-08,3.2806877520725496e-08,True,0.39878712263096827,0.9170435629987652,137271143118461.4,1.4107676299677514e+16,CONVERGED
S1,S1_cons,Conservative Mechanical Baseline (beta -> 0),0.5272727272727272,286807.90855034924,2,1.1606024216209951,0.3694312247308108,3.808840960080655e-08,3.808840960080655e-08,True,0.39878713977307806,-0.9170434782357875,137271143118461.4,1.4107676299677514e+16,CONVERGED
S1,S1_cons,Conservative Mechanical Baseline (beta -> 0),0.5272727272727272,286807.90855034924,3,2.5324182026618955,0.8060937498590678,-6.786542002350174e-07,6.786542002350174e-07,True,-0.8201212252625473,-0.5721909936229159,137271143118461.4,1.4107676299677514e+16,CONVERGED
S1,S1_cons,Conservative Mechanical Baseline (beta -> 0),0.5272727272727272,286807.90855034924,4,2.5324179527266937,0.8060936703022221,1.0870877101299071e-06,1.0870877101299071e-06,True,-0.8201196341309622,0.5721901882589738,137271143118461.4,1.4107676299677514e+16,CONVERGED
S1,S1_cons,Conservative Mechanical Baseline (beta -> 0),0.544949494949495,296423.11621247785,0,1.6236007510101048e-06,5.168081702619435e-07,3.6449577340348167,3.6449577340348167,False,0.026122513923815358,-4.24125332250158e-08,146629428641108.9,1.5054921779710176e+16,CONVERGED
S1,S1_cons,Conservative Mechanical Baseline (beta -> 0),0.544949494949495,296423.11621247785,1,2.6049140060652185,0.829169880789182,1.2512509777634788e-06,1.2512509777634788e-06,True,-0.8594104988821082,0.5112837684812434,146629428641108.9,1.5054921779710176e+16,CONVERGED
S1,S1_cons,Conservative Mechanical Baseline (beta -> 0),0.544949494949495,296423.11621247785,2,1.1972547999745105,0.3810980391128835,2.4618126730525004e-05,2.4618126730525004e-05,True,0.3649060361864333,-0.9310179105223104,146629428641108.9,1.5054921779710176e+16,CONVERGED
S1,S1_cons,Conservative Mechanical Baseline (beta -> 0),0.544949494949495,296423.11621247785,3,2.6049165908865572,0.8291707035633681,-9.724840423861434e-07,9.724840423861434e-07,True,-0.8594137315627188,-0.5112826840128847,146629428641108.9,1.5054921779710176e+16,CONVERGED
S1,S1_cons,Conservative Mechanical Baseline (beta -> 0),0.544949494949495,296423.11621247785,4,1.3886359054837932e-05,4.420165370252713e-06,3.349623716787099,3.349623716787099,False,0.03509755823503656,-4.873772956311287e-07,146629428641108.9,1.5054921779710176e+16,CONVERGED
S1,S1_cons,Conservative Mechanical Baseline (beta -> 0),0.5626262626262627,306038.32387460646,0,1.2335410651374594,0.3926483160469366,0.00016261927462018393,0.00016261927462018393,True,0.33084441828108274,0.9435130021506514,156296277511188.88,2.7319585552642824e+16,CONVERGED
S1,S1_cons,Conservative Mechanical Baseline (beta -> 0),0.5626262626262627,306038.32387460646,1,2.6770603320978275,0.8521347696172004,6.235194763538872e-05,6.235194763538872e-05,True,-0.8939754427082647,-0.44797679818769515,156296277511188.88,2.7319585552642824e+16,CONVERGED
S1,S1_cons,Conservative Mechanical Baseline (beta -> 0),0.5626262626262627,306038.32387460646,2,1.233470852829808,0.3926259667752794,8.446109459074912e-05,8.446109459074912e-05,True,0.33093652807668517,-0.9435635148000995,156296277511188.88,2.7319585552642824e+16,CONVERGED
S1,S1_cons,Conservative Mechanical Baseline (beta -> 0),0.5626262626262627,306038.32387460646,3,2.677044178428174,0.8521296277444516,-5.29690642484902e-05,5.29690642484902e-05,True,-0.8940713053851808,0.4480429048952539,156296277511188.88,2.7319585552642824e+16,CONVERGED
S1,S1_cons,Conservative Mechanical Baseline (beta -> 0),0.5626262626262627,306038.32387460646,4,4.250223288844709e-06,1.3528880913278559e-06,3.3570971715598974,3.3570971715598974,False,0.03483623593049036,1.480617812483505e-07,156296277511188.88,2.7319585552642824e+16,CONVERGED
S1,S1_cons,Conservative Mechanical Baseline (beta -> 0),0.5803030303030303,315653.531536735,0,1.2697001479806147,0.40415810959125165,1.7820520725786294e-05,1.7820520725786294e-05,True,0.29656196358609305,-0.9549949535718205,166271689728690.78,2.0417264337047588e+16,CONVERGED
S1,S1_cons,Conservative Mechanical Baseline (beta -> 0),0.5803030303030303,315653.531536735,1,2.7488407846870846,0.8749831973111077,1.7237721638213253e-06,1.7237721638213253e-06,True,-0.9238577379140759,0.38273154110668983,166271689728690.78,2.0417264337047588e+16,CONVERGED
S1,S1_cons,Conservative Mechanical Baseline (beta -> 0),0.5803030303030303,315653.531536735,2,1.269571416448776,0.4041171330720038,-2.6787411731733925e-05,2.6787411731733925e-05,True,0.2966981338868673,0.9549993683802469,166271689728690.78,2.0417264337047588e+16,CONVERGED
S1,S1_cons,Conservative Mechanical Baseline (beta -> 0),0.5803030303030303,315653.531536735,3,2.748839457812833,0.8749827749539157,-1.8937442350490604e-06,1.8937442350490604e-06,True,-0.9238605721513603,-0.382734151493963,166271689728690.78,2.0417264337047588e+16,CONVERGED
S1,S1_cons,Conservative Mechanical Baseline (beta -> 0),0.5803030303030303,315653.531536735,4,7.534961612183134e-06,2.3984527731732454e-06,3.364655484911111,3.364655484911111,False,0.03457392530440728,-2.6051319995612624e-07,166271689728690.78,2.0417264337047588e+16,CONVERGED
S1,S1_cons,Conservative Mechanical Baseline (beta -> 0),0.5979797979797981,325268.7391988636,0,1.3056593320185759,0.41560427336963707,2.910504611386244e-05,2.910504611386244e-05,True,0.26203385170437454,-0.9650285240151799,176555665293623.84,4.901904326485862e+16,CONVERGED
S1,S1_cons,Conservative Mechanical Baseline (beta -> 0),0.5979797979797981,325268.7391988636,1,2.820462303888774,0.8977810349365077,9.42259545647335e-06,9.42259545647335e-06,True,-0.948870300662861,-0.3156363532716538,176555665293623.84,4.901904326485862e+16,CONVERGED
S1,S1_cons,Conservative Mechanical Baseline (beta -> 0),0.5979797979797981,325268.7391988636,2,1.3055761697823471,0.4155778020076883,1.544587158430063e-05,1.544587158430063e-05,True,0.2621176850150112,0.9650199106424425,176555665293623.84,4.901904326485862e+16,CONVERGED
S1,S1_cons,Conservative Mechanical Baseline (beta -> 0),0.5979797979797981,325268.7391988636,3,2.8204616954600508,0.89778084126763,-5.8055515028743315e-06,5.8055515028743315e-06,True,-0.9488845582639418,0.31564173719370336,176555665293623.84,4.901904326485862e+16,CONVERGED
S1,S1_cons,Conservative Mechanical Baseline (beta -> 0),0.5979797979797981,325268.7391988636,4,4.627612428643643e-06,1.4730147854642531e-06,3.3723479112230974,3.3723479112230974,False,0.03430898824314127,-1.587687004092825e-07,176555665293623.84,4.901904326485862e+16,CONVERGED
S1,S1_cons,Conservative Mechanical Baseline (beta -> 0),0.6156565656565657,334883.9468609921,0,1.341432196972612,0.4269911299416244,1.2255159225132767e-08,1.2255159225132767e-08,True,0.22735834927779497,-0.9738111503281106,187148204205978.12,4.7494711200907224e+16,CONVERGED
S1,S1_cons,Conservative Mechanical Baseline (beta -> 0),0.6156565656565657,334883.9468609921,1,2.8921562950963633,0.9206019411178571,-6.632932138893892e-08,6.632932138893892e-08,True,-0.9690517792123953,0.2468578171011457,187148204205978.12,4.7494711200907224e+16,CONVERGED
S1,S1_cons,Conservative Mechanical Baseline (beta -> 0),0.6156565656565657,334883.9468609921,2,1.3414321619313034,0.42699111878762946,-6.463595681870667e-08,6.463595681870667e-08,True,0.22735840088325213,0.9738112172386044,187148204205978.12,4.7494711200907224e+16,CONVERGED
S1,S1_cons,Conservative Mechanical Baseline (beta -> 0),0.6156565656565657,334883.9468609921,3,2.8921561307549815,0.9206018888063706,-1.3079712915286009e-07,1.3079712915286009e-07,True,-0.9690518011160706,-0.24685799227084404,187148204205978.12,4.7494711200907224e+16,CONVERGED
S1,S1_cons,Conservative Mechanical Baseline (beta -> 0),0.6156565656565657,334883.9468609921,4,5.111825422086771e-08,1.6271445682958477e-08,3.3801444948527473,3.3801444948527473,False,0.03404253540805825,1.7401949793120136e-09,187148204205978.12,4.7494711200907224e+16,CONVERGED
S1,S1_cons,Conservative Mechanical Baseline (beta -> 0),0.6333333333333333,344499.15452312067,0,1.377044105330505,0.4383267524378129,7.250925263553086e-05,7.250925263553086e-05,True,0.19252829362428234,0.9812175335589587,198049306465762.34,1.1586226157703398e+16,CONVERGED
S1,S1_cons,Conservative Mechanical Baseline (beta -> 0),0.6333333333333333,344499.15452312067,1,2.9644187948440504,0.9436038091878997,6.74410485645291e-07,6.74410485645291e-07,True,-0.9843450621111645,0.1762482620547112,198049306465762.34,1.1586226157703398e+16,CONVERGED
S1,S1_cons,Conservative Mechanical Baseline (beta -> 0),0.6333333333333333,344499.15452312067,2,1.3770676926843286,0.4383342605257239,6.273404732375146e-05,6.273404732375146e-05,True,0.19250703103213948,-0.9812316662130995,198049306465762.34,1.1586226157703398e+16,CONVERGED
S1,S1_cons,Conservative Mechanical Baseline (beta -> 0),0.6333333333333333,344499.15452312067,3,2.9644182595571777,0.9436036388007961,-6.219861152388264e-07,6.219861152388264e-07,True,-0.9843462438699399,-0.1762490174501552,198049306465762.34,1.1586226157703398e+16,CONVERGED
S1,S1_cons,Conservative Mechanical Baseline (beta -> 0),0.6333333333333333,344499.15452312067,4,9.95602660391548e-07,3.1691016951351285e-07,3.3880527077224407,3.3880527077224407,False,0.033774381498035196,-3.362586407253403e-08,198049306465762.34,1.1586226157703398e+16,CONVERGED
S1,S1_cons,Conservative Mechanical Baseline (beta -> 0),0.651010101010101,354114.3621852493,0,1.4125036764882926,0.4496138844971743,3.545445780220692e-07,3.545445780220692e-07,True,0.15763237713619943,0.9874975061181098,209258972072967.62,1.7688358212511006e+16,CONVERGED
S1,S1_cons,Conservative Mechanical Baseline (beta -> 0),0.651010101010101,354114.3621852493,1,3.039322509384728,0.9674464020380859,1.507902862253638e-06,1.507902862253638e-06,True,-0.9947734652944292,-0.10209180645348598,209258972072967.62,1.7688358212511006e+16,CONVERGED
S1,S1_cons,Conservative Mechanical Baseline (beta -> 0),0.651010101010101,354114.3621852493,2,1.4125038330858168,0.44961393434371444,-7.92192677331356e-08,7.92192677331356e-08,True,0.15763229087170663,-0.9874979591437573,209258972072967.62,1.7688358212511006e+16,CONVERGED
S1,S1_cons,Conservative Mechanical Baseline (beta -> 0),0.651010101010101,354114.3621852493,3,3.039276340101264,0.9674317058987213,-5.314894491130575e-05,5.314894491130575e-05,True,-0.9948231231387257,0.10214331700192306,209258972072967.62,1.7688358212511006e+16,CONVERGED
S1,S1_cons,Conservative Mechanical Baseline (beta -> 0),0.651010101010101,354114.3621852493,4,9.527008247520463e-08,3.032540910940274e-08,3.3960455888164005,3.3960455888164005,False,0.03350550287162746,3.1920720219531633e-09,209258972072967.62,1.7688358212511006e+16,CONVERGED
S1,S1_cons,Conservative Mechanical Baseline (beta -> 0),0.6686868686868687,363729.5698473778,0,1.4477759862389963,0.4608414093993602,-4.648907928151554e-09,4.648907928151554e-09,True,0.1227102774530561,0.992442540959027,220777201027601.97,4.139502939630802e+16,CONVERGED
S1,S1_cons,Conservative Mechanical Baseline (beta -> 0),0.6686868686868687,363729.5698473778,1,1.1022315155065817e-06,3.5085118824908715e-07,3.7946977635982244,3.7946977635982244,False,0.022489701996252068,-2.478885831463035e-08,220777201027601.97,4.139502939630802e+16,CONVERGED
S1,S1_cons,Conservative Mechanical Baseline (beta -> 0),0.6686868686868687,363729.5698473778,2,1.447776231112167,0.46084148734491126,-1.2564788706097256e-07,1.2564788706097256e-07,True,0.12271004927829048,-0.9924426910919971,220777201027601.97,4.139502939630802e+16,CONVERGED
S1,S1_cons,Conservative Mechanical Baseline (beta -> 0),0.6686868686868687,363729.5698473778,3,3.1415902363833683,0.9999992305792981,0.0249558246484825,0.0249558246484825,False,-0.9753529976353396,2.3576295323274113e-06,220777201027601.97,4.139502939630802e+16,CONVERGED
S1,S1_cons,Conservative Mechanical Baseline (beta -> 0),0.6686868686868687,363729.5698473778,4,1.1068250383693808e-07,3.523133519887274e-08,3.4041357989220806,3.4041357989220806,False,0.033235529855421414,3.678591660745366e-09,220777201027601.97,4.139502939630802e+16,CONVERGED
S1,S1_cons,Conservative Mechanical Baseline (beta -> 0),0.6863636363636364,373344.7775095064,0,1.4828740105171232,0.4720134575126067,-2.7667264357929644e-08,2.7667264357929644e-08,True,0.08780908434229856,0.9961373499881918,232603993329668.5,1.386403707462298e+16,CONVERGED
S1,S1_cons,Conservative Mechanical Baseline (beta -> 0),0.6863636363636364,373344.7775095064,1,0.00017489297352557011,5.567016249726894e-05,3.815617612438059,3.815617612438059,False,0.022024107552484355,-3.851861698373962e-06,232603993329668.5,1.386403707462298e+16,CONVERGED
S1,S1_cons,Conservative Mechanical Baseline (beta -> 0),0.6863636363636364,373344.7775095064,2,1.4828742192827962,0.4720135239647843,-1.65569251385701e-07,1.65569251385701e-07,True,0.0878088884920319,-0.9961375056890246,232603993329668.5,1.386403707462298e+16,CONVERGED
S1,S1_cons,Conservative Mechanical Baseline (beta -> 0),0.6863636363636364,373344.7775095064,3,3.1415825438206046,0.9999967819605202,0.04523008048911708,0.04523008048911708,False,-0.9557775507179351,-9.66269043390286e-06,232603993329668.5,1.386403707462298e+16,CONVERGED
S1,S1_cons,Conservative Mechanical Baseline (beta -> 0),0.6863636363636364,373344.7775095064,4,6.913763743105856e-08,2.200719350169644e-08,3.4123116787681824,3.4123116787681824,False,0.03296490795026756,2.279115853813822e-09,232603993329668.5,1.386403707462298e+16,CONVERGED
S1,S1_cons,Conservative Mechanical Baseline (beta -> 0),0.704040404040404,382959.98517163494,0,1.5178268996752236,0.4831393076823163,6.644386350705347e-05,6.644386350705347e-05,True,0.05294114294493562,-0.9985310994084524,244739348979149.4,1.193392585195965e+16,CONVERGED
S1,S1_cons,Conservative Mechanical Baseline (beta -> 0),0.704040404040404,382959.98517163494,1,3.063298964665084,0.9750783447894666,-4.281584450612387e-06,4.281584450612387e-06,True,-0.9969408829488151,0.07821405954687552,244739348979149.4,1.193392585195965e+16,CONVERGED
S1,S1_cons,Conservative Mechanical Baseline (beta -> 0),0.704040404040404,382959.98517163494,2,1.517831274397472,0.48314070019965727,5.8804360102293194e-05,5.8804360102293194e-05,True,0.05293717906042746,0.9985389593143345,244739348979149.4,1.193392585195965e+16,CONVERGED
S1,S1_cons,Conservative Mechanical Baseline (beta -> 0),0.704040404040404,382959.98517163494,3,3.0633083542016726,0.9750813335717896,1.4865048757985421e-05,1.4865048757985421e-05,True,-0.9969225294059003,-0.07820320138818372,244739348979149.4,1.193392585195965e+16,CONVERGED
S1,S1_cons,Conservative Mechanical Baseline (beta -> 0),0.704040404040404,382959.98517163494,4,1.4395739985272182e-07,4.582306356243433e-08,3.4205685289902767,3.4205685289902767,False,0.03269384225715422,-4.706520522534996e-09,244739348979149.4,1.193392585195965e+16,CONVERGED
S1,S1_cons,Conservative Mechanical Baseline (beta -> 0),0.7217171717171718,392575.19283376355,0,1.5525556886052505,0.49419382453393407,8.528314066493853e-08,8.528314066493853e-08,True,0.018239625144070997,0.9998335589028491,257183267976062.22,1.3027960844552114e+16,CONVERGED
S1,S1_cons,Conservative Mechanical Baseline (beta -> 0),0.7217171717171718,392575.19283376355,1,2.9872160915616246,0.9508604141113688,-8.040350779048564e-05,8.040350779048564e-05,True,-0.9881870356862903,0.15377646909480205,257183267976062.22,1.3027960844552114e+16,CONVERGED
S1,S1_cons,Conservative Mechanical Baseline (beta -> 0),0.7217171717171718,392575.19283376355,2,1.5525556014339885,0.4941937967864596,-3.920628806608242e-08,3.920628806608242e-08,True,0.01823971457147557,-0.9998336817815903,257183267976062.22,1.3027960844552114e+16,CONVERGED
S1,S1_cons,Conservative Mechanical Baseline (beta -> 0),0.7217171717171718,392575.19283376355,3,2.987240370740065,0.9508681424138948,9.688549744392586e-05,9.688549744392586e-05,True,-0.9880155891321423,-0.15372522047264944,257183267976062.22,1.3027960844552114e+16,CONVERGED
S1,S1_cons,Conservative Mechanical Baseline (beta -> 0),0.7217171717171718,392575.19283376355,4,4.301085256282068e-09,1.3690779583939252e-09,3.428897444233305,3.428897444233305,False,0.03242266887371427,-1.3945266306204797e-10,257183267976062.22,1.3027960844552114e+16,CONVERGED
S1,S1_cons,Conservative Mechanical Baseline (beta -> 0),0.7393939393939394,402190.40049589204,0,1.5871441814112996,0.5052036837422964,-3.7320796272559593e-08,3.7320796272559593e-08,True,-0.016347127069125597,0.9998664141164965,269935750320404.16,2.1316885430114256e+16,CONVERGED
S1,S1_cons,Conservative Mechanical Baseline (beta -> 0),0.7393939393939394,402190.40049589204,1,2.91573380754266,0.9281068964211349,-3.2056845824189673e-06,3.2056845824189673e-06,True,-0.9746052578352312,0.22394419570428742,269935750320404.16,2.1316885430114256e+16,CONVERGED
S1,S1_cons,Conservative Mechanical Baseline (beta -> 0),0.7393939393939394,402190.40049589204,2,1.5871441580924726,0.5052036763196832,-4.643899098042826e-08,4.643899098042826e-08,True,-0.016347103902469632,-0.9998664236146687,269935750320404.16,2.1316885430114256e+16,CONVERGED
S1,S1_cons,Conservative Mechanical Baseline (beta -> 0),0.7393939393939394,402190.40049589204,3,2.9157299733906377,0.9281056759726409,1.006050381467576e-05,1.006050381467576e-05,True,-0.9745914699921651,-0.2239449615716049,269935750320404.16,2.1316885430114256e+16,CONVERGED
S1,S1_cons,Conservative Mechanical Baseline (beta -> 0),0.7393939393939394,402190.40049589204,4,8.27191741611729e-08,2.6330330912460106e-08,3.4372974266342293,3.4372974266342293,False,0.03215145969664254,-2.6595421941825115e-09,269935750320404.16,2.1316885430114256e+16,CONVERGED
S1,S1_cons,Conservative Mechanical Baseline (beta -> 0),0.7570707070707071,411805.6081580207,0,1.621567636994748,0.5161610099711167,5.366559410940278e-08,5.366559410940278e-08,True,-0.050749497866952244,0.9987113602713598,282996796012167.94,1.44061042608124e+16,CONVERGED
S1,S1_cons,Conservative Mechanical Baseline (beta -> 0),0.7570707070707071,411805.6081580207,1,2.8456826808331313,0.9058089302511784,3.0319417549339946e-06,3.0319417549339946e-06,True,-0.9565342807138358,0.2916095093685049,282996796012167.94,1.44061042608124e+16,CONVERGED
S1,S1_cons,Conservative Mechanical Baseline (beta -> 0),0.7570707070707071,411805.6081580207,2,1.6215675255551967,0.5161609744988057,1.3523798227327372e-08,1.3523798227327372e-08,True,-0.05074938860817762,-0.9987114060169234,282996796012167.94,1.44061042608124e+16,CONVERGED
S1,S1_cons,Conservative Mechanical Baseline (beta -> 0),0.7570707070707071,411805.6081580207,3,2.8456912470326907,0.9058116569571851,2.5024358973657314e-05,2.5024358973657314e-05,True,-0.9565157423393906,-0.29159490254699816,282996796012167.94,1.44061042608124e+16,CONVERGED
S1,S1_cons,Conservative Mechanical Baseline (beta -> 0),0.7570707070707071,411805.6081580207,4,1.5200755013452085e-07,4.838550598239619e-08,3.44576224589876,3.44576224589876,False,0.03188045203486861,-4.846069411001515e-09,282996796012167.94,1.44061042608124e+16,CONVERGED
S1,S1_cons,Conservative Mechanical Baseline (beta -> 0),0.7747474747474747,421420.81582014915,0,1.6558285725100312,0.5270666044555367,6.962665627347575e-08,6.962665627347575e-08,True,-0.08492980614250116,0.9963868670226913,296366405051357.1,1.5297724472311208e+16,CONVERGED
S1,S1_cons,Conservative Mechanical Baseline (beta -> 0),0.7747474747474747,421420.81582014915,1,2.7761913033204304,0.8836891377843558,-4.4293386000720466e-05,4.4293386000720466e-05,True,-0.9340217943094045,-0.3573400039891503,296366405051357.1,1.5297724472311208e+16,CONVERGED
S1,S1_cons,Conservative Mechanical Baseline (beta -> 0),0.7747474747474747,421420.81582014915,2,1.6558284769897975,0.527066574050502,-9.865631175380285e-08,9.865631175380285e-08,True,-0.08492972525961948,-0.9963870428101564,296366405051357.1,1.5297724472311208e+16,CONVERGED
S1,S1_cons,Conservative Mechanical Baseline (beta -> 0),0.7747474747474747,421420.81582014915,3,2.7761776322010996,0.8836847861319175,6.19793979848968e-05,6.19793979848968e-05,True,-0.933917653681239,0.35731479822298656,296366405051357.1,1.5297724472311208e+16,CONVERGED
S1,S1_cons,Conservative Mechanical Baseline (beta -> 0),0.7747474747474747,421420.81582014915,4,2.2278212321403253e-07,7.091375228404193e-08,3.4542873454549654,3.4542873454549654,False,0.03160982321523536,-7.042103530310466e-09,296366405051357.1,1.5297724472311208e+16,CONVERGED
S1,S1_cons,Conservative Mechanical Baseline (beta -> 0),0.7924242424242425,431036.0234822779,0,1.6899296350912232,0.5379213098045021,8.211041779202094e-08,8.211041779202094e-08,True,-0.11885169366847038,0.9929119350130272,310044577437977.75,3.0414453006267984e+16,CONVERGED
S1,S1_cons,Conservative Mechanical Baseline (beta -> 0),0.7924242424242425,431036.0234822779,1,2.7067617110731423,0.8615890121783345,-8.21339901595661e-07,8.21339901595661e-07,True,-0.9069420168289013,-0.4212574281736493,310044577437977.75,3.0414453006267984e+16,CONVERGED
S1,S1_cons,Conservative Mechanical Baseline (beta -> 0),0.7924242424242425,431036.0234822779,2,1.689929530411558,0.5379212764839298,-8.353693321903665e-09,8.353693321903665e-09,True,-0.11885160048258488,-0.9929120372772781,310044577437977.75,3.0414453006267984e+16,CONVERGED
S1,S1_cons,Conservative Mechanical Baseline (beta -> 0),0.7924242424242425,431036.0234822779,3,2.7067654440819626,0.8615902004319471,2.567093064551355e-06,2.567093064551355e-06,True,-0.9069405162679268,0.42125261515949924,310044577437977.75,3.0414453006267984e+16,CONVERGED
S1,S1_cons,Conservative Mechanical Baseline (beta -> 0),0.7924242424242425,431036.0234822779,4,1.334537635498313e-08,4.247965228634531e-09,3.462868290463156,3.462868290463156,False,0.0313397414959314,4.182406451310865e-10,310044577437977.75,3.0414453006267984e+16,CONVERGED
S1,S1_cons,Conservative Mechanical Baseline (beta -> 0),0.8101010101010101,440651.2311444063,0,1.7236054734984059,0.5486406620950363,-6.345495226982779e-05,6.345495226982779e-05,True,-0.1522248013150287,0.9884101010322296,324031313172019.94,3.587245418909617e+16,CONVERGED
S1,S1_cons,Conservative Mechanical Baseline (beta -> 0),0.8101010101010101,440651.2311444063,1,2.637629542181797,0.8395835593668917,-1.7595141886020846e-06,1.7595141886020846e-06,True,-0.8756771990504053,0.482900571647835,324031313172019.94,3.587245418909617e+16,CONVERGED
S1,S1_cons,Conservative Mechanical Baseline (beta -> 0),0.8101010101010101,440651.2311444063,2,1.7237628964291953,0.5486907713702185,-9.801175839972902e-05,9.801175839972902e-05,True,-0.1523856637139481,-0.9884202811684532,324031313172019.94,3.587245418909617e+16,CONVERGED
S1,S1_cons,Conservative Mechanical Baseline (beta -> 0),0.8101010101010101,440651.2311444063,3,2.637628791922591,0.8395833205519693,5.0756793152658735e-06,5.0756793152658735e-06,True,-0.8756708513493892,-0.48289792792051855,324031313172019.94,3.587245418909617e+16,CONVERGED
S1,S1_cons,Conservative Mechanical Baseline (beta -> 0),0.8101010101010101,440651.2311444063,4,1.0056286110084565e-05,3.201015287132653e-06,3.47151569357802,3.47151569357802,False,0.03106990250089588,3.124478289719734e-07,324031313172019.94,3.587245418909617e+16,CONVERGED
S1,S1_cons,Conservative Mechanical Baseline (beta -> 0),0.8277777777777778,450266.438806535,0,1.7572051352827158,0.5593357666134138,-7.049864013140257e-06,7.049864013140257e-06,True,-0.1853324260235254,0.9826830575987674,338326612253487.44,2.6552090172282984e+16,CONVERGED
S1,S1_cons,Conservative Mechanical Baseline (beta -> 0),0.8277777777777778,450266.438806535,1,2.5685232945584904,0.8175863575513281,1.7455223680149365e-06,1.7455223680149365e-06,True,-0.8402392208463276,0.5422126526676724,338326612253487.44,2.6552090172282984e+16,CONVERGED
S1,S1_cons,Conservative Mechanical Baseline (beta -> 0),0.8277777777777778,450266.438806535,2,2.5685206360701818,0.8175855113282172,-2.694916292006449e-06,2.694916292006449e-06,True,-0.8402415104099634,-0.5422172941091906,338326612253487.44,2.6552090172282984e+16,CONVERGED
S1,S1_cons,Conservative Mechanical Baseline (beta -> 0),0.8277777777777778,450266.438806535,3,2.55651920290528e-05,8.137653365034549e-06,3.4802019408943234,3.4802019408943234,False,0.030801190374672577,7.874383468234682e-07,338326612253487.44,2.6552090172282984e+16,CONVERGED
S1,S1_cons,Conservative Mechanical Baseline (beta -> 0),0.8277777777777778,450266.438806535,4,9.840366235307167e-07,3.132285856367441e-07,3.978374818397003,3.978374818397003,False,0.018716031584786658,1.8417260526593656e-08,338326612253487.44,2.6552090172282984e+16,CONVERGED
S1,S1_cons,Conservative Mechanical Baseline (beta -> 0),0.8454545454545455,459881.6464686634,0,1.791301149154597,0.5701888649082932,-1.263608162403946e-07,1.263608162403946e-07,True,-0.21872227774363381,0.975787281091684,352930474682382.7,1.3889861634094286e+16,CONVERGED
S1,S1_cons,Conservative Mechanical Baseline (beta -> 0),0.8454545454545455,459881.6464686634,1,2.499414276385052,0.7955882738422675,1.5322236655417465e-06,1.5322236655417465e-06,True,-0.8007917118813059,-0.5989403724408398,352930474682382.7,1.3889861634094286e+16,CONVERGED
S1,S1_cons,Conservative Mechanical Baseline (beta -> 0),0.8454545454545455,459881.6464686634,2,2.4994126167149036,0.7955877455528514,1.2729666785280104e-07,1.2729666785280104e-07,True,-0.8007918428900356,0.5989425429600717,352930474682382.7,1.3889861634094286e+16,CONVERGED
S1,S1_cons,Conservative Mechanical Baseline (beta -> 0),0.8454545454545455,459881.6464686634,3,4.1489384511236726e-08,1.3206481261607291e-08,3.48890264180856,3.48890264180856,False,0.030534360924358815,-1.2668518411956054e-09,352930474682382.7,1.3889861634094286e+16,CONVERGED
S1,S1_cons,Conservative Mechanical Baseline (beta -> 0),0.8454545454545455,459881.6464686634,4,1.7913012861850675,0.5701889085264467,-1.7499618163804454e-07,1.7499618163804454e-07,True,-0.2187224220938667,-0.9757872985778289,352930474682382.7,1.3889861634094286e+16,CONVERGED
S1,S1_cons,Conservative Mechanical Baseline (beta -> 0),0.8631313131313132,469496.85413079214,0,1.824794907182373,0.580850259213982,1.4195936817847184e-06,1.4195936817847184e-06,True,-0.25127588860276556,0.9679140398938108,367842900458706.44,4.483416426781505e+16,CONVERGED
S1,S1_cons,Conservative Mechanical Baseline (beta -> 0),0.8631313131313132,469496.85413079214,1,2.430207575089935,0.7735590966298632,1.5951327246279603e-06,1.5951327246279603e-06,True,-0.7574570996551969,-0.6528824947274791,367842900458706.44,4.483416426781505e+16,CONVERGED
S1,S1_cons,Conservative Mechanical Baseline (beta -> 0),0.8631313131313132,469496.85413079214,2,2.430207966839369,0.7735592213275808,-1.313670382791547e-06,1.313670382791547e-06,True,-0.7574595587190002,0.6528840971025673,367842900458706.44,4.483416426781505e+16,CONVERGED
S1,S1_cons,Conservative Mechanical Baseline (beta -> 0),0.8631313131313132,469496.85413079214,3,3.7750764487730376e-07,1.2016441547440543e-07,3.497665336682187,3.497665336682187,False,0.03026796650749595,-1.1426388751470447e-08,367842900458706.44,4.483416426781505e+16,CONVERGED
S1,S1_cons,Conservative Mechanical Baseline (beta -> 0),0.8631313131313132,469496.85413079214,4,1.824792664500237,0.5808495453460866,-2.3348329915640625e-06,2.3348329915640625e-06,True,-0.251274661269127,-0.9679182373945495,367842900458706.44,4.483416426781505e+16,CONVERGED
S1,S1_cons,Conservative Mechanical Baseline (beta -> 0),0.8808080808080808,479112.06179292063,0,1.8581354928773381,0.5914628972518473,3.323578435050983e-07,3.323578435050983e-07,True,-0.2834013938419911,-0.959001035063545,383063889582452.2,4.886290349124505e+16,CONVERGED
S1,S1_cons,Conservative Mechanical Baseline (beta -> 0),0.8808080808080808,479112.06179292063,1,2.3608559214814013,0.7514837796630731,2.5997780397651447e-05,2.5997780397651447e-05,True,-0.7103767481383316,0.7037846840443175,383063889582452.2,4.886290349124505e+16,CONVERGED
S1,S1_cons,Conservative Mechanical Baseline (beta -> 0),0.8808080808080808,479112.06179292063,2,2.360845583502928,0.7514804889823219,-5.285434996197122e-05,5.285434996197122e-05,True,-0.7104254887441738,-0.7038475255549935,383063889582452.2,4.886290349124505e+16,CONVERGED
S1,S1_cons,Conservative Mechanical Baseline (beta -> 0),0.8808080808080808,479112.06179292063,3,1.4017880431265071e-08,4.462029924613972e-09,3.5064639638214343,3.5064639638214343,False,0.0300028181373131,4.205759172498461e-10,383063889582452.2,4.886290349124505e+16,CONVERGED
S1,S1_cons,Conservative Mechanical Baseline (beta -> 0),0.8808080808080808,479112.06179292063,4,1.8581355875060852,0.591462927373113,3.308858945429662e-07,3.308858945429662e-07,True,-0.28340148500820883,0.9590010096572223,383063889582452.2,4.886290349124505e+16,CONVERGED
S1,S1_cons,Conservative Mechanical Baseline (beta -> 0),0.8984848484848484,488727.2694550492,0,1.8913373582863702,0.6020313792512858,-1.6708133325670816e-07,1.6708133325670816e-07,True,-0.31508013344988595,0.9490652473186048,398593442053630.06,1.680795284316472e+16,CONVERGED
S1,S1_cons,Conservative Mechanical Baseline (beta -> 0),0.8984848484848484,488727.2694550492,1,2.2912835178894886,0.7293381957941987,1.001245465197569e-05,1.001245465197569e-05,True,-0.6597442610663425,0.7514768694252797,398593442053630.06,1.680795284316472e+16,CONVERGED
S1,S1_cons,Conservative Mechanical Baseline (beta -> 0),0.8984848484848484,488727.2694550492,2,2.2912872067267678,0.7293393699875731,-2.27706603697537e-05,2.27706603697537e-05,True,-0.6597686620551464,-0.7514990718076259,398593442053630.06,1.680795284316472e+16,CONVERGED
S1,S1_cons,Conservative Mechanical Baseline (beta -> 0),0.8984848484848484,488727.2694550492,3,1.4439998614288953e-07,4.596394315408412e-08,3.51529546771498,3.51529546771498,False,0.029739014737113843,4.294313315942456e-09,398593442053630.06,1.680795284316472e+16,CONVERGED
S1,S1_cons,Conservative Mechanical Baseline (beta -> 0),0.8984848484848484,488727.2694550492,4,1.8913377841677201,0.6020315148135299,-4.2085027237903374e-07,4.2085027237903374e-07,True,-0.31508061759671013,-0.9490653539750435,398593442053630.06,1.680795284316472e+16,CONVERGED
S1,S1_cons,Conservative Mechanical Baseline (beta -> 0),0.9161616161616162,498342.4771171778,0,1.9243999049635523,0.612555514721046,-7.038989212456399e-08,7.038989212456399e-08,True,-0.34628070110941506,0.938131023268587,414431557872229.5,2.6524961741130176e+17,CONVERGED
S1,S1_cons,Conservative Mechanical Baseline (beta -> 0),0.9161616161616162,498342.4771171778,1,2.2214828877789903,0.707119965168169,3.0809010106162233e-06,3.0809010106162233e-06,True,-0.6057309569371245,-0.7956656622130919,414431557872229.5,2.6524961741130176e+17,CONVERGED
S1,S1_cons,Conservative Mechanical Baseline (beta -> 0),0.9161616161616162,498342.4771171778,2,2.2214817026464724,0.7071195879287722,-1.6801127000616015e-06,1.6801127000616015e-06,True,-0.605732897863216,0.7956701682715498,414431557872229.5,2.6524961741130176e+17,CONVERGED
S1,S1_cons,Conservative Mechanical Baseline (beta -> 0),0.9161616161616162,498342.4771171778,3,2.4879260107063366e-07,7.919314453016264e-08,3.5241562123530117,3.5241562123530117,False,0.02947666892780889,-7.333577133447651e-09,414431557872229.5,2.6524961741130176e+17,CONVERGED
S1,S1_cons,Conservative Mechanical Baseline (beta -> 0),0.9161616161616162,498342.4771171778,4,1.924400783292614,0.6125557943018696,-8.832491816295589e-07,8.832491816295589e-07,True,-0.34628180657529184,-0.9381314816884015,414431557872229.5,2.6524961741130176e+17,CONVERGED
S1,S1_cons,Conservative Mechanical Baseline (beta -> 0),0.9338383838383838,507957.6847793063,0,1.957327833675952,0.6230367999617579,-4.210251262993308e-07,4.210251262993308e-07,True,-0.3769782526475112,0.926222564549923,430578237038252.0,1.7135469515691858e+16,CONVERGED
S1,S1_cons,Conservative Mechanical Baseline (beta -> 0),0.9338383838383838,507957.6847793063,1,2.1513573330479905,0.6847983078231693,1.3761668548713545e-05,1.3761668548713545e-05,True,-0.5484855631766382,0.8361435666370173,430578237038252.0,1.7135469515691858e+16,CONVERGED
S1,S1_cons,Conservative Mechanical Baseline (beta -> 0),0.9338383838383838,507957.6847793063,2,2.151343326494183,0.6847938493986211,-2.4745423675178885e-05,2.4745423675178885e-05,True,-0.5484949721728097,-0.8361834473207367,430578237038252.0,1.7135469515691858e+16,CONVERGED
S1,S1_cons,Conservative Mechanical Baseline (beta -> 0),0.9338383838383838,507957.6847793063,3,3.7165169175906612e-06,1.183004077038416e-06,3.533043138957081,3.533043138957081,False,0.029215872490131214,1.0858128437224418e-07,430578237038252.0,1.7135469515691858e+16,CONVERGED
S1,S1_cons,Conservative Mechanical Baseline (beta -> 0),0.9338383838383838,507957.6847793063,4,1.957323791673542,0.6230355133524308,-2.2146195153270785e-06,2.2146195153270785e-06,True,-0.3769751849905636,-0.9262257495611802,430578237038252.0,1.7135469515691858e+16,CONVERGED
S1,S1_cons,Conservative Mechanical Baseline (beta -> 0),0.9515151515151515,517572.89244143496,0,1.9898987632028904,0.6334044488323779,3.4922231690168104e-05,3.4922231690168104e-05,True,-0.4069265225000265,0.9134226640836776,447033479551704.44,1.6471469378083346e+16,CONVERGED
S1,S1_cons,Conservative Mechanical Baseline (beta -> 0),0.9515151515151515,517572.89244143496,1,2.0807726152213215,0.6623304943254473,4.464040037669944e-06,4.464040037669944e-06,True,-0.4881543734545365,0.872752186841711,447033479551704.44,1.6471469378083346e+16,CONVERGED
S1,S1_cons,Conservative Mechanical Baseline (beta -> 0),0.9515151515151515,517572.89244143496,2,2.0807698817986555,0.6623296242499896,-7.67902569008011e-06,7.67902569008011e-06,True,-0.4881579155497671,-0.872764119138397,447033479551704.44,1.6471469378083346e+16,CONVERGED
S1,S1_cons,Conservative Mechanical Baseline (beta -> 0),0.9515151515151515,517572.89244143496,3,5.1848883770124135e-05,1.6504012291624807e-05,3.5419564718295775,3.5419564718295775,False,0.028956618778306648,1.5013683627575949e-06,447033479551704.44,1.6471469378083346e+16,CONVERGED
S1,S1_cons,Conservative Mechanical Baseline (beta -> 0),0.9515151515151515,517572.89244143496,4,1.9901215618474388,0.633475367843566,-7.794767035694782e-06,7.794767035694782e-06,True,-0.40714741347411815,-0.9133709943702637,447033479551704.44,1.6471469378083346e+16,CONVERGED
S1,S1_cons,Conservative Mechanical Baseline (beta -> 0),0.9691919191919192,527188.1001035634,0,2.009708655894165,0.6397101335202506,9.179850469191924e-05,9.179850469191924e-05,True,-0.4249161327983861,-0.9051313164017584,463797285412582.5,3.0310143858316784e+16,CONVERGED
S1,S1_cons,Conservative Mechanical Baseline (beta -> 0),0.9691919191919192,527188.1001035634,1,2.022787563756438,0.6438732791932991,1.8353849271780555e-07,1.8353849271780555e-07,True,-0.4367575939923818,-0.8995790332222443,463797285412582.5,3.0310143858316784e+16,CONVERGED
S1,S1_cons,Conservative Mechanical Baseline (beta -> 0),0.9691919191919192,527188.1001035634,2,2.022790996590451,0.643874371898303,-1.3645368982702616e-06,1.3645368982702616e-06,True,-0.43676135823429807,0.8995789265155402,463797285412582.5,3.0310143858316784e+16,CONVERGED
S1,S1_cons,Conservative Mechanical Baseline (beta -> 0),0.9691919191919192,527188.1001035634,3,1.8488874943795353e-06,5.885191679025838e-07,3.550890292024446,3.550890292024446,False,0.028699077717083906,-5.306136589140328e-08,463797285412582.5,3.0310143858316784e+16,CONVERGED
S1,S1_cons,Conservative Mechanical Baseline (beta -> 0),0.9691919191919192,527188.1001035634,4,2.0097209938193257,0.6397140608038042,-8.729916211619574e-05,8.729916211619574e-05,True,-0.4250034105119026,0.9052881942346637,463797285412582.5,3.0310143858316784e+16,CONVERGED
S1,S1_cons,Conservative Mechanical Baseline (beta -> 0),0.9868686868686869,536803.3077656921,0,1.9381170260923661,0.616921809986328,6.78169095596316e-06,6.78169095596316e-06,True,-0.3591137162801434,0.9332865452204564,480869654620889.75,1.612429682322555e+16,CONVERGED
S1,S1_cons,Conservative Mechanical Baseline (beta -> 0),0.9868686868686869,536803.3077656921,1,2.0553279208357464,0.6542311965515936,-6.120728978504549e-07,6.120728978504549e-07,True,-0.4657942064016531,-0.8848937684429692,480869654620889.75,1.612429682322555e+16,CONVERGED
S1,S1_cons,Conservative Mechanical Baseline (beta -> 0),0.9868686868686869,536803.3077656921,2,2.0553316768395806,0.6542323921247466,-1.124228483879632e-05,1.124228483879632e-05,True,-0.46580248161553894,0.8849014255516051,480869654620889.75,1.612429682322555e+16,CONVERGED
S1,S1_cons,Conservative Mechanical Baseline (beta -> 0),0.9868686868686869,536803.3077656921,3,1.0152904301191069e-05,3.231769812547048e-06,3.5598398477733806,3.5598398477733806,False,0.028443379618548353,2.8878291127949265e-07,480869654620889.75,1.612429682322555e+16,CONVERGED
S1,S1_cons,Conservative Mechanical Baseline (beta -> 0),0.9868686868686869,536803.3077656921,4,1.938109923811678,0.6169195492601705,5.085514431663529e-06,5.085514431663529e-06,True,-0.35910769691760813,-0.9332906787477269,480869654620889.75,1.612429682322555e+16,CONVERGED
S1,S1_cons,Conservative Mechanical Baseline (beta -> 0),1.0045454545454544,546418.5154278205,0,1.8658606654720404,0.5939218960612171,7.31014333681065e-06,7.31014333681065e-06,True,-0.29079928311376013,0.9567764403248679,498250587176617.1,2.3934920088431856e+16,CONVERGED
S1,S1_cons,Conservative Mechanical Baseline (beta -> 0),1.0045454545454544,546418.5154278205,1,2.0877449496975053,0.6645498573189967,5.607765404362595e-08,5.607765404362595e-08,True,-0.4942297574688353,0.8693312571609251,498250587176617.1,2.3934920088431856e+16,CONVERGED
S1,S1_cons,Conservative Mechanical Baseline (beta -> 0),1.0045454545454544,546418.5154278205,2,2.087743228426349,0.6645493094213709,4.441537952960306e-08,4.441537952960306e-08,True,-0.49422826687711074,-0.869332118001453,498250587176617.1,2.3934920088431856e+16,CONVERGED
S1,S1_cons,Conservative Mechanical Baseline (beta -> 0),1.0045454545454544,546418.5154278205,3,5.4248032150622845e-06,1.7267684939559375e-06,3.568801253470992,3.568801253470992,False,0.02818962564972747,-1.5292317185754392e-07,498250587176617.1,2.3934920088431856e+16,CONVERGED
S1,S1_cons,Conservative Mechanical Baseline (beta -> 0),1.0045454545454544,546418.5154278205,4,1.865855191495587,0.5939201536403953,-2.0732472562642516e-06,2.0732472562642516e-06,True,-0.2907967743846131,-0.9567870100030694,498250587176617.1,2.3934920088431856e+16,CONVERGED
S1,S1_cons,Conservative Mechanical Baseline (beta -> 0),1.0222222222222221,556033.7230899491,0,1.7928224618280335,0.5706731137722247,4.002967919297139e-05,4.002967919297139e-05,True,-0.22019765918025339,0.9754142375103082,515940083079775.8,4.564775623082885e+16,CONVERGED
S1,S1_cons,Conservative Mechanical Baseline (beta -> 0),1.0222222222222221,556033.7230899491,1,2.1200430197290996,0.6748306523147096,-1.4119048376504666e-07,1.4119048376504666e-07,True,-0.5220449416478835,-0.85291814453725,515940083079775.8,4.564775623082885e+16,CONVERGED
S1,S1_cons,Conservative Mechanical Baseline (beta -> 0),1.0222222222222221,556033.7230899491,2,2.1200424763809846,0.674830479361633,1.6396560571168028e-07,1.6396560571168028e-07,True,-0.5220443189113134,0.8529181679160465,515940083079775.8,4.564775623082885e+16,CONVERGED
S1,S1_cons,Conservative Mechanical Baseline (beta -> 0),1.0222222222222221,556033.7230899491,3,9.360678132306745e-07,2.9795963908976587e-07,3.5777784751893993,3.5777784751893993,False,0.027937693647175806,2.6151575799028002e-08,515940083079775.8,4.564775623082885e+16,CONVERGED
S1,S1_cons,Conservative Mechanical Baseline (beta -> 0),1.0222222222222221,556033.7230899491,4,1.7927925349046865,0.5706635877366604,-4.592417982862277e-05,4.592417982862277e-05,True,-0.22018739307732005,-0.9755046716995571,515940083079775.8,4.564775623082885e+16,CONVERGED
S1,S1_cons,Conservative Mechanical Baseline (beta -> 0),1.0398989898989899,565648.9307520777,0,1.7188375800649365,0.5471229944788921,-1.2879891564915828e-06,1.2879891564915828e-06,True,-0.14750128490268902,-0.9890631663011653,533938142330357.6,2.0333653679733116e+16,CONVERGED
S1,S1_cons,Conservative Mechanical Baseline (beta -> 0),1.0398989898989899,565648.9307520777,1,2.152225922566477,0.6850747884539392,8.80381237684505e-08,8.80381237684505e-08,True,-0.5492191314894939,0.8356782691500922,533938142330357.6,2.0333653679733116e+16,CONVERGED
S1,S1_cons,Conservative Mechanical Baseline (beta -> 0),1.0398989898989899,565648.9307520777,2,2.1522258123942515,0.6850747533850307,2.0047216239075552e-07,2.0047216239075552e-07,True,-0.5492189776700444,-0.835678235700097,533938142330357.6,2.0333653679733116e+16,CONVERGED
S1,S1_cons,Conservative Mechanical Baseline (beta -> 0),1.0398989898989899,565648.9307520777,3,3.5382887835221456e-07,1.1262722999683173e-07,3.5867678614530636,3.5867678614530636,False,0.027687676362285422,9.796699471446984e-09,533938142330357.6,2.0333653679733116e+16,CONVERGED
S1,S1_cons,Conservative Mechanical Baseline (beta -> 0),1.0398989898989899,565648.9307520777,4,1.718834895123387,0.5471221398354531,-2.9458798277488366e-06,2.9458798277488366e-06,True,-0.14749887386217123,0.9890652020905413,533938142330357.6,2.0333653679733116e+16,CONVERGED
S1,S1_cons,Conservative Mechanical Baseline (beta -> 0),1.0575757575757576,575264.1384142063,0,1.643931603519845,0.5232796816103383,4.3243588569438276e-05,4.3243588569438276e-05,True,-0.07306693713424486,0.9972836804343033,552244764928369.25,3.3365836920996936e+16,CONVERGED
S1,S1_cons,Conservative Mechanical Baseline (beta -> 0),1.0575757575757576,575264.1384142063,1,2.184297142138781,0.6952833747057747,-8.356621977055946e-08,8.356621977055946e-08,True,-0.5757334282640523,0.8176375643962152,552244764928369.25,3.3365836920996936e+16,CONVERGED
S1,S1_cons,Conservative Mechanical Baseline (beta -> 0),1.0575757575757576,575264.1384142063,2,2.1842972791604356,0.695283418321122,-5.4133866396365525e-08,5.4133866396365525e-08,True,-0.575733523352906,-0.8176374614432655,552244764928369.25,3.3365836920996936e+16,CONVERGED
S1,S1_cons,Conservative Mechanical Baseline (beta -> 0),1.0575757575757576,575264.1384142063,3,6.221427020154006e-07,1.9803417266859815e-07,3.595766083654419,3.595766083654419,False,0.027439654051553186,-1.7071380514003336e-08,552244764928369.25,3.3365836920996936e+16,CONVERGED
S1,S1_cons,Conservative Mechanical Baseline (beta -> 0),1.0575757575757576,575264.1384142063,4,1.643930911271218,0.5232794612607566,-6.082209115454321e-06,6.082209115454321e-06,True,-0.07306985090576221,-0.9973329240433344,552244764928369.25,3.3365836920996936e+16,CONVERGED
S1,S1_cons,Conservative Mechanical Baseline (beta -> 0),1.0752525252525253,584879.3460763348,0,1.5675335305562557,0.49896141970063734,8.496429397298652e-07,8.496429397298652e-07,True,0.0032627876772377,0.9999938274470186,570859950873807.8,2.0803252050024936e+16,CONVERGED
S1,S1_cons,Conservative Mechanical Baseline (beta -> 0),1.0752525252525253,584879.3460763348,1,2.216260745032614,0.7054577055049345,1.5906720298067862e-07,1.5906720298067862e-07,True,-0.6015693944817249,-0.7988203461908914,570859950873807.8,2.0803252050024936e+16,CONVERGED
S1,S1_cons,Conservative Mechanical Baseline (beta -> 0),1.0752525252525253,584879.3460763348,2,2.216260831710447,0.7054577330953457,2.5414405232429843e-07,2.5414405232429843e-07,True,-0.6015694065264124,0.7988202180988438,570859950873807.8,2.0803252050024936e+16,CONVERGED
S1,S1_cons,Conservative Mechanical Baseline (beta -> 0),1.0752525252525253,584879.3460763348,3,2.3874539870865224e-06,7.599502068985483e-07,3.6047578314287296,3.6047578314287296,False,0.02719402955491928,6.492449428596412e-08,570859950873807.8,2.0803252050024936e+16,CONVERGED
S1,S1_cons,Conservative Mechanical Baseline (beta -> 0),1.0752525252525253,584879.3460763348,4,1.5675352848267652,0.49896197810228354,-7.464084703440541e-07,7.464084703440541e-07,True,0.003261038622332594,-0.9999954292121332,570859950873807.8,2.0803252050024936e+16,CONVERGED
S1,S1_cons,Conservative Mechanical Baseline (beta -> 0),1.0929292929292929,594494.5537384634,0,1.4897551239251308,0.47420378393832735,1.69831149909745e-05,1.69831149909745e-05,True,0.08095114844660618,-0.9967010313589725,589783700166661.9,7.684201537348765e+16,CONVERGED
S1,S1_cons,Conservative Mechanical Baseline (beta -> 0),1.0929292929292929,594494.5537384634,1,2.2481201321203312,0.7155988633827111,-9.221359794478764e-08,9.221359794478764e-08,True,-0.6267098966124667,0.7792527766490179,589783700166661.9,7.684201537348765e+16,CONVERGED
S1,S1_cons,Conservative Mechanical Baseline (beta -> 0),1.0929292929292929,594494.5537384634,2,2.2481202011915564,0.7155988853687649,-1.1151056871093674e-08,1.1151056871093674e-08,True,-0.6267098996337103,-0.7792526701931914,589783700166661.9,7.684201537348765e+16,CONVERGED
S1,S1_cons,Conservative Mechanical Baseline (beta -> 0),1.0929292929292929,594494.5537384634,3,4.3349182732582685e-07,1.3798473421768738e-07,3.613780599217518,3.613780599217518,False,0.026949767756937217,1.1682504070962096e-08,589783700166661.9,7.684201537348765e+16,CONVERGED
S1,S1_cons,Conservative Mechanical Baseline (beta -> 0),1.0929292929292929,594494.5537384634,4,1.4897598814966717,0.47420529832038305,-1.2829705246683633e-05,1.2829705246683633e-05,True,0.08094881984586942,0.9967311314016734,589783700166661.9,7.684201537348765e+16,CONVERGED
S1,S1_cons,Conservative Mechanical Baseline (beta -> 0),1.1106060606060606,604109.761400592,0,1.4102974524671377,0.44891162158010456,0.0003332960848625111,0.0003332960848625111,True,0.1597574337143503,-0.9868187231333232,609016012806949.0,6363538433582923.0,CONVERGED
S1,S1_cons,Conservative Mechanical Baseline (beta -> 0),1.1106060606060606,604109.761400592,1,2.2798798935808615,0.7257083094384369,7.544972210024256e-09,7.544972210024256e-09,True,-0.6511385044733565,0.758958913843336,609016012806949.0,6363538433582923.0,CONVERGED
S1,S1_cons,Conservative Mechanical Baseline (beta -> 0),1.1106060606060606,604109.761400592,2,3.7381303898810543e-07,1.1898838589432075e-07,3.622790413614672,3.622790413614672,False,0.02670804592102078,9.983815811171117e-09,609016012806949.0,6363538433582923.0,CONVERGED
S1,S1_cons,Conservative Mechanical Baseline (beta -> 0),1.1106060606060606,604109.761400592,3,0.0005584664235535894,0.0001777653837188117,4.281612679328811,4.281612679328811,False,0.01382035414717059,7.71820455521115e-06,609016012806949.0,6363538433582923.0,CONVERGED
S1,S1_cons,Conservative Mechanical Baseline (beta -> 0),1.1106060606060606,604109.761400592,4,2.2798797081892546,0.7257082504264556,-1.1381209918983492e-07,1.1381209918983492e-07,True,-0.6511384427889823,-0.7589591266639881,609016012806949.0,6363538433582923.0,CONVERGED
S1,S1_cons,Conservative Mechanical Baseline (beta -> 0),1.1282828282828283,613724.9690627207,0,1.3286622835859598,0.4229263402649423,-2.850865242949358e-06,2.850865242949358e-06,True,0.23977564436430057,-0.970831263462619,628556888794663.8,2.600852985853838e+16,CONVERGED
S1,S1_cons,Conservative Mechanical Baseline (beta -> 0),1.1282828282828283,613724.9690627207,1,2.3115433921165645,0.735787114053517,7.352391512089478e-08,7.352391512089478e-08,True,-0.6748393580491077,0.7379645613307246,628556888794663.8,2.600852985853838e+16,CONVERGED
S1,S1_cons,Conservative Mechanical Baseline (beta -> 0),1.1282828282828283,613724.9690627207,2,6.891233310806618e-07,2.1935476908288017e-07,3.631804785467303,3.631804785467303,False,0.026468371543578832,-1.823997236639453e-08,628556888794663.8,2.600852985853838e+16,CONVERGED
S1,S1_cons,Conservative Mechanical Baseline (beta -> 0),1.1282828282828283,613724.9690627207,3,1.3286610190718477,0.4229259377575992,4.26599212812364e-06,4.26599212812364e-06,True,0.23977516554221526,0.9708240510212673,628556888794663.8,2.600852985853838e+16,CONVERGED
S1,S1_cons,Conservative Mechanical Baseline (beta -> 0),1.1282828282828283,613724.9690627207,4,2.311543356327405,0.7357871026614737,-1.0935038495544573e-07,1.0935038495544573e-07,True,-0.6748394550487575,-0.737964720437427,628556888794663.8,2.600852985853838e+16,CONVERGED
S1,S1_cons,Conservative Mechanical Baseline (beta -> 0),1.145959595959596,623340.1767248492,0,1.2445201619791177,0.39614307111300573,-9.741346244051326e-06,9.741346244051326e-06,True,0.3205210063217606,-0.9472516916790188,648406328129803.9,2.6578719234164656e+16,CONVERGED
S1,S1_cons,Conservative Mechanical Baseline (beta -> 0),1.145959595959596,623340.1767248492,1,2.343115386032523,0.7458367918435012,3.292269120106222e-09,3.292269120106222e-09,True,-0.6977982402886139,-0.7162943593702072,648406328129803.9,2.6578719234164656e+16,CONVERGED
S1,S1_cons,Conservative Mechanical Baseline (beta -> 0),1.145959595959596,623340.1767248492,2,1.9153645040385975e-06,6.096794572809986e-07,3.640817359851902,3.640817359851902,False,0.026230895120570513,-5.0241725423161444e-08,648406328129803.9,2.6578719234164656e+16,CONVERGED
S1,S1_cons,Conservative Mechanical Baseline (beta -> 0),1.145959595959596,623340.1767248492,3,1.244518460256226,0.3961425294377857,1.2509805207472501e-05,1.2509805207472501e-05,True,0.3205154863632085,0.9472300690454927,648406328129803.9,2.6578719234164656e+16,CONVERGED
S1,S1_cons,Conservative Mechanical Baseline (beta -> 0),1.145959595959596,623340.1767248492,4,2.343115528770947,0.7458368372785527,-4.268889813931254e-08,4.268889813931254e-08,True,-0.697798374616918,0.7162942927036257,648406328129803.9,2.6578719234164656e+16,CONVERGED
S1,S1_cons,Conservative Mechanical Baseline (beta -> 0),1.1636363636363636,632955.3843869776,0,1.1571927611500457,0.3683458960943775,1.7865123546809657e-06,1.7865123546809657e-06,True,0.4019109197966428,-0.9156768204611769,668564330812376.6,2.314719162658915e+16,CONVERGED
S1,S1_cons,Conservative Mechanical Baseline (beta -> 0),1.1636363636363636,632955.3843869776,1,2.374600250362184,0.7558587354247877,-1.0925337897376521e-07,1.0925337897376521e-07,True,-0.7200011922361869,0.6939729833972295,668564330812376.6,2.314719162658915e+16,CONVERGED
S1,S1_cons,Conservative Mechanical Baseline (beta -> 0),1.1636363636363636,632955.3843869776,2,1.2695362245551202e-05,4.041059311443397e-06,3.6498289041112306,3.6498289041112306,False,0.025995576132390275,3.3002325580022965e-07,668564330812376.6,2.314719162658915e+16,CONVERGED
S1,S1_cons,Conservative Mechanical Baseline (beta -> 0),1.1636363636363636,632955.3843869776,3,1.1571890914286624,0.3683447279857817,2.7888979517756374e-06,2.7888979517756374e-06,True,0.40191387719986116,0.9156744276945967,668564330812376.6,2.314719162658915e+16,CONVERGED
S1,S1_cons,Conservative Mechanical Baseline (beta -> 0),1.1636363636363636,632955.3843869776,4,2.3746004878918936,0.7558588110328425,-2.31923695221934e-07,2.31923695221934e-07,True,-0.7200014453981675,-0.6939728975054053,668564330812376.6,2.314719162658915e+16,CONVERGED
S1,S1_cons,Conservative Mechanical Baseline (beta -> 0),1.1813131313131313,642570.5920491063,0,1.0659652130248471,0.3393072656338193,-1.25575430844006e-05,1.25575430844006e-05,True,0.48366570212217286,0.8752671614954035,689030896842364.1,2.475053116607613e+16,CONVERGED
S1,S1_cons,Conservative Mechanical Baseline (beta -> 0),1.1813131313131313,642570.5920491063,1,2.406506024489447,0.7660146587558425,0.00030805366848219037,0.00030805366848219037,True,-0.741544187660686,0.6704448524411553,689030896842364.1,2.475053116607613e+16,CONVERGED
S1,S1_cons,Conservative Mechanical Baseline (beta -> 0),1.1813131313131313,642570.5920491063,2,0.00015405469670542508,4.903713297438225e-05,3.658537922709056,3.658537922709056,False,0.025770162860275815,-3.9700146548957874e-06,689030896842364.1,2.475053116607613e+16,CONVERGED
S1,S1_cons,Conservative Mechanical Baseline (beta -> 0),1.1813131313131313,642570.5920491063,3,1.065965532311338,0.33930736726586586,1.5789455174333592e-05,1.5789455174333592e-05,True,0.4836517123925971,-0.8752425050738615,689030896842364.1,2.475053116607613e+16,CONVERGED
S1,S1_cons,Conservative Mechanical Baseline (beta -> 0),1.1813131313131313,642570.5920491063,4,2.4062351057766,0.7659284226511911,3.513499028153973e-05,3.513499028153973e-05,True,-0.7415648836856935,-0.6708287827549874,689030896842364.1,2.475053116607613e+16,CONVERGED
S1,S1_cons,Conservative Mechanical Baseline (beta -> 0),1.198989898989899,652185.7997112349,0,0.9696037666581101,0.3086344646083178,-1.1273393786987375e-05,1.1273393786987375e-05,True,0.5656327105627612,-0.8246709548560434,709806026219775.9,1.2159683623423106e+16,CONVERGED
S1,S1_cons,Conservative Mechanical Baseline (beta -> 0),1.198989898989899,652185.7997112349,1,2.437329213843848,0.7758259846510633,1.4879345428677985e-07,1.4879345428677985e-07,True,-0.7620885476921017,-0.6474725846626087,709806026219775.9,1.2159683623423106e+16,CONVERGED
S1,S1_cons,Conservative Mechanical Baseline (beta -> 0),1.198989898989899,652185.7997112349,2,2.905687530004336e-06,9.2490906696134e-07,3.6678317544887373,3.6678317544887373,False,0.025531769117602843,7.418734314417717e-08,709806026219775.9,1.2159683623423106e+16,CONVERGED
S1,S1_cons,Conservative Mechanical Baseline (beta -> 0),1.198989898989899,652185.7997112349,3,0.9696089613106408,0.3086361181175736,1.0477871311925244e-05,1.0477871311925244e-05,True,0.5656161236760142,0.8246559556049213,709806026219775.9,1.2159683623423106e+16,CONVERGED
S1,S1_cons,Conservative Mechanical Baseline (beta -> 0),1.198989898989899,652185.7997112349,4,2.4373293065564003,0.7758260141623853,4.569665169542571e-08,4.569665169542571e-08,True,-0.7620886862898371,0.647472580759781,709806026219775.9,1.2159683623423106e+16,CONVERGED
S1,S1_cons,Conservative Mechanical Baseline (beta -> 0),1.2166666666666666,661801.0073733634,0,0.8664071781253524,0.2757859702579002,-4.091605684271952e-06,4.091605684271952e-06,True,0.6475711268316819,0.7620103798104044,730889718944623.2,5.58435452950616e+16,CONVERGED
S1,S1_cons,Conservative Mechanical Baseline (beta -> 0),1.2166666666666666,661801.0073733634,1,0.00022150998825589828,7.050881915030779e-05,3.676826635811294,3.676826635811294,False,0.02530314303468639,-5.604899008121949e-06,730889718944623.2,5.58435452950616e+16,CONVERGED
S1,S1_cons,Conservative Mechanical Baseline (beta -> 0),1.2166666666666666,661801.0073733634,2,8.029677346886625e-06,2.555925682380044e-06,4.388644118727238,4.388644118727238,False,0.012417554540552517,9.970895640014663e-08,730889718944623.2,5.58435452950616e+16,CONVERGED
S1,S1_cons,Conservative Mechanical Baseline (beta -> 0),1.2166666666666666,661801.0073733634,3,0.8664069269708236,0.2757858903129307,-1.3838863904853325e-06,1.3838863904853325e-06,True,0.6475695647750409,-0.7620081538629855,730889718944623.2,5.58435452950616e+16,CONVERGED
S1,S1_cons,Conservative Mechanical Baseline (beta -> 0),1.2166666666666666,661801.0073733634,4,2.468753304153646,0.7858285832610041,0.00018034379433185866,0.00018034379433185866,True,-0.7819142863864947,-0.6230966427417045,730889718944623.2,5.58435452950616e+16,CONVERGED
S1,S1_cons,Conservative Mechanical Baseline (beta -> 0),1.2343434343434343,671416.215035492,0,0.7535107653446266,0.2398499259551091,-7.96194542202916e-06,7.96194542202916e-06,True,0.7292970974529263,-0.6842087895258047,752281975016894.2,2.8295417623691656e+16,CONVERGED
S1,S1_cons,Conservative Mechanical Baseline (beta -> 0),1.2343434343434343,671416.215035492,1,0.0001454825481771478,4.630853335199576e-05,3.685911142899137,3.685911142899137,False,0.025074317759965662,-3.647875667259289e-06,752281975016894.2,2.8295417623691656e+16,CONVERGED
S1,S1_cons,Conservative Mechanical Baseline (beta -> 0),1.2343434343434343,671416.215035492,2,2.6819787209113475e-07,8.537003414006396e-08,4.406178904733626,4.406178904733626,False,0.012201713274901382,-3.27247353619478e-09,752281975016894.2,2.8295417623691656e+16,CONVERGED
S1,S1_cons,Conservative Mechanical Baseline (beta -> 0),1.2343434343434343,671416.215035492,3,0.7535122282206987,0.23985039160302513,3.884540104744574e-06,3.884540104744574e-06,True,0.7292874569950012,0.6842017509621954,752281975016894.2,2.8295417623691656e+16,CONVERGED
S1,S1_cons,Conservative Mechanical Baseline (beta -> 0),1.2343434343434343,671416.215035492,4,2.499883444576929,0.7957376147160249,0.0002334745430814022,0.0002334745430814022,True,-0.8008868464107641,-0.5984257841736231,752281975016894.2,2.8295417623691656e+16,CONVERGED
S1,S1_cons,Conservative Mechanical Baseline (beta -> 0),1.252020202020202,681031.4226976206,0,0.6256197540631598,0.19914095271017554,-4.997718507666054e-06,4.997718507666054e-06,True,0.8106043985351894,0.5856026849002434,773982794436585.9,1.1066405074106034e+16,CONVERGED
S1,S1_cons,Conservative Mechanical Baseline (beta -> 0),1.252020202020202,681031.4226976206,1,8.092625910855571e-07,2.575962832612432e-07,3.6948058926012757,3.6948058926012757,False,0.02485227720520465,-2.0112018245464832e-08,773982794436585.9,1.1066405074106034e+16,CONVERGED
S1,S1_cons,Conservative Mechanical Baseline (beta -> 0),1.252020202020202,681031.4226976206,2,2.5309011070436305,0.8056108433254878,-5.737024502849708e-08,5.737024502849708e-08,True,-0.8192517043714411,0.5734341807260755,773982794436585.9,1.1066405074106034e+16,CONVERGED
S1,S1_cons,Conservative Mechanical Baseline (beta -> 0),1.252020202020202,681031.4226976206,3,0.6256235748150714,0.19914216889328162,1.3091568874991886e-05,1.3091568874991886e-05,True,0.8105874980038729,-0.5855951889188015,773982794436585.9,1.1066405074106034e+16,CONVERGED
S1,S1_cons,Conservative Mechanical Baseline (beta -> 0),1.252020202020202,681031.4226976206,4,2.5309009515916503,0.8056107938435857,2.1813378421258336e-08,2.1813378421258336e-08,True,-0.8192515503586436,-0.5734342626737636,773982794436585.9,1.1066405074106034e+16,CONVERGED
S1,S1_cons,Conservative Mechanical Baseline (beta -> 0),1.2696969696969698,690646.6303597492,0,0.470658786833662,0.14981534486842396,-6.698201670999598e-06,6.698201670999598e-06,True,0.891275709149054,0.453476577977215,795992177203707.6,1.2999402050803708e+16,CONVERGED
S1,S1_cons,Conservative Mechanical Baseline (beta -> 0),1.2696969696969698,690646.6303597492,1,3.3072421965316475e-06,1.0527278871602185e-06,4.440956818935693,4.440956818935693,False,0.011784657340230863,3.8974716027420024e-08,795992177203707.6,1.2999402050803708e+16,CONVERGED
S1,S1_cons,Conservative Mechanical Baseline (beta -> 0),1.2696969696969698,690646.6303597492,2,2.5619123685106877,0.8154820344334827,0.0003357058630399142,0.0003357058630399142,True,-0.8363570015088527,-0.5475726249982351,795992177203707.6,1.2999402050803708e+16,CONVERGED
S1,S1_cons,Conservative Mechanical Baseline (beta -> 0),1.2696969696969698,690646.6303597492,3,0.47066301125758847,0.14981668954432317,4.329977355687475e-06,4.329977355687475e-06,True,0.8912639643910375,-0.4534753420647669,795992177203707.6,1.2999402050803708e+16,CONVERGED
S1,S1_cons,Conservative Mechanical Baseline (beta -> 0),1.2696969696969698,690646.6303597492,4,7.243814489782246e-05,2.3057777657790806e-05,3.703858970698934,3.703858970698934,False,0.024628302892044353,1.784028576601804e-06,795992177203707.6,1.2999402050803708e+16,CONVERGED
S1,S1_cons,Conservative Mechanical Baseline (beta -> 0),1.2873737373737373,700261.8380218776,0,0.24081807919623338,0.07665477537995213,-2.851003546202529e-05,2.851003546202529e-05,True,0.971170877985944,0.23850397784651264,818310123318272.0,2.259511463928327e+16,CONVERGED
S1,S1_cons,Conservative Mechanical Baseline (beta -> 0),1.2873737373737373,700261.8380218776,1,5.46294698617009e-06,1.7389100333958836e-06,4.458186743238087,4.458186743238087,False,0.01158334784015198,-6.327921517374757e-08,818310123318272.0,2.259511463928327e+16,CONVERGED
S1,S1_cons,Conservative Mechanical Baseline (beta -> 0),1.2873737373737373,700261.8380218776,2,2.592772704015673,0.825305184315668,0.000306853666959967,0.000306853666959967,True,-0.8528789764265388,-0.5215207881911585,818310123318272.0,2.259511463928327e+16,CONVERGED
S1,S1_cons,Conservative Mechanical Baseline (beta -> 0),1.2873737373737373,700261.8380218776,3,0.24081757551446795,0.07665461505306671,4.0168258923495985e-05,4.0168258923495985e-05,True,0.9711043020385308,-0.2384871092350749,818310123318272.0,2.259511463928327e+16,CONVERGED
S1,S1_cons,Conservative Mechanical Baseline (beta -> 0),1.2873737373737373,700261.8380218776,4,0.00011386319436179581,3.6243780437826064e-05,3.712668655281957,3.712668655281957,False,0.024412288125197364,2.779661119628116e-06,818310123318272.0,2.259511463928327e+16,CONVERGED
S1,S1_cons,Conservative Mechanical Baseline (beta -> 0),1.305050505050505,709877.0456840061,0,2.6238036458721496,0.835182639886179,7.325530905565501e-05,7.325530905565501e-05,True,-0.8688520054186134,0.4949239262695823,840936632780229.9,1.451264056224552e+16,CONVERGED
S1,S1_cons,Conservative Mechanical Baseline (beta -> 0),1.305050505050505,709877.0456840061,1,8.772358214108216e-06,2.7923283446962275e-06,4.475392040601202,4.475392040601202,False,0.011385757569746227,9.987994394337017e-08,840936632780229.9,1.451264056224552e+16,CONVERGED
S1,S1_cons,Conservative Mechanical Baseline (beta -> 0),1.305050505050505,709877.0456840061,2,2.6238040564893703,0.8351827705896998,7.409059133713352e-05,7.409059133713352e-05,True,-0.8688514829062751,-0.49492315610322946,840936632780229.9,1.451264056224552e+16,CONVERGED
S1,S1_cons,Conservative Mechanical Baseline (beta -> 0),1.305050505050505,709877.0456840061,3,5.838624025020146e-06,1.8584917488741086e-06,0.31491299380908405,0.31491299380908405,False,0.7298523731690988,-4.261333600751492e-06,840936632780229.9,1.451264056224552e+16,CONVERGED
S1,S1_cons,Conservative Mechanical Baseline (beta -> 0),1.305050505050505,709877.0456840061,4,3.680925377395176e-07,1.1716749379296851e-07,3.7216110399739555,3.7216110399739555,False,0.02419495738690425,8.905983265045475e-09,840936632780229.9,1.451264056224552e+16,CONVERGED
S1,S1_cons,Conservative Mechanical Baseline (beta -> 0),1.3227272727272728,719492.2533461349,0,2.6549950190881786,0.8451111623444894,-2.739449248445248e-07,2.739449248445248e-07,True,-0.8839292319754268,0.4676212791879042,863871705589630.4,9804345140942538.0,CONVERGED
S1,S1_cons,Conservative Mechanical Baseline (beta -> 0),1.3227272727272728,719492.2533461349,1,1.7281528489912442e-06,5.500881366705965e-07,4.492434740572297,4.492434740572297,False,0.01119335768364006,-1.9343832970779862e-08,863871705589630.4,9804345140942538.0,CONVERGED
S1,S1_cons,Conservative Mechanical Baseline (beta -> 0),1.3227272727272728,719492.2533461349,2,2.6549951530338283,0.8451112049807138,3.819430135007724e-08,3.819430135007724e-08,True,-0.8839290187022919,-0.4676210148265404,863871705589630.4,9804345140942538.0,CONVERGED
S1,S1_cons,Conservative Mechanical Baseline (beta -> 0),1.3227272727272728,719492.2533461349,3,2.373966196670409e-06,7.556569098663243e-07,0.5001289393687205,0.5001289393687205,False,0.6064524590722304,-1.4396976377278245e-06,863871705589630.4,9804345140942538.0,CONVERGED
S1,S1_cons,Conservative Mechanical Baseline (beta -> 0),1.3227272727272728,719492.2533461349,4,1.9360024168030432e-05,6.162487089441203e-06,3.7305893502011376,3.7305893502011376,False,0.023978699815530514,-4.642282080046168e-07,863871705589630.4,9804345140942538.0,CONVERGED
S1,S1_cons,Conservative Mechanical Baseline (beta -> 0),1.3404040404040405,729107.4610082634,0,2.6859667143414834,0.8549697591354878,3.739522101106852e-08,3.739522101106852e-08,True,-0.8979857419364796,-0.44002446805643775,887115341746461.2,1.577532464016419e+16,CONVERGED
S1,S1_cons,Conservative Mechanical Baseline (beta -> 0),1.3404040404040405,729107.4610082634,1,3.2726240128684913e-06,1.0417085770585099e-06,4.509417628722585,4.509417628722585,False,0.011004867228510795,-3.6014792750582525e-08,887115341746461.2,1.577532464016419e+16,CONVERGED
S1,S1_cons,Conservative Mechanical Baseline (beta -> 0),1.3404040404040405,729107.4610082634,2,2.685966661128185,0.8549697421971689,1.1013187365825413e-07,1.1013187365825413e-07,True,-0.8979856532048524,0.4400244838353107,887115341746461.2,1.577532464016419e+16,CONVERGED
S1,S1_cons,Conservative Mechanical Baseline (beta -> 0),1.3404040404040405,729107.4610082634,3,2.8508985704426647e-06,9.074691994791362e-07,0.6283650024313266,0.6283650024313266,False,0.5334632995593378,1.5208497581014635e-06,887115341746461.2,1.577532464016419e+16,CONVERGED
S1,S1_cons,Conservative Mechanical Baseline (beta -> 0),1.3404040404040405,729107.4610082634,4,3.6080578987415708e-06,1.1484804990929563e-06,3.739556562741021,3.739556562741021,False,0.023764638921340675,8.574419317125666e-08,887115341746461.2,1.577532464016419e+16,CONVERGED
S1,S1_cons,Conservative Mechanical Baseline (beta -> 0),1.358080808080808,738722.6686703919,0,2.7169477461306184,0.8648313278381438,8.121528923833242e-08,8.121528923833242e-08,True,-0.9111850135460627,0.4119972192363635,910667541250725.5,2.4501689130890188e+16,CONVERGED
S1,S1_cons,Conservative Mechanical Baseline (beta -> 0),1.358080808080808,738722.6686703919,1,1.72283883322037e-06,5.483966329153907e-07,4.5263066006666826,4.5263066006666826,False,0.01082056703582837,-1.864209308680779e-08,910667541250725.5,2.4501689130890188e+16,CONVERGED
S1,S1_cons,Conservative Mechanical Baseline (beta -> 0),1.358080808080808,738722.6686703919,2,2.716947856425677,0.8648313629461513,2.699793571465365e-07,2.699793571465365e-07,True,-0.9111848869883326,-0.4119970409669117,910667541250725.5,2.4501689130890188e+16,CONVERGED
S1,S1_cons,Conservative Mechanical Baseline (beta -> 0),1.358080808080808,738722.6686703919,3,9.845674889936689e-06,3.1339756536183536e-06,0.7303428080339444,0.7303428080339444,False,0.4817438161065179,-4.743092993775482e-06,910667541250725.5,2.4501689130890188e+16,CONVERGED
S1,S1_cons,Conservative Mechanical Baseline (beta -> 0),1.358080808080808,738722.6686703919,4,1.1529987250798835e-05,3.670108929502335e-06,3.748508359189807,3.748508359189807,False,0.02355285206034157,2.7156408398772334e-07,910667541250725.5,2.4501689130890188e+16,CONVERGED
S1,S1_cons,Conservative Mechanical Baseline (beta -> 0),1.3757575757575757,748337.8763325205,0,2.7479599562773833,0.8747028209202683,-2.873369904068149e-07,2.873369904068149e-07,True,-0.9235221160533847,-0.38354592402269705,934528304102388.2,7.506950224717541e+16,CONVERGED
S1,S1_cons,Conservative Mechanical Baseline (beta -> 0),1.3757575757575757,748337.8763325205,1,6.121288317275673e-07,1.948466587570187e-07,4.543096616611242,4.543096616611242,False,0.010640406226539206,-6.513299432558991e-09,934528304102388.2,7.506950224717541e+16,CONVERGED
S1,S1_cons,Conservative Mechanical Baseline (beta -> 0),1.3757575757575757,748337.8763325205,2,2.747959887836026,0.8747027991347076,2.3610060709657857e-07,2.3610060709657857e-07,True,-0.9235216063969214,0.3835457864674661,934528304102388.2,7.506950224717541e+16,CONVERGED
S1,S1_cons,Conservative Mechanical Baseline (beta -> 0),1.3757575757575757,748337.8763325205,3,3.652759565779354e-06,1.1627094816399788e-06,0.8160287485804362,0.8160287485804362,False,0.44218419692626554,-1.6151925551660617e-06,934528304102388.2,7.506950224717541e+16,CONVERGED
S1,S1_cons,Conservative Mechanical Baseline (beta -> 0),1.3757575757575757,748337.8763325205,4,1.8883930119929308e-07,6.010941647177355e-08,3.757367551974655,3.757367551974655,False,0.02334511435773673,-4.40847508173264e-09,934528304102388.2,7.506950224717541e+16,CONVERGED
S1,S1_cons,Conservative Mechanical Baseline (beta -> 0),1.3934343434343435,757953.0839946492,0,2.7790313979106953,0.8845931679701341,-9.105347778681657e-08,9.105347778681657e-08,True,-0.9349915756638221,-0.3546701785386748,958697630301498.4,8.157985629132949e+16,CONVERGED
S1,S1_cons,Conservative Mechanical Baseline (beta -> 0),1.3934343434343435,757953.0839946492,1,1.7877415803359552e-06,5.690558189627679e-07,4.559782830332923,4.559782830332923,False,0.010464331231994913,-1.870752005386541e-08,958697630301498.4,8.157985629132949e+16,CONVERGED
S1,S1_cons,Conservative Mechanical Baseline (beta -> 0),1.3934343434343435,757953.0839946492,2,2.779031232839752,0.884593115426421,2.4870142716154177e-07,2.4870142716154177e-07,True,-0.9349911994501684,0.3546702123776464,958697630301498.4,8.157985629132949e+16,CONVERGED
S1,S1_cons,Conservative Mechanical Baseline (beta -> 0),1.3934343434343435,757953.0839946492,3,6.47580760062125e-06,2.061313580301877e-06,0.8901442155553806,0.8901442155553806,False,0.41059653406651253,-2.658944156133832e-06,958697630301498.4,8.157985629132949e+16,CONVERGED
S1,S1_cons,Conservative Mechanical Baseline (beta -> 0),1.3934343434343435,757953.0839946492,4,3.041329407940661e-05,9.680852176890072e-06,3.766236452973014,3.766236452973014,False,0.0231389842637885,-7.037327333303384e-07,958697630301498.4,8.157985629132949e+16,CONVERGED
S1,S1_cons,Conservative Mechanical Baseline (beta -> 0),1.4111111111111112,767568.2916567777,0,2.8101996470851716,0.8945143298174097,-6.098805298776937e-08,6.098805298776937e-08,True,-0.9455900894158549,0.32536057655258266,983175519848023.9,4.341409583825123e+16,CONVERGED
S1,S1_cons,Conservative Mechanical Baseline (beta -> 0),1.4111111111111112,767568.2916567777,1,2.9339595260752116e-06,9.33908322812849e-07,4.576388143319159,4.576388143319159,False,0.010292002482833898,-3.019631872698689e-08,983175519848023.9,4.341409583825123e+16,CONVERGED
S1,S1_cons,Conservative Mechanical Baseline (beta -> 0),1.4111111111111112,767568.2916567777,2,2.810199803453129,0.8945143795908764,5.525653555252887e-07,5.525653555252887e-07,True,-0.9455895601219364,-0.3253602290666492,983175519848023.9,4.341409583825123e+16,CONVERGED
S1,S1_cons,Conservative Mechanical Baseline (beta -> 0),1.4111111111111112,767568.2916567777,3,1.5523602902343614e-06,4.941316273007359e-07,0.9554203625655028,0.9554203625655028,False,0.38465041792648536,-5.971160344116069e-07,983175519848023.9,4.341409583825123e+16,CONVERGED
S1,S1_cons,Conservative Mechanical Baseline (beta -> 0),1.4111111111111112,767568.2916567777,4,2.8143061299837894e-06,8.958214639214844e-07,3.7751162545936605,3.7751162545936605,False,0.02293442425467866,6.454449076776145e-08,983175519848023.9,4.341409583825123e+16,CONVERGED
S1,S1_cons,Conservative Mechanical Baseline (beta -> 0),1.4287878787878787,777183.4993189061,0,2.8414451191107712,0.9044600724616372,0.0001296821567255643,0.0001296821567255643,True,-0.9551690029004652,-0.2956228090264615,1007961972741985.5,2.3693075563652976e+16,CONVERGED
S1,S1_cons,Conservative Mechanical Baseline (beta -> 0),1.4287878787878787,777183.4993189061,1,9.271209857237134e-06,2.9511177544431903e-06,4.592870419694648,4.592870419694648,False,0.01012375719458164,9.385947749736989e-08,1007961972741985.5,2.3693075563652976e+16,CONVERGED
S1,S1_cons,Conservative Mechanical Baseline (beta -> 0),1.4287878787878787,777183.4993189061,2,2.841445529800922,0.9044602031883723,0.00013008769663734327,0.00013008769663734327,True,-0.9551687369506369,0.2956222968612702,1007961972741985.5,2.3693075563652976e+16,CONVERGED
S1,S1_cons,Conservative Mechanical Baseline (beta -> 0),1.4287878787878787,777183.4993189061,3,1.1810798779087112e-05,3.7594940151108725e-06,1.013587777998098,1.013587777998098,False,0.36291458404475274,4.286311126347979e-06,1007961972741985.5,2.3693075563652976e+16,CONVERGED
S1,S1_cons,Conservative Mechanical Baseline (beta -> 0),1.4287878787878787,777183.4993189061,4,8.326248854013074e-07,2.650327325058819e-07,3.7836542192887546,3.7836542192887546,False,0.022739444499753566,-1.893342737070108e-08,1007961972741985.5,2.3693075563652976e+16,CONVERGED
S1,S1_cons,Conservative Mechanical Baseline (beta -> 0),1.4464646464646465,786798.7069810347,0,2.8730595694134777,0.9145232645392548,1.4836347699979782e-07,1.4836347699979782e-07,True,-0.9641609888032532,-0.26531734007226726,1033056988983365.8,1.1229169254785978e+16,CONVERGED
S1,S1_cons,Conservative Mechanical Baseline (beta -> 0),1.4464646464646465,786798.7069810347,1,3.7491199876330318e-06,1.1933819565528451e-06,4.6092891285927236,4.6092891285927236,False,0.009958895285976592,-3.7337093371574155e-08,1033056988983365.8,1.1229169254785978e+16,CONVERGED
S1,S1_cons,Conservative Mechanical Baseline (beta -> 0),1.4464646464646465,786798.7069810347,2,2.8730595750675687,0.9145232663390078,4.0614975540407006e-07,4.0614975540407006e-07,True,-0.96416074175594,0.26531726622565416,1033056988983365.8,1.1229169254785978e+16,CONVERGED
S1,S1_cons,Conservative Mechanical Baseline (beta -> 0),1.4464646464646465,786798.7069810347,3,5.110737659556731e-06,1.6267983227287157e-06,1.0658456057488486,1.0658456057488486,False,0.344436474120878,1.7603244596298349e-06,1033056988983365.8,1.1229169254785978e+16,CONVERGED
S1,S1_cons,Conservative Mechanical Baseline (beta -> 0),1.4464646464646465,786798.7069810347,4,9.41727903882679e-06,2.9976130190099533e-06,3.7927849089381866,3.7927849089381866,False,0.022532762697835797,-2.1219731384746017e-07,1033056988983365.8,1.1229169254785978e+16,CONVERGED
S1,S1_cons,Conservative Mechanical Baseline (beta -> 0),1.4641414141414142,796413.9146431634,0,2.9049424629451077,0.9246719047505179,6.896719790363409e-07,6.896719790363409e-07,True,-0.9721281116001249,0.23444734012943783,1058460568572181.5,1.6645305849935966e+16,CONVERGED
S1,S1_cons,Conservative Mechanical Baseline (beta -> 0),1.4641414141414142,796413.9146431634,1,1.7249356337115708e-06,5.49064065241095e-07,4.625589643626758,4.625589643626758,False,0.009797876077026991,-1.6900705579970754e-08,1058460568572181.5,1.6645305849935966e+16,CONVERGED
S1,S1_cons,Conservative Mechanical Baseline (beta -> 0),1.4641414141414142,796413.9146431634,2,2.9049425901963537,0.9246719452558475,8.957215898493751e-07,8.957215898493751e-07,True,-0.9721279411272287,-0.23444716811716956,1058460568572181.5,1.6645305849935966e+16,CONVERGED
S1,S1_cons,Conservative Mechanical Baseline (beta -> 0),1.4641414141414142,796413.9146431634,3,3.3383771995092033e-07,1.0626384664143363e-07,1.113032308862327,1.113032308862327,False,0.32856115011691295,-1.0968610521948636e-07,1058460568572181.5,1.6645305849935966e+16,CONVERGED
S1,S1_cons,Conservative Mechanical Baseline (beta -> 0),1.4641414141414142,796413.9146431634,4,1.3124767278339532e-07,4.1777431785569966e-08,3.801615202914845,3.801615202914845,False,0.022334667685885823,-2.9313731561630326e-09,1058460568572181.5,1.6645305849935966e+16,CONVERGED
S1,S1_cons,Conservative Mechanical Baseline (beta -> 0),1.4818181818181817,806029.1223052919,0,2.9373534285205265,0.9349886355139362,1.1808391460590834e-06,1.1808391460590834e-06,True,-0.9792144136714394,-0.20282201651348378,1084172711508409.2,3.799466207235965e+16,CONVERGED
S1,S1_cons,Conservative Mechanical Baseline (beta -> 0),1.4818181818181817,806029.1223052919,1,1.9200753886182836e-05,6.1117897841538355e-06,4.641792970582106,4.641792970582106,False,0.00964039717226047,1.8510289349237347e-07,1084172711508409.2,3.799466207235965e+16,CONVERGED
S1,S1_cons,Conservative Mechanical Baseline (beta -> 0),1.4818181818181817,806029.1223052919,2,2.9373533546230215,0.9349886119916297,1.4206327675356954e-06,1.4206327675356954e-06,True,-0.9792141638740569,0.20282204023954828,1084172711508409.2,3.799466207235965e+16,CONVERGED
S1,S1_cons,Conservative Mechanical Baseline (beta -> 0),1.4818181818181817,806029.1223052919,3,1.6832492689904365e-05,5.357948832312947e-06,1.155811696665209,1.155811696665209,False,0.31480190946674885,5.298900840367436e-06,1084172711508409.2,3.799466207235965e+16,CONVERGED
S1,S1_cons,Conservative Mechanical Baseline (beta -> 0),1.4818181818181817,806029.1223052919,4,7.672892999567531e-07,2.442357697392745e-07,3.810353978180523,3.810353978180523,False,0.02214034037236751,-1.698804626512144e-08,1084172711508409.2,3.799466207235965e+16,CONVERGED
S1,S1_cons,Conservative Mechanical Baseline (beta -> 0),1.4994949494949494,815644.3299674204,0,2.9706223124312543,0.9455784501650216,-2.2594153692432036e-06,2.2594153692432036e-06,True,-0.9854223648201176,0.1701390071479069,1110193417792075.9,1.7987895491258218e+17,CONVERGED
S1,S1_cons,Conservative Mechanical Baseline (beta -> 0),1.4994949494949494,815644.3299674204,1,0.0017530082417748544,0.000557999853918601,4.657666824794747,4.657666824794747,False,0.0094885605240682,1.6633541839776048e-05,1110193417792075.9,1.7987895491258218e+17,CONVERGED
S1,S1_cons,Conservative Mechanical Baseline (beta -> 0),1.4994949494949494,815644.3299674204,2,2.970621097011882,0.9455780632850196,-5.697122927462138e-07,5.697122927462138e-07,True,-0.9854204929596991,-0.17013991736302855,1110193417792075.9,1.7987895491258218e+17,CONVERGED
S1,S1_cons,Conservative Mechanical Baseline (beta -> 0),1.4994949494949494,815644.3299674204,3,0.0004221014749040717,0.00013435907243472526,1.19467067118584,1.19467067118584,False,0.30280363275825817,-0.00012781386758442266,1110193417792075.9,1.7987895491258218e+17,CONVERGED
S1,S1_cons,Conservative Mechanical Baseline (beta -> 0),1.4994949494949494,815644.3299674204,4,1.2126129709558058e-05,3.859866967699308e-06,3.819220659503992,3.819220659503992,False,0.021944896776765605,-2.661066647909653e-07,1110193417792075.9,1.7987895491258218e+17,CONVERGED
S1,S1_cons,Conservative Mechanical Baseline (beta -> 0),1.5171717171717172,825259.537629549,0,3.0054195214409427,0.9566547458044091,1.2137540328508521e-05,1.2137540328508521e-05,True,-0.9907307320543357,-0.13575102864089258,1136522687423158.0,2.1991445122533256e+16,CONVERGED
S1,S1_cons,Conservative Mechanical Baseline (beta -> 0),1.5171717171717172,825259.537629549,1,7.204581694846949e-06,2.293289579288554e-06,4.673888933818147,4.673888933818147,False,0.009335892171258414,6.726119784327707e-08,1136522687423158.0,2.1991445122533256e+16,CONVERGED
S1,S1_cons,Conservative Mechanical Baseline (beta -> 0),1.5171717171717172,825259.537629549,2,3.005418579521981,0.9566544459822917,1.2351421857370923e-05,1.2351421857370923e-05,True,-0.9907303922884746,0.13575193279406092,1136522687423158.0,2.1991445122533256e+16,CONVERGED
S1,S1_cons,Conservative Mechanical Baseline (beta -> 0),1.5171717171717172,825259.537629549,3,1.3332216552178725e-07,4.24377633330166e-08,1.2299245795856903,1.2299245795856903,False,0.29231462333950103,3.8972018597308085e-08,1136522687423158.0,2.1991445122533256e+16,CONVERGED
S1,S1_cons,Conservative Mechanical Baseline (beta -> 0),1.5171717171717172,825259.537629549,4,1.5060590592590545e-06,4.793934877388166e-07,3.827919945719935,3.827919945719935,False,0.02175481980600495,3.276404345140683e-08,1136522687423158.0,2.1991445122533256e+16,CONVERGED
S1,S1_cons,Conservative Mechanical Baseline (beta -> 0),1.534848484848485,834874.7452916778,0,3.0433870178821754,0.9687401752753014,-2.9182091690677923e-06,2.9182091690677923e-06,True,-0.9951846050239911,0.09804814306560279,1163160520401672.0,1.920981194297578e+16,CONVERGED
S1,S1_cons,Conservative Mechanical Baseline (beta -> 0),1.534848484848485,834874.7452916778,1,0.0010680354053560167,0.0003399662283191324,4.69122595623505,4.69122595623505,False,0.009175425348697851,9.799682857775523e-06,1163160520401672.0,1.920981194297578e+16,CONVERGED
S1,S1_cons,Conservative Mechanical Baseline (beta -> 0),1.534848484848485,834874.7452916778,2,3.0433850404868594,0.9687395458508234,6.405763983118013e-07,6.405763983118013e-07,True,-0.9951808695004893,-0.0980497620000888,1163160520401672.0,1.920981194297578e+16,CONVERGED
S1,S1_cons,Conservative Mechanical Baseline (beta -> 0),1.534848484848485,834874.7452916778,3,0.00020634304635941034,6.568103160148056e-05,1.2616886190332384,1.2616886190332384,False,0.2831754410661896,-5.843128399305231e-05,1163160520401672.0,1.920981194297578e+16,CONVERGED
S1,S1_cons,Conservative Mechanical Baseline (beta -> 0),1.534848484848485,834874.7452916778,4,1.9423995764574244e-05,6.18284988105606e-06,3.836720527261164,3.836720527261164,False,0.02156420472835664,-4.188630213626891e-07,1163160520401672.0,1.920981194297578e+16,CONVERGED
S1,S1_cons,Conservative Mechanical Baseline (beta -> 0),1.5525252525252524,844489.952953806,0,3.091367493111978,0.984012834884744,-4.659416539749679e-07,4.659416539749679e-07,True,-0.9987394470986879,-0.05020407047988599,1190106916727611.2,9861909887735996.0,CONVERGED
S1,S1_cons,Conservative Mechanical Baseline (beta -> 0),1.5525252525252524,844489.952953806,1,2.2138443591091393e-06,7.046885459766572e-07,4.705558394973755,4.705558394973755,False,0.009044862201909868,-2.0023917164650342e-08,1190106916727611.2,9861909887735996.0,CONVERGED
S1,S1_cons,Conservative Mechanical Baseline (beta -> 0),1.5525252525252524,844489.952953806,2,3.0913677382016713,0.9840129128992164,-3.9260205282691934e-07,3.9260205282691934e-07,True,-0.9987393861560072,0.050203822017211325,1190106916727611.2,9861909887735996.0,CONVERGED
S1,S1_cons,Conservative Mechanical Baseline (beta -> 0),1.5525252525252524,844489.952953806,3,3.183614386074469e-06,1.0133759328844428e-06,1.2910692011577605,1.2910692011577605,False,0.2749766205358762,-8.754195249751132e-07,1190106916727611.2,9861909887735996.0,CONVERGED
S1,S1_cons,Conservative Mechanical Baseline (beta -> 0),1.5525252525252524,844489.952953806,4,2.250285060433139e-07,7.16287981467557e-08,3.8454300112979,3.8454300112979,False,0.021377207143857165,-4.810480986960716e-09,1190106916727611.2,9861909887735996.0,CONVERGED
S1,S1_cons,Conservative Mechanical Baseline (beta -> 0),1.5702020202020202,854105.1606159348,0,3.14159240393763,0.9999999205332484,-0.0531889203262086,0.0531889203262086,False,-1.054628867129794,-2.632903777990862e-07,1217361876400978.8,8214374178845037.0,CONVERGED
S1,S1_cons,Conservative Mechanical Baseline (beta -> 0),1.5702020202020202,854105.1606159348,1,6.5119585624885494e-09,2.0728207888592913e-09,-3.8541330344695566,3.8541330344695566,False,47.187689102412435,3.072842760945023e-07,1217361876400978.8,8214374178845037.0,CONVERGED
S1,S1_cons,Conservative Mechanical Baseline (beta -> 0),1.5702020202020202,854105.1606159348,2,3.141592599283082,0.999999982713637,0.053179302007287835,0.053179302007287835,False,-0.94820998128631,5.14941655463538e-08,1217361876400978.8,8214374178845037.0,CONVERGED
S1,S1_cons,Conservative Mechanical Baseline (beta -> 0),1.5702020202020202,854105.1606159348,3,7.268083408723647e-07,2.3135028026051216e-07,1.3173988590870498,1.3173988590870498,False,0.2678310630230027,-1.946618505498646e-07,1217361876400978.8,8214374178845037.0,CONVERGED
S1,S1_cons,Conservative Mechanical Baseline (beta -> 0),1.5702020202020202,854105.1606159348,4,1.8160771660000865e-07,5.7807531601046867e-08,-1.3173990981341013,1.3173990981341013,False,3.7336977561893723,6.780683239761352e-07,1217361876400978.8,8214374178845037.0,CONVERGED
S1,S1_cons,Conservative Mechanical Baseline (beta -> 0),1.587878787878788,863720.3682780633,0,3.141592443756402,0.9999999332079572,-0.08011761304579683,0.08011761304579683,False,-1.0834144838591921,2.2733653519362673e-07,1244925399421769.8,2.155224598883901e+16,CONVERGED
S1,S1_cons,Conservative Mechanical Baseline (beta -> 0),1.587878787878788,863720.3682780633,1,4.431844503781168e-07,1.4106999195828419e-07,3.862816770540235,3.862816770540235,False,0.021008739303043967,-9.31074658115729e-09,1244925399421769.8,2.155224598883901e+16,CONVERGED
S1,S1_cons,Conservative Mechanical Baseline (beta -> 0),1.587878787878788,863720.3682780633,2,3.141592498104851,0.9999999505076057,0.08011789743675435,0.08011789743675435,False,-0.9230075197508764,-1.435137709113745e-07,1244925399421769.8,2.155224598883901e+16,CONVERGED
S1,S1_cons,Conservative Mechanical Baseline (beta -> 0),1.587878787878788,863720.3682780633,3,5.5267219356738e-06,1.7592102303137866e-06,1.3411447498038152,1.3411447498038152,False,0.2615460923012505,1.4454925255258028e-06,1244925399421769.8,2.155224598883901e+16,CONVERGED
S1,S1_cons,Conservative Mechanical Baseline (beta -> 0),1.587878787878788,863720.3682780633,4,9.001035360205934e-07,2.865118541043426e-07,-1.3411376146379372,1.3411376146379372,False,3.8233905773369448,-3.4414473782497315e-06,1244925399421769.8,2.155224598883901e+16,CONVERGED
S1,S1_cons,Conservative Mechanical Baseline (beta -> 0),1.6055555555555556,873335.5759401919,0,3.1415922786455504,0.9999998806515408,-0.0908088956288632,0.0908088956288632,False,-1.0950597145627332,-4.1058633568881775e-07,1272797485789987.2,7626938968088919.0,CONVERGED
S1,S1_cons,Conservative Mechanical Baseline (beta -> 0),1.6055555555555556,873335.5759401919,1,6.637820010341033e-06,2.1128837320001427e-06,3.8709735369736915,3.8709735369736915,False,0.02083807291221503,1.3831937735567784e-07,1272797485789987.2,7626938968088919.0,CONVERGED
S1,S1_cons,Conservative Mechanical Baseline (beta -> 0),1.6055555555555556,873335.5759401919,2,3.1415921692797877,0.9999998458393373,0.0910373260294648,0.0910373260294648,False,-0.9129836322091949,-4.4216710787156623e-07,1272797485789987.2,7626938968088919.0,CONVERGED
S1,S1_cons,Conservative Mechanical Baseline (beta -> 0),1.6055555555555556,873335.5759401919,3,2.8121897806813466e-05,8.951478090158987e-06,1.3624426467812205,1.3624426467812205,False,0.2560346102948229,7.200179147616386e-06,1272797485789987.2,7626938968088919.0,CONVERGED
S1,S1_cons,Conservative Mechanical Baseline (beta -> 0),1.6055555555555556,873335.5759401919,4,7.551933317828123e-07,2.4038550348654466e-07,-1.3624322467569452,1.3624322467569452,False,3.905681339263543,-2.949544503480952e-06,1272797485789987.2,7626938968088919.0,CONVERGED
S1,S1_cons,Conservative Mechanical Baseline (beta -> 0),1.6232323232323231,882950.7836023204,0,3.141592613060558,0.9999999870991438,-0.09131700522464319,0.09131700522464319,False,-1.0956162662943945,4.440448946419045e-08,1300978135505630.0,2.6531278751067332e+16,CONVERGED
S1,S1_cons,Conservative Mechanical Baseline (beta -> 0),1.6232323232323231,882950.7836023204,1,4.594341170768811e-08,1.4624242151569239e-08,3.8801295186884364,3.8801295186884364,False,0.020648150687122134,-9.48646488020836e-10,1300978135505630.0,2.6531278751067332e+16,CONVERGED
S1,S1_cons,Conservative Mechanical Baseline (beta -> 0),1.6232323232323231,882950.7836023204,2,3.141592597891145,0.9999999822705697,0.09131721373933502,0.09131721373933502,False,-0.9127281350682552,-5.08377232331762e-08,1300978135505630.0,2.6531278751067332e+16,CONVERGED
S1,S1_cons,Conservative Mechanical Baseline (beta -> 0),1.6232323232323231,882950.7836023204,3,1.2823403818051542e-05,4.081816209812773e-06,1.3814061229272123,1.3814061229272123,False,0.251225051259372,3.2215602816862094e-06,1300978135505630.0,2.6531278751067332e+16,CONVERGED
S1,S1_cons,Conservative Mechanical Baseline (beta -> 0),1.6232323232323231,882950.7836023204,4,1.6919757388364274e-06,5.385726048547584e-07,-1.3814047545846333,1.3814047545846333,False,3.9804893125179563,-6.7348913454844985e-06,1300978135505630.0,2.6531278751067332e+16,CONVERGED
S1,S1_cons,Conservative Mechanical Baseline (beta -> 0),1.6409090909090909,892565.9912644491,0,3.1415925723429896,0.9999999741383392,-0.08173737876395824,0.08173737876395824,False,-1.0851707835117195,8.816665760600312e-08,1329467348568702.0,1.8377483841175452e+16,CONVERGED
S1,S1_cons,Conservative Mechanical Baseline (beta -> 0),1.6409090909090909,892565.9912644491,1,2.5498434173671437e-08,8.116403679686234e-09,3.8887413844598333,3.8887413844598333,False,0.02047109506885119,5.219808700760721e-10,1329467348568702.0,1.8377483841175452e+16,CONVERGED
S1,S1_cons,Conservative Mechanical Baseline (beta -> 0),1.6409090909090909,892565.9912644491,2,3.1415926134547227,0.9999999872246104,0.08174235594250485,0.08174235594250485,False,-0.9215093495216975,3.6984842804742385e-08,1329467348568702.0,1.8377483841175452e+16,CONVERGED
S1,S1_cons,Conservative Mechanical Baseline (beta -> 0),1.6409090909090909,892565.9912644491,3,1.3308466110129742e-05,4.2362163327962336e-06,1.3981573992705523,1.3981573992705523,False,0.24705176254282707,-3.2878800094431457e-06,1329467348568702.0,1.8377483841175452e+16,CONVERGED
S1,S1_cons,Conservative Mechanical Baseline (beta -> 0),1.6409090909090909,892565.9912644491,4,2.597141556758191e-07,8.266958333348927e-08,-1.3981632506700918,1.3981632506700918,False,4.047758417245509,1.051260159714631e-06,1329467348568702.0,1.8377483841175452e+16,CONVERGED
S1,S1_cons,Conservative Mechanical Baseline (beta -> 0),1.6585858585858586,902181.1989265776,0,3.1415925036450623,0.9999999522711098,-0.05732146029074465,0.05732146029074465,False,-1.0589961809049668,-1.5879089723846644e-07,1358265124979199.2,1.0469578981141848e+16,CONVERGED
S1,S1_cons,Conservative Mechanical Baseline (beta -> 0),1.6585858585858586,902181.1989265776,1,2.6910423773195543e-07,8.565853928403448e-08,3.897356373225866,3.897356373225866,False,0.020295494300189194,-5.461603523045791e-09,1358265124979199.2,1.0469578981141848e+16,CONVERGED
S1,S1_cons,Conservative Mechanical Baseline (beta -> 0),1.6585858585858586,902181.1989265776,2,3.1415926379305104,0.9999999950154955,0.057322814167020925,0.057322814167020925,False,-0.9442891902311474,-1.4786891609448908e-08,1358265124979199.2,1.0469578981141848e+16,CONVERGED
S1,S1_cons,Conservative Mechanical Baseline (beta -> 0),1.6585858585858586,902181.1989265776,3,6.940711925539828e-07,2.2092972230530612e-07,1.412797334992458,1.412797334992458,False,0.24346128693490607,1.6897946576366477e-07,1358265124979199.2,1.0469578981141848e+16,CONVERGED
S1,S1_cons,Conservative Mechanical Baseline (beta -> 0),1.6585858585858586,902181.1989265776,4,5.265472162997181e-08,1.676051844907551e-08,-1.412796125053875,1.412796125053875,False,4.107424234265529,2.1627527967145175e-07,1358265124979199.2,1.0469578981141848e+16,CONVERGED
S1,S1_cons,Conservative Mechanical Baseline (beta -> 0),1.6762626262626263,911796.4065887061,0,3.0986621697421493,0.9863348025726414,1.9592760216386648e-08,1.9592760216386648e-08,True,-0.9990786087260042,0.04291729721909546,1387371464737125.5,3.885431920477433e+16,CONVERGED
S1,S1_cons,Conservative Mechanical Baseline (beta -> 0),1.6762626262626263,911796.4065887061,1,8.548796902161071e-06,2.721166568935233e-06,4.812936440502762,4.812936440502762,False,0.008123969086002247,6.945016175736017e-08,1387371464737125.5,3.885431920477433e+16,CONVERGED
S1,S1_cons,Conservative Mechanical Baseline (beta -> 0),1.6762626262626263,911796.4065887061,2,3.098662254943501,0.986334829693074,1.192147737062408e-07,1.192147737062408e-07,True,-0.9990785128523942,-0.04291720782074864,1387371464737125.5,3.885431920477433e+16,CONVERGED
S1,S1_cons,Conservative Mechanical Baseline (beta -> 0),1.6762626262626263,911796.4065887061,3,1.0153652528306084e-07,3.232007980634868e-08,3.905943470085255,3.905943470085255,False,0.020121961064511324,-2.043114008371527e-09,1387371464737125.5,3.885431920477433e+16,CONVERGED
S1,S1_cons,Conservative Mechanical Baseline (beta -> 0),1.6762626262626263,911796.4065887061,4,4.4260001834156365e-06,1.408839614632468e-06,1.4253715416427577,1.4253715416427577,False,0.24041912089469206,1.0640950731834814e-06,1387371464737125.5,3.885431920477433e+16,CONVERGED
S1,S1_cons,Conservative Mechanical Baseline (beta -> 0),1.6939393939393939,921411.6142508347,0,3.0483115327301133,0.9703076970360589,4.2430195832740004e-08,4.2430195832740004e-08,True,-0.9956524278264977,-0.09314589686514814,1416786367842471.5,2.335051178585377e+16,CONVERGED
S1,S1_cons,Conservative Mechanical Baseline (beta -> 0),1.6939393939393939,921411.6142508347,1,1.5650876615415125e-07,4.981828754129339e-08,4.827818090325494,4.827818090325494,False,0.008003966158640432,-1.252690867828406e-09,1416786367842471.5,2.335051178585377e+16,CONVERGED
S1,S1_cons,Conservative Mechanical Baseline (beta -> 0),1.6939393939393939,921411.6142508347,2,3.048311256833983,0.970307609215593,1.2819364322540695e-07,1.2819364322540695e-07,True,-0.9956523167372885,0.09314616357326036,1416786367842471.5,2.335051178585377e+16,CONVERGED
S1,S1_cons,Conservative Mechanical Baseline (beta -> 0),1.6939393939393939,921411.6142508347,3,6.973302863747379e-07,2.21967124088453e-07,3.9145076756882924,3.9145076756882924,False,0.0199503682795559,1.3911996025666456e-08,1416786367842471.5,2.335051178585377e+16,CONVERGED
S1,S1_cons,Conservative Mechanical Baseline (beta -> 0),1.6939393939393939,921411.6142508347,4,2.143347692294782e-06,6.822487599866425e-07,1.4359478722933297,1.4359478722933297,False,0.23788976799297476,5.098804852490643e-07,1416786367842471.5,2.335051178585377e+16,CONVERGED
S1,S1_cons,Conservative Mechanical Baseline (beta -> 0),1.7116161616161616,931026.8219129633,0,3.0101165013415114,0.9581498409419668,2.254286426029544e-09,2.254286426029544e-09,True,-0.9913694514992618,-0.13109769687328585,1446509834295246.2,2.1503020652861668e+16,CONVERGED
S1,S1_cons,Conservative Mechanical Baseline (beta -> 0),1.7116161616161616,931026.8219129633,1,1.2217270266482427e-05,3.888877908000631e-06,4.842567493966694,4.842567493966694,False,0.007886778776892953,-9.635490785405296e-08,1446509834295246.2,2.1503020652861668e+16,CONVERGED
S1,S1_cons,Conservative Mechanical Baseline (beta -> 0),1.7116161616161616,931026.8219129633,2,3.0101167078580846,0.9581499066782336,3.0149010594803297e-09,3.0149010594803297e-09,True,-0.9913694778190376,0.13109749203934676,1446509834295246.2,2.1503020652861668e+16,CONVERGED
S1,S1_cons,Conservative Mechanical Baseline (beta -> 0),1.7116161616161616,931026.8219129633,3,7.857905824028115e-08,2.501249108489335e-08,3.9230515607607694,3.9230515607607694,False,0.019780640724667203,-1.5543441195337044e-09,1446509834295246.2,2.1503020652861668e+16,CONVERGED
S1,S1_cons,Conservative Mechanical Baseline (beta -> 0),1.7116161616161616,931026.8219129633,4,1.9151394715589786e-05,6.096078272180235e-06,1.4445769017392824,1.4445769017392824,False,0.23584584137125483,4.5167768006834914e-06,1446509834295246.2,2.1503020652861668e+16,CONVERGED
S1,S1_cons,Conservative Mechanical Baseline (beta -> 0),1.7292929292929293,940642.0295750919,0,2.9754779311405106,0.9471240416037169,3.0749676400001056e-08,3.0749676400001056e-08,True,-0.9862346164324807,-0.16535180631286378,1476541864095445.2,1.7249652181649314e+16,CONVERGED
S1,S1_cons,Conservative Mechanical Baseline (beta -> 0),1.7292929292929293,940642.0295750919,1,3.557920214160278e-06,1.1325211784203663e-06,4.857226616494591,4.857226616494591,False,0.007772008789872902,-2.7652187178236837e-08,1476541864095445.2,1.7249652181649314e+16,CONVERGED
S1,S1_cons,Conservative Mechanical Baseline (beta -> 0),1.7292929292929293,940642.0295750919,2,2.9754777490316724,0.9471239836366734,6.746155887137522e-08,6.746155887137522e-08,True,-0.9862345501139114,0.16535197984451896,1476541864095445.2,1.7249652181649314e+16,CONVERGED
S1,S1_cons,Conservative Mechanical Baseline (beta -> 0),1.7292929292929293,940642.0295750919,3,1.2882400562887138e-06,4.1005954569466056e-07,3.931572282786027,3.931572282786027,False,0.019612811412417146,-2.526600927792617e-08,1476541864095445.2,1.7249652181649314e+16,CONVERGED
S1,S1_cons,Conservative Mechanical Baseline (beta -> 0),1.7292929292929293,940642.0295750919,4,1.1658964014241995e-05,3.7111635083942806e-06,1.451299907278512,1.451299907278512,False,0.23426556655083414,-2.7312938103159443e-06,1476541864095445.2,1.7249652181649314e+16,CONVERGED
S1,S1_cons,Conservative Mechanical Baseline (beta -> 0),1.7469696969696968,950257.2372372204,0,2.941997418207655,0.9364668633426847,0.00022380428132443386,0.00022380428132443386,True,-0.9799275753404384,0.19822824896196875,1506882457243075.5,1.8757167365973556e+16,CONVERGED
S1,S1_cons,Conservative Mechanical Baseline (beta -> 0),1.7469696969696968,950257.2372372204,1,5.265619458582654e-07,1.6760987305485983e-07,4.871736271295809,4.871736271295809,False,0.007660053803521016,-4.033492836161406e-09,1506882457243075.5,1.8757167365973556e+16,CONVERGED
S1,S1_cons,Conservative Mechanical Baseline (beta -> 0),1.7469696969696968,950257.2372372204,2,2.9419988981897602,0.9364673344356201,0.00022719086621134064,0.00022719086621134064,True,-0.9799245501103354,-0.1982261273757315,1506882457243075.5,1.8757167365973556e+16,CONVERGED
S1,S1_cons,Conservative Mechanical Baseline (beta -> 0),1.7469696969696968,950257.2372372204,3,5.977670927745642e-06,1.9027517526548697e-06,3.938359026865687,3.938359026865687,False,0.01948015494228031,1.1644595586783656e-07,1506882457243075.5,1.8757167365973556e+16,CONVERGED
S1,S1_cons,Conservative Mechanical Baseline (beta -> 0),1.7469696969696968,950257.2372372204,4,7.359777718396064e-06,2.34269000788065e-06,1.4561347377273428,1.4561347377273428,False,0.2331356659061429,-1.7158266793304395e-06,1506882457243075.5,1.8757167365973556e+16,CONVERGED
S1,S1_cons,Conservative Mechanical Baseline (beta -> 0),1.7646464646464646,959872.4448993491,0,2.910125771923123,0.9263218032413653,0.00012434918829029018,0.00012434918829029018,True,-0.973209906150039,-0.22937700651488463,1537531613738130.2,1.1565801952346104e+16,CONVERGED
S1,S1_cons,Conservative Mechanical Baseline (beta -> 0),1.7646464646464646,959872.4448993491,1,1.187863279579053e-05,3.7810862532471266e-06,4.8861211430762825,4.8861211430762825,False,0.007550653651230224,8.96914420953774e-08,1537531613738130.2,1.1565801952346104e+16,CONVERGED
S1,S1_cons,Conservative Mechanical Baseline (beta -> 0),1.7646464646464646,959872.4448993491,2,2.9101304240529187,0.9263232840602711,0.00013930657827204043,0.00013930657827204043,True,-0.9731964166439175,0.2293690482256391,1537531613738130.2,1.1565801952346104e+16,CONVERGED
S1,S1_cons,Conservative Mechanical Baseline (beta -> 0),1.7646464646464646,959872.4448993491,3,2.0344755875889187e-05,6.475936927291294e-06,3.9473718227417076,3.9473718227417076,False,0.019305373098160293,-3.9276310282921906e-07,1537531613738130.2,1.1565801952346104e+16,CONVERGED
S1,S1_cons,Conservative Mechanical Baseline (beta -> 0),1.7646464646464646,959872.4448993491,4,2.3967951542017742e-05,7.629235927398278e-06,1.4590958734168578,1.4590958734168578,False,0.23244634060133582,-5.571262628718995e-06,1537531613738130.2,1.1565801952346104e+16,CONVERGED
S1,S1_cons,Conservative Mechanical Baseline (beta -> 0),1.7823232323232323,969487.6525614776,0,2.8792039899561237,0.9164790943428498,-2.4161447178685636e-07,2.4161447178685636e-07,True,-0.9657733761269592,0.25938825955196054,1568489333580604.5,4.427394851548132e+16,CONVERGED
S1,S1_cons,Conservative Mechanical Baseline (beta -> 0),1.7823232323232323,969487.6525614776,1,2.9103584936720722e-05,9.263958808747857e-06,4.900392208726792,4.900392208726792,False,0.007443663025577127,-2.1663727916637674e-07,1568489333580604.5,4.427394851548132e+16,CONVERGED
S1,S1_cons,Conservative Mechanical Baseline (beta -> 0),1.7823232323232323,969487.6525614776,2,2.879203726200075,0.916479010386692,-1.626211479145732e-07,1.626211479145732e-07,True,-0.9657732314220625,-0.2593884937905612,1568489333580604.5,4.427394851548132e+16,CONVERGED
S1,S1_cons,Conservative Mechanical Baseline (beta -> 0),1.7823232323232323,969487.6525614776,3,5.915991889244972e-07,1.8831187049297958e-07,3.9570042021372043,3.9570042021372043,False,0.019120309158014544,-1.131155938986836e-08,1568489333580604.5,4.427394851548132e+16,CONVERGED
S1,S1_cons,Conservative Mechanical Baseline (beta -> 0),1.7823232323232323,969487.6525614776,4,2.8621821513710363e-05,9.110608748401918e-06,1.4602434178299986,1.4602434178299986,False,0.23217975106431682,6.645407395875238e-06,1568489333580604.5,4.427394851548132e+16,CONVERGED
S1,S1_cons,Conservative Mechanical Baseline (beta -> 0),1.8,979102.8602236061,0,2.8480107101408314,0.906549964995145,2.0677059512087944e-05,2.0677059512087944e-05,True,-0.957193673567698,-0.28937677518767946,1599755616770511.0,2.7920023639645896e+16,CONVERGED
S1,S1_cons,Conservative Mechanical Baseline (beta -> 0),1.8,979102.8602236061,1,1.2315731844361988e-05,3.920219201648951e-06,4.914552812075197,4.914552812075197,False,0.007338999069915202,9.038514455566745e-08,1599755616770511.0,2.7920023639645896e+16,CONVERGED
S1,S1_cons,Conservative Mechanical Baseline (beta -> 0),1.8,979102.8602236061,2,2.8480111636073002,0.906550109338005,2.687559031312156e-05,2.687559031312156e-05,True,-0.957187871613371,0.2893745474298099,1599755616770511.0,2.7920023639645896e+16,CONVERGED
S1,S1_cons,Conservative Mechanical Baseline (beta -> 0),1.8,979102.8602236061,3,5.29739354834778e-06,1.686212737445329e-06,3.9649714428847167,3.9649714428847167,False,0.018968578292306408,-1.0048402426793366e-07,1599755616770511.0,2.7920023639645896e+16,CONVERGED
S1,S1_cons,Conservative Mechanical Baseline (beta -> 0),1.8,979102.8602236061,4,3.079000174295267e-07,9.800761950397982e-08,1.4595011358800174,1.4595011358800174,False,0.23235215797716274,7.154123349095882e-08,1599755616770511.0,2.7920023639645896e+16,CONVERGED
S1,S1_dpl,Active DPL Thermoelastic Baseline,0.05,27197.301672877948,0,2.1988025749428903e-08,6.999005973706973e-09,3.135127197658043,3.135127197658043,False,0.043494221114371845,-9.563520538141626e-10,4069175047042571.5,7.98851405499901e+16,CONVERGED
S1,S1_dpl,Active DPL Thermoelastic Baseline,0.05,27197.301672877948,1,4.695486466281939e-05,1.4946197626597335e-05,3.1718803055377403,3.1718803055377403,False,0.04192469246585576,-1.9685682622113207e-06,4069175047042571.5,7.98851405499901e+16,CONVERGED
S1,S1_dpl,Active DPL Thermoelastic Baseline,0.05,27197.301672877948,2,0.19125043663941424,0.06087690471929222,0.027681872870309016,0.027681872870309016,True,0.9549628637584847,0.18489688873028962,4069175047042571.5,7.98851405499901e+16,CONVERGED
S1,S1_dpl,Active DPL Thermoelastic Baseline,0.05,27197.301672877948,3,0.2729950363463195,0.08689701894813676,8.26910520654012e-07,8.26910520654012e-07,True,0.9629669082986475,-0.2696165419666799,4069175047042571.5,7.98851405499901e+16,CONVERGED
S1,S1_dpl,Active DPL Thermoelastic Baseline,0.05,27197.301672877948,4,0.27299614404807354,0.08689737154055602,1.8387560872136326e-06,1.8387560872136326e-06,True,0.9629656352703385,0.2696173358354039,4069175047042571.5,7.98851405499901e+16,CONVERGED
S1,S1_dpl,Active DPL Thermoelastic Baseline,0.06767676767676768,36812.509335006514,0,0.021410785129019647,0.006815264577523842,-0.19593076836545997,0.19593076836545997,False,1.2161638748807608,-0.026043003087796092,1.007278466470619e+16,7.002934961883128e+16,CONVERGED
S1,S1_dpl,Active DPL Thermoelastic Baseline,0.06767676767676768,36812.509335006514,1,1.1563846390286488e-08,3.680886628338931e-09,-3.14132774416182,3.14132774416182,False,23.134563257031576,2.67524535810679e-07,1.007278466470619e+16,7.002934961883128e+16,CONVERGED
S1,S1_dpl,Active DPL Thermoelastic Baseline,0.06767676767676768,36812.509335006514,2,0.30292162912351583,0.09642294928891477,-0.13331363728418838,0.13331363728418838,False,1.0905842222639908,0.3408515757620867,1.007278466470619e+16,7.002934961883128e+16,CONVERGED
S1,S1_dpl,Active DPL Thermoelastic Baseline,0.06767676767676768,36812.509335006514,3,0.3688218096474623,0.11739962825098343,-9.278338835483057e-07,9.278338835483057e-07,True,0.9327536156638702,0.3605170566498429,1.007278466470619e+16,7.002934961883128e+16,CONVERGED
S1,S1_dpl,Active DPL Thermoelastic Baseline,0.06767676767676768,36812.509335006514,4,0.3688186764561956,0.11739863092522794,9.552487417759174e-07,9.552487417759174e-07,True,0.9327529887755845,-0.3605134552753277,1.007278466470619e+16,7.002934961883128e+16,CONVERGED
S1,S1_dpl,Active DPL Thermoelastic Baseline,0.08535353535353535,46427.71699713508,0,0.44172116020708113,0.14060421223048797,-0.44893578914039767,0.44893578914039767,False,1.4162731960867485,-0.6697341560585303,2.016113722121108e+16,1.2998710994285942e+17,CONVERGED
S1,S1_dpl,Active DPL Thermoelastic Baseline,0.08535353535353535,46427.71699713508,1,9.353570974118268e-09,2.977334112183594e-09,3.1492662857326503,3.1492662857326503,False,0.04288357962116502,-4.011146056108188e-10,2.016113722121108e+16,1.2998710994285942e+17,CONVERGED
S1,S1_dpl,Active DPL Thermoelastic Baseline,0.08535353535353535,46427.71699713508,2,0.5362000234000163,0.17067776842020507,-0.4460058259454488,0.4460058259454488,False,1.342835033732108,0.7980145907920977,2.016113722121108e+16,1.2998710994285942e+17,CONVERGED
S1,S1_dpl,Active DPL Thermoelastic Baseline,0.08535353535353535,46427.71699713508,3,0.46405178077621,0.1477122695222608,-1.2081119964712964e-07,1.2081119964712964e-07,True,0.8942464748724447,-0.4475751152607064,2.016113722121108e+16,1.2998710994285942e+17,CONVERGED
S1,S1_dpl,Active DPL Thermoelastic Baseline,0.08535353535353535,46427.71699713508,4,0.46405077749135837,0.14771195016677385,1.6401227035720274e-07,1.6401227035720274e-07,True,0.8942466692148521,0.4475740905969156,2.016113722121108e+16,1.2998710994285942e+17,CONVERGED
S1,S1_dpl,Active DPL Thermoelastic Baseline,0.10303030303030303,56042.924659263655,0,2.5085053881344893e-05,7.98482064588515e-06,-0.668439572242241,0.668439572242241,False,1.9511902518448339,4.8945712610549094e-05,3.5362837229609884e+16,1.014597751006236e+17,CONVERGED
S1,S1_dpl,Active DPL Thermoelastic Baseline,0.10303030303030303,56042.924659263655,1,2.902135740421322e-08,9.237784972234221e-09,3.1588526013442157,3.1588526013442157,False,0.04247444825672838,-1.2326661434052757e-09,3.5362837229609884e+16,1.014597751006236e+17,CONVERGED
S1,S1_dpl,Active DPL Thermoelastic Baseline,0.10303030303030303,56042.924659263655,2,4.43034380842086e-09,1.4102222334135057e-09,-3.158852672029726,3.158852672029726,False,23.54356823286345,1.0430610174860064e-07,3.5362837229609884e+16,1.014597751006236e+17,CONVERGED
S1,S1_dpl,Active DPL Thermoelastic Baseline,0.10303030303030303,56042.924659263655,3,0.5585618980589341,0.1777957741977414,-3.6027920558678e-07,3.6027920558678e-07,True,0.8480184400560077,-0.5299674007744685,3.5362837229609884e+16,1.014597751006236e+17,CONVERGED
S1,S1_dpl,Active DPL Thermoelastic Baseline,0.10303030303030303,56042.924659263655,4,0.5585605593283824,0.17779534806657188,-3.383583113431598e-08,3.383583113431598e-08,True,0.848018872708611,0.5299660925018517,3.5362837229609884e+16,1.014597751006236e+17,CONVERGED
S1,S1_dpl,Active DPL Thermoelastic Baseline,0.12070707070707071,65658.13232139223,0,1.3882412563053489e-05,4.418909162901982e-06,-3.089941936197579,3.089941936197579,False,21.97580193797855,0.0003050771489265669,5.668499565097445e+16,1.1087070858752256e+17,CONVERGED
S1,S1_dpl,Active DPL Thermoelastic Baseline,0.12070707070707071,65658.13232139223,1,3.2200039819829015e-08,1.0249591010163301e-08,3.16998379283826,3.16998379283826,False,0.04200427866806702,1.3525394457149528e-09,5.668499565097445e+16,1.1087070858752256e+17,CONVERGED
S1,S1_dpl,Active DPL Thermoelastic Baseline,0.12070707070707071,65658.13232139223,2,4.677459413226955e-08,1.4888815734535725e-08,-3.1699837749101034,3.1699837749101034,False,23.807098080988435,1.1135673502053682e-06,5.668499565097445e+16,1.1087070858752256e+17,CONVERGED
S1,S1_dpl,Active DPL Thermoelastic Baseline,0.12070707070707071,65658.13232139223,3,0.652241077976739,0.20761478329516875,3.089844732423636e-08,3.089844732423636e-08,True,0.7947255060659117,-0.6069689516041061,5.668499565097445e+16,1.1087070858752256e+17,CONVERGED
S1,S1_dpl,Active DPL Thermoelastic Baseline,0.12070707070707071,65658.13232139223,4,0.6522395375471903,0.20761429296121442,-4.127108796552008e-07,4.127108796552008e-07,True,0.7947267936060168,0.6069679966413382,5.668499565097445e+16,1.1087070858752256e+17,CONVERGED
S1,S1_dpl,Active DPL Thermoelastic Baseline,0.1383838383838384,75273.3399835208,0,1.0509702469078536e-05,3.3453421967578926e-06,-3.0627692523684753,3.0627692523684753,False,21.386700402515288,0.00022476785803403332,8.509012397136402e+16,9.847026251806722e+16,CONVERGED
S1,S1_dpl,Active DPL Thermoelastic Baseline,0.1383838383838384,75273.3399835208,1,1.434302126359078e-05,4.565525465945271e-06,3.1752907200542686,3.1752907200542686,False,0.04178195546242354,-5.992794756730388e-07,8.509012397136402e+16,9.847026251806722e+16,CONVERGED
S1,S1_dpl,Active DPL Thermoelastic Baseline,0.1383838383838384,75273.3399835208,2,8.096260609557255e-09,2.5771197931424777e-09,-3.1825474391155884,3.1825474391155884,False,24.10808928401774,-1.951853736418822e-07,8.509012397136402e+16,9.847026251806722e+16,CONVERGED
S1,S1_dpl,Active DPL Thermoelastic Baseline,0.1383838383838384,75273.3399835208,3,0.7449992437950943,0.2371406244994266,1.362891436962335e-06,1.362891436962335e-06,True,0.7350874132217164,-0.6779703305778554,8.509012397136402e+16,9.847026251806722e+16,CONVERGED
S1,S1_dpl,Active DPL Thermoelastic Baseline,0.1383838383838384,75273.3399835208,4,0.7449960510964585,0.2371396082318872,-2.768314387364641e-07,2.768314387364641e-07,True,0.7350907831171041,0.6779690953423418,8.509012397136402e+16,9.847026251806722e+16,CONVERGED
S1,S1_dpl,Active DPL Thermoelastic Baseline,0.15606060606060607,84888.54764564935,0,2.098486066823045e-05,6.67968861088714e-06,-3.034683777246111,3.034683777246111,False,20.79440119228849,0.0004363676117635127,1.2153553263944131e+17,1.6832907647395568e+17,CONVERGED
S1,S1_dpl,Active DPL Thermoelastic Baseline,0.15606060606060607,84888.54764564935,1,1.4733372823983787e-05,4.689778226705634e-06,3.176354753726245,3.176354753726245,False,0.04173752169839627,-6.149344679760803e-07,1.2153553263944131e+17,1.6832907647395568e+17,CONVERGED
S1,S1_dpl,Active DPL Thermoelastic Baseline,0.15606060606060607,84888.54764564935,2,8.704608332586662e-07,2.7707628876201363e-07,3.196425769267589,3.196425769267589,False,0.040908158182149476,3.560894945832015e-08,1.2153553263944131e+17,1.6832907647395568e+17,CONVERGED
S1,S1_dpl,Active DPL Thermoelastic Baseline,0.15606060606060607,84888.54764564935,3,0.836753348734908,0.2663468631997143,-5.905308458180161e-07,5.905308458180161e-07,True,0.6698772959302397,-0.7424726186598258,1.2153553263944131e+17,1.6832907647395568e+17,CONVERGED
S1,S1_dpl,Active DPL Thermoelastic Baseline,0.15606060606060607,84888.54764564935,4,0.836763312701415,0.2663500348287591,-3.4200445560625976e-06,3.4200445560625976e-06,True,0.6698717933334241,0.7424813941162216,1.2153553263944131e+17,1.6832907647395568e+17,CONVERGED
S1,S1_dpl,Active DPL Thermoelastic Baseline,0.17373737373737375,94503.75530777793,0,1.828573874788807e-05,5.8205314196267825e-06,-3.0013240785970576,3.0013240785970576,False,20.112149363971454,0.00036776550896907493,1.6693113497916925e+17,8.452860947294011e+16,CONVERGED
S1,S1_dpl,Active DPL Thermoelastic Baseline,0.17373737373737375,94503.75530777793,1,1.3949850604321213e-05,4.440375358142369e-06,3.1772083238102757,3.1772083238102757,False,0.041701910999237576,-5.817354283917986e-07,1.6693113497916925e+17,8.452860947294011e+16,CONVERGED
S1,S1_dpl,Active DPL Thermoelastic Baseline,0.17373737373737375,94503.75530777793,2,6.5841284469999e-07,2.0957931765839965e-07,3.2114992420743653,3.2114992420743653,False,0.040296154272088935,-2.6531505564759565e-08,1.6693113497916925e+17,8.452860947294011e+16,CONVERGED
S1,S1_dpl,Active DPL Thermoelastic Baseline,0.17373737373737375,94503.75530777793,3,0.9274682365665191,0.29522230882056977,3.077301112574021e-06,3.077301112574021e-06,True,0.5998597302162825,0.8001013370077338,1.6693113497916925e+17,8.452860947294011e+16,CONVERGED
S1,S1_dpl,Active DPL Thermoelastic Baseline,0.17373737373737375,94503.75530777793,4,0.927474224089198,0.2952242147082322,-2.129668526050018e-06,2.129668526050018e-06,True,0.5998580630152189,-0.8001090948000483,1.6693113497916925e+17,8.452860947294011e+16,CONVERGED
S1,S1_dpl,Active DPL Thermoelastic Baseline,0.19141414141414143,104118.96296990648,0,1.063519799902952e-05,3.3852886646131646e-06,-2.9665268852758935,2.9665268852758935,False,19.424339346892147,0.00020658169496232635,2.2213979713109872e+17,1.2146078809912189e+17,CONVERGED
S1,S1_dpl,Active DPL Thermoelastic Baseline,0.19141414141414143,104118.96296990648,1,1.2750712124395776e-05,4.0586777250787e-06,3.178163075915774,3.178163075915774,False,0.04166211501324874,-5.312216350561908e-07,2.2213979713109872e+17,1.2146078809912189e+17,CONVERGED
S1,S1_dpl,Active DPL Thermoelastic Baseline,0.19141414141414143,104118.96296990648,2,2.040081418075761e-07,6.493780839933618e-08,3.227648649773426,3.227648649773426,False,0.03965062176159354,-8.08904966709785e-09,2.2213979713109872e+17,1.2146078809912189e+17,CONVERGED
S1,S1_dpl,Active DPL Thermoelastic Baseline,0.19141414141414143,104118.96296990648,3,1.017096176275101,0.3237517681080961,-1.3419632570849959e-08,1.3419632570849959e-08,True,0.5258381197615207,0.850584680466874,2.2213979713109872e+17,1.2146078809912189e+17,CONVERGED
S1,S1_dpl,Active DPL Thermoelastic Baseline,0.19141414141414143,104118.96296990648,4,1.0170968513911918,0.32375198300422214,-2.58042801981923e-06,2.58042801981923e-06,True,0.5258388953491185,-0.8505872189301786,2.2213979713109872e+17,1.2146078809912189e+17,CONVERGED
S1,S1_dpl,Active DPL Thermoelastic Baseline,0.2090909090909091,113734.17063203505,0,4.289227505951e-08,1.3653035192356473e-08,-3.24475767233259,3.24475767233259,False,25.65549227128917,1.1004224312872687e-06,2.8796412336091216e+17,2.2733767710064346e+17,CONVERGED
S1,S1_dpl,Active DPL Thermoelastic Baseline,0.2090909090909091,113734.17063203505,1,1.4083772181287853e-05,4.483003920064174e-06,3.179291088631325,3.179291088631325,False,0.04161514611275113,-5.86098237181745e-07,2.8796412336091216e+17,2.2733767710064346e+17,CONVERGED
S1,S1_dpl,Active DPL Thermoelastic Baseline,0.2090909090909091,113734.17063203505,2,2.6203481267416347e-05,8.340827139850388e-06,-2.9313855013031724,2.9313855013031724,False,18.75359562990691,0.0004914094918974378,2.8796412336091216e+17,2.2733767710064346e+17,CONVERGED
S1,S1_dpl,Active DPL Thermoelastic Baseline,0.2090909090909091,113734.17063203505,3,1.105603467999466,0.35192451406331426,5.23081828072085e-06,5.23081828072085e-06,True,0.4485928279419023,0.8937303917497984,2.8796412336091216e+17,2.2733767710064346e+17,CONVERGED
S1,S1_dpl,Active DPL Thermoelastic Baseline,0.2090909090909091,113734.17063203505,4,1.105618807156152,0.3519293966685331,-1.9344782369957297e-06,1.9344782369957297e-06,True,0.44858233303252754,-0.893743676595842,2.8796412336091216e+17,2.2733767710064346e+17,CONVERGED
S1,S1_dpl,Active DPL Thermoelastic Baseline,0.22676767676767678,123349.37829416365,0,3.65271698951579e-08,1.1626959291943698e-08,-3.2627149702618956,3.2627149702618956,False,26.12035695453676,9.54102716200534e-07,3.653146723654493e+17,3.7386352516283616e+17,CONVERGED
S1,S1_dpl,Active DPL Thermoelastic Baseline,0.22676767676767678,123349.37829416365,1,1.3238356441903382e-05,4.2138997322827175e-06,3.1798994825790006,3.1798994825790006,False,0.04158983541042474,-5.505810655554617e-07,3.653146723654493e+17,3.7386352516283616e+17,CONVERGED
S1,S1_dpl,Active DPL Thermoelastic Baseline,0.22676767676767678,123349.37829416365,2,2.2271832111393852e-05,7.089344344482272e-06,-2.889693950987099,2.889693950987099,False,17.987803605041346,0.00040062134201044664,3.653146723654493e+17,3.7386352516283616e+17,CONVERGED
S1,S1_dpl,Active DPL Thermoelastic Baseline,0.22676767676767678,123349.37829416365,3,1.1929939833970171,0.37974177907305157,9.190208028610781e-06,9.190208028610781e-06,True,0.3688752993160234,-0.929469006103687,3.653146723654493e+17,3.7386352516283616e+17,CONVERGED
S1,S1_dpl,Active DPL Thermoelastic Baseline,0.22676767676767678,123349.37829416365,4,1.1930204336937944,0.3797501984640083,-8.892257486062152e-06,8.892257486062152e-06,True,0.3688573842465607,0.9294955700593213,3.653146723654493e+17,3.7386352516283616e+17,CONVERGED
S1,S1_dpl,Active DPL Thermoelastic Baseline,0.24444444444444446,132964.58595629223,0,1.8375334866279805e-07,5.8490507498745654e-08,3.281414763679458,3.281414763679458,False,0.037575059355907554,-6.904542982851491e-09,4.5479555057965357e+17,7.986707414704728e+16,CONVERGED
S1,S1_dpl,Active DPL Thermoelastic Baseline,0.24444444444444446,132964.58595629223,1,1.228890488513979e-05,3.911679915312276e-06,3.180669356782289,3.180669356782289,False,0.04155782879164299,-5.107002052791328e-07,4.5479555057965357e+17,7.986707414704728e+16,CONVERGED
S1,S1_dpl,Active DPL Thermoelastic Baseline,0.24444444444444446,132964.58595629223,2,1.360403069372046e-05,4.330297461758955e-06,-2.848551656649981,2.848551656649981,False,17.262761318630787,0.00023484313485151097,4.5479555057965357e+17,7.986707414704728e+16,CONVERGED
S1,S1_dpl,Active DPL Thermoelastic Baseline,0.24444444444444446,132964.58595629223,3,1.2792812446128732,0.40720786736978176,4.26398901304047e-06,4.26398901304047e-06,True,0.28740248908966554,0.957805450664905,4.5479555057965357e+17,7.986707414704728e+16,CONVERGED
S1,S1_dpl,Active DPL Thermoelastic Baseline,0.24444444444444446,132964.58595629223,4,1.2792801439219597,0.40720751700898233,-4.622869607001885e-07,4.622869607001885e-07,True,0.28740490168891936,-0.957809661185108,4.5479555057965357e+17,7.986707414704728e+16,CONVERGED
S1,S1_dpl,Active DPL Thermoelastic Baseline,0.2621212121212121,142579.79361842075,0,8.557068328701452e-07,2.723799445775879e-07,3.300759506150798,3.300759506150798,False,0.0368551650440517,-3.1537216554759665e-08,5.576263772409091e+17,8.432448575242978e+16,CONVERGED
S1,S1_dpl,Active DPL Thermoelastic Baseline,0.2621212121212121,142579.79361842075,1,1.1528633743945265e-05,3.669678094889826e-06,3.180913247959416,3.180913247959416,False,0.04154769444012607,-4.789881521267852e-07,5.576263772409091e+17,8.432448575242978e+16,CONVERGED
S1,S1_dpl,Active DPL Thermoelastic Baseline,0.2621212121212121,142579.79361842075,2,1.1309334069302579e-05,3.59987284041417e-06,-2.8022180076129355,2.8022180076129355,False,16.481161601891177,0.00018639096241389587,5.576263772409091e+17,8.432448575242978e+16,CONVERGED
S1,S1_dpl,Active DPL Thermoelastic Baseline,0.2621212121212121,142579.79361842075,3,1.364449609644645,0.4343177999495046,-2.8500392578294657e-06,2.8500392578294657e-06,True,0.20488607705828404,-0.978788738963842,5.576263772409091e+17,8.432448575242978e+16,CONVERGED
S1,S1_dpl,Active DPL Thermoelastic Baseline,0.2621212121212121,142579.79361842075,4,1.3644486193721408,0.4343174847359765,-8.174371612963627e-06,8.174371612963627e-06,True,0.20488813721539326,0.9787937474796585,5.576263772409091e+17,8.432448575242978e+16,CONVERGED
S1,S1_dpl,Active DPL Thermoelastic Baseline,0.27979797979797977,152195.0012805493,0,2.950822421388095e-05,9.392759491006221e-06,-2.7552895104291912,2.7552895104291912,False,15.72559296015952,0.00046403432309929867,6.734524401256123e+17,8.191813215999339e+16,CONVERGED
S1,S1_dpl,Active DPL Thermoelastic Baseline,0.27979797979797977,152195.0012805493,1,1.368160773711955e-05,4.3549910016137945e-06,3.1810792904814633,3.1810792904814633,False,0.04154079632773436,-5.683448804790999e-07,6.734524401256123e+17,8.191813215999339e+16,CONVERGED
S1,S1_dpl,Active DPL Thermoelastic Baseline,0.27979797979797977,152195.0012805493,2,1.0021600519950696e-07,3.189974520884924e-08,-3.320661762825168,3.320661762825168,False,27.678661208232757,-2.7738448555596548e-06,6.734524401256123e+17,8.191813215999339e+16,CONVERGED
S1,S1_dpl,Active DPL Thermoelastic Baseline,0.27979797979797977,152195.0012805493,3,1.4485418264451118,0.4610851839082038,-1.965267942251368e-06,1.965267942251368e-06,True,0.12195042823984763,0.9925381723620139,6.734524401256123e+17,8.191813215999339e+16,CONVERGED
S1,S1_dpl,Active DPL Thermoelastic Baseline,0.27979797979797977,152195.0012805493,4,1.448545449916507,0.46108633729497117,-4.047108302932091e-06,4.047108302932091e-06,True,0.12194708567947157,-0.992540680548484,6.734524401256123e+17,8.191813215999339e+16,CONVERGED
S1,S1_dpl,Active DPL Thermoelastic Baseline,0.29747474747474745,161810.20894267788,0,1.7449447733933647e-05,5.554331722158423e-06,-2.7056086407402504,2.7056086407402504,False,14.96342126505558,0.00026110343731191915,8.038778865589847e+17,1.1710280646823794e+17,CONVERGED
S1,S1_dpl,Active DPL Thermoelastic Baseline,0.29747474747474745,161810.20894267788,1,1.1864003977651906e-05,3.7764297558104183e-06,3.1808518586576056,3.1808518586576056,False,0.04155024510220748,-4.929522731881296e-07,8.038778865589847e+17,1.1710280646823794e+17,CONVERGED
S1,S1_dpl,Active DPL Thermoelastic Baseline,0.29747474747474745,161810.20894267788,2,7.913288106476912e-06,2.5188778365122104e-06,3.3410301519418373,3.3410301519418373,False,0.03540047106630604,2.80134126658527e-07,8.038778865589847e+17,1.1710280646823794e+17,CONVERGED
S1,S1_dpl,Active DPL Thermoelastic Baseline,0.29747474747474745,161810.20894267788,3,1.5315599146110055,0.4875106621034853,4.875617429360725e-06,4.875617429360725e-06,True,0.03922615432307246,-0.9992254788733657,8.038778865589847e+17,1.1710280646823794e+17,CONVERGED
S1,S1_dpl,Active DPL Thermoelastic Baseline,0.29747474747474745,161810.20894267788,4,1.531572646901037,0.4875147149172761,-9.591563202539258e-06,9.591563202539258e-06,True,0.03921399920319572,0.9992404343184348,8.038778865589847e+17,1.1710280646823794e+17,CONVERGED
S1,S1_dpl,Active DPL Thermoelastic Baseline,0.3151515151515151,171425.41660480644,0,9.932869651378677e-06,3.161730608208775e-06,-2.6541097356889107,2.6541097356889107,False,14.212327696695034,0.00014116919845859338,9.4885044762414e+17,8.18884562508047e+16,CONVERGED
S1,S1_dpl,Active DPL Thermoelastic Baseline,0.3151515151515151,171425.41660480644,1,1.0831471418072176e-05,3.4477644342895364e-06,3.1802733051432233,3.1802733051432233,False,0.04157429109829884,-4.5031074577544666e-07,9.4885044762414e+17,8.18884562508047e+16,CONVERGED
S1,S1_dpl,Active DPL Thermoelastic Baseline,0.3151515151515151,171425.41660480644,2,1.2392678374662826e-06,3.9447120429512485e-07,3.3617980302127353,3.3617980302127353,False,0.03467286001407423,-4.296896024843491e-08,9.4885044762414e+17,8.18884562508047e+16,CONVERGED
S1,S1_dpl,Active DPL Thermoelastic Baseline,0.3151515151515151,171425.41660480644,3,1.6135759345752172,0.5136171720835411,-1.0211389500846403e-06,1.0211389500846403e-06,True,-0.04276660418829803,-0.9990861123277548,9.4885044762414e+17,8.18884562508047e+16,CONVERGED
S1,S1_dpl,Active DPL Thermoelastic Baseline,0.3151515151515151,171425.41660480644,4,1.6135727454031727,0.5136161569385506,-2.9764017502774166e-06,2.9764017502774166e-06,True,-0.042763501544383124,0.9990882021908186,9.4885044762414e+17,8.18884562508047e+16,CONVERGED
S1,S1_dpl,Active DPL Thermoelastic Baseline,0.3328282828282828,181040.62426693502,0,1.44925625910996e-06,4.6131259488843764e-07,-2.6005067524690877,2.6005067524690877,False,13.470562546502915,1.952229708426522e-05,1.1084373118402094e+18,8.095215819245992e+16,CONVERGED
S1,S1_dpl,Active DPL Thermoelastic Baseline,0.3328282828282828,181040.62426693502,1,9.545175366314961e-06,3.0383236844560376e-06,3.179234858271502,3.179234858271502,False,0.04161748621541443,-3.972462042433907e-07,1.1084373118402094e+18,8.095215819245992e+16,CONVERGED
S1,S1_dpl,Active DPL Thermoelastic Baseline,0.3328282828282828,181040.62426693502,2,7.516898916514181e-07,2.3927032385706886e-07,3.3828931638828283,3.3828931638828283,False,0.03394909222628869,2.5519189457247753e-08,1.1084373118402094e+18,8.095215819245992e+16,CONVERGED
S1,S1_dpl,Active DPL Thermoelastic Baseline,0.3328282828282828,181040.62426693502,3,1.69458651633041,0.5394036411417191,1.9761702204714563e-07,1.9761702204714563e-07,True,-0.12347424691724061,-0.9923475777741659,1.1084373118402094e+18,8.095215819245992e+16,CONVERGED
S1,S1_dpl,Active DPL Thermoelastic Baseline,0.3328282828282828,181040.62426693502,4,1.6945843632105708,0.5394029557823882,-2.8674327833780703e-07,2.8674327833780703e-07,True,-0.1234721700787004,0.9923483242807324,1.1084373118402094e+18,8.095215819245992e+16,CONVERGED
S1,S1_dpl,Active DPL Thermoelastic Baseline,0.3505050505050505,190655.83192906357,0,5.646072875292599e-05,1.797200814319775e-05,-2.544816553038431,2.544816553038431,False,12.740890573694221,0.0007193599675164563,1.2891036914680484e+18,6.441004739987721e+16,CONVERGED
S1,S1_dpl,Active DPL Thermoelastic Baseline,0.3505050505050505,190655.83192906357,1,1.718487508057197e-05,5.470115630979525e-06,3.177659526294568,3.177659526294568,False,0.0416830992355717,-7.16318853404899e-07,1.2891036914680484e+18,6.441004739987721e+16,CONVERGED
S1,S1_dpl,Active DPL Thermoelastic Baseline,0.3505050505050505,190655.83192906357,2,3.1413665377026923e-06,9.999280250777126e-07,3.4042532286884244,3.4042532286884244,False,0.033231627243898276,-1.0439272181773457e-07,1.2891036914680484e+18,6.441004739987721e+16,CONVERGED
S1,S1_dpl,Active DPL Thermoelastic Baseline,0.3505050505050505,190655.83192906357,3,1.7746461877221882,0.5648874260303478,6.204268368726305e-06,6.204268368726305e-06,True,-0.20243971322464496,0.9792883916649741,1.2891036914680484e+18,6.441004739987721e+16,CONVERGED
S1,S1_dpl,Active DPL Thermoelastic Baseline,0.3505050505050505,190655.83192906357,4,1.774651832765004,0.564889222903284,1.0921435130026043e-06,1.0921435130026043e-06,True,-0.20244627627431483,-0.9792922551200042,1.2891036914680484e+18,6.441004739987721e+16,CONVERGED
S1,S1_dpl,Active DPL Thermoelastic Baseline,0.36818181818181817,200271.03959119215,0,6.038689433861436e-05,1.9221745463916932e-05,-2.4868196263059295,2.4868196263059295,False,12.022977667176434,-0.000726030282905812,1.4812207040448358e+18,5.323889877838283e+16,CONVERGED
S1,S1_dpl,Active DPL Thermoelastic Baseline,0.36818181818181817,200271.03959119215,1,1.9558596455034352e-09,6.225694611516677e-10,3.1754307309122587,3.1754307309122587,False,0.04177610594879544,-8.1708199771525e-11,1.4812207040448358e+18,5.323889877838283e+16,CONVERGED
S1,S1_dpl,Active DPL Thermoelastic Baseline,0.36818181818181817,200271.03959119215,2,4.972176266256303e-05,1.582692861397789e-05,3.4258254704222786,3.4258254704222786,False,0.032522423566691015,1.6170722271269614e-06,1.4812207040448358e+18,5.323889877838283e+16,CONVERGED
S1,S1_dpl,Active DPL Thermoelastic Baseline,0.36818181818181817,200271.03959119215,3,1.8537923247043029,0.5900804238850114,2.6627636578589572e-05,2.6627636578589572e-05,True,-0.27922628882181794,-0.9601975972557286,1.4812207040448358e+18,5.323889877838283e+16,CONVERGED
S1,S1_dpl,Active DPL Thermoelastic Baseline,0.36818181818181817,200271.03959119215,4,1.8537994511259366,0.5900826922954705,-3.0404967074339546e-05,3.0404967074339546e-05,True,-0.2792490574343198,0.9602503713642365,1.4812207040448358e+18,5.323889877838283e+16,CONVERGED
S1,S1_dpl,Active DPL Thermoelastic Baseline,0.38585858585858585,209886.2472533207,0,2.5675288093661602e-05,8.17269803082946e-06,-2.426826161409863,2.426826161409863,False,11.322887967942806,0.00029071841069306867,1.6896742116944788e+18,1.2712819967746715e+17,CONVERGED
S1,S1_dpl,Active DPL Thermoelastic Baseline,0.38585858585858585,209886.2472533207,1,1.2996574858355988e-05,4.13693826394241e-06,3.172505482943986,3.172505482943986,False,0.0418984903293704,-5.445368660484263e-07,1.6896742116944788e+18,1.2712819967746715e+17,CONVERGED
S1,S1_dpl,Active DPL Thermoelastic Baseline,0.38585858585858585,209886.2472533207,2,2.860395336313704e-07,9.104921139426608e-08,-3.4475663896441704,3.4475663896441704,False,31.423825832085125,8.988456485923285e-06,1.6896742116944788e+18,1.2712819967746715e+17,CONVERGED
S1,S1_dpl,Active DPL Thermoelastic Baseline,0.38585858585858585,209886.2472533207,3,1.9320892198009663,0.6150030996517745,2.560366209721127e-07,2.560366209721127e-07,True,-0.3534838624650076,0.9354403491958794,1.6896742116944788e+18,1.2712819967746715e+17,CONVERGED
S1,S1_dpl,Active DPL Thermoelastic Baseline,0.38585858585858585,209886.2472533207,4,1.9320816201178088,0.6150006805974937,-4.357905749578549e-06,4.357905749578549e-06,True,-0.35347838432966544,-0.935447351624436,1.6896742116944788e+18,1.2712819967746715e+17,CONVERGED
S1,S1_dpl,Active DPL Thermoelastic Baseline,0.4035353535353535,219501.45491544926,0,1.5678265620308163e-05,4.99054694515953e-06,-2.364623208999291,2.364623208999291,False,10.64002899364464,-0.00016681720078380913,1.9140763683400274e+18,2.545744907660311e+17,CONVERGED
S1,S1_dpl,Active DPL Thermoelastic Baseline,0.4035353535353535,219501.45491544926,1,6.072148967764036e-06,1.9328250468199922e-06,3.1687554199033885,3.1687554199033885,False,0.04205590728946558,-2.55369734039247e-07,1.9140763683400274e+18,2.545744907660311e+17,CONVERGED
S1,S1_dpl,Active DPL Thermoelastic Baseline,0.4035353535353535,219501.45491544926,2,1.0845222288152488e-06,3.452141472179728e-07,3.4694181560383917,3.4694181560383917,False,0.031135141185674637,-3.376675271317854e-08,1.9140763683400274e+18,2.545744907660311e+17,CONVERGED
S1,S1_dpl,Active DPL Thermoelastic Baseline,0.4035353535353535,219501.45491544926,3,2.00953969192279,0.6396563506177531,-1.123992858748146e-06,1.123992858748146e-06,True,-0.42480266404241795,0.9052872166393983,1.9140763683400274e+18,2.545744907660311e+17,CONVERGED
S1,S1_dpl,Active DPL Thermoelastic Baseline,0.4035353535353535,219501.45491544926,4,2.0095356998042497,0.6396550798869549,-4.429810635155366e-06,4.429810635155366e-06,True,-0.42480045433572344,-0.9052919052199019,1.9140763683400274e+18,2.545744907660311e+17,CONVERGED
S1,S1_dpl,Active DPL Thermoelastic Baseline,0.4212121212121212,229116.66257757787,0,6.509870816101031e-05,2.0721562385442998e-05,-2.300163085366081,2.300163085366081,False,9.975809209521834,0.0006494122933179497,2.1620626912267958e+18,6.234083814798897e+17,CONVERGED
S1,S1_dpl,Active DPL Thermoelastic Baseline,0.4212121212121212,229116.66257757787,1,2.0192780648045117e-05,6.427561709813492e-06,3.1640696282269967,3.1640696282269967,False,0.042253434927228835,-8.532143432279457e-07,2.1620626912267958e+18,6.234083814798897e+17,CONVERGED
S1,S1_dpl,Active DPL Thermoelastic Baseline,0.4212121212121212,229116.66257757787,2,3.7737185498672413e-06,1.2012119220979012e-06,3.4913626090402143,3.4913626090402143,False,0.03045933970952554,-1.1494497527909004e-07,2.1620626912267958e+18,6.234083814798897e+17,CONVERGED
S1,S1_dpl,Active DPL Thermoelastic Baseline,0.4212121212121212,229116.66257757787,3,2.0862232323315357,0.664065479637431,7.301898289079684e-06,7.301898289079684e-06,True,-0.4929027377858432,0.8700760239158858,2.1620626912267958e+18,6.234083814798897e+17,CONVERGED
S1,S1_dpl,Active DPL Thermoelastic Baseline,0.4212121212121212,229116.66257757787,4,2.0862244626330715,0.6640658712545728,-1.4680921551155802e-06,1.4680921551155802e-06,True,-0.4929081310219821,-0.8700830480827892,2.1620626912267958e+18,6.234083814798897e+17,CONVERGED
S1,S1_dpl,Active DPL Thermoelastic Baseline,0.4388888888888889,238731.87023970645,0,2.7184680624332315e-05,8.653152595473919e-06,-2.233373073378317,2.233373073378317,False,9.331288171454643,-0.00025366808881709184,2.424069292530948e+18,7.29862738781191e+16,CONVERGED
S1,S1_dpl,Active DPL Thermoelastic Baseline,0.4388888888888889,238731.87023970645,1,3.446125769780143e-06,1.0969359015537454e-06,3.158322902082925,3.158322902082925,False,0.042496952900161755,-1.4644984452696014e-07,2.424069292530948e+18,7.29862738781191e+16,CONVERGED
S1,S1_dpl,Active DPL Thermoelastic Baseline,0.4388888888888889,238731.87023970645,2,3.828353521288156e-07,1.2186027736325472e-07,-3.513353920559857,3.513353920559857,False,33.560638953606215,-1.2848199031472508e-05,2.424069292530948e+18,7.29862738781191e+16,CONVERGED
S1,S1_dpl,Active DPL Thermoelastic Baseline,0.4388888888888889,238731.87023970645,3,2.1621572211794486,0.6882360189850915,5.387004789342993e-06,5.387004789342993e-06,True,-0.5574883266678846,0.8301782890906644,2.424069292530948e+18,7.29862738781191e+16,CONVERGED
S1,S1_dpl,Active DPL Thermoelastic Baseline,0.4388888888888889,238731.87023970645,4,2.162165508020089,0.6882386567683925,-1.192603838931754e-05,1.192603838931754e-05,True,-0.5575048582260573,-0.8301880422022383,2.424069292530948e+18,7.29862738781191e+16,CONVERGED
S1,S1_dpl,Active DPL Thermoelastic Baseline,0.45656565656565656,248347.077901835,0,9.075070458830569e-05,2.8886846448602396e-05,-2.164128654790635,2.164128654790635,False,8.707011761652634,0.0007901674543978329,2.718356898650342e+18,1.6399519972501133e+17,CONVERGED
S1,S1_dpl,Active DPL Thermoelastic Baseline,0.45656565656565656,248347.077901835,1,2.6394418731928243e-05,8.401604422447391e-06,3.151369714902047,3.151369714902047,False,0.04279347183487555,-1.1295088148649794e-06,2.718356898650342e+18,1.6399519972501133e+17,CONVERGED
S1,S1_dpl,Active DPL Thermoelastic Baseline,0.45656565656565656,248347.077901835,2,4.0907449227975374e-07,1.3021245507826038e-07,-3.5353646874103926,3.5353646874103926,False,34.30752395517418,-1.4034332943339151e-05,2.718356898650342e+18,1.6399519972501133e+17,CONVERGED
S1,S1_dpl,Active DPL Thermoelastic Baseline,0.45656565656565656,248347.077901835,3,2.2374181162369235,0.7121923059249264,5.805891871854437e-06,5.805891871854437e-06,True,-0.6183309440348942,-0.7859104477818,2.718356898650342e+18,1.6399519972501133e+17,CONVERGED
S1,S1_dpl,Active DPL Thermoelastic Baseline,0.45656565656565656,248347.077901835,4,2.237412119624776,0.7121903971439962,9.837966182871444e-07,9.837966182871444e-07,True,-0.6183292128588121,0.7859179454205769,2.718356898650342e+18,1.6399519972501133e+17,CONVERGED
S1,S1_dpl,Active DPL Thermoelastic Baseline,0.4742424242424242,257962.28556396352,0,1.353437236889133e-05,4.30812452831084e-06,-2.0921399786886825,2.0921399786886825,False,8.102235235396918,-0.00010965866870290952,3.0177011697999887e+18,1.5842023647576237e+17,CONVERGED
S1,S1_dpl,Active DPL Thermoelastic Baseline,0.4742424242424242,257962.28556396352,1,5.547305162427162e-06,1.7657620748789444e-06,3.143014835508645,3.143014835508645,False,0.04315250389146667,-2.3938010761124675e-07,3.0177011697999887e+18,1.5842023647576237e+17,CONVERGED
S1,S1_dpl,Active DPL Thermoelastic Baseline,0.4742424242424242,257962.28556396352,2,2.956558889769496e-06,9.411019236982029e-07,3.5573651437198692,3.5573651437198692,False,0.02851385573452697,8.430289365376628e-08,3.0177011697999887e+18,1.5842023647576237e+17,CONVERGED
S1,S1_dpl,Active DPL Thermoelastic Baseline,0.4742424242424242,257962.28556396352,3,2.312015680527087,0.7359374481237164,-4.3264155183556084e-07,4.3264155183556084e-07,True,-0.6751881566390872,0.7376461336018711,3.0177011697999887e+18,1.5842023647576237e+17,CONVERGED
S1,S1_dpl,Active DPL Thermoelastic Baseline,0.4742424242424242,257962.28556396352,4,2.3120023273645964,0.7359331976800838,-2.264862653124384e-06,2.264862653124384e-06,True,-0.6751795437472836,-0.7376565009818428,3.0177011697999887e+18,1.5842023647576237e+17,CONVERGED
S1,S1_dpl,Active DPL Thermoelastic Baseline,0.49191919191919187,267577.4932260921,0,9.101427488038728e-05,2.8970743478276315e-05,-2.0173915274193592,2.0173915274193592,False,7.518687012211712,0.000684307848358545,3.335318823089541e+18,7.071695437935371e+16,CONVERGED
S1,S1_dpl,Active DPL Thermoelastic Baseline,0.49191919191919187,267577.4932260921,1,2.8786248843426864e-05,9.162947593009481e-06,3.133100265373621,3.133100265373621,False,0.04358247034468841,-1.2545758369000062e-06,3.335318823089541e+18,7.071695437935371e+16,CONVERGED
S1,S1_dpl,Active DPL Thermoelastic Baseline,0.49191919191919187,267577.4932260921,2,1.2320056999231971e-06,3.9215959412033426e-07,-3.5793512651061716,3.5793512651061716,False,35.85027597650547,4.416774434689675e-05,3.335318823089541e+18,7.071695437935371e+16,CONVERGED
S1,S1_dpl,Active DPL Thermoelastic Baseline,0.49191919191919187,267577.4932260921,3,2.386020567968961,0.7594939354223835,-4.8247789089667866e-06,4.8247789089667866e-06,True,-0.727882892101103,-0.6857084985552601,3.335318823089541e+18,7.071695437935371e+16,CONVERGED
S1,S1_dpl,Active DPL Thermoelastic Baseline,0.49191919191919187,267577.4932260921,4,2.38602781042093,0.7594962407664455,-8.11475963243423e-06,8.11475963243423e-06,True,-0.7278902530338405,0.6857054828345008,3.335318823089541e+18,7.071695437935371e+16,CONVERGED
S1,S1_dpl,Active DPL Thermoelastic Baseline,0.5095959595959596,277192.70088822074,0,1.841838262298327e-05,5.862753276411313e-06,-1.939477765316443,1.939477765316443,False,6.95511781710811,0.00012810202115791098,3.6315091840898995e+18,1.253159478647568e+17,CONVERGED
S1,S1_dpl,Active DPL Thermoelastic Baseline,0.5095959595959596,277192.70088822074,1,1.254896421701759e-05,3.9944593716433306e-06,3.1213631421286214,3.1213631421286214,False,0.04409701692649634,-5.533718875168692e-07,3.6315091840898995e+18,1.253159478647568e+17,CONVERGED
S1,S1_dpl,Active DPL Thermoelastic Baseline,0.5095959595959596,277192.70088822074,2,6.603851859222131e-08,2.102071333683611e-08,3.601267021949911,3.601267021949911,False,0.027289124613934092,1.8021333631827333e-09,3.6315091840898995e+18,1.253159478647568e+17,CONVERGED
S1,S1_dpl,Active DPL Thermoelastic Baseline,0.5095959595959596,277192.70088822074,3,2.4594598031986914,0.7828703700297837,1.7467618943402936e-05,1.7467618943402936e-05,True,-0.7762162709438498,-0.6304390264683536,3.6315091840898995e+18,1.253159478647568e+17,CONVERGED
S1,S1_dpl,Active DPL Thermoelastic Baseline,0.5095959595959596,277192.70088822074,4,2.459474091291307,0.782874918070918,2.231354178468789e-06,2.231354178468789e-06,True,-0.776237105499777,0.6304375411941527,3.6315091840898995e+18,1.253159478647568e+17,CONVERGED
S1,S1_dpl,Active DPL Thermoelastic Baseline,0.5272727272727272,286807.90855034924,0,3.661176244249762e-05,1.16538859360594e-05,-1.8582993309282199,1.8582993309282199,False,6.412821401022395,0.00023478469382530014,4.041134879777252e+18,9.400941185848347e+16,CONVERGED
S1,S1_dpl,Active DPL Thermoelastic Baseline,0.5272727272727272,286807.90855034924,1,1.7496798221035747e-05,5.56940385031864e-06,3.1075800971160916,3.1075800971160916,False,0.0447090160093216,-7.82264631855984e-07,4.041134879777252e+18,9.400941185848347e+16,CONVERGED
S1,S1_dpl,Active DPL Thermoelastic Baseline,0.5272727272727272,286807.90855034924,2,5.763613147864888e-06,1.8346150451042721e-06,3.6231561082281747,3.6231561082281747,False,0.02669828071769858,1.5387856177161906e-07,4.041134879777252e+18,9.400941185848347e+16,CONVERGED
S1,S1_dpl,Active DPL Thermoelastic Baseline,0.5272727272727272,286807.90855034924,3,2.5324201192510225,0.8060943599283346,8.273075213442074e-06,8.273075213442074e-06,True,-0.8201149804358258,-0.57218429972449,4.041134879777252e+18,9.400941185848347e+16,CONVERGED
S1,S1_dpl,Active DPL Thermoelastic Baseline,0.5272727272727272,286807.90855034924,4,2.5324144769855392,0.8060925639394508,-3.823108031132213e-06,3.823108031132213e-06,True,-0.8201216722890791,0.5721958483658013,4.041134879777252e+18,9.400941185848347e+16,CONVERGED
S1,S1_dpl,Active DPL Thermoelastic Baseline,0.544949494949495,296423.11621247785,0,2.8877577104788245e-05,9.192018281488786e-06,-1.7731456182649177,1.7731456182649177,False,5.889349898766186,0.00017007015584597204,4.426367991816099e+18,1.1106186369933374e+17,CONVERGED
S1,S1_dpl,Active DPL Thermoelastic Baseline,0.544949494949495,296423.11621247785,1,1.6040427490510695e-05,5.105826648843806e-06,3.091339636470341,3.091339636470341,False,0.04544103913244965,-7.288936933600313e-07,4.426367991816099e+18,1.1106186369933374e+17,CONVERGED
S1,S1_dpl,Active DPL Thermoelastic Baseline,0.544949494949495,296423.11621247785,2,1.8405929299853897e-06,5.858789260543393e-07,-3.64496531290912,3.64496531290912,False,38.28144495650264,-7.046055693664318e-05,4.426367991816099e+18,1.1106186369933374e+17,CONVERGED
S1,S1_dpl,Active DPL Thermoelastic Baseline,0.544949494949495,296423.11621247785,3,2.6049277136821867,0.8291742440591789,-1.912690597251551e-05,1.912690597251551e-05,True,-0.8594350208067225,0.5112824068502454,4.426367991816099e+18,1.1106186369933374e+17,CONVERGED
S1,S1_dpl,Active DPL Thermoelastic Baseline,0.544949494949495,296423.11621247785,4,2.6049310972693442,0.829175321088422,-2.030024153840764e-05,2.030024153840764e-05,True,-0.8594377591786864,-0.5112800987767917,4.426367991816099e+18,1.1106186369933374e+17,CONVERGED
S1,S1_dpl,Active DPL Thermoelastic Baseline,0.5626262626262627,306038.32387460646,0,1.801155023970904e-06,5.733254506795412e-07,-1.6840390565005536,1.6840390565005536,False,5.387271580601992,9.703311272907443e-06,4.817721194180567e+18,4.8852841991102216e+16,CONVERGED
S1,S1_dpl,Active DPL Thermoelastic Baseline,0.5626262626262627,306038.32387460646,1,8.841212555218849e-06,2.8142453621784128e-06,3.0723743794510594,3.0723743794510594,False,0.04631106416968587,-4.0944596199324086e-07,4.817721194180567e+18,4.8852841991102216e+16,CONVERGED
S1,S1_dpl,Active DPL Thermoelastic Baseline,0.5626262626262627,306038.32387460646,2,1.5751597840245224e-05,5.0138893157413e-06,3.6666554973038266,3.6666554973038266,False,0.025561818710969894,-4.026394884337533e-07,4.817721194180567e+18,4.8852841991102216e+16,CONVERGED
S1,S1_dpl,Active DPL Thermoelastic Baseline,0.5626262626262627,306038.32387460646,3,2.677014355746077,0.8521201348899075,3.91070300560241e-06,3.91070300560241e-06,True,-0.8940070907850051,0.4480440829323691,4.817721194180567e+18,4.8852841991102216e+16,CONVERGED
S1,S1_dpl,Active DPL Thermoelastic Baseline,0.5626262626262627,306038.32387460646,4,2.677044565152191,0.8521297508425293,-1.3299657839720691e-05,1.3299657839720691e-05,True,-0.8940360120726943,-0.4480247859065361,4.817721194180567e+18,4.8852841991102216e+16,CONVERGED
S1,S1_dpl,Active DPL Thermoelastic Baseline,0.5803030303030303,315653.531536735,0,1.942699626681052e-05,6.183804970581383e-06,-1.590211747522865,1.590211747522865,False,4.904787394031882,9.528528640534381e-05,5.260632615584649e+18,1.8101424497233446e+17,CONVERGED
S1,S1_dpl,Active DPL Thermoelastic Baseline,0.5803030303030303,315653.531536735,1,1.417433416319363e-05,4.51183069421718e-06,3.050151156504928,3.050151156504928,False,0.04735176631790398,-6.711797590523771e-07,5.260632615584649e+18,1.8101424497233446e+17,CONVERGED
S1,S1_dpl,Active DPL Thermoelastic Baseline,0.5803030303030303,315653.531536735,2,1.769785824502198e-05,5.633403243669808e-06,3.688283395322532,3.688283395322532,False,0.025014905907826148,-4.427102588154911e-07,5.260632615584649e+18,1.8101424497233446e+17,CONVERGED
S1,S1_dpl,Active DPL Thermoelastic Baseline,0.5803030303030303,315653.531536735,3,2.748848921428365,0.8749857873162986,1.3767683334541685e-05,1.3767683334541685e-05,True,-0.9238497252399919,0.38271941443623836,5.260632615584649e+18,1.8101424497233446e+17,CONVERGED
S1,S1_dpl,Active DPL Thermoelastic Baseline,0.5803030303030303,315653.531536735,4,2.748842114034654,0.8749836204555813,-1.096299896741327e-05,1.096299896741327e-05,True,-0.9238699675489866,-0.38273516862100043,5.260632615584649e+18,1.8101424497233446e+17,CONVERGED
S1,S1_dpl,Active DPL Thermoelastic Baseline,0.5979797979797981,325268.7391988636,0,5.6544431243619285e-05,1.7998651473483632e-05,-1.4905494987569672,1.4905494987569672,False,4.439534360389438,-0.00025103094566226406,5.648754457631581e+18,5.869579135351704e+16,CONVERGED
S1,S1_dpl,Active DPL Thermoelastic Baseline,0.5979797979797981,325268.7391988636,1,1.0483194562021084e-05,3.3369044678794645e-06,3.0239267843452353,3.0239267843452353,False,0.048609962255544925,5.095876919960461e-07,5.648754457631581e+18,5.869579135351704e+16,CONVERGED
S1,S1_dpl,Active DPL Thermoelastic Baseline,0.5979797979797981,325268.7391988636,2,1.036960514327717e-05,3.3007478329274065e-06,-3.70978963888825,3.70978963888825,False,40.84521337649781,-0.0004235487347223664,5.648754457631581e+18,5.869579135351704e+16,CONVERGED
S1,S1_dpl,Active DPL Thermoelastic Baseline,0.5979797979797981,325268.7391988636,3,2.820503847401544,0.8977942586473292,3.9609823361426435e-05,3.9609823361426435e-05,True,-0.9488547687594314,-0.31558740674107455,5.648754457631581e+18,5.869579135351704e+16,CONVERGED
S1,S1_dpl,Active DPL Thermoelastic Baseline,0.5979797979797981,325268.7391988636,4,2.820494074192511,0.8977911477382742,1.4449956867920695e-05,1.4449956867920695e-05,True,-0.9488755576944469,0.3156046205522268,5.648754457631581e+18,5.869579135351704e+16,CONVERGED
S1,S1_dpl,Active DPL Thermoelastic Baseline,0.6156565656565657,334883.9468609921,0,0.00011017689666256791,3.507039543674526e-05,-1.3844129702677201,1.3844129702677201,False,3.992481487184599,-0.0004398792220206434,6.133234631107359e+18,6.6427751317504664e+16,CONVERGED
S1,S1_dpl,Active DPL Thermoelastic Baseline,0.6156565656565657,334883.9468609921,1,3.094437563336257e-05,9.849900685884106e-06,2.9929920134059333,2.9929920134059333,False,0.0501372008806302,1.5514643777507816e-06,6.133234631107359e+18,6.6427751317504664e+16,CONVERGED
S1,S1_dpl,Active DPL Thermoelastic Baseline,0.6156565656565657,334883.9468609921,2,2.666286583394387e-06,8.487053788936355e-07,3.7311987773113757,3.7311987773113757,False,0.023964091002157423,-6.38951343224459e-08,6.133234631107359e+18,6.6427751317504664e+16,CONVERGED
S1,S1_dpl,Active DPL Thermoelastic Baseline,0.6156565656565657,334883.9468609921,3,2.8921552303376283,0.9206016021946254,-1.125800186881238e-05,1.125800186881238e-05,True,-0.9690623617357705,0.24686161168621448,6.133234631107359e+18,6.6427751317504664e+16,CONVERGED
S1,S1_dpl,Active DPL Thermoelastic Baseline,0.6156565656565657,334883.9468609921,4,2.892148896710198,0.9205995861383989,-1.6192136534582238e-05,1.6192136534582238e-05,True,-0.9690655796751321,-0.24686896744294462,6.133234631107359e+18,6.6427751317504664e+16,CONVERGED
S1,S1_dpl,Active DPL Thermoelastic Baseline,0.6333333333333333,344499.15452312067,0,3.786355225556668e-05,1.2052343008983442e-05,-1.2714605079947388,1.2714605079947388,False,3.566057013082377,0.0001350235861257001,6.670781524037308e+18,1.9853017727989795e+17,CONVERGED
S1,S1_dpl,Active DPL Thermoelastic Baseline,0.6333333333333333,344499.15452312067,1,2.2577568212060283e-05,7.18666316788768e-06,2.956633961755103,2.956633961755103,False,0.05199363550583825,-1.1738898524255247e-06,6.670781524037308e+18,1.9853017727989795e+17,CONVERGED
S1,S1_dpl,Active DPL Thermoelastic Baseline,0.6333333333333333,344499.15452312067,2,4.007797562476698e-06,1.2757215859596313e-06,3.7524933357732113,3.7524933357732113,False,0.02345918125971387,9.401964947088367e-08,6.670781524037308e+18,1.9853017727989795e+17,CONVERGED
S1,S1_dpl,Active DPL Thermoelastic Baseline,0.6333333333333333,344499.15452312067,3,2.9644261618474634,0.9436061541779176,5.495592572949506e-06,5.495592572949506e-06,True,-0.9843416148044,0.17624016068854237,6.670781524037308e+18,1.9853017727989795e+17,CONVERGED
S1,S1_dpl,Active DPL Thermoelastic Baseline,0.6333333333333333,344499.15452312067,4,2.964425230522187,0.9436058577278748,9.570538298742331e-07,9.570538298742331e-07,True,-0.9843459181490049,-0.1762418773094658,6.670781524037308e+18,1.9853017727989795e+17,CONVERGED
S1,S1_dpl,Active DPL Thermoelastic Baseline,0.651010101010101,354114.3621852493,0,0.00016287242038746604,5.1843901596012825e-05,-1.1490793867616085,1.1490793867616085,False,3.155286731555916,0.0005139091915291981,6.964830768499867e+18,9.92596519658476e+16,CONVERGED
S1,S1_dpl,Active DPL Thermoelastic Baseline,0.651010101010101,354114.3621852493,1,7.554810146339478e-05,2.404770757821466e-05,2.9131135435916535,2.9131135435916535,False,0.05430638092879828,-4.102743984324111e-06,6.964830768499867e+18,9.92596519658476e+16,CONVERGED
S1,S1_dpl,Active DPL Thermoelastic Baseline,0.651010101010101,354114.3621852493,2,4.027893927331927e-05,1.2821184575694072e-05,3.7735401121982504,3.7735401121982504,False,0.0229706006566239,-9.252314294201847e-07,6.964830768499867e+18,9.92596519658476e+16,CONVERGED
S1,S1_dpl,Active DPL Thermoelastic Baseline,0.651010101010101,354114.3621852493,3,3.03917503752076,0.9673994602858509,1.898536400314094e-05,1.898536400314094e-05,True,-0.9947410131090177,0.10223671958605514,6.964830768499867e+18,9.92596519658476e+16,CONVERGED
S1,S1_dpl,Active DPL Thermoelastic Baseline,0.651010101010101,354114.3621852493,4,3.03916975666322,0.9673977793366884,1.854829635512669e-06,1.854829635512669e-06,True,-0.9947575137794156,-0.10224372414483734,6.964830768499867e+18,9.92596519658476e+16,CONVERGED
S1,S1_dpl,Active DPL Thermoelastic Baseline,0.6686868686868687,363729.5698473778,0,2.2066581801756436e-06,7.024011141782398e-07,-1.0157746070783737,1.0157746070783737,False,2.761501647834028,-6.093690200771368e-06,7.808120953664304e+18,1.3498069648735522e+17,CONVERGED
S1,S1_dpl,Active DPL Thermoelastic Baseline,0.6686868686868687,363729.5698473778,1,7.34440928950055e-06,2.3377980850280953e-06,2.8607898982422086,2.8607898982422086,False,0.05722354163226683,-4.202731107496986e-07,7.808120953664304e+18,1.3498069648735522e+17,CONVERGED
S1,S1_dpl,Active DPL Thermoelastic Baseline,0.6686868686868687,363729.5698473778,2,5.554432441952523e-06,1.7680307584134622e-06,-3.7947030284670094,3.7947030284670094,False,44.46502959591296,0.0002469780029224579,7.808120953664304e+18,1.3498069648735522e+17,CONVERGED
S1,S1_dpl,Active DPL Thermoelastic Baseline,0.6686868686868687,363729.5698473778,3,3.1414806000879962,0.9999643322625965,0.02486060620513063,0.02486060620513063,False,-0.9754458675301844,-0.00010930212572766544,7.808120953664304e+18,1.3498069648735522e+17,CONVERGED
S1,S1_dpl,Active DPL Thermoelastic Baseline,0.6686868686868687,363729.5698473778,4,3.1415173787193402,0.9999760392645537,-0.024922920669274803,0.024922920669274803,False,-1.0252360900622404,7.717451400888154e-05,7.808120953664304e+18,1.3498069648735522e+17,CONVERGED
S1,S1_dpl,Active DPL Thermoelastic Baseline,0.6863636363636364,373344.7775095064,0,0.0005559403439189534,0.0001769613075978195,-0.8688958912068033,0.8688958912068033,False,2.3842765301624667,0.0013255156507353066,8.321707695303281e+18,2.7622898220159478e+17,CONVERGED
S1,S1_dpl,Active DPL Thermoelastic Baseline,0.6863636363636364,373344.7775095064,1,0.00027809056093377706,8.851897479961708e-05,2.797149222471094,2.797149222471094,False,0.06098366356182879,-1.6958981644876377e-05,8.321707695303281e+18,2.7622898220159478e+17,CONVERGED
S1,S1_dpl,Active DPL Thermoelastic Baseline,0.6863636363636364,373344.7775095064,2,2.7140597695194993e-06,8.63912056331757e-07,-3.815613024949944,3.815613024949944,False,45.404581994616045,-0.0001232307493437394,8.321707695303281e+18,2.7622898220159478e+17,CONVERGED
S1,S1_dpl,Active DPL Thermoelastic Baseline,0.6863636363636364,373344.7775095064,3,3.14158240624283,0.9999967381681545,0.04523884720703522,0.04523884720703522,False,-0.9557691717211453,9.794098319445013e-06,8.321707695303281e+18,2.7622898220159478e+17,CONVERGED
S1,S1_dpl,Active DPL Thermoelastic Baseline,0.6863636363636364,373344.7775095064,4,3.1415902580967026,0.9999992374908669,-0.04523408428035518,0.04523408428035518,False,-1.0462727472455533,-2.5063391369397917e-06,8.321707695303281e+18,2.7622898220159478e+17,CONVERGED
S1,S1_dpl,Active DPL Thermoelastic Baseline,0.704040404040404,382959.98517163494,0,3.68074949002501e-05,1.1716189512409066e-05,-0.7034282477779811,0.7034282477779811,False,2.02066819658083,-7.437573437433435e-05,9.104184570820995e+18,4.689295800338761e+16,CONVERGED
S1,S1_dpl,Active DPL Thermoelastic Baseline,0.704040404040404,382959.98517163494,1,1.1066677508769002e-05,3.522632858248977e-06,2.717881307858879,2.717881307858879,False,0.0660144707024905,7.305608582063662e-07,9.104184570820995e+18,4.689295800338761e+16,CONVERGED
S1,S1_dpl,Active DPL Thermoelastic Baseline,0.704040404040404,382959.98517163494,2,3.1121491484125895e-05,9.906278412181924e-06,3.8364032451075687,3.8364032451075687,False,0.021571047744823532,6.713231789109346e-07,9.104184570820995e+18,4.689295800338761e+16,CONVERGED
S1,S1_dpl,Active DPL Thermoelastic Baseline,0.704040404040404,382959.98517163494,3,3.0633154145696446,0.9750835809567151,1.0545898702505523e-06,1.0545898702505523e-06,True,-0.996936849584734,-0.07819724267868508,9.104184570820995e+18,4.689295800338761e+16,CONVERGED
S1,S1_dpl,Active DPL Thermoelastic Baseline,0.704040404040404,382959.98517163494,4,3.0633112214918463,0.9750822462585984,-4.465838291579119e-08,4.465838291579119e-08,True,-0.9969376175701802,0.07820150887459265,9.104184570820995e+18,4.689295800338761e+16,CONVERGED
S1,S1_dpl,Active DPL Thermoelastic Baseline,0.7217171717171718,392575.19283376355,0,4.575736464729969e-05,1.4565021532952171e-05,-0.5134630271848566,0.5134630271848566,False,1.6710681389620523,-7.646367423833602e-05,9.64488057326958e+18,9.035990216061664e+16,CONVERGED
S1,S1_dpl,Active DPL Thermoelastic Baseline,0.7217171717171718,392575.19283376355,1,1.788925319752814e-05,5.694326149218196e-06,2.617059428637503,2.617059428637503,False,0.07301725989976256,1.3062242502759123e-06,9.64488057326958e+18,9.035990216061664e+16,CONVERGED
S1,S1_dpl,Active DPL Thermoelastic Baseline,0.7217171717171718,392575.19283376355,2,2.847940071171763e-05,9.065274799129405e-06,3.8570622723441637,3.8570622723441637,False,0.02112998255939965,-6.01769240503441e-07,9.64488057326958e+18,9.035990216061664e+16,CONVERGED
S1,S1_dpl,Active DPL Thermoelastic Baseline,0.7217171717171718,392575.19283376355,3,2.987259501653075,0.9508742319726375,6.373443752495205e-06,6.373443752495205e-06,True,-0.9881079614886412,0.15372023170844545,9.64488057326958e+18,9.035990216061664e+16,CONVERGED
S1,S1_dpl,Active DPL Thermoelastic Baseline,0.7217171717171718,392575.19283376355,4,2.9872183323048658,0.9508611273620948,-7.343618771709599e-06,7.343618771709599e-06,True,-0.988115186034345,-0.15376302050139748,9.64488057326958e+18,9.035990216061664e+16,CONVERGED
S1,S1_dpl,Active DPL Thermoelastic Baseline,0.7393939393939394,402190.40049589204,0,0.0003939235788177083,0.00012538976953857623,-0.2883063279764375,0.2883063279764375,False,1.3341658303684614,-0.0005255594058197421,1.0432835487411274e+19,1.35281262734832e+17,CONVERGED
S1,S1_dpl,Active DPL Thermoelastic Baseline,0.7393939393939394,402190.40049589204,1,0.0002427616173850949,7.72734227996425e-05,2.484186594784159,2.484186594784159,False,0.08339335706815436,2.0244706638733023e-05,1.0432835487411274e+19,1.35281262734832e+17,CONVERGED
S1,S1_dpl,Active DPL Thermoelastic Baseline,0.7393939393939394,402190.40049589204,2,1.0179449029603974e-05,3.2402192620269396e-06,3.8776005799236217,3.8776005799236217,False,0.020700434678386226,-2.1071901970655744e-07,1.0432835487411274e+19,1.35281262734832e+17,CONVERGED
S1,S1_dpl,Active DPL Thermoelastic Baseline,0.7393939393939394,402190.40049589204,3,2.9157805645746375,0.9281217796466618,7.4500400716711305e-06,7.4500400716711305e-06,True,-0.9746053425542889,-0.22389624002090686,1.0432835487411274e+19,1.35281262734832e+17,CONVERGED
S1,S1_dpl,Active DPL Thermoelastic Baseline,0.7393939393939394,402190.40049589204,4,2.915777135095665,0.9281206880096005,-3.4987518952913166e-06,3.4987518952913166e-06,True,-0.974615245502265,0.22390203385148816,1.0432835487411274e+19,1.35281262734832e+17,CONVERGED
S1,S1_dpl,Active DPL Thermoelastic Baseline,0.7570707070707071,411805.6081580207,0,0.0002132368594485332,6.787540046125157e-05,-0.004092311496228125,0.004092311496228125,False,1.004100673608739,0.00021411127745569447,1.0702692091405988e+19,4.7677752323310776e+16,CONVERGED
S1,S1_dpl,Active DPL Thermoelastic Baseline,0.7570707070707071,411805.6081580207,1,0.0001607271056903747,5.116102671895326e-05,2.296376719613224,2.296376719613224,False,0.1006227672278263,-1.6172806282349934e-05,1.0702692091405988e+19,4.7677752323310776e+16,CONVERGED
S1,S1_dpl,Active DPL Thermoelastic Baseline,0.7570707070707071,411805.6081580207,2,0.00011264083181631218,3.585469035509784e-05,3.897875040957579,3.897875040957579,False,0.020284970282946464,-2.2849159357039016e-06,1.0702692091405988e+19,4.7677752323310776e+16,CONVERGED
S1,S1_dpl,Active DPL Thermoelastic Baseline,0.7570707070707071,411805.6081580207,3,2.8456374517405005,0.9057945333838509,-7.765776667432953e-07,7.765776667432953e-07,True,-0.9565247334380395,-0.29165388301517126,1.0702692091405988e+19,4.7677752323310776e+16,CONVERGED
S1,S1_dpl,Active DPL Thermoelastic Baseline,0.7570707070707071,411805.6081580207,4,2.8456628768234347,0.9058026264391058,-3.5115695010006956e-06,3.5115695010006956e-06,True,-0.9565347645642297,0.29163036080579463,1.0702692091405988e+19,4.7677752323310776e+16,CONVERGED
S1,S1_dpl,Active DPL Thermoelastic Baseline,0.7747474747474747,421420.81582014915,0,0.00018423732191946883,5.864456097099253e-05,0.4000967237890492,0.4000967237890492,False,0.6702552019010294,-0.00012348602479801666,1.2031137146695666e+19,1.0953319403141288e+17,CONVERGED
S1,S1_dpl,Active DPL Thermoelastic Baseline,0.7747474747474747,421420.81582014915,1,0.00013946559535480554,4.439327778394276e-05,1.992861184430913,1.992861184430913,False,0.13630487228370303,1.900984028605864e-05,1.2031137146695666e+19,1.0953319403141288e+17,CONVERGED
S1,S1_dpl,Active DPL Thermoelastic Baseline,0.7747474747474747,421420.81582014915,2,8.650072592787702e-05,2.7534036224917805e-05,3.918415804127439,3.918415804127439,False,0.01987255176094234,1.7189901576481997e-06,1.2031137146695666e+19,1.0953319403141288e+17,CONVERGED
S1,S1_dpl,Active DPL Thermoelastic Baseline,0.7747474747474747,421420.81582014915,3,2.7760275544916433,0.8836370149133018,5.052354272038481e-07,5.052354272038481e-07,True,-0.933921428450572,0.3574769293402012,1.2031137146695666e+19,1.0953319403141288e+17,CONVERGED
S1,S1_dpl,Active DPL Thermoelastic Baseline,0.7747474747474747,421420.81582014915,4,2.7760378061122073,0.8836402781054767,-1.6767178959224285e-05,1.6767178959224285e-05,True,-0.9339412243998633,-0.3574735294909059,1.2031137146695666e+19,1.0953319403141288e+17,CONVERGED
S1,S1_dpl,Active DPL Thermoelastic Baseline,0.7924242424242425,431036.0234822779,0,0.42697705962903204,0.1359110192536068,1.249031389180371,1.249031389180371,False,0.2610356228831228,-0.1187626758306146,1.1835606200735035e+19,1.52083058519622e+17,CONVERGED
S1,S1_dpl,Active DPL Thermoelastic Baseline,0.7924242424242425,431036.0234822779,1,0.42692874252195356,0.13589563944075192,1.2497967532321597,1.2497967532321597,False,0.2608416456109041,0.11865921094828469,1.1835606200735035e+19,1.52083058519622e+17,CONVERGED
S1,S1_dpl,Active DPL Thermoelastic Baseline,0.7924242424242425,431036.0234822779,2,5.099076135342213e-05,1.6230863442832633e-05,3.9385554151268316,3.9385554151268316,False,0.019476329619186664,-9.931128765132511e-07,1.1835606200735035e+19,1.52083058519622e+17,CONVERGED
S1,S1_dpl,Active DPL Thermoelastic Baseline,0.7924242424242425,431036.0234822779,3,2.7067474166342915,0.8615844621171308,-5.252450866321491e-06,5.252450866321491e-06,True,-0.9069400138406318,-0.421272259057802,1.1835606200735035e+19,1.52083058519622e+17,CONVERGED
S1,S1_dpl,Active DPL Thermoelastic Baseline,0.7924242424242425,431036.0234822779,4,2.706762379432622,0.8615892249237644,-1.5509939992710334e-05,1.5509939992710334e-05,True,-0.90695562019066,0.42126300972869923,1.1835606200735035e+19,1.52083058519622e+17,CONVERGED
S1,S1_dpl,Active DPL Thermoelastic Baseline,0.8101010101010101,440651.2311444063,0,1.0892234365999343,0.34671058813284245,1.30497649719395,1.30497649719395,False,0.12560295176936354,0.24033705267261576,1.2763616019521354e+19,7.720033359753354e+16,CONVERGED
S1,S1_dpl,Active DPL Thermoelastic Baseline,0.8101010101010101,440651.2311444063,1,1.0891872236970683,0.34669906120785277,1.3054201396421266,1.3054201396421266,False,0.12555594068673853,-0.24022590601451677,1.2763616019521354e+19,7.720033359753354e+16,CONVERGED
S1,S1_dpl,Active DPL Thermoelastic Baseline,0.8101010101010101,440651.2311444063,2,1.284031002419834e-05,4.08719762236716e-06,3.9584757472901404,3.9584757472901404,False,0.019092193450019213,2.451496829536885e-07,1.2763616019521354e+19,7.720033359753354e+16,CONVERGED
S1,S1_dpl,Active DPL Thermoelastic Baseline,0.8101010101010101,440651.2311444063,3,2.637603768100652,0.839575355222056,9.412177333707612e-07,9.412177333707612e-07,True,-0.8756623875084741,0.48292183701843916,1.2763616019521354e+19,7.720033359753354e+16,CONVERGED
S1,S1_dpl,Active DPL Thermoelastic Baseline,0.8101010101010101,440651.2311444063,4,2.6376298759538153,0.8395836656098249,-2.554152298503431e-07,2.554152298503431e-07,True,-0.8756760431246398,-0.4828995530420009,1.2763616019521354e+19,7.720033359753354e+16,CONVERGED
S1,S1_dpl,Active DPL Thermoelastic Baseline,0.8277777777777778,450266.438806535,0,1.5846489494607918,0.5044094267441281,1.3641716713755363,1.3641716713755363,False,-0.0035405104892760808,-0.25556777967820243,1.3782835844952052e+19,1.7854081068645832e+18,CONVERGED
S1,S1_dpl,Active DPL Thermoelastic Baseline,0.8277777777777778,450266.438806535,1,1.58454044732112,0.5043748894403984,1.3649881512258992,1.3649881512258992,False,-0.0035099138733675783,0.2553595812345848,1.3782835844952052e+19,1.7854081068645832e+18,CONVERGED
S1,S1_dpl,Active DPL Thermoelastic Baseline,0.8277777777777778,450266.438806535,2,3.003604540535694e-06,9.560770194390337e-07,3.9783757659896737,3.9783757659896737,False,0.01871601384954534,5.6215504179392366e-08,1.3782835844952052e+19,1.7854081068645832e+18,CONVERGED
S1,S1_dpl,Active DPL Thermoelastic Baseline,0.8277777777777778,450266.438806535,3,2.5685239699073334,0.8175865725215415,2.4532540499127876e-06,2.4532540499127876e-06,True,-0.840238992364858,0.5422117014724278,1.3782835844952052e+19,1.7854081068645832e+18,CONVERGED
S1,S1_dpl,Active DPL Thermoelastic Baseline,0.8277777777777778,450266.438806535,4,2.5685302001618107,0.817588555673135,-1.0678271078871513e-06,1.0678271078871513e-06,True,-0.8402453290322186,-0.5422083757154946,1.3782835844952052e+19,1.7854081068645832e+18,CONVERGED
S1,S1_dpl,Active DPL Thermoelastic Baseline,0.8454545454545455,459881.6464686634,0,2.1254357122713228,0.6765471996640489,1.42801708026503,1.42801708026503,False,-0.1262790332056035,-0.20383801338831004,1.4211443559386302e+19,1.1249579576652658e+17,CONVERGED
S1,S1_dpl,Active DPL Thermoelastic Baseline,0.8454545454545455,459881.6464686634,1,2.1254064776351216,0.676537893990327,1.4282351427880637,1.4282351427880637,False,-0.12624554159836746,0.2037972596324149,1.4211443559386302e+19,1.1249579576652658e+17,CONVERGED
S1,S1_dpl,Active DPL Thermoelastic Baseline,0.8454545454545455,459881.6464686634,2,3.029333156135108e-05,9.642666921421497e-06,3.9981167429086857,3.9981167429086857,False,0.0183501644371792,-5.558876156708263e-07,1.4211443559386302e+19,1.1249579576652658e+17,CONVERGED
S1,S1_dpl,Active DPL Thermoelastic Baseline,0.8454545454545455,459881.6464686634,3,2.4994133413954214,0.7955879762258246,9.763269912033736e-06,9.763269912033736e-06,True,-0.8007845605560404,0.5989361912807464,1.4211443559386302e+19,1.1249579576652658e+17,CONVERGED
S1,S1_dpl,Active DPL Thermoelastic Baseline,0.8454545454545455,459881.6464686634,4,2.4994051565211817,0.7955853708994369,8.307635358531392e-06,8.307635358531392e-06,True,-0.8007808239552029,-0.598943617423996,1.4211443559386302e+19,1.1249579576652658e+17,CONVERGED
S1,S1_dpl,Active DPL Thermoelastic Baseline,0.8631313131313132,469496.85413079214,0,3.141201444470915,0.9998754742698958,1.084593659585383,1.084593659585383,False,-0.3380390910786558,0.00013224398171380667,1.4993509045010397e+19,7.069397028915192e+16,CONVERGED
S1,S1_dpl,Active DPL Thermoelastic Baseline,0.8631313131313132,469496.85413079214,1,3.1411728948463913,0.9998663866421631,1.909238778732822,1.909238778732822,False,-0.14819313839342402,-6.220536920628748e-05,1.4993509045010397e+19,7.069397028915192e+16,CONVERGED
S1,S1_dpl,Active DPL Thermoelastic Baseline,0.8631313131313132,469496.85413079214,2,0.0005381304957172409,0.00017129225684378178,4.0175776811546235,4.0175776811546235,False,0.017996502852271678,9.684467935893425e-06,1.4993509045010397e+19,7.069397028915192e+16,CONVERGED
S1,S1_dpl,Active DPL Thermoelastic Baseline,0.8631313131313132,469496.85413079214,3,2.4301433948456848,0.7735386674236207,4.1760936287082695e-05,4.1760936287082695e-05,True,-0.7573847743582075,0.6529048821885524,1.4993509045010397e+19,7.069397028915192e+16,CONVERGED
S1,S1_dpl,Active DPL Thermoelastic Baseline,0.8631313131313132,469496.85413079214,4,2.430239224554592,0.7735691709673559,2.445006488367152e-05,2.445006488367152e-05,True,-0.7574604507522219,-0.6528436004220807,1.4993509045010397e+19,7.069397028915192e+16,CONVERGED
S1,S1_dpl,Active DPL Thermoelastic Baseline,0.8808080808080808,479112.06179292063,0,3.1414363281194193,0.9999502400573177,0.4449935831061331,0.4449935831061331,False,-0.6408283803167082,0.00010017779879793314,1.5881283024173554e+19,6.839136724560132e+16,CONVERGED
S1,S1_dpl,Active DPL Thermoelastic Baseline,0.8808080808080808,479112.06179292063,1,3.141386449214872,0.9999343631088883,2.6992762973662354,2.6992762973662354,False,-0.06725416572003004,-1.3868103399690479e-05,1.5881283024173554e+19,6.839136724560132e+16,CONVERGED
S1,S1_dpl,Active DPL Thermoelastic Baseline,0.8808080808080808,479112.06179292063,2,0.0004643856546370949,0.0001478185448729188,4.037775772189477,4.037775772189477,False,0.01763665486276192,-8.190210102802828e-06,1.5881283024173554e+19,6.839136724560132e+16,CONVERGED
S1,S1_dpl,Active DPL Thermoelastic Baseline,0.8808080808080808,479112.06179292063,3,2.360929722957793,0.7515072714026235,-4.326431666349747e-05,4.326431666349747e-05,True,-0.7104778940371693,0.7037809989347155,1.5881283024173554e+19,6.839136724560132e+16,CONVERGED
S1,S1_dpl,Active DPL Thermoelastic Baseline,0.8808080808080808,479112.06179292063,4,2.360855533287261,0.7514836560970405,-3.9714581214706605e-05,3.9714581214706605e-05,True,-0.7104231569827664,-0.7038312086996772,1.5881283024173554e+19,6.839136724560132e+16,CONVERGED
S1,S1_dpl,Active DPL Thermoelastic Baseline,0.8984848484848484,488727.2694550492,0,3.141553344739926,0.9999874876044728,0.13130723392040458,0.13130723392040458,False,-0.8769483040548743,3.447182924326351e-05,1.6875288771346842e+19,8.779270990540848e+16,CONVERGED
S1,S1_dpl,Active DPL Thermoelastic Baseline,0.8984848484848484,488727.2694550492,1,3.141549620510878,0.9999863021455484,3.179868861518132,3.179868861518132,False,-0.04159110891993924,-1.78979347341853e-06,1.6875288771346842e+19,8.779270990540848e+16,CONVERGED
S1,S1_dpl,Active DPL Thermoelastic Baseline,0.8984848484848484,488727.2694550492,2,1.4259348076695036e-05,4.538891463347852e-06,4.056793990798588,4.056793990798588,False,0.017304408369374847,-2.4674958221691447e-07,1.6875288771346842e+19,8.779270990540848e+16,CONVERGED
S1,S1_dpl,Active DPL Thermoelastic Baseline,0.8984848484848484,488727.2694550492,3,2.291300362644241,0.7293435576461667,8.500083212034068e-06,8.500083212034068e-06,True,-0.6597579172145865,0.751466892584596,1.6875288771346842e+19,8.779270990540848e+16,CONVERGED
S1,S1_dpl,Active DPL Thermoelastic Baseline,0.8984848484848484,488727.2694550492,4,2.291302634721968,0.7293442808709693,1.2773815669979262e-05,1.2773815669979262e-05,True,-0.6597568049739757,-0.7514621820062067,1.6875288771346842e+19,8.779270990540848e+16,CONVERGED
S1,S1_dpl,Active DPL Thermoelastic Baseline,0.9161616161616162,498342.4771171778,0,3.1415644890341023,0.9999910349434836,-0.08648206098467755,0.08648206098467755,False,-1.0903318076308794,3.070871092563498e-05,1.8690453645328683e+19,1.5915830286248397e+17,CONVERGED
S1,S1_dpl,Active DPL Thermoelastic Baseline,0.9161616161616162,498342.4771171778,1,3.1415285356336993,0.9999795906206934,3.586512653041459,3.586512653041459,False,-0.027694743335008844,-1.77573033962187e-06,1.8690453645328683e+19,1.5915830286248397e+17,CONVERGED
S1,S1_dpl,Active DPL Thermoelastic Baseline,0.9161616161616162,498342.4771171778,2,2.4663663913528713e-06,7.85068805319059e-07,4.076081191148597,4.076081191148597,False,0.016973852772966373,-4.186374001110088e-08,1.8690453645328683e+19,1.5915830286248397e+17,CONVERGED
S1,S1_dpl,Active DPL Thermoelastic Baseline,0.9161616161616162,498342.4771171778,3,2.2214571788351996,0.7071117817571971,-1.4339035948435122e-07,1.4339035948435122e-07,True,-0.6057124540034515,-0.7956838001655411,1.8690453645328683e+19,1.5915830286248397e+17,CONVERGED
S1,S1_dpl,Active DPL Thermoelastic Baseline,0.9161616161616162,498342.4771171778,4,2.221506299582721,0.70712741737675,3.0212910423830774e-05,3.0212910423830774e-05,True,-0.6057331497589601,0.7956298934101488,1.8690453645328683e+19,1.5915830286248397e+17,CONVERGED
S1,S1_dpl,Active DPL Thermoelastic Baseline,0.9338383838383838,507957.6847793063,0,3.141563720063177,0.999990790172436,-0.2531153824462138,0.2531153824462138,False,-1.288031883991607,3.726730480827038e-05,1.90130563584783e+19,8.694215344410786e+16,CONVERGED
S1,S1_dpl,Active DPL Thermoelastic Baseline,0.9338383838383838,507957.6847793063,1,3.1415816472583584,0.9999964965758937,3.9724483054311714,3.9724483054311714,False,-0.018827281724588054,-2.072193026833316e-07,1.90130563584783e+19,8.694215344410786e+16,CONVERGED
S1,S1_dpl,Active DPL Thermoelastic Baseline,0.9338383838383838,507957.6847793063,2,0.00017025770212498111,5.4194709785316476e-05,4.095209073985818,4.095209073985818,False,0.01665226412229327,2.835176252034983e-06,1.90130563584783e+19,8.694215344410786e+16,CONVERGED
S1,S1_dpl,Active DPL Thermoelastic Baseline,0.9338383838383838,507957.6847793063,3,2.1513475885743234,0.6847952060608654,9.274458394758315e-06,9.274458394758315e-06,True,-0.5484798765105801,-0.8361526632847494,1.90130563584783e+19,8.694215344410786e+16,CONVERGED
S1,S1_dpl,Active DPL Thermoelastic Baseline,0.9338383838383838,507957.6847793063,4,2.1513090428850314,0.684782936586894,8.925818271004381e-06,8.925818271004381e-06,True,-0.5484478372332592,0.8361740957222712,1.90130563584783e+19,8.694215344410786e+16,CONVERGED
S1,S1_dpl,Active DPL Thermoelastic Baseline,0.9515151515151515,517572.89244143496,0,3.141565101573372,0.9999912299207888,-0.3873133271029667,0.3873133271029667,False,-1.4730179548642441,-4.0584614891439364e-05,1.8416311032816232e+19,2.2404107408158704e+17,CONVERGED
S1,S1_dpl,Active DPL Thermoelastic Baseline,0.9515151515151515,517572.89244143496,1,2.487766083304557e-05,7.918805388285683e-06,-4.114388321740301,4.114388321740301,False,61.21475905241712,0.0015228800139968084,1.8416311032816232e+19,2.2404107408158704e+17,CONVERGED
S1,S1_dpl,Active DPL Thermoelastic Baseline,0.9515151515151515,517572.89244143496,2,0.0002812840357502379,8.953548940497555e-05,4.114598317970275,4.114598317970275,False,0.01633249891746133,4.5940713305519755e-06,1.8416311032816232e+19,2.2404107408158704e+17,CONVERGED
S1,S1_dpl,Active DPL Thermoelastic Baseline,0.9515151515151515,517572.89244143496,3,2.080752000175383,0.6623239323525211,-5.847756297557858e-05,5.847756297557858e-05,True,-0.4881671065776593,0.8728171847649797,1.8416311032816232e+19,2.2404107408158704e+17,CONVERGED
S1,S1_dpl,Active DPL Thermoelastic Baseline,0.9515151515151515,517572.89244143496,4,2.080829460535133,0.6623485887508168,5.189463254882992e-06,5.189463254882992e-06,True,-0.4882036303833653,-0.8727238030487386,1.8416311032816232e+19,2.2404107408158704e+17,CONVERGED
S1,S1_dpl,Active DPL Thermoelastic Baseline,0.9691919191919192,527188.1001035634,0,3.1415904744516414,0.999999306358783,-0.49846302751839977,0.49846302751839977,False,-1.6461891778502973,3.5872736425408803e-06,2.2207328471582392e+19,8.781830411763053e+16,CONVERGED
S1,S1_dpl,Active DPL Thermoelastic Baseline,0.9691919191919192,527188.1001035634,1,1.879273947210086e-05,5.981914762446055e-06,-4.1334047095939495,4.1334047095939495,False,62.38998148855724,0.0011724786679216787,2.2207328471582392e+19,8.781830411763053e+16,CONVERGED
S1,S1_dpl,Active DPL Thermoelastic Baseline,0.9691919191919192,527188.1001035634,2,9.957262093548297e-07,3.1694949636995314e-07,4.133356859742025,4.133356859742025,False,0.01602898136783506,-1.596047685721887e-08,2.2207328471582392e+19,8.781830411763053e+16,CONVERGED
S1,S1_dpl,Active DPL Thermoelastic Baseline,0.9691919191919192,527188.1001035634,3,2.0097332513737345,0.639717962504553,-1.6332429817834092e-06,1.6332429817834092e-06,True,-0.4249780994003469,0.9052054360869511,2.2207328471582392e+19,8.781830411763053e+16,CONVERGED
S1,S1_dpl,Active DPL Thermoelastic Baseline,0.9691919191919192,527188.1001035634,4,2.009737619119762,0.6397193528012939,5.265605936296262e-06,5.265605936296262e-06,True,-0.42497912122687653,-0.9051973350407149,2.2207328471582392e+19,8.781830411763053e+16,CONVERGED
S1,S1_dpl,Active DPL Thermoelastic Baseline,0.9868686868686869,536803.3077656921,0,3.1415536260880903,0.9999875771603749,-0.5924942366123139,0.5924942366123139,False,-1.8084936041438615,-7.058098725123296e-05,2.0800983260591145e+19,1.1565658623391696e+17,CONVERGED
S1,S1_dpl,Active DPL Thermoelastic Baseline,0.9868686868686869,536803.3077656921,1,2.232973373559064e-05,7.107775003890208e-06,-4.152274957041773,4.152274957041773,False,63.57847418158647,-0.0014196904000259105,2.0800983260591145e+19,1.1565658623391696e+17,CONVERGED
S1,S1_dpl,Active DPL Thermoelastic Baseline,0.9868686868686869,536803.3077656921,2,8.611616452652985e-06,2.741162652902431e-06,4.152246939040268,4.152246939040268,False,0.01572903456681639,1.354524128632919e-07,2.0800983260591145e+19,1.1565658623391696e+17,CONVERGED
S1,S1_dpl,Active DPL Thermoelastic Baseline,0.9868686868686869,536803.3077656921,3,1.9381403811808788,0.6169292441418942,-8.417303427214782e-06,8.417303427214782e-06,True,-0.3591409717122013,0.9332923428305694,2.0800983260591145e+19,1.1565658623391696e+17,CONVERGED
S1,S1_dpl,Active DPL Thermoelastic Baseline,0.9868686868686869,536803.3077656921,4,1.9381322779773127,0.6169266648120894,3.4876385439599704e-06,3.4876385439599704e-06,True,-0.35912913360562454,-0.933284142232639,2.0800983260591145e+19,1.1565658623391696e+17,CONVERGED
S1,S1_dpl,Active DPL Thermoelastic Baseline,1.0045454545454544,546418.5154278205,0,3.1415471457600312,0.9999855144078881,-0.6732102614602149,0.6732102614602149,False,-1.9605210121134269,8.921905652595282e-05,2.13956041169379e+19,6.695921879992627e+16,CONVERGED
S1,S1_dpl,Active DPL Thermoelastic Baseline,1.0045454545454544,546418.5154278205,1,8.215617861108605e-06,2.615112386298998e-06,-4.171011998530025,4.171011998530025,False,64.78097719767577,-0.0005322157533372685,2.13956041169379e+19,6.695921879992627e+16,CONVERGED
S1,S1_dpl,Active DPL Thermoelastic Baseline,1.0045454545454544,546418.5154278205,2,9.962639728283085e-07,3.1712067179999003e-07,4.1710492741788245,4.1710492741788245,False,0.015436054969661099,-1.537838544887581e-08,2.13956041169379e+19,6.695921879992627e+16,CONVERGED
S1,S1_dpl,Active DPL Thermoelastic Baseline,1.0045454545454544,546418.5154278205,3,1.8657970265050312,0.5939016391488716,-2.0445999114976507e-05,2.0445999114976507e-05,True,-0.29074646414890487,-0.9568215018587473,2.13956041169379e+19,6.695921879992627e+16,CONVERGED
S1,S1_dpl,Active DPL Thermoelastic Baseline,1.0045454545454544,546418.5154278205,4,1.8658561603550516,0.5939204620379411,4.511215024930729e-05,4.511215024930729e-05,True,-0.29078398029521363,0.9567415829644199,2.13956041169379e+19,6.695921879992627e+16,CONVERGED
S1,S1_dpl,Active DPL Thermoelastic Baseline,1.0222222222222221,556033.7230899491,0,3.1415885805344934,0.9999987035062311,-0.7434011240888442,0.7434011240888442,False,-2.10307618751808,-8.565945611950693e-06,2.298853528578796e+19,5.6526257265965896e+16,CONVERGED
S1,S1_dpl,Active DPL Thermoelastic Baseline,1.0222222222222221,556033.7230899491,1,7.041782311778991e-05,2.241468926193401e-05,-4.189678939755924,4.189678939755924,False,66.0015969058295,-0.00464768878408849,2.298853528578796e+19,5.6526257265965896e+16,CONVERGED
S1,S1_dpl,Active DPL Thermoelastic Baseline,1.0222222222222221,556033.7230899491,2,1.6615921000541337e-05,5.28901192252117e-06,4.189657208196042,4.189657208196042,False,0.015151477783263345,2.517557579113299e-07,2.298853528578796e+19,5.6526257265965896e+16,CONVERGED
S1,S1_dpl,Active DPL Thermoelastic Baseline,1.0222222222222221,556033.7230899491,3,1.792796047539109,0.5706647058429235,2.082310808642365e-05,2.082310808642365e-05,True,-0.22017612301770031,-0.9754387881891479,2.298853528578796e+19,5.6526257265965896e+16,CONVERGED
S1,S1_dpl,Active DPL Thermoelastic Baseline,1.0222222222222221,556033.7230899491,4,1.792808690973221,0.5706687303729967,4.307721607241362e-05,4.307721607241362e-05,True,-0.2201835558529991,0.9754142971122429,2.298853528578796e+19,5.6526257265965896e+16,CONVERGED
S1,S1_dpl,Active DPL Thermoelastic Baseline,1.0398989898989899,565648.9307520777,0,3.141587831657759,0.999998465131363,-0.8049051905448933,0.8049051905448933,False,-2.2364844488700224,-1.0784176007967607e-05,2.5254686765932724e+19,8.496408468269074e+16,CONVERGED
S1,S1_dpl,Active DPL Thermoelastic Baseline,1.0398989898989899,565648.9307520777,1,4.60505747481718e-05,1.4658353206788711e-05,-4.208271247244489,4.208271247244489,False,67.24019752745562,-0.003096449744508766,2.5254686765932724e+19,8.496408468269074e+16,CONVERGED
S1,S1_dpl,Active DPL Thermoelastic Baseline,1.0398989898989899,565648.9307520777,2,3.139760841561846e-05,9.99416916121874e-06,4.20825481557514,4.20825481557514,False,0.014872300603262844,4.669546707340558e-07,2.5254686765932724e+19,8.496408468269074e+16,CONVERGED
S1,S1_dpl,Active DPL Thermoelastic Baseline,1.0398989898989899,565648.9307520777,3,1.718823302258264,0.5471184497118753,2.3218272196725607e-07,2.3218272196725607e-07,True,-0.1474869390293121,0.989063768647112,2.5254686765932724e+19,8.496408468269074e+16,CONVERGED
S1,S1_dpl,Active DPL Thermoelastic Baseline,1.0398989898989899,565648.9307520777,4,1.7188468977948905,0.5471259604044533,1.3333090254826029e-05,1.3333090254826029e-05,True,-0.1475083439727988,-0.989047330835806,2.5254686765932724e+19,8.496408468269074e+16,CONVERGED
S1,S1_dpl,Active DPL Thermoelastic Baseline,1.0575757575757576,575264.1384142063,0,3.1415776271717264,0.9999952169425754,-0.8589315037417146,0.8589315037417146,False,-2.360637013591676,3.547191867346454e-05,2.5199904385977496e+19,7.507979175513718e+16,CONVERGED
S1,S1_dpl,Active DPL Thermoelastic Baseline,1.0575757575757576,575264.1384142063,1,3.601032694573897e-05,1.1462443071539262e-05,-4.226736943363376,4.226736943363376,False,68.49336934604477,0.0024664686248324534,2.5199904385977496e+19,7.507979175513718e+16,CONVERGED
S1,S1_dpl,Active DPL Thermoelastic Baseline,1.0575757575757576,575264.1384142063,2,1.2498868443924075e-05,3.978513391811645e-06,4.226703217379178,4.226703217379178,False,0.014600445785839652,-1.8248905110935837e-07,2.5199904385977496e+19,7.507979175513718e+16,CONVERGED
S1,S1_dpl,Active DPL Thermoelastic Baseline,1.0575757575757576,575264.1384142063,3,1.6437781078656426,0.5232308224261195,3.170614862754127e-06,3.170614862754127e-06,True,-0.07291677949677221,-0.9973348495155472,2.5199904385977496e+19,7.507979175513718e+16,CONVERGED
S1,S1_dpl,Active DPL Thermoelastic Baseline,1.0575757575757576,575264.1384142063,4,1.6437918631940254,0.5232352008831315,1.464535797896372e-05,1.464535797896372e-05,True,-0.07292966130430581,0.9973224023429185,2.5199904385977496e+19,7.507979175513718e+16,CONVERGED
S1,S1_dpl,Active DPL Thermoelastic Baseline,1.0752525252525253,584879.3460763348,0,3.1415722563907185,0.9999935073698841,-0.9067956381952212,0.9067956381952212,False,-2.4763746054512,5.051110581860929e-05,3.3379192566563557e+19,1.5968547288007725e+17,CONVERGED
S1,S1_dpl,Active DPL Thermoelastic Baseline,1.0752525252525253,584879.3460763348,1,6.929330523954763e-05,2.2056744104099074e-05,-4.24513261728755,4.24513261728755,False,69.76501140955033,0.004834248238379808,3.3379192566563557e+19,1.5968547288007725e+17,CONVERGED
S1,S1_dpl,Active DPL Thermoelastic Baseline,1.0752525252525253,584879.3460763348,2,7.034691003668811e-06,2.239211692715955e-06,4.245099562192983,4.245099562192983,False,0.014334306452623768,1.0083741664776758e-07,3.3379192566563557e+19,1.5968547288007725e+17,CONVERGED
S1,S1_dpl,Active DPL Thermoelastic Baseline,1.0752525252525253,584879.3460763348,3,1.5675396104148092,0.4989633549797215,-8.75479688597567e-06,8.75479688597567e-06,True,0.0032567391351569887,1.0000034516926786,3.3379192566563557e+19,1.5968547288007725e+17,CONVERGED
S1,S1_dpl,Active DPL Thermoelastic Baseline,1.0752525252525253,584879.3460763348,4,1.5675423681809741,0.4989642328039556,-4.208640383717579e-06,4.208640383717579e-06,True,0.0032539665663858333,-0.9999989145082997,3.3379192566563557e+19,1.5968547288007725e+17,CONVERGED
S1,S1_dpl,Active DPL Thermoelastic Baseline,1.0929292929292929,594494.5537384634,0,3.1415822427587603,0.9999966861295588,-0.9492833115054427,0.9492833115054427,False,-2.5838571747191637,-2.6900100460474232e-05,3.1037238537840734e+19,8.115056597364018e+16,CONVERGED
S1,S1_dpl,Active DPL Thermoelastic Baseline,1.0929292929292929,594494.5537384634,1,8.31213657300162e-05,2.6458352464962696e-05,-4.263290525362994,4.263290525362994,False,71.04336902575272,-0.005905221873082141,3.1037238537840734e+19,8.115056597364018e+16,CONVERGED
S1,S1_dpl,Active DPL Thermoelastic Baseline,1.0929292929292929,594494.5537384634,2,5.52275500002419e-07,1.7579475154786606e-07,4.263352443348781,4.263352443348781,False,0.0140750374621747,-7.773298351976101e-09,3.1037238537840734e+19,8.115056597364018e+16,CONVERGED
S1,S1_dpl,Active DPL Thermoelastic Baseline,1.0929292929292929,594494.5537384634,3,1.4897869660734588,0.4742139196089375,-4.073647611744886e-05,4.073647611744886e-05,True,0.08092408207362244,0.9967611394972156,3.1037238537840734e+19,8.115056597364018e+16,CONVERGED
S1,S1_dpl,Active DPL Thermoelastic Baseline,1.0929292929292929,594494.5537384634,4,1.4898179324282905,0.47422377650581954,-5.068075222779475e-06,5.068075222779475e-06,True,0.08089033069549942,-0.9967280926119165,3.1037238537840734e+19,8.115056597364018e+16,CONVERGED
S1,S1_dpl,Active DPL Thermoelastic Baseline,1.1106060606060606,604109.761400592,0,3.141572298046711,0.9999935206293983,-0.9868909790696636,0.9868909790696636,False,-2.6828803607727143,-5.4611486776339603e-05,3.208804766692749e+19,7.68047406720108e+16,CONVERGED
S1,S1_dpl,Active DPL Thermoelastic Baseline,1.1106060606060606,604109.761400592,1,2.4408953684539123e-05,7.769611269191066e-06,-4.281516271589747,4.281516271589747,False,72.35005919783282,-0.0017659892443842888,3.208804766692749e+19,7.68047406720108e+16,CONVERGED
S1,S1_dpl,Active DPL Thermoelastic Baseline,1.1106060606060606,604109.761400592,2,0.00012315261796336368,3.9200695807154154e-05,4.281765593300802,4.281765593300802,False,0.013818243033555786,1.7017528138396568e-06,3.208804766692749e+19,7.68047406720108e+16,CONVERGED
S1,S1_dpl,Active DPL Thermoelastic Baseline,1.1106060606060606,604109.761400592,3,1.4102102695405807,0.448883870392675,-0.0001333587138800215,0.0001333587138800215,True,0.15991807597921176,-0.9872653959169858,3.208804766692749e+19,7.68047406720108e+16,CONVERGED
S1,S1_dpl,Active DPL Thermoelastic Baseline,1.1106060606060606,604109.761400592,4,1.4103134845013152,0.4489167247350789,5.294515941490342e-05,5.294515941490342e-05,True,0.1597864029695195,0.987097979287474,3.208804766692749e+19,7.68047406720108e+16,CONVERGED
S1,S1_dpl,Active DPL Thermoelastic Baseline,1.1282828282828283,613724.9690627207,0,3.1415621848825954,0.9999903015092797,-1.0203963690213365,1.0203963690213365,False,-2.774294189046002,-8.45291573522231e-05,3.072428964893023e+19,9.052157774959301e+16,CONVERGED
S1,S1_dpl,Active DPL Thermoelastic Baseline,1.1282828282828283,613724.9690627207,1,1.3149536946535908e-05,4.185627608821395e-06,-4.299639295939515,4.299639295939515,False,73.67321467225058,0.0009687686583586671,3.072428964893023e+19,9.052157774959301e+16,CONVERGED
S1,S1_dpl,Active DPL Thermoelastic Baseline,1.1282828282828283,613724.9690627207,2,2.5293036893013902e-06,8.051023694657674e-07,4.2996235778283,4.2996235778283,False,0.013573667480017681,3.4331927234632235e-08,3.072428964893023e+19,9.052157774959301e+16,CONVERGED
S1,S1_dpl,Active DPL Thermoelastic Baseline,1.1282828282828283,613724.9690627207,3,1.3286546979671008,0.4229239256874666,-1.6369024260493617e-05,1.6369024260493617e-05,True,0.2397862501600937,0.9708425685035539,3.072428964893023e+19,9.052157774959301e+16,CONVERGED
S1,S1_dpl,Active DPL Thermoelastic Baseline,1.1282828282828283,613724.9690627207,4,1.3286625924158484,0.42292643856854895,1.4766246488349658e-05,1.4766246488349658e-05,True,0.23977112043075144,-0.9708142344189671,3.072428964893023e+19,9.052157774959301e+16,CONVERGED
S1,S1_dpl,Active DPL Thermoelastic Baseline,1.145959595959596,623340.1767248492,0,3.1415832240943127,0.9999969984983669,-1.0501829321608611,1.0501829321608611,False,-2.8581739220474955,-2.6951138081070984e-05,2.742513310278925e+19,8.031458275147688e+16,CONVERGED
S1,S1_dpl,Active DPL Thermoelastic Baseline,1.145959595959596,623340.1767248492,1,0.00010850378604641788,3.453782778694565e-05,-4.3175590043198,4.3175590043198,False,75.00531655570107,0.00813836085184147,2.742513310278925e+19,8.031458275147688e+16,CONVERGED
S1,S1_dpl,Active DPL Thermoelastic Baseline,1.145959595959596,623340.1767248492,2,1.2659492457494758e-05,4.029641603289713e-06,4.317603791487362,4.317603791487362,False,0.013331791048790167,1.6877370823607128e-07,2.742513310278925e+19,8.031458275147688e+16,CONVERGED
S1,S1_dpl,Active DPL Thermoelastic Baseline,1.145959595959596,623340.1767248492,3,1.2444934968871628,0.39613458335062046,-1.8997931386861472e-06,1.8997931386861472e-06,True,0.32054375119056844,-0.9472357167918526,2.742513310278925e+19,8.031458275147688e+16,CONVERGED
S1,S1_dpl,Active DPL Thermoelastic Baseline,1.145959595959596,623340.1767248492,4,1.244494330598509,0.3961348487291842,5.589205621180958e-06,5.589205621180958e-06,True,0.3205405609324403,0.9472288902099388,2.742513310278925e+19,8.031458275147688e+16,CONVERGED
S1,S1_dpl,Active DPL Thermoelastic Baseline,1.1636363636363636,632955.3843869776,0,3.141544318110034,0.9999846143389393,-1.0765492843454558,1.0765492843454558,False,-2.934535807460048,-0.0001418421962351135,3.234975574984796e+19,7.619457055212704e+16,CONVERGED
S1,S1_dpl,Active DPL Thermoelastic Baseline,1.1636363636363636,632955.3843869776,1,3.394657588908483e-05,1.0805530707584004e-05,-4.3355035845878245,4.3355035845878245,False,76.36340459826323,-0.0025922761103395857,3.234975574984796e+19,7.619457055212704e+16,CONVERGED
S1,S1_dpl,Active DPL Thermoelastic Baseline,1.1636363636363636,632955.3843869776,2,0.0003897472080172146,0.00012406038942440977,4.3352461984920225,4.3352461984920225,False,0.013098647813534856,-5.105161672622269e-06,3.234975574984796e+19,7.619457055212704e+16,CONVERGED
S1,S1_dpl,Active DPL Thermoelastic Baseline,1.1636363636363636,632955.3843869776,3,1.157211388433836,0.36835182534296074,1.3107394257962682e-05,1.3107394257962682e-05,True,0.4018893133877136,0.9156739405158589,3.234975574984796e+19,7.619457055212704e+16,CONVERGED
S1,S1_dpl,Active DPL Thermoelastic Baseline,1.1636363636363636,632955.3843869776,4,1.1571469019370382,0.3683312986535046,2.53047540914949e-05,2.53047540914949e-05,True,0.40194345847777996,-0.9156368537577426,3.234975574984796e+19,7.619457055212704e+16,CONVERGED
S1,S1_dpl,Active DPL Thermoelastic Baseline,1.1813131313131313,642570.5920491063,0,3.1415823838843946,0.9999967310512434,-1.0998657424670353,1.0998657424670353,False,-3.0037627189430056,-3.084775821272166e-05,3.7217108900763574e+19,1.0163197891624686e+17,CONVERGED
S1,S1_dpl,Active DPL Thermoelastic Baseline,1.1813131313131313,642570.5920491063,1,0.00017976886644365588,5.722220741706917e-05,-4.353473013789379,4.353473013789379,False,77.74801324632718,0.013976672360099232,3.7217108900763574e+19,1.0163197891624686e+17,CONVERGED
S1,S1_dpl,Active DPL Thermoelastic Baseline,1.1813131313131313,642570.5920491063,2,3.572823550280036e-05,1.1372650576444053e-05,4.3533214825207445,4.3533214825207445,False,0.012864013936691857,4.5960851963699704e-07,3.7217108900763574e+19,1.0163197891624686e+17,CONVERGED
S1,S1_dpl,Active DPL Thermoelastic Baseline,1.1813131313131313,642570.5920491063,3,1.0659422870450486,0.33929996806779894,-1.5829508555643273e-05,1.5829508555643273e-05,True,0.4836873509580486,-0.8752589365676016,3.7217108900763574e+19,1.0163197891624686e+17,CONVERGED
S1,S1_dpl,Active DPL Thermoelastic Baseline,1.1813131313131313,642570.5920491063,4,1.0659430506022078,0.3393002111155914,-5.576559826570793e-06,5.576559826570793e-06,True,0.4836817234583455,0.8752503319475029,3.7217108900763574e+19,1.0163197891624686e+17,CONVERGED
S1,S1_dpl,Active DPL Thermoelastic Baseline,1.198989898989899,652185.7997112349,0,3.141591241084408,0.9999995503855716,-1.120279620811816,1.120279620811816,False,-3.065711320138636,4.330333748699043e-06,4.229903015686477e+19,1.725182357433054e+17,CONVERGED
S1,S1_dpl,Active DPL Thermoelastic Baseline,1.198989898989899,652185.7997112349,1,3.915197432230229e-05,1.2462460490402736e-05,-4.37104856245885,4.37104856245885,False,79.1265572924958,-0.0030979609409109076,4.229903015686477e+19,1.725182357433054e+17,CONVERGED
S1,S1_dpl,Active DPL Thermoelastic Baseline,1.198989898989899,652185.7997112349,2,0.00014748745487003947,4.694671497321923e-05,4.3709598430814225,4.3709598430814225,False,0.012639103050730204,-1.8641091543087245e-06,4.229903015686477e+19,1.725182357433054e+17,CONVERGED
S1,S1_dpl,Active DPL Thermoelastic Baseline,1.198989898989899,652185.7997112349,3,0.9696166395206015,0.3086385621677123,-9.631086377826791e-05,9.631086377826791e-05,True,0.5656701957571624,0.8247483676324351,4.229903015686477e+19,1.725182357433054e+17,CONVERGED
S1,S1_dpl,Active DPL Thermoelastic Baseline,1.198989898989899,652185.7997112349,4,0.9696192041923801,0.3086393785280942,0.0001038640431651732,0.0001038640431651732,True,0.5655548593234567,-0.8245847406927197,4.229903015686477e+19,1.725182357433054e+17,CONVERGED
S1,S1_dpl,Active DPL Thermoelastic Baseline,1.2166666666666666,661801.0073733634,0,3.1415753770725994,0.9999945007137784,-1.1381632925707774,1.1381632925707774,False,-3.121030676874532,-5.3920540156924735e-05,4.078167439017073e+19,6.472057132900918e+16,CONVERGED
S1,S1_dpl,Active DPL Thermoelastic Baseline,1.2166666666666666,661801.0073733634,1,3.5966400342724637e-05,1.144846079953333e-05,-4.388703328547802,4.388703328547802,False,80.5359225625703,0.0028965872341050643,4.078167439017073e+19,6.472057132900918e+16,CONVERGED
S1,S1_dpl,Active DPL Thermoelastic Baseline,1.2166666666666666,661801.0073733634,2,0.00047862488857106566,0.0001523510338057854,4.389319902232138,4.389319902232138,False,0.012409164375872533,-5.939335370193216e-06,4.078167439017073e+19,6.472057132900918e+16,CONVERGED
S1,S1_dpl,Active DPL Thermoelastic Baseline,1.2166666666666666,661801.0073733634,3,0.8664352284508042,0.27579489895380216,-8.775497035148479e-05,8.775497035148479e-05,True,0.6476039303951532,-0.7620923006304573,4.078167439017073e+19,6.472057132900918e+16,CONVERGED
S1,S1_dpl,Active DPL Thermoelastic Baseline,1.2166666666666666,661801.0073733634,4,0.8664956935351247,0.2758141455879103,1.571667629171098e-05,1.571667629171098e-05,True,0.6474908488255591,0.7620526017464911,4.078167439017073e+19,6.472057132900918e+16,CONVERGED
S1,S1_dpl,Active DPL Thermoelastic Baseline,1.2343434343434343,671416.215035492,0,3.141591816772768,0.999999733632868,-1.1536579890043384,1.1536579890043384,False,-3.169766700119324,2.6525147405327046e-06,4.063254216711343e+19,1.0114871137730519e+18,CONVERGED
S1,S1_dpl,Active DPL Thermoelastic Baseline,1.2343434343434343,671416.215035492,1,3.197520008457375e-05,1.0178022299624605e-05,4.367650208813084,4.367650208813084,False,0.012681003289516284,-4.0547761759360973e-07,4.063254216711343e+19,1.0114871137730519e+18,CONVERGED
S1,S1_dpl,Active DPL Thermoelastic Baseline,1.2343434343434343,671416.215035492,2,0.0013875283098822822,0.00044166397839541673,4.404964548313775,4.404964548313775,False,0.012216527744240032,1.6950788971679776e-05,4.063254216711343e+19,1.0114871137730519e+18,CONVERGED
S1,S1_dpl,Active DPL Thermoelastic Baseline,1.2343434343434343,671416.215035492,3,0.7532492336439895,0.23976667782924588,-3.40265970579537e-05,3.40265970579537e-05,True,0.729495028583663,0.6840358607423355,4.063254216711343e+19,1.0114871137730519e+18,CONVERGED
S1,S1_dpl,Active DPL Thermoelastic Baseline,1.2343434343434343,671416.215035492,4,0.7533643886138771,0.23980333279460428,0.0002136220524303789,0.0002136220524303789,True,0.7292356370336223,-0.6839504608018568,4.063254216711343e+19,1.0114871137730519e+18,CONVERGED
S1,S1_dpl,Active DPL Thermoelastic Baseline,1.252020202020202,681031.4226976206,0,3.1415895566475642,0.9999990142126716,-1.1669019848051805,1.1669019848051805,False,-3.212026302263064,-9.947459896558703e-06,5.523055378209915e+19,6.689676395465832e+16,CONVERGED
S1,S1_dpl,Active DPL Thermoelastic Baseline,1.252020202020202,681031.4226976206,1,1.089554941485049e-06,3.468161094150927e-07,4.326224164806383,4.326224164806383,False,0.013217359961959729,-1.440103985994556e-08,5.523055378209915e+19,6.689676395465832e+16,CONVERGED
S1,S1_dpl,Active DPL Thermoelastic Baseline,1.252020202020202,681031.4226976206,2,0.00023921234727357577,7.614365503440932e-05,-4.423483681889933,4.423483681889933,False,83.38626881291691,-0.019947025473596423,5.523055378209915e+19,6.689676395465832e+16,CONVERGED
S1,S1_dpl,Active DPL Thermoelastic Baseline,1.252020202020202,681031.4226976206,3,0.6256546824833381,0.19915207077162705,-0.0001439383236574493,0.0001439383236574493,True,0.8106965747120944,0.5857123712521795,5.523055378209915e+19,6.689676395465832e+16,CONVERGED
S1,S1_dpl,Active DPL Thermoelastic Baseline,1.252020202020202,681031.4226976206,4,0.6257887305765576,0.1991947396049229,0.0001620640059440414,0.0001620640059440414,True,0.8103700407374714,-0.585641803141707,5.523055378209915e+19,6.689676395465832e+16,CONVERGED
S1,S1_dpl,Active DPL Thermoelastic Baseline,1.2696969696969698,690646.6303597492,0,3.1415499919620524,0.9999864203821295,-1.1778216439240612,1.1778216439240612,False,-3.247292729898278,-0.00013853479369172158,3.791098545808479e+19,6.73711003688014e+16,CONVERGED
S1,S1_dpl,Active DPL Thermoelastic Baseline,1.2696969696969698,690646.6303597492,1,3.442974096438813e-05,1.0959326927711781e-05,4.440911111004269,4.440911111004269,False,0.011785195997930287,-4.0576124558361424e-07,3.791098545808479e+19,6.73711003688014e+16,CONVERGED
S1,S1_dpl,Active DPL Thermoelastic Baseline,1.2696969696969698,690646.6303597492,2,0.0001238460001799041,3.9421406221583e-05,4.287456249480949,4.287456249480949,False,0.013739831480456507,-1.7016231807002055e-06,3.791098545808479e+19,6.73711003688014e+16,CONVERGED
S1,S1_dpl,Active DPL Thermoelastic Baseline,1.2696969696969698,690646.6303597492,3,0.47068916532382277,0.14982501464216946,-0.00018960528225158137,0.00018960528225158137,True,0.8914249658316906,0.4535866099940427,3.791098545808479e+19,6.73711003688014e+16,CONVERGED
S1,S1_dpl,Active DPL Thermoelastic Baseline,1.2696969696969698,690646.6303597492,4,0.4707811761042025,0.14985430258319982,0.00013099167175876865,0.00013099167175876865,True,0.8910974982572649,-0.45352320731222306,3.791098545808479e+19,6.73711003688014e+16,CONVERGED
S1,S1_dpl,Active DPL Thermoelastic Baseline,1.2873737373737373,700261.8380218776,0,3.141590723021858,0.9999993854811402,-1.1870490437326937,1.1870490437326937,False,-3.2773954726055314,-6.327234611649139e-06,3.6248910709325324e+19,7.008179853749939e+16,CONVERGED
S1,S1_dpl,Active DPL Thermoelastic Baseline,1.2873737373737373,700261.8380218776,1,6.99144506317689e-05,2.225446082320061e-05,-4.45820308631943,4.45820308631943,False,86.33223784314795,0.006035870990449405,3.6248910709325324e+19,7.008179853749939e+16,CONVERGED
S1,S1_dpl,Active DPL Thermoelastic Baseline,1.2873737373737373,700261.8380218776,2,1.58348320235791e-05,5.040383579164907e-06,4.252365516423225,4.252365516423225,False,0.01423053150514711,2.2533807600908862e-07,3.6248910709325324e+19,7.008179853749939e+16,CONVERGED
S1,S1_dpl,Active DPL Thermoelastic Baseline,1.2873737373737373,700261.8380218776,3,0.2405697000494016,0.07657571384199369,-0.0001936374020649073,0.0001936374020649073,True,0.9713904773517564,-0.23830209884729336,3.6248910709325324e+19,7.008179853749939e+16,CONVERGED
S1,S1_dpl,Active DPL Thermoelastic Baseline,1.2873737373737373,700261.8380218776,4,0.2406647407248988,0.07660596622859403,0.0002887079339388525,0.0002887079339388525,True,0.9708994028120707,0.23827945866932757,3.6248910709325324e+19,7.008179853749939e+16,CONVERGED
S1,S1_dpl,Active DPL Thermoelastic Baseline,1.305050505050505,709877.0456840061,0,3.1415189767046487,0.9999765479190753,-1.194143827000324,1.194143827000324,False,-3.300730555038687,-0.0002431875464364308,5.235643977094359e+19,2.0915398324801504e+17,CONVERGED
S1,S1_dpl,Active DPL Thermoelastic Baseline,1.305050505050505,709877.0456840061,1,0.0005902433727154718,0.00018788030078979858,-4.475289580212104,4.475289580212104,False,87.8200123725131,0.05183518631423922,5.235643977094359e+19,2.0915398324801504e+17,CONVERGED
S1,S1_dpl,Active DPL Thermoelastic Baseline,1.305050505050505,709877.0456840061,2,0.00022588539709568925,7.190155504010921e-05,4.218721292644954,4.218721292644954,False,0.014717451416211542,-3.324457413930066e-06,5.235643977094359e+19,2.0915398324801504e+17,CONVERGED
S1,S1_dpl,Active DPL Thermoelastic Baseline,1.305050505050505,709877.0456840061,3,4.0637147328921236e-05,1.2935205741102852e-05,-0.3149264235994646,0.3149264235994646,False,1.370158494786621,-5.567933264726608e-05,5.235643977094359e+19,2.0915398324801504e+17,CONVERGED
S1,S1_dpl,Active DPL Thermoelastic Baseline,1.305050505050505,709877.0456840061,4,6.05922234005922e-05,1.9287103734265322e-05,0.31491464251883544,0.31491464251883544,False,0.729851168528012,4.422330510675331e-05,5.235643977094359e+19,2.0915398324801504e+17,CONVERGED
S1,S1_dpl,Active DPL Thermoelastic Baseline,1.3227272727272728,719492.2533461349,0,3.141535798878762,0.9999819025834027,-1.1996976835860218,1.1996976835860218,False,-3.31911334323614,0.0001887072302128462,5.270583388213768e+19,1.1600842015251264e+17,CONVERGED
S1,S1_dpl,Active DPL Thermoelastic Baseline,1.3227272727272728,719492.2533461349,1,0.00020050215888528478,6.382181937437931e-05,4.1876791616444935,4.1876791616444935,False,0.015181477469488948,3.0439190484904916e-06,5.270583388213768e+19,1.1600842015251264e+17,CONVERGED
S1,S1_dpl,Active DPL Thermoelastic Baseline,1.3227272727272728,719492.2533461349,2,0.00014991597094696883,4.771973564926212e-05,4.4923229439719545,4.4923229439719545,False,0.01119460900714652,-1.6782506912508353e-06,5.270583388213768e+19,1.1600842015251264e+17,CONVERGED
S1,S1_dpl,Active DPL Thermoelastic Baseline,1.3227272727272728,719492.2533461349,3,9.909917425339904e-05,3.154424687750709e-05,-0.5002496486025431,0.5002496486025431,False,1.649132914945644,-0.00016342771064020286,5.270583388213768e+19,1.1600842015251264e+17,CONVERGED
S1,S1_dpl,Active DPL Thermoelastic Baseline,1.3227272727272728,719492.2533461349,4,0.00018919440214737278,6.022244861414055e-05,0.5003753302221877,0.5003753302221877,False,0.6063030422906803,0.00011470914297497152,5.270583388213768e+19,1.1600842015251264e+17,CONVERGED
S1,S1_dpl,Active DPL Thermoelastic Baseline,1.3404040404040405,729107.4610082634,0,3.141581673516661,0.999996504934171,-1.2032100538336863,1.2032100538336863,False,-3.330791800892421,3.6572337563489885e-05,3.895619480219959e+19,1.2136352618578875e+17,CONVERGED
S1,S1_dpl,Active DPL Thermoelastic Baseline,1.3404040404040405,729107.4610082634,1,3.1829858321495716e-05,1.0131758579561484e-05,4.157039537223681,4.157039537223681,False,0.015653831968818917,4.982592539242752e-07,3.895619480219959e+19,1.2136352618578875e+17,CONVERGED
S1,S1_dpl,Active DPL Thermoelastic Baseline,1.3404040404040405,729107.4610082634,2,3.228728469354722e-05,1.0277361915986661e-05,-4.509306878465467,4.509306878465467,False,90.85882042797179,0.002933584603097199,3.895619480219959e+19,1.2136352618578875e+17,CONVERGED
S1,S1_dpl,Active DPL Thermoelastic Baseline,1.3404040404040405,729107.4610082634,3,4.399199527693589e-06,1.4003087009599322e-06,-0.6282801319497815,0.6282801319497815,False,1.874384112144328,-8.24578970091489e-06,3.895619480219959e+19,1.2136352618578875e+17,CONVERGED
S1,S1_dpl,Active DPL Thermoelastic Baseline,1.3404040404040405,729107.4610082634,4,6.833872867413943e-06,2.1752892946210277e-06,0.6281573991569575,0.6281573991569575,False,0.5335740597734858,3.6463772898986944e-06,3.895619480219959e+19,1.2136352618578875e+17,CONVERGED
S1,S1_dpl,Active DPL Thermoelastic Baseline,1.358080808080808,738722.6686703919,0,3.14158134016012,0.9999963988234885,-1.2052131846523042,1.2052131846523042,False,-3.337470499507103,-3.7758237783531526e-05,3.5437979118983737e+19,7.350999930766005e+16,CONVERGED
S1,S1_dpl,Active DPL Thermoelastic Baseline,1.358080808080808,738722.6686703919,1,0.0003989134714068434,0.00012697810168069317,4.5258076952715145,4.5258076952715145,False,0.010825965960617965,-4.318623891759462e-06,3.5437979118983737e+19,7.350999930766005e+16,CONVERGED
S1,S1_dpl,Active DPL Thermoelastic Baseline,1.358080808080808,738722.6686703919,2,5.267523262599007e-05,1.67670473018836e-05,4.128084631573331,4.128084631573331,False,0.016113712958499962,-8.487935793424598e-07,3.5437979118983737e+19,7.350999930766005e+16,CONVERGED
S1,S1_dpl,Active DPL Thermoelastic Baseline,1.358080808080808,738722.6686703919,3,3.764416035360096e-05,1.1982508397639088e-05,-0.7304060105025342,0.7304060105025342,False,2.075923281779557,7.81463889379965e-05,3.5437979118983737e+19,7.350999930766005e+16,CONVERGED
S1,S1_dpl,Active DPL Thermoelastic Baseline,1.358080808080808,738722.6686703919,4,8.3670544877018e-05,2.6633161616739354e-05,0.7304523186432408,0.7304523186432408,False,0.4816910612735051,-4.030335365319461e-05,3.5437979118983737e+19,7.350999930766005e+16,CONVERGED
S1,S1_dpl,Active DPL Thermoelastic Baseline,1.3757575757575757,748337.8763325205,0,3.141586232080342,0.9999979559700575,-1.205627782567751,1.205627782567751,False,-3.3388544948448358,-2.1440485696181812e-05,6.302037353307515e+19,9.062979629617371e+16,CONVERGED
S1,S1_dpl,Active DPL Thermoelastic Baseline,1.3757575757575757,748337.8763325205,1,0.00012598054401766412,4.01008526276347e-05,-4.54292706572973,4.54292706572973,False,93.96544025389431,-0.011837817344671306,6.302037353307515e+19,9.062979629617371e+16,CONVERGED
S1,S1_dpl,Active DPL Thermoelastic Baseline,1.3757575757575757,748337.8763325205,2,1.3970591200735613e-05,4.44697729502642e-06,4.100085592890423,4.100085592890423,False,0.016571256957659566,-2.3151025665286937e-07,6.302037353307515e+19,9.062979629617371e+16,CONVERGED
S1,S1_dpl,Active DPL Thermoelastic Baseline,1.3757575757575757,748337.8763325205,3,7.84808721409797e-06,2.4981237478799877e-06,-0.8160434869486706,0.8160434869486706,False,2.2615343230055087,-1.774871860498764e-05,6.302037353307515e+19,9.062979629617371e+16,CONVERGED
S1,S1_dpl,Active DPL Thermoelastic Baseline,1.3757575757575757,748337.8763325205,4,1.4697182883596321e-06,4.6782586108999015e-07,0.8160604164252988,0.8160604164252988,False,0.44217019412990927,6.498656208807245e-07,6.302037353307515e+19,9.062979629617371e+16,CONVERGED
S1,S1_dpl,Active DPL Thermoelastic Baseline,1.3934343434343435,757953.0839946492,0,3.141541857608536,0.9999838311369874,-1.2041165689353353,1.2041165689353353,False,-3.333812578845749,-0.00016934428141589637,4.603647190512265e+19,8.256864529783717e+16,CONVERGED
S1,S1_dpl,Active DPL Thermoelastic Baseline,1.3934343434343435,757953.0839946492,1,0.00014692830917576656,4.676873337091506e-05,4.071701983354685,4.071701983354685,False,0.01704834761289762,-2.504884907028855e-06,4.603647190512265e+19,8.256864529783717e+16,CONVERGED
S1,S1_dpl,Active DPL Thermoelastic Baseline,1.3934343434343435,757953.0839946492,2,2.4528858082140586e-05,7.807778024344525e-06,4.559827815246383,4.559827815246383,False,0.010463860502416752,2.566665493065726e-07,4.603647190512265e+19,8.256864529783717e+16,CONVERGED
S1,S1_dpl,Active DPL Thermoelastic Baseline,1.3934343434343435,757953.0839946492,3,9.995847005195353e-06,3.181776922534318e-06,-0.8901494351181255,0.8901494351181255,False,2.43549357224591,2.434482113111763e-05,4.603647190512265e+19,8.256864529783717e+16,CONVERGED
S1,S1_dpl,Active DPL Thermoelastic Baseline,1.3934343434343435,757953.0839946492,4,2.6990399891143725e-05,8.591311117404955e-06,0.8901451225984363,0.8901451225984363,False,0.41059616149700007,-1.1082154595263711e-05,4.603647190512265e+19,8.256864529783717e+16,CONVERGED
S1,S1_dpl,Active DPL Thermoelastic Baseline,1.4111111111111112,767568.2916567777,0,3.1412234914031543,0.9998824920263877,-1.2014261020216346,1.2014261020216346,False,-3.324854899412874,-0.0012274107606822006,4.051169898464479e+19,1.2310352047697899e+17,CONVERGED
S1,S1_dpl,Active DPL Thermoelastic Baseline,1.4111111111111112,767568.2916567777,1,0.0010885106764834712,0.0003464837095412947,4.044889327970187,4.044889327970187,False,0.017511632223204013,-1.9061606166026403e-05,4.051169898464479e+19,1.2310352047697899e+17,CONVERGED
S1,S1_dpl,Active DPL Thermoelastic Baseline,1.4111111111111112,767568.2916567777,2,0.0016746925311853687,0.0005330711889944591,-4.575827108520599,4.575827108520599,False,97.10818887811284,0.162626510664979,4.051169898464479e+19,1.2310352047697899e+17,CONVERGED
S1,S1_dpl,Active DPL Thermoelastic Baseline,1.4111111111111112,767568.2916567777,3,7.782991118433253e-06,2.4774030170779427e-06,-0.9554123868893196,0.9554123868893196,False,2.5997424615180047,2.0233772488616986e-05,4.051169898464479e+19,1.2310352047697899e+17,CONVERGED
S1,S1_dpl,Active DPL Thermoelastic Baseline,1.4111111111111112,767568.2916567777,4,2.0510389730262014e-05,6.528659820624891e-06,0.9553852948846849,0.9553852948846849,False,0.3846639068806349,-7.88960664639336e-06,4.051169898464479e+19,1.2310352047697899e+17,CONVERGED
S1,S1_dpl,Active DPL Thermoelastic Baseline,1.4287878787878787,777183.4993189061,0,3.1415303139672157,0.9999801566818326,-1.1970535601237127,1.1970535601237127,False,-3.3103487890757037,0.0002063658943785429,6.714800065357509e+19,9.573670619115418e+16,CONVERGED
S1,S1_dpl,Active DPL Thermoelastic Baseline,1.4287878787878787,777183.4993189061,1,0.0001876269997582028,5.972352893803965e-05,4.0179091761976355,4.0179091761976355,False,0.017990540377705536,3.37551115470807e-06,6.714800065357509e+19,9.573670619115418e+16,CONVERGED
S1,S1_dpl,Active DPL Thermoelastic Baseline,1.4287878787878787,777183.4993189061,2,0.00021836048656348874,6.950630162506125e-05,4.592265657075206,4.592265657075206,False,0.010129881275127355,-2.2119658392236536e-06,6.714800065357509e+19,9.573670619115418e+16,CONVERGED
S1,S1_dpl,Active DPL Thermoelastic Baseline,1.4287878787878787,777183.4993189061,3,8.107136014212999e-06,2.58058154196065e-06,-1.013613457941233,1.013613457941233,False,2.7555400750908836,-2.2339538181865918e-05,6.714800065357509e+19,9.573670619115418e+16,CONVERGED
S1,S1_dpl,Active DPL Thermoelastic Baseline,1.4287878787878787,777183.4993189061,4,2.728386571138126e-05,8.684724189243599e-06,1.013639301906147,1.013639301906147,False,0.362895885639043,9.90120261344527e-06,6.714800065357509e+19,9.573670619115418e+16,CONVERGED
S1,S1_dpl,Active DPL Thermoelastic Baseline,1.4464646464646465,786798.7069810347,0,3.141500826626644,0.9999707705698114,-1.1911863049519982,1.1911863049519982,False,-3.290982988123506,-0.00030220097442444627,3.882804414390205e+19,9.024345287383826e+16,CONVERGED
S1,S1_dpl,Active DPL Thermoelastic Baseline,1.4464646464646465,786798.7069810347,1,0.00026988148178475724,8.590594375001886e-05,3.9911063666949294,3.9911063666949294,False,0.01847925729736147,-4.987209462776523e-06,3.882804414390205e+19,9.024345287383826e+16,CONVERGED
S1,S1_dpl,Active DPL Thermoelastic Baseline,1.4464646464646465,786798.7069810347,2,0.0002504555759428029,7.972248587244934e-05,-4.608470114849745,4.608470114849745,False,100.33053481532892,0.025128342407239494,3.882804414390205e+19,9.024345287383826e+16,CONVERGED
S1,S1_dpl,Active DPL Thermoelastic Baseline,1.4464646464646465,786798.7069810347,3,9.958063952774796e-07,3.169750203418654e-07,-1.0658518509111663,1.0658518509111663,False,2.903311119185701,-2.891135779966293e-06,3.882804414390205e+19,9.024345287383826e+16,CONVERGED
S1,S1_dpl,Active DPL Thermoelastic Baseline,1.4464646464646465,786798.7069810347,4,2.0867937980881492e-05,6.64247096358479e-06,1.0658617292752532,1.0658617292752532,False,0.34443092056456726,-7.187563090082633e-06,3.882804414390205e+19,9.024345287383826e+16,CONVERGED
S1,S1_dpl,Active DPL Thermoelastic Baseline,1.4641414141414142,796413.9146431634,0,3.1411477599045345,0.9998583859416814,-1.183739701433809,1.183739701433809,False,-3.266567052688814,-0.001453275150098344,6.854479117064138e+19,6.3689753549891304e+16,CONVERGED
S1,S1_dpl,Active DPL Thermoelastic Baseline,1.4641414141414142,796413.9146431634,1,0.0012829229040014194,0.00040836704355527004,3.9640838564519045,3.9640838564519045,False,0.0189854063953735,-2.4356826069296207e-05,6.854479117064138e+19,6.3689753549891304e+16,CONVERGED
S1,S1_dpl,Active DPL Thermoelastic Baseline,1.4641414141414142,796413.9146431634,2,7.858606029176032e-05,2.501471990710274e-05,4.62548403964311,4.62548403964311,False,0.00979891079616455,7.700577962062014e-07,6.854479117064138e+19,6.3689753549891304e+16,CONVERGED
S1,S1_dpl,Active DPL Thermoelastic Baseline,1.4641414141414142,796413.9146431634,3,2.0030037180291916e-07,6.375758855115815e-08,-1.1130275851288438,1.1130275851288438,False,3.0435590937083288,-6.096260180739421e-07,6.854479117064138e+19,6.3689753549891304e+16,CONVERGED
S1,S1_dpl,Active DPL Thermoelastic Baseline,1.4641414141414142,796413.9146431634,4,6.473294861228855e-06,2.060513750511874e-06,1.1130263558169367,1.1130263558169367,False,0.32856310605530936,2.1268858660469333e-06,6.854479117064138e+19,6.3689753549891304e+16,CONVERGED
S1,S1_dpl,Active DPL Thermoelastic Baseline,1.4818181818181817,806029.1223052919,0,3.1415528312096948,0.9999873241427233,-1.1748094303358052,1.1748094303358052,False,-3.237525908253224,-0.00012892598736575182,7.92693449602943e+19,1.0217593891265112e+17,CONVERGED
S1,S1_dpl,Active DPL Thermoelastic Baseline,1.4818181818181817,806029.1223052919,1,0.00011264195882905525,3.5855049094395814e-05,3.9369842070858376,3.9369842070858376,False,0.019506954939650586,-2.197301624485633e-06,7.92693449602943e+19,1.0217593891265112e+17,CONVERGED
S1,S1_dpl,Active DPL Thermoelastic Baseline,1.4818181818181817,806029.1223052919,2,6.035237281997233e-05,1.9210756923247094e-05,4.6419386425871565,4.6419386425871565,False,0.009638992922778372,-5.81736095190902e-07,7.92693449602943e+19,1.0217593891265112e+17,CONVERGED
S1,S1_dpl,Active DPL Thermoelastic Baseline,1.4818181818181817,806029.1223052919,3,2.101417776772952e-05,6.6890205334919284e-06,-1.1557914008383712,1.1557914008383712,False,3.176536335851824,6.675229925706824e-05,7.92693449602943e+19,1.0217593891265112e+17,CONVERGED
S1,S1_dpl,Active DPL Thermoelastic Baseline,1.4818181818181817,806029.1223052919,4,6.13802864215534e-05,1.9537951984773136e-05,1.1557808147999837,1.1557808147999837,False,0.31481163073856855,-1.932322808783665e-05,7.92693449602943e+19,1.0217593891265112e+17,CONVERGED
S1,S1_dpl,Active DPL Thermoelastic Baseline,1.4994949494949494,815644.3299674204,0,3.1414341243482,0.9999495385751517,-1.164443859539109,1.164443859539109,False,-3.204140395202103,-0.0005079499510651912,1.1148934880326936e+20,2.4601403741080096e+17,CONVERGED
S1,S1_dpl,Active DPL Thermoelastic Baseline,1.4994949494949494,815644.3299674204,1,0.00045133480193000505,0.00014366432943312363,3.9098344212579654,3.9098344212579654,False,0.020043817575879017,-9.046473049795397e-06,1.1148934880326936e+20,2.4601403741080096e+17,CONVERGED
S1,S1_dpl,Active DPL Thermoelastic Baseline,1.4994949494949494,815644.3299674204,2,0.00017245542221933544,5.489426581841423e-05,-4.6574280794843705,4.6574280794843705,False,105.36474206308243,0.018170721259657956,1.1148934880326936e+20,2.4601403741080096e+17,CONVERGED
S1,S1_dpl,Active DPL Thermoelastic Baseline,1.4994949494949494,815644.3299674204,3,7.91325949505902e-06,2.5188687292150376e-06,-1.1946353513019827,1.1946353513019827,False,3.3023533519665897,2.6132379019035066e-05,1.1148934880326936e+20,2.4601403741080096e+17,CONVERGED
S1,S1_dpl,Active DPL Thermoelastic Baseline,1.4994949494949494,815644.3299674204,4,2.998176802281165e-05,9.543493166929992e-06,1.1946651809971593,1.1946651809971593,False,0.3028053220511615,-9.07863892453098e-06,1.1148934880326936e+20,2.4601403741080096e+17,CONVERGED
S1,S1_dpl,Active DPL Thermoelastic Baseline,1.5171717171717172,825259.537629549,0,3.141419821925074,0.9999449859724744,-1.1523140803030194,1.1523140803030194,False,-3.1655096369539217,0.0005471003056864869,7.284313910637886e+19,6.48692139547426e+16,CONVERGED
S1,S1_dpl,Active DPL Thermoelastic Baseline,1.5171717171717172,825259.537629549,1,0.0004920152502549823,0.0001566133183093527,3.88162965677824,3.88162965677824,False,0.020617196336130173,1.0143975833425068e-05,7.284313910637886e+19,6.48692139547426e+16,CONVERGED
S1,S1_dpl,Active DPL Thermoelastic Baseline,1.5171717171717172,825259.537629549,2,2.627112167643617e-05,8.362357750746913e-06,4.673864895590429,4.673864895590429,False,0.009336116589278243,-2.452702549587492e-07,7.284313910637886e+19,6.48692139547426e+16,CONVERGED
S1,S1_dpl,Active DPL Thermoelastic Baseline,1.5171717171717172,825259.537629549,3,1.8326628353148203e-05,5.833546985223236e-06,-1.2299144876901522,1.2299144876901522,False,3.420936990983285,6.269424086030671e-05,7.284313910637886e+19,6.48692139547426e+16,CONVERGED
S1,S1_dpl,Active DPL Thermoelastic Baseline,1.5171717171717172,825259.537629549,4,1.1341057355160372e-05,3.6099706759249403e-06,1.2298800536057681,1.2298800536057681,False,0.2923276392055243,-3.315304522870617e-06,7.284313910637886e+19,6.48692139547426e+16,CONVERGED
S1,S1_dpl,Active DPL Thermoelastic Baseline,1.534848484848485,834874.7452916778,0,3.141534724981616,0.9999815607513244,-1.1389801986506933,1.1389801986506933,False,-3.123581302706278,0.00018094471759566775,5.6835875443078775e+19,1.191411645769818e+17,CONVERGED
S1,S1_dpl,Active DPL Thermoelastic Baseline,1.534848484848485,834874.7452916778,1,0.00017010352271494618,5.414563295485637e-05,3.8538879159245796,3.8538879159245796,False,0.021197162928385378,3.605712120458361e-06,5.6835875443078775e+19,1.191411645769818e+17,CONVERGED
S1,S1_dpl,Active DPL Thermoelastic Baseline,1.534848484848485,834874.7452916778,2,7.235790365391674e-05,2.3032236076575927e-05,4.689771661350588,4.689771661350588,False,0.009188784047207877,6.648811519448799e-07,5.6835875443078775e+19,1.191411645769818e+17,CONVERGED
S1,S1_dpl,Active DPL Thermoelastic Baseline,1.534848484848485,834874.7452916778,3,8.832863194132196e-06,2.8115876780012133e-06,-1.2619838201914149,1.2619838201914149,False,3.532422231370282,-3.120140231441633e-05,5.6835875443078775e+19,1.191411645769818e+17,CONVERGED
S1,S1_dpl,Active DPL Thermoelastic Baseline,1.534848484848485,834874.7452916778,4,0.00010003833293436804,3.184319037035485e-05,1.2619951762666866,1.2619951762666866,False,0.28308864950114143,2.8319716663207248e-05,5.6835875443078775e+19,1.191411645769818e+17,CONVERGED
S1,S1_dpl,Active DPL Thermoelastic Baseline,1.5525252525252524,844489.952953806,0,3.1415085021127163,0.9999732137529095,-1.1238487640175712,1.1238487640175712,False,-3.076672821945025,-0.0002589065630603725,7.552722051164784e+19,1.1940461569860483e+17,CONVERGED
S1,S1_dpl,Active DPL Thermoelastic Baseline,1.5525252525252524,844489.952953806,1,0.00023184659802482016,7.379906422937958e-05,3.824910175582562,3.824910175582562,False,0.021820394860872446,-5.058984406696481e-06,7.552722051164784e+19,1.1940461569860483e+17,CONVERGED
S1,S1_dpl,Active DPL Thermoelastic Baseline,1.5525252525252524,844489.952953806,2,5.52738047174959e-05,1.7594198488571192e-05,4.705586227350952,4.705586227350952,False,0.00904461045160225,-4.999300323568128e-07,7.552722051164784e+19,1.1940461569860483e+17,CONVERGED
S1,S1_dpl,Active DPL Thermoelastic Baseline,1.5525252525252524,844489.952953806,3,8.271059175991575e-06,2.632759904929276e-06,-1.2910641996394403,1.2910641996394403,False,3.636654623604429,3.0078985595161504e-05,7.552722051164784e+19,1.1940461569860483e+17,CONVERGED
S1,S1_dpl,Active DPL Thermoelastic Baseline,1.5525252525252524,844489.952953806,4,1.9801851542501293e-05,6.303125110721906e-06,1.2910608345396621,1.2910608345396621,False,0.2749789211173525,-5.4450917739946855e-06,7.552722051164784e+19,1.1940461569860483e+17,CONVERGED
S1,S1_dpl,Active DPL Thermoelastic Baseline,1.5702020202020202,854105.1606159348,0,0.008805968995866758,0.0028030269888123373,-3.251914532180591,3.251914532180591,False,25.83876178255512,0.22754121674721375,5.711051732093521e+19,4.029101702972058e+16,CONVERGED
S1,S1_dpl,Active DPL Thermoelastic Baseline,1.5702020202020202,854105.1606159348,1,3.140236386536584,0.9995682867886582,3.075968999360095,3.075968999360095,False,-0.046144849898591134,6.258477796683234e-05,5.711051732093521e+19,4.029101702972058e+16,CONVERGED
S1,S1_dpl,Active DPL Thermoelastic Baseline,1.5702020202020202,854105.1606159348,2,2.347077845345353e-05,7.47098081816376e-06,4.721217461489011,4.721217461489011,False,0.008904331263850538,2.089915864083721e-07,5.711051732093521e+19,4.029101702972058e+16,CONVERGED
S1,S1_dpl,Active DPL Thermoelastic Baseline,1.5702020202020202,854105.1606159348,3,1.763702589753219e-06,5.614039706064041e-07,-1.317416975039581,1.317416975039581,False,3.7337645037421217,-6.585250124785451e-06,5.711051732093521e+19,4.029101702972058e+16,CONVERGED
S1,S1_dpl,Active DPL Thermoelastic Baseline,1.5702020202020202,854105.1606159348,4,2.340967089301985e-05,7.451529677557146e-06,1.3174154028419613,1.3174154028419613,False,0.26782663205487484,6.269733313935838e-06,5.711051732093521e+19,4.029101702972058e+16,CONVERGED
S1,S1_dpl,Active DPL Thermoelastic Baseline,1.587878787878788,863720.3682780633,0,3.1415833293891913,0.9999970320147676,-1.0888364314759473,1.0888364314759473,False,-2.9708153133829964,-2.770047793430327e-05,2.678957175261419e+20,1.654550347236601e+17,CONVERGED
S1,S1_dpl,Active DPL Thermoelastic Baseline,1.587878787878788,863720.3682780633,1,2.1016281433436336e-05,6.6896901510836335e-06,3.7650212084205834,3.7650212084205834,False,0.023167120886934876,-4.868867326339479e-07,2.678957175261419e+20,1.654550347236601e+17,CONVERGED
S1,S1_dpl,Active DPL Thermoelastic Baseline,1.587878787878788,863720.3682780633,2,0.0002811753761959158,8.95009019946065e-05,4.736753434922431,4.736753434922431,False,0.008767062525795946,-2.4650821687865883e-06,2.678957175261419e+20,1.654550347236601e+17,CONVERGED
S1,S1_dpl,Active DPL Thermoelastic Baseline,1.587878787878788,863720.3682780633,3,7.281043471802259e-07,2.3176281188086091e-07,-1.3411401035829016,1.3411401035829016,False,3.823400093558047,2.7838342291293884e-06,2.678957175261419e+20,1.654550347236601e+17,CONVERGED
S1,S1_dpl,Active DPL Thermoelastic Baseline,1.587878787878788,863720.3682780633,4,1.4506981769480135e-05,4.617715715913548e-06,1.3411512624602406,1.3411512624602406,False,0.2615443889234317,-3.794219682288213e-06,2.678957175261419e+20,1.654550347236601e+17,CONVERGED
S1,S1_dpl,Active DPL Thermoelastic Baseline,1.6055555555555556,873335.5759401919,0,3.1415735287218713,0.9999939123654685,-1.0687978903157793,1.0687978903157793,False,-2.9118769991309232,5.568926301943475e-05,9.46533641280883e+19,1.9391591442228707e+17,CONVERGED
S1,S1_dpl,Active DPL Thermoelastic Baseline,1.6055555555555556,873335.5759401919,1,5.5531249701803804e-05,1.767614577222483e-05,3.7337299143611133,3.7337299143611133,False,0.023903511266890116,1.3273918542759905e-06,9.46533641280883e+19,1.9391591442228707e+17,CONVERGED
S1,S1_dpl,Active DPL Thermoelastic Baseline,1.6055555555555556,873335.5759401919,2,3.4964309863384625e-05,1.112948549310875e-05,-4.7478858377754705,4.7478858377754705,False,115.3401786591401,0.004032789747979683,9.46533641280883e+19,1.9391591442228707e+17,CONVERGED
S1,S1_dpl,Active DPL Thermoelastic Baseline,1.6055555555555556,873335.5759401919,3,4.189208436532421e-06,1.3334664606328108e-06,-1.3624212073570294,1.3624212073570294,False,3.905638223090127,-1.636153259430837e-05,9.46533641280883e+19,1.9391591442228707e+17,CONVERGED
S1,S1_dpl,Active DPL Thermoelastic Baseline,1.6055555555555556,873335.5759401919,4,1.6645180564153226e-05,5.298325530884258e-06,1.3624189398412896,1.3624189398412896,False,0.25604068022967225,4.26184335458511e-06,9.46533641280883e+19,1.9391591442228707e+17,CONVERGED
S1,S1_dpl,Active DPL Thermoelastic Baseline,1.6232323232323231,882950.7836023204,0,3.141588509637698,0.9999986809390802,-1.047047461654569,1.047047461654569,False,-2.849226237047158,-1.1807057035048844e-05,1.2104542254179443e+20,8.678765427170454e+16,CONVERGED
S1,S1_dpl,Active DPL Thermoelastic Baseline,1.6232323232323231,882950.7836023204,1,8.995497949100616e-06,2.8633559283447396e-06,3.7015310855131474,3.7015310855131474,False,0.024685701600071813,-2.2206017812154542e-07,1.2104542254179443e+20,8.678765427170454e+16,CONVERGED
S1,S1_dpl,Active DPL Thermoelastic Baseline,1.6232323232323231,882950.7836023204,2,0.0004050105905250806,0.00012891887497326827,-4.767456484966083,4.767456484966083,False,117.61968406339855,0.04763722030459172,1.2104542254179443e+20,8.678765427170454e+16,CONVERGED
S1,S1_dpl,Active DPL Thermoelastic Baseline,1.6232323232323231,882950.7836023204,3,5.430891492001939e-07,1.7287064526956543e-07,-1.3814131191244237,1.3814131191244237,False,3.980522607623555,2.1617786363466264e-06,1.2104542254179443e+20,8.678765427170454e+16,CONVERGED
S1,S1_dpl,Active DPL Thermoelastic Baseline,1.6232323232323231,882950.7836023204,4,2.568802606879584e-05,8.176752654244652e-06,1.3815012583769688,1.3815012583769688,False,0.25120115192575543,-6.45286174059971e-06,1.2104542254179443e+20,8.678765427170454e+16,CONVERGED
S1,S1_dpl,Active DPL Thermoelastic Baseline,1.6409090909090909,892565.9912644491,0,3.1414876110595014,0.9999665639241384,-1.0235419017616127,1.0235419017616127,False,-2.7830345475440144,-0.0002923369918390006,6.270790575056346e+19,1.1788302961035592e+17,CONVERGED
S1,S1_dpl,Active DPL Thermoelastic Baseline,1.6409090909090909,892565.9912644491,1,0.00027610560721617894,8.788714440768833e-05,3.6683631586205685,3.6683631586205685,False,0.025518204061751336,-7.0457194065780615e-06,6.270790575056346e+19,1.1788302961035592e+17,CONVERGED
S1,S1_dpl,Active DPL Thermoelastic Baseline,1.6409090909090909,892565.9912644491,2,0.0002192828573088492,6.97999013520362e-05,4.783008266119299,4.783008266119299,False,0.008370779319428208,1.8355684364871269e-06,6.270790575056346e+19,1.1788302961035592e+17,CONVERGED
S1,S1_dpl,Active DPL Thermoelastic Baseline,1.6409090909090909,892565.9912644491,3,2.3235453924767773e-06,7.396074694221542e-07,-1.3981619457421182,1.3981619457421182,False,4.047753135204977,9.40513814720588e-06,6.270790575056346e+19,1.1788302961035592e+17,CONVERGED
S1,S1_dpl,Active DPL Thermoelastic Baseline,1.6409090909090909,892565.9912644491,4,6.766649633320742e-06,2.1538914746279144e-06,1.3981656497087003,1.3981656497087003,False,0.24704972428217145,-1.6716989262514603e-06,6.270790575056346e+19,1.1788302961035592e+17,CONVERGED
S1,S1_dpl,Active DPL Thermoelastic Baseline,1.6585858585858586,902181.1989265776,0,3.1415239190536393,0.99997812111762,-0.9976265222684569,0.9976265222684569,False,-2.711837691190932,-0.00018639690612249452,7.591188166838821e+19,9.605775785215579e+16,CONVERGED
S1,S1_dpl,Active DPL Thermoelastic Baseline,1.6585858585858586,902181.1989265776,1,0.0001762255924449403,5.609434827382003e-05,3.632619596015461,3.632619596015461,False,0.02644681320860465,-4.660605374212774e-06,7.591188166838821e+19,9.605775785215579e+16,CONVERGED
S1,S1_dpl,Active DPL Thermoelastic Baseline,1.6585858585858586,902181.1989265776,2,5.752755556837042e-05,1.8311589665399684e-05,4.7979159998609795,4.7979159998609795,False,0.008246915712917517,4.744249024658867e-07,7.591188166838821e+19,9.605775785215579e+16,CONVERGED
S1,S1_dpl,Active DPL Thermoelastic Baseline,1.6585858585858586,902181.1989265776,3,6.3865729391316105e-06,2.0329093053594603e-06,-1.41278838059027,1.41278838059027,False,4.107392424507449,-2.6232161309110104e-05,7.591188166838821e+19,9.605775785215579e+16,CONVERGED
S1,S1_dpl,Active DPL Thermoelastic Baseline,1.6585858585858586,902181.1989265776,4,4.41510675511686e-05,1.4053721287105332e-05,1.4128815695679768,1.4128815695679768,False,0.24344077970324404,-1.0748170316370946e-05,7.591188166838821e+19,9.605775785215579e+16,CONVERGED
S1,S1_dpl,Active DPL Thermoelastic Baseline,1.6762626262626263,911796.4065887061,0,3.1415672674708888,0.999991919347381,-0.970200099371577,0.970200099371577,False,-2.6384723623473882,-6.69805731316349e-05,7.044007859535026e+19,5.246655561679977e+16,CONVERGED
S1,S1_dpl,Active DPL Thermoelastic Baseline,1.6762626262626263,911796.4065887061,1,6.268922802790024e-05,1.9954601038510627e-05,3.596781739081289,3.596781739081289,False,0.027411798912125168,-1.7184245149082638e-06,7.044007859535026e+19,5.246655561679977e+16,CONVERGED
S1,S1_dpl,Active DPL Thermoelastic Baseline,1.6762626262626263,911796.4065887061,2,4.0515984298119594e-05,1.2896638350558699e-05,4.812983481545225,4.812983481545225,False,0.008123586928645192,-3.291351206254949e-07,7.044007859535026e+19,5.246655561679977e+16,CONVERGED
S1,S1_dpl,Active DPL Thermoelastic Baseline,1.6762626262626263,911796.4065887061,3,2.1394662250872114e-07,6.810132506015745e-08,-1.4253693707217316,1.4253693707217316,False,4.1593939173811805,-8.898882803070359e-07,7.044007859535026e+19,5.246655561679977e+16,CONVERGED
S1,S1_dpl,Active DPL Thermoelastic Baseline,1.6762626262626263,911796.4065887061,4,2.154826261983262e-05,6.859025021977352e-06,1.4253881434180815,1.4253881434180815,False,0.24041512949013435,-5.180528348836302e-06,7.044007859535026e+19,5.246655561679977e+16,CONVERGED
S1,S1_dpl,Active DPL Thermoelastic Baseline,1.6939393939393939,921411.6142508347,0,3.141558889023896,0.9999892524048722,-0.9404878703198649,0.9404878703198649,False,-2.5612306605323942,8.647884144796069e-05,1.3592912654427457e+20,1.5690285479339286e+17,CONVERGED
S1,S1_dpl,Active DPL Thermoelastic Baseline,1.6939393939393939,921411.6142508347,1,8.719815739766783e-05,2.7756035556687914e-05,3.5589542459066092,3.5589542459066092,False,0.028468580179104377,2.482407741637348e-06,1.3592912654427457e+20,1.5690285479339286e+17,CONVERGED
S1,S1_dpl,Active DPL Thermoelastic Baseline,1.6939393939393939,921411.6142508347,2,0.00019856138169024648,6.320405080631857e-05,-4.827666876405109,4.827666876405109,False,124.91916607145635,0.024804122540722656,1.3592912654427457e+20,1.5690285479339286e+17,CONVERGED
S1,S1_dpl,Active DPL Thermoelastic Baseline,1.6939393939393939,921411.6142508347,3,8.1819263508029e-07,2.604388045488229e-07,-1.43594143564779,1.43594143564779,False,4.203600565964969,3.4393550238926436e-06,1.3592912654427457e+20,1.5690285479339286e+17,CONVERGED
S1,S1_dpl,Active DPL Thermoelastic Baseline,1.6939393939393939,921411.6142508347,4,1.6533464483185713e-06,5.26276519786659e-07,1.4359621606030037,1.4359621606030037,False,0.23788636897480583,3.933085832482548e-07,1.3592912654427457e+20,1.5690285479339286e+17,CONVERGED
S1,S1_dpl,Active DPL Thermoelastic Baseline,1.7116161616161616,931026.8219129633,0,3.141525548275512,0.9999786397150487,-0.908711719006868,0.908711719006868,False,-2.481124082988035,-0.0001664966116098908,8.97448371697591e+19,1.6023961058386218e+17,CONVERGED
S1,S1_dpl,Active DPL Thermoelastic Baseline,1.7116161616161616,931026.8219129633,1,0.00016633543225481488,5.294621250936175e-05,3.5198701753953054,3.5198701753953054,False,0.029603277742789424,-4.924074044918453e-06,8.97448371697591e+19,1.6023961058386218e+17,CONVERGED
S1,S1_dpl,Active DPL Thermoelastic Baseline,1.7116161616161616,931026.8219129633,2,0.00026352883396911454,8.388383314685592e-05,4.842677925882812,4.842677925882812,False,0.007885907599649756,2.078164082631609e-06,8.97448371697591e+19,1.6023961058386218e+17,CONVERGED
S1,S1_dpl,Active DPL Thermoelastic Baseline,1.7116161616161616,931026.8219129633,3,3.2701031201535935e-06,1.0409061519853492e-06,-1.4445722301131831,1.4445722301131831,False,4.240037994233463,1.3865361474562055e-05,8.97448371697591e+19,1.6023961058386218e+17,CONVERGED
S1,S1_dpl,Active DPL Thermoelastic Baseline,1.7116161616161616,931026.8219129633,4,1.6724568005802584e-05,5.3235953384000875e-06,1.4445524532370553,1.4445524532370553,False,0.23585160752958662,3.944516249774207e-06,8.97448371697591e+19,1.6023961058386218e+17,CONVERGED
S1,S1_dpl,Active DPL Thermoelastic Baseline,1.7292929292929293,940642.0295750919,0,3.141585820854171,0.9999978250727017,-0.8741152274475912,0.8741152274475912,False,-2.3967537735642805,-1.6376384887203875e-05,8.610227868349766e+19,1.008265463499458e+17,CONVERGED
S1,S1_dpl,Active DPL Thermoelastic Baseline,1.7292929292929293,940642.0295750919,1,1.16567058999267e-05,3.7104447282835893e-06,3.477839369686658,3.477839369686658,False,0.03087404641810253,-3.5988967905280703e-07,8.610227868349766e+19,1.008265463499458e+17,CONVERGED
S1,S1_dpl,Active DPL Thermoelastic Baseline,1.7292929292929293,940642.0295750919,2,0.00010040257177305386,3.195913119364065e-05,-4.856323054220402,4.856323054220402,False,128.55065759511456,0.012906816669036576,8.610227868349766e+19,1.008265463499458e+17,CONVERGED
S1,S1_dpl,Active DPL Thermoelastic Baseline,1.7292929292929293,940642.0295750919,3,1.2217143317825122e-05,3.8888374989879735e-06,-1.4512955574541753,1.4512955574541753,False,4.268641203936972,5.21506013634662e-05,8.610227868349766e+19,1.008265463499458e+17,CONVERGED
S1,S1_dpl,Active DPL Thermoelastic Baseline,1.7292929292929293,940642.0295750919,4,1.6569907161772378e-05,5.274365262739744e-06,1.4512584282242067,1.4512584282242067,False,0.23427528385028326,-3.881919704052341e-06,8.610227868349766e+19,1.008265463499458e+17,CONVERGED
S1,S1_dpl,Active DPL Thermoelastic Baseline,1.7469696969696968,950257.2372372204,0,3.141587377731787,0.9999983206422386,-0.8371944168434784,0.8371944168434784,False,-2.309877324460971,1.2186584775392367e-05,9.000370811690004e+19,2.4676509319683366e+17,CONVERGED
S1,S1_dpl,Active DPL Thermoelastic Baseline,1.7469696969696968,950257.2372372204,1,1.7788622913419942e-05,5.662294534937072e-06,3.4343487160913884,3.4343487160913884,False,0.03224640495396918,5.736191381000989e-07,9.000370811690004e+19,2.4676509319683366e+17,CONVERGED
S1,S1_dpl,Active DPL Thermoelastic Baseline,1.7469696969696968,950257.2372372204,2,1.8028379379982156e-05,5.738611388520319e-06,4.8717211898062605,4.8717211898062605,False,0.0076601693281697445,1.381004387781091e-07,9.000370811690004e+19,2.4676509319683366e+17,CONVERGED
S1,S1_dpl,Active DPL Thermoelastic Baseline,1.7469696969696968,950257.2372372204,3,4.861004523302235e-06,1.5473057965512262e-06,-1.456126716593763,1.456126716593763,False,4.289313584744577,-2.085037273746934e-05,9.000370811690004e+19,2.4676509319683366e+17,CONVERGED
S1,S1_dpl,Active DPL Thermoelastic Baseline,1.7469696969696968,950257.2372372204,4,1.915672762564708e-05,6.0977757901736e-06,1.4561353661215597,1.4561353661215597,False,0.23313551936862073,-4.466113644954761e-06,9.000370811690004e+19,2.4676509319683366e+17,CONVERGED
S1,S1_dpl,Active DPL Thermoelastic Baseline,1.7646464646464646,959872.4448993491,0,2.4405071195988226,0.776837543470232,-1.3520309852846417,1.3520309852846417,False,-2.9536151281251932,2.4932816434075717,7.703108489878007e+19,1.0857321780881526e+17,CONVERGED
S1,S1_dpl,Active DPL Thermoelastic Baseline,1.7646464646464646,959872.4448993491,1,0.5604394114146194,0.17839340526029815,3.1245247097305455,3.1245247097305455,False,0.037233225077951196,-0.02336615096917628,7.703108489878007e+19,1.0857321780881526e+17,CONVERGED
S1,S1_dpl,Active DPL Thermoelastic Baseline,1.7646464646464646,959872.4448993491,2,8.466992562311718e-06,2.6951274388284453e-06,4.886125033201491,4.886125033201491,False,0.0075506242785612935,-6.393107960891649e-08,7.703108489878007e+19,1.0857321780881526e+17,CONVERGED
S1,S1_dpl,Active DPL Thermoelastic Baseline,1.7646464646464646,959872.4448993491,3,7.638935423720231e-07,2.4315486652897136e-07,-1.4591016985579919,1.4591016985579919,False,4.3020932155076,-3.2863412260093873e-06,7.703108489878007e+19,1.0857321780881526e+17,CONVERGED
S1,S1_dpl,Active DPL Thermoelastic Baseline,1.7646464646464646,959872.4448993491,4,1.4106725238467005e-05,4.49031010508244e-06,1.459094148370554,1.459094148370554,False,0.23244674162601994,3.2790623169127053e-06,7.703108489878007e+19,1.0857321780881526e+17,CONVERGED
S1,S1_dpl,Active DPL Thermoelastic Baseline,1.7823232323232323,969487.6525614776,0,2.416882946371081,0.7693177355789235,-1.3432380231690473,1.3432380231690473,False,-2.8685603577429473,2.539924214338605,1.1943782116921336e+20,1.201239242061706e+17,CONVERGED
S1,S1_dpl,Active DPL Thermoelastic Baseline,1.7823232323232323,969487.6525614776,1,0.5444240931331844,0.17329557112093738,3.1005415972734416,3.1005415972734416,False,0.03851538044472501,-0.02331949886772054,1.1943782116921336e+20,1.201239242061706e+17,CONVERGED
S1,S1_dpl,Active DPL Thermoelastic Baseline,1.7823232323232323,969487.6525614776,2,3.674977677721683e-05,1.1697817263235604e-05,4.900441400349335,4.900441400349335,False,0.007443296866847289,-2.735394984663379e-07,1.1943782116921336e+20,1.201239242061706e+17,CONVERGED
S1,S1_dpl,Active DPL Thermoelastic Baseline,1.7823232323232323,969487.6525614776,3,1.6233257776731888e-06,5.167206435303662e-07,-1.4602270448160841,1.4602270448160841,False,4.306937285121815,-6.991562317766163e-06,1.1943782116921336e+20,1.201239242061706e+17,CONVERGED
S1,S1_dpl,Active DPL Thermoelastic Baseline,1.7823232323232323,969487.6525614776,4,8.153770931577294e-06,2.5954258971990692e-06,1.4602139694821201,1.4602139694821201,False,0.2321865885624575,-1.8931962565646187e-06,1.1943782116921336e+20,1.201239242061706e+17,CONVERGED
S1,S1_dpl,Active DPL Thermoelastic Baseline,1.8,979102.8602236061,0,2.3930896922411304,0.7617441075648769,-1.3345174931928496,1.3345174931928496,False,-2.782946170438243,2.5848117455324395,6.937386108478461e+19,9.706618637295941e+16,CONVERGED
S1,S1_dpl,Active DPL Thermoelastic Baseline,1.8,979102.8602236061,1,0.5286567833892931,0.16827668055093478,3.0762951938397984,3.0762951938397984,False,0.03983244247375977,-0.02326669085819591,6.937386108478461e+19,9.706618637295941e+16,CONVERGED
S1,S1_dpl,Active DPL Thermoelastic Baseline,1.8,979102.8602236061,2,6.835923157339926e-05,2.175941922174011e-05,4.914548407818542,4.914548407818542,False,0.007339031376230865,-5.016905461536729e-07,6.937386108478461e+19,9.706618637295941e+16,CONVERGED
S1,S1_dpl,Active DPL Thermoelastic Baseline,1.8,979102.8602236061,3,5.6467766618419785e-06,1.7974248365362058e-06,-1.4595012531415597,1.4595012531415597,False,4.303812479950566,2.430266786898741e-05,6.937386108478461e+19,9.706618637295941e+16,CONVERGED
S1,S1_dpl,Active DPL Thermoelastic Baseline,1.8,979102.8602236061,4,6.642712409281847e-05,2.1144410309501585e-05,1.4595256947153055,1.4595256947153055,False,0.23234645123624498,-1.543410657149736e-05,6.937386108478461e+19,9.706618637295941e+16,CONVERGED
