family_id,case_id,case_name,Omega,omega_rad_s,branch_id,kr_a,kr_a_over_pi,ki_signed,alpha_a,is_pass_band,eigval_real,eigval_imag,cond_P_equil,cond_Tcell,solver_status
S3,S3_d01,Low Micro-Inertia (d1/a=0.1),0.05,27197.301672877948,0,1.0558297925413855e-08,3.3608106109330375e-09,3.140010040209033,3.140010040209033,False,0.04328236333580899,4.569880870154808e-10,4067599749606797.0,5.313553490196632e+16,CONVERGED
S3,S3_d01,Low Micro-Inertia (d1/a=0.1),0.05,27197.301672877948,1,0.11579769590565778,0.03685955140407513,8.401610268918742e-07,8.401610268918742e-07,True,0.9933021007684893,-0.11553898168265024,4067599749606797.0,5.313553490196632e+16,CONVERGED
S3,S3_d01,Low Micro-Inertia (d1/a=0.1),0.05,27197.301672877948,2,0.11579769918066511,0.03685955244654234,-8.398698193770186e-07,8.398698193770186e-07,True,0.9933037691696684,0.11553917904494361,4067599749606797.0,5.313553490196632e+16,CONVERGED
S3,S3_d01,Low Micro-Inertia (d1/a=0.1),0.05,27197.301672877948,3,0.2725257667369688,0.08674764579219484,7.703779903742981e-07,7.703779903742981e-07,True,0.9630933795600519,-0.2691646364082845,4067599749606797.0,5.313553490196632e+16,CONVERGED
S3,S3_d01,Low Micro-Inertia (d1/a=0.1),0.05,27197.301672877948,4,0.27252838517451794,0.08674847926675307,-8.287258608345784e-08,8.287258608345784e-08,True,0.96309349652569,0.26916738787436095,4067599749606797.0,5.313553490196632e+16,CONVERGED
S3,S3_d01,Low Micro-Inertia (d1/a=0.1),0.06767676767676768,36812.509335006514,0,8.457870160034418e-08,2.692223687997835e-08,3.1501865234405604,3.1501865234405604,False,0.042844134686289156,-3.623701282956615e-09,1.0065863519967912e+16,6.140882700897386e+16,CONVERGED
S3,S3_d01,Low Micro-Inertia (d1/a=0.1),0.06767676767676768,36812.509335006514,1,0.36767673690001285,0.11703514027507064,3.1918592218554436e-06,3.1918592218554436e-06,True,0.9331619779720464,0.359447268968941,1.0065863519967912e+16,6.140882700897386e+16,CONVERGED
S3,S3_d01,Low Micro-Inertia (d1/a=0.1),0.06767676767676768,36812.509335006514,2,0.24944628040686515,0.07940121712527919,-0.2615347051704654,0.2615347051704654,False,1.2587194296317528,0.3206615221190195,1.0065863519967912e+16,6.140882700897386e+16,CONVERGED
S3,S3_d01,Low Micro-Inertia (d1/a=0.1),0.06767676767676768,36812.509335006514,3,0.3676812527032805,0.1170365776998948,-1.669258204781455e-06,1.669258204781455e-06,True,0.9331648909824678,-0.35945323028130016,1.0065863519967912e+16,6.140882700897386e+16,CONVERGED
S3,S3_d01,Low Micro-Inertia (d1/a=0.1),0.06767676767676768,36812.509335006514,4,0.5716084653829554,0.1819486255577398,-0.020962363716728064,0.020962363716728064,True,0.858848005104289,-0.5524455488910387,1.0065863519967912e+16,6.140882700897386e+16,CONVERGED
S3,S3_d01,Low Micro-Inertia (d1/a=0.1),0.08535353535353535,46427.71699713508,0,1.2068046181113416e-08,3.841378406370941e-09,-3.1631837543263304,3.1631837543263304,False,23.645758501925602,2.8535810558869337e-07,2.0138721386957108e+16,2.0343012103436986e+17,CONVERGED
S3,S3_d01,Low Micro-Inertia (d1/a=0.1),0.08535353535353535,46427.71699713508,1,0.461799236832577,0.14699526251593897,4.4651534619366144e-07,4.4651534619366144e-07,True,0.8952518800528894,-0.4455593992179644,2.0138721386957108e+16,2.0343012103436986e+17,CONVERGED
S3,S3_d01,Low Micro-Inertia (d1/a=0.1),0.08535353535353535,46427.71699713508,2,0.4155771139793942,0.13228230385136916,-0.3362171291321093,0.3362171291321093,False,1.2805101647907804,0.5650610158025042,2.0138721386957108e+16,2.0343012103436986e+17,CONVERGED
S3,S3_d01,Low Micro-Inertia (d1/a=0.1),0.08535353535353535,46427.71699713508,3,0.46180252143513273,0.14699630803740465,-7.88321468810786e-08,7.88321468810786e-08,True,0.8952508868802043,0.4455625738372938,2.0138721386957108e+16,2.0343012103436986e+17,CONVERGED
S3,S3_d01,Low Micro-Inertia (d1/a=0.1),0.08535353535353535,46427.71699713508,4,0.52586756516897,0.16738884481668198,-0.30524708933645744,0.30524708933645744,False,1.1736196983229767,-0.6811445729075575,2.0138721386957108e+16,2.0343012103436986e+17,CONVERGED
S3,S3_d01,Low Micro-Inertia (d1/a=0.1),0.10303030303030303,56042.924659263655,0,4.4617949186956693e-07,1.4202334327454342e-07,3.1788335990460252,3.1788335990460252,False,0.04163418896843442,-1.857632127833883e-08,3.5306135733983452e+16,3.5319395809164166e+17,CONVERGED
S3,S3_d01,Low Micro-Inertia (d1/a=0.1),0.10303030303030303,56042.924659263655,1,0.554680969346647,0.1765604362210459,-1.4056248537120519e-06,1.4056248537120519e-06,True,0.8500697029589156,0.5266728694028201,3.5306135733983452e+16,3.5319395809164166e+17,CONVERGED
S3,S3_d01,Low Micro-Inertia (d1/a=0.1),0.10303030303030303,56042.924659263655,2,3.992125697642861e-05,1.270733076448085e-05,-0.8026376907857341,0.8026376907857341,False,2.2314189643295466,8.908104994439904e-05,3.5306135733983452e+16,3.5319395809164166e+17,CONVERGED
S3,S3_d01,Low Micro-Inertia (d1/a=0.1),0.10303030303030303,56042.924659263655,3,0.5546867352326116,0.17656227155955104,-7.23118786965387e-06,7.23118786965387e-06,True,0.8500716183404358,-0.5266808390025144,3.5306135733983452e+16,3.5319395809164166e+17,CONVERGED
S3,S3_d01,Low Micro-Inertia (d1/a=0.1),0.10303030303030303,56042.924659263655,4,1.6627912236841064e-05,5.292828851582939e-06,3.17701053263628,3.17701053263628,False,0.041710160083235456,-6.935528813125501e-07,3.5306135733983452e+16,3.5319395809164166e+17,CONVERGED
S3,S3_d01,Low Micro-Inertia (d1/a=0.1),0.12070707070707071,65658.13232139223,0,3.6460477841478304e-08,1.1605730551927581e-08,3.1969492832230064,3.1969492832230064,False,0.0408867477952733,1.4907503619996746e-09,5.65595383058376e+16,3.428799684600589e+17,CONVERGED
S3,S3_d01,Low Micro-Inertia (d1/a=0.1),0.12070707070707071,65658.13232139223,1,0.6461594517137139,0.20567894153157287,1.6763449047461382e-07,1.6763449047461382e-07,True,0.7984020355734379,-0.6021244508598418,5.65595383058376e+16,3.428799684600589e+17,CONVERGED
S3,S3_d01,Low Micro-Inertia (d1/a=0.1),0.12070707070707071,65658.13232139223,2,1.4134936287152354e-05,4.499289960778599e-06,-3.094830931117744,3.094830931117744,False,22.08350458626405,0.0003121489303446679,5.65595383058376e+16,3.428799684600589e+17,CONVERGED
S3,S3_d01,Low Micro-Inertia (d1/a=0.1),0.12070707070707071,65658.13232139223,3,0.6461601951223775,0.20567917816589998,-1.0127915783125001e-07,1.0127915783125001e-07,True,0.7984018026497967,0.6021252063183299,5.65595383058376e+16,3.428799684600589e+17,CONVERGED
S3,S3_d01,Low Micro-Inertia (d1/a=0.1),0.12070707070707071,65658.13232139223,4,1.5375864449018845e-05,4.894289662744582e-06,3.1794797406973623,3.1794797406973623,False,0.04160729606915331,-6.397481444999117e-07,5.65595383058376e+16,3.428799684600589e+17,CONVERGED
S3,S3_d01,Low Micro-Inertia (d1/a=0.1),0.1383838383838384,75273.3399835208,0,9.62607639473473e-06,3.064075281604486e-06,-3.0793202869249776,3.0793202869249776,False,21.743617949749034,0.00020930572748867438,8.485297711550552e+16,8.711930553578067e+16,CONVERGED
S3,S3_d01,Low Micro-Inertia (d1/a=0.1),0.1383838383838384,75273.3399835208,1,0.7360874179695486,0.23430390223520736,9.112123245206357e-06,9.112123245206357e-06,True,0.7410943534498289,0.6713873213014603,8.485297711550552e+16,8.711930553578067e+16,CONVERGED
S3,S3_d01,Low Micro-Inertia (d1/a=0.1),0.1383838383838384,75273.3399835208,2,1.043924936869721e-08,3.3229162783942173e-09,-3.217327873230581,3.217327873230581,False,24.96133114553917,-2.6057756040291177e-07,8.485297711550552e+16,8.711930553578067e+16,CONVERGED
S3,S3_d01,Low Micro-Inertia (d1/a=0.1),0.1383838383838384,75273.3399835208,3,0.736089683815245,0.2343046234762931,-1.4778157062109435e-06,1.4778157062109435e-06,True,0.7411006803572598,-0.6713961105113634,8.485297711550552e+16,8.711930553578067e+16,CONVERGED
S3,S3_d01,Low Micro-Inertia (d1/a=0.1),0.1383838383838384,75273.3399835208,4,1.4180778516223774e-05,4.513881995496733e-06,3.1827687758869856,3.1827687758869856,False,0.041470673011156006,-5.880864289293625e-07,8.485297711550552e+16,8.711930553578067e+16,CONVERGED
S3,S3_d01,Low Micro-Inertia (d1/a=0.1),0.15606060606060607,84888.54764564935,0,1.3573647466577511e-05,4.320626180185186e-06,-3.041848689042582,3.041848689042582,False,20.943926272703155,0.00028428547180912265,1.211098794176206e+17,6.375137390064612e+16,CONVERGED
S3,S3_d01,Low Micro-Inertia (d1/a=0.1),0.15606060606060607,84888.54764564935,1,0.8243556487281976,0.2624005527216375,6.208756884265938e-07,6.208756884265938e-07,True,0.6790297099310684,-0.7341099449539716,1.211098794176206e+17,6.375137390064612e+16,CONVERGED
S3,S3_d01,Low Micro-Inertia (d1/a=0.1),0.15606060606060607,84888.54764564935,2,1.7564873390201441e-09,5.591072849667715e-10,3.2397623388298955,3.2397623388298955,False,0.039173203942253626,6.88072367534225e-11,1.211098794176206e+17,6.375137390064612e+16,CONVERGED
S3,S3_d01,Low Micro-Inertia (d1/a=0.1),0.15606060606060607,84888.54764564935,3,0.8243564910699877,0.26240082084735683,-1.5870841007795842e-07,1.5870841007795842e-07,True,0.6790296209198309,0.7341110892299212,1.211098794176206e+17,6.375137390064612e+16,CONVERGED
S3,S3_d01,Low Micro-Inertia (d1/a=0.1),0.15606060606060607,84888.54764564935,4,1.3935958151514555e-05,4.435953253070668e-06,3.184569649651591,3.184569649651591,False,0.0413960567716523,-5.768937148448135e-07,1.211098794176206e+17,6.375137390064612e+16,CONVERGED
S3,S3_d01,Low Micro-Inertia (d1/a=0.1),0.17373737373737375,94503.75530777793,0,9.69077785149568e-09,3.0846703949419895e-09,-3.264046339727143,3.264046339727143,False,26.155155960233973,2.5346380608185063e-07,1.662881502567055e+17,2.1448424134324326e+17,CONVERGED
S3,S3_d01,Low Micro-Inertia (d1/a=0.1),0.17373737373737375,94503.75530777793,1,0.9108992148016967,0.28994822538843235,6.546122217005363e-06,6.546122217005363e-06,True,0.6130315550096644,0.7900501379049951,1.662881502567055e+17,2.1448424134324326e+17,CONVERGED
S3,S3_d01,Low Micro-Inertia (d1/a=0.1),0.17373737373737375,94503.75530777793,2,1.5422720321983632e-05,4.909204350335046e-06,-3.012670928230893,3.012670928230893,False,20.34165854019379,0.00031372371057557285,1.662881502567055e+17,2.1448424134324326e+17,CONVERGED
S3,S3_d01,Low Micro-Inertia (d1/a=0.1),0.17373737373737375,94503.75530777793,3,0.9109150167060065,0.28995325529079474,-4.732493821282103e-06,4.732493821282103e-06,True,0.6130259846821611,-0.7900687357039908,1.662881502567055e+17,2.1448424134324326e+17,CONVERGED
S3,S3_d01,Low Micro-Inertia (d1/a=0.1),0.17373737373737375,94503.75530777793,4,1.3576766562003817e-05,4.32161901909533e-06,3.187574094849808,3.187574094849808,False,0.04127187123559793,-5.60338561377222e-07,1.662881502567055e+17,2.1448424134324326e+17,CONVERGED
S3,S3_d01,Low Micro-Inertia (d1/a=0.1),0.19141414141414143,104118.96296990648,0,1.3846732567287721e-06,4.407551867510742e-07,3.2899780085573243,3.2899780085573243,False,0.037254668671082035,5.1585543397171485e-08,2.2102579673291715e+17,1.070456511034508e+17,CONVERGED
S3,S3_d01,Low Micro-Inertia (d1/a=0.1),0.19141414141414143,104118.96296990648,1,0.9956744245728851,0.31693301276190633,2.240253607765006e-06,2.240253607765006e-06,True,0.543935867493361,-0.8391241216632178,2.2102579673291715e+17,1.070456511034508e+17,CONVERGED
S3,S3_d01,Low Micro-Inertia (d1/a=0.1),0.19141414141414143,104118.96296990648,2,7.042002215851217e-06,2.2415389238336027e-06,-2.9813062841552984,2.9813062841552984,False,19.713551331957035,0.00013882287216423288,2.2102579673291715e+17,1.070456511034508e+17,CONVERGED
S3,S3_d01,Low Micro-Inertia (d1/a=0.1),0.19141414141414143,104118.96296990648,3,0.9956896076925609,0.31693784569900224,-1.2903238892917631e-06,1.2903238892917631e-06,True,0.5439250472748455,0.8391353428369976,2.2102579673291715e+17,1.070456511034508e+17,CONVERGED
S3,S3_d01,Low Micro-Inertia (d1/a=0.1),0.19141414141414143,104118.96296990648,4,1.230330243858949e-05,3.916262798912175e-06,3.1907866763971997,3.1907866763971997,False,0.04113949473332467,-5.061516459003918e-07,2.2102579673291715e+17,1.070456511034508e+17,CONVERGED
S3,S3_d01,Low Micro-Inertia (d1/a=0.1),0.2090909090909091,113734.17063203505,0,1.607282864196239e-07,5.116140255674619e-08,3.3173653115233837,3.3173653115233837,False,0.036248208792485144,5.826112484996932e-09,2.8632428959389546e+17,3.831110571052581e+17,CONVERGED
S3,S3_d01,Low Micro-Inertia (d1/a=0.1),0.2090909090909091,113734.17063203505,1,1.0786686485739645,0.34335089475760194,-6.339131087851292e-06,6.339131087851292e-06,True,0.4725051371593692,-0.8813351086281261,2.8632428959389546e+17,3.831110571052581e+17,CONVERGED
S3,S3_d01,Low Micro-Inertia (d1/a=0.1),0.2090909090909091,113734.17063203505,2,2.507933223923801e-05,7.982999390637323e-06,-2.9482186808695885,2.9482186808695885,False,19.071950215892464,0.0004783117760148559,2.8632428959389546e+17,3.831110571052581e+17,CONVERGED
S3,S3_d01,Low Micro-Inertia (d1/a=0.1),0.2090909090909091,113734.17063203505,3,1.0786665103767612,0.34335021414829353,-7.105526262673396e-06,7.105526262673396e-06,True,0.47250738375379364,0.8813347737674079,2.8632428959389546e+17,3.831110571052581e+17,CONVERGED
S3,S3_d01,Low Micro-Inertia (d1/a=0.1),0.2090909090909091,113734.17063203505,4,1.3764638312066634e-05,4.3814204544749745e-06,3.194202641530641,3.194202641530641,False,0.040999203404489384,-5.643392059812883e-07,2.8632428959389546e+17,3.831110571052581e+17,CONVERGED
S3,S3_d01,Low Micro-Inertia (d1/a=0.1),0.22676767676767678,123349.37829416365,0,3.4835420926992985e-06,1.1088458870435578e-06,3.3460230414533347,3.3460230414533347,False,0.035224160941264064,1.2270484731940425e-07,3.6280520177713914e+17,1.3570697222384373e+17,CONVERGED
S3,S3_d01,Low Micro-Inertia (d1/a=0.1),0.22676767676767678,123349.37829416365,1,1.1598768273846056,0.36920026091201,-7.989662117579795e-06,7.989662117579795e-06,True,0.39945564291627667,-0.9167612387062671,3.6280520177713914e+17,1.3570697222384373e+17,CONVERGED
S3,S3_d01,Low Micro-Inertia (d1/a=0.1),0.22676767676767678,123349.37829416365,2,2.203999128086837e-07,7.01554711610495e-08,-2.9098165918341166,2.9098165918341166,False,18.35343208899003,-4.045094832153566e-06,3.6280520177713914e+17,1.3570697222384373e+17,CONVERGED
S3,S3_d01,Low Micro-Inertia (d1/a=0.1),0.22676767676767678,123349.37829416365,3,1.1598863766461263,0.3692033005363578,-2.188151628415245e-05,2.188151628415245e-05,True,0.3994524376017095,0.9167777888257526,3.6280520177713914e+17,1.3570697222384373e+17,CONVERGED
S3,S3_d01,Low Micro-Inertia (d1/a=0.1),0.22676767676767678,123349.37829416365,4,1.0738097155202704e-05,3.4180424833030593e-06,3.1973953040831136,3.1973953040831136,False,0.04086851551678848,-4.388500902250514e-07,3.6280520177713914e+17,1.3570697222384373e+17,CONVERGED
S3,S3_d01,Low Micro-Inertia (d1/a=0.1),0.24444444444444446,132964.58595629223,0,7.575642429517527e-07,2.41140187950882e-07,3.3757983297545016,3.3757983297545016,False,0.03419081187088731,-2.59017365108795e-08,4.5097463143522554e+17,1.3609765402984008e+17,CONVERGED
S3,S3_d01,Low Micro-Inertia (d1/a=0.1),0.24444444444444446,132964.58595629223,1,1.2393416881232238,0.39449471168933037,-3.2368727588141404e-07,3.2368727588141404e-07,True,0.3254189401882452,0.9455702833430842,4.5097463143522554e+17,1.3609765402984008e+17,CONVERGED
S3,S3_d01,Low Micro-Inertia (d1/a=0.1),0.24444444444444446,132964.58595629223,2,1.0108076131585132e-05,3.2175005629819545e-06,-2.870900962919067,2.870900962919067,False,17.652915658771988,0.00017843701542939573,4.5097463143522554e+17,1.3609765402984008e+17,CONVERGED
S3,S3_d01,Low Micro-Inertia (d1/a=0.1),0.24444444444444446,132964.58595629223,3,1.239348938626272,0.3944970195961304,-3.898962141142018e-06,3.898962141142018e-06,True,0.3254132477591956,-0.9455760234573942,4.5097463143522554e+17,1.3609765402984008e+17,CONVERGED
S3,S3_d01,Low Micro-Inertia (d1/a=0.1),0.24444444444444446,132964.58595629223,4,1.1521318709248136e-05,3.6673496470279523e-06,3.200793734224775,3.200793734224775,False,0.04072986245627144,-4.692617263633068e-07,4.5097463143522554e+17,1.3609765402984008e+17,CONVERGED
S3,S3_d01,Low Micro-Inertia (d1/a=0.1),0.2621212121212121,142579.79361842075,0,7.140066374386455e-07,2.2727537149756637e-07,3.4065207874407233,3.4065207874407233,False,0.03315635794787083,2.3673859648075382e-08,5.528960724986967e+17,1.237853522325076e+17,CONVERGED
S3,S3_d01,Low Micro-Inertia (d1/a=0.1),0.2621212121212121,142579.79361842075,1,1.3170931697194361,0.41924377694684184,2.6511715800348033e-06,2.6511715800348033e-06,True,0.25098962415700543,-0.9679870382584792,5.528960724986967e+17,1.237853522325076e+17,CONVERGED
S3,S3_d01,Low Micro-Inertia (d1/a=0.1),0.2621212121212121,142579.79361842075,2,7.350649696643542e-06,2.3397844683155215e-06,-2.8301066177822602,2.8301066177822602,False,16.947267607851586,0.00012457342750283484,5.528960724986967e+17,1.237853522325076e+17,CONVERGED
S3,S3_d01,Low Micro-Inertia (d1/a=0.1),0.2621212121212121,142579.79361842075,3,1.3170975867950776,0.4192451829456865,2.3369886129699578e-06,2.3369886129699578e-06,True,0.250985427337923,0.9679884510146272,5.528960724986967e+17,1.237853522325076e+17,CONVERGED
S3,S3_d01,Low Micro-Inertia (d1/a=0.1),0.2621212121212121,142579.79361842075,4,1.0964667363198636e-05,3.490162020422882e-06,3.2042011595330506,3.2042011595330506,False,0.04059131467205429,-4.4507026323183567e-07,5.528960724986967e+17,1.237853522325076e+17,CONVERGED
S3,S3_d01,Low Micro-Inertia (d1/a=0.1),0.27979797979797977,152195.0012805493,0,7.306602848338374e-08,2.3257639210447486e-08,-3.4380581011560416,3.4380581011560416,False,31.126455014810645,2.274286448698921e-06,6.671206441099739e+17,9.086026603100765e+16,CONVERGED
S3,S3_d01,Low Micro-Inertia (d1/a=0.1),0.27979797979797977,152195.0012805493,1,1.3931709649465507,0.4434600912866984,8.064835597341446e-06,8.064835597341446e-06,True,0.17669137309545144,0.9842581110321275,6.671206441099739e+17,9.086026603100765e+16,CONVERGED
S3,S3_d01,Low Micro-Inertia (d1/a=0.1),0.27979797979797977,152195.0012805493,2,7.041566226422161e-06,2.2414001440880626e-06,-2.7876596889245846,2.7876596889245846,False,16.24296170169119,0.0001143758905375877,6.671206441099739e+17,9.086026603100765e+16,CONVERGED
S3,S3_d01,Low Micro-Inertia (d1/a=0.1),0.27979797979797977,152195.0012805493,3,1.393178973649037,0.4434626405358753,-3.1856218162522206e-06,3.1856218162522206e-06,True,0.1766854782406709,-0.9842705995013741,6.671206441099739e+17,9.086026603100765e+16,CONVERGED
S3,S3_d01,Low Micro-Inertia (d1/a=0.1),0.27979797979797977,152195.0012805493,4,1.0614154019415227e-05,3.3785901578572853e-06,3.2075835994648263,3.2075835994648263,False,0.04045424892758079,-4.293876288732307e-07,6.671206441099739e+17,9.086026603100765e+16,CONVERGED
S3,S3_d01,Low Micro-Inertia (d1/a=0.1),0.29747474747474745,161810.20894267788,0,2.925193901003021e-07,9.311181376937902e-08,-3.470282820243595,3.470282820243595,False,32.145832651465,-9.403279361473187e-06,7.955960874064348e+17,9.107457230742787e+16,CONVERGED
S3,S3_d01,Low Micro-Inertia (d1/a=0.1),0.29747474747474745,161810.20894267788,1,1.4676820101224897,0.4671776935960868,7.677686774398245e-06,7.677686774398245e-06,True,0.10293089528435496,-0.9946807907767725,7.955960874064348e+17,9.107457230742787e+16,CONVERGED
S3,S3_d01,Low Micro-Inertia (d1/a=0.1),0.29747474747474745,161810.20894267788,2,2.67362691487759e-06,8.51041878972605e-07,-2.7430209003942303,2.7430209003942303,False,15.533840472747121,-4.1531693979450484e-05,7.955960874064348e+17,9.107457230742787e+16,CONVERGED
S3,S3_d01,Low Micro-Inertia (d1/a=0.1),0.29747474747474745,161810.20894267788,3,1.4676664576695673,0.4671727430965672,2.081907899421877e-06,2.081907899421877e-06,True,0.10294694106478368,0.9946847558489442,7.955960874064348e+17,9.107457230742787e+16,CONVERGED
S3,S3_d01,Low Micro-Inertia (d1/a=0.1),0.29747474747474745,161810.20894267788,4,9.312632052412832e-06,2.9643028486750496e-06,3.210815565172817,3.210815565172817,False,0.04032371323988818,-3.755199044009421e-07,7.955960874064348e+17,9.107457230742787e+16,CONVERGED
S3,S3_d01,Low Micro-Inertia (d1/a=0.1),0.3151515151515151,171425.41660480644,0,1.3939125169436364e-07,4.436961346184901e-08,-3.5030818159152366,3.5030818159152366,False,33.217665105732,-4.6302519174522e-06,9.381362337913115e+17,6.178674855091443e+16,CONVERGED
S3,S3_d01,Low Micro-Inertia (d1/a=0.1),0.3151515151515151,171425.41660480644,1,1.5406209068840997,0.49039486552264616,-8.907212151656966e-07,8.907212151656966e-07,True,0.03017086759166062,-0.9995456468780121,9.381362337913115e+17,6.178674855091443e+16,CONVERGED
S3,S3_d01,Low Micro-Inertia (d1/a=0.1),0.3151515151515151,171425.41660480644,2,1.0590407681491112e-05,3.3710314637353782e-06,-2.6967783333521442,2.6967783333521442,False,14.831871325135271,0.0001570755640184727,9.381362337913115e+17,6.178674855091443e+16,CONVERGED
S3,S3_d01,Low Micro-Inertia (d1/a=0.1),0.3151515151515151,171425.41660480644,3,1.5406202724718883,0.49039466358296735,-2.616291492138504e-06,2.616291492138504e-06,True,0.030171553778710378,0.9995473525247579,9.381362337913115e+17,6.178674855091443e+16,CONVERGED
S3,S3_d01,Low Micro-Inertia (d1/a=0.1),0.3151515151515151,171425.41660480644,4,1.0668070103363907e-05,3.395752180402465e-06,3.213902229257159,3.213902229257159,False,0.0401994393764418,-4.288504374000774e-07,9.381362337913115e+17,6.178674855091443e+16,CONVERGED
S3,S3_d01,Low Micro-Inertia (d1/a=0.1),0.3328282828282828,181040.62426693502,0,4.285213494509536e-06,1.3640258197105744e-06,3.5363501307789167,3.5363501307789167,False,0.029119415417952727,1.2478291190200386e-07,1.0991083769320634e+18,9.144695909846474e+16,CONVERGED
S3,S3_d01,Low Micro-Inertia (d1/a=0.1),0.3328282828282828,181040.62426693502,1,1.6121167282939908,0.5131526922982452,1.0804170624889274e-05,1.0804170624889274e-05,True,-0.04130819795886392,-0.9991356387766378,1.0991083769320634e+18,9.144695909846474e+16,CONVERGED
S3,S3_d01,Low Micro-Inertia (d1/a=0.1),0.3328282828282828,181040.62426693502,2,1.2843041722422882e-05,4.088067148918103e-06,-2.6488266906518767,2.6488266906518767,False,14.137441317157101,0.0001815677486945366,1.0991083769320634e+18,9.144695909846474e+16,CONVERGED
S3,S3_d01,Low Micro-Inertia (d1/a=0.1),0.3328282828282828,181040.62426693502,3,1.6121272521129255,0.5131560421338526,-1.021454580965917e-05,1.021454580965917e-05,True,-0.04131958115456232,0.9991562047615509,1.0991083769320634e+18,9.144695909846474e+16,CONVERGED
S3,S3_d01,Low Micro-Inertia (d1/a=0.1),0.3328282828282828,181040.62426693502,4,1.0844522853845069e-05,3.4519188353249407e-06,3.216766398588898,3.216766398588898,False,0.04008446610500777,-4.346969087769755e-07,1.0991083769320634e+18,9.144695909846474e+16,CONVERGED
S3,S3_d01,Low Micro-Inertia (d1/a=0.1),0.3505050505050505,190655.83192906357,0,3.031039422607198e-06,9.6480981362868e-07,3.570001415744123,3.570001415744123,False,0.0281558138187146,-8.534138166037382e-08,1.2728535497059825e+18,1.2490856736923069e+17,CONVERGED
S3,S3_d01,Low Micro-Inertia (d1/a=0.1),0.3505050505050505,190655.83192906357,1,1.6822429041687401,0.5354745473594411,2.645991825487192e-06,2.645991825487192e-06,True,-0.11121572560106409,-0.9937936256634877,1.2728535497059825e+18,1.2490856736923069e+17,CONVERGED
S3,S3_d01,Low Micro-Inertia (d1/a=0.1),0.3505050505050505,190655.83192906357,2,6.26989225301928e-06,1.995768689443198e-06,-2.599183194943689,2.599183194943689,False,13.45274527551526,-8.434726338590012e-05,1.2728535497059825e+18,1.2490856736923069e+17,CONVERGED
S3,S3_d01,Low Micro-Inertia (d1/a=0.1),0.3505050505050505,190655.83192906357,3,1.6822535290254736,0.5354779293563787,-1.0244615839273113e-06,1.0244615839273113e-06,True,-0.11122669276132627,0.9937960916318017,1.2728535497059825e+18,1.2490856736923069e+17,CONVERGED
S3,S3_d01,Low Micro-Inertia (d1/a=0.1),0.3505050505050505,190655.83192906357,4,8.12495533038086e-06,2.586253606461915e-06,3.2193437337697453,3.2193437337697453,False,0.039981288020710465,-3.248461792265122e-07,1.2728535497059825e+18,1.2490856736923069e+17,CONVERGED
S3,S3_d01,Low Micro-Inertia (d1/a=0.1),0.36818181818181817,200271.03959119215,0,8.73169676788138e-06,2.779385404375695e-06,3.603958427690653,3.603958427690653,False,0.027215777254277228,2.3763991429259147e-07,1.4581246364228032e+18,8.478309940088066e+16,CONVERGED
S3,S3_d01,Low Micro-Inertia (d1/a=0.1),0.36818181818181817,200271.03959119215,1,1.7511071217794216,0.557394708629233,5.883178306676854e-06,5.883178306676854e-06,True,-0.17933428340095886,0.9837822159958344,1.4581246364228032e+18,8.478309940088066e+16,CONVERGED
S3,S3_d01,Low Micro-Inertia (d1/a=0.1),0.36818181818181817,200271.03959119215,2,1.4790812271746022e-05,4.708061770785291e-06,-2.5478790618100198,2.5478790618100198,False,12.779969490997354,0.00018902612959376773,1.4581246364228032e+18,8.478309940088066e+16,CONVERGED
S3,S3_d01,Low Micro-Inertia (d1/a=0.1),0.36818181818181817,200271.03959119215,3,1.7511089998567813,0.5573953064398236,-1.2515343578315337e-05,1.2515343578315337e-05,True,-0.17933943056983392,-0.9837999794893851,1.4581246364228032e+18,8.478309940088066e+16,CONVERGED
S3,S3_d01,Low Micro-Inertia (d1/a=0.1),0.36818181818181817,200271.03959119215,4,1.0872044819113768e-05,3.4606793489571746e-06,3.2215704062141532,3.2215704062141532,False,0.03989236182883311,-4.3371154576046526e-07,1.4581246364228032e+18,8.478309940088066e+16,CONVERGED
S3,S3_d01,Low Micro-Inertia (d1/a=0.1),0.38585858585858585,209886.2472533207,0,6.010148777551536e-06,1.913089773330078e-06,3.638144302567229,3.638144302567229,False,0.02630110560194332,-1.580735576836768e-07,1.665780781343725e+18,3.6610484637264384e+17,CONVERGED
S3,S3_d01,Low Micro-Inertia (d1/a=0.1),0.38585858585858585,209886.2472533207,1,1.8187533292889873,0.5789271652423679,-6.179799208580177e-06,6.179799208580177e-06,True,-0.2454254753340602,0.9694218358030976,1.665780781343725e+18,3.6610484637264384e+17,CONVERGED
S3,S3_d01,Low Micro-Inertia (d1/a=0.1),0.38585858585858585,209886.2472533207,2,1.8579217903530302e-05,5.9139487362565765e-06,-2.4949330200761675,2.4949330200761675,False,12.120921630899975,0.00022519724419801625,1.665780781343725e+18,3.6610484637264384e+17,CONVERGED
S3,S3_d01,Low Micro-Inertia (d1/a=0.1),0.38585858585858585,209886.2472533207,3,1.8187523896126394,0.5789268661340966,-2.0084704343333294e-05,2.0084704343333294e-05,True,-0.24542797702019353,-0.9694355462387706,1.665780781343725e+18,3.6610484637264384e+17,CONVERGED
S3,S3_d01,Low Micro-Inertia (d1/a=0.1),0.38585858585858585,209886.2472533207,4,1.1355812144711205e-05,3.6146672713075317e-06,3.223378883935293,3.223378883935293,False,0.039820282577512967,-4.5219164851899114e-07,1.665780781343725e+18,3.6610484637264384e+17,CONVERGED
S3,S3_d01,Low Micro-Inertia (d1/a=0.1),0.4035353535353535,219501.45491544926,0,9.296667920858384e-09,2.95922130777693e-09,3.672490664110015,3.672490664110015,False,0.025413095572236328,2.362571103761177e-10,1.888526805673249e+18,8.897163954908774e+16,CONVERGED
S3,S3_d01,Low Micro-Inertia (d1/a=0.1),0.4035353535353535,219501.45491544926,1,1.8853186462498628,0.6001155637079721,-1.1823129148126348e-07,1.1823129148126348e-07,True,-0.30936229554192124,0.9509443761648964,1.888526805673249e+18,8.897163954908774e+16,CONVERGED
S3,S3_d01,Low Micro-Inertia (d1/a=0.1),0.4035353535353535,219501.45491544926,2,1.867483953598536e-05,5.944386047200054e-06,-2.440442318562948,2.440442318562948,False,11.478116602178439,-0.00021435198574593022,1.888526805673249e+18,8.897163954908774e+16,CONVERGED
S3,S3_d01,Low Micro-Inertia (d1/a=0.1),0.4035353535353535,219501.45491544926,3,1.8853279876417213,0.6001185371653515,-6.4443290481524395e-06,6.4443290481524395e-06,True,-0.30937313579098646,-0.9509475020168081,1.888526805673249e+18,8.897163954908774e+16,CONVERGED
S3,S3_d01,Low Micro-Inertia (d1/a=0.1),0.4035353535353535,219501.45491544926,4,5.55115021609843e-06,1.7669859934754162e-06,3.2247129053533135,3.2247129053533135,False,0.03976719688623284,-2.2075368359090777e-07,1.888526805673249e+18,8.897163954908774e+16,CONVERGED
S3,S3_d01,Low Micro-Inertia (d1/a=0.1),0.4212121212121212,229116.66257757787,0,1.9463191125761025e-08,6.195326152014357e-09,-3.706963219954862,3.706963219954862,False,40.72993068959561,7.92734425550599e-07,2.1321200738335053e+18,1.247759579314814e+18,CONVERGED
S3,S3_d01,Low Micro-Inertia (d1/a=0.1),0.4212121212121212,229116.66257757787,1,1.950916994628306,0.6209961665141591,7.897560819486908e-06,7.897560819486908e-06,True,-0.37102959642143957,-0.928612536843245,2.1321200738335053e+18,1.247759579314814e+18,CONVERGED
S3,S3_d01,Low Micro-Inertia (d1/a=0.1),0.4212121212121212,229116.66257757787,2,6.851969694406846e-06,2.1810496935614263e-06,-2.38411233778771,2.38411233778771,False,10.849427761979454,-7.433995022790292e-05,2.1321200738335053e+18,1.247759579314814e+18,CONVERGED
S3,S3_d01,Low Micro-Inertia (d1/a=0.1),0.4212121212121212,229116.66257757787,3,1.9509179954830667,0.620996485096124,-3.570711295514695e-06,3.570711295514695e-06,True,-0.37103478093096454,0.9286228151341115,2.1321200738335053e+18,1.247759579314814e+18,CONVERGED
S3,S3_d01,Low Micro-Inertia (d1/a=0.1),0.4212121212121212,229116.66257757787,4,7.188440826014597e-06,2.2881517811676205e-06,3.2254498627691284,3.2254498627691284,False,0.039737900951420886,-2.8565354954423844e-07,2.1321200738335053e+18,1.247759579314814e+18,CONVERGED
S3,S3_d01,Low Micro-Inertia (d1/a=0.1),0.4388888888888889,238731.87023970645,0,7.999433782024379e-07,2.5462988566909505e-07,-3.7414942579211394,3.7414942579211394,False,42.16094244200746,3.372636672526518e-05,2.383559862068662e+18,1.6568238410586963e+17,CONVERGED
S3,S3_d01,Low Micro-Inertia (d1/a=0.1),0.4388888888888889,238731.87023970645,1,2.0156255866596147,0.6415935510787583,1.443397349565309e-06,1.443397349565309e-06,True,-0.4303031410612835,-0.902682845744983,2.383559862068662e+18,1.6568238410586963e+17,CONVERGED
S3,S3_d01,Low Micro-Inertia (d1/a=0.1),0.4388888888888889,238731.87023970645,2,2.1816503399077945e-05,6.944408713888784e-06,-2.3261414026576896,2.3261414026576896,False,10.238359507378554,0.00022336520502914384,2.383559862068662e+18,1.6568238410586963e+17,CONVERGED
S3,S3_d01,Low Micro-Inertia (d1/a=0.1),0.4388888888888889,238731.87023970645,3,2.015628921414913,0.6415946125643377,-1.037713715243065e-06,1.037713715243065e-06,True,-0.4303072189239712,0.902683650439899,2.383559862068662e+18,1.6568238410586963e+17,CONVERGED
S3,S3_d01,Low Micro-Inertia (d1/a=0.1),0.4388888888888889,238731.87023970645,4,1.2010793538735265e-05,3.823154324291831e-06,3.2255432432770403,3.2255432432770403,False,0.03973419037745752,-4.772391570753924e-07,2.383559862068662e+18,1.6568238410586963e+17,CONVERGED
S3,S3_d01,Low Micro-Inertia (d1/a=0.1),0.45656565656565656,248347.077901835,0,3.589056125701301e-08,1.142432046879218e-08,-3.776045397515875,3.776045397515875,False,43.64310887381724,-1.5663756724822264e-06,2.640493963547618e+18,8.375128061808264e+16,CONVERGED
S3,S3_d01,Low Micro-Inertia (d1/a=0.1),0.45656565656565656,248347.077901835,1,2.0795914742532804,0.6619545254783431,5.014963847803386e-06,5.014963847803386e-06,True,-0.48712292145313174,0.8733276759141267,2.640493963547618e+18,8.375128061808264e+16,CONVERGED
S3,S3_d01,Low Micro-Inertia (d1/a=0.1),0.45656565656565656,248347.077901835,2,3.032838075732103e-05,9.653823427001525e-06,-2.266328348706472,2.266328348706472,False,9.643926589453581,-0.00029248467769027746,2.640493963547618e+18,8.375128061808264e+16,CONVERGED
S3,S3_d01,Low Micro-Inertia (d1/a=0.1),0.45656565656565656,248347.077901835,3,2.0795964007766217,0.6619560936394272,-4.878126448323716e-06,4.878126448323716e-06,True,-0.4871320431338506,-0.873333916009638,2.640493963547618e+18,8.375128061808264e+16,CONVERGED
S3,S3_d01,Low Micro-Inertia (d1/a=0.1),0.45656565656565656,248347.077901835,4,2.475570627993576e-06,7.879986048365704e-07,3.224874385287253,3.224874385287253,False,0.03976077580084968,-9.843060871902231e-08,2.640493963547618e+18,8.375128061808264e+16,CONVERGED
S3,S3_d01,Low Micro-Inertia (d1/a=0.1),0.4742424242424242,257962.28556396352,0,1.7417213784329442e-06,5.544071337328655e-07,3.810579578442165,3.810579578442165,False,0.022135346069138837,3.855360546766973e-08,2.9497237427738066e+18,6.676177632073674e+16,CONVERGED
S3,S3_d01,Low Micro-Inertia (d1/a=0.1),0.4742424242424242,257962.28556396352,1,2.1429497689952055,0.6821220970664444,4.6214304661492266e-06,4.6214304661492266e-06,True,-0.5414412789611733,-0.8407330721570739,2.9497237427738066e+18,6.676177632073674e+16,CONVERGED
S3,S3_d01,Low Micro-Inertia (d1/a=0.1),0.4742424242424242,257962.28556396352,2,7.807475003741097e-06,2.4851964798236192e-06,-2.204641717709722,2.204641717709722,False,9.067002439162277,-7.07903949040574e-05,2.9497237427738066e+18,6.676177632073674e+16,CONVERGED
S3,S3_d01,Low Micro-Inertia (d1/a=0.1),0.4742424242424242,257962.28556396352,3,2.1429525262943647,0.682122974742026,-3.828475255684589e-06,3.828475255684589e-06,True,-0.5414481722783874,0.8407386833708912,2.9497237427738066e+18,6.676177632073674e+16,CONVERGED
S3,S3_d01,Low Micro-Inertia (d1/a=0.1),0.4742424242424242,257962.28556396352,4,6.451153911592612e-06,2.0534660673531604e-06,3.223347833410746,3.223347833410746,False,0.0398215190391098,-2.568947483182766e-07,2.9497237427738066e+18,6.676177632073674e+16,CONVERGED
S3,S3_d01,Low Micro-Inertia (d1/a=0.1),0.49191919191919187,267577.4932260921,0,2.0755319680528624e-05,6.606623445217257e-06,3.84505043805711,3.84505043805711,False,0.02138532289521057,-4.4385921322515905e-07,3.267600699335021e+18,1.0794315518930475e+17,CONVERGED
S3,S3_d01,Low Micro-Inertia (d1/a=0.1),0.49191919191919187,267577.4932260921,1,2.205832333798047,0.7021382391117817,1.3005730381105373e-05,1.3005730381105373e-05,True,-0.5931987871567314,0.8050398672074047,3.267600699335021e+18,1.0794315518930475e+17,CONVERGED
S3,S3_d01,Low Micro-Inertia (d1/a=0.1),0.49191919191919187,267577.4932260921,2,3.044858246359551e-05,9.692084818444851e-06,-2.1409721458445223,2.1409721458445223,False,8.507704335487109,0.000259047537115024,3.267600699335021e+18,1.0794315518930475e+17,CONVERGED
S3,S3_d01,Low Micro-Inertia (d1/a=0.1),0.49191919191919187,267577.4932260921,3,2.2058668962514187,0.7021492406823807,-2.7170829429156432e-05,2.7170829429156432e-05,True,-0.5932504452384944,-0.8050517078795133,3.267600699335021e+18,1.0794315518930475e+17,CONVERGED
S3,S3_d01,Low Micro-Inertia (d1/a=0.1),0.49191919191919187,267577.4932260921,4,1.4133058587305815e-05,4.49869227035416e-06,3.220846061899996,3.220846061899996,False,0.03992126810045796,-5.642096209808808e-07,3.267600699335021e+18,1.0794315518930475e+17,CONVERGED
S3,S3_d01,Low Micro-Inertia (d1/a=0.1),0.5095959595959596,277192.70088822074,0,8.598383392526868e-06,2.7369504390398234e-06,3.879460448836448,3.879460448836448,False,0.020661970364131775,-1.7765954284021123e-07,3.6020605496486344e+18,1.3800659872779262e+17,CONVERGED
S3,S3_d01,Low Micro-Inertia (d1/a=0.1),0.5095959595959596,277192.70088822074,1,2.268472454804566,0.7220772088999057,5.3489654668014065e-06,5.3489654668014065e-06,True,-0.6424351176192513,0.7663331010571237,3.6020605496486344e+18,1.3800659872779262e+17,CONVERGED
S3,S3_d01,Low Micro-Inertia (d1/a=0.1),0.5095959595959596,277192.70088822074,2,4.9346987408772955e-05,1.570763394559947e-05,-2.075028953808155,2.075028953808155,False,7.964777056625839,-0.00039303775344603104,3.6020605496486344e+18,1.3800659872779262e+17,CONVERGED
S3,S3_d01,Low Micro-Inertia (d1/a=0.1),0.5095959595959596,277192.70088822074,3,2.268491283778347,0.7220832023484068,-1.148403229628496e-05,1.148403229628496e-05,True,-0.6424603612140396,-0.7663339041156187,3.6020605496486344e+18,1.3800659872779262e+17,CONVERGED
S3,S3_d01,Low Micro-Inertia (d1/a=0.1),0.5095959595959596,277192.70088822074,4,2.5610866243030295e-06,8.15219191888726e-07,3.2172023033388246,3.2172023033388246,False,0.040066996905789506,1.0261504985163273e-07,3.6020605496486344e+18,1.3800659872779262e+17,CONVERGED
S3,S3_d01,Low Micro-Inertia (d1/a=0.1),0.5272727272727272,286807.90855034924,0,5.289612885226567e-06,1.6837360754527812e-06,3.9137777767064774,3.9137777767064774,False,0.019964935348373253,1.0560677927245549e-07,3.9298676011214034e+18,7.047943509254197e+16,CONVERGED
S3,S3_d01,Low Micro-Inertia (d1/a=0.1),0.5272727272727272,286807.90855034924,1,2.331065268245855,0.7420011202223256,2.6598505603801166e-06,2.6598505603801166e-06,True,-0.6891145256978689,0.7246487775365594,3.9298676011214034e+18,7.047943509254197e+16,CONVERGED
S3,S3_d01,Low Micro-Inertia (d1/a=0.1),0.5272727272727272,286807.90855034924,2,5.098362056989528e-06,1.6228590460840937e-06,-2.0069010855009908,2.0069010855009908,False,7.440224964024935,-3.7932960652379675e-05,3.9298676011214034e+18,7.047943509254197e+16,CONVERGED
S3,S3_d01,Low Micro-Inertia (d1/a=0.1),0.5272727272727272,286807.90855034924,3,2.3310576549427826,0.7419986968326912,-7.244546870860074e-06,7.244546870860074e-06,True,-0.6891158339504286,-0.7246612012502908,3.9298676011214034e+18,7.047943509254197e+16,CONVERGED
S3,S3_d01,Low Micro-Inertia (d1/a=0.1),0.5272727272727272,286807.90855034924,4,6.5702108984604324e-06,2.0913630832924415e-06,3.2123179327087508,3.2123179327087508,False,0.04026317768777623,-2.645375688546828e-07,3.9298676011214034e+18,7.047943509254197e+16,CONVERGED
S3,S3_d01,Low Micro-Inertia (d1/a=0.1),0.544949494949495,296423.11621247785,0,2.5870787224005164e-06,8.23492733675815e-07,-3.947969039920827,3.947969039920827,False,51.82999521691352,-0.00013408827780809666,4.3292002393433313e+18,8.834411852909456e+16,CONVERGED
S3,S3_d01,Low Micro-Inertia (d1/a=0.1),0.544949494949495,296423.11621247785,1,2.3938604232726117,0.761989438871786,6.2488286563579925e-06,6.2488286563579925e-06,True,-0.7332282039753661,0.6799734578024657,4.3292002393433313e+18,8.834411852909456e+16,CONVERGED
S3,S3_d01,Low Micro-Inertia (d1/a=0.1),0.544949494949495,296423.11621247785,2,1.359473770775094e-05,4.3273394124526894e-06,-1.93620948670588,1.93620948670588,False,6.932423660462916,-9.4244481348806e-05,4.3292002393433313e+18,8.834411852909456e+16,CONVERGED
S3,S3_d01,Low Micro-Inertia (d1/a=0.1),0.544949494949495,296423.11621247785,3,2.393872068900295,0.7619931457902084,-5.3733292283796686e-06,5.3733292283796686e-06,True,-0.7332446444788745,-0.6799728215592526,4.3292002393433313e+18,8.834411852909456e+16,CONVERGED
S3,S3_d01,Low Micro-Inertia (d1/a=0.1),0.544949494949495,296423.11621247785,4,4.346014377067908e-06,1.3833793417176036e-06,3.2059774214649326,3.2059774214649326,False,0.04051927786415222,-1.7609736414712368e-07,4.3292002393433313e+18,8.834411852909456e+16,CONVERGED
S3,S3_d01,Low Micro-Inertia (d1/a=0.1),0.5626262626262627,306038.32387460646,0,2.9844582470001053e-06,9.49982564922879e-07,-3.9819959554075064,3.9819959554075064,False,53.62395851366883,-0.0001600384652233856,4.746732063640374e+18,6.89767814671587e+16,CONVERGED
S3,S3_d01,Low Micro-Inertia (d1/a=0.1),0.5626262626262627,306038.32387460646,1,2.4572279351746817,0.7821599443730839,1.4380444492114813e-05,1.4380444492114813e-05,True,-0.774809674119694,-0.6321718187448249,4.746732063640374e+18,6.89767814671587e+16,CONVERGED
S3,S3_d01,Low Micro-Inertia (d1/a=0.1),0.5626262626262627,306038.32387460646,2,6.583674159271927e-06,2.095648572309011e-06,-1.862741010879559,1.862741010879559,False,6.441368456949444,4.240787106098006e-05,4.746732063640374e+18,6.89767814671587e+16,CONVERGED
S3,S3_d01,Low Micro-Inertia (d1/a=0.1),0.5626262626262627,306038.32387460646,3,2.457221384874778,0.7821578593478671,-6.386099160417827e-06,6.386099160417827e-06,True,-0.774821623388064,0.632190022232375,4.746732063640374e+18,6.89767814671587e+16,CONVERGED
S3,S3_d01,Low Micro-Inertia (d1/a=0.1),0.5626262626262627,306038.32387460646,4,9.40714843317654e-06,2.9943883470784495e-06,3.1979806491396094,3.1979806491396094,False,0.04084460033381204,-3.8423121804527605e-07,4.746732063640374e+18,6.89767814671587e+16,CONVERGED
S3,S3_d01,Low Micro-Inertia (d1/a=0.1),0.5803030303030303,315653.531536735,0,8.633309214232373e-06,2.748067673371778e-06,-4.015874044893009,4.015874044893009,False,55.471759025333455,-0.0004789048483349873,5.128333297402025e+18,1.7507280842355152e+17,CONVERGED
S3,S3_d01,Low Micro-Inertia (d1/a=0.1),0.5803030303030303,315653.531536735,1,2.5216191059315154,0.8026562906079326,6.283446125444743e-06,6.283446125444743e-06,True,-0.8138887120764637,0.5810099805865879,5.128333297402025e+18,1.7507280842355152e+17,CONVERGED
S3,S3_d01,Low Micro-Inertia (d1/a=0.1),0.5803030303030303,315653.531536735,2,1.8155433819584586e-05,5.779054072729314e-06,-1.7860964588629493,1.7860964588629493,False,5.966117964531136,-0.00010831745987678094,5.128333297402025e+18,1.7507280842355152e+17,CONVERGED
S3,S3_d01,Low Micro-Inertia (d1/a=0.1),0.5803030303030303,315653.531536735,3,2.5216344476346895,0.802661174023724,-2.28206451997195e-06,2.28206451997195e-06,True,-0.8139045971419793,-0.5810024706407091,5.128333297402025e+18,1.7507280842355152e+17,CONVERGED
S3,S3_d01,Low Micro-Inertia (d1/a=0.1),0.5803030303030303,315653.531536735,4,2.3242078687952075e-06,7.398183421836732e-07,3.1880512691949923,3.1880512691949923,False,0.04125218205911653,-9.587864614694376e-08,5.128333297402025e+18,1.7507280842355152e+17,CONVERGED
S3,S3_d01,Low Micro-Inertia (d1/a=0.1),0.5979797979797981,325268.7391988636,0,4.243431772376637e-06,1.3507262844938885e-06,4.049574173707097,4.049574173707097,False,0.017429795124349563,-7.396214641712427e-08,5.602666300178802e+18,5.872495576916673e+16,CONVERGED
S3,S3_d01,Low Micro-Inertia (d1/a=0.1),0.5979797979797981,325268.7391988636,1,2.587728514001161,0.8236995687662594,2.7411445380806548e-06,2.7411445380806548e-06,True,-0.8504960945772081,-0.5259761504430294,5.602666300178802e+18,5.872495576916673e+16,CONVERGED
S3,S3_d01,Low Micro-Inertia (d1/a=0.1),0.5979797979797981,325268.7391988636,2,2.0366255448222873e-07,6.48278045371383e-08,-1.7061219200437931,1.7061219200437931,False,5.507561245664918,1.1216839922594584e-06,5.602666300178802e+18,5.872495576916673e+16,CONVERGED
S3,S3_d01,Low Micro-Inertia (d1/a=0.1),0.5979797979797981,325268.7391988636,3,2.5877331394434444,0.8237010410902661,1.0151858167220145e-06,1.0151858167220145e-06,True,-0.8504999953670541,0.5259731243239227,5.602666300178802e+18,5.872495576916673e+16,CONVERGED
S3,S3_d01,Low Micro-Inertia (d1/a=0.1),0.5979797979797981,325268.7391988636,4,7.149564584882101e-06,2.2757770892774826e-06,3.1759532692951145,3.1759532692951145,False,0.041754282031297364,-2.985249360832292e-07,5.602666300178802e+18,5.872495576916673e+16,CONVERGED
S3,S3_d01,Low Micro-Inertia (d1/a=0.1),0.6156565656565657,334883.9468609921,0,9.613013072502224e-06,3.059917096991475e-06,4.082963444026258,4.082963444026258,False,0.016857435491242845,-1.6205074775117212e-07,6.040087909417072e+18,8.159745082040294e+16,CONVERGED
S3,S3_d01,Low Micro-Inertia (d1/a=0.1),0.6156565656565657,334883.9468609921,1,2.6565214564065376,0.8455970424335628,1.3599069867584994e-05,1.3599069867584994e-05,True,-0.8846297239211053,-0.4662650038180004,6.040087909417072e+18,8.159745082040294e+16,CONVERGED
S3,S3_d01,Low Micro-Inertia (d1/a=0.1),0.6156565656565657,334883.9468609921,2,9.24403879686439e-06,2.9424689373084497e-06,-1.6221871397532435,1.6221871397532435,False,5.0641542258032555,-4.681323813796348e-05,6.040087909417072e+18,8.159745082040294e+16,CONVERGED
S3,S3_d01,Low Micro-Inertia (d1/a=0.1),0.6156565656565657,334883.9468609921,3,2.6565391588174583,0.8456026772859682,-8.172689693671117e-08,8.172689693671117e-08,True,-0.8846500804323608,0.4662557223722029,6.040087909417072e+18,8.159745082040294e+16,CONVERGED
S3,S3_d01,Low Micro-Inertia (d1/a=0.1),0.6156565656565657,334883.9468609921,4,4.4820588480548425e-06,1.426683641793389e-06,3.1612721261326944,3.1612721261326944,False,0.04237180450049837,-1.899129212707804e-07,6.040087909417072e+18,8.159745082040294e+16,CONVERGED
S3,S3_d01,Low Micro-Inertia (d1/a=0.1),0.6333333333333333,344499.15452312067,0,4.235801362263946e-05,1.3482974495193821e-05,-4.116350394951174,4.116350394951174,False,61.33498476250846,-0.002598028121668512,6.550836708466969e+18,5.5499628590659176e+16,CONVERGED
S3,S3_d01,Low Micro-Inertia (d1/a=0.1),0.6333333333333333,344499.15452312067,1,2.7299206426997356,0.8689607290685335,3.15840116813038e-06,3.15840116813038e-06,True,-0.9164501675074733,-0.40014094228551367,6.550836708466969e+18,5.5499628590659176e+16,CONVERGED
S3,S3_d01,Low Micro-Inertia (d1/a=0.1),0.6333333333333333,344499.15452312067,2,9.559900869602186e-06,3.0430109577313932e-06,-1.533820259109661,1.533820259109661,False,4.635853196831206,4.431829700908482e-05,6.550836708466969e+18,5.5499628590659176e+16,CONVERGED
S3,S3_d01,Low Micro-Inertia (d1/a=0.1),0.6333333333333333,344499.15452312067,3,2.72992501860108,0.8689621219611924,-1.0134482059352942e-05,1.0134482059352942e-05,True,-0.9164641008452915,0.40014225099502665,6.550836708466969e+18,5.5499628590659176e+16,CONVERGED
S3,S3_d01,Low Micro-Inertia (d1/a=0.1),0.6333333333333333,344499.15452312067,4,9.936735004806466e-06,3.162960988418435e-06,3.1435865654237287,3.1435865654237287,False,0.043127839364011065,-4.285499111041438e-07,6.550836708466969e+18,5.5499628590659176e+16,CONVERGED
S3,S3_d01,Low Micro-Inertia (d1/a=0.1),0.651010101010101,354114.3621852493,0,0.00010482783192985297,3.336773525048504e-05,4.149436256072216,4.149436256072216,False,0.015773305997750904,1.653481476167007e-06,6.931620817463799e+18,4.3918753574304e+17,CONVERGED
S3,S3_d01,Low Micro-Inertia (d1/a=0.1),0.651010101010101,354114.3621852493,1,2.8110505694792125,0.8947851868278082,5.748517202584179e-05,5.748517202584179e-05,True,-0.9458121742221245,-0.3245371586706254,6.931620817463799e+18,4.3918753574304e+17,CONVERGED
S3,S3_d01,Low Micro-Inertia (d1/a=0.1),0.651010101010101,354114.3621852493,2,2.7812730273951568e-05,8.853067007961993e-06,-1.440297376897626,1.440297376897626,False,4.221951139434431,0.00011742398830117,6.931620817463799e+18,4.3918753574304e+17,CONVERGED
S3,S3_d01,Low Micro-Inertia (d1/a=0.1),0.651010101010101,354114.3621852493,3,2.8110618592859087,0.8947887804848926,-7.686049018827237e-05,7.686049018827237e-05,True,-0.9459429129145226,0.3245700822670503,6.931620817463799e+18,4.3918753574304e+17,CONVERGED
S3,S3_d01,Low Micro-Inertia (d1/a=0.1),0.651010101010101,354114.3621852493,4,1.7008747659014805e-05,5.414052531469819e-06,3.1223201407488492,3.1223201407488492,False,0.044054836325844005,-7.493175942977382e-07,6.931620817463799e+18,4.3918753574304e+17,CONVERGED
S3,S3_d01,Low Micro-Inertia (d1/a=0.1),0.6686868686868687,363729.5698473778,0,4.626151642512956e-06,1.4725498027972553e-06,-4.182427737425248,4.182427737425248,False,65.52473712766495,-0.0003031273702905393,7.603961089717621e+18,9.154147974701446e+16,CONVERGED
S3,S3_d01,Low Micro-Inertia (d1/a=0.1),0.6686868686868687,363729.5698473778,1,2.9088421785497114,0.9259132227807684,3.8320912870738005e-05,3.8320912870738005e-05,True,-0.9729983794614488,0.23064586420866648,7.603961089717621e+18,9.154147974701446e+16,CONVERGED
S3,S3_d01,Low Micro-Inertia (d1/a=0.1),0.6686868686868687,363729.5698473778,2,0.00014892618575947344,4.740467723888406e-05,-1.3407536492864205,1.3407536492864205,False,3.8219227672522544,0.0005691843842021519,7.603961089717621e+18,9.154147974701446e+16,CONVERGED
S3,S3_d01,Low Micro-Inertia (d1/a=0.1),0.6686868686868687,363729.5698473778,3,2.9088647902862146,0.9259204203200411,-5.542000101260131e-05,5.542000101260131e-05,True,-0.9730948090375742,-0.2306454828717273,7.603961089717621e+18,9.154147974701446e+16,CONVERGED
S3,S3_d01,Low Micro-Inertia (d1/a=0.1),0.6686868686868687,363729.5698473778,4,6.211307696019884e-05,1.9771206457725923e-05,3.0967590703135124,3.0967590703135124,False,0.04519544044953209,-2.8072278745019976e-06,7.603961089717621e+18,9.154147974701446e+16,CONVERGED
S3,S3_d01,Low Micro-Inertia (d1/a=0.1),0.6863636363636364,373344.7775095064,0,2.0600525176625874e-05,6.557350824298097e-06,-4.215112578730888,4.215112578730888,False,67.70178720884148,0.0013946923720956003,8.183779955919803e+18,1.4141980242964851e+17,CONVERGED
S3,S3_d01,Low Micro-Inertia (d1/a=0.1),0.6863636363636364,373344.7775095064,1,3.0777016692439294,0.9796628680446978,4.565650386011458e-05,4.565650386011458e-05,True,-0.997914102955855,0.06384461044596272,8.183779955919803e+18,1.4141980242964851e+17,CONVERGED
S3,S3_d01,Low Micro-Inertia (d1/a=0.1),0.6863636363636364,373344.7775095064,2,6.004382948185052e-06,1.9112544528406774e-06,-1.2343605890852367,1.2343605890852367,False,3.436180686622369,2.0632144721886105e-05,8.183779955919803e+18,1.4141980242964851e+17,CONVERGED
S3,S3_d01,Low Micro-Inertia (d1/a=0.1),0.6863636363636364,373344.7775095064,3,3.0776647108677593,0.9796511038281855,-3.947268093348402e-05,3.947268093348402e-05,True,-0.9979966977103654,-0.06388693009794465,8.183779955919803e+18,1.4141980242964851e+17,CONVERGED
S3,S3_d01,Low Micro-Inertia (d1/a=0.1),0.6863636363636364,373344.7775095064,4,9.474397307969032e-06,3.0157943287596354e-06,3.066077130649869,3.066077130649869,False,0.046603616633796134,-4.4154117999007046e-07,8.183779955919803e+18,1.4141980242964851e+17,CONVERGED
S3,S3_d01,Low Micro-Inertia (d1/a=0.1),0.704040404040404,382959.98517163494,0,3.4411164202019613e-06,1.0953413760596596e-06,4.247544192090699,4.247544192090699,False,0.014299307176344991,4.920558072222671e-08,8.645785217829299e+18,4.8390267749719464e+16,CONVERGED
S3,S3_d01,Low Micro-Inertia (d1/a=0.1),0.704040404040404,382959.98517163494,1,3.1415580506018004,0.9999889855268305,0.20267205648328726,0.20267205648328726,False,-0.816545977992783,-2.8254930683369907e-05,8.645785217829299e+18,4.8390267749719464e+16,CONVERGED
S3,S3_d01,Low Micro-Inertia (d1/a=0.1),0.704040404040404,382959.98517163494,2,1.196180531534664e-05,3.807560888480651e-06,-1.1193895899641626,1.1193895899641626,False,3.0629839561766095,3.663881776956233e-05,8.645785217829299e+18,4.8390267749719464e+16,CONVERGED
S3,S3_d01,Low Micro-Inertia (d1/a=0.1),0.704040404040404,382959.98517163494,3,3.1415445022179376,0.9999846729423051,-0.20270369070980182,0.20270369070980182,False,-1.2247095202490905,5.8971443570368534e-05,8.645785217829299e+18,4.8390267749719464e+16,CONVERGED
S3,S3_d01,Low Micro-Inertia (d1/a=0.1),0.704040404040404,382959.98517163494,4,1.2550156465109613e-05,3.994838875997806e-06,3.0289413699017818,3.0289413699017818,False,0.04836681359416167,-6.070110783573891e-07,8.645785217829299e+18,4.8390267749719464e+16,CONVERGED
S3,S3_d01,Low Micro-Inertia (d1/a=0.1),0.7217171717171718,392575.19283376355,0,7.017517012339555e-07,2.2337450414906186e-07,-4.279757844100879,4.279757844100879,False,72.22294867650463,5.06825771018781e-05,9.210351928355097e+18,6.534544380187365e+16,CONVERGED
S3,S3_d01,Low Micro-Inertia (d1/a=0.1),0.7217171717171718,392575.19283376355,1,3.1415684313339627,0.9999922898165035,0.28611316149471394,0.28611316149471394,False,-0.7511776065359524,-1.819521616329611e-05,9.210351928355097e+18,6.534544380187365e+16,CONVERGED
S3,S3_d01,Low Micro-Inertia (d1/a=0.1),0.7217171717171718,392575.19283376355,2,1.2166720471274168e-05,3.872787408441277e-06,-0.9941391928626585,0.9941391928626585,False,2.702397096859843,3.28793100814989e-05,9.210351928355097e+18,6.534544380187365e+16,CONVERGED
S3,S3_d01,Low Micro-Inertia (d1/a=0.1),0.7217171717171718,392575.19283376355,3,3.1415789802935286,0.9999956476546222,-0.2861042735886392,0.2861042735886392,False,-1.3312312601516918,1.8202319417991273e-05,9.210351928355097e+18,6.534544380187365e+16,CONVERGED
S3,S3_d01,Low Micro-Inertia (d1/a=0.1),0.7217171717171718,392575.19283376355,4,1.2973182126562342e-05,4.129492126147647e-06,2.9837612175619834,2.9837612175619834,False,0.05060214978882125,-6.56470905242795e-07,9.210351928355097e+18,6.534544380187365e+16,CONVERGED
S3,S3_d01,Low Micro-Inertia (d1/a=0.1),0.7393939393939394,402190.40049589204,0,3.9740590733915205e-06,1.2649822913389157e-06,4.311762713019168,4.311762713019168,False,0.013409890959193836,-5.3291698839855734e-08,9.856271158690683e+18,2.1420600019100688e+17,CONVERGED
S3,S3_d01,Low Micro-Inertia (d1/a=0.1),0.7393939393939394,402190.40049589204,1,3.141590906024812,0.9999994437327897,0.34383393774205817,0.34383393774205817,False,-0.7090466641624321,-1.2391051202384773e-06,9.856271158690683e+18,2.1420600019100688e+17,CONVERGED
S3,S3_d01,Low Micro-Inertia (d1/a=0.1),0.7393939393939394,402190.40049589204,2,1.914117608184703e-05,6.092825580036624e-06,-0.8559973384955039,0.8559973384955039,False,2.3537206661570043,4.505298172389575e-05,9.856271158690683e+18,2.1420600019100688e+17,CONVERGED
S3,S3_d01,Low Micro-Inertia (d1/a=0.1),0.7393939393939394,402190.40049589204,3,3.1415882951699463,0.9999986126718746,-0.34382363416174105,0.34382363416174105,False,-1.4103298795474721,-6.146809737960774e-06,9.856271158690683e+18,2.1420600019100688e+17,CONVERGED
S3,S3_d01,Low Micro-Inertia (d1/a=0.1),0.7393939393939394,402190.40049589204,4,1.716781663891204e-05,5.46468576035628e-06,2.9281958756499473,2.9281958756499473,False,0.05349345998640193,-9.183659125177511e-07,9.856271158690683e+18,2.1420600019100688e+17,CONVERGED
S3,S3_d01,Low Micro-Inertia (d1/a=0.1),0.7570707070707071,411805.6081580207,0,1.2620384839022064e-05,4.01719326170475e-06,-4.3434984601768765,4.3434984601768765,False,76.97636757206512,0.000971471382321057,1.0572154689764833e+19,7.668629407859835e+16,CONVERGED
S3,S3_d01,Low Micro-Inertia (d1/a=0.1),0.7570707070707071,411805.6081580207,1,3.141571833418186,0.9999933727335454,0.3878408904746352,0.3878408904746352,False,-0.6785202935707251,-1.4126908953255689e-05,1.0572154689764833e+19,7.668629407859835e+16,CONVERGED
S3,S3_d01,Low Micro-Inertia (d1/a=0.1),0.7570707070707071,411805.6081580207,2,3.009936906149396e-06,9.580926740168052e-07,-0.7010877673962886,0.7010877673962886,False,2.0159443938070867,6.067865431683246e-06,1.0572154689764833e+19,7.668629407859835e+16,CONVERGED
S3,S3_d01,Low Micro-Inertia (d1/a=0.1),0.7570707070707071,411805.6081580207,3,3.1415732585537643,0.9999938263682892,-0.38785750075430653,0.38785750075430653,False,-1.4738197508436888,2.8584787171167936e-05,1.0572154689764833e+19,7.668629407859835e+16,CONVERGED
S3,S3_d01,Low Micro-Inertia (d1/a=0.1),0.7570707070707071,411805.6081580207,4,8.674276820281718e-06,2.761108067390567e-06,2.858734819973185,2.858734819973185,False,0.05734126140878808,-4.973939746964402e-07,1.0572154689764833e+19,7.668629407859835e+16,CONVERGED
S3,S3_d01,Low Micro-Inertia (d1/a=0.1),0.7747474747474747,421420.81582014915,0,0.00015409502224444214,4.904996899211707e-05,4.374921764461417,4.374921764461417,False,0.012589126971581696,-1.9399218160786476e-06,1.0840696853027258e+19,1.3059701092614347e+17,CONVERGED
S3,S3_d01,Low Micro-Inertia (d1/a=0.1),0.7747474747474747,421420.81582014915,1,3.1415645222152104,0.9999910455053584,0.4226206340017875,0.4226206340017875,False,-0.6553271945570084,-1.843525478929127e-05,1.0840696853027258e+19,1.3059701092614347e+17,CONVERGED
S3,S3_d01,Low Micro-Inertia (d1/a=0.1),0.7747474747474747,421420.81582014915,2,9.162469608115432e-05,2.9165046581216643e-05,-0.5238248473784848,0.5238248473784848,False,1.6884734609353627,0.00015470586813222037,1.0840696853027258e+19,1.3059701092614347e+17,CONVERGED
S3,S3_d01,Low Micro-Inertia (d1/a=0.1),0.7747474747474747,421420.81582014915,3,3.1415615530078025,0.9999901003772863,-0.42264269814725575,0.42264269814725575,False,-1.525988959126828,-4.7459144755736634e-05,1.0840696853027258e+19,1.3059701092614347e+17,CONVERGED
S3,S3_d01,Low Micro-Inertia (d1/a=0.1),0.7747474747474747,421420.81582014915,4,6.240684560815704e-05,1.9864715922621863e-05,2.770100646755564,2.770100646755564,False,0.06265569821003401,-3.910144489741042e-06,1.0840696853027258e+19,1.3059701092614347e+17,CONVERGED
S3,S3_d01,Low Micro-Inertia (d1/a=0.1),0.7924242424242425,431036.0234822779,0,1.6429338686745053e-06,5.229620927452767e-07,-4.406304202495044,4.406304202495044,False,81.96597339058582,0.00013466467376238787,1.2097905378454835e+19,1.43533270007273e+17,CONVERGED
S3,S3_d01,Low Micro-Inertia (d1/a=0.1),0.7924242424242425,431036.0234822779,1,3.1415514820132384,0.9999868946801529,0.450635894451306,0.450635894451306,False,-0.63722281576698,2.6235467956717073e-05,1.2097905378454835e+19,1.43533270007273e+17,CONVERGED
S3,S3_d01,Low Micro-Inertia (d1/a=0.1),0.7924242424242425,431036.0234822779,2,2.156575393947033e-05,6.8645926819404365e-06,-0.31460647772646844,0.31460647772646844,False,1.3697201891642166,-2.9539048570019608e-05,1.2097905378454835e+19,1.43533270007273e+17,CONVERGED
S3,S3_d01,Low Micro-Inertia (d1/a=0.1),0.7924242424242425,431036.0234822779,3,3.1415749028964552,0.999994349778824,-0.45064623184149255,0.45064623184149255,False,-1.569326006060961,2.7856624683866123e-05,1.2097905378454835e+19,1.43533270007273e+17,CONVERGED
S3,S3_d01,Low Micro-Inertia (d1/a=0.1),0.7924242424242425,431036.0234822779,4,5.845091252409545e-06,1.8605503312883528e-06,2.653164298285779,2.653164298285779,False,0.07042800488172245,4.1165811526350074e-07,1.2097905378454835e+19,1.43533270007273e+17,CONVERGED
S3,S3_d01,Low Micro-Inertia (d1/a=0.1),0.8101010101010101,440651.2311444063,0,6.4756334003707475e-06,2.061258130639966e-06,-4.437338761980993,4.437338761980993,False,84.54963530412172,-0.0005475124423721894,1.2407501450927102e+19,1.228506408572422e+18,CONVERGED
S3,S3_d01,Low Micro-Inertia (d1/a=0.1),0.8101010101010101,440651.2311444063,1,3.1415406434868354,0.9999834446700471,0.4730784517695268,0.4730784517695268,False,-0.6230811865957285,-3.240651669506998e-05,1.2407501450927102e+19,1.228506408572422e+18,CONVERGED
S3,S3_d01,Low Micro-Inertia (d1/a=0.1),0.8101010101010101,440651.2311444063,2,9.958079383215179e-05,3.169755115080376e-05,-0.05553848846682426,0.05553848846682426,False,1.0571096975798517,0.00010526782320062452,1.2407501450927102e+19,1.228506408572422e+18,CONVERGED
S3,S3_d01,Low Micro-Inertia (d1/a=0.1),0.8101010101010101,440651.2311444063,3,3.1415698882955683,0.9999927535817863,-0.47303491711403395,0.47303491711403395,False,-1.6048574185715867,3.6535051329523336e-05,1.2407501450927102e+19,1.228506408572422e+18,CONVERGED
S3,S3_d01,Low Micro-Inertia (d1/a=0.1),0.8101010101010101,440651.2311444063,4,7.773492514787981e-05,2.474379517632711e-05,2.4905712728446994,2.4905712728446994,False,0.08286261563872394,-6.4413192372081e-06,1.2407501450927102e+19,1.228506408572422e+18,CONVERGED
S3,S3_d01,Low Micro-Inertia (d1/a=0.1),0.8277777777777778,450266.438806535,0,0.0001810521409539998,5.7630686380399304e-05,4.468087282506789,4.468087282506789,False,0.011469232097095404,2.0765290489669117e-06,1.3965453165948828e+19,5.837369573247373e+17,CONVERGED
S3,S3_d01,Low Micro-Inertia (d1/a=0.1),0.8277777777777778,450266.438806535,1,3.141580380072355,0.9999960932180613,0.49088802240622664,0.49088802240622664,False,-0.61208260965577,-7.5124065835504225e-06,1.3965453165948828e+19,5.837369573247373e+17,CONVERGED
S3,S3_d01,Low Micro-Inertia (d1/a=0.1),0.8277777777777778,450266.438806535,2,0.0002934194378820134,9.339830787633554e-05,0.29525660489482214,0.29525660489482214,False,0.744340529484372,0.00021840398602193266,1.3965453165948828e+19,5.837369573247373e+17,CONVERGED
S3,S3_d01,Low Micro-Inertia (d1/a=0.1),0.8277777777777778,450266.438806535,3,3.1415561538175565,0.9999883817616536,-0.49088460996172595,0.49088460996172595,False,-1.6337608209164405,5.963189787926782e-05,1.3965453165948828e+19,5.837369573247373e+17,CONVERGED
S3,S3_d01,Low Micro-Inertia (d1/a=0.1),0.8277777777777778,450266.438806535,4,0.00023724512484163784,7.551746868600095e-05,2.240939903903564,2.240939903903564,False,0.10635848763123425,-2.5233033149455817e-05,1.3965453165948828e+19,5.837369573247373e+17,CONVERGED
S3,S3_d01,Low Micro-Inertia (d1/a=0.1),0.8454545454545455,459881.6464686634,0,1.2112927940652447e-05,3.855664714141538e-06,4.49868761241094,4.49868761241094,False,0.011123585417648693,1.3473918861226077e-07,1.4297787901400027e+19,1.3088695240269776e+17,CONVERGED
S3,S3_d01,Low Micro-Inertia (d1/a=0.1),0.8454545454545455,459881.6464686634,1,3.141582948268556,0.9999969107003017,0.5047652956414704,0.5047652956414704,False,-0.603647237411256,5.8585903532328385e-06,1.4297787901400027e+19,1.3088695240269776e+17,CONVERGED
S3,S3_d01,Low Micro-Inertia (d1/a=0.1),0.8454545454545455,459881.6464686634,2,0.00011874784641775656,3.779861347780635e-05,0.9482692620502687,0.9482692620502687,False,0.38741094765581613,-4.600421592902631e-05,1.4297787901400027e+19,1.3088695240269776e+17,CONVERGED
S3,S3_d01,Low Micro-Inertia (d1/a=0.1),0.8454545454545455,459881.6464686634,3,3.141590846477442,0.9999994247782731,-0.5047532192860426,0.5047532192860426,False,-1.6565766588400455,2.99362014165501e-06,1.4297787901400027e+19,1.3088695240269776e+17,CONVERGED
S3,S3_d01,Low Micro-Inertia (d1/a=0.1),0.8454545454545455,459881.6464686634,4,0.00010258403979101211,3.265351403015052e-05,1.694879094199205,1.694879094199205,False,0.18362142761536052,1.8836627903052253e-05,1.4297787901400027e+19,1.3088695240269776e+17,CONVERGED
S3,S3_d01,Low Micro-Inertia (d1/a=0.1),0.8631313131313132,469496.85413079214,0,7.115764206152418e-06,2.265018094571068e-06,4.5290226682964345,4.5290226682964345,False,0.0107912175193877,-7.678775936655991e-08,1.527198198853169e+19,1.1547744014392808e+17,CONVERGED
S3,S3_d01,Low Micro-Inertia (d1/a=0.1),0.8631313131313132,469496.85413079214,1,3.1415744607118725,0.9999942090270998,0.5150776007358479,0.5150776007358479,False,-0.5974542298325428,1.086941186765841e-05,1.527198198853169e+19,1.1547744014392808e+17,CONVERGED
S3,S3_d01,Low Micro-Inertia (d1/a=0.1),0.8631313131313132,469496.85413079214,2,0.9298476286129301,0.29597969283204945,1.3781391343208573,1.3781391343208573,False,0.1507131313930807,-0.202023053696337,1.527198198853169e+19,1.1547744014392808e+17,CONVERGED
S3,S3_d01,Low Micro-Inertia (d1/a=0.1),0.8631313131313132,469496.85413079214,3,3.1415884192644588,0.9999986521723847,-0.5150909162865296,0.5150909162865296,False,-1.6737906696972669,-7.0873742376493005e-06,1.527198198853169e+19,1.1547744014392808e+17,CONVERGED
S3,S3_d01,Low Micro-Inertia (d1/a=0.1),0.8631313131313132,469496.85413079214,4,0.9298027068222352,0.2959653937819662,1.3785633497893475,1.3785633497893475,False,0.15065828134688464,0.2019306029312725,1.527198198853169e+19,1.1547744014392808e+17,CONVERGED
S3,S3_d01,Low Micro-Inertia (d1/a=0.1),0.8808080808080808,479112.06179292063,0,2.0026214202777704e-06,6.374541963578383e-07,4.5591109989496,4.5591109989496,False,0.010471363860223447,2.0970177566034027e-08,1.6280993949800333e+19,1.1080196168835776e+17,CONVERGED
S3,S3_d01,Low Micro-Inertia (d1/a=0.1),0.8808080808080808,479112.06179292063,1,3.14157359728193,0.999993934188813,0.5222159197975138,0.5222159197975138,False,-0.5932045965699465,1.1304289419493517e-05,1.6280993949800333e+19,1.1080196168835776e+17,CONVERGED
S3,S3_d01,Low Micro-Inertia (d1/a=0.1),0.8808080808080808,479112.06179292063,2,1.4839716199386275,0.47236283744264,1.43909108118176,1.43909108118176,False,0.02056402939624977,-0.23624991051755434,1.6280993949800333e+19,1.1080196168835776e+17,CONVERGED
S3,S3_d01,Low Micro-Inertia (d1/a=0.1),0.8808080808080808,479112.06179292063,3,3.1415908043218703,0.999999411359738,-0.5222170913598925,0.5222170913598925,False,-1.685760995720589,3.1174237354293837e-06,1.6280993949800333e+19,1.1080196168835776e+17,CONVERGED
S3,S3_d01,Low Micro-Inertia (d1/a=0.1),0.8808080808080808,479112.06179292063,4,1.4839559957131219,0.4723578640971976,1.4391061476044489,1.4391061476044489,False,0.020567410735979116,0.2362460297823286,1.6280993949800333e+19,1.1080196168835776e+17,CONVERGED
S3,S3_d01,Low Micro-Inertia (d1/a=0.1),0.8984848484848484,488727.2694550492,0,1.0053201999676944e-05,3.2000335842998252e-06,4.588933346390873,4.588933346390873,False,0.010163693733644077,1.0217766617061693e-07,1.6806642391460088e+19,1.2543873809077046e+17,CONVERGED
S3,S3_d01,Low Micro-Inertia (d1/a=0.1),0.8984848484848484,488727.2694550492,1,3.141552586372997,0.999987246208782,0.5263750584384366,0.5263750584384366,False,-0.5907424996930242,-2.3669407818483224e-05,1.6806642391460088e+19,1.2543873809077046e+17,CONVERGED
S3,S3_d01,Low Micro-Inertia (d1/a=0.1),0.8984848484848484,488727.2694550492,2,2.0631226633556143,0.6567123401559247,1.5046739888235363,1.5046739888235363,False,-0.10497673437000342,-0.19571334588596137,1.6806642391460088e+19,1.2543873809077046e+17,CONVERGED
S3,S3_d01,Low Micro-Inertia (d1/a=0.1),0.8984848484848484,488727.2694550492,3,3.1415910856395737,0.9999995009059441,-0.5263602019743617,0.5263602019743617,False,-1.6927597783501438,2.6541630663497293e-06,1.6806642391460088e+19,1.2543873809077046e+17,CONVERGED
S3,S3_d01,Low Micro-Inertia (d1/a=0.1),0.8984848484848484,488727.2694550492,4,2.063111411542717,0.656708758592642,1.5047336833622338,1.5047336833622338,False,-0.10496826601416362,0.19570284431243867,1.6806642391460088e+19,1.2543873809077046e+17,CONVERGED
S3,S3_d01,Low Micro-Inertia (d1/a=0.1),0.9161616161616162,498342.4771171778,0,0.00022101088116546693,7.034994842915906e-05,4.6183358221016135,4.6183358221016135,False,0.009869206276767127,2.1812020111462527e-06,1.542047549052567e+19,2.177186634434351e+17,CONVERGED
S3,S3_d01,Low Micro-Inertia (d1/a=0.1),0.9161616161616162,498342.4771171778,1,3.1415890795850667,0.9999988623589623,0.5277279204128926,0.5277279204128926,False,-0.5899438474535199,-2.1084620992379176e-06,1.542047549052567e+19,2.177186634434351e+17,CONVERGED
S3,S3_d01,Low Micro-Inertia (d1/a=0.1),0.9161616161616162,498342.4771171778,2,3.141396410480754,0.9999375338782974,1.1465966371560505,1.1465966371560505,False,-0.31771622894189566,6.234962136015251e-05,1.542047549052567e+19,2.177186634434351e+17,CONVERGED
S3,S3_d01,Low Micro-Inertia (d1/a=0.1),0.9161616161616162,498342.4771171778,3,3.141568607225547,0.9999923458045337,-0.5276854713945023,0.5276854713945023,False,-1.69500462781901,4.0758698687379374e-05,1.542047549052567e+19,2.177186634434351e+17,CONVERGED
S3,S3_d01,Low Micro-Inertia (d1/a=0.1),0.9161616161616162,498342.4771171778,4,3.1413944732424324,0.9999369172361877,2.0060409617506183,2.0060409617506183,False,-0.13452018977042027,-2.6659258284769315e-05,1.542047549052567e+19,2.177186634434351e+17,CONVERGED
S3,S3_d01,Low Micro-Inertia (d1/a=0.1),0.9338383838383838,507957.6847793063,0,4.342533308281002e-06,1.3822712831082457e-06,-4.647808069164513,4.647808069164513,False,104.35599358030699,0.00045316937804409,1.8764643880746865e+19,1.753656920231557e+17,CONVERGED
S3,S3_d01,Low Micro-Inertia (d1/a=0.1),0.9338383838383838,507957.6847793063,1,3.141582680131943,0.9999968253497669,0.5263833347549122,0.5263833347549122,False,-0.5907376109861727,-5.891696663920843e-06,1.8764643880746865e+19,1.753656920231557e+17,CONVERGED
S3,S3_d01,Low Micro-Inertia (d1/a=0.1),0.9338383838383838,507957.6847793063,2,3.141587416748316,0.9999983330615855,0.46524741152853294,0.46524741152853294,False,-0.6279797165377932,-3.2886302262519283e-06,1.8764643880746865e+19,1.753656920231557e+17,CONVERGED
S3,S3_d01,Low Micro-Inertia (d1/a=0.1),0.9338383838383838,507957.6847793063,3,3.1415807978083885,0.9999962261875704,-0.5263685051618328,0.5263685051618328,False,-1.692773833593392,2.0069156539364293e-05,1.8764643880746865e+19,1.753656920231557e+17,CONVERGED
S3,S3_d01,Low Micro-Inertia (d1/a=0.1),0.9338383838383838,507957.6847793063,4,3.1415768100120998,0.9999949568325877,2.8459957491349748,2.8459957491349748,False,-0.05807640839768783,9.201380886816511e-07,1.8764643880746865e+19,1.753656920231557e+17,CONVERGED
S3,S3_d01,Low Micro-Inertia (d1/a=0.1),0.9515151515151515,517572.89244143496,0,0.0003299445268030247,0.00010502460477363546,4.676818147187713,4.676818147187713,False,0.00930858485791001,-3.0713167376002382e-06,2.0693324925013017e+19,1.8179660915377888e+17,CONVERGED
S3,S3_d01,Low Micro-Inertia (d1/a=0.1),0.9515151515151515,517572.89244143496,1,3.1415141281555585,0.9999750045779663,0.5224681713224385,0.5224681713224385,False,-0.5930549769565546,-4.656989968639079e-05,2.0693324925013017e+19,1.8179660915377888e+17,CONVERGED
S3,S3_d01,Low Micro-Inertia (d1/a=0.1),0.9515151515151515,517572.89244143496,2,3.141531163856904,0.9999804272101226,0.1313861807250774,0.1313861807250774,False,-0.8768790735409033,5.391906007615906e-05,2.0693324925013017e+19,1.8179660915377888e+17,CONVERGED
S3,S3_d01,Low Micro-Inertia (d1/a=0.1),0.9515151515151515,517572.89244143496,3,3.1415537249068906,0.9999876086153761,-0.5223778966336704,0.5223778966336704,False,-1.6860320955010262,-6.563500884240414e-05,2.0693324925013017e+19,1.8179660915377888e+17,CONVERGED
S3,S3_d01,Low Micro-Inertia (d1/a=0.1),0.9515151515151515,517572.89244143496,4,3.1415001343393376,0.9999705502079177,3.358575856728742,3.358575856728742,False,-0.03478476202264147,-3.218260118796265e-06,2.0693324925013017e+19,1.8179660915377888e+17,CONVERGED
S3,S3_d01,Low Micro-Inertia (d1/a=0.1),0.9691919191919192,527188.1001035634,0,5.696053332000045e-05,1.813110087805736e-05,-4.705801212270595,4.705801212270595,False,110.58685282602133,0.00629908612196304,2.1669788130894983e+19,2.0926671534391152e+17,CONVERGED
S3,S3_d01,Low Micro-Inertia (d1/a=0.1),0.9691919191919192,527188.1001035634,1,3.1415841547432084,0.9999972947331109,0.5158418544717295,0.5158418544717295,False,-0.5969977977198312,5.0737926944657804e-06,2.1669788130894983e+19,2.0926671534391152e+17,CONVERGED
S3,S3_d01,Low Micro-Inertia (d1/a=0.1),0.9691919191919192,527188.1001035634,2,3.14158851595994,0.9999986829515124,-0.101467738077646,0.101467738077646,False,-1.106794210497581,-4.579504766819092e-06,2.1669788130894983e+19,2.0926671534391152e+17,CONVERGED
S3,S3_d01,Low Micro-Inertia (d1/a=0.1),0.9691919191919192,527188.1001035634,3,3.1415909324359856,0.9999994521397274,-0.5158648360257222,0.5158648360257222,False,-1.6750865507376302,2.88308159473789e-06,2.1669788130894983e+19,2.0926671534391152e+17,CONVERGED
S3,S3_d01,Low Micro-Inertia (d1/a=0.1),0.9691919191919192,527188.1001035634,4,3.1415690893108525,0.9999924992570525,3.797573838280964,3.797573838280964,False,-0.022425112853618267,5.284316146544867e-07,2.1669788130894983e+19,2.0926671534391152e+17,CONVERGED
S3,S3_d01,Low Micro-Inertia (d1/a=0.1),0.9868686868686869,536803.3077656921,0,0.00035329221423626523,0.00011245640450316498,4.734139896560716,4.734139896560716,False,0.008790005347104888,3.105440581429556e-06,2.156688013685312e+19,2.6471130118591146e+17,CONVERGED
S3,S3_d01,Low Micro-Inertia (d1/a=0.1),0.9868686868686869,536803.3077656921,1,3.1415489438439907,0.9999860867557885,0.5067308010061344,0.5067308010061344,False,-0.6024619302254884,2.6333457842667726e-05,2.156688013685312e+19,2.6471130118591146e+17,CONVERGED
S3,S3_d01,Low Micro-Inertia (d1/a=0.1),0.9868686868686869,536803.3077656921,2,3.1415511360918913,0.9999867845699683,-0.2810896194773138,0.2810896194773138,False,-1.3245723049523173,-5.499292792314071e-05,2.156688013685312e+19,2.6471130118591146e+17,CONVERGED
S3,S3_d01,Low Micro-Inertia (d1/a=0.1),0.9868686868686869,536803.3077656921,3,3.141560475813657,0.9999897574957405,-0.5066234690208381,0.5066234690208381,False,-1.6596777690625522,5.340473972965674e-05,2.156688013685312e+19,2.6471130118591146e+17,CONVERGED
S3,S3_d01,Low Micro-Inertia (d1/a=0.1),0.9868686868686869,536803.3077656921,4,3.141472085129945,0.9999616218672684,4.223393243040734,4.223393243040734,False,-0.014648852850441152,1.766189635275566e-06,2.156688013685312e+19,2.6471130118591146e+17,CONVERGED
S3,S3_d01,Low Micro-Inertia (d1/a=0.1),1.0045454545454544,546418.5154278205,0,4.301107498822292e-06,1.3690850384143724e-06,4.763085658739644,4.763085658739644,False,0.008539219585836429,3.672810139495773e-08,2.250421239089033e+19,7.266185200379286e+16,CONVERGED
S3,S3_d01,Low Micro-Inertia (d1/a=0.1),1.0045454545454544,546418.5154278205,1,3.141571805766012,0.9999933639315851,0.4948481945774358,0.4948481945774358,False,-0.6096634503570862,-1.2710156180618402e-05,2.250421239089033e+19,7.266185200379286e+16,CONVERGED
S3,S3_d01,Low Micro-Inertia (d1/a=0.1),1.0045454545454544,546418.5154278205,2,3.1415849856584996,0.9999975592216627,-0.42679965703583694,0.42679965703583694,False,-1.5323456362579062,1.1749921057156326e-05,2.250421239089033e+19,7.266185200379286e+16,CONVERGED
S3,S3_d01,Low Micro-Inertia (d1/a=0.1),1.0045454545454544,546418.5154278205,3,3.1415922209972122,0.9999998623015048,-0.4948063611111857,0.4948063611111857,False,-1.6401806055548693,-7.095299617960287e-07,2.250421239089033e+19,7.266185200379286e+16,CONVERGED
S3,S3_d01,Low Micro-Inertia (d1/a=0.1),1.0045454545454544,546418.5154278205,4,3.141580713037757,0.9999961992042404,4.678068453473485,4.678068453473485,False,-0.009296954054001522,-1.1101076366374684e-07,2.250421239089033e+19,7.266185200379286e+16,CONVERGED
S3,S3_d01,Low Micro-Inertia (d1/a=0.1),1.0222222222222221,556033.7230899491,0,4.787643936962641e-06,1.5239543966630937e-06,4.7912995184618925,4.7912995184618925,False,0.008301662205780954,-3.974540272652276e-08,2.3454993345428185e+19,4.496259112172263e+16,CONVERGED
S3,S3_d01,Low Micro-Inertia (d1/a=0.1),1.0222222222222221,556033.7230899491,1,3.141573361168633,0.9999938590316163,0.4801427049412755,0.4801427049412755,False,-0.618695094543782,-1.1936126335308721e-05,2.3454993345428185e+19,4.496259112172263e+16,CONVERGED
S3,S3_d01,Low Micro-Inertia (d1/a=0.1),1.0222222222222221,556033.7230899491,2,3.1415909253266516,0.9999994498767562,-0.4801427426494887,0.4801427426494887,False,-1.6163051013973357,2.7934005321404042e-06,2.3454993345428185e+19,4.496259112172263e+16,CONVERGED
S3,S3_d01,Low Micro-Inertia (d1/a=0.1),1.0222222222222221,556033.7230899491,3,3.141590961623679,0.9999994614304587,-0.5490384617320099,0.5490384617320099,False,-1.731587229747981,-2.929786916680072e-06,2.3454993345428185e+19,4.496259112172263e+16,CONVERGED
S3,S3_d01,Low Micro-Inertia (d1/a=0.1),1.0222222222222221,556033.7230899491,4,2.387206584985094e-05,7.598714563638009e-06,-4.79144260274913,4.79144260274913,False,120.47504095401293,0.0028759881114640037,2.3454993345428185e+19,4.496259112172263e+16,CONVERGED
S3,S3_d01,Low Micro-Inertia (d1/a=0.1),1.0398989898989899,565648.9307520777,0,7.094940928511161e-06,2.258389839435106e-06,4.81931391244074,4.81931391244074,False,0.008072323560213496,5.727265881650467e-08,2.300996644179717e+19,5.67232403099688e+16,CONVERGED
S3,S3_d01,Low Micro-Inertia (d1/a=0.1),1.0398989898989899,565648.9307520777,1,3.1415802180618457,0.9999960416485144,0.4624792034493402,0.4624792034493402,False,-0.6297205033410945,7.830906918766078e-06,2.300996644179717e+19,5.67232403099688e+16,CONVERGED
S3,S3_d01,Low Micro-Inertia (d1/a=0.1),1.0398989898989899,565648.9307520777,2,3.1415899015813027,0.9999991240084907,-0.46246737372382635,0.46246737372382635,False,-1.5879873133520894,-4.370154568963357e-06,2.300996644179717e+19,5.67232403099688e+16,CONVERGED
S3,S3_d01,Low Micro-Inertia (d1/a=0.1),1.0398989898989899,565648.9307520777,3,3.141589138379879,0.9999988810739323,-0.6538554108686279,0.6538554108686279,False,-1.9229402807312344,-6.759538739688432e-06,2.300996644179717e+19,5.67232403099688e+16,CONVERGED
S3,S3_d01,Low Micro-Inertia (d1/a=0.1),1.0398989898989899,565648.9307520777,4,0.0002150489017358826,6.845219143549798e-05,-4.819390590046948,4.819390590046948,False,123.88956536940408,0.026642315379926625,2.300996644179717e+19,5.67232403099688e+16,CONVERGED
S3,S3_d01,Low Micro-Inertia (d1/a=0.1),1.0575757575757576,575264.1384142063,0,2.7158218816307162e-05,8.644729540373215e-06,4.847090111454799,4.847090111454799,False,0.007851190427862458,2.1322434766080743e-07,2.465315172855959e+19,9.22374052600039e+16,CONVERGED
S3,S3_d01,Low Micro-Inertia (d1/a=0.1),1.0575757575757576,575264.1384142063,1,3.1415742187238087,0.9999941319999067,0.4415279271066378,0.4415279271066378,False,-0.6430531316569338,-1.1854598304374332e-05,2.465315172855959e+19,9.22374052600039e+16,CONVERGED
S3,S3_d01,Low Micro-Inertia (d1/a=0.1),1.0575757575757576,575264.1384142063,2,3.141591793809508,0.9999997263234353,-0.441502283180452,0.441502283180452,False,-1.5550415774443531,1.3369940908509588e-06,2.465315172855959e+19,9.22374052600039e+16,CONVERGED
S3,S3_d01,Low Micro-Inertia (d1/a=0.1),1.0575757575757576,575264.1384142063,3,3.141590519113613,0.99999932057513,-0.7451940327822195,0.7451940327822195,False,-2.1068501933231167,4.497021553382423e-06,2.465315172855959e+19,9.22374052600039e+16,CONVERGED
S3,S3_d01,Low Micro-Inertia (d1/a=0.1),1.0575757575757576,575264.1384142063,4,6.190772992150113e-05,1.970584246520988e-05,-4.847022192957511,4.847022192957511,False,127.36056916612672,0.007884603728657995,2.465315172855959e+19,9.22374052600039e+16,CONVERGED
S3,S3_d01,Low Micro-Inertia (d1/a=0.1),1.0752525252525253,584879.3460763348,0,8.231066638403767e-06,2.6200298848414996e-06,4.874659589573553,4.874659589573553,False,0.007637693726704965,-6.286636602964673e-08,2.5355425111227027e+19,7.405757987044934e+16,CONVERGED
S3,S3_d01,Low Micro-Inertia (d1/a=0.1),1.0752525252525253,584879.3460763348,1,3.141589586673934,0.999999023770362,0.41681111833253215,0.41681111833253215,False,-0.659145408667725,-2.021543507449955e-06,2.5355425111227027e+19,7.405757987044934e+16,CONVERGED
S3,S3_d01,Low Micro-Inertia (d1/a=0.1),1.0752525252525253,584879.3460763348,2,3.1415921235411393,0.9999998312802734,-0.4168198783926447,0.4168198783926447,False,-1.5171292205689058,-8.041523015048302e-07,2.5355425111227027e+19,7.405757987044934e+16,CONVERGED
S3,S3_d01,Low Micro-Inertia (d1/a=0.1),1.0752525252525253,584879.3460763348,3,3.1415868994422143,0.9999981683979391,-0.8258482291716434,0.8258482291716434,False,-2.2838171442533195,-1.31414208914499e-05,2.5355425111227027e+19,7.405757987044934e+16,CONVERGED
S3,S3_d01,Low Micro-Inertia (d1/a=0.1),1.0752525252525253,584879.3460763348,4,0.00018143267051206013,5.775181270071506e-05,-4.874593856081179,4.874593856081179,False,130.9209675009731,0.023753341020360204,2.5355425111227027e+19,7.405757987044934e+16,CONVERGED
S3,S3_d01,Low Micro-Inertia (d1/a=0.1),1.0929292929292929,594494.5537384634,0,0.00048820527976953064,0.00015540056703776498,4.902738142627477,4.902738142627477,False,0.007426220269027862,-3.6255202321117202e-06,2.808324101045947e+19,9.009656560073861e+16,CONVERGED
S3,S3_d01,Low Micro-Inertia (d1/a=0.1),1.0929292929292929,594494.5537384634,1,3.1415833200148455,0.9999970290308208,0.3877624042662144,0.3877624042662144,False,-0.6785735502633468,6.333517089230444e-06,2.808324101045947e+19,9.009656560073861e+16,CONVERGED
S3,S3_d01,Low Micro-Inertia (d1/a=0.1),1.0929292929292929,594494.5537384634,2,3.141537014071296,0.9999822893911999,-0.387853745587997,0.387853745587997,False,-1.4738142144117212,-8.200231332854083e-05,2.808324101045947e+19,9.009656560073861e+16,CONVERGED
S3,S3_d01,Low Micro-Inertia (d1/a=0.1),1.0929292929292929,594494.5537384634,3,3.141589961189087,0.9999991429822377,-0.8977757180320168,0.8977757180320168,False,-2.4541383401483574,-6.607523799464258e-06,2.808324101045947e+19,9.009656560073861e+16,CONVERGED
S3,S3_d01,Low Micro-Inertia (d1/a=0.1),1.0929292929292929,594494.5537384634,4,0.0003012073153465419,9.58772662656829e-05,-4.902015835576064,4.902015835576064,False,134.56075272919819,0.04053068430629854,2.808324101045947e+19,9.009656560073861e+16,CONVERGED
S3,S3_d01,Low Micro-Inertia (d1/a=0.1),1.1106060606060606,604109.761400592,0,4.463575473116312e-06,1.420800200820413e-06,4.929162845246843,4.929162845246843,False,0.007232555515850117,3.2283057408715076e-08,3.149404051315749e+19,5.450231395588855e+16,CONVERGED
S3,S3_d01,Low Micro-Inertia (d1/a=0.1),1.1106060606060606,604109.761400592,1,3.141587960697686,0.9999985062060476,0.3534207267404072,0.3534207267404072,False,-0.7022816625302769,-3.2957320709017828e-06,3.149404051315749e+19,5.450231395588855e+16,CONVERGED
S3,S3_d01,Low Micro-Inertia (d1/a=0.1),1.1106060606060606,604109.761400592,2,3.1415918692217284,0.9999997503278906,-0.35339948868744947,0.35339948868744947,False,-1.4238998617141563,1.1168615793020828e-06,3.149404051315749e+19,5.450231395588855e+16,CONVERGED
S3,S3_d01,Low Micro-Inertia (d1/a=0.1),1.1106060606060606,604109.761400592,3,3.1415919854230885,0.9999997873159323,-0.9624448635754184,0.9624448635754184,False,-2.6180895268877666,1.7493202523219232e-06,3.149404051315749e+19,5.450231395588855e+16,CONVERGED
S3,S3_d01,Low Micro-Inertia (d1/a=0.1),1.1106060606060606,604109.761400592,4,1.2609660155488728e-05,4.013779488909898e-06,-4.929193587320051,4.929193587320051,False,138.2679663176758,-0.0017435120657488623,3.149404051315749e+19,5.450231395588855e+16,CONVERGED
S3,S3_d01,Low Micro-Inertia (d1/a=0.1),1.1282828282828283,613724.9690627207,0,0.0003246257551452001,0.00010333158717259575,4.955956236221874,4.955956236221874,False,0.0070413435002707895,2.2858015313061735e-06,2.9700675645159035e+19,7.815636660462769e+17,CONVERGED
S3,S3_d01,Low Micro-Inertia (d1/a=0.1),1.1282828282828283,613724.9690627207,1,3.1415696598015947,0.9999926808498957,0.3119822195647676,0.3119822195647676,False,-0.731994543100665,1.6831327489544437e-05,2.9700675645159035e+19,7.815636660462769e+17,CONVERGED
S3,S3_d01,Low Micro-Inertia (d1/a=0.1),1.1282828282828283,613724.9690627207,2,3.141558731498743,0.9999892022630588,-0.3119647492404937,0.3119647492404937,False,-1.3661065351017454,4.634119028533158e-05,2.9700675645159035e+19,7.815636660462769e+17,CONVERGED
S3,S3_d01,Low Micro-Inertia (d1/a=0.1),1.1282828282828283,613724.9690627207,3,3.1415851617940436,0.9999976152873477,-1.0209678789784673,1.0209678789784673,False,-2.77588018017098,-2.0796327335998946e-05,2.9700675645159035e+19,7.815636660462769e+17,CONVERGED
S3,S3_d01,Low Micro-Inertia (d1/a=0.1),1.1282828282828283,613724.9690627207,4,0.0004814042947732495,0.00015323574627766105,-4.956165285727404,4.956165285727404,False,142.04802005728234,0.06838253220216527,2.9700675645159035e+19,7.815636660462769e+17,CONVERGED
S3,S3_d01,Low Micro-Inertia (d1/a=0.1),1.145959595959596,623340.1767248492,0,8.743391414478578e-05,2.7831079260030087e-05,4.981305526622931,4.981305526622931,False,0.006865094115105829,-6.002420509855918e-07,3.0420142761675715e+19,7.066134597811574e+16,CONVERGED
S3,S3_d01,Low Micro-Inertia (d1/a=0.1),1.145959595959596,623340.1767248492,1,3.141584170701112,0.9999972998126694,0.26028640083784765,0.26028640083784765,False,-0.7708307875755381,6.538871763499643e-06,3.0420142761675715e+19,7.066134597811574e+16,CONVERGED
S3,S3_d01,Low Micro-Inertia (d1/a=0.1),1.145959595959596,623340.1767248492,2,3.141582377027446,0.9999967288686089,-0.26011156666756474,0.26011156666756474,False,-1.2970747888369383,-1.3329469936961971e-05,3.0420142761675715e+19,7.066134597811574e+16,CONVERGED
S3,S3_d01,Low Micro-Inertia (d1/a=0.1),1.145959595959596,623340.1767248492,3,3.141590646864636,0.9999993612395436,-1.07424274694869,1.07424274694869,False,-2.9277749943276645,-5.875239735604167e-06,3.0420142761675715e+19,7.066134597811574e+16,CONVERGED
S3,S3_d01,Low Micro-Inertia (d1/a=0.1),1.145959595959596,623340.1767248492,4,0.000912253812838429,0.0002903794073353294,-4.982312565515975,4.982312565515975,False,145.8111293151025,0.13301679557115184,3.0420142761675715e+19,7.066134597811574e+16,CONVERGED
S3,S3_d01,Low Micro-Inertia (d1/a=0.1),1.1636363636363636,632955.3843869776,0,4.1259017486711e-06,1.3133153160250007e-06,5.009356259172086,5.009356259172086,False,0.006675199021531086,-2.7541215315818998e-08,3.312142394092531e+19,4.845397263995314e+16,CONVERGED
S3,S3_d01,Low Micro-Inertia (d1/a=0.1),1.1636363636363636,632955.3843869776,1,3.1415909175133123,0.999999447389693,0.19015805820478854,0.19015805820478854,False,-0.8268284365951378,-1.435437402707054e-06,3.312142394092531e+19,4.845397263995314e+16,CONVERGED
S3,S3_d01,Low Micro-Inertia (d1/a=0.1),1.1636363636363636,632955.3843869776,2,3.141589317787597,0.9999989381811826,-0.1901823769349969,0.1901823769349969,False,-1.2094701569976467,4.034553205978377e-06,3.312142394092531e+19,4.845397263995314e+16,CONVERGED
S3,S3_d01,Low Micro-Inertia (d1/a=0.1),1.1636363636363636,632955.3843869776,3,3.141590778119799,0.9999994030193596,-1.1229641396774155,1.1229641396774155,False,-3.0739523366446644,5.7651053701665435e-06,3.312142394092531e+19,4.845397263995314e+16,CONVERGED
S3,S3_d01,Low Micro-Inertia (d1/a=0.1),1.1636363636363636,632955.3843869776,4,3.475298620044253e-06,1.106221908200971e-06,4.910683931350456,4.910683931350456,False,0.0073674477793150795,-2.560408110080487e-08,3.312142394092531e+19,4.845397263995314e+16,CONVERGED
S3,S3_d01,Low Micro-Inertia (d1/a=0.1),1.1813131313131313,642570.5920491063,0,0.001612207649960228,0.0005131816335634769,-5.035466716696199,5.035466716696199,False,153.77114367805123,0.2479112289723297,3.390752501090934e+19,6.4638309464413896e+16,CONVERGED
S3,S3_d01,Low Micro-Inertia (d1/a=0.1),1.1813131313131313,642570.5920491063,1,3.141559109583405,0.9999893226111445,0.0515703131508595,0.0515703131508595,False,-0.9497368680883814,3.185797958212938e-05,3.390752501090934e+19,6.4638309464413896e+16,CONVERGED
S3,S3_d01,Low Micro-Inertia (d1/a=0.1),1.1813131313131313,642570.5920491063,2,3.1415649844662714,0.999991192644441,-0.05157111535108442,0.05157111535108442,False,-1.0529240622910057,-2.9133485945965166e-05,3.390752501090934e+19,6.4638309464413896e+16,CONVERGED
S3,S3_d01,Low Micro-Inertia (d1/a=0.1),1.1813131313131313,642570.5920491063,3,3.1415925010697108,0.9999999514513499,-1.1677187319927425,1.1677187319927425,False,-3.2146507873516983,4.902988029387501e-07,3.390752501090934e+19,6.4638309464413896e+16,CONVERGED
S3,S3_d01,Low Micro-Inertia (d1/a=0.1),1.1813131313131313,642570.5920491063,4,6.617278326503301e-07,2.1063451109557306e-07,4.822345959183621,4.822345959183621,False,0.008047884966258596,-5.3255094761422525e-09,3.390752501090934e+19,6.4638309464413896e+16,CONVERGED
S3,S3_d01,Low Micro-Inertia (d1/a=0.1),1.198989898989899,652185.7997112349,0,1.598080063926182e-06,5.08684683260928e-07,4.751118194088315,4.751118194088315,False,0.008642026335522315,1.3810649998735007e-08,3.725989990260891e+19,6.372985272798335e+16,CONVERGED
S3,S3_d01,Low Micro-Inertia (d1/a=0.1),1.198989898989899,652185.7997112349,1,2.960521304150446,0.9423631993688161,0.00015403517588346663,0.00015403517588346663,True,-0.9834998197329788,0.18005577380975418,3.725989990260891e+19,6.372985272798335e+16,CONVERGED
S3,S3_d01,Low Micro-Inertia (d1/a=0.1),1.198989898989899,652185.7997112349,2,2.9604186743942824,0.9423305313028125,-1.7343570975217552e-05,1.7343570975217552e-05,True,-0.9836498977157256,-0.18018758688488723,3.725989990260891e+19,6.372985272798335e+16,CONVERGED
S3,S3_d01,Low Micro-Inertia (d1/a=0.1),1.198989898989899,652185.7997112349,3,3.1415910529379345,0.999999490496689,-1.2089605519139377,1.2089605519139377,False,-3.3500006903536046,-5.362184832462815e-06,3.725989990260891e+19,6.372985272798335e+16,CONVERGED
S3,S3_d01,Low Micro-Inertia (d1/a=0.1),1.198989898989899,652185.7997112349,4,0.0009099672614864125,0.00028965157543471565,5.06038018482279,5.06038018482279,False,0.006343144859836187,-5.772055750481987e-06,3.725989990260891e+19,6.372985272798335e+16,CONVERGED
S3,S3_d01,Low Micro-Inertia (d1/a=0.1),1.2166666666666666,661801.0073733634,0,8.354465833552923e-07,2.659309068604599e-07,4.692420936280726,4.692420936280726,False,0.009164472673988039,7.656427383738028e-09,3.792704449436845e+19,1.1301057246771624e+17,CONVERGED
S3,S3_d01,Low Micro-Inertia (d1/a=0.1),1.2166666666666666,661801.0073733634,1,2.876933083886429,0.9157562424902712,5.067948699832742e-06,5.067948699832742e-06,True,-0.9651767153273523,-0.2615793805785761,3.792704449436845e+19,1.1301057246771624e+17,CONVERGED
S3,S3_d01,Low Micro-Inertia (d1/a=0.1),1.2166666666666666,661801.0073733634,2,2.876935714971315,0.9157570799906017,-3.4678549928492315e-06,3.4678549928492315e-06,True,-0.9651856421615731,0.2615790738938984,3.792704449436845e+19,1.1301057246771624e+17,CONVERGED
S3,S3_d01,Low Micro-Inertia (d1/a=0.1),1.2166666666666666,661801.0073733634,3,3.1415909610416777,0.999999461245202,-1.2470966800937329,1.2470966800937329,False,-3.4802240715580854,-5.890446694577047e-06,3.792704449436845e+19,1.1301057246771624e+17,CONVERGED
S3,S3_d01,Low Micro-Inertia (d1/a=0.1),1.2166666666666666,661801.0073733634,4,7.598648425889673e-06,2.418724915595582e-06,5.087744774745389,5.087744774745389,False,0.006171923280708198,-4.6898275122567804e-08,3.792704449436845e+19,1.1301057246771624e+17,CONVERGED
S3,S3_d01,Low Micro-Inertia (d1/a=0.1),1.2343434343434343,671416.215035492,0,1.3940586372418386e-06,4.4374264615398e-07,4.643234727696616,4.643234727696616,False,0.009626508077573507,1.3419916732028369e-08,3.810265184612027e+19,1.9613299717362704e+17,CONVERGED
S3,S3_d01,Low Micro-Inertia (d1/a=0.1),1.2343434343434343,671416.215035492,1,2.8111743270883047,0.8948245800982726,4.6022801637674463e-07,4.6022801637674463e-07,True,-0.9459062696359601,-0.3244386052980951,3.810265184612027e+19,1.9613299717362704e+17,CONVERGED
S3,S3_d01,Low Micro-Inertia (d1/a=0.1),1.2343434343434343,671416.215035492,2,2.81118419293324,0.8948277204942511,-1.393805707688357e-05,1.393805707688357e-05,True,-0.9459230900231731,0.32443394437652207,3.810265184612027e+19,1.9613299717362704e+17,CONVERGED
S3,S3_d01,Low Micro-Inertia (d1/a=0.1),1.2343434343434343,671416.215035492,3,3.1415903271632595,0.9999992594754349,-1.2824315756395446,1.2824315756395446,False,-3.6053958683979808,-8.387688613763263e-06,3.810265184612027e+19,1.9613299717362704e+17,CONVERGED
S3,S3_d01,Low Micro-Inertia (d1/a=0.1),1.2343434343434343,671416.215035492,4,0.0002609491769521413,8.306270281538996e-05,-5.11341764085971,5.11341764085971,False,166.23751962819344,-0.04337954491017827,3.810265184612027e+19,1.9613299717362704e+17,CONVERGED
S3,S3_d01,Low Micro-Inertia (d1/a=0.1),1.252020202020202,681031.4226976206,0,1.2841464226391592e-05,4.087565016335927e-06,5.139028002784302,5.139028002784302,False,0.0058633861389506235,7.529446335299351e-08,3.698340999241889e+19,3.246513289671603e+17,CONVERGED
S3,S3_d01,Low Micro-Inertia (d1/a=0.1),1.252020202020202,681031.4226976206,1,2.754180144956153,0.8766827684706492,-3.538244540123134e-06,3.538244540123134e-06,True,-0.9258929728483462,0.3777952876150924,3.698340999241889e+19,3.246513289671603e+17,CONVERGED
S3,S3_d01,Low Micro-Inertia (d1/a=0.1),1.252020202020202,681031.4226976206,2,2.754182982634703,0.8766836717317855,-4.5027844509860984e-06,4.5027844509860984e-06,True,-0.9258949379683925,-0.37779302462321723,3.698340999241889e+19,3.246513289671603e+17,CONVERGED
S3,S3_d01,Low Micro-Inertia (d1/a=0.1),1.252020202020202,681031.4226976206,3,3.1415915455661976,0.9999996473051355,-1.3152755853301183,1.3152755853301183,False,-3.7257776134341443,-4.128249508061496e-06,3.698340999241889e+19,3.246513289671603e+17,CONVERGED
S3,S3_d01,Low Micro-Inertia (d1/a=0.1),1.252020202020202,681031.4226976206,4,3.2270959939778333e-07,1.027216558547251e-07,4.60141844499688,4.60141844499688,False,0.010037587875809627,-3.239225962322684e-09,3.698340999241889e+19,3.246513289671603e+17,CONVERGED
S3,S3_d01,Low Micro-Inertia (d1/a=0.1),1.2696969696969698,690646.6303597492,0,0.00034195491512278696,0.00010884763011272211,-5.1643523697794,5.1643523697794,False,174.92412549628477,-0.059816166818507696,4.128127487991764e+19,6.9907229668595384e+16,CONVERGED
S3,S3_d01,Low Micro-Inertia (d1/a=0.1),1.2696969696969698,690646.6303597492,1,2.702536651894564,0.8602441340720813,7.736729190116382e-06,7.736729190116382e-06,True,-0.9051463432670657,0.4250819026159458,4.128127487991764e+19,6.9907229668595384e+16,CONVERGED
S3,S3_d01,Low Micro-Inertia (d1/a=0.1),1.2696969696969698,690646.6303597492,2,2.702525547937114,0.8602405995726493,5.324172455146254e-06,5.324172455146254e-06,True,-0.9051438068280582,-0.4250929788559134,4.128127487991764e+19,6.9907229668595384e+16,CONVERGED
S3,S3_d01,Low Micro-Inertia (d1/a=0.1),1.2696969696969698,690646.6303597492,3,3.141591509048466,0.9999996356811804,-1.3458506435683857,1.3458506435683857,False,-3.8414528583315835,4.396701552410329e-06,4.128127487991764e+19,6.9907229668595384e+16,CONVERGED
S3,S3_d01,Low Micro-Inertia (d1/a=0.1),1.2696969696969698,690646.6303597492,4,9.62991261185373e-07,3.065296387439011e-07,4.565445497536364,4.565445497536364,False,0.01040524266407465,-1.0020157756020195e-08,4.128127487991764e+19,6.9907229668595384e+16,CONVERGED
S3,S3_d01,Low Micro-Inertia (d1/a=0.1),1.2873737373737373,700261.8380218776,0,0.0013597729518638278,0.0004328291735435721,5.1886696259159155,5.1886696259159155,False,0.005579419443375987,7.586748322127955e-06,4.428347797537015e+19,1.3001729300869582e+17,CONVERGED
S3,S3_d01,Low Micro-Inertia (d1/a=0.1),1.2873737373737373,700261.8380218776,1,2.654542004489846,0.8449669633192545,8.519549955754964e-05,8.519549955754964e-05,True,-0.8836417744165627,-0.4679816641948222,4.428347797537015e+19,1.3001729300869582e+17,CONVERGED
S3,S3_d01,Low Micro-Inertia (d1/a=0.1),1.2873737373737373,700261.8380218776,2,2.654424996398884,0.8449297184871377,-3.888118323175037e-06,3.888118323175037e-06,True,-0.8836657273603895,0.4681267547956591,4.428347797537015e+19,1.3001729300869582e+17,CONVERGED
S3,S3_d01,Low Micro-Inertia (d1/a=0.1),1.2873737373737373,700261.8380218776,3,3.1415926331082416,0.9999999934805196,-1.3743647930057137,1.3743647930057137,False,-3.9525652282671695,8.095466936936562e-08,4.428347797537015e+19,1.3001729300869582e+17,CONVERGED
S3,S3_d01,Low Micro-Inertia (d1/a=0.1),1.2873737373737373,700261.8380218776,4,3.375046371713291e-06,1.0743106264450735e-06,4.534192680755912,4.534192680755912,False,0.01073557076173452,-3.6233049147800966e-08,4.428347797537015e+19,1.3001729300869582e+17,CONVERGED
S3,S3_d01,Low Micro-Inertia (d1/a=0.1),1.305050505050505,709877.0456840061,0,3.349989136227231e-05,1.0663346606694251e-05,5.214612558854236,5.214612558854236,False,0.005436539404498868,-1.8212347950555359e-07,4.861522165634321e+19,6.740527377157934e+16,CONVERGED
S3,S3_d01,Low Micro-Inertia (d1/a=0.1),1.305050505050505,709877.0456840061,1,2.609261645303516,0.8305537773402926,2.0861028625728052e-05,2.0861028625728052e-05,True,-0.8616083508776039,0.5075325886197627,4.861522165634321e+19,6.740527377157934e+16,CONVERGED
S3,S3_d01,Low Micro-Inertia (d1/a=0.1),1.305050505050505,709877.0456840061,2,2.6092525736203003,0.8305508897338407,8.958095337875454e-06,8.958095337875454e-06,True,-0.8616140023402385,-0.5075464460924277,4.861522165634321e+19,6.740527377157934e+16,CONVERGED
S3,S3_d01,Low Micro-Inertia (d1/a=0.1),1.305050505050505,709877.0456840061,3,3.1415921699050906,0.9999998460383774,-1.401011146789999,1.401011146789999,False,-4.059302443026753,-1.9634224953738936e-06,4.861522165634321e+19,6.740527377157934e+16,CONVERGED
S3,S3_d01,Low Micro-Inertia (d1/a=0.1),1.305050505050505,709877.0456840061,4,8.157655601793236e-07,2.5966624261333674e-07,4.506824909698352,4.506824909698352,False,0.011033436777591204,-9.000697733576836e-09,4.861522165634321e+19,6.740527377157934e+16,CONVERGED
S3,S3_d01,Low Micro-Inertia (d1/a=0.1),1.3227272727272728,719492.2533461349,0,0.0003905577633837651,0.00012431839721088213,5.239305685437451,5.239305685437451,False,0.005303937754708048,-2.0714941719308593e-06,5.4338498158157775e+19,8.23932484260036e+16,CONVERGED
S3,S3_d01,Low Micro-Inertia (d1/a=0.1),1.3227272727272728,719492.2533461349,1,2.566068705428001,0.8168050375645741,2.2434820379936512e-05,2.2434820379936512e-05,True,-0.8388884254842964,0.5442621987189129,5.4338498158157775e+19,8.23932484260036e+16,CONVERGED
S3,S3_d01,Low Micro-Inertia (d1/a=0.1),1.3227272727272728,719492.2533461349,2,2.5660236152820923,0.8167906849253619,9.851712297760147e-06,9.851712297760147e-06,True,-0.8388744393508976,-0.5443068727962499,5.4338498158157775e+19,8.23932484260036e+16,CONVERGED
S3,S3_d01,Low Micro-Inertia (d1/a=0.1),1.3227272727272728,719492.2533461349,3,3.1415910244878664,0.9999994814407511,-1.4259113774228225,1.4259113774228225,False,-4.16164894781705,-6.779750319157394e-06,5.4338498158157775e+19,8.23932484260036e+16,CONVERGED
S3,S3_d01,Low Micro-Inertia (d1/a=0.1),1.3227272727272728,719492.2533461349,4,9.933120069767815e-07,3.16181031885772e-07,4.482580952712406,4.482580952712406,False,0.011304199866513681,-1.1228597456677062e-08,5.4338498158157775e+19,8.23932484260036e+16,CONVERGED
S3,S3_d01,Low Micro-Inertia (d1/a=0.1),1.3404040404040405,729107.4610082634,0,0.00038292649496261464,0.00012188928902830775,-5.263756789718776,5.263756789718776,False,193.20594961296555,-0.07398368070735876,4.807261699085176e+19,3.3208941373462874e+17,CONVERGED
S3,S3_d01,Low Micro-Inertia (d1/a=0.1),1.3404040404040405,729107.4610082634,1,2.5244967907839566,0.803572286145786,1.155397717530574e-05,1.155397717530574e-05,True,-0.815553005047927,0.5786624130440234,4.807261699085176e+19,3.3208941373462874e+17,CONVERGED
S3,S3_d01,Low Micro-Inertia (d1/a=0.1),1.3404040404040405,729107.4610082634,2,2.524504426661615,0.8035747167211343,9.194856394951352e-06,9.194856394951352e-06,True,-0.8155593476202774,-0.5786575506856256,4.807261699085176e+19,3.3208941373462874e+17,CONVERGED
S3,S3_d01,Low Micro-Inertia (d1/a=0.1),1.3404040404040405,729107.4610082634,3,3.1415908590818633,0.9999994287903851,-1.4492453572956026,1.4492453572956026,False,-4.259898600480969,-7.644421819218022e-06,4.807261699085176e+19,3.3208941373462874e+17,CONVERGED
S3,S3_d01,Low Micro-Inertia (d1/a=0.1),1.3404040404040405,729107.4610082634,4,1.1879248083269588e-06,3.781282105334556e-07,4.461023859505098,4.461023859505098,False,0.011550531110184321,-1.3721162455146738e-08,4.807261699085176e+19,3.3208941373462874e+17,CONVERGED
S3,S3_d01,Low Micro-Inertia (d1/a=0.1),1.358080808080808,738722.6686703919,0,8.467648717285267e-06,2.6953362994433946e-06,5.288503059487846,5.288503059487846,False,0.005049313126381067,4.2755809818794184e-08,6.390775922495757e+19,3.795304850160922e+17,CONVERGED
S3,S3_d01,Low Micro-Inertia (d1/a=0.1),1.358080808080808,738722.6686703919,1,2.4843197811106283,0.7907835467694639,1.632401945036467e-05,1.632401945036467e-05,True,-0.7916484166027022,0.6109501919014962,6.390775922495757e+19,3.795304850160922e+17,CONVERGED
S3,S3_d01,Low Micro-Inertia (d1/a=0.1),1.358080808080808,738722.6686703919,2,2.484340730608096,0.7907902152016184,7.104570478778077e-06,7.104570478778077e-06,True,-0.7916685142423036,-0.6109392396281118,6.390775922495757e+19,3.795304850160922e+17,CONVERGED
S3,S3_d01,Low Micro-Inertia (d1/a=0.1),1.358080808080808,738722.6686703919,3,3.141590300816276,0.9999992510889296,-1.4711173181707347,1.4711173181707347,False,-4.354097336306321,-1.024420490438686e-05,6.390775922495757e+19,3.795304850160922e+17,CONVERGED
S3,S3_d01,Low Micro-Inertia (d1/a=0.1),1.358080808080808,738722.6686703919,4,3.400302165164976e-06,1.0823497951841605e-06,4.4417067554177425,4.4417067554177425,False,0.011775822908804554,-4.004135613356177e-08,6.390775922495757e+19,3.795304850160922e+17,CONVERGED
S3,S3_d01,Low Micro-Inertia (d1/a=0.1),1.3757575757575757,748337.8763325205,0,0.001139082182289812,0.00036258111979865396,5.313398494424676,5.313398494424676,False,0.004925156918807157,-5.610160917604797e-06,5.414965707078333e+19,8.22254284573345e+16,CONVERGED
S3,S3_d01,Low Micro-Inertia (d1/a=0.1),1.3757575757575757,748337.8763325205,1,2.44532696004239,0.7783717463332481,3.249323425506817e-05,3.249323425506817e-05,True,-0.767217625299454,0.6413362075175011,5.414965707078333e+19,8.22254284573345e+16,CONVERGED
S3,S3_d01,Low Micro-Inertia (d1/a=0.1),1.3757575757575757,748337.8763325205,2,2.445259601639236,0.7783503054876065,-6.91219829320773e-05,6.91219829320773e-05,True,-0.7672523847328262,-0.6414530626973363,5.414965707078333e+19,8.22254284573345e+16,CONVERGED
S3,S3_d01,Low Micro-Inertia (d1/a=0.1),1.3757575757575757,748337.8763325205,3,3.141592600085675,0.9999999829691103,-1.491640477282264,1.491640477282264,False,-4.444380447147635,-2.3779265564025067e-07,5.414965707078333e+19,8.22254284573345e+16,CONVERGED
S3,S3_d01,Low Micro-Inertia (d1/a=0.1),1.3757575757575757,748337.8763325205,4,5.020338603876549e-06,1.598023409604035e-06,4.424294275538688,4.424294275538688,False,0.0119826647770342,6.015703455796197e-08,5.414965707078333e+19,8.22254284573345e+16,CONVERGED
S3,S3_d01,Low Micro-Inertia (d1/a=0.1),1.3934343434343435,757953.0839946492,0,4.805726882674548e-05,1.5297103770545186e-05,-5.336699033812054,5.336699033812054,False,207.82555141036602,-0.00998752840088331,3.790848156064229e+19,1.6797256580306995e+17,CONVERGED
S3,S3_d01,Low Micro-Inertia (d1/a=0.1),1.3934343434343435,757953.0839946492,1,2.4072293131945126,0.76624488870123,1.5053987242763503e-05,1.5053987242763503e-05,True,-0.7422463649303636,-0.6701046382666043,3.790848156064229e+19,1.6797256580306995e+17,CONVERGED
S3,S3_d01,Low Micro-Inertia (d1/a=0.1),1.3934343434343435,757953.0839946492,2,2.4072066117161715,0.7662376625962429,-3.7284490304554536e-05,3.7284490304554536e-05,True,-0.7422700006382962,0.670156562240025,3.790848156064229e+19,1.6797256580306995e+17,CONVERGED
S3,S3_d01,Low Micro-Inertia (d1/a=0.1),1.3934343434343435,757953.0839946492,3,3.1415902247035428,0.9999992268614941,-1.510902838434986,1.510902838434986,False,-4.530819546310328,-1.1004845298859185e-05,3.790848156064229e+19,1.6797256580306995e+17,CONVERGED
S3,S3_d01,Low Micro-Inertia (d1/a=0.1),1.3934343434343435,757953.0839946492,4,1.325611124202497e-06,4.219551260688636e-07,4.4084929330468015,4.4084929330468015,False,0.012173510808141746,-1.613734134788148e-08,3.790848156064229e+19,1.6797256580306995e+17,CONVERGED
S3,S3_d01,Low Micro-Inertia (d1/a=0.1),1.4111111111111112,767568.2916567777,0,0.0003520507627335793,0.00011206123821664232,5.361083430262165,5.361083430262165,False,0.004695815470662975,1.6531654864006757e-06,5.209868219591975e+19,2.417834388018863e+17,CONVERGED
S3,S3_d01,Low Micro-Inertia (d1/a=0.1),1.4111111111111112,767568.2916567777,1,2.37001934299423,0.7544005873218758,5.097581050725318e-06,5.097581050725318e-06,True,-0.7168108905807876,-0.6972603187007326,5.209868219591975e+19,2.417834388018863e+17,CONVERGED
S3,S3_d01,Low Micro-Inertia (d1/a=0.1),1.4111111111111112,767568.2916567777,2,2.369996753744302,0.7543933969403022,-2.13558933410995e-06,2.13558933410995e-06,True,-0.7168003245304282,0.6972815542812405,5.209868219591975e+19,2.417834388018863e+17,CONVERGED
S3,S3_d01,Low Micro-Inertia (d1/a=0.1),1.4111111111111112,767568.2916567777,3,3.141589022984798,0.9999988443425372,-1.5290037344742677,1.5290037344742677,False,-4.613578183022817,-1.6750079998978244e-05,5.209868219591975e+19,2.417834388018863e+17,CONVERGED
S3,S3_d01,Low Micro-Inertia (d1/a=0.1),1.4111111111111112,767568.2916567777,4,2.760837357087559e-06,8.788018249064984e-07,4.394089410426033,4.394089410426033,False,0.0123501210982508,-3.409667569269267e-08,5.209868219591975e+19,2.417834388018863e+17,CONVERGED
S3,S3_d01,Low Micro-Inertia (d1/a=0.1),1.4287878787878787,777183.4993189061,0,0.0007736802037398038,0.00024627005759506894,5.384803241398326,5.384803241398326,False,0.0045857411452964215,-3.5478978514924475e-06,4.866681497339436e+19,5.891006905094073e+16,CONVERGED
S3,S3_d01,Low Micro-Inertia (d1/a=0.1),1.4287878787878787,777183.4993189061,1,2.333506957277193,0.7427783339799869,1.990150794290445e-05,1.990150794290445e-05,True,-0.690869924870121,0.72295155071844,4.866681497339436e+19,5.891006905094073e+16,CONVERGED
S3,S3_d01,Low Micro-Inertia (d1/a=0.1),1.4287878787878787,777183.4993189061,2,2.3334644169432286,0.7427647929711246,-2.7666293767251287e-05,2.7666293767251287e-05,True,-0.690872032126823,-0.7230153313335509,4.866681497339436e+19,5.891006905094073e+16,CONVERGED
S3,S3_d01,Low Micro-Inertia (d1/a=0.1),1.4287878787878787,777183.4993189061,3,3.141581602614852,0.9999964823654244,-1.5460215348125417,1.5460215348125417,False,-4.69276299981321,-5.185960631774359e-05,4.866681497339436e+19,5.891006905094073e+16,CONVERGED
S3,S3_d01,Low Micro-Inertia (d1/a=0.1),1.4287878787878787,777183.4993189061,4,2.6209982690186544e-05,8.342896606992402e-06,4.380903648706251,4.380903648706251,False,0.012514045205107535,-3.2799290828518676e-07,4.866681497339436e+19,5.891006905094073e+16,CONVERGED
S3,S3_d01,Low Micro-Inertia (d1/a=0.1),1.4464646464646465,786798.7069810347,0,5.5308558248896125e-05,1.7605260881195683e-05,5.408383719124533,5.408383719124533,False,0.004478873474977096,2.477200347328014e-07,5.3391425688849244e+19,1.3491635663469702e+17,CONVERGED
S3,S3_d01,Low Micro-Inertia (d1/a=0.1),1.4464646464646465,786798.7069810347,1,2.2975837806858963,0.7313436317278511,5.047952137498776e-06,5.047952137498776e-06,True,-0.664468936583525,-0.7473091304555618,5.3391425688849244e+19,1.3491635663469702e+17,CONVERGED
S3,S3_d01,Low Micro-Inertia (d1/a=0.1),1.4464646464646465,786798.7069810347,2,2.297610634856747,0.7313521796759181,-1.9097663073858865e-05,1.9097663073858865e-05,True,-0.6645050494005241,0.7473093304494501,5.3391425688849244e+19,1.3491635663469702e+17,CONVERGED
S3,S3_d01,Low Micro-Inertia (d1/a=0.1),1.4464646464646465,786798.7069810347,3,3.1415862106818984,0.9999979491587213,-1.5619961727383906,1.5619961727383906,False,-4.768330161838027,-3.072191204488573e-05,5.3391425688849244e+19,1.3491635663469702e+17,CONVERGED
S3,S3_d01,Low Micro-Inertia (d1/a=0.1),1.4464646464646465,786798.7069810347,4,1.471770162282471e-05,4.684789928448325e-06,4.368697779896747,4.368697779896747,False,0.012667725997932458,-1.8643981149073092e-07,5.3391425688849244e+19,1.3491635663469702e+17,CONVERGED
S3,S3_d01,Low Micro-Inertia (d1/a=0.1),1.4641414141414142,796413.9146431634,0,2.090141863628657e-05,6.65312818719614e-06,5.431865303658869,5.431865303658869,False,0.004374927617515518,-9.144219365045974e-08,6.4981892485414216e+19,5.8790743913460104e+16,CONVERGED
S3,S3_d01,Low Micro-Inertia (d1/a=0.1),1.4641414141414142,796413.9146431634,1,2.2622855315565684,0.7201078500650077,-6.176153393901868e-06,6.176153393901868e-06,True,-0.6376889576541194,-0.770301983425384,6.4981892485414216e+19,5.8790743913460104e+16,CONVERGED
S3,S3_d01,Low Micro-Inertia (d1/a=0.1),1.4641414141414142,796413.9146431634,2,2.2623073217064014,0.7201147860851209,-2.0055960840349965e-05,2.0055960840349965e-05,True,-0.6377145937927031,0.7702987794291136,6.4981892485414216e+19,5.8790743913460104e+16,CONVERGED
S3,S3_d01,Low Micro-Inertia (d1/a=0.1),1.4641414141414142,796413.9146431634,3,3.1415886135286795,0.9999987140086067,-1.5770316798997122,1.5770316798997122,False,-4.840566115454521,-1.9556182931027684e-05,6.4981892485414216e+19,5.8790743913460104e+16,CONVERGED
S3,S3_d01,Low Micro-Inertia (d1/a=0.1),1.4641414141414142,796413.9146431634,4,5.994451580192065e-06,1.90809320022518e-06,4.357431269384712,4.357431269384712,False,0.012811254079305362,-7.679644226085392e-08,6.4981892485414216e+19,5.8790743913460104e+16,CONVERGED
S3,S3_d01,Low Micro-Inertia (d1/a=0.1),1.4818181818181817,806029.1223052919,0,1.9986322866788546e-05,6.3618441569599555e-06,5.45519513157244,5.45519513157244,False,0.004274042698811111,8.542239733625321e-08,5.292318699077239e+19,1.4254859637789739e+17,CONVERGED
S3,S3_d01,Low Micro-Inertia (d1/a=0.1),1.4818181818181817,806029.1223052919,1,2.2274993838638406,0.7090350753521629,1.2456433470671144e-06,1.2456433470671144e-06,True,-0.6105082046769883,-0.7920083590079651,5.292318699077239e+19,1.4254859637789739e+17,CONVERGED
S3,S3_d01,Low Micro-Inertia (d1/a=0.1),1.4818181818181817,806029.1223052919,2,2.227506397284072,0.7090373077931585,-1.5471972569317394e-06,1.5471972569317394e-06,True,-0.6105154644194193,0.7920062891821266,5.292318699077239e+19,1.4254859637789739e+17,CONVERGED
S3,S3_d01,Low Micro-Inertia (d1/a=0.1),1.4818181818181817,806029.1223052919,3,3.1415883910758655,0.9999986431996768,-1.59118587511926,1.59118587511926,False,-4.909567611561185,2.0927100322831488e-05,5.292318699077239e+19,1.4254859637789739e+17,CONVERGED
S3,S3_d01,Low Micro-Inertia (d1/a=0.1),1.4818181818181817,806029.1223052919,4,1.654925460407123e-05,5.2677913494484875e-06,4.346990309638081,4.346990309638081,False,0.012945716603300772,2.1424196011973537e-07,5.292318699077239e+19,1.4254859637789739e+17,CONVERGED
S3,S3_d01,Low Micro-Inertia (d1/a=0.1),1.4994949494949494,815644.3299674204,0,0.0006494449653868785,0.00020672475301493319,5.476880663188013,5.476880663188013,False,0.004182354664940903,-2.716209562488042e-06,5.987096073356434e+19,4.614020772140121e+16,CONVERGED
S3,S3_d01,Low Micro-Inertia (d1/a=0.1),1.4994949494949494,815644.3299674204,1,2.1931412820601537,0.6980985518775403,2.1296651450653588e-05,2.1296651450653588e-05,True,-0.5829296552768104,0.8124964151324235,5.987096073356434e+19,4.614020772140121e+16,CONVERGED
S3,S3_d01,Low Micro-Inertia (d1/a=0.1),1.4994949494949494,815644.3299674204,2,2.1930919385313175,0.6980828453444925,1.3746276347138859e-05,1.3746276347138859e-05,True,-0.5828939641783437,-0.8125313128425748,5.987096073356434e+19,4.614020772140121e+16,CONVERGED
S3,S3_d01,Low Micro-Inertia (d1/a=0.1),1.4994949494949494,815644.3299674204,3,3.14158501966679,0.9999975700468378,-1.60446661519471,1.60446661519471,False,-4.97520519589278,-3.7980333392092435e-05,5.987096073356434e+19,4.614020772140121e+16,CONVERGED
S3,S3_d01,Low Micro-Inertia (d1/a=0.1),1.4994949494949494,815644.3299674204,4,1.5901122289120618e-05,5.0614844260445215e-06,4.3371591395280635,4.3371591395280635,False,0.013073615814873443,-2.0788516385080488e-07,5.987096073356434e+19,4.614020772140121e+16,CONVERGED
S3,S3_d01,Low Micro-Inertia (d1/a=0.1),1.5171717171717172,825259.537629549,0,1.582813818886853e-05,5.038252865400052e-06,5.501375825257856,5.501375825257856,False,0.004081152620726368,-6.45970476561144e-08,6.121992440004288e+19,1.3060485979701339e+17,CONVERGED
S3,S3_d01,Low Micro-Inertia (d1/a=0.1),1.5171717171717172,825259.537629549,1,2.1592257089717353,0.6873028896679078,2.5439183245607823e-06,2.5439183245607823e-06,True,-0.5550538349685878,0.8318113683179363,6.121992440004288e+19,1.3060485979701339e+17,CONVERGED
S3,S3_d01,Low Micro-Inertia (d1/a=0.1),1.5171717171717172,825259.537629549,2,2.1592285078391793,0.6873037805750853,-2.8683733484153505e-06,2.8683733484153505e-06,True,-0.5550591672301514,-0.8318143168020871,6.121992440004288e+19,1.3060485979701339e+17,CONVERGED
S3,S3_d01,Low Micro-Inertia (d1/a=0.1),1.5171717171717172,825259.537629549,3,3.1415847745042416,0.9999974920091749,-1.6170118640535154,1.6170118640535154,False,-5.038013532549958,-3.9694939633857514e-05,6.121992440004288e+19,1.3060485979701339e+17,CONVERGED
S3,S3_d01,Low Micro-Inertia (d1/a=0.1),1.5171717171717172,825259.537629549,4,1.7089066865664205e-05,5.439618928996762e-06,4.328081878002837,4.328081878002837,False,0.013192828689105408,-2.254531316373222e-07,6.121992440004288e+19,1.3060485979701339e+17,CONVERGED
S3,S3_d01,Low Micro-Inertia (d1/a=0.1),1.534848484848485,834874.7452916778,0,0.0007201057816042817,0.00022921678938274853,5.524089300454896,5.524089300454896,False,0.003989499239939888,-2.872861964963046e-06,9.699705345698398e+19,7.626863879436413e+16,CONVERGED
S3,S3_d01,Low Micro-Inertia (d1/a=0.1),1.534848484848485,834874.7452916778,1,2.1256606861132523,0.6766188110620678,1.5021371913945652e-05,1.5021371913945652e-05,True,-0.526820100661051,0.8499591397513947,9.699705345698398e+19,7.626863879436413e+16,CONVERGED
S3,S3_d01,Low Micro-Inertia (d1/a=0.1),1.534848484848485,834874.7452916778,2,2.125642267898602,0.6766129483622587,-2.2613573806921047e-05,2.2613573806921047e-05,True,-0.5268242724716249,-0.8500008318261341,9.699705345698398e+19,7.626863879436413e+16,CONVERGED
S3,S3_d01,Low Micro-Inertia (d1/a=0.1),1.534848484848485,834874.7452916778,3,3.141585333878115,0.9999976700634089,-1.6286943754454837,1.6286943754454837,False,-5.097215322525863,3.731014652387113e-05,9.699705345698398e+19,7.626863879436413e+16,CONVERGED
S3,S3_d01,Low Micro-Inertia (d1/a=0.1),1.534848484848485,834874.7452916778,4,2.5809994837478662e-05,8.215576519122057e-06,4.31922934009093,4.31922934009093,False,0.013310137175578142,3.435345718640872e-07,9.699705345698398e+19,7.626863879436413e+16,CONVERGED
S3,S3_d01,Low Micro-Inertia (d1/a=0.1),1.5525252525252524,844489.952953806,0,3.084993699152503e-05,9.819839932549445e-06,5.547021215130112,5.547021215130112,False,0.0038990544045914384,1.2028558274633334e-07,6.79350984839937e+19,1.5376555055819334e+17,CONVERGED
S3,S3_d01,Low Micro-Inertia (d1/a=0.1),1.5525252525252524,844489.952953806,1,2.0924080513334906,0.6660341686700106,6.573430348878276e-06,6.573430348878276e-06,True,-0.49827490195731416,-0.8670115197072936,6.79350984839937e+19,1.5376555055819334e+17,CONVERGED
S3,S3_d01,Low Micro-Inertia (d1/a=0.1),1.5525252525252524,844489.952953806,2,2.092422540569104,0.6660387807369497,-5.482333189517323e-06,5.482333189517323e-06,True,-0.498293471511253,0.8670147524556634,6.79350984839937e+19,1.5376555055819334e+17,CONVERGED
S3,S3_d01,Low Micro-Inertia (d1/a=0.1),1.5525252525252524,844489.952953806,3,1.5483994984172325,0.49287086810822783,1.1329482593715756,1.1329482593715756,False,0.007213018330242421,-0.3220014954147107,6.79350984839937e+19,1.5376555055819334e+17,CONVERGED
S3,S3_d01,Low Micro-Inertia (d1/a=0.1),1.5525252525252524,844489.952953806,4,0.22735370131009652,0.07236893078748037,4.274167263442947,4.274167263442947,False,0.013565331621398889,-0.003138389761660906,6.79350984839937e+19,1.5376555055819334e+17,CONVERGED
S3,S3_d01,Low Micro-Inertia (d1/a=0.1),1.5702020202020202,854105.1606159348,0,0.0005852904697188417,0.00018630374280066188,5.569254987092605,5.569254987092605,False,0.003813319694298056,-2.2318999299207085e-06,6.731281244664721e+19,1.325411140353365e+17,CONVERGED
S3,S3_d01,Low Micro-Inertia (d1/a=0.1),1.5702020202020202,854105.1606159348,1,2.059500399294166,0.6555593376947975,2.6454611758425484e-05,2.6454611758425484e-05,True,-0.4694696340826469,0.8829186569840152,6.731281244664721e+19,1.325411140353365e+17,CONVERGED
S3,S3_d01,Low Micro-Inertia (d1/a=0.1),1.5702020202020202,854105.1606159348,2,3.141586435012934,0.9999980205655077,-1.650122280552001,1.650122280552001,False,-5.20761657837704,-3.238396394816163e-05,6.731281244664721e+19,1.325411140353365e+17,CONVERGED
S3,S3_d01,Low Micro-Inertia (d1/a=0.1),1.5702020202020202,854105.1606159348,3,2.0594685813139506,0.6555492097171365,-5.817173786305835e-06,5.817173786305835e-06,True,-0.469456691117849,-0.8829620884159933,6.731281244664721e+19,1.325411140353365e+17,CONVERGED
S3,S3_d01,Low Micro-Inertia (d1/a=0.1),1.5702020202020202,854105.1606159348,4,1.3152624327913876e-05,4.186610352836422e-06,4.303278168343124,4.303278168343124,False,0.013524151817311942,-1.7787808821703486e-07,6.731281244664721e+19,1.325411140353365e+17,CONVERGED
S3,S3_d01,Low Micro-Inertia (d1/a=0.1),1.587878787878788,863720.3682780633,0,6.649462082566009e-06,2.116589518685018e-06,5.59204297232446,5.59204297232446,False,0.0037274050952517154,-2.4785238847604922e-08,6.006560039168946e+19,8.778313117229144e+16,CONVERGED
S3,S3_d01,Low Micro-Inertia (d1/a=0.1),1.587878787878788,863720.3682780633,1,2.026822570434809,0.6451576617098421,2.147720688276161e-05,2.147720688276161e-05,True,-0.4403744587807074,-0.897790277605166,6.006560039168946e+19,8.778313117229144e+16,CONVERGED
S3,S3_d01,Low Micro-Inertia (d1/a=0.1),1.587878787878788,863720.3682780633,2,3.1415848845027337,0.9999975270227823,-1.6598158093051538,1.6598158093051538,False,-5.258342217378124,-4.0852518476856407e-05,6.006560039168946e+19,8.778313117229144e+16,CONVERGED
S3,S3_d01,Low Micro-Inertia (d1/a=0.1),1.587878787878788,863720.3682780633,3,2.0268266396564827,0.6451589569833299,1.7446785957615344e-05,1.7446785957615344e-05,True,-0.4403798869974521,0.8977921040892316,6.006560039168946e+19,8.778313117229144e+16,CONVERGED
S3,S3_d01,Low Micro-Inertia (d1/a=0.1),1.587878787878788,863720.3682780633,4,1.689944305111767e-05,5.379259794170718e-06,4.295728997389237,4.295728997389237,False,0.013626634292780665,-2.3028253023117616e-07,6.006560039168946e+19,8.778313117229144e+16,CONVERGED
S3,S3_d01,Low Micro-Inertia (d1/a=0.1),1.6055555555555556,873335.5759401919,0,0.00020452877597333858,6.510353140138343e-05,5.614516024148647,5.614516024148647,False,0.003644573080528605,7.454200815000382e-07,7.896272646307468e+19,1.4061959214074139e+17,CONVERGED
S3,S3_d01,Low Micro-Inertia (d1/a=0.1),1.6055555555555556,873335.5759401919,1,1.9944345113633684,0.634848222313098,-5.237302195692102e-06,5.237302195692102e-06,True,-0.4110818861431789,-0.9116041671384663,7.896272646307468e+19,1.4061959214074139e+17,CONVERGED
S3,S3_d01,Low Micro-Inertia (d1/a=0.1),1.6055555555555556,873335.5759401919,2,3.1415849092229515,0.9999975348914721,-1.6689424989626633,1.6689424989626633,False,-5.306553143340301,-4.109589420717839e-05,7.896272646307468e+19,1.4061959214074139e+17,CONVERGED
S3,S3_d01,Low Micro-Inertia (d1/a=0.1),1.6055555555555556,873335.5759401919,3,1.9944177605459372,0.634842890362308,-5.6592871742611034e-06,5.6592871742611034e-06,True,-0.41106678943450753,0.9116114376544483,7.896272646307468e+19,1.4061959214074139e+17,CONVERGED
S3,S3_d01,Low Micro-Inertia (d1/a=0.1),1.6055555555555556,873335.5759401919,4,1.7224527383201098e-05,5.482737350916327e-06,4.288599308083437,4.288599308083437,False,0.013724135123795217,-2.3639174127394062e-07,7.896272646307468e+19,1.4061959214074139e+17,CONVERGED
S3,S3_d01,Low Micro-Inertia (d1/a=0.1),1.6232323232323231,882950.7836023204,0,0.0007680508923953476,0.0002444781921417219,5.632608566610812,5.632608566610812,False,0.003579225432691829,2.7490278282156012e-06,5.546859133744448e+19,6.621677354625697e+16,CONVERGED
S3,S3_d01,Low Micro-Inertia (d1/a=0.1),1.6232323232323231,882950.7836023204,1,1.9620985237520414,0.624555357776896,1.0106066540363612e-05,1.0106066540363612e-05,True,-0.3813886518416653,0.9244038534739998,5.546859133744448e+19,6.621677354625697e+16,CONVERGED
S3,S3_d01,Low Micro-Inertia (d1/a=0.1),1.6232323232323231,882950.7836023204,2,3.141590395722177,0.9999992812984161,-1.6774588822111833,1.6774588822111833,False,-5.351938770166502,-1.2083969231999661e-05,5.546859133744448e+19,6.621677354625697e+16,CONVERGED
S3,S3_d01,Low Micro-Inertia (d1/a=0.1),1.6232323232323231,882950.7836023204,3,1.9621825919387714,0.6245821175118458,4.903577838015827e-05,4.903577838015827e-05,True,-0.38145151336306804,-0.9243358027281658,5.546859133744448e+19,6.621677354625697e+16,CONVERGED
S3,S3_d01,Low Micro-Inertia (d1/a=0.1),1.6232323232323231,882950.7836023204,4,4.0201977775221695e-06,1.27966869699941e-06,4.281649063490481,4.281649063490481,False,0.013819853469307607,-5.55585442032918e-08,5.546859133744448e+19,6.621677354625697e+16,CONVERGED
S3,S3_d01,Low Micro-Inertia (d1/a=0.1),1.6409090909090909,892565.9912644491,0,4.5344357395347625e-07,1.443355724159023e-07,5.65852595939456,5.65852595939456,False,0.0034876540547869274,1.5814543193160258e-09,6.366373675242957e+19,1.2218811906753277e+17,CONVERGED
S3,S3_d01,Low Micro-Inertia (d1/a=0.1),1.6409090909090909,892565.9912644491,1,1.9302729006814,0.6144249473195519,-2.8697927650472987e-06,2.8697927650472987e-06,True,-0.3517853217527825,-0.9360837713587886,6.366373675242957e+19,1.2218811906753277e+17,CONVERGED
S3,S3_d01,Low Micro-Inertia (d1/a=0.1),1.6409090909090909,892565.9912644491,2,3.1415898805654003,0.9999991173189211,-1.685440919204566,1.685440919204566,False,-5.394829091754071,-1.4959992666558885e-05,6.366373675242957e+19,1.2218811906753277e+17,CONVERGED
S3,S3_d01,Low Micro-Inertia (d1/a=0.1),1.6409090909090909,892565.9912644491,3,1.9302609600297813,0.6144211464920942,-1.953605365670214e-06,1.953605365670214e-06,True,-0.3517738219866138,0.9360871142064154,6.366373675242957e+19,1.2218811906753277e+17,CONVERGED
S3,S3_d01,Low Micro-Inertia (d1/a=0.1),1.6409090909090909,892565.9912644491,4,4.385461427840964e-06,1.3959357279594613e-06,4.274974080567934,4.274974080567934,False,0.01391240931587873,-6.10123344235126e-08,6.366373675242957e+19,1.2218811906753277e+17,CONVERGED
S3,S3_d01,Low Micro-Inertia (d1/a=0.1),1.6585858585858586,902181.1989265776,0,0.0002965178041500985,9.43845484904854e-05,5.680494301597892,5.680494301597892,False,0.00341187138296731,1.011680640169961e-06,6.316667812077896e+19,1.3794705692254107e+17,CONVERGED
S3,S3_d01,Low Micro-Inertia (d1/a=0.1),1.6585858585858586,902181.1989265776,1,1.8984684008589987,0.604301260600951,-8.795635819613197e-06,8.795635819613197e-06,True,-0.3218426666415563,0.9468024552964671,6.316667812077896e+19,1.3794705692254107e+17,CONVERGED
S3,S3_d01,Low Micro-Inertia (d1/a=0.1),1.6585858585858586,902181.1989265776,2,0.0009183504969562466,0.0002923200421629705,-3.9370287571753435,3.9370287571753435,False,51.266029276675454,-0.047080196698513856,6.316667812077896e+19,1.3794705692254107e+17,CONVERGED
S3,S3_d01,Low Micro-Inertia (d1/a=0.1),1.6585858585858586,902181.1989265776,3,1.8984927365202806,0.6043090068825239,1.5781374923871218e-06,1.5781374923871218e-06,True,-0.3218623686655364,-0.9467848009801417,6.316667812077896e+19,1.3794705692254107e+17,CONVERGED
S3,S3_d01,Low Micro-Inertia (d1/a=0.1),1.6585858585858586,902181.1989265776,4,3.1414654015601613,0.9999594944209312,3.5584489722454467,3.5584489722454467,False,-0.028482968115158852,-3.6245155221576366e-06,6.316667812077896e+19,1.3794705692254107e+17,CONVERGED
S3,S3_d01,Low Micro-Inertia (d1/a=0.1),1.6762626262626263,911796.4065887061,0,2.704667748853737e-05,8.609224833026024e-06,5.7021889645817305,5.7021889645817305,False,0.0033386492667332227,-9.029936998669393e-08,1.0561142958783213e+20,1.3577289329240923e+17,CONVERGED
S3,S3_d01,Low Micro-Inertia (d1/a=0.1),1.6762626262626263,911796.4065887061,1,1.8668587767913072,0.5942396047616517,-1.7474638289562832e-05,1.7474638289562832e-05,True,-0.29176133865082776,-0.9565094203174317,1.0561142958783213e+20,1.3577289329240923e+17,CONVERGED
S3,S3_d01,Low Micro-Inertia (d1/a=0.1),1.6762626262626263,911796.4065887061,2,1.8132147118511575,0.5771641685561167,-4.1984915636658835,4.1984915636658835,False,-15.983991310005125,-64.6388641033829,1.0561142958783213e+20,1.3577289329240923e+17,CONVERGED
S3,S3_d01,Low Micro-Inertia (d1/a=0.1),1.6762626262626263,911796.4065887061,3,1.8668592581952204,0.5942397579972765,-1.695326226710102e-05,1.695326226710102e-05,True,-0.29176164700060525,0.9565087811613969,1.0561142958783213e+20,1.3577289329240923e+17,CONVERGED
S3,S3_d01,Low Micro-Inertia (d1/a=0.1),1.6762626262626263,911796.4065887061,4,3.1400535611213947,0.9995100916515578,3.547260293243505,3.547260293243505,False,-0.028803410530695024,4.4331147215948565e-05,1.0561142958783213e+20,1.3577289329240923e+17,CONVERGED
S3,S3_d01,Low Micro-Inertia (d1/a=0.1),1.6939393939393939,921411.6142508347,0,0.0011369796986063188,0.00036191187845665797,5.72220473259938,5.72220473259938,False,0.0032724858668206217,3.7207515978514715e-06,9.652422864464057e+19,1.0566285462330642e+17,CONVERGED
S3,S3_d01,Low Micro-Inertia (d1/a=0.1),1.6939393939393939,921411.6142508347,1,1.8353271960865896,0.584202790896338,3.9185098610682444e-07,3.9185098610682444e-07,True,-0.26145638236468044,0.9652148861362991,9.652422864464057e+19,1.0566285462330642e+17,CONVERGED
S3,S3_d01,Low Micro-Inertia (d1/a=0.1),1.6939393939393939,921411.6142508347,2,0.0017397004491354374,0.0005537638519581906,-3.9611993711356566,3.9611993711356566,False,52.52020001867657,-0.0913695077395542,9.652422864464057e+19,1.0566285462330642e+17,CONVERGED
S3,S3_d01,Low Micro-Inertia (d1/a=0.1),1.6939393939393939,921411.6142508347,3,1.8353603153541371,0.5842133330866216,6.013102957426463e-05,6.013102957426463e-05,True,-0.26147272879871686,-0.9651485674581897,9.652422864464057e+19,1.0566285462330642e+17,CONVERGED
S3,S3_d01,Low Micro-Inertia (d1/a=0.1),1.6939393939393939,921411.6142508347,4,3.141351123622478,0.9999231186235938,3.542304292513212,3.542304292513212,False,-0.02894654801332424,-6.9914589314996225e-06,9.652422864464057e+19,1.0566285462330642e+17,CONVERGED
S3,S3_d01,Low Micro-Inertia (d1/a=0.1),1.7116161616161616,931026.8219129633,0,0.0004889546890151779,0.00015563911140945206,5.745421605442001,5.745421605442001,False,0.0031973858497877585,1.5633769284334984e-06,1.0031487668783523e+20,1.1193821114058901e+17,CONVERGED
S3,S3_d01,Low Micro-Inertia (d1/a=0.1),1.7116161616161616,931026.8219129633,1,1.804048619021425,0.5742465105907346,-1.4877008126322247e-05,1.4877008126322247e-05,True,-0.2311463986374807,0.972934271601032,1.0031487668783523e+20,1.1193821114058901e+17,CONVERGED
S3,S3_d01,Low Micro-Inertia (d1/a=0.1),1.7116161616161616,931026.8219129633,2,0.0010234913402774426,0.00032578741203380813,-3.974025721104415,3.974025721104415,False,53.19823384195695,0.05444795066733467,1.0031487668783523e+20,1.1193821114058901e+17,CONVERGED
S3,S3_d01,Low Micro-Inertia (d1/a=0.1),1.7116161616161616,931026.8219129633,3,1.804053979285589,0.5742482168158105,9.156586587704232e-06,9.156586587704232e-06,True,-0.23114605848142342,-0.9729096497840959,1.0031487668783523e+20,1.1193821114058901e+17,CONVERGED
S3,S3_d01,Low Micro-Inertia (d1/a=0.1),1.7116161616161616,931026.8219129633,4,3.141446383261716,0.9999534407085177,3.534828388548457,3.534828388548457,False,-0.029163761083424278,4.265792932063244e-06,1.0031487668783523e+20,1.1193821114058901e+17,CONVERGED
S3,S3_d01,Low Micro-Inertia (d1/a=0.1),1.7292929292929293,940642.0295750919,0,0.003598807549182294,0.0011455360213775828,5.770205131005983,5.770205131005983,False,0.0031190974223281385,1.1225079810376629e-05,1.0852919850444757e+20,1.4641603694928435e+17,CONVERGED
S3,S3_d01,Low Micro-Inertia (d1/a=0.1),1.7292929292929293,940642.0295750919,1,1.772880289435556,0.5643253231477177,-0.0001247675481753657,0.0001247675481753657,True,-0.20073636387150068,0.9797726667204343,1.0852919850444757e+20,1.4641603694928435e+17,CONVERGED
S3,S3_d01,Low Micro-Inertia (d1/a=0.1),1.7292929292929293,940642.0295750919,2,3.141591728320605,0.9999997054776701,-1.7179118967786564,1.7179118967786564,False,-5.572879558688973,-5.15641374508247e-06,1.0852919850444757e+20,1.4641603694928435e+17,CONVERGED
S3,S3_d01,Low Micro-Inertia (d1/a=0.1),1.7292929292929293,940642.0295750919,3,1.7729597924013225,0.5643506297277021,5.020896154806939e-05,5.020896154806939e-05,True,-0.20077912336578446,-0.9795852850768441,1.0852919850444757e+20,1.4641603694928435e+17,CONVERGED
S3,S3_d01,Low Micro-Inertia (d1/a=0.1),1.7292929292929293,940642.0295750919,4,7.649275434263814e-07,2.4348399928689806e-07,4.24409906257506,4.24409906257506,False,0.01434865509781356,-1.0975681495445091e-08,1.0852919850444757e+20,1.4641603694928435e+17,CONVERGED
S3,S3_d01,Low Micro-Inertia (d1/a=0.1),1.7469696969696968,950257.2372372204,0,0.0007949454176031103,0.000253038985399572,5.788032421797781,5.788032421797781,False,0.0030640039505307154,-2.4357164130663366e-06,7.955384879303644e+19,9.380159043714557e+16,CONVERGED
S3,S3_d01,Low Micro-Inertia (d1/a=0.1),1.7469696969696968,950257.2372372204,1,1.741708725625525,0.554403106219176,-1.7372283890434566e-05,1.7372283890434566e-05,True,-0.17008447964149595,-0.9854471142362039,7.955384879303644e+19,9.380159043714557e+16,CONVERGED
S3,S3_d01,Low Micro-Inertia (d1/a=0.1),1.7469696969696968,950257.2372372204,2,3.141587007846019,0.9999982029039418,-1.723069057310102,1.723069057310102,False,-5.601694029671957,-3.16257291938897e-05,7.955384879303644e+19,9.380159043714557e+16,CONVERGED
S3,S3_d01,Low Micro-Inertia (d1/a=0.1),1.7469696969696968,950257.2372372204,3,1.7417150859227133,0.55440513076465,2.330804318097746e-05,2.330804318097746e-05,True,-0.17008382816806936,0.9854059449769144,7.955384879303644e+19,9.380159043714557e+16,CONVERGED
S3,S3_d01,Low Micro-Inertia (d1/a=0.1),1.7469696969696968,950257.2372372204,4,1.0247525161139727e-05,3.2618885677079177e-06,4.2382802676012465,4.2382802676012465,False,0.014432390362132381,-1.4789628337651902e-07,7.955384879303644e+19,9.380159043714557e+16,CONVERGED
S3,S3_d01,Low Micro-Inertia (d1/a=0.1),1.7646464646464646,959872.4448993491,0,0.0007228670113392976,0.00023009571610542876,5.809098463420755,5.809098463420755,False,0.0030001327998138857,-2.1686974083638167e-06,8.49485970949428e+19,4.074581565214171e+16,CONVERGED
S3,S3_d01,Low Micro-Inertia (d1/a=0.1),1.7646464646464646,959872.4448993491,1,1.7106917625975642,0.5445301002479789,-3.0341204531869387e-05,3.0341204531869387e-05,True,-0.13944380356951633,-0.9902606272574632,8.49485970949428e+19,4.074581565214171e+16,CONVERGED
S3,S3_d01,Low Micro-Inertia (d1/a=0.1),1.7646464646464646,959872.4448993491,2,3.141571914598611,0.9999933985740772,-1.727813133909494,1.727813133909494,False,-5.628332030515137,-0.00011672592836848631,8.49485970949428e+19,4.074581565214171e+16,CONVERGED
S3,S3_d01,Low Micro-Inertia (d1/a=0.1),1.7646464646464646,959872.4448993491,3,1.7106860527654721,0.5445282827519756,1.0747474827355202e-05,1.0747474827355202e-05,True,-0.13943242013362922,0.9902207357438235,8.49485970949428e+19,4.074581565214171e+16,CONVERGED
S3,S3_d01,Low Micro-Inertia (d1/a=0.1),1.7646464646464646,959872.4448993491,4,5.135892750420291e-05,1.6348054368384384e-05,4.232521021751098,4.232521021751098,False,0.014515749841560045,-7.455133444373172e-07,8.49485970949428e+19,4.074581565214171e+16,CONVERGED
S3,S3_d01,Low Micro-Inertia (d1/a=0.1),1.7823232323232323,969487.6525614776,0,3.517761416119031e-05,1.119738235986579e-05,5.829963610068289,5.829963610068289,False,0.0029381838967716383,1.0335829949788937e-07,9.898194992775897e+19,8.361300204038952e+16,CONVERGED
S3,S3_d01,Low Micro-Inertia (d1/a=0.1),1.7823232323232323,969487.6525614776,1,1.6797253011460802,0.5346731694278424,1.3581056301550305e-05,1.3581056301550305e-05,True,-0.1087122091662149,-0.9940596027575433,9.898194992775897e+19,8.361300204038952e+16,CONVERGED
S3,S3_d01,Low Micro-Inertia (d1/a=0.1),1.7823232323232323,969487.6525614776,2,3.1415689411662076,0.9999924521011473,-1.7321610091144568,1.7321610091144568,False,-5.652856591654405,0.00013404292999459863,9.898194992775897e+19,8.361300204038952e+16,CONVERGED
S3,S3_d01,Low Micro-Inertia (d1/a=0.1),1.7823232323232323,969487.6525614776,3,1.6797382501631488,0.5346772912279916,1.7034590769649464e-05,1.7034590769649464e-05,True,-0.10872470576669632,0.9940547619496393,9.898194992775897e+19,8.361300204038952e+16,CONVERGED
S3,S3_d01,Low Micro-Inertia (d1/a=0.1),1.7823232323232323,969487.6525614776,4,6.938305379457734e-05,2.208531195643574e-05,4.226797229302447,4.226797229302447,False,0.014599073200370178,1.0129282828376713e-06,9.898194992775897e+19,8.361300204038952e+16,CONVERGED
S3,S3_d01,Low Micro-Inertia (d1/a=0.1),1.8,979102.8602236061,0,9.211137582706015e-05,2.9319961555743884e-05,5.850915691549147,5.850915691549147,False,0.002877263253577042,-2.650286776531705e-07,6.523353699626273e+19,1.293590939149804e+17,CONVERGED
S3,S3_d01,Low Micro-Inertia (d1/a=0.1),1.8,979102.8602236061,1,1.6488563157971805,0.5248472662148249,-9.727823560479536e-06,9.727823560479536e-06,True,-0.07798149711085535,0.9969645640366226,6.523353699626273e+19,1.293590939149804e+17,CONVERGED
S3,S3_d01,Low Micro-Inertia (d1/a=0.1),1.8,979102.8602236061,2,3.1415898382126732,0.9999991038376294,-1.7361418746436783,1.7361418746436783,False,-5.675404705899886,1.597840455608923e-05,6.523353699626273e+19,1.293590939149804e+17,CONVERGED
S3,S3_d01,Low Micro-Inertia (d1/a=0.1),1.8,979102.8602236061,3,1.6488263850385474,0.5248377389584511,-3.7225939547302894e-06,3.7225939547302894e-06,True,-0.07795118905400417,-0.9969609106382716,6.523353699626273e+19,1.293590939149804e+17,CONVERGED
S3,S3_d01,Low Micro-Inertia (d1/a=0.1),1.8,979102.8602236061,4,1.1265260268525342e-05,3.585843713905081e-06,4.221145497698245,4.221145497698245,False,0.01468181688036459,1.6539448837913243e-07,6.523353699626273e+19,1.293590939149804e+17,CONVERGED
S3,S3_d05,Baseline Micro-Inertia (d1/a=0.5),0.05,27197.301672877948,0,2.1988025749428903e-08,6.999005973706973e-09,3.135127197658043,3.135127197658043,False,0.043494221114371845,-9.563520538141626e-10,4069175047042571.5,7.98851405499901e+16,CONVERGED
S3,S3_d05,Baseline Micro-Inertia (d1/a=0.5),0.05,27197.301672877948,1,4.695486466281939e-05,1.4946197626597335e-05,3.1718803055377403,3.1718803055377403,False,0.04192469246585576,-1.9685682622113207e-06,4069175047042571.5,7.98851405499901e+16,CONVERGED
S3,S3_d05,Baseline Micro-Inertia (d1/a=0.5),0.05,27197.301672877948,2,0.19125043663941424,0.06087690471929222,0.027681872870309016,0.027681872870309016,True,0.9549628637584847,0.18489688873028962,4069175047042571.5,7.98851405499901e+16,CONVERGED
S3,S3_d05,Baseline Micro-Inertia (d1/a=0.5),0.05,27197.301672877948,3,0.2729950363463195,0.08689701894813676,8.26910520654012e-07,8.26910520654012e-07,True,0.9629669082986475,-0.2696165419666799,4069175047042571.5,7.98851405499901e+16,CONVERGED
S3,S3_d05,Baseline Micro-Inertia (d1/a=0.5),0.05,27197.301672877948,4,0.27299614404807354,0.08689737154055602,1.8387560872136326e-06,1.8387560872136326e-06,True,0.9629656352703385,0.2696173358354039,4069175047042571.5,7.98851405499901e+16,CONVERGED
S3,S3_d05,Baseline Micro-Inertia (d1/a=0.5),0.06767676767676768,36812.509335006514,0,0.021410785129019647,0.006815264577523842,-0.19593076836545997,0.19593076836545997,False,1.2161638748807608,-0.026043003087796092,1.007278466470619e+16,7.002934961883128e+16,CONVERGED
S3,S3_d05,Baseline Micro-Inertia (d1/a=0.5),0.06767676767676768,36812.509335006514,1,1.1563846390286488e-08,3.680886628338931e-09,-3.14132774416182,3.14132774416182,False,23.134563257031576,2.67524535810679e-07,1.007278466470619e+16,7.002934961883128e+16,CONVERGED
S3,S3_d05,Baseline Micro-Inertia (d1/a=0.5),0.06767676767676768,36812.509335006514,2,0.30292162912351583,0.09642294928891477,-0.13331363728418838,0.13331363728418838,False,1.0905842222639908,0.3408515757620867,1.007278466470619e+16,7.002934961883128e+16,CONVERGED
S3,S3_d05,Baseline Micro-Inertia (d1/a=0.5),0.06767676767676768,36812.509335006514,3,0.3688218096474623,0.11739962825098343,-9.278338835483057e-07,9.278338835483057e-07,True,0.9327536156638702,0.3605170566498429,1.007278466470619e+16,7.002934961883128e+16,CONVERGED
S3,S3_d05,Baseline Micro-Inertia (d1/a=0.5),0.06767676767676768,36812.509335006514,4,0.3688186764561956,0.11739863092522794,9.552487417759174e-07,9.552487417759174e-07,True,0.9327529887755845,-0.3605134552753277,1.007278466470619e+16,7.002934961883128e+16,CONVERGED
S3,S3_d05,Baseline Micro-Inertia (d1/a=0.5),0.08535353535353535,46427.71699713508,0,0.44172116020708113,0.14060421223048797,-0.44893578914039767,0.44893578914039767,False,1.4162731960867485,-0.6697341560585303,2.016113722121108e+16,1.2998710994285942e+17,CONVERGED
S3,S3_d05,Baseline Micro-Inertia (d1/a=0.5),0.08535353535353535,46427.71699713508,1,9.353570974118268e-09,2.977334112183594e-09,3.1492662857326503,3.1492662857326503,False,0.04288357962116502,-4.011146056108188e-10,2.016113722121108e+16,1.2998710994285942e+17,CONVERGED
S3,S3_d05,Baseline Micro-Inertia (d1/a=0.5),0.08535353535353535,46427.71699713508,2,0.5362000234000163,0.17067776842020507,-0.4460058259454488,0.4460058259454488,False,1.342835033732108,0.7980145907920977,2.016113722121108e+16,1.2998710994285942e+17,CONVERGED
S3,S3_d05,Baseline Micro-Inertia (d1/a=0.5),0.08535353535353535,46427.71699713508,3,0.46405178077621,0.1477122695222608,-1.2081119964712964e-07,1.2081119964712964e-07,True,0.8942464748724447,-0.4475751152607064,2.016113722121108e+16,1.2998710994285942e+17,CONVERGED
S3,S3_d05,Baseline Micro-Inertia (d1/a=0.5),0.08535353535353535,46427.71699713508,4,0.46405077749135837,0.14771195016677385,1.6401227035720274e-07,1.6401227035720274e-07,True,0.8942466692148521,0.4475740905969156,2.016113722121108e+16,1.2998710994285942e+17,CONVERGED
S3,S3_d05,Baseline Micro-Inertia (d1/a=0.5),0.10303030303030303,56042.924659263655,0,2.5085053881344893e-05,7.98482064588515e-06,-0.668439572242241,0.668439572242241,False,1.9511902518448339,4.8945712610549094e-05,3.5362837229609884e+16,1.014597751006236e+17,CONVERGED
S3,S3_d05,Baseline Micro-Inertia (d1/a=0.5),0.10303030303030303,56042.924659263655,1,2.902135740421322e-08,9.237784972234221e-09,3.1588526013442157,3.1588526013442157,False,0.04247444825672838,-1.2326661434052757e-09,3.5362837229609884e+16,1.014597751006236e+17,CONVERGED
S3,S3_d05,Baseline Micro-Inertia (d1/a=0.5),0.10303030303030303,56042.924659263655,2,4.43034380842086e-09,1.4102222334135057e-09,-3.158852672029726,3.158852672029726,False,23.54356823286345,1.0430610174860064e-07,3.5362837229609884e+16,1.014597751006236e+17,CONVERGED
S3,S3_d05,Baseline Micro-Inertia (d1/a=0.5),0.10303030303030303,56042.924659263655,3,0.5585618980589341,0.1777957741977414,-3.6027920558678e-07,3.6027920558678e-07,True,0.8480184400560077,-0.5299674007744685,3.5362837229609884e+16,1.014597751006236e+17,CONVERGED
S3,S3_d05,Baseline Micro-Inertia (d1/a=0.5),0.10303030303030303,56042.924659263655,4,0.5585605593283824,0.17779534806657188,-3.383583113431598e-08,3.383583113431598e-08,True,0.848018872708611,0.5299660925018517,3.5362837229609884e+16,1.014597751006236e+17,CONVERGED
S3,S3_d05,Baseline Micro-Inertia (d1/a=0.5),0.12070707070707071,65658.13232139223,0,1.3882412563053489e-05,4.418909162901982e-06,-3.089941936197579,3.089941936197579,False,21.97580193797855,0.0003050771489265669,5.668499565097445e+16,1.1087070858752256e+17,CONVERGED
S3,S3_d05,Baseline Micro-Inertia (d1/a=0.5),0.12070707070707071,65658.13232139223,1,3.2200039819829015e-08,1.0249591010163301e-08,3.16998379283826,3.16998379283826,False,0.04200427866806702,1.3525394457149528e-09,5.668499565097445e+16,1.1087070858752256e+17,CONVERGED
S3,S3_d05,Baseline Micro-Inertia (d1/a=0.5),0.12070707070707071,65658.13232139223,2,4.677459413226955e-08,1.4888815734535725e-08,-3.1699837749101034,3.1699837749101034,False,23.807098080988435,1.1135673502053682e-06,5.668499565097445e+16,1.1087070858752256e+17,CONVERGED
S3,S3_d05,Baseline Micro-Inertia (d1/a=0.5),0.12070707070707071,65658.13232139223,3,0.652241077976739,0.20761478329516875,3.089844732423636e-08,3.089844732423636e-08,True,0.7947255060659117,-0.6069689516041061,5.668499565097445e+16,1.1087070858752256e+17,CONVERGED
S3,S3_d05,Baseline Micro-Inertia (d1/a=0.5),0.12070707070707071,65658.13232139223,4,0.6522395375471903,0.20761429296121442,-4.127108796552008e-07,4.127108796552008e-07,True,0.7947267936060168,0.6069679966413382,5.668499565097445e+16,1.1087070858752256e+17,CONVERGED
S3,S3_d05,Baseline Micro-Inertia (d1/a=0.5),0.1383838383838384,75273.3399835208,0,1.0509702469078536e-05,3.3453421967578926e-06,-3.0627692523684753,3.0627692523684753,False,21.386700402515288,0.00022476785803403332,8.509012397136402e+16,9.847026251806722e+16,CONVERGED
S3,S3_d05,Baseline Micro-Inertia (d1/a=0.5),0.1383838383838384,75273.3399835208,1,1.434302126359078e-05,4.565525465945271e-06,3.1752907200542686,3.1752907200542686,False,0.04178195546242354,-5.992794756730388e-07,8.509012397136402e+16,9.847026251806722e+16,CONVERGED
S3,S3_d05,Baseline Micro-Inertia (d1/a=0.5),0.1383838383838384,75273.3399835208,2,8.096260609557255e-09,2.5771197931424777e-09,-3.1825474391155884,3.1825474391155884,False,24.10808928401774,-1.951853736418822e-07,8.509012397136402e+16,9.847026251806722e+16,CONVERGED
S3,S3_d05,Baseline Micro-Inertia (d1/a=0.5),0.1383838383838384,75273.3399835208,3,0.7449992437950943,0.2371406244994266,1.362891436962335e-06,1.362891436962335e-06,True,0.7350874132217164,-0.6779703305778554,8.509012397136402e+16,9.847026251806722e+16,CONVERGED
S3,S3_d05,Baseline Micro-Inertia (d1/a=0.5),0.1383838383838384,75273.3399835208,4,0.7449960510964585,0.2371396082318872,-2.768314387364641e-07,2.768314387364641e-07,True,0.7350907831171041,0.6779690953423418,8.509012397136402e+16,9.847026251806722e+16,CONVERGED
S3,S3_d05,Baseline Micro-Inertia (d1/a=0.5),0.15606060606060607,84888.54764564935,0,2.098486066823045e-05,6.67968861088714e-06,-3.034683777246111,3.034683777246111,False,20.79440119228849,0.0004363676117635127,1.2153553263944131e+17,1.6832907647395568e+17,CONVERGED
S3,S3_d05,Baseline Micro-Inertia (d1/a=0.5),0.15606060606060607,84888.54764564935,1,1.4733372823983787e-05,4.689778226705634e-06,3.176354753726245,3.176354753726245,False,0.04173752169839627,-6.149344679760803e-07,1.2153553263944131e+17,1.6832907647395568e+17,CONVERGED
S3,S3_d05,Baseline Micro-Inertia (d1/a=0.5),0.15606060606060607,84888.54764564935,2,8.704608332586662e-07,2.7707628876201363e-07,3.196425769267589,3.196425769267589,False,0.040908158182149476,3.560894945832015e-08,1.2153553263944131e+17,1.6832907647395568e+17,CONVERGED
S3,S3_d05,Baseline Micro-Inertia (d1/a=0.5),0.15606060606060607,84888.54764564935,3,0.836753348734908,0.2663468631997143,-5.905308458180161e-07,5.905308458180161e-07,True,0.6698772959302397,-0.7424726186598258,1.2153553263944131e+17,1.6832907647395568e+17,CONVERGED
S3,S3_d05,Baseline Micro-Inertia (d1/a=0.5),0.15606060606060607,84888.54764564935,4,0.836763312701415,0.2663500348287591,-3.4200445560625976e-06,3.4200445560625976e-06,True,0.6698717933334241,0.7424813941162216,1.2153553263944131e+17,1.6832907647395568e+17,CONVERGED
S3,S3_d05,Baseline Micro-Inertia (d1/a=0.5),0.17373737373737375,94503.75530777793,0,1.828573874788807e-05,5.8205314196267825e-06,-3.0013240785970576,3.0013240785970576,False,20.112149363971454,0.00036776550896907493,1.6693113497916925e+17,8.452860947294011e+16,CONVERGED
S3,S3_d05,Baseline Micro-Inertia (d1/a=0.5),0.17373737373737375,94503.75530777793,1,1.3949850604321213e-05,4.440375358142369e-06,3.1772083238102757,3.1772083238102757,False,0.041701910999237576,-5.817354283917986e-07,1.6693113497916925e+17,8.452860947294011e+16,CONVERGED
S3,S3_d05,Baseline Micro-Inertia (d1/a=0.5),0.17373737373737375,94503.75530777793,2,6.5841284469999e-07,2.0957931765839965e-07,3.2114992420743653,3.2114992420743653,False,0.040296154272088935,-2.6531505564759565e-08,1.6693113497916925e+17,8.452860947294011e+16,CONVERGED
S3,S3_d05,Baseline Micro-Inertia (d1/a=0.5),0.17373737373737375,94503.75530777793,3,0.9274682365665191,0.29522230882056977,3.077301112574021e-06,3.077301112574021e-06,True,0.5998597302162825,0.8001013370077338,1.6693113497916925e+17,8.452860947294011e+16,CONVERGED
S3,S3_d05,Baseline Micro-Inertia (d1/a=0.5),0.17373737373737375,94503.75530777793,4,0.927474224089198,0.2952242147082322,-2.129668526050018e-06,2.129668526050018e-06,True,0.5998580630152189,-0.8001090948000483,1.6693113497916925e+17,8.452860947294011e+16,CONVERGED
S3,S3_d05,Baseline Micro-Inertia (d1/a=0.5),0.19141414141414143,104118.96296990648,0,1.063519799902952e-05,3.3852886646131646e-06,-2.9665268852758935,2.9665268852758935,False,19.424339346892147,0.00020658169496232635,2.2213979713109872e+17,1.2146078809912189e+17,CONVERGED
S3,S3_d05,Baseline Micro-Inertia (d1/a=0.5),0.19141414141414143,104118.96296990648,1,1.2750712124395776e-05,4.0586777250787e-06,3.178163075915774,3.178163075915774,False,0.04166211501324874,-5.312216350561908e-07,2.2213979713109872e+17,1.2146078809912189e+17,CONVERGED
S3,S3_d05,Baseline Micro-Inertia (d1/a=0.5),0.19141414141414143,104118.96296990648,2,2.040081418075761e-07,6.493780839933618e-08,3.227648649773426,3.227648649773426,False,0.03965062176159354,-8.08904966709785e-09,2.2213979713109872e+17,1.2146078809912189e+17,CONVERGED
S3,S3_d05,Baseline Micro-Inertia (d1/a=0.5),0.19141414141414143,104118.96296990648,3,1.017096176275101,0.3237517681080961,-1.3419632570849959e-08,1.3419632570849959e-08,True,0.5258381197615207,0.850584680466874,2.2213979713109872e+17,1.2146078809912189e+17,CONVERGED
S3,S3_d05,Baseline Micro-Inertia (d1/a=0.5),0.19141414141414143,104118.96296990648,4,1.0170968513911918,0.32375198300422214,-2.58042801981923e-06,2.58042801981923e-06,True,0.5258388953491185,-0.8505872189301786,2.2213979713109872e+17,1.2146078809912189e+17,CONVERGED
S3,S3_d05,Baseline Micro-Inertia (d1/a=0.5),0.2090909090909091,113734.17063203505,0,4.289227505951e-08,1.3653035192356473e-08,-3.24475767233259,3.24475767233259,False,25.65549227128917,1.1004224312872687e-06,2.8796412336091216e+17,2.2733767710064346e+17,CONVERGED
S3,S3_d05,Baseline Micro-Inertia (d1/a=0.5),0.2090909090909091,113734.17063203505,1,1.4083772181287853e-05,4.483003920064174e-06,3.179291088631325,3.179291088631325,False,0.04161514611275113,-5.86098237181745e-07,2.8796412336091216e+17,2.2733767710064346e+17,CONVERGED
S3,S3_d05,Baseline Micro-Inertia (d1/a=0.5),0.2090909090909091,113734.17063203505,2,2.6203481267416347e-05,8.340827139850388e-06,-2.9313855013031724,2.9313855013031724,False,18.75359562990691,0.0004914094918974378,2.8796412336091216e+17,2.2733767710064346e+17,CONVERGED
S3,S3_d05,Baseline Micro-Inertia (d1/a=0.5),0.2090909090909091,113734.17063203505,3,1.105603467999466,0.35192451406331426,5.23081828072085e-06,5.23081828072085e-06,True,0.4485928279419023,0.8937303917497984,2.8796412336091216e+17,2.2733767710064346e+17,CONVERGED
S3,S3_d05,Baseline Micro-Inertia (d1/a=0.5),0.2090909090909091,113734.17063203505,4,1.105618807156152,0.3519293966685331,-1.9344782369957297e-06,1.9344782369957297e-06,True,0.44858233303252754,-0.893743676595842,2.8796412336091216e+17,2.2733767710064346e+17,CONVERGED
S3,S3_d05,Baseline Micro-Inertia (d1/a=0.5),0.22676767676767678,123349.37829416365,0,3.65271698951579e-08,1.1626959291943698e-08,-3.2627149702618956,3.2627149702618956,False,26.12035695453676,9.54102716200534e-07,3.653146723654493e+17,3.7386352516283616e+17,CONVERGED
S3,S3_d05,Baseline Micro-Inertia (d1/a=0.5),0.22676767676767678,123349.37829416365,1,1.3238356441903382e-05,4.2138997322827175e-06,3.1798994825790006,3.1798994825790006,False,0.04158983541042474,-5.505810655554617e-07,3.653146723654493e+17,3.7386352516283616e+17,CONVERGED
S3,S3_d05,Baseline Micro-Inertia (d1/a=0.5),0.22676767676767678,123349.37829416365,2,2.2271832111393852e-05,7.089344344482272e-06,-2.889693950987099,2.889693950987099,False,17.987803605041346,0.00040062134201044664,3.653146723654493e+17,3.7386352516283616e+17,CONVERGED
S3,S3_d05,Baseline Micro-Inertia (d1/a=0.5),0.22676767676767678,123349.37829416365,3,1.1929939833970171,0.37974177907305157,9.190208028610781e-06,9.190208028610781e-06,True,0.3688752993160234,-0.929469006103687,3.653146723654493e+17,3.7386352516283616e+17,CONVERGED
S3,S3_d05,Baseline Micro-Inertia (d1/a=0.5),0.22676767676767678,123349.37829416365,4,1.1930204336937944,0.3797501984640083,-8.892257486062152e-06,8.892257486062152e-06,True,0.3688573842465607,0.9294955700593213,3.653146723654493e+17,3.7386352516283616e+17,CONVERGED
S3,S3_d05,Baseline Micro-Inertia (d1/a=0.5),0.24444444444444446,132964.58595629223,0,1.8375334866279805e-07,5.8490507498745654e-08,3.281414763679458,3.281414763679458,False,0.037575059355907554,-6.904542982851491e-09,4.5479555057965357e+17,7.986707414704728e+16,CONVERGED
S3,S3_d05,Baseline Micro-Inertia (d1/a=0.5),0.24444444444444446,132964.58595629223,1,1.228890488513979e-05,3.911679915312276e-06,3.180669356782289,3.180669356782289,False,0.04155782879164299,-5.107002052791328e-07,4.5479555057965357e+17,7.986707414704728e+16,CONVERGED
S3,S3_d05,Baseline Micro-Inertia (d1/a=0.5),0.24444444444444446,132964.58595629223,2,1.360403069372046e-05,4.330297461758955e-06,-2.848551656649981,2.848551656649981,False,17.262761318630787,0.00023484313485151097,4.5479555057965357e+17,7.986707414704728e+16,CONVERGED
S3,S3_d05,Baseline Micro-Inertia (d1/a=0.5),0.24444444444444446,132964.58595629223,3,1.2792812446128732,0.40720786736978176,4.26398901304047e-06,4.26398901304047e-06,True,0.28740248908966554,0.957805450664905,4.5479555057965357e+17,7.986707414704728e+16,CONVERGED
S3,S3_d05,Baseline Micro-Inertia (d1/a=0.5),0.24444444444444446,132964.58595629223,4,1.2792801439219597,0.40720751700898233,-4.622869607001885e-07,4.622869607001885e-07,True,0.28740490168891936,-0.957809661185108,4.5479555057965357e+17,7.986707414704728e+16,CONVERGED
S3,S3_d05,Baseline Micro-Inertia (d1/a=0.5),0.2621212121212121,142579.79361842075,0,8.557068328701452e-07,2.723799445775879e-07,3.300759506150798,3.300759506150798,False,0.0368551650440517,-3.1537216554759665e-08,5.576263772409091e+17,8.432448575242978e+16,CONVERGED
S3,S3_d05,Baseline Micro-Inertia (d1/a=0.5),0.2621212121212121,142579.79361842075,1,1.1528633743945265e-05,3.669678094889826e-06,3.180913247959416,3.180913247959416,False,0.04154769444012607,-4.789881521267852e-07,5.576263772409091e+17,8.432448575242978e+16,CONVERGED
S3,S3_d05,Baseline Micro-Inertia (d1/a=0.5),0.2621212121212121,142579.79361842075,2,1.1309334069302579e-05,3.59987284041417e-06,-2.8022180076129355,2.8022180076129355,False,16.481161601891177,0.00018639096241389587,5.576263772409091e+17,8.432448575242978e+16,CONVERGED
S3,S3_d05,Baseline Micro-Inertia (d1/a=0.5),0.2621212121212121,142579.79361842075,3,1.364449609644645,0.4343177999495046,-2.8500392578294657e-06,2.8500392578294657e-06,True,0.20488607705828404,-0.978788738963842,5.576263772409091e+17,8.432448575242978e+16,CONVERGED
S3,S3_d05,Baseline Micro-Inertia (d1/a=0.5),0.2621212121212121,142579.79361842075,4,1.3644486193721408,0.4343174847359765,-8.174371612963627e-06,8.174371612963627e-06,True,0.20488813721539326,0.9787937474796585,5.576263772409091e+17,8.432448575242978e+16,CONVERGED
S3,S3_d05,Baseline Micro-Inertia (d1/a=0.5),0.27979797979797977,152195.0012805493,0,2.950822421388095e-05,9.392759491006221e-06,-2.7552895104291912,2.7552895104291912,False,15.72559296015952,0.00046403432309929867,6.734524401256123e+17,8.191813215999339e+16,CONVERGED
S3,S3_d05,Baseline Micro-Inertia (d1/a=0.5),0.27979797979797977,152195.0012805493,1,1.368160773711955e-05,4.3549910016137945e-06,3.1810792904814633,3.1810792904814633,False,0.04154079632773436,-5.683448804790999e-07,6.734524401256123e+17,8.191813215999339e+16,CONVERGED
S3,S3_d05,Baseline Micro-Inertia (d1/a=0.5),0.27979797979797977,152195.0012805493,2,1.0021600519950696e-07,3.189974520884924e-08,-3.320661762825168,3.320661762825168,False,27.678661208232757,-2.7738448555596548e-06,6.734524401256123e+17,8.191813215999339e+16,CONVERGED
S3,S3_d05,Baseline Micro-Inertia (d1/a=0.5),0.27979797979797977,152195.0012805493,3,1.4485418264451118,0.4610851839082038,-1.965267942251368e-06,1.965267942251368e-06,True,0.12195042823984763,0.9925381723620139,6.734524401256123e+17,8.191813215999339e+16,CONVERGED
S3,S3_d05,Baseline Micro-Inertia (d1/a=0.5),0.27979797979797977,152195.0012805493,4,1.448545449916507,0.46108633729497117,-4.047108302932091e-06,4.047108302932091e-06,True,0.12194708567947157,-0.992540680548484,6.734524401256123e+17,8.191813215999339e+16,CONVERGED
S3,S3_d05,Baseline Micro-Inertia (d1/a=0.5),0.29747474747474745,161810.20894267788,0,1.7449447733933647e-05,5.554331722158423e-06,-2.7056086407402504,2.7056086407402504,False,14.96342126505558,0.00026110343731191915,8.038778865589847e+17,1.1710280646823794e+17,CONVERGED
S3,S3_d05,Baseline Micro-Inertia (d1/a=0.5),0.29747474747474745,161810.20894267788,1,1.1864003977651906e-05,3.7764297558104183e-06,3.1808518586576056,3.1808518586576056,False,0.04155024510220748,-4.929522731881296e-07,8.038778865589847e+17,1.1710280646823794e+17,CONVERGED
S3,S3_d05,Baseline Micro-Inertia (d1/a=0.5),0.29747474747474745,161810.20894267788,2,7.913288106476912e-06,2.5188778365122104e-06,3.3410301519418373,3.3410301519418373,False,0.03540047106630604,2.80134126658527e-07,8.038778865589847e+17,1.1710280646823794e+17,CONVERGED
S3,S3_d05,Baseline Micro-Inertia (d1/a=0.5),0.29747474747474745,161810.20894267788,3,1.5315599146110055,0.4875106621034853,4.875617429360725e-06,4.875617429360725e-06,True,0.03922615432307246,-0.9992254788733657,8.038778865589847e+17,1.1710280646823794e+17,CONVERGED
S3,S3_d05,Baseline Micro-Inertia (d1/a=0.5),0.29747474747474745,161810.20894267788,4,1.531572646901037,0.4875147149172761,-9.591563202539258e-06,9.591563202539258e-06,True,0.03921399920319572,0.9992404343184348,8.038778865589847e+17,1.1710280646823794e+17,CONVERGED
S3,S3_d05,Baseline Micro-Inertia (d1/a=0.5),0.3151515151515151,171425.41660480644,0,9.932869651378677e-06,3.161730608208775e-06,-2.6541097356889107,2.6541097356889107,False,14.212327696695034,0.00014116919845859338,9.4885044762414e+17,8.18884562508047e+16,CONVERGED
S3,S3_d05,Baseline Micro-Inertia (d1/a=0.5),0.3151515151515151,171425.41660480644,1,1.0831471418072176e-05,3.4477644342895364e-06,3.1802733051432233,3.1802733051432233,False,0.04157429109829884,-4.5031074577544666e-07,9.4885044762414e+17,8.18884562508047e+16,CONVERGED
S3,S3_d05,Baseline Micro-Inertia (d1/a=0.5),0.3151515151515151,171425.41660480644,2,1.2392678374662826e-06,3.9447120429512485e-07,3.3617980302127353,3.3617980302127353,False,0.03467286001407423,-4.296896024843491e-08,9.4885044762414e+17,8.18884562508047e+16,CONVERGED
S3,S3_d05,Baseline Micro-Inertia (d1/a=0.5),0.3151515151515151,171425.41660480644,3,1.6135759345752172,0.5136171720835411,-1.0211389500846403e-06,1.0211389500846403e-06,True,-0.04276660418829803,-0.9990861123277548,9.4885044762414e+17,8.18884562508047e+16,CONVERGED
S3,S3_d05,Baseline Micro-Inertia (d1/a=0.5),0.3151515151515151,171425.41660480644,4,1.6135727454031727,0.5136161569385506,-2.9764017502774166e-06,2.9764017502774166e-06,True,-0.042763501544383124,0.9990882021908186,9.4885044762414e+17,8.18884562508047e+16,CONVERGED
S3,S3_d05,Baseline Micro-Inertia (d1/a=0.5),0.3328282828282828,181040.62426693502,0,1.44925625910996e-06,4.6131259488843764e-07,-2.6005067524690877,2.6005067524690877,False,13.470562546502915,1.952229708426522e-05,1.1084373118402094e+18,8.095215819245992e+16,CONVERGED
S3,S3_d05,Baseline Micro-Inertia (d1/a=0.5),0.3328282828282828,181040.62426693502,1,9.545175366314961e-06,3.0383236844560376e-06,3.179234858271502,3.179234858271502,False,0.04161748621541443,-3.972462042433907e-07,1.1084373118402094e+18,8.095215819245992e+16,CONVERGED
S3,S3_d05,Baseline Micro-Inertia (d1/a=0.5),0.3328282828282828,181040.62426693502,2,7.516898916514181e-07,2.3927032385706886e-07,3.3828931638828283,3.3828931638828283,False,0.03394909222628869,2.5519189457247753e-08,1.1084373118402094e+18,8.095215819245992e+16,CONVERGED
S3,S3_d05,Baseline Micro-Inertia (d1/a=0.5),0.3328282828282828,181040.62426693502,3,1.69458651633041,0.5394036411417191,1.9761702204714563e-07,1.9761702204714563e-07,True,-0.12347424691724061,-0.9923475777741659,1.1084373118402094e+18,8.095215819245992e+16,CONVERGED
S3,S3_d05,Baseline Micro-Inertia (d1/a=0.5),0.3328282828282828,181040.62426693502,4,1.6945843632105708,0.5394029557823882,-2.8674327833780703e-07,2.8674327833780703e-07,True,-0.1234721700787004,0.9923483242807324,1.1084373118402094e+18,8.095215819245992e+16,CONVERGED
S3,S3_d05,Baseline Micro-Inertia (d1/a=0.5),0.3505050505050505,190655.83192906357,0,5.646072875292599e-05,1.797200814319775e-05,-2.544816553038431,2.544816553038431,False,12.740890573694221,0.0007193599675164563,1.2891036914680484e+18,6.441004739987721e+16,CONVERGED
S3,S3_d05,Baseline Micro-Inertia (d1/a=0.5),0.3505050505050505,190655.83192906357,1,1.718487508057197e-05,5.470115630979525e-06,3.177659526294568,3.177659526294568,False,0.0416830992355717,-7.16318853404899e-07,1.2891036914680484e+18,6.441004739987721e+16,CONVERGED
S3,S3_d05,Baseline Micro-Inertia (d1/a=0.5),0.3505050505050505,190655.83192906357,2,3.1413665377026923e-06,9.999280250777126e-07,3.4042532286884244,3.4042532286884244,False,0.033231627243898276,-1.0439272181773457e-07,1.2891036914680484e+18,6.441004739987721e+16,CONVERGED
S3,S3_d05,Baseline Micro-Inertia (d1/a=0.5),0.3505050505050505,190655.83192906357,3,1.7746461877221882,0.5648874260303478,6.204268368726305e-06,6.204268368726305e-06,True,-0.20243971322464496,0.9792883916649741,1.2891036914680484e+18,6.441004739987721e+16,CONVERGED
S3,S3_d05,Baseline Micro-Inertia (d1/a=0.5),0.3505050505050505,190655.83192906357,4,1.774651832765004,0.564889222903284,1.0921435130026043e-06,1.0921435130026043e-06,True,-0.20244627627431483,-0.9792922551200042,1.2891036914680484e+18,6.441004739987721e+16,CONVERGED
S3,S3_d05,Baseline Micro-Inertia (d1/a=0.5),0.36818181818181817,200271.03959119215,0,6.038689433861436e-05,1.9221745463916932e-05,-2.4868196263059295,2.4868196263059295,False,12.022977667176434,-0.000726030282905812,1.4812207040448358e+18,5.323889877838283e+16,CONVERGED
S3,S3_d05,Baseline Micro-Inertia (d1/a=0.5),0.36818181818181817,200271.03959119215,1,1.9558596455034352e-09,6.225694611516677e-10,3.1754307309122587,3.1754307309122587,False,0.04177610594879544,-8.1708199771525e-11,1.4812207040448358e+18,5.323889877838283e+16,CONVERGED
S3,S3_d05,Baseline Micro-Inertia (d1/a=0.5),0.36818181818181817,200271.03959119215,2,4.972176266256303e-05,1.582692861397789e-05,3.4258254704222786,3.4258254704222786,False,0.032522423566691015,1.6170722271269614e-06,1.4812207040448358e+18,5.323889877838283e+16,CONVERGED
S3,S3_d05,Baseline Micro-Inertia (d1/a=0.5),0.36818181818181817,200271.03959119215,3,1.8537923247043029,0.5900804238850114,2.6627636578589572e-05,2.6627636578589572e-05,True,-0.27922628882181794,-0.9601975972557286,1.4812207040448358e+18,5.323889877838283e+16,CONVERGED
S3,S3_d05,Baseline Micro-Inertia (d1/a=0.5),0.36818181818181817,200271.03959119215,4,1.8537994511259366,0.5900826922954705,-3.0404967074339546e-05,3.0404967074339546e-05,True,-0.2792490574343198,0.9602503713642365,1.4812207040448358e+18,5.323889877838283e+16,CONVERGED
S3,S3_d05,Baseline Micro-Inertia (d1/a=0.5),0.38585858585858585,209886.2472533207,0,2.5675288093661602e-05,8.17269803082946e-06,-2.426826161409863,2.426826161409863,False,11.322887967942806,0.00029071841069306867,1.6896742116944788e+18,1.2712819967746715e+17,CONVERGED
S3,S3_d05,Baseline Micro-Inertia (d1/a=0.5),0.38585858585858585,209886.2472533207,1,1.2996574858355988e-05,4.13693826394241e-06,3.172505482943986,3.172505482943986,False,0.0418984903293704,-5.445368660484263e-07,1.6896742116944788e+18,1.2712819967746715e+17,CONVERGED
S3,S3_d05,Baseline Micro-Inertia (d1/a=0.5),0.38585858585858585,209886.2472533207,2,2.860395336313704e-07,9.104921139426608e-08,-3.4475663896441704,3.4475663896441704,False,31.423825832085125,8.988456485923285e-06,1.6896742116944788e+18,1.2712819967746715e+17,CONVERGED
S3,S3_d05,Baseline Micro-Inertia (d1/a=0.5),0.38585858585858585,209886.2472533207,3,1.9320892198009663,0.6150030996517745,2.560366209721127e-07,2.560366209721127e-07,True,-0.3534838624650076,0.9354403491958794,1.6896742116944788e+18,1.2712819967746715e+17,CONVERGED
S3,S3_d05,Baseline Micro-Inertia (d1/a=0.5),0.38585858585858585,209886.2472533207,4,1.9320816201178088,0.6150006805974937,-4.357905749578549e-06,4.357905749578549e-06,True,-0.35347838432966544,-0.935447351624436,1.6896742116944788e+18,1.2712819967746715e+17,CONVERGED
S3,S3_d05,Baseline Micro-Inertia (d1/a=0.5),0.4035353535353535,219501.45491544926,0,1.5678265620308163e-05,4.99054694515953e-06,-2.364623208999291,2.364623208999291,False,10.64002899364464,-0.00016681720078380913,1.9140763683400274e+18,2.545744907660311e+17,CONVERGED
S3,S3_d05,Baseline Micro-Inertia (d1/a=0.5),0.4035353535353535,219501.45491544926,1,6.072148967764036e-06,1.9328250468199922e-06,3.1687554199033885,3.1687554199033885,False,0.04205590728946558,-2.55369734039247e-07,1.9140763683400274e+18,2.545744907660311e+17,CONVERGED
S3,S3_d05,Baseline Micro-Inertia (d1/a=0.5),0.4035353535353535,219501.45491544926,2,1.0845222288152488e-06,3.452141472179728e-07,3.4694181560383917,3.4694181560383917,False,0.031135141185674637,-3.376675271317854e-08,1.9140763683400274e+18,2.545744907660311e+17,CONVERGED
S3,S3_d05,Baseline Micro-Inertia (d1/a=0.5),0.4035353535353535,219501.45491544926,3,2.00953969192279,0.6396563506177531,-1.123992858748146e-06,1.123992858748146e-06,True,-0.42480266404241795,0.9052872166393983,1.9140763683400274e+18,2.545744907660311e+17,CONVERGED
S3,S3_d05,Baseline Micro-Inertia (d1/a=0.5),0.4035353535353535,219501.45491544926,4,2.0095356998042497,0.6396550798869549,-4.429810635155366e-06,4.429810635155366e-06,True,-0.42480045433572344,-0.9052919052199019,1.9140763683400274e+18,2.545744907660311e+17,CONVERGED
S3,S3_d05,Baseline Micro-Inertia (d1/a=0.5),0.4212121212121212,229116.66257757787,0,6.509870816101031e-05,2.0721562385442998e-05,-2.300163085366081,2.300163085366081,False,9.975809209521834,0.0006494122933179497,2.1620626912267958e+18,6.234083814798897e+17,CONVERGED
S3,S3_d05,Baseline Micro-Inertia (d1/a=0.5),0.4212121212121212,229116.66257757787,1,2.0192780648045117e-05,6.427561709813492e-06,3.1640696282269967,3.1640696282269967,False,0.042253434927228835,-8.532143432279457e-07,2.1620626912267958e+18,6.234083814798897e+17,CONVERGED
S3,S3_d05,Baseline Micro-Inertia (d1/a=0.5),0.4212121212121212,229116.66257757787,2,3.7737185498672413e-06,1.2012119220979012e-06,3.4913626090402143,3.4913626090402143,False,0.03045933970952554,-1.1494497527909004e-07,2.1620626912267958e+18,6.234083814798897e+17,CONVERGED
S3,S3_d05,Baseline Micro-Inertia (d1/a=0.5),0.4212121212121212,229116.66257757787,3,2.0862232323315357,0.664065479637431,7.301898289079684e-06,7.301898289079684e-06,True,-0.4929027377858432,0.8700760239158858,2.1620626912267958e+18,6.234083814798897e+17,CONVERGED
S3,S3_d05,Baseline Micro-Inertia (d1/a=0.5),0.4212121212121212,229116.66257757787,4,2.0862244626330715,0.6640658712545728,-1.4680921551155802e-06,1.4680921551155802e-06,True,-0.4929081310219821,-0.8700830480827892,2.1620626912267958e+18,6.234083814798897e+17,CONVERGED
S3,S3_d05,Baseline Micro-Inertia (d1/a=0.5),0.4388888888888889,238731.87023970645,0,2.7184680624332315e-05,8.653152595473919e-06,-2.233373073378317,2.233373073378317,False,9.331288171454643,-0.00025366808881709184,2.424069292530948e+18,7.29862738781191e+16,CONVERGED
S3,S3_d05,Baseline Micro-Inertia (d1/a=0.5),0.4388888888888889,238731.87023970645,1,3.446125769780143e-06,1.0969359015537454e-06,3.158322902082925,3.158322902082925,False,0.042496952900161755,-1.4644984452696014e-07,2.424069292530948e+18,7.29862738781191e+16,CONVERGED
S3,S3_d05,Baseline Micro-Inertia (d1/a=0.5),0.4388888888888889,238731.87023970645,2,3.828353521288156e-07,1.2186027736325472e-07,-3.513353920559857,3.513353920559857,False,33.560638953606215,-1.2848199031472508e-05,2.424069292530948e+18,7.29862738781191e+16,CONVERGED
S3,S3_d05,Baseline Micro-Inertia (d1/a=0.5),0.4388888888888889,238731.87023970645,3,2.1621572211794486,0.6882360189850915,5.387004789342993e-06,5.387004789342993e-06,True,-0.5574883266678846,0.8301782890906644,2.424069292530948e+18,7.29862738781191e+16,CONVERGED
S3,S3_d05,Baseline Micro-Inertia (d1/a=0.5),0.4388888888888889,238731.87023970645,4,2.162165508020089,0.6882386567683925,-1.192603838931754e-05,1.192603838931754e-05,True,-0.5575048582260573,-0.8301880422022383,2.424069292530948e+18,7.29862738781191e+16,CONVERGED
S3,S3_d05,Baseline Micro-Inertia (d1/a=0.5),0.45656565656565656,248347.077901835,0,9.075070458830569e-05,2.8886846448602396e-05,-2.164128654790635,2.164128654790635,False,8.707011761652634,0.0007901674543978329,2.718356898650342e+18,1.6399519972501133e+17,CONVERGED
S3,S3_d05,Baseline Micro-Inertia (d1/a=0.5),0.45656565656565656,248347.077901835,1,2.6394418731928243e-05,8.401604422447391e-06,3.151369714902047,3.151369714902047,False,0.04279347183487555,-1.1295088148649794e-06,2.718356898650342e+18,1.6399519972501133e+17,CONVERGED
S3,S3_d05,Baseline Micro-Inertia (d1/a=0.5),0.45656565656565656,248347.077901835,2,4.0907449227975374e-07,1.3021245507826038e-07,-3.5353646874103926,3.5353646874103926,False,34.30752395517418,-1.4034332943339151e-05,2.718356898650342e+18,1.6399519972501133e+17,CONVERGED
S3,S3_d05,Baseline Micro-Inertia (d1/a=0.5),0.45656565656565656,248347.077901835,3,2.2374181162369235,0.7121923059249264,5.805891871854437e-06,5.805891871854437e-06,True,-0.6183309440348942,-0.7859104477818,2.718356898650342e+18,1.6399519972501133e+17,CONVERGED
S3,S3_d05,Baseline Micro-Inertia (d1/a=0.5),0.45656565656565656,248347.077901835,4,2.237412119624776,0.7121903971439962,9.837966182871444e-07,9.837966182871444e-07,True,-0.6183292128588121,0.7859179454205769,2.718356898650342e+18,1.6399519972501133e+17,CONVERGED
S3,S3_d05,Baseline Micro-Inertia (d1/a=0.5),0.4742424242424242,257962.28556396352,0,1.353437236889133e-05,4.30812452831084e-06,-2.0921399786886825,2.0921399786886825,False,8.102235235396918,-0.00010965866870290952,3.0177011697999887e+18,1.5842023647576237e+17,CONVERGED
S3,S3_d05,Baseline Micro-Inertia (d1/a=0.5),0.4742424242424242,257962.28556396352,1,5.547305162427162e-06,1.7657620748789444e-06,3.143014835508645,3.143014835508645,False,0.04315250389146667,-2.3938010761124675e-07,3.0177011697999887e+18,1.5842023647576237e+17,CONVERGED
S3,S3_d05,Baseline Micro-Inertia (d1/a=0.5),0.4742424242424242,257962.28556396352,2,2.956558889769496e-06,9.411019236982029e-07,3.5573651437198692,3.5573651437198692,False,0.02851385573452697,8.430289365376628e-08,3.0177011697999887e+18,1.5842023647576237e+17,CONVERGED
S3,S3_d05,Baseline Micro-Inertia (d1/a=0.5),0.4742424242424242,257962.28556396352,3,2.312015680527087,0.7359374481237164,-4.3264155183556084e-07,4.3264155183556084e-07,True,-0.6751881566390872,0.7376461336018711,3.0177011697999887e+18,1.5842023647576237e+17,CONVERGED
S3,S3_d05,Baseline Micro-Inertia (d1/a=0.5),0.4742424242424242,257962.28556396352,4,2.3120023273645964,0.7359331976800838,-2.264862653124384e-06,2.264862653124384e-06,True,-0.6751795437472836,-0.7376565009818428,3.0177011697999887e+18,1.5842023647576237e+17,CONVERGED
S3,S3_d05,Baseline Micro-Inertia (d1/a=0.5),0.49191919191919187,267577.4932260921,0,9.101427488038728e-05,2.8970743478276315e-05,-2.0173915274193592,2.0173915274193592,False,7.518687012211712,0.000684307848358545,3.335318823089541e+18,7.071695437935371e+16,CONVERGED
S3,S3_d05,Baseline Micro-Inertia (d1/a=0.5),0.49191919191919187,267577.4932260921,1,2.8786248843426864e-05,9.162947593009481e-06,3.133100265373621,3.133100265373621,False,0.04358247034468841,-1.2545758369000062e-06,3.335318823089541e+18,7.071695437935371e+16,CONVERGED
S3,S3_d05,Baseline Micro-Inertia (d1/a=0.5),0.49191919191919187,267577.4932260921,2,1.2320056999231971e-06,3.9215959412033426e-07,-3.5793512651061716,3.5793512651061716,False,35.85027597650547,4.416774434689675e-05,3.335318823089541e+18,7.071695437935371e+16,CONVERGED
S3,S3_d05,Baseline Micro-Inertia (d1/a=0.5),0.49191919191919187,267577.4932260921,3,2.386020567968961,0.7594939354223835,-4.8247789089667866e-06,4.8247789089667866e-06,True,-0.727882892101103,-0.6857084985552601,3.335318823089541e+18,7.071695437935371e+16,CONVERGED
S3,S3_d05,Baseline Micro-Inertia (d1/a=0.5),0.49191919191919187,267577.4932260921,4,2.38602781042093,0.7594962407664455,-8.11475963243423e-06,8.11475963243423e-06,True,-0.7278902530338405,0.6857054828345008,3.335318823089541e+18,7.071695437935371e+16,CONVERGED
S3,S3_d05,Baseline Micro-Inertia (d1/a=0.5),0.5095959595959596,277192.70088822074,0,1.841838262298327e-05,5.862753276411313e-06,-1.939477765316443,1.939477765316443,False,6.95511781710811,0.00012810202115791098,3.6315091840898995e+18,1.253159478647568e+17,CONVERGED
S3,S3_d05,Baseline Micro-Inertia (d1/a=0.5),0.5095959595959596,277192.70088822074,1,1.254896421701759e-05,3.9944593716433306e-06,3.1213631421286214,3.1213631421286214,False,0.04409701692649634,-5.533718875168692e-07,3.6315091840898995e+18,1.253159478647568e+17,CONVERGED
S3,S3_d05,Baseline Micro-Inertia (d1/a=0.5),0.5095959595959596,277192.70088822074,2,6.603851859222131e-08,2.102071333683611e-08,3.601267021949911,3.601267021949911,False,0.027289124613934092,1.8021333631827333e-09,3.6315091840898995e+18,1.253159478647568e+17,CONVERGED
S3,S3_d05,Baseline Micro-Inertia (d1/a=0.5),0.5095959595959596,277192.70088822074,3,2.4594598031986914,0.7828703700297837,1.7467618943402936e-05,1.7467618943402936e-05,True,-0.7762162709438498,-0.6304390264683536,3.6315091840898995e+18,1.253159478647568e+17,CONVERGED
S3,S3_d05,Baseline Micro-Inertia (d1/a=0.5),0.5095959595959596,277192.70088822074,4,2.459474091291307,0.782874918070918,2.231354178468789e-06,2.231354178468789e-06,True,-0.776237105499777,0.6304375411941527,3.6315091840898995e+18,1.253159478647568e+17,CONVERGED
S3,S3_d05,Baseline Micro-Inertia (d1/a=0.5),0.5272727272727272,286807.90855034924,0,3.661176244249762e-05,1.16538859360594e-05,-1.8582993309282199,1.8582993309282199,False,6.412821401022395,0.00023478469382530014,4.041134879777252e+18,9.400941185848347e+16,CONVERGED
S3,S3_d05,Baseline Micro-Inertia (d1/a=0.5),0.5272727272727272,286807.90855034924,1,1.7496798221035747e-05,5.56940385031864e-06,3.1075800971160916,3.1075800971160916,False,0.0447090160093216,-7.82264631855984e-07,4.041134879777252e+18,9.400941185848347e+16,CONVERGED
S3,S3_d05,Baseline Micro-Inertia (d1/a=0.5),0.5272727272727272,286807.90855034924,2,5.763613147864888e-06,1.8346150451042721e-06,3.6231561082281747,3.6231561082281747,False,0.02669828071769858,1.5387856177161906e-07,4.041134879777252e+18,9.400941185848347e+16,CONVERGED
S3,S3_d05,Baseline Micro-Inertia (d1/a=0.5),0.5272727272727272,286807.90855034924,3,2.5324201192510225,0.8060943599283346,8.273075213442074e-06,8.273075213442074e-06,True,-0.8201149804358258,-0.57218429972449,4.041134879777252e+18,9.400941185848347e+16,CONVERGED
S3,S3_d05,Baseline Micro-Inertia (d1/a=0.5),0.5272727272727272,286807.90855034924,4,2.5324144769855392,0.8060925639394508,-3.823108031132213e-06,3.823108031132213e-06,True,-0.8201216722890791,0.5721958483658013,4.041134879777252e+18,9.400941185848347e+16,CONVERGED
S3,S3_d05,Baseline Micro-Inertia (d1/a=0.5),0.544949494949495,296423.11621247785,0,2.8877577104788245e-05,9.192018281488786e-06,-1.7731456182649177,1.7731456182649177,False,5.889349898766186,0.00017007015584597204,4.426367991816099e+18,1.1106186369933374e+17,CONVERGED
S3,S3_d05,Baseline Micro-Inertia (d1/a=0.5),0.544949494949495,296423.11621247785,1,1.6040427490510695e-05,5.105826648843806e-06,3.091339636470341,3.091339636470341,False,0.04544103913244965,-7.288936933600313e-07,4.426367991816099e+18,1.1106186369933374e+17,CONVERGED
S3,S3_d05,Baseline Micro-Inertia (d1/a=0.5),0.544949494949495,296423.11621247785,2,1.8405929299853897e-06,5.858789260543393e-07,-3.64496531290912,3.64496531290912,False,38.28144495650264,-7.046055693664318e-05,4.426367991816099e+18,1.1106186369933374e+17,CONVERGED
S3,S3_d05,Baseline Micro-Inertia (d1/a=0.5),0.544949494949495,296423.11621247785,3,2.6049277136821867,0.8291742440591789,-1.912690597251551e-05,1.912690597251551e-05,True,-0.8594350208067225,0.5112824068502454,4.426367991816099e+18,1.1106186369933374e+17,CONVERGED
S3,S3_d05,Baseline Micro-Inertia (d1/a=0.5),0.544949494949495,296423.11621247785,4,2.6049310972693442,0.829175321088422,-2.030024153840764e-05,2.030024153840764e-05,True,-0.8594377591786864,-0.5112800987767917,4.426367991816099e+18,1.1106186369933374e+17,CONVERGED
S3,S3_d05,Baseline Micro-Inertia (d1/a=0.5),0.5626262626262627,306038.32387460646,0,1.801155023970904e-06,5.733254506795412e-07,-1.6840390565005536,1.6840390565005536,False,5.387271580601992,9.703311272907443e-06,4.817721194180567e+18,4.8852841991102216e+16,CONVERGED
S3,S3_d05,Baseline Micro-Inertia (d1/a=0.5),0.5626262626262627,306038.32387460646,1,8.841212555218849e-06,2.8142453621784128e-06,3.0723743794510594,3.0723743794510594,False,0.04631106416968587,-4.0944596199324086e-07,4.817721194180567e+18,4.8852841991102216e+16,CONVERGED
S3,S3_d05,Baseline Micro-Inertia (d1/a=0.5),0.5626262626262627,306038.32387460646,2,1.5751597840245224e-05,5.0138893157413e-06,3.6666554973038266,3.6666554973038266,False,0.025561818710969894,-4.026394884337533e-07,4.817721194180567e+18,4.8852841991102216e+16,CONVERGED
S3,S3_d05,Baseline Micro-Inertia (d1/a=0.5),0.5626262626262627,306038.32387460646,3,2.677014355746077,0.8521201348899075,3.91070300560241e-06,3.91070300560241e-06,True,-0.8940070907850051,0.4480440829323691,4.817721194180567e+18,4.8852841991102216e+16,CONVERGED
S3,S3_d05,Baseline Micro-Inertia (d1/a=0.5),0.5626262626262627,306038.32387460646,4,2.677044565152191,0.8521297508425293,-1.3299657839720691e-05,1.3299657839720691e-05,True,-0.8940360120726943,-0.4480247859065361,4.817721194180567e+18,4.8852841991102216e+16,CONVERGED
S3,S3_d05,Baseline Micro-Inertia (d1/a=0.5),0.5803030303030303,315653.531536735,0,1.942699626681052e-05,6.183804970581383e-06,-1.590211747522865,1.590211747522865,False,4.904787394031882,9.528528640534381e-05,5.260632615584649e+18,1.8101424497233446e+17,CONVERGED
S3,S3_d05,Baseline Micro-Inertia (d1/a=0.5),0.5803030303030303,315653.531536735,1,1.417433416319363e-05,4.51183069421718e-06,3.050151156504928,3.050151156504928,False,0.04735176631790398,-6.711797590523771e-07,5.260632615584649e+18,1.8101424497233446e+17,CONVERGED
S3,S3_d05,Baseline Micro-Inertia (d1/a=0.5),0.5803030303030303,315653.531536735,2,1.769785824502198e-05,5.633403243669808e-06,3.688283395322532,3.688283395322532,False,0.025014905907826148,-4.427102588154911e-07,5.260632615584649e+18,1.8101424497233446e+17,CONVERGED
S3,S3_d05,Baseline Micro-Inertia (d1/a=0.5),0.5803030303030303,315653.531536735,3,2.748848921428365,0.8749857873162986,1.3767683334541685e-05,1.3767683334541685e-05,True,-0.9238497252399919,0.38271941443623836,5.260632615584649e+18,1.8101424497233446e+17,CONVERGED
S3,S3_d05,Baseline Micro-Inertia (d1/a=0.5),0.5803030303030303,315653.531536735,4,2.748842114034654,0.8749836204555813,-1.096299896741327e-05,1.096299896741327e-05,True,-0.9238699675489866,-0.38273516862100043,5.260632615584649e+18,1.8101424497233446e+17,CONVERGED
S3,S3_d05,Baseline Micro-Inertia (d1/a=0.5),0.5979797979797981,325268.7391988636,0,5.6544431243619285e-05,1.7998651473483632e-05,-1.4905494987569672,1.4905494987569672,False,4.439534360389438,-0.00025103094566226406,5.648754457631581e+18,5.869579135351704e+16,CONVERGED
S3,S3_d05,Baseline Micro-Inertia (d1/a=0.5),0.5979797979797981,325268.7391988636,1,1.0483194562021084e-05,3.3369044678794645e-06,3.0239267843452353,3.0239267843452353,False,0.048609962255544925,5.095876919960461e-07,5.648754457631581e+18,5.869579135351704e+16,CONVERGED
S3,S3_d05,Baseline Micro-Inertia (d1/a=0.5),0.5979797979797981,325268.7391988636,2,1.036960514327717e-05,3.3007478329274065e-06,-3.70978963888825,3.70978963888825,False,40.84521337649781,-0.0004235487347223664,5.648754457631581e+18,5.869579135351704e+16,CONVERGED
S3,S3_d05,Baseline Micro-Inertia (d1/a=0.5),0.5979797979797981,325268.7391988636,3,2.820503847401544,0.8977942586473292,3.9609823361426435e-05,3.9609823361426435e-05,True,-0.9488547687594314,-0.31558740674107455,5.648754457631581e+18,5.869579135351704e+16,CONVERGED
S3,S3_d05,Baseline Micro-Inertia (d1/a=0.5),0.5979797979797981,325268.7391988636,4,2.820494074192511,0.8977911477382742,1.4449956867920695e-05,1.4449956867920695e-05,True,-0.9488755576944469,0.3156046205522268,5.648754457631581e+18,5.869579135351704e+16,CONVERGED
S3,S3_d05,Baseline Micro-Inertia (d1/a=0.5),0.6156565656565657,334883.9468609921,0,0.00011017689666256791,3.507039543674526e-05,-1.3844129702677201,1.3844129702677201,False,3.992481487184599,-0.0004398792220206434,6.133234631107359e+18,6.6427751317504664e+16,CONVERGED
S3,S3_d05,Baseline Micro-Inertia (d1/a=0.5),0.6156565656565657,334883.9468609921,1,3.094437563336257e-05,9.849900685884106e-06,2.9929920134059333,2.9929920134059333,False,0.0501372008806302,1.5514643777507816e-06,6.133234631107359e+18,6.6427751317504664e+16,CONVERGED
S3,S3_d05,Baseline Micro-Inertia (d1/a=0.5),0.6156565656565657,334883.9468609921,2,2.666286583394387e-06,8.487053788936355e-07,3.7311987773113757,3.7311987773113757,False,0.023964091002157423,-6.38951343224459e-08,6.133234631107359e+18,6.6427751317504664e+16,CONVERGED
S3,S3_d05,Baseline Micro-Inertia (d1/a=0.5),0.6156565656565657,334883.9468609921,3,2.8921552303376283,0.9206016021946254,-1.125800186881238e-05,1.125800186881238e-05,True,-0.9690623617357705,0.24686161168621448,6.133234631107359e+18,6.6427751317504664e+16,CONVERGED
S3,S3_d05,Baseline Micro-Inertia (d1/a=0.5),0.6156565656565657,334883.9468609921,4,2.892148896710198,0.9205995861383989,-1.6192136534582238e-05,1.6192136534582238e-05,True,-0.9690655796751321,-0.24686896744294462,6.133234631107359e+18,6.6427751317504664e+16,CONVERGED
S3,S3_d05,Baseline Micro-Inertia (d1/a=0.5),0.6333333333333333,344499.15452312067,0,3.786355225556668e-05,1.2052343008983442e-05,-1.2714605079947388,1.2714605079947388,False,3.566057013082377,0.0001350235861257001,6.670781524037308e+18,1.9853017727989795e+17,CONVERGED
S3,S3_d05,Baseline Micro-Inertia (d1/a=0.5),0.6333333333333333,344499.15452312067,1,2.2577568212060283e-05,7.18666316788768e-06,2.956633961755103,2.956633961755103,False,0.05199363550583825,-1.1738898524255247e-06,6.670781524037308e+18,1.9853017727989795e+17,CONVERGED
S3,S3_d05,Baseline Micro-Inertia (d1/a=0.5),0.6333333333333333,344499.15452312067,2,4.007797562476698e-06,1.2757215859596313e-06,3.7524933357732113,3.7524933357732113,False,0.02345918125971387,9.401964947088367e-08,6.670781524037308e+18,1.9853017727989795e+17,CONVERGED
S3,S3_d05,Baseline Micro-Inertia (d1/a=0.5),0.6333333333333333,344499.15452312067,3,2.9644261618474634,0.9436061541779176,5.495592572949506e-06,5.495592572949506e-06,True,-0.9843416148044,0.17624016068854237,6.670781524037308e+18,1.9853017727989795e+17,CONVERGED
S3,S3_d05,Baseline Micro-Inertia (d1/a=0.5),0.6333333333333333,344499.15452312067,4,2.964425230522187,0.9436058577278748,9.570538298742331e-07,9.570538298742331e-07,True,-0.9843459181490049,-0.1762418773094658,6.670781524037308e+18,1.9853017727989795e+17,CONVERGED
S3,S3_d05,Baseline Micro-Inertia (d1/a=0.5),0.651010101010101,354114.3621852493,0,0.00016287242038746604,5.1843901596012825e-05,-1.1490793867616085,1.1490793867616085,False,3.155286731555916,0.0005139091915291981,6.964830768499867e+18,9.92596519658476e+16,CONVERGED
S3,S3_d05,Baseline Micro-Inertia (d1/a=0.5),0.651010101010101,354114.3621852493,1,7.554810146339478e-05,2.404770757821466e-05,2.9131135435916535,2.9131135435916535,False,0.05430638092879828,-4.102743984324111e-06,6.964830768499867e+18,9.92596519658476e+16,CONVERGED
S3,S3_d05,Baseline Micro-Inertia (d1/a=0.5),0.651010101010101,354114.3621852493,2,4.027893927331927e-05,1.2821184575694072e-05,3.7735401121982504,3.7735401121982504,False,0.0229706006566239,-9.252314294201847e-07,6.964830768499867e+18,9.92596519658476e+16,CONVERGED
S3,S3_d05,Baseline Micro-Inertia (d1/a=0.5),0.651010101010101,354114.3621852493,3,3.03917503752076,0.9673994602858509,1.898536400314094e-05,1.898536400314094e-05,True,-0.9947410131090177,0.10223671958605514,6.964830768499867e+18,9.92596519658476e+16,CONVERGED
S3,S3_d05,Baseline Micro-Inertia (d1/a=0.5),0.651010101010101,354114.3621852493,4,3.03916975666322,0.9673977793366884,1.854829635512669e-06,1.854829635512669e-06,True,-0.9947575137794156,-0.10224372414483734,6.964830768499867e+18,9.92596519658476e+16,CONVERGED
S3,S3_d05,Baseline Micro-Inertia (d1/a=0.5),0.6686868686868687,363729.5698473778,0,2.2066581801756436e-06,7.024011141782398e-07,-1.0157746070783737,1.0157746070783737,False,2.761501647834028,-6.093690200771368e-06,7.808120953664304e+18,1.3498069648735522e+17,CONVERGED
S3,S3_d05,Baseline Micro-Inertia (d1/a=0.5),0.6686868686868687,363729.5698473778,1,7.34440928950055e-06,2.3377980850280953e-06,2.8607898982422086,2.8607898982422086,False,0.05722354163226683,-4.202731107496986e-07,7.808120953664304e+18,1.3498069648735522e+17,CONVERGED
S3,S3_d05,Baseline Micro-Inertia (d1/a=0.5),0.6686868686868687,363729.5698473778,2,5.554432441952523e-06,1.7680307584134622e-06,-3.7947030284670094,3.7947030284670094,False,44.46502959591296,0.0002469780029224579,7.808120953664304e+18,1.3498069648735522e+17,CONVERGED
S3,S3_d05,Baseline Micro-Inertia (d1/a=0.5),0.6686868686868687,363729.5698473778,3,3.1414806000879962,0.9999643322625965,0.02486060620513063,0.02486060620513063,False,-0.9754458675301844,-0.00010930212572766544,7.808120953664304e+18,1.3498069648735522e+17,CONVERGED
S3,S3_d05,Baseline Micro-Inertia (d1/a=0.5),0.6686868686868687,363729.5698473778,4,3.1415173787193402,0.9999760392645537,-0.024922920669274803,0.024922920669274803,False,-1.0252360900622404,7.717451400888154e-05,7.808120953664304e+18,1.3498069648735522e+17,CONVERGED
S3,S3_d05,Baseline Micro-Inertia (d1/a=0.5),0.6863636363636364,373344.7775095064,0,0.0005559403439189534,0.0001769613075978195,-0.8688958912068033,0.8688958912068033,False,2.3842765301624667,0.0013255156507353066,8.321707695303281e+18,2.7622898220159478e+17,CONVERGED
S3,S3_d05,Baseline Micro-Inertia (d1/a=0.5),0.6863636363636364,373344.7775095064,1,0.00027809056093377706,8.851897479961708e-05,2.797149222471094,2.797149222471094,False,0.06098366356182879,-1.6958981644876377e-05,8.321707695303281e+18,2.7622898220159478e+17,CONVERGED
S3,S3_d05,Baseline Micro-Inertia (d1/a=0.5),0.6863636363636364,373344.7775095064,2,2.7140597695194993e-06,8.63912056331757e-07,-3.815613024949944,3.815613024949944,False,45.404581994616045,-0.0001232307493437394,8.321707695303281e+18,2.7622898220159478e+17,CONVERGED
S3,S3_d05,Baseline Micro-Inertia (d1/a=0.5),0.6863636363636364,373344.7775095064,3,3.14158240624283,0.9999967381681545,0.04523884720703522,0.04523884720703522,False,-0.9557691717211453,9.794098319445013e-06,8.321707695303281e+18,2.7622898220159478e+17,CONVERGED
S3,S3_d05,Baseline Micro-Inertia (d1/a=0.5),0.6863636363636364,373344.7775095064,4,3.1415902580967026,0.9999992374908669,-0.04523408428035518,0.04523408428035518,False,-1.0462727472455533,-2.5063391369397917e-06,8.321707695303281e+18,2.7622898220159478e+17,CONVERGED
S3,S3_d05,Baseline Micro-Inertia (d1/a=0.5),0.704040404040404,382959.98517163494,0,3.68074949002501e-05,1.1716189512409066e-05,-0.7034282477779811,0.7034282477779811,False,2.02066819658083,-7.437573437433435e-05,9.104184570820995e+18,4.689295800338761e+16,CONVERGED
S3,S3_d05,Baseline Micro-Inertia (d1/a=0.5),0.704040404040404,382959.98517163494,1,1.1066677508769002e-05,3.522632858248977e-06,2.717881307858879,2.717881307858879,False,0.0660144707024905,7.305608582063662e-07,9.104184570820995e+18,4.689295800338761e+16,CONVERGED
S3,S3_d05,Baseline Micro-Inertia (d1/a=0.5),0.704040404040404,382959.98517163494,2,3.1121491484125895e-05,9.906278412181924e-06,3.8364032451075687,3.8364032451075687,False,0.021571047744823532,6.713231789109346e-07,9.104184570820995e+18,4.689295800338761e+16,CONVERGED
S3,S3_d05,Baseline Micro-Inertia (d1/a=0.5),0.704040404040404,382959.98517163494,3,3.0633154145696446,0.9750835809567151,1.0545898702505523e-06,1.0545898702505523e-06,True,-0.996936849584734,-0.07819724267868508,9.104184570820995e+18,4.689295800338761e+16,CONVERGED
S3,S3_d05,Baseline Micro-Inertia (d1/a=0.5),0.704040404040404,382959.98517163494,4,3.0633112214918463,0.9750822462585984,-4.465838291579119e-08,4.465838291579119e-08,True,-0.9969376175701802,0.07820150887459265,9.104184570820995e+18,4.689295800338761e+16,CONVERGED
S3,S3_d05,Baseline Micro-Inertia (d1/a=0.5),0.7217171717171718,392575.19283376355,0,4.575736464729969e-05,1.4565021532952171e-05,-0.5134630271848566,0.5134630271848566,False,1.6710681389620523,-7.646367423833602e-05,9.64488057326958e+18,9.035990216061664e+16,CONVERGED
S3,S3_d05,Baseline Micro-Inertia (d1/a=0.5),0.7217171717171718,392575.19283376355,1,1.788925319752814e-05,5.694326149218196e-06,2.617059428637503,2.617059428637503,False,0.07301725989976256,1.3062242502759123e-06,9.64488057326958e+18,9.035990216061664e+16,CONVERGED
S3,S3_d05,Baseline Micro-Inertia (d1/a=0.5),0.7217171717171718,392575.19283376355,2,2.847940071171763e-05,9.065274799129405e-06,3.8570622723441637,3.8570622723441637,False,0.02112998255939965,-6.01769240503441e-07,9.64488057326958e+18,9.035990216061664e+16,CONVERGED
S3,S3_d05,Baseline Micro-Inertia (d1/a=0.5),0.7217171717171718,392575.19283376355,3,2.987259501653075,0.9508742319726375,6.373443752495205e-06,6.373443752495205e-06,True,-0.9881079614886412,0.15372023170844545,9.64488057326958e+18,9.035990216061664e+16,CONVERGED
S3,S3_d05,Baseline Micro-Inertia (d1/a=0.5),0.7217171717171718,392575.19283376355,4,2.9872183323048658,0.9508611273620948,-7.343618771709599e-06,7.343618771709599e-06,True,-0.988115186034345,-0.15376302050139748,9.64488057326958e+18,9.035990216061664e+16,CONVERGED
S3,S3_d05,Baseline Micro-Inertia (d1/a=0.5),0.7393939393939394,402190.40049589204,0,0.0003939235788177083,0.00012538976953857623,-0.2883063279764375,0.2883063279764375,False,1.3341658303684614,-0.0005255594058197421,1.0432835487411274e+19,1.35281262734832e+17,CONVERGED
S3,S3_d05,Baseline Micro-Inertia (d1/a=0.5),0.7393939393939394,402190.40049589204,1,0.0002427616173850949,7.72734227996425e-05,2.484186594784159,2.484186594784159,False,0.08339335706815436,2.0244706638733023e-05,1.0432835487411274e+19,1.35281262734832e+17,CONVERGED
S3,S3_d05,Baseline Micro-Inertia (d1/a=0.5),0.7393939393939394,402190.40049589204,2,1.0179449029603974e-05,3.2402192620269396e-06,3.8776005799236217,3.8776005799236217,False,0.020700434678386226,-2.1071901970655744e-07,1.0432835487411274e+19,1.35281262734832e+17,CONVERGED
S3,S3_d05,Baseline Micro-Inertia (d1/a=0.5),0.7393939393939394,402190.40049589204,3,2.9157805645746375,0.9281217796466618,7.4500400716711305e-06,7.4500400716711305e-06,True,-0.9746053425542889,-0.22389624002090686,1.0432835487411274e+19,1.35281262734832e+17,CONVERGED
S3,S3_d05,Baseline Micro-Inertia (d1/a=0.5),0.7393939393939394,402190.40049589204,4,2.915777135095665,0.9281206880096005,-3.4987518952913166e-06,3.4987518952913166e-06,True,-0.974615245502265,0.22390203385148816,1.0432835487411274e+19,1.35281262734832e+17,CONVERGED
S3,S3_d05,Baseline Micro-Inertia (d1/a=0.5),0.7570707070707071,411805.6081580207,0,0.0002132368594485332,6.787540046125157e-05,-0.004092311496228125,0.004092311496228125,False,1.004100673608739,0.00021411127745569447,1.0702692091405988e+19,4.7677752323310776e+16,CONVERGED
S3,S3_d05,Baseline Micro-Inertia (d1/a=0.5),0.7570707070707071,411805.6081580207,1,0.0001607271056903747,5.116102671895326e-05,2.296376719613224,2.296376719613224,False,0.1006227672278263,-1.6172806282349934e-05,1.0702692091405988e+19,4.7677752323310776e+16,CONVERGED
S3,S3_d05,Baseline Micro-Inertia (d1/a=0.5),0.7570707070707071,411805.6081580207,2,0.00011264083181631218,3.585469035509784e-05,3.897875040957579,3.897875040957579,False,0.020284970282946464,-2.2849159357039016e-06,1.0702692091405988e+19,4.7677752323310776e+16,CONVERGED
S3,S3_d05,Baseline Micro-Inertia (d1/a=0.5),0.7570707070707071,411805.6081580207,3,2.8456374517405005,0.9057945333838509,-7.765776667432953e-07,7.765776667432953e-07,True,-0.9565247334380395,-0.29165388301517126,1.0702692091405988e+19,4.7677752323310776e+16,CONVERGED
S3,S3_d05,Baseline Micro-Inertia (d1/a=0.5),0.7570707070707071,411805.6081580207,4,2.8456628768234347,0.9058026264391058,-3.5115695010006956e-06,3.5115695010006956e-06,True,-0.9565347645642297,0.29163036080579463,1.0702692091405988e+19,4.7677752323310776e+16,CONVERGED
S3,S3_d05,Baseline Micro-Inertia (d1/a=0.5),0.7747474747474747,421420.81582014915,0,0.00018423732191946883,5.864456097099253e-05,0.4000967237890492,0.4000967237890492,False,0.6702552019010294,-0.00012348602479801666,1.2031137146695666e+19,1.0953319403141288e+17,CONVERGED
S3,S3_d05,Baseline Micro-Inertia (d1/a=0.5),0.7747474747474747,421420.81582014915,1,0.00013946559535480554,4.439327778394276e-05,1.992861184430913,1.992861184430913,False,0.13630487228370303,1.900984028605864e-05,1.2031137146695666e+19,1.0953319403141288e+17,CONVERGED
S3,S3_d05,Baseline Micro-Inertia (d1/a=0.5),0.7747474747474747,421420.81582014915,2,8.650072592787702e-05,2.7534036224917805e-05,3.918415804127439,3.918415804127439,False,0.01987255176094234,1.7189901576481997e-06,1.2031137146695666e+19,1.0953319403141288e+17,CONVERGED
S3,S3_d05,Baseline Micro-Inertia (d1/a=0.5),0.7747474747474747,421420.81582014915,3,2.7760275544916433,0.8836370149133018,5.052354272038481e-07,5.052354272038481e-07,True,-0.933921428450572,0.3574769293402012,1.2031137146695666e+19,1.0953319403141288e+17,CONVERGED
S3,S3_d05,Baseline Micro-Inertia (d1/a=0.5),0.7747474747474747,421420.81582014915,4,2.7760378061122073,0.8836402781054767,-1.6767178959224285e-05,1.6767178959224285e-05,True,-0.9339412243998633,-0.3574735294909059,1.2031137146695666e+19,1.0953319403141288e+17,CONVERGED
S3,S3_d05,Baseline Micro-Inertia (d1/a=0.5),0.7924242424242425,431036.0234822779,0,0.42697705962903204,0.1359110192536068,1.249031389180371,1.249031389180371,False,0.2610356228831228,-0.1187626758306146,1.1835606200735035e+19,1.52083058519622e+17,CONVERGED
S3,S3_d05,Baseline Micro-Inertia (d1/a=0.5),0.7924242424242425,431036.0234822779,1,0.42692874252195356,0.13589563944075192,1.2497967532321597,1.2497967532321597,False,0.2608416456109041,0.11865921094828469,1.1835606200735035e+19,1.52083058519622e+17,CONVERGED
S3,S3_d05,Baseline Micro-Inertia (d1/a=0.5),0.7924242424242425,431036.0234822779,2,5.099076135342213e-05,1.6230863442832633e-05,3.9385554151268316,3.9385554151268316,False,0.019476329619186664,-9.931128765132511e-07,1.1835606200735035e+19,1.52083058519622e+17,CONVERGED
S3,S3_d05,Baseline Micro-Inertia (d1/a=0.5),0.7924242424242425,431036.0234822779,3,2.7067474166342915,0.8615844621171308,-5.252450866321491e-06,5.252450866321491e-06,True,-0.9069400138406318,-0.421272259057802,1.1835606200735035e+19,1.52083058519622e+17,CONVERGED
S3,S3_d05,Baseline Micro-Inertia (d1/a=0.5),0.7924242424242425,431036.0234822779,4,2.706762379432622,0.8615892249237644,-1.5509939992710334e-05,1.5509939992710334e-05,True,-0.90695562019066,0.42126300972869923,1.1835606200735035e+19,1.52083058519622e+17,CONVERGED
S3,S3_d05,Baseline Micro-Inertia (d1/a=0.5),0.8101010101010101,440651.2311444063,0,1.0892234365999343,0.34671058813284245,1.30497649719395,1.30497649719395,False,0.12560295176936354,0.24033705267261576,1.2763616019521354e+19,7.720033359753354e+16,CONVERGED
S3,S3_d05,Baseline Micro-Inertia (d1/a=0.5),0.8101010101010101,440651.2311444063,1,1.0891872236970683,0.34669906120785277,1.3054201396421266,1.3054201396421266,False,0.12555594068673853,-0.24022590601451677,1.2763616019521354e+19,7.720033359753354e+16,CONVERGED
S3,S3_d05,Baseline Micro-Inertia (d1/a=0.5),0.8101010101010101,440651.2311444063,2,1.284031002419834e-05,4.08719762236716e-06,3.9584757472901404,3.9584757472901404,False,0.019092193450019213,2.451496829536885e-07,1.2763616019521354e+19,7.720033359753354e+16,CONVERGED
S3,S3_d05,Baseline Micro-Inertia (d1/a=0.5),0.8101010101010101,440651.2311444063,3,2.637603768100652,0.839575355222056,9.412177333707612e-07,9.412177333707612e-07,True,-0.8756623875084741,0.48292183701843916,1.2763616019521354e+19,7.720033359753354e+16,CONVERGED
S3,S3_d05,Baseline Micro-Inertia (d1/a=0.5),0.8101010101010101,440651.2311444063,4,2.6376298759538153,0.8395836656098249,-2.554152298503431e-07,2.554152298503431e-07,True,-0.8756760431246398,-0.4828995530420009,1.2763616019521354e+19,7.720033359753354e+16,CONVERGED
S3,S3_d05,Baseline Micro-Inertia (d1/a=0.5),0.8277777777777778,450266.438806535,0,1.5846489494607918,0.5044094267441281,1.3641716713755363,1.3641716713755363,False,-0.0035405104892760808,-0.25556777967820243,1.3782835844952052e+19,1.7854081068645832e+18,CONVERGED
S3,S3_d05,Baseline Micro-Inertia (d1/a=0.5),0.8277777777777778,450266.438806535,1,1.58454044732112,0.5043748894403984,1.3649881512258992,1.3649881512258992,False,-0.0035099138733675783,0.2553595812345848,1.3782835844952052e+19,1.7854081068645832e+18,CONVERGED
S3,S3_d05,Baseline Micro-Inertia (d1/a=0.5),0.8277777777777778,450266.438806535,2,3.003604540535694e-06,9.560770194390337e-07,3.9783757659896737,3.9783757659896737,False,0.01871601384954534,5.6215504179392366e-08,1.3782835844952052e+19,1.7854081068645832e+18,CONVERGED
S3,S3_d05,Baseline Micro-Inertia (d1/a=0.5),0.8277777777777778,450266.438806535,3,2.5685239699073334,0.8175865725215415,2.4532540499127876e-06,2.4532540499127876e-06,True,-0.840238992364858,0.5422117014724278,1.3782835844952052e+19,1.7854081068645832e+18,CONVERGED
S3,S3_d05,Baseline Micro-Inertia (d1/a=0.5),0.8277777777777778,450266.438806535,4,2.5685302001618107,0.817588555673135,-1.0678271078871513e-06,1.0678271078871513e-06,True,-0.8402453290322186,-0.5422083757154946,1.3782835844952052e+19,1.7854081068645832e+18,CONVERGED
S3,S3_d05,Baseline Micro-Inertia (d1/a=0.5),0.8454545454545455,459881.6464686634,0,2.1254357122713228,0.6765471996640489,1.42801708026503,1.42801708026503,False,-0.1262790332056035,-0.20383801338831004,1.4211443559386302e+19,1.1249579576652658e+17,CONVERGED
S3,S3_d05,Baseline Micro-Inertia (d1/a=0.5),0.8454545454545455,459881.6464686634,1,2.1254064776351216,0.676537893990327,1.4282351427880637,1.4282351427880637,False,-0.12624554159836746,0.2037972596324149,1.4211443559386302e+19,1.1249579576652658e+17,CONVERGED
S3,S3_d05,Baseline Micro-Inertia (d1/a=0.5),0.8454545454545455,459881.6464686634,2,3.029333156135108e-05,9.642666921421497e-06,3.9981167429086857,3.9981167429086857,False,0.0183501644371792,-5.558876156708263e-07,1.4211443559386302e+19,1.1249579576652658e+17,CONVERGED
S3,S3_d05,Baseline Micro-Inertia (d1/a=0.5),0.8454545454545455,459881.6464686634,3,2.4994133413954214,0.7955879762258246,9.763269912033736e-06,9.763269912033736e-06,True,-0.8007845605560404,0.5989361912807464,1.4211443559386302e+19,1.1249579576652658e+17,CONVERGED
S3,S3_d05,Baseline Micro-Inertia (d1/a=0.5),0.8454545454545455,459881.6464686634,4,2.4994051565211817,0.7955853708994369,8.307635358531392e-06,8.307635358531392e-06,True,-0.8007808239552029,-0.598943617423996,1.4211443559386302e+19,1.1249579576652658e+17,CONVERGED
S3,S3_d05,Baseline Micro-Inertia (d1/a=0.5),0.8631313131313132,469496.85413079214,0,3.141201444470915,0.9998754742698958,1.084593659585383,1.084593659585383,False,-0.3380390910786558,0.00013224398171380667,1.4993509045010397e+19,7.069397028915192e+16,CONVERGED
S3,S3_d05,Baseline Micro-Inertia (d1/a=0.5),0.8631313131313132,469496.85413079214,1,3.1411728948463913,0.9998663866421631,1.909238778732822,1.909238778732822,False,-0.14819313839342402,-6.220536920628748e-05,1.4993509045010397e+19,7.069397028915192e+16,CONVERGED
S3,S3_d05,Baseline Micro-Inertia (d1/a=0.5),0.8631313131313132,469496.85413079214,2,0.0005381304957172409,0.00017129225684378178,4.0175776811546235,4.0175776811546235,False,0.017996502852271678,9.684467935893425e-06,1.4993509045010397e+19,7.069397028915192e+16,CONVERGED
S3,S3_d05,Baseline Micro-Inertia (d1/a=0.5),0.8631313131313132,469496.85413079214,3,2.4301433948456848,0.7735386674236207,4.1760936287082695e-05,4.1760936287082695e-05,True,-0.7573847743582075,0.6529048821885524,1.4993509045010397e+19,7.069397028915192e+16,CONVERGED
S3,S3_d05,Baseline Micro-Inertia (d1/a=0.5),0.8631313131313132,469496.85413079214,4,2.430239224554592,0.7735691709673559,2.445006488367152e-05,2.445006488367152e-05,True,-0.7574604507522219,-0.6528436004220807,1.4993509045010397e+19,7.069397028915192e+16,CONVERGED
S3,S3_d05,Baseline Micro-Inertia (d1/a=0.5),0.8808080808080808,479112.06179292063,0,3.1414363281194193,0.9999502400573177,0.4449935831061331,0.4449935831061331,False,-0.6408283803167082,0.00010017779879793314,1.5881283024173554e+19,6.839136724560132e+16,CONVERGED
S3,S3_d05,Baseline Micro-Inertia (d1/a=0.5),0.8808080808080808,479112.06179292063,1,3.141386449214872,0.9999343631088883,2.6992762973662354,2.6992762973662354,False,-0.06725416572003004,-1.3868103399690479e-05,1.5881283024173554e+19,6.839136724560132e+16,CONVERGED
S3,S3_d05,Baseline Micro-Inertia (d1/a=0.5),0.8808080808080808,479112.06179292063,2,0.0004643856546370949,0.0001478185448729188,4.037775772189477,4.037775772189477,False,0.01763665486276192,-8.190210102802828e-06,1.5881283024173554e+19,6.839136724560132e+16,CONVERGED
S3,S3_d05,Baseline Micro-Inertia (d1/a=0.5),0.8808080808080808,479112.06179292063,3,2.360929722957793,0.7515072714026235,-4.326431666349747e-05,4.326431666349747e-05,True,-0.7104778940371693,0.7037809989347155,1.5881283024173554e+19,6.839136724560132e+16,CONVERGED
S3,S3_d05,Baseline Micro-Inertia (d1/a=0.5),0.8808080808080808,479112.06179292063,4,2.360855533287261,0.7514836560970405,-3.9714581214706605e-05,3.9714581214706605e-05,True,-0.7104231569827664,-0.7038312086996772,1.5881283024173554e+19,6.839136724560132e+16,CONVERGED
S3,S3_d05,Baseline Micro-Inertia (d1/a=0.5),0.8984848484848484,488727.2694550492,0,3.141553344739926,0.9999874876044728,0.13130723392040458,0.13130723392040458,False,-0.8769483040548743,3.447182924326351e-05,1.6875288771346842e+19,8.779270990540848e+16,CONVERGED
S3,S3_d05,Baseline Micro-Inertia (d1/a=0.5),0.8984848484848484,488727.2694550492,1,3.141549620510878,0.9999863021455484,3.179868861518132,3.179868861518132,False,-0.04159110891993924,-1.78979347341853e-06,1.6875288771346842e+19,8.779270990540848e+16,CONVERGED
S3,S3_d05,Baseline Micro-Inertia (d1/a=0.5),0.8984848484848484,488727.2694550492,2,1.4259348076695036e-05,4.538891463347852e-06,4.056793990798588,4.056793990798588,False,0.017304408369374847,-2.4674958221691447e-07,1.6875288771346842e+19,8.779270990540848e+16,CONVERGED
S3,S3_d05,Baseline Micro-Inertia (d1/a=0.5),0.8984848484848484,488727.2694550492,3,2.291300362644241,0.7293435576461667,8.500083212034068e-06,8.500083212034068e-06,True,-0.6597579172145865,0.751466892584596,1.6875288771346842e+19,8.779270990540848e+16,CONVERGED
S3,S3_d05,Baseline Micro-Inertia (d1/a=0.5),0.8984848484848484,488727.2694550492,4,2.291302634721968,0.7293442808709693,1.2773815669979262e-05,1.2773815669979262e-05,True,-0.6597568049739757,-0.7514621820062067,1.6875288771346842e+19,8.779270990540848e+16,CONVERGED
S3,S3_d05,Baseline Micro-Inertia (d1/a=0.5),0.9161616161616162,498342.4771171778,0,3.1415644890341023,0.9999910349434836,-0.08648206098467755,0.08648206098467755,False,-1.0903318076308794,3.070871092563498e-05,1.8690453645328683e+19,1.5915830286248397e+17,CONVERGED
S3,S3_d05,Baseline Micro-Inertia (d1/a=0.5),0.9161616161616162,498342.4771171778,1,3.1415285356336993,0.9999795906206934,3.586512653041459,3.586512653041459,False,-0.027694743335008844,-1.77573033962187e-06,1.8690453645328683e+19,1.5915830286248397e+17,CONVERGED
S3,S3_d05,Baseline Micro-Inertia (d1/a=0.5),0.9161616161616162,498342.4771171778,2,2.4663663913528713e-06,7.85068805319059e-07,4.076081191148597,4.076081191148597,False,0.016973852772966373,-4.186374001110088e-08,1.8690453645328683e+19,1.5915830286248397e+17,CONVERGED
S3,S3_d05,Baseline Micro-Inertia (d1/a=0.5),0.9161616161616162,498342.4771171778,3,2.2214571788351996,0.7071117817571971,-1.4339035948435122e-07,1.4339035948435122e-07,True,-0.6057124540034515,-0.7956838001655411,1.8690453645328683e+19,1.5915830286248397e+17,CONVERGED
S3,S3_d05,Baseline Micro-Inertia (d1/a=0.5),0.9161616161616162,498342.4771171778,4,2.221506299582721,0.70712741737675,3.0212910423830774e-05,3.0212910423830774e-05,True,-0.6057331497589601,0.7956298934101488,1.8690453645328683e+19,1.5915830286248397e+17,CONVERGED
S3,S3_d05,Baseline Micro-Inertia (d1/a=0.5),0.9338383838383838,507957.6847793063,0,3.141563720063177,0.999990790172436,-0.2531153824462138,0.2531153824462138,False,-1.288031883991607,3.726730480827038e-05,1.90130563584783e+19,8.694215344410786e+16,CONVERGED
S3,S3_d05,Baseline Micro-Inertia (d1/a=0.5),0.9338383838383838,507957.6847793063,1,3.1415816472583584,0.9999964965758937,3.9724483054311714,3.9724483054311714,False,-0.018827281724588054,-2.072193026833316e-07,1.90130563584783e+19,8.694215344410786e+16,CONVERGED
S3,S3_d05,Baseline Micro-Inertia (d1/a=0.5),0.9338383838383838,507957.6847793063,2,0.00017025770212498111,5.4194709785316476e-05,4.095209073985818,4.095209073985818,False,0.01665226412229327,2.835176252034983e-06,1.90130563584783e+19,8.694215344410786e+16,CONVERGED
S3,S3_d05,Baseline Micro-Inertia (d1/a=0.5),0.9338383838383838,507957.6847793063,3,2.1513475885743234,0.6847952060608654,9.274458394758315e-06,9.274458394758315e-06,True,-0.5484798765105801,-0.8361526632847494,1.90130563584783e+19,8.694215344410786e+16,CONVERGED
S3,S3_d05,Baseline Micro-Inertia (d1/a=0.5),0.9338383838383838,507957.6847793063,4,2.1513090428850314,0.684782936586894,8.925818271004381e-06,8.925818271004381e-06,True,-0.5484478372332592,0.8361740957222712,1.90130563584783e+19,8.694215344410786e+16,CONVERGED
S3,S3_d05,Baseline Micro-Inertia (d1/a=0.5),0.9515151515151515,517572.89244143496,0,3.141565101573372,0.9999912299207888,-0.3873133271029667,0.3873133271029667,False,-1.4730179548642441,-4.0584614891439364e-05,1.8416311032816232e+19,2.2404107408158704e+17,CONVERGED
S3,S3_d05,Baseline Micro-Inertia (d1/a=0.5),0.9515151515151515,517572.89244143496,1,2.487766083304557e-05,7.918805388285683e-06,-4.114388321740301,4.114388321740301,False,61.21475905241712,0.0015228800139968084,1.8416311032816232e+19,2.2404107408158704e+17,CONVERGED
S3,S3_d05,Baseline Micro-Inertia (d1/a=0.5),0.9515151515151515,517572.89244143496,2,0.0002812840357502379,8.953548940497555e-05,4.114598317970275,4.114598317970275,False,0.01633249891746133,4.5940713305519755e-06,1.8416311032816232e+19,2.2404107408158704e+17,CONVERGED
S3,S3_d05,Baseline Micro-Inertia (d1/a=0.5),0.9515151515151515,517572.89244143496,3,2.080752000175383,0.6623239323525211,-5.847756297557858e-05,5.847756297557858e-05,True,-0.4881671065776593,0.8728171847649797,1.8416311032816232e+19,2.2404107408158704e+17,CONVERGED
S3,S3_d05,Baseline Micro-Inertia (d1/a=0.5),0.9515151515151515,517572.89244143496,4,2.080829460535133,0.6623485887508168,5.189463254882992e-06,5.189463254882992e-06,True,-0.4882036303833653,-0.8727238030487386,1.8416311032816232e+19,2.2404107408158704e+17,CONVERGED
S3,S3_d05,Baseline Micro-Inertia (d1/a=0.5),0.9691919191919192,527188.1001035634,0,3.1415904744516414,0.999999306358783,-0.49846302751839977,0.49846302751839977,False,-1.6461891778502973,3.5872736425408803e-06,2.2207328471582392e+19,8.781830411763053e+16,CONVERGED
S3,S3_d05,Baseline Micro-Inertia (d1/a=0.5),0.9691919191919192,527188.1001035634,1,1.879273947210086e-05,5.981914762446055e-06,-4.1334047095939495,4.1334047095939495,False,62.38998148855724,0.0011724786679216787,2.2207328471582392e+19,8.781830411763053e+16,CONVERGED
S3,S3_d05,Baseline Micro-Inertia (d1/a=0.5),0.9691919191919192,527188.1001035634,2,9.957262093548297e-07,3.1694949636995314e-07,4.133356859742025,4.133356859742025,False,0.01602898136783506,-1.596047685721887e-08,2.2207328471582392e+19,8.781830411763053e+16,CONVERGED
S3,S3_d05,Baseline Micro-Inertia (d1/a=0.5),0.9691919191919192,527188.1001035634,3,2.0097332513737345,0.639717962504553,-1.6332429817834092e-06,1.6332429817834092e-06,True,-0.4249780994003469,0.9052054360869511,2.2207328471582392e+19,8.781830411763053e+16,CONVERGED
S3,S3_d05,Baseline Micro-Inertia (d1/a=0.5),0.9691919191919192,527188.1001035634,4,2.009737619119762,0.6397193528012939,5.265605936296262e-06,5.265605936296262e-06,True,-0.42497912122687653,-0.9051973350407149,2.2207328471582392e+19,8.781830411763053e+16,CONVERGED
S3,S3_d05,Baseline Micro-Inertia (d1/a=0.5),0.9868686868686869,536803.3077656921,0,3.1415536260880903,0.9999875771603749,-0.5924942366123139,0.5924942366123139,False,-1.8084936041438615,-7.058098725123296e-05,2.0800983260591145e+19,1.1565658623391696e+17,CONVERGED
S3,S3_d05,Baseline Micro-Inertia (d1/a=0.5),0.9868686868686869,536803.3077656921,1,2.232973373559064e-05,7.107775003890208e-06,-4.152274957041773,4.152274957041773,False,63.57847418158647,-0.0014196904000259105,2.0800983260591145e+19,1.1565658623391696e+17,CONVERGED
S3,S3_d05,Baseline Micro-Inertia (d1/a=0.5),0.9868686868686869,536803.3077656921,2,8.611616452652985e-06,2.741162652902431e-06,4.152246939040268,4.152246939040268,False,0.01572903456681639,1.354524128632919e-07,2.0800983260591145e+19,1.1565658623391696e+17,CONVERGED
S3,S3_d05,Baseline Micro-Inertia (d1/a=0.5),0.9868686868686869,536803.3077656921,3,1.9381403811808788,0.6169292441418942,-8.417303427214782e-06,8.417303427214782e-06,True,-0.3591409717122013,0.9332923428305694,2.0800983260591145e+19,1.1565658623391696e+17,CONVERGED
S3,S3_d05,Baseline Micro-Inertia (d1/a=0.5),0.9868686868686869,536803.3077656921,4,1.9381322779773127,0.6169266648120894,3.4876385439599704e-06,3.4876385439599704e-06,True,-0.35912913360562454,-0.933284142232639,2.0800983260591145e+19,1.1565658623391696e+17,CONVERGED
S3,S3_d05,Baseline Micro-Inertia (d1/a=0.5),1.0045454545454544,546418.5154278205,0,3.1415471457600312,0.9999855144078881,-0.6732102614602149,0.6732102614602149,False,-1.9605210121134269,8.921905652595282e-05,2.13956041169379e+19,6.695921879992627e+16,CONVERGED
S3,S3_d05,Baseline Micro-Inertia (d1/a=0.5),1.0045454545454544,546418.5154278205,1,8.215617861108605e-06,2.615112386298998e-06,-4.171011998530025,4.171011998530025,False,64.78097719767577,-0.0005322157533372685,2.13956041169379e+19,6.695921879992627e+16,CONVERGED
S3,S3_d05,Baseline Micro-Inertia (d1/a=0.5),1.0045454545454544,546418.5154278205,2,9.962639728283085e-07,3.1712067179999003e-07,4.1710492741788245,4.1710492741788245,False,0.015436054969661099,-1.537838544887581e-08,2.13956041169379e+19,6.695921879992627e+16,CONVERGED
S3,S3_d05,Baseline Micro-Inertia (d1/a=0.5),1.0045454545454544,546418.5154278205,3,1.8657970265050312,0.5939016391488716,-2.0445999114976507e-05,2.0445999114976507e-05,True,-0.29074646414890487,-0.9568215018587473,2.13956041169379e+19,6.695921879992627e+16,CONVERGED
S3,S3_d05,Baseline Micro-Inertia (d1/a=0.5),1.0045454545454544,546418.5154278205,4,1.8658561603550516,0.5939204620379411,4.511215024930729e-05,4.511215024930729e-05,True,-0.29078398029521363,0.9567415829644199,2.13956041169379e+19,6.695921879992627e+16,CONVERGED
S3,S3_d05,Baseline Micro-Inertia (d1/a=0.5),1.0222222222222221,556033.7230899491,0,3.1415885805344934,0.9999987035062311,-0.7434011240888442,0.7434011240888442,False,-2.10307618751808,-8.565945611950693e-06,2.298853528578796e+19,5.6526257265965896e+16,CONVERGED
S3,S3_d05,Baseline Micro-Inertia (d1/a=0.5),1.0222222222222221,556033.7230899491,1,7.041782311778991e-05,2.241468926193401e-05,-4.189678939755924,4.189678939755924,False,66.0015969058295,-0.00464768878408849,2.298853528578796e+19,5.6526257265965896e+16,CONVERGED
S3,S3_d05,Baseline Micro-Inertia (d1/a=0.5),1.0222222222222221,556033.7230899491,2,1.6615921000541337e-05,5.28901192252117e-06,4.189657208196042,4.189657208196042,False,0.015151477783263345,2.517557579113299e-07,2.298853528578796e+19,5.6526257265965896e+16,CONVERGED
S3,S3_d05,Baseline Micro-Inertia (d1/a=0.5),1.0222222222222221,556033.7230899491,3,1.792796047539109,0.5706647058429235,2.082310808642365e-05,2.082310808642365e-05,True,-0.22017612301770031,-0.9754387881891479,2.298853528578796e+19,5.6526257265965896e+16,CONVERGED
S3,S3_d05,Baseline Micro-Inertia (d1/a=0.5),1.0222222222222221,556033.7230899491,4,1.792808690973221,0.5706687303729967,4.307721607241362e-05,4.307721607241362e-05,True,-0.2201835558529991,0.9754142971122429,2.298853528578796e+19,5.6526257265965896e+16,CONVERGED
S3,S3_d05,Baseline Micro-Inertia (d1/a=0.5),1.0398989898989899,565648.9307520777,0,3.141587831657759,0.999998465131363,-0.8049051905448933,0.8049051905448933,False,-2.2364844488700224,-1.0784176007967607e-05,2.5254686765932724e+19,8.496408468269074e+16,CONVERGED
S3,S3_d05,Baseline Micro-Inertia (d1/a=0.5),1.0398989898989899,565648.9307520777,1,4.60505747481718e-05,1.4658353206788711e-05,-4.208271247244489,4.208271247244489,False,67.24019752745562,-0.003096449744508766,2.5254686765932724e+19,8.496408468269074e+16,CONVERGED
S3,S3_d05,Baseline Micro-Inertia (d1/a=0.5),1.0398989898989899,565648.9307520777,2,3.139760841561846e-05,9.99416916121874e-06,4.20825481557514,4.20825481557514,False,0.014872300603262844,4.669546707340558e-07,2.5254686765932724e+19,8.496408468269074e+16,CONVERGED
S3,S3_d05,Baseline Micro-Inertia (d1/a=0.5),1.0398989898989899,565648.9307520777,3,1.718823302258264,0.5471184497118753,2.3218272196725607e-07,2.3218272196725607e-07,True,-0.1474869390293121,0.989063768647112,2.5254686765932724e+19,8.496408468269074e+16,CONVERGED
S3,S3_d05,Baseline Micro-Inertia (d1/a=0.5),1.0398989898989899,565648.9307520777,4,1.7188468977948905,0.5471259604044533,1.3333090254826029e-05,1.3333090254826029e-05,True,-0.1475083439727988,-0.989047330835806,2.5254686765932724e+19,8.496408468269074e+16,CONVERGED
S3,S3_d05,Baseline Micro-Inertia (d1/a=0.5),1.0575757575757576,575264.1384142063,0,3.1415776271717264,0.9999952169425754,-0.8589315037417146,0.8589315037417146,False,-2.360637013591676,3.547191867346454e-05,2.5199904385977496e+19,7.507979175513718e+16,CONVERGED
S3,S3_d05,Baseline Micro-Inertia (d1/a=0.5),1.0575757575757576,575264.1384142063,1,3.601032694573897e-05,1.1462443071539262e-05,-4.226736943363376,4.226736943363376,False,68.49336934604477,0.0024664686248324534,2.5199904385977496e+19,7.507979175513718e+16,CONVERGED
S3,S3_d05,Baseline Micro-Inertia (d1/a=0.5),1.0575757575757576,575264.1384142063,2,1.2498868443924075e-05,3.978513391811645e-06,4.226703217379178,4.226703217379178,False,0.014600445785839652,-1.8248905110935837e-07,2.5199904385977496e+19,7.507979175513718e+16,CONVERGED
S3,S3_d05,Baseline Micro-Inertia (d1/a=0.5),1.0575757575757576,575264.1384142063,3,1.6437781078656426,0.5232308224261195,3.170614862754127e-06,3.170614862754127e-06,True,-0.07291677949677221,-0.9973348495155472,2.5199904385977496e+19,7.507979175513718e+16,CONVERGED
S3,S3_d05,Baseline Micro-Inertia (d1/a=0.5),1.0575757575757576,575264.1384142063,4,1.6437918631940254,0.5232352008831315,1.464535797896372e-05,1.464535797896372e-05,True,-0.07292966130430581,0.9973224023429185,2.5199904385977496e+19,7.507979175513718e+16,CONVERGED
S3,S3_d05,Baseline Micro-Inertia (d1/a=0.5),1.0752525252525253,584879.3460763348,0,3.1415722563907185,0.9999935073698841,-0.9067956381952212,0.9067956381952212,False,-2.4763746054512,5.051110581860929e-05,3.3379192566563557e+19,1.5968547288007725e+17,CONVERGED
S3,S3_d05,Baseline Micro-Inertia (d1/a=0.5),1.0752525252525253,584879.3460763348,1,6.929330523954763e-05,2.2056744104099074e-05,-4.24513261728755,4.24513261728755,False,69.76501140955033,0.004834248238379808,3.3379192566563557e+19,1.5968547288007725e+17,CONVERGED
S3,S3_d05,Baseline Micro-Inertia (d1/a=0.5),1.0752525252525253,584879.3460763348,2,7.034691003668811e-06,2.239211692715955e-06,4.245099562192983,4.245099562192983,False,0.014334306452623768,1.0083741664776758e-07,3.3379192566563557e+19,1.5968547288007725e+17,CONVERGED
S3,S3_d05,Baseline Micro-Inertia (d1/a=0.5),1.0752525252525253,584879.3460763348,3,1.5675396104148092,0.4989633549797215,-8.75479688597567e-06,8.75479688597567e-06,True,0.0032567391351569887,1.0000034516926786,3.3379192566563557e+19,1.5968547288007725e+17,CONVERGED
S3,S3_d05,Baseline Micro-Inertia (d1/a=0.5),1.0752525252525253,584879.3460763348,4,1.5675423681809741,0.4989642328039556,-4.208640383717579e-06,4.208640383717579e-06,True,0.0032539665663858333,-0.9999989145082997,3.3379192566563557e+19,1.5968547288007725e+17,CONVERGED
S3,S3_d05,Baseline Micro-Inertia (d1/a=0.5),1.0929292929292929,594494.5537384634,0,3.1415822427587603,0.9999966861295588,-0.9492833115054427,0.9492833115054427,False,-2.5838571747191637,-2.6900100460474232e-05,3.1037238537840734e+19,8.115056597364018e+16,CONVERGED
S3,S3_d05,Baseline Micro-Inertia (d1/a=0.5),1.0929292929292929,594494.5537384634,1,8.31213657300162e-05,2.6458352464962696e-05,-4.263290525362994,4.263290525362994,False,71.04336902575272,-0.005905221873082141,3.1037238537840734e+19,8.115056597364018e+16,CONVERGED
S3,S3_d05,Baseline Micro-Inertia (d1/a=0.5),1.0929292929292929,594494.5537384634,2,5.52275500002419e-07,1.7579475154786606e-07,4.263352443348781,4.263352443348781,False,0.0140750374621747,-7.773298351976101e-09,3.1037238537840734e+19,8.115056597364018e+16,CONVERGED
S3,S3_d05,Baseline Micro-Inertia (d1/a=0.5),1.0929292929292929,594494.5537384634,3,1.4897869660734588,0.4742139196089375,-4.073647611744886e-05,4.073647611744886e-05,True,0.08092408207362244,0.9967611394972156,3.1037238537840734e+19,8.115056597364018e+16,CONVERGED
S3,S3_d05,Baseline Micro-Inertia (d1/a=0.5),1.0929292929292929,594494.5537384634,4,1.4898179324282905,0.47422377650581954,-5.068075222779475e-06,5.068075222779475e-06,True,0.08089033069549942,-0.9967280926119165,3.1037238537840734e+19,8.115056597364018e+16,CONVERGED
S3,S3_d05,Baseline Micro-Inertia (d1/a=0.5),1.1106060606060606,604109.761400592,0,3.141572298046711,0.9999935206293983,-0.9868909790696636,0.9868909790696636,False,-2.6828803607727143,-5.4611486776339603e-05,3.208804766692749e+19,7.68047406720108e+16,CONVERGED
S3,S3_d05,Baseline Micro-Inertia (d1/a=0.5),1.1106060606060606,604109.761400592,1,2.4408953684539123e-05,7.769611269191066e-06,-4.281516271589747,4.281516271589747,False,72.35005919783282,-0.0017659892443842888,3.208804766692749e+19,7.68047406720108e+16,CONVERGED
S3,S3_d05,Baseline Micro-Inertia (d1/a=0.5),1.1106060606060606,604109.761400592,2,0.00012315261796336368,3.9200695807154154e-05,4.281765593300802,4.281765593300802,False,0.013818243033555786,1.7017528138396568e-06,3.208804766692749e+19,7.68047406720108e+16,CONVERGED
S3,S3_d05,Baseline Micro-Inertia (d1/a=0.5),1.1106060606060606,604109.761400592,3,1.4102102695405807,0.448883870392675,-0.0001333587138800215,0.0001333587138800215,True,0.15991807597921176,-0.9872653959169858,3.208804766692749e+19,7.68047406720108e+16,CONVERGED
S3,S3_d05,Baseline Micro-Inertia (d1/a=0.5),1.1106060606060606,604109.761400592,4,1.4103134845013152,0.4489167247350789,5.294515941490342e-05,5.294515941490342e-05,True,0.1597864029695195,0.987097979287474,3.208804766692749e+19,7.68047406720108e+16,CONVERGED
S3,S3_d05,Baseline Micro-Inertia (d1/a=0.5),1.1282828282828283,613724.9690627207,0,3.1415621848825954,0.9999903015092797,-1.0203963690213365,1.0203963690213365,False,-2.774294189046002,-8.45291573522231e-05,3.072428964893023e+19,9.052157774959301e+16,CONVERGED
S3,S3_d05,Baseline Micro-Inertia (d1/a=0.5),1.1282828282828283,613724.9690627207,1,1.3149536946535908e-05,4.185627608821395e-06,-4.299639295939515,4.299639295939515,False,73.67321467225058,0.0009687686583586671,3.072428964893023e+19,9.052157774959301e+16,CONVERGED
S3,S3_d05,Baseline Micro-Inertia (d1/a=0.5),1.1282828282828283,613724.9690627207,2,2.5293036893013902e-06,8.051023694657674e-07,4.2996235778283,4.2996235778283,False,0.013573667480017681,3.4331927234632235e-08,3.072428964893023e+19,9.052157774959301e+16,CONVERGED
S3,S3_d05,Baseline Micro-Inertia (d1/a=0.5),1.1282828282828283,613724.9690627207,3,1.3286546979671008,0.4229239256874666,-1.6369024260493617e-05,1.6369024260493617e-05,True,0.2397862501600937,0.9708425685035539,3.072428964893023e+19,9.052157774959301e+16,CONVERGED
S3,S3_d05,Baseline Micro-Inertia (d1/a=0.5),1.1282828282828283,613724.9690627207,4,1.3286625924158484,0.42292643856854895,1.4766246488349658e-05,1.4766246488349658e-05,True,0.23977112043075144,-0.9708142344189671,3.072428964893023e+19,9.052157774959301e+16,CONVERGED
S3,S3_d05,Baseline Micro-Inertia (d1/a=0.5),1.145959595959596,623340.1767248492,0,3.1415832240943127,0.9999969984983669,-1.0501829321608611,1.0501829321608611,False,-2.8581739220474955,-2.6951138081070984e-05,2.742513310278925e+19,8.031458275147688e+16,CONVERGED
S3,S3_d05,Baseline Micro-Inertia (d1/a=0.5),1.145959595959596,623340.1767248492,1,0.00010850378604641788,3.453782778694565e-05,-4.3175590043198,4.3175590043198,False,75.00531655570107,0.00813836085184147,2.742513310278925e+19,8.031458275147688e+16,CONVERGED
S3,S3_d05,Baseline Micro-Inertia (d1/a=0.5),1.145959595959596,623340.1767248492,2,1.2659492457494758e-05,4.029641603289713e-06,4.317603791487362,4.317603791487362,False,0.013331791048790167,1.6877370823607128e-07,2.742513310278925e+19,8.031458275147688e+16,CONVERGED
S3,S3_d05,Baseline Micro-Inertia (d1/a=0.5),1.145959595959596,623340.1767248492,3,1.2444934968871628,0.39613458335062046,-1.8997931386861472e-06,1.8997931386861472e-06,True,0.32054375119056844,-0.9472357167918526,2.742513310278925e+19,8.031458275147688e+16,CONVERGED
S3,S3_d05,Baseline Micro-Inertia (d1/a=0.5),1.145959595959596,623340.1767248492,4,1.244494330598509,0.3961348487291842,5.589205621180958e-06,5.589205621180958e-06,True,0.3205405609324403,0.9472288902099388,2.742513310278925e+19,8.031458275147688e+16,CONVERGED
S3,S3_d05,Baseline Micro-Inertia (d1/a=0.5),1.1636363636363636,632955.3843869776,0,3.141544318110034,0.9999846143389393,-1.0765492843454558,1.0765492843454558,False,-2.934535807460048,-0.0001418421962351135,3.234975574984796e+19,7.619457055212704e+16,CONVERGED
S3,S3_d05,Baseline Micro-Inertia (d1/a=0.5),1.1636363636363636,632955.3843869776,1,3.394657588908483e-05,1.0805530707584004e-05,-4.3355035845878245,4.3355035845878245,False,76.36340459826323,-0.0025922761103395857,3.234975574984796e+19,7.619457055212704e+16,CONVERGED
S3,S3_d05,Baseline Micro-Inertia (d1/a=0.5),1.1636363636363636,632955.3843869776,2,0.0003897472080172146,0.00012406038942440977,4.3352461984920225,4.3352461984920225,False,0.013098647813534856,-5.105161672622269e-06,3.234975574984796e+19,7.619457055212704e+16,CONVERGED
S3,S3_d05,Baseline Micro-Inertia (d1/a=0.5),1.1636363636363636,632955.3843869776,3,1.157211388433836,0.36835182534296074,1.3107394257962682e-05,1.3107394257962682e-05,True,0.4018893133877136,0.9156739405158589,3.234975574984796e+19,7.619457055212704e+16,CONVERGED
S3,S3_d05,Baseline Micro-Inertia (d1/a=0.5),1.1636363636363636,632955.3843869776,4,1.1571469019370382,0.3683312986535046,2.53047540914949e-05,2.53047540914949e-05,True,0.40194345847777996,-0.9156368537577426,3.234975574984796e+19,7.619457055212704e+16,CONVERGED
S3,S3_d05,Baseline Micro-Inertia (d1/a=0.5),1.1813131313131313,642570.5920491063,0,3.1415823838843946,0.9999967310512434,-1.0998657424670353,1.0998657424670353,False,-3.0037627189430056,-3.084775821272166e-05,3.7217108900763574e+19,1.0163197891624686e+17,CONVERGED
S3,S3_d05,Baseline Micro-Inertia (d1/a=0.5),1.1813131313131313,642570.5920491063,1,0.00017976886644365588,5.722220741706917e-05,-4.353473013789379,4.353473013789379,False,77.74801324632718,0.013976672360099232,3.7217108900763574e+19,1.0163197891624686e+17,CONVERGED
S3,S3_d05,Baseline Micro-Inertia (d1/a=0.5),1.1813131313131313,642570.5920491063,2,3.572823550280036e-05,1.1372650576444053e-05,4.3533214825207445,4.3533214825207445,False,0.012864013936691857,4.5960851963699704e-07,3.7217108900763574e+19,1.0163197891624686e+17,CONVERGED
S3,S3_d05,Baseline Micro-Inertia (d1/a=0.5),1.1813131313131313,642570.5920491063,3,1.0659422870450486,0.33929996806779894,-1.5829508555643273e-05,1.5829508555643273e-05,True,0.4836873509580486,-0.8752589365676016,3.7217108900763574e+19,1.0163197891624686e+17,CONVERGED
S3,S3_d05,Baseline Micro-Inertia (d1/a=0.5),1.1813131313131313,642570.5920491063,4,1.0659430506022078,0.3393002111155914,-5.576559826570793e-06,5.576559826570793e-06,True,0.4836817234583455,0.8752503319475029,3.7217108900763574e+19,1.0163197891624686e+17,CONVERGED
S3,S3_d05,Baseline Micro-Inertia (d1/a=0.5),1.198989898989899,652185.7997112349,0,3.141591241084408,0.9999995503855716,-1.120279620811816,1.120279620811816,False,-3.065711320138636,4.330333748699043e-06,4.229903015686477e+19,1.725182357433054e+17,CONVERGED
S3,S3_d05,Baseline Micro-Inertia (d1/a=0.5),1.198989898989899,652185.7997112349,1,3.915197432230229e-05,1.2462460490402736e-05,-4.37104856245885,4.37104856245885,False,79.1265572924958,-0.0030979609409109076,4.229903015686477e+19,1.725182357433054e+17,CONVERGED
S3,S3_d05,Baseline Micro-Inertia (d1/a=0.5),1.198989898989899,652185.7997112349,2,0.00014748745487003947,4.694671497321923e-05,4.3709598430814225,4.3709598430814225,False,0.012639103050730204,-1.8641091543087245e-06,4.229903015686477e+19,1.725182357433054e+17,CONVERGED
S3,S3_d05,Baseline Micro-Inertia (d1/a=0.5),1.198989898989899,652185.7997112349,3,0.9696166395206015,0.3086385621677123,-9.631086377826791e-05,9.631086377826791e-05,True,0.5656701957571624,0.8247483676324351,4.229903015686477e+19,1.725182357433054e+17,CONVERGED
S3,S3_d05,Baseline Micro-Inertia (d1/a=0.5),1.198989898989899,652185.7997112349,4,0.9696192041923801,0.3086393785280942,0.0001038640431651732,0.0001038640431651732,True,0.5655548593234567,-0.8245847406927197,4.229903015686477e+19,1.725182357433054e+17,CONVERGED
S3,S3_d05,Baseline Micro-Inertia (d1/a=0.5),1.2166666666666666,661801.0073733634,0,3.1415753770725994,0.9999945007137784,-1.1381632925707774,1.1381632925707774,False,-3.121030676874532,-5.3920540156924735e-05,4.078167439017073e+19,6.472057132900918e+16,CONVERGED
S3,S3_d05,Baseline Micro-Inertia (d1/a=0.5),1.2166666666666666,661801.0073733634,1,3.5966400342724637e-05,1.144846079953333e-05,-4.388703328547802,4.388703328547802,False,80.5359225625703,0.0028965872341050643,4.078167439017073e+19,6.472057132900918e+16,CONVERGED
S3,S3_d05,Baseline Micro-Inertia (d1/a=0.5),1.2166666666666666,661801.0073733634,2,0.00047862488857106566,0.0001523510338057854,4.389319902232138,4.389319902232138,False,0.012409164375872533,-5.939335370193216e-06,4.078167439017073e+19,6.472057132900918e+16,CONVERGED
S3,S3_d05,Baseline Micro-Inertia (d1/a=0.5),1.2166666666666666,661801.0073733634,3,0.8664352284508042,0.27579489895380216,-8.775497035148479e-05,8.775497035148479e-05,True,0.6476039303951532,-0.7620923006304573,4.078167439017073e+19,6.472057132900918e+16,CONVERGED
S3,S3_d05,Baseline Micro-Inertia (d1/a=0.5),1.2166666666666666,661801.0073733634,4,0.8664956935351247,0.2758141455879103,1.571667629171098e-05,1.571667629171098e-05,True,0.6474908488255591,0.7620526017464911,4.078167439017073e+19,6.472057132900918e+16,CONVERGED
S3,S3_d05,Baseline Micro-Inertia (d1/a=0.5),1.2343434343434343,671416.215035492,0,3.141591816772768,0.999999733632868,-1.1536579890043384,1.1536579890043384,False,-3.169766700119324,2.6525147405327046e-06,4.063254216711343e+19,1.0114871137730519e+18,CONVERGED
S3,S3_d05,Baseline Micro-Inertia (d1/a=0.5),1.2343434343434343,671416.215035492,1,3.197520008457375e-05,1.0178022299624605e-05,4.367650208813084,4.367650208813084,False,0.012681003289516284,-4.0547761759360973e-07,4.063254216711343e+19,1.0114871137730519e+18,CONVERGED
S3,S3_d05,Baseline Micro-Inertia (d1/a=0.5),1.2343434343434343,671416.215035492,2,0.0013875283098822822,0.00044166397839541673,4.404964548313775,4.404964548313775,False,0.012216527744240032,1.6950788971679776e-05,4.063254216711343e+19,1.0114871137730519e+18,CONVERGED
S3,S3_d05,Baseline Micro-Inertia (d1/a=0.5),1.2343434343434343,671416.215035492,3,0.7532492336439895,0.23976667782924588,-3.40265970579537e-05,3.40265970579537e-05,True,0.729495028583663,0.6840358607423355,4.063254216711343e+19,1.0114871137730519e+18,CONVERGED
S3,S3_d05,Baseline Micro-Inertia (d1/a=0.5),1.2343434343434343,671416.215035492,4,0.7533643886138771,0.23980333279460428,0.0002136220524303789,0.0002136220524303789,True,0.7292356370336223,-0.6839504608018568,4.063254216711343e+19,1.0114871137730519e+18,CONVERGED
S3,S3_d05,Baseline Micro-Inertia (d1/a=0.5),1.252020202020202,681031.4226976206,0,3.1415895566475642,0.9999990142126716,-1.1669019848051805,1.1669019848051805,False,-3.212026302263064,-9.947459896558703e-06,5.523055378209915e+19,6.689676395465832e+16,CONVERGED
S3,S3_d05,Baseline Micro-Inertia (d1/a=0.5),1.252020202020202,681031.4226976206,1,1.089554941485049e-06,3.468161094150927e-07,4.326224164806383,4.326224164806383,False,0.013217359961959729,-1.440103985994556e-08,5.523055378209915e+19,6.689676395465832e+16,CONVERGED
S3,S3_d05,Baseline Micro-Inertia (d1/a=0.5),1.252020202020202,681031.4226976206,2,0.00023921234727357577,7.614365503440932e-05,-4.423483681889933,4.423483681889933,False,83.38626881291691,-0.019947025473596423,5.523055378209915e+19,6.689676395465832e+16,CONVERGED
S3,S3_d05,Baseline Micro-Inertia (d1/a=0.5),1.252020202020202,681031.4226976206,3,0.6256546824833381,0.19915207077162705,-0.0001439383236574493,0.0001439383236574493,True,0.8106965747120944,0.5857123712521795,5.523055378209915e+19,6.689676395465832e+16,CONVERGED
S3,S3_d05,Baseline Micro-Inertia (d1/a=0.5),1.252020202020202,681031.4226976206,4,0.6257887305765576,0.1991947396049229,0.0001620640059440414,0.0001620640059440414,True,0.8103700407374714,-0.585641803141707,5.523055378209915e+19,6.689676395465832e+16,CONVERGED
S3,S3_d05,Baseline Micro-Inertia (d1/a=0.5),1.2696969696969698,690646.6303597492,0,3.1415499919620524,0.9999864203821295,-1.1778216439240612,1.1778216439240612,False,-3.247292729898278,-0.00013853479369172158,3.791098545808479e+19,6.73711003688014e+16,CONVERGED
S3,S3_d05,Baseline Micro-Inertia (d1/a=0.5),1.2696969696969698,690646.6303597492,1,3.442974096438813e-05,1.0959326927711781e-05,4.440911111004269,4.440911111004269,False,0.011785195997930287,-4.0576124558361424e-07,3.791098545808479e+19,6.73711003688014e+16,CONVERGED
S3,S3_d05,Baseline Micro-Inertia (d1/a=0.5),1.2696969696969698,690646.6303597492,2,0.0001238460001799041,3.9421406221583e-05,4.287456249480949,4.287456249480949,False,0.013739831480456507,-1.7016231807002055e-06,3.791098545808479e+19,6.73711003688014e+16,CONVERGED
S3,S3_d05,Baseline Micro-Inertia (d1/a=0.5),1.2696969696969698,690646.6303597492,3,0.47068916532382277,0.14982501464216946,-0.00018960528225158137,0.00018960528225158137,True,0.8914249658316906,0.4535866099940427,3.791098545808479e+19,6.73711003688014e+16,CONVERGED
S3,S3_d05,Baseline Micro-Inertia (d1/a=0.5),1.2696969696969698,690646.6303597492,4,0.4707811761042025,0.14985430258319982,0.00013099167175876865,0.00013099167175876865,True,0.8910974982572649,-0.45352320731222306,3.791098545808479e+19,6.73711003688014e+16,CONVERGED
S3,S3_d05,Baseline Micro-Inertia (d1/a=0.5),1.2873737373737373,700261.8380218776,0,3.141590723021858,0.9999993854811402,-1.1870490437326937,1.1870490437326937,False,-3.2773954726055314,-6.327234611649139e-06,3.6248910709325324e+19,7.008179853749939e+16,CONVERGED
S3,S3_d05,Baseline Micro-Inertia (d1/a=0.5),1.2873737373737373,700261.8380218776,1,6.99144506317689e-05,2.225446082320061e-05,-4.45820308631943,4.45820308631943,False,86.33223784314795,0.006035870990449405,3.6248910709325324e+19,7.008179853749939e+16,CONVERGED
S3,S3_d05,Baseline Micro-Inertia (d1/a=0.5),1.2873737373737373,700261.8380218776,2,1.58348320235791e-05,5.040383579164907e-06,4.252365516423225,4.252365516423225,False,0.01423053150514711,2.2533807600908862e-07,3.6248910709325324e+19,7.008179853749939e+16,CONVERGED
S3,S3_d05,Baseline Micro-Inertia (d1/a=0.5),1.2873737373737373,700261.8380218776,3,0.2405697000494016,0.07657571384199369,-0.0001936374020649073,0.0001936374020649073,True,0.9713904773517564,-0.23830209884729336,3.6248910709325324e+19,7.008179853749939e+16,CONVERGED
S3,S3_d05,Baseline Micro-Inertia (d1/a=0.5),1.2873737373737373,700261.8380218776,4,0.2406647407248988,0.07660596622859403,0.0002887079339388525,0.0002887079339388525,True,0.9708994028120707,0.23827945866932757,3.6248910709325324e+19,7.008179853749939e+16,CONVERGED
S3,S3_d05,Baseline Micro-Inertia (d1/a=0.5),1.305050505050505,709877.0456840061,0,3.1415189767046487,0.9999765479190753,-1.194143827000324,1.194143827000324,False,-3.300730555038687,-0.0002431875464364308,5.235643977094359e+19,2.0915398324801504e+17,CONVERGED
S3,S3_d05,Baseline Micro-Inertia (d1/a=0.5),1.305050505050505,709877.0456840061,1,0.0005902433727154718,0.00018788030078979858,-4.475289580212104,4.475289580212104,False,87.8200123725131,0.05183518631423922,5.235643977094359e+19,2.0915398324801504e+17,CONVERGED
S3,S3_d05,Baseline Micro-Inertia (d1/a=0.5),1.305050505050505,709877.0456840061,2,0.00022588539709568925,7.190155504010921e-05,4.218721292644954,4.218721292644954,False,0.014717451416211542,-3.324457413930066e-06,5.235643977094359e+19,2.0915398324801504e+17,CONVERGED
S3,S3_d05,Baseline Micro-Inertia (d1/a=0.5),1.305050505050505,709877.0456840061,3,4.0637147328921236e-05,1.2935205741102852e-05,-0.3149264235994646,0.3149264235994646,False,1.370158494786621,-5.567933264726608e-05,5.235643977094359e+19,2.0915398324801504e+17,CONVERGED
S3,S3_d05,Baseline Micro-Inertia (d1/a=0.5),1.305050505050505,709877.0456840061,4,6.05922234005922e-05,1.9287103734265322e-05,0.31491464251883544,0.31491464251883544,False,0.729851168528012,4.422330510675331e-05,5.235643977094359e+19,2.0915398324801504e+17,CONVERGED
S3,S3_d05,Baseline Micro-Inertia (d1/a=0.5),1.3227272727272728,719492.2533461349,0,3.141535798878762,0.9999819025834027,-1.1996976835860218,1.1996976835860218,False,-3.31911334323614,0.0001887072302128462,5.270583388213768e+19,1.1600842015251264e+17,CONVERGED
S3,S3_d05,Baseline Micro-Inertia (d1/a=0.5),1.3227272727272728,719492.2533461349,1,0.00020050215888528478,6.382181937437931e-05,4.1876791616444935,4.1876791616444935,False,0.015181477469488948,3.0439190484904916e-06,5.270583388213768e+19,1.1600842015251264e+17,CONVERGED
S3,S3_d05,Baseline Micro-Inertia (d1/a=0.5),1.3227272727272728,719492.2533461349,2,0.00014991597094696883,4.771973564926212e-05,4.4923229439719545,4.4923229439719545,False,0.01119460900714652,-1.6782506912508353e-06,5.270583388213768e+19,1.1600842015251264e+17,CONVERGED
S3,S3_d05,Baseline Micro-Inertia (d1/a=0.5),1.3227272727272728,719492.2533461349,3,9.909917425339904e-05,3.154424687750709e-05,-0.5002496486025431,0.5002496486025431,False,1.649132914945644,-0.00016342771064020286,5.270583388213768e+19,1.1600842015251264e+17,CONVERGED
S3,S3_d05,Baseline Micro-Inertia (d1/a=0.5),1.3227272727272728,719492.2533461349,4,0.00018919440214737278,6.022244861414055e-05,0.5003753302221877,0.5003753302221877,False,0.6063030422906803,0.00011470914297497152,5.270583388213768e+19,1.1600842015251264e+17,CONVERGED
S3,S3_d05,Baseline Micro-Inertia (d1/a=0.5),1.3404040404040405,729107.4610082634,0,3.141581673516661,0.999996504934171,-1.2032100538336863,1.2032100538336863,False,-3.330791800892421,3.6572337563489885e-05,3.895619480219959e+19,1.2136352618578875e+17,CONVERGED
S3,S3_d05,Baseline Micro-Inertia (d1/a=0.5),1.3404040404040405,729107.4610082634,1,3.1829858321495716e-05,1.0131758579561484e-05,4.157039537223681,4.157039537223681,False,0.015653831968818917,4.982592539242752e-07,3.895619480219959e+19,1.2136352618578875e+17,CONVERGED
S3,S3_d05,Baseline Micro-Inertia (d1/a=0.5),1.3404040404040405,729107.4610082634,2,3.228728469354722e-05,1.0277361915986661e-05,-4.509306878465467,4.509306878465467,False,90.85882042797179,0.002933584603097199,3.895619480219959e+19,1.2136352618578875e+17,CONVERGED
S3,S3_d05,Baseline Micro-Inertia (d1/a=0.5),1.3404040404040405,729107.4610082634,3,4.399199527693589e-06,1.4003087009599322e-06,-0.6282801319497815,0.6282801319497815,False,1.874384112144328,-8.24578970091489e-06,3.895619480219959e+19,1.2136352618578875e+17,CONVERGED
S3,S3_d05,Baseline Micro-Inertia (d1/a=0.5),1.3404040404040405,729107.4610082634,4,6.833872867413943e-06,2.1752892946210277e-06,0.6281573991569575,0.6281573991569575,False,0.5335740597734858,3.6463772898986944e-06,3.895619480219959e+19,1.2136352618578875e+17,CONVERGED
S3,S3_d05,Baseline Micro-Inertia (d1/a=0.5),1.358080808080808,738722.6686703919,0,3.14158134016012,0.9999963988234885,-1.2052131846523042,1.2052131846523042,False,-3.337470499507103,-3.7758237783531526e-05,3.5437979118983737e+19,7.350999930766005e+16,CONVERGED
S3,S3_d05,Baseline Micro-Inertia (d1/a=0.5),1.358080808080808,738722.6686703919,1,0.0003989134714068434,0.00012697810168069317,4.5258076952715145,4.5258076952715145,False,0.010825965960617965,-4.318623891759462e-06,3.5437979118983737e+19,7.350999930766005e+16,CONVERGED
S3,S3_d05,Baseline Micro-Inertia (d1/a=0.5),1.358080808080808,738722.6686703919,2,5.267523262599007e-05,1.67670473018836e-05,4.128084631573331,4.128084631573331,False,0.016113712958499962,-8.487935793424598e-07,3.5437979118983737e+19,7.350999930766005e+16,CONVERGED
S3,S3_d05,Baseline Micro-Inertia (d1/a=0.5),1.358080808080808,738722.6686703919,3,3.764416035360096e-05,1.1982508397639088e-05,-0.7304060105025342,0.7304060105025342,False,2.075923281779557,7.81463889379965e-05,3.5437979118983737e+19,7.350999930766005e+16,CONVERGED
S3,S3_d05,Baseline Micro-Inertia (d1/a=0.5),1.358080808080808,738722.6686703919,4,8.3670544877018e-05,2.6633161616739354e-05,0.7304523186432408,0.7304523186432408,False,0.4816910612735051,-4.030335365319461e-05,3.5437979118983737e+19,7.350999930766005e+16,CONVERGED
S3,S3_d05,Baseline Micro-Inertia (d1/a=0.5),1.3757575757575757,748337.8763325205,0,3.141586232080342,0.9999979559700575,-1.205627782567751,1.205627782567751,False,-3.3388544948448358,-2.1440485696181812e-05,6.302037353307515e+19,9.062979629617371e+16,CONVERGED
S3,S3_d05,Baseline Micro-Inertia (d1/a=0.5),1.3757575757575757,748337.8763325205,1,0.00012598054401766412,4.01008526276347e-05,-4.54292706572973,4.54292706572973,False,93.96544025389431,-0.011837817344671306,6.302037353307515e+19,9.062979629617371e+16,CONVERGED
S3,S3_d05,Baseline Micro-Inertia (d1/a=0.5),1.3757575757575757,748337.8763325205,2,1.3970591200735613e-05,4.44697729502642e-06,4.100085592890423,4.100085592890423,False,0.016571256957659566,-2.3151025665286937e-07,6.302037353307515e+19,9.062979629617371e+16,CONVERGED
S3,S3_d05,Baseline Micro-Inertia (d1/a=0.5),1.3757575757575757,748337.8763325205,3,7.84808721409797e-06,2.4981237478799877e-06,-0.8160434869486706,0.8160434869486706,False,2.2615343230055087,-1.774871860498764e-05,6.302037353307515e+19,9.062979629617371e+16,CONVERGED
S3,S3_d05,Baseline Micro-Inertia (d1/a=0.5),1.3757575757575757,748337.8763325205,4,1.4697182883596321e-06,4.6782586108999015e-07,0.8160604164252988,0.8160604164252988,False,0.44217019412990927,6.498656208807245e-07,6.302037353307515e+19,9.062979629617371e+16,CONVERGED
S3,S3_d05,Baseline Micro-Inertia (d1/a=0.5),1.3934343434343435,757953.0839946492,0,3.141541857608536,0.9999838311369874,-1.2041165689353353,1.2041165689353353,False,-3.333812578845749,-0.00016934428141589637,4.603647190512265e+19,8.256864529783717e+16,CONVERGED
S3,S3_d05,Baseline Micro-Inertia (d1/a=0.5),1.3934343434343435,757953.0839946492,1,0.00014692830917576656,4.676873337091506e-05,4.071701983354685,4.071701983354685,False,0.01704834761289762,-2.504884907028855e-06,4.603647190512265e+19,8.256864529783717e+16,CONVERGED
S3,S3_d05,Baseline Micro-Inertia (d1/a=0.5),1.3934343434343435,757953.0839946492,2,2.4528858082140586e-05,7.807778024344525e-06,4.559827815246383,4.559827815246383,False,0.010463860502416752,2.566665493065726e-07,4.603647190512265e+19,8.256864529783717e+16,CONVERGED
S3,S3_d05,Baseline Micro-Inertia (d1/a=0.5),1.3934343434343435,757953.0839946492,3,9.995847005195353e-06,3.181776922534318e-06,-0.8901494351181255,0.8901494351181255,False,2.43549357224591,2.434482113111763e-05,4.603647190512265e+19,8.256864529783717e+16,CONVERGED
S3,S3_d05,Baseline Micro-Inertia (d1/a=0.5),1.3934343434343435,757953.0839946492,4,2.6990399891143725e-05,8.591311117404955e-06,0.8901451225984363,0.8901451225984363,False,0.41059616149700007,-1.1082154595263711e-05,4.603647190512265e+19,8.256864529783717e+16,CONVERGED
S3,S3_d05,Baseline Micro-Inertia (d1/a=0.5),1.4111111111111112,767568.2916567777,0,3.1412234914031543,0.9998824920263877,-1.2014261020216346,1.2014261020216346,False,-3.324854899412874,-0.0012274107606822006,4.051169898464479e+19,1.2310352047697899e+17,CONVERGED
S3,S3_d05,Baseline Micro-Inertia (d1/a=0.5),1.4111111111111112,767568.2916567777,1,0.0010885106764834712,0.0003464837095412947,4.044889327970187,4.044889327970187,False,0.017511632223204013,-1.9061606166026403e-05,4.051169898464479e+19,1.2310352047697899e+17,CONVERGED
S3,S3_d05,Baseline Micro-Inertia (d1/a=0.5),1.4111111111111112,767568.2916567777,2,0.0016746925311853687,0.0005330711889944591,-4.575827108520599,4.575827108520599,False,97.10818887811284,0.162626510664979,4.051169898464479e+19,1.2310352047697899e+17,CONVERGED
S3,S3_d05,Baseline Micro-Inertia (d1/a=0.5),1.4111111111111112,767568.2916567777,3,7.782991118433253e-06,2.4774030170779427e-06,-0.9554123868893196,0.9554123868893196,False,2.5997424615180047,2.0233772488616986e-05,4.051169898464479e+19,1.2310352047697899e+17,CONVERGED
S3,S3_d05,Baseline Micro-Inertia (d1/a=0.5),1.4111111111111112,767568.2916567777,4,2.0510389730262014e-05,6.528659820624891e-06,0.9553852948846849,0.9553852948846849,False,0.3846639068806349,-7.88960664639336e-06,4.051169898464479e+19,1.2310352047697899e+17,CONVERGED
S3,S3_d05,Baseline Micro-Inertia (d1/a=0.5),1.4287878787878787,777183.4993189061,0,3.1415303139672157,0.9999801566818326,-1.1970535601237127,1.1970535601237127,False,-3.3103487890757037,0.0002063658943785429,6.714800065357509e+19,9.573670619115418e+16,CONVERGED
S3,S3_d05,Baseline Micro-Inertia (d1/a=0.5),1.4287878787878787,777183.4993189061,1,0.0001876269997582028,5.972352893803965e-05,4.0179091761976355,4.0179091761976355,False,0.017990540377705536,3.37551115470807e-06,6.714800065357509e+19,9.573670619115418e+16,CONVERGED
S3,S3_d05,Baseline Micro-Inertia (d1/a=0.5),1.4287878787878787,777183.4993189061,2,0.00021836048656348874,6.950630162506125e-05,4.592265657075206,4.592265657075206,False,0.010129881275127355,-2.2119658392236536e-06,6.714800065357509e+19,9.573670619115418e+16,CONVERGED
S3,S3_d05,Baseline Micro-Inertia (d1/a=0.5),1.4287878787878787,777183.4993189061,3,8.107136014212999e-06,2.58058154196065e-06,-1.013613457941233,1.013613457941233,False,2.7555400750908836,-2.2339538181865918e-05,6.714800065357509e+19,9.573670619115418e+16,CONVERGED
S3,S3_d05,Baseline Micro-Inertia (d1/a=0.5),1.4287878787878787,777183.4993189061,4,2.728386571138126e-05,8.684724189243599e-06,1.013639301906147,1.013639301906147,False,0.362895885639043,9.90120261344527e-06,6.714800065357509e+19,9.573670619115418e+16,CONVERGED
S3,S3_d05,Baseline Micro-Inertia (d1/a=0.5),1.4464646464646465,786798.7069810347,0,3.141500826626644,0.9999707705698114,-1.1911863049519982,1.1911863049519982,False,-3.290982988123506,-0.00030220097442444627,3.882804414390205e+19,9.024345287383826e+16,CONVERGED
S3,S3_d05,Baseline Micro-Inertia (d1/a=0.5),1.4464646464646465,786798.7069810347,1,0.00026988148178475724,8.590594375001886e-05,3.9911063666949294,3.9911063666949294,False,0.01847925729736147,-4.987209462776523e-06,3.882804414390205e+19,9.024345287383826e+16,CONVERGED
S3,S3_d05,Baseline Micro-Inertia (d1/a=0.5),1.4464646464646465,786798.7069810347,2,0.0002504555759428029,7.972248587244934e-05,-4.608470114849745,4.608470114849745,False,100.33053481532892,0.025128342407239494,3.882804414390205e+19,9.024345287383826e+16,CONVERGED
S3,S3_d05,Baseline Micro-Inertia (d1/a=0.5),1.4464646464646465,786798.7069810347,3,9.958063952774796e-07,3.169750203418654e-07,-1.0658518509111663,1.0658518509111663,False,2.903311119185701,-2.891135779966293e-06,3.882804414390205e+19,9.024345287383826e+16,CONVERGED
S3,S3_d05,Baseline Micro-Inertia (d1/a=0.5),1.4464646464646465,786798.7069810347,4,2.0867937980881492e-05,6.64247096358479e-06,1.0658617292752532,1.0658617292752532,False,0.34443092056456726,-7.187563090082633e-06,3.882804414390205e+19,9.024345287383826e+16,CONVERGED
S3,S3_d05,Baseline Micro-Inertia (d1/a=0.5),1.4641414141414142,796413.9146431634,0,3.1411477599045345,0.9998583859416814,-1.183739701433809,1.183739701433809,False,-3.266567052688814,-0.001453275150098344,6.854479117064138e+19,6.3689753549891304e+16,CONVERGED
S3,S3_d05,Baseline Micro-Inertia (d1/a=0.5),1.4641414141414142,796413.9146431634,1,0.0012829229040014194,0.00040836704355527004,3.9640838564519045,3.9640838564519045,False,0.0189854063953735,-2.4356826069296207e-05,6.854479117064138e+19,6.3689753549891304e+16,CONVERGED
S3,S3_d05,Baseline Micro-Inertia (d1/a=0.5),1.4641414141414142,796413.9146431634,2,7.858606029176032e-05,2.501471990710274e-05,4.62548403964311,4.62548403964311,False,0.00979891079616455,7.700577962062014e-07,6.854479117064138e+19,6.3689753549891304e+16,CONVERGED
S3,S3_d05,Baseline Micro-Inertia (d1/a=0.5),1.4641414141414142,796413.9146431634,3,2.0030037180291916e-07,6.375758855115815e-08,-1.1130275851288438,1.1130275851288438,False,3.0435590937083288,-6.096260180739421e-07,6.854479117064138e+19,6.3689753549891304e+16,CONVERGED
S3,S3_d05,Baseline Micro-Inertia (d1/a=0.5),1.4641414141414142,796413.9146431634,4,6.473294861228855e-06,2.060513750511874e-06,1.1130263558169367,1.1130263558169367,False,0.32856310605530936,2.1268858660469333e-06,6.854479117064138e+19,6.3689753549891304e+16,CONVERGED
S3,S3_d05,Baseline Micro-Inertia (d1/a=0.5),1.4818181818181817,806029.1223052919,0,3.1415528312096948,0.9999873241427233,-1.1748094303358052,1.1748094303358052,False,-3.237525908253224,-0.00012892598736575182,7.92693449602943e+19,1.0217593891265112e+17,CONVERGED
S3,S3_d05,Baseline Micro-Inertia (d1/a=0.5),1.4818181818181817,806029.1223052919,1,0.00011264195882905525,3.5855049094395814e-05,3.9369842070858376,3.9369842070858376,False,0.019506954939650586,-2.197301624485633e-06,7.92693449602943e+19,1.0217593891265112e+17,CONVERGED
S3,S3_d05,Baseline Micro-Inertia (d1/a=0.5),1.4818181818181817,806029.1223052919,2,6.035237281997233e-05,1.9210756923247094e-05,4.6419386425871565,4.6419386425871565,False,0.009638992922778372,-5.81736095190902e-07,7.92693449602943e+19,1.0217593891265112e+17,CONVERGED
S3,S3_d05,Baseline Micro-Inertia (d1/a=0.5),1.4818181818181817,806029.1223052919,3,2.101417776772952e-05,6.6890205334919284e-06,-1.1557914008383712,1.1557914008383712,False,3.176536335851824,6.675229925706824e-05,7.92693449602943e+19,1.0217593891265112e+17,CONVERGED
S3,S3_d05,Baseline Micro-Inertia (d1/a=0.5),1.4818181818181817,806029.1223052919,4,6.13802864215534e-05,1.9537951984773136e-05,1.1557808147999837,1.1557808147999837,False,0.31481163073856855,-1.932322808783665e-05,7.92693449602943e+19,1.0217593891265112e+17,CONVERGED
S3,S3_d05,Baseline Micro-Inertia (d1/a=0.5),1.4994949494949494,815644.3299674204,0,3.1414341243482,0.9999495385751517,-1.164443859539109,1.164443859539109,False,-3.204140395202103,-0.0005079499510651912,1.1148934880326936e+20,2.4601403741080096e+17,CONVERGED
S3,S3_d05,Baseline Micro-Inertia (d1/a=0.5),1.4994949494949494,815644.3299674204,1,0.00045133480193000505,0.00014366432943312363,3.9098344212579654,3.9098344212579654,False,0.020043817575879017,-9.046473049795397e-06,1.1148934880326936e+20,2.4601403741080096e+17,CONVERGED
S3,S3_d05,Baseline Micro-Inertia (d1/a=0.5),1.4994949494949494,815644.3299674204,2,0.00017245542221933544,5.489426581841423e-05,-4.6574280794843705,4.6574280794843705,False,105.36474206308243,0.018170721259657956,1.1148934880326936e+20,2.4601403741080096e+17,CONVERGED
S3,S3_d05,Baseline Micro-Inertia (d1/a=0.5),1.4994949494949494,815644.3299674204,3,7.91325949505902e-06,2.5188687292150376e-06,-1.1946353513019827,1.1946353513019827,False,3.3023533519665897,2.6132379019035066e-05,1.1148934880326936e+20,2.4601403741080096e+17,CONVERGED
S3,S3_d05,Baseline Micro-Inertia (d1/a=0.5),1.4994949494949494,815644.3299674204,4,2.998176802281165e-05,9.543493166929992e-06,1.1946651809971593,1.1946651809971593,False,0.3028053220511615,-9.07863892453098e-06,1.1148934880326936e+20,2.4601403741080096e+17,CONVERGED
S3,S3_d05,Baseline Micro-Inertia (d1/a=0.5),1.5171717171717172,825259.537629549,0,3.141419821925074,0.9999449859724744,-1.1523140803030194,1.1523140803030194,False,-3.1655096369539217,0.0005471003056864869,7.284313910637886e+19,6.48692139547426e+16,CONVERGED
S3,S3_d05,Baseline Micro-Inertia (d1/a=0.5),1.5171717171717172,825259.537629549,1,0.0004920152502549823,0.0001566133183093527,3.88162965677824,3.88162965677824,False,0.020617196336130173,1.0143975833425068e-05,7.284313910637886e+19,6.48692139547426e+16,CONVERGED
S3,S3_d05,Baseline Micro-Inertia (d1/a=0.5),1.5171717171717172,825259.537629549,2,2.627112167643617e-05,8.362357750746913e-06,4.673864895590429,4.673864895590429,False,0.009336116589278243,-2.452702549587492e-07,7.284313910637886e+19,6.48692139547426e+16,CONVERGED
S3,S3_d05,Baseline Micro-Inertia (d1/a=0.5),1.5171717171717172,825259.537629549,3,1.8326628353148203e-05,5.833546985223236e-06,-1.2299144876901522,1.2299144876901522,False,3.420936990983285,6.269424086030671e-05,7.284313910637886e+19,6.48692139547426e+16,CONVERGED
S3,S3_d05,Baseline Micro-Inertia (d1/a=0.5),1.5171717171717172,825259.537629549,4,1.1341057355160372e-05,3.6099706759249403e-06,1.2298800536057681,1.2298800536057681,False,0.2923276392055243,-3.315304522870617e-06,7.284313910637886e+19,6.48692139547426e+16,CONVERGED
S3,S3_d05,Baseline Micro-Inertia (d1/a=0.5),1.534848484848485,834874.7452916778,0,3.141534724981616,0.9999815607513244,-1.1389801986506933,1.1389801986506933,False,-3.123581302706278,0.00018094471759566775,5.6835875443078775e+19,1.191411645769818e+17,CONVERGED
S3,S3_d05,Baseline Micro-Inertia (d1/a=0.5),1.534848484848485,834874.7452916778,1,0.00017010352271494618,5.414563295485637e-05,3.8538879159245796,3.8538879159245796,False,0.021197162928385378,3.605712120458361e-06,5.6835875443078775e+19,1.191411645769818e+17,CONVERGED
S3,S3_d05,Baseline Micro-Inertia (d1/a=0.5),1.534848484848485,834874.7452916778,2,7.235790365391674e-05,2.3032236076575927e-05,4.689771661350588,4.689771661350588,False,0.009188784047207877,6.648811519448799e-07,5.6835875443078775e+19,1.191411645769818e+17,CONVERGED
S3,S3_d05,Baseline Micro-Inertia (d1/a=0.5),1.534848484848485,834874.7452916778,3,8.832863194132196e-06,2.8115876780012133e-06,-1.2619838201914149,1.2619838201914149,False,3.532422231370282,-3.120140231441633e-05,5.6835875443078775e+19,1.191411645769818e+17,CONVERGED
S3,S3_d05,Baseline Micro-Inertia (d1/a=0.5),1.534848484848485,834874.7452916778,4,0.00010003833293436804,3.184319037035485e-05,1.2619951762666866,1.2619951762666866,False,0.28308864950114143,2.8319716663207248e-05,5.6835875443078775e+19,1.191411645769818e+17,CONVERGED
S3,S3_d05,Baseline Micro-Inertia (d1/a=0.5),1.5525252525252524,844489.952953806,0,3.1415085021127163,0.9999732137529095,-1.1238487640175712,1.1238487640175712,False,-3.076672821945025,-0.0002589065630603725,7.552722051164784e+19,1.1940461569860483e+17,CONVERGED
S3,S3_d05,Baseline Micro-Inertia (d1/a=0.5),1.5525252525252524,844489.952953806,1,0.00023184659802482016,7.379906422937958e-05,3.824910175582562,3.824910175582562,False,0.021820394860872446,-5.058984406696481e-06,7.552722051164784e+19,1.1940461569860483e+17,CONVERGED
S3,S3_d05,Baseline Micro-Inertia (d1/a=0.5),1.5525252525252524,844489.952953806,2,5.52738047174959e-05,1.7594198488571192e-05,4.705586227350952,4.705586227350952,False,0.00904461045160225,-4.999300323568128e-07,7.552722051164784e+19,1.1940461569860483e+17,CONVERGED
S3,S3_d05,Baseline Micro-Inertia (d1/a=0.5),1.5525252525252524,844489.952953806,3,8.271059175991575e-06,2.632759904929276e-06,-1.2910641996394403,1.2910641996394403,False,3.636654623604429,3.0078985595161504e-05,7.552722051164784e+19,1.1940461569860483e+17,CONVERGED
S3,S3_d05,Baseline Micro-Inertia (d1/a=0.5),1.5525252525252524,844489.952953806,4,1.9801851542501293e-05,6.303125110721906e-06,1.2910608345396621,1.2910608345396621,False,0.2749789211173525,-5.4450917739946855e-06,7.552722051164784e+19,1.1940461569860483e+17,CONVERGED
S3,S3_d05,Baseline Micro-Inertia (d1/a=0.5),1.5702020202020202,854105.1606159348,0,0.008805968995866758,0.0028030269888123373,-3.251914532180591,3.251914532180591,False,25.83876178255512,0.22754121674721375,5.711051732093521e+19,4.029101702972058e+16,CONVERGED
S3,S3_d05,Baseline Micro-Inertia (d1/a=0.5),1.5702020202020202,854105.1606159348,1,3.140236386536584,0.9995682867886582,3.075968999360095,3.075968999360095,False,-0.046144849898591134,6.258477796683234e-05,5.711051732093521e+19,4.029101702972058e+16,CONVERGED
S3,S3_d05,Baseline Micro-Inertia (d1/a=0.5),1.5702020202020202,854105.1606159348,2,2.347077845345353e-05,7.47098081816376e-06,4.721217461489011,4.721217461489011,False,0.008904331263850538,2.089915864083721e-07,5.711051732093521e+19,4.029101702972058e+16,CONVERGED
S3,S3_d05,Baseline Micro-Inertia (d1/a=0.5),1.5702020202020202,854105.1606159348,3,1.763702589753219e-06,5.614039706064041e-07,-1.317416975039581,1.317416975039581,False,3.7337645037421217,-6.585250124785451e-06,5.711051732093521e+19,4.029101702972058e+16,CONVERGED
S3,S3_d05,Baseline Micro-Inertia (d1/a=0.5),1.5702020202020202,854105.1606159348,4,2.340967089301985e-05,7.451529677557146e-06,1.3174154028419613,1.3174154028419613,False,0.26782663205487484,6.269733313935838e-06,5.711051732093521e+19,4.029101702972058e+16,CONVERGED
S3,S3_d05,Baseline Micro-Inertia (d1/a=0.5),1.587878787878788,863720.3682780633,0,3.1415833293891913,0.9999970320147676,-1.0888364314759473,1.0888364314759473,False,-2.9708153133829964,-2.770047793430327e-05,2.678957175261419e+20,1.654550347236601e+17,CONVERGED
S3,S3_d05,Baseline Micro-Inertia (d1/a=0.5),1.587878787878788,863720.3682780633,1,2.1016281433436336e-05,6.6896901510836335e-06,3.7650212084205834,3.7650212084205834,False,0.023167120886934876,-4.868867326339479e-07,2.678957175261419e+20,1.654550347236601e+17,CONVERGED
S3,S3_d05,Baseline Micro-Inertia (d1/a=0.5),1.587878787878788,863720.3682780633,2,0.0002811753761959158,8.95009019946065e-05,4.736753434922431,4.736753434922431,False,0.008767062525795946,-2.4650821687865883e-06,2.678957175261419e+20,1.654550347236601e+17,CONVERGED
S3,S3_d05,Baseline Micro-Inertia (d1/a=0.5),1.587878787878788,863720.3682780633,3,7.281043471802259e-07,2.3176281188086091e-07,-1.3411401035829016,1.3411401035829016,False,3.823400093558047,2.7838342291293884e-06,2.678957175261419e+20,1.654550347236601e+17,CONVERGED
S3,S3_d05,Baseline Micro-Inertia (d1/a=0.5),1.587878787878788,863720.3682780633,4,1.4506981769480135e-05,4.617715715913548e-06,1.3411512624602406,1.3411512624602406,False,0.2615443889234317,-3.794219682288213e-06,2.678957175261419e+20,1.654550347236601e+17,CONVERGED
S3,S3_d05,Baseline Micro-Inertia (d1/a=0.5),1.6055555555555556,873335.5759401919,0,3.1415735287218713,0.9999939123654685,-1.0687978903157793,1.0687978903157793,False,-2.9118769991309232,5.568926301943475e-05,9.46533641280883e+19,1.9391591442228707e+17,CONVERGED
S3,S3_d05,Baseline Micro-Inertia (d1/a=0.5),1.6055555555555556,873335.5759401919,1,5.5531249701803804e-05,1.767614577222483e-05,3.7337299143611133,3.7337299143611133,False,0.023903511266890116,1.3273918542759905e-06,9.46533641280883e+19,1.9391591442228707e+17,CONVERGED
S3,S3_d05,Baseline Micro-Inertia (d1/a=0.5),1.6055555555555556,873335.5759401919,2,3.4964309863384625e-05,1.112948549310875e-05,-4.7478858377754705,4.7478858377754705,False,115.3401786591401,0.004032789747979683,9.46533641280883e+19,1.9391591442228707e+17,CONVERGED
S3,S3_d05,Baseline Micro-Inertia (d1/a=0.5),1.6055555555555556,873335.5759401919,3,4.189208436532421e-06,1.3334664606328108e-06,-1.3624212073570294,1.3624212073570294,False,3.905638223090127,-1.636153259430837e-05,9.46533641280883e+19,1.9391591442228707e+17,CONVERGED
S3,S3_d05,Baseline Micro-Inertia (d1/a=0.5),1.6055555555555556,873335.5759401919,4,1.6645180564153226e-05,5.298325530884258e-06,1.3624189398412896,1.3624189398412896,False,0.25604068022967225,4.26184335458511e-06,9.46533641280883e+19,1.9391591442228707e+17,CONVERGED
S3,S3_d05,Baseline Micro-Inertia (d1/a=0.5),1.6232323232323231,882950.7836023204,0,3.141588509637698,0.9999986809390802,-1.047047461654569,1.047047461654569,False,-2.849226237047158,-1.1807057035048844e-05,1.2104542254179443e+20,8.678765427170454e+16,CONVERGED
S3,S3_d05,Baseline Micro-Inertia (d1/a=0.5),1.6232323232323231,882950.7836023204,1,8.995497949100616e-06,2.8633559283447396e-06,3.7015310855131474,3.7015310855131474,False,0.024685701600071813,-2.2206017812154542e-07,1.2104542254179443e+20,8.678765427170454e+16,CONVERGED
S3,S3_d05,Baseline Micro-Inertia (d1/a=0.5),1.6232323232323231,882950.7836023204,2,0.0004050105905250806,0.00012891887497326827,-4.767456484966083,4.767456484966083,False,117.61968406339855,0.04763722030459172,1.2104542254179443e+20,8.678765427170454e+16,CONVERGED
S3,S3_d05,Baseline Micro-Inertia (d1/a=0.5),1.6232323232323231,882950.7836023204,3,5.430891492001939e-07,1.7287064526956543e-07,-1.3814131191244237,1.3814131191244237,False,3.980522607623555,2.1617786363466264e-06,1.2104542254179443e+20,8.678765427170454e+16,CONVERGED
S3,S3_d05,Baseline Micro-Inertia (d1/a=0.5),1.6232323232323231,882950.7836023204,4,2.568802606879584e-05,8.176752654244652e-06,1.3815012583769688,1.3815012583769688,False,0.25120115192575543,-6.45286174059971e-06,1.2104542254179443e+20,8.678765427170454e+16,CONVERGED
S3,S3_d05,Baseline Micro-Inertia (d1/a=0.5),1.6409090909090909,892565.9912644491,0,3.1414876110595014,0.9999665639241384,-1.0235419017616127,1.0235419017616127,False,-2.7830345475440144,-0.0002923369918390006,6.270790575056346e+19,1.1788302961035592e+17,CONVERGED
S3,S3_d05,Baseline Micro-Inertia (d1/a=0.5),1.6409090909090909,892565.9912644491,1,0.00027610560721617894,8.788714440768833e-05,3.6683631586205685,3.6683631586205685,False,0.025518204061751336,-7.0457194065780615e-06,6.270790575056346e+19,1.1788302961035592e+17,CONVERGED
S3,S3_d05,Baseline Micro-Inertia (d1/a=0.5),1.6409090909090909,892565.9912644491,2,0.0002192828573088492,6.97999013520362e-05,4.783008266119299,4.783008266119299,False,0.008370779319428208,1.8355684364871269e-06,6.270790575056346e+19,1.1788302961035592e+17,CONVERGED
S3,S3_d05,Baseline Micro-Inertia (d1/a=0.5),1.6409090909090909,892565.9912644491,3,2.3235453924767773e-06,7.396074694221542e-07,-1.3981619457421182,1.3981619457421182,False,4.047753135204977,9.40513814720588e-06,6.270790575056346e+19,1.1788302961035592e+17,CONVERGED
S3,S3_d05,Baseline Micro-Inertia (d1/a=0.5),1.6409090909090909,892565.9912644491,4,6.766649633320742e-06,2.1538914746279144e-06,1.3981656497087003,1.3981656497087003,False,0.24704972428217145,-1.6716989262514603e-06,6.270790575056346e+19,1.1788302961035592e+17,CONVERGED
S3,S3_d05,Baseline Micro-Inertia (d1/a=0.5),1.6585858585858586,902181.1989265776,0,3.1415239190536393,0.99997812111762,-0.9976265222684569,0.9976265222684569,False,-2.711837691190932,-0.00018639690612249452,7.591188166838821e+19,9.605775785215579e+16,CONVERGED
S3,S3_d05,Baseline Micro-Inertia (d1/a=0.5),1.6585858585858586,902181.1989265776,1,0.0001762255924449403,5.609434827382003e-05,3.632619596015461,3.632619596015461,False,0.02644681320860465,-4.660605374212774e-06,7.591188166838821e+19,9.605775785215579e+16,CONVERGED
S3,S3_d05,Baseline Micro-Inertia (d1/a=0.5),1.6585858585858586,902181.1989265776,2,5.752755556837042e-05,1.8311589665399684e-05,4.7979159998609795,4.7979159998609795,False,0.008246915712917517,4.744249024658867e-07,7.591188166838821e+19,9.605775785215579e+16,CONVERGED
S3,S3_d05,Baseline Micro-Inertia (d1/a=0.5),1.6585858585858586,902181.1989265776,3,6.3865729391316105e-06,2.0329093053594603e-06,-1.41278838059027,1.41278838059027,False,4.107392424507449,-2.6232161309110104e-05,7.591188166838821e+19,9.605775785215579e+16,CONVERGED
S3,S3_d05,Baseline Micro-Inertia (d1/a=0.5),1.6585858585858586,902181.1989265776,4,4.41510675511686e-05,1.4053721287105332e-05,1.4128815695679768,1.4128815695679768,False,0.24344077970324404,-1.0748170316370946e-05,7.591188166838821e+19,9.605775785215579e+16,CONVERGED
S3,S3_d05,Baseline Micro-Inertia (d1/a=0.5),1.6762626262626263,911796.4065887061,0,3.1415672674708888,0.999991919347381,-0.970200099371577,0.970200099371577,False,-2.6384723623473882,-6.69805731316349e-05,7.044007859535026e+19,5.246655561679977e+16,CONVERGED
S3,S3_d05,Baseline Micro-Inertia (d1/a=0.5),1.6762626262626263,911796.4065887061,1,6.268922802790024e-05,1.9954601038510627e-05,3.596781739081289,3.596781739081289,False,0.027411798912125168,-1.7184245149082638e-06,7.044007859535026e+19,5.246655561679977e+16,CONVERGED
S3,S3_d05,Baseline Micro-Inertia (d1/a=0.5),1.6762626262626263,911796.4065887061,2,4.0515984298119594e-05,1.2896638350558699e-05,4.812983481545225,4.812983481545225,False,0.008123586928645192,-3.291351206254949e-07,7.044007859535026e+19,5.246655561679977e+16,CONVERGED
S3,S3_d05,Baseline Micro-Inertia (d1/a=0.5),1.6762626262626263,911796.4065887061,3,2.1394662250872114e-07,6.810132506015745e-08,-1.4253693707217316,1.4253693707217316,False,4.1593939173811805,-8.898882803070359e-07,7.044007859535026e+19,5.246655561679977e+16,CONVERGED
S3,S3_d05,Baseline Micro-Inertia (d1/a=0.5),1.6762626262626263,911796.4065887061,4,2.154826261983262e-05,6.859025021977352e-06,1.4253881434180815,1.4253881434180815,False,0.24041512949013435,-5.180528348836302e-06,7.044007859535026e+19,5.246655561679977e+16,CONVERGED
S3,S3_d05,Baseline Micro-Inertia (d1/a=0.5),1.6939393939393939,921411.6142508347,0,3.141558889023896,0.9999892524048722,-0.9404878703198649,0.9404878703198649,False,-2.5612306605323942,8.647884144796069e-05,1.3592912654427457e+20,1.5690285479339286e+17,CONVERGED
S3,S3_d05,Baseline Micro-Inertia (d1/a=0.5),1.6939393939393939,921411.6142508347,1,8.719815739766783e-05,2.7756035556687914e-05,3.5589542459066092,3.5589542459066092,False,0.028468580179104377,2.482407741637348e-06,1.3592912654427457e+20,1.5690285479339286e+17,CONVERGED
S3,S3_d05,Baseline Micro-Inertia (d1/a=0.5),1.6939393939393939,921411.6142508347,2,0.00019856138169024648,6.320405080631857e-05,-4.827666876405109,4.827666876405109,False,124.91916607145635,0.024804122540722656,1.3592912654427457e+20,1.5690285479339286e+17,CONVERGED
S3,S3_d05,Baseline Micro-Inertia (d1/a=0.5),1.6939393939393939,921411.6142508347,3,8.1819263508029e-07,2.604388045488229e-07,-1.43594143564779,1.43594143564779,False,4.203600565964969,3.4393550238926436e-06,1.3592912654427457e+20,1.5690285479339286e+17,CONVERGED
S3,S3_d05,Baseline Micro-Inertia (d1/a=0.5),1.6939393939393939,921411.6142508347,4,1.6533464483185713e-06,5.26276519786659e-07,1.4359621606030037,1.4359621606030037,False,0.23788636897480583,3.933085832482548e-07,1.3592912654427457e+20,1.5690285479339286e+17,CONVERGED
S3,S3_d05,Baseline Micro-Inertia (d1/a=0.5),1.7116161616161616,931026.8219129633,0,3.141525548275512,0.9999786397150487,-0.908711719006868,0.908711719006868,False,-2.481124082988035,-0.0001664966116098908,8.97448371697591e+19,1.6023961058386218e+17,CONVERGED
S3,S3_d05,Baseline Micro-Inertia (d1/a=0.5),1.7116161616161616,931026.8219129633,1,0.00016633543225481488,5.294621250936175e-05,3.5198701753953054,3.5198701753953054,False,0.029603277742789424,-4.924074044918453e-06,8.97448371697591e+19,1.6023961058386218e+17,CONVERGED
S3,S3_d05,Baseline Micro-Inertia (d1/a=0.5),1.7116161616161616,931026.8219129633,2,0.00026352883396911454,8.388383314685592e-05,4.842677925882812,4.842677925882812,False,0.007885907599649756,2.078164082631609e-06,8.97448371697591e+19,1.6023961058386218e+17,CONVERGED
S3,S3_d05,Baseline Micro-Inertia (d1/a=0.5),1.7116161616161616,931026.8219129633,3,3.2701031201535935e-06,1.0409061519853492e-06,-1.4445722301131831,1.4445722301131831,False,4.240037994233463,1.3865361474562055e-05,8.97448371697591e+19,1.6023961058386218e+17,CONVERGED
S3,S3_d05,Baseline Micro-Inertia (d1/a=0.5),1.7116161616161616,931026.8219129633,4,1.6724568005802584e-05,5.3235953384000875e-06,1.4445524532370553,1.4445524532370553,False,0.23585160752958662,3.944516249774207e-06,8.97448371697591e+19,1.6023961058386218e+17,CONVERGED
S3,S3_d05,Baseline Micro-Inertia (d1/a=0.5),1.7292929292929293,940642.0295750919,0,3.141585820854171,0.9999978250727017,-0.8741152274475912,0.8741152274475912,False,-2.3967537735642805,-1.6376384887203875e-05,8.610227868349766e+19,1.008265463499458e+17,CONVERGED
S3,S3_d05,Baseline Micro-Inertia (d1/a=0.5),1.7292929292929293,940642.0295750919,1,1.16567058999267e-05,3.7104447282835893e-06,3.477839369686658,3.477839369686658,False,0.03087404641810253,-3.5988967905280703e-07,8.610227868349766e+19,1.008265463499458e+17,CONVERGED
S3,S3_d05,Baseline Micro-Inertia (d1/a=0.5),1.7292929292929293,940642.0295750919,2,0.00010040257177305386,3.195913119364065e-05,-4.856323054220402,4.856323054220402,False,128.55065759511456,0.012906816669036576,8.610227868349766e+19,1.008265463499458e+17,CONVERGED
S3,S3_d05,Baseline Micro-Inertia (d1/a=0.5),1.7292929292929293,940642.0295750919,3,1.2217143317825122e-05,3.8888374989879735e-06,-1.4512955574541753,1.4512955574541753,False,4.268641203936972,5.21506013634662e-05,8.610227868349766e+19,1.008265463499458e+17,CONVERGED
S3,S3_d05,Baseline Micro-Inertia (d1/a=0.5),1.7292929292929293,940642.0295750919,4,1.6569907161772378e-05,5.274365262739744e-06,1.4512584282242067,1.4512584282242067,False,0.23427528385028326,-3.881919704052341e-06,8.610227868349766e+19,1.008265463499458e+17,CONVERGED
S3,S3_d05,Baseline Micro-Inertia (d1/a=0.5),1.7469696969696968,950257.2372372204,0,3.141587377731787,0.9999983206422386,-0.8371944168434784,0.8371944168434784,False,-2.309877324460971,1.2186584775392367e-05,9.000370811690004e+19,2.4676509319683366e+17,CONVERGED
S3,S3_d05,Baseline Micro-Inertia (d1/a=0.5),1.7469696969696968,950257.2372372204,1,1.7788622913419942e-05,5.662294534937072e-06,3.4343487160913884,3.4343487160913884,False,0.03224640495396918,5.736191381000989e-07,9.000370811690004e+19,2.4676509319683366e+17,CONVERGED
S3,S3_d05,Baseline Micro-Inertia (d1/a=0.5),1.7469696969696968,950257.2372372204,2,1.8028379379982156e-05,5.738611388520319e-06,4.8717211898062605,4.8717211898062605,False,0.0076601693281697445,1.381004387781091e-07,9.000370811690004e+19,2.4676509319683366e+17,CONVERGED
S3,S3_d05,Baseline Micro-Inertia (d1/a=0.5),1.7469696969696968,950257.2372372204,3,4.861004523302235e-06,1.5473057965512262e-06,-1.456126716593763,1.456126716593763,False,4.289313584744577,-2.085037273746934e-05,9.000370811690004e+19,2.4676509319683366e+17,CONVERGED
S3,S3_d05,Baseline Micro-Inertia (d1/a=0.5),1.7469696969696968,950257.2372372204,4,1.915672762564708e-05,6.0977757901736e-06,1.4561353661215597,1.4561353661215597,False,0.23313551936862073,-4.466113644954761e-06,9.000370811690004e+19,2.4676509319683366e+17,CONVERGED
S3,S3_d05,Baseline Micro-Inertia (d1/a=0.5),1.7646464646464646,959872.4448993491,0,2.4405071195988226,0.776837543470232,-1.3520309852846417,1.3520309852846417,False,-2.9536151281251932,2.4932816434075717,7.703108489878007e+19,1.0857321780881526e+17,CONVERGED
S3,S3_d05,Baseline Micro-Inertia (d1/a=0.5),1.7646464646464646,959872.4448993491,1,0.5604394114146194,0.17839340526029815,3.1245247097305455,3.1245247097305455,False,0.037233225077951196,-0.02336615096917628,7.703108489878007e+19,1.0857321780881526e+17,CONVERGED
S3,S3_d05,Baseline Micro-Inertia (d1/a=0.5),1.7646464646464646,959872.4448993491,2,8.466992562311718e-06,2.6951274388284453e-06,4.886125033201491,4.886125033201491,False,0.0075506242785612935,-6.393107960891649e-08,7.703108489878007e+19,1.0857321780881526e+17,CONVERGED
S3,S3_d05,Baseline Micro-Inertia (d1/a=0.5),1.7646464646464646,959872.4448993491,3,7.638935423720231e-07,2.4315486652897136e-07,-1.4591016985579919,1.4591016985579919,False,4.3020932155076,-3.2863412260093873e-06,7.703108489878007e+19,1.0857321780881526e+17,CONVERGED
S3,S3_d05,Baseline Micro-Inertia (d1/a=0.5),1.7646464646464646,959872.4448993491,4,1.4106725238467005e-05,4.49031010508244e-06,1.459094148370554,1.459094148370554,False,0.23244674162601994,3.2790623169127053e-06,7.703108489878007e+19,1.0857321780881526e+17,CONVERGED
S3,S3_d05,Baseline Micro-Inertia (d1/a=0.5),1.7823232323232323,969487.6525614776,0,2.416882946371081,0.7693177355789235,-1.3432380231690473,1.3432380231690473,False,-2.8685603577429473,2.539924214338605,1.1943782116921336e+20,1.201239242061706e+17,CONVERGED
S3,S3_d05,Baseline Micro-Inertia (d1/a=0.5),1.7823232323232323,969487.6525614776,1,0.5444240931331844,0.17329557112093738,3.1005415972734416,3.1005415972734416,False,0.03851538044472501,-0.02331949886772054,1.1943782116921336e+20,1.201239242061706e+17,CONVERGED
S3,S3_d05,Baseline Micro-Inertia (d1/a=0.5),1.7823232323232323,969487.6525614776,2,3.674977677721683e-05,1.1697817263235604e-05,4.900441400349335,4.900441400349335,False,0.007443296866847289,-2.735394984663379e-07,1.1943782116921336e+20,1.201239242061706e+17,CONVERGED
S3,S3_d05,Baseline Micro-Inertia (d1/a=0.5),1.7823232323232323,969487.6525614776,3,1.6233257776731888e-06,5.167206435303662e-07,-1.4602270448160841,1.4602270448160841,False,4.306937285121815,-6.991562317766163e-06,1.1943782116921336e+20,1.201239242061706e+17,CONVERGED
S3,S3_d05,Baseline Micro-Inertia (d1/a=0.5),1.7823232323232323,969487.6525614776,4,8.153770931577294e-06,2.5954258971990692e-06,1.4602139694821201,1.4602139694821201,False,0.2321865885624575,-1.8931962565646187e-06,1.1943782116921336e+20,1.201239242061706e+17,CONVERGED
S3,S3_d05,Baseline Micro-Inertia (d1/a=0.5),1.8,979102.8602236061,0,2.3930896922411304,0.7617441075648769,-1.3345174931928496,1.3345174931928496,False,-2.782946170438243,2.5848117455324395,6.937386108478461e+19,9.706618637295941e+16,CONVERGED
S3,S3_d05,Baseline Micro-Inertia (d1/a=0.5),1.8,979102.8602236061,1,0.5286567833892931,0.16827668055093478,3.0762951938397984,3.0762951938397984,False,0.03983244247375977,-0.02326669085819591,6.937386108478461e+19,9.706618637295941e+16,CONVERGED
S3,S3_d05,Baseline Micro-Inertia (d1/a=0.5),1.8,979102.8602236061,2,6.835923157339926e-05,2.175941922174011e-05,4.914548407818542,4.914548407818542,False,0.007339031376230865,-5.016905461536729e-07,6.937386108478461e+19,9.706618637295941e+16,CONVERGED
S3,S3_d05,Baseline Micro-Inertia (d1/a=0.5),1.8,979102.8602236061,3,5.6467766618419785e-06,1.7974248365362058e-06,-1.4595012531415597,1.4595012531415597,False,4.303812479950566,2.430266786898741e-05,6.937386108478461e+19,9.706618637295941e+16,CONVERGED
S3,S3_d05,Baseline Micro-Inertia (d1/a=0.5),1.8,979102.8602236061,4,6.642712409281847e-05,2.1144410309501585e-05,1.4595256947153055,1.4595256947153055,False,0.23234645123624498,-1.543410657149736e-05,6.937386108478461e+19,9.706618637295941e+16,CONVERGED
S3,S3_d10,High Micro-Inertia (d1/a=1.0),0.05,27197.301672877948,0,3.08981358757271e-08,9.835182113893992e-09,3.1197729447215594,3.1197729447215594,False,0.044167195676191214,-1.3646840132527829e-09,4074050964427589.0,1.2453811026961571e+17,CONVERGED
S3,S3_d10,High Micro-Inertia (d1/a=1.0),0.05,27197.301672877948,1,0.00027603320762214606,8.786409890115197e-05,3.169595793927573,3.169595793927573,False,0.04202057784370674,-1.1599075182929049e-05,4074050964427589.0,1.2453811026961571e+17,CONVERGED
S3,S3_d10,High Micro-Inertia (d1/a=1.0),0.05,27197.301672877948,2,0.24461667495334521,0.07786390596305663,0.08993121754787947,0.08993121754787947,False,0.8867846586868084,-0.22135512711336275,4074050964427589.0,1.2453811026961571e+17,CONVERGED
S3,S3_d10,High Micro-Inertia (d1/a=1.0),0.05,27197.301672877948,3,0.27448261738999624,0.08737053070083867,-4.229317181801162e-06,4.229317181801162e-06,True,0.962569633475353,0.27105010492759934,4074050964427589.0,1.2453811026961571e+17,CONVERGED
S3,S3_d10,High Micro-Inertia (d1/a=1.0),0.05,27197.301672877948,4,0.2744868531276565,0.08737187897801121,4.93361991298209e-06,4.93361991298209e-06,True,0.9625596654555081,-0.27105169847657373,4074050964427589.0,1.2453811026961571e+17,CONVERGED
S3,S3_d10,High Micro-Inertia (d1/a=1.0),0.06767676767676768,36812.509335006514,0,9.370634872517862e-09,2.9827657197410205e-09,3.1133316591260023,3.1133316591260023,False,0.04445260741995916,4.165491532638156e-10,1.0094859986998274e+16,6.544294437706074e+16,CONVERGED
S3,S3_d10,High Micro-Inertia (d1/a=1.0),0.06767676767676768,36812.509335006514,1,0.5156645850842312,0.1641411353871733,-0.4246622283436041,0.4246622283436041,False,1.3302410399373157,-0.7540063849506508,1.0094859986998274e+16,6.544294437706074e+16,CONVERGED
S3,S3_d10,High Micro-Inertia (d1/a=1.0),0.06767676767676768,36812.509335006514,2,0.37248231742935606,0.11856480406641293,-8.918202606259139e-07,8.918202606259139e-07,True,0.931427660451721,0.36392897244867095,1.0094859986998274e+16,6.544294437706074e+16,CONVERGED
S3,S3_d10,High Micro-Inertia (d1/a=1.0),0.06767676767676768,36812.509335006514,3,0.44439439879645254,0.1414551305016129,-0.4308727174803088,0.4308727174803088,False,1.389157335998816,0.6614612117650392,1.0094859986998274e+16,6.544294437706074e+16,CONVERGED
S3,S3_d10,High Micro-Inertia (d1/a=1.0),0.06767676767676768,36812.509335006514,4,0.3724810388093194,0.11856439706901457,-3.438949886302933e-06,3.438949886302933e-06,True,0.9314304982490306,-0.3639287084787185,1.0094859986998274e+16,6.544294437706074e+16,CONVERGED
S3,S3_d10,High Micro-Inertia (d1/a=1.0),0.08535353535353535,46427.71699713508,0,3.1903453845738946e-08,1.0155184762506983e-08,-3.1050079498195986,3.1050079498195986,False,22.30939633024703,-7.117467961483341e-07,2.023084092476435e+16,1.0804446182972366e+17,CONVERGED
S3,S3_d10,High Micro-Inertia (d1/a=1.0),0.08535353535353535,46427.71699713508,1,0.5464375832078203,0.17393648491742694,-0.36952819836852707,0.36952819836852707,False,1.2363337061106279,-0.751955904852334,2.023084092476435e+16,1.0804446182972366e+17,CONVERGED
S3,S3_d10,High Micro-Inertia (d1/a=1.0),0.08535353535353535,46427.71699713508,2,0.47136350089761814,0.15003966232191396,1.0874666638420277e-06,1.0874666638420277e-06,True,0.8909489798795517,-0.4541010243554001,2.023084092476435e+16,1.0804446182972366e+17,CONVERGED
S3,S3_d10,High Micro-Inertia (d1/a=1.0),0.08535353535353535,46427.71699713508,3,0.4208115400959945,0.13394847343278168,-0.38945771692224634,0.38945771692224634,False,1.3473947628157414,0.6030215171932481,2.023084092476435e+16,1.0804446182972366e+17,CONVERGED
S3,S3_d10,High Micro-Inertia (d1/a=1.0),0.08535353535353535,46427.71699713508,4,0.4713676146250676,0.15004097176203018,-2.5369313376373e-06,2.5369313376373e-06,True,0.8909503409769477,0.454106335331944,2.023084092476435e+16,1.0804446182972366e+17,CONVERGED
S3,S3_d10,High Micro-Inertia (d1/a=1.0),0.10303030303030303,56042.924659263655,0,1.2128722603486601e-08,3.860692311470589e-09,-3.094843306987998,3.094843306987998,False,22.08377789274888,-2.6784801609816107e-07,3.5536183263777356e+16,1.3008394705578406e+17,CONVERGED
S3,S3_d10,High Micro-Inertia (d1/a=1.0),0.10303030303030303,56042.924659263655,1,1.965386476317426e-08,6.2560194558376124e-09,3.094843302900148,3.094843302900148,False,0.045282107479273095,-8.899684165891551e-10,3.5536183263777356e+16,1.3008394705578406e+17,CONVERGED
S3,S3_d10,High Micro-Inertia (d1/a=1.0),0.10303030303030303,56042.924659263655,2,0.5713807676356614,0.18187614711371433,-2.6185458381201113e-07,2.6185458381201113e-07,True,0.8411552866412237,0.5407941451835675,3.5536183263777356e+16,1.3008394705578406e+17,CONVERGED
S3,S3_d10,High Micro-Inertia (d1/a=1.0),0.10303030303030303,56042.924659263655,3,2.4377707327800884e-05,7.75966524493406e-06,-0.6771566178243227,0.6771566178243227,False,1.9682732145527742,-4.798198837502216e-05,3.5536183263777356e+16,1.3008394705578406e+17,CONVERGED
S3,S3_d10,High Micro-Inertia (d1/a=1.0),0.10303030303030303,56042.924659263655,4,0.571381159017262,0.18187627169434709,-3.3506028827411195e-07,3.3506028827411195e-07,True,0.8411551365616332,-0.5407945139854705,3.5536183263777356e+16,1.3008394705578406e+17,CONVERGED
S3,S3_d10,High Micro-Inertia (d1/a=1.0),0.12070707070707071,65658.13232139223,0,1.1169177984759358e-05,3.5552597730952516e-06,-3.100386299638182,3.100386299638182,False,22.206527997089587,0.00024802866363334925,5.7063071430497e+16,1.467274822269151e+17,CONVERGED
S3,S3_d10,High Micro-Inertia (d1/a=1.0),0.12070707070707071,65658.13232139223,1,1.1166870238664965e-07,3.554525194698605e-08,3.0828894876006787,3.0828894876006787,False,0.04582664962226279,5.117402498045755e-09,5.7063071430497e+16,1.467274822269151e+17,CONVERGED
S3,S3_d10,High Micro-Inertia (d1/a=1.0),0.12070707070707071,65658.13232139223,2,0.6727648314922422,0.21414769694075272,-5.212838078154923e-07,5.212838078154923e-07,True,0.7821021582727764,-0.6231510704421714,5.7063071430497e+16,1.467274822269151e+17,CONVERGED
S3,S3_d10,High Micro-Inertia (d1/a=1.0),0.12070707070707071,65658.13232139223,3,2.725943368373752e-08,8.67694723330508e-09,-3.0828893336822043,3.0828893336822043,False,21.821360590928442,5.948379319173374e-07,5.7063071430497e+16,1.467274822269151e+17,CONVERGED
S3,S3_d10,High Micro-Inertia (d1/a=1.0),0.12070707070707071,65658.13232139223,4,0.6727718225915988,0.21414992227679325,-6.116126713682972e-06,6.116126713682972e-06,True,0.7821021774691945,0.6231600246535285,5.7063071430497e+16,1.467274822269151e+17,CONVERGED
S3,S3_d10,High Micro-Inertia (d1/a=1.0),0.1383838383838384,75273.3399835208,0,2.5254596157317186e-05,8.038787628453232e-06,-3.04278889176437,3.04278889176437,False,20.963627064355595,0.0005294279356154608,8.583050633038608e+16,1.2495528989709053e+17,CONVERGED
S3,S3_d10,High Micro-Inertia (d1/a=1.0),0.1383838383838384,75273.3399835208,1,7.396089259260978e-08,2.3542483303205186e-08,3.0692079727191706,3.0692079727191706,False,0.04645793624249325,-3.436070432505363e-09,8.583050633038608e+16,1.2495528989709053e+17,CONVERGED
S3,S3_d10,High Micro-Inertia (d1/a=1.0),0.1383838383838384,75273.3399835208,2,0.7757817880167128,0.2469390126470575,-7.042174064234862e-07,7.042174064234862e-07,True,0.7138742888669918,0.7002748804080091,8.583050633038608e+16,1.2495528989709053e+17,CONVERGED
S3,S3_d10,High Micro-Inertia (d1/a=1.0),0.1383838383838384,75273.3399835208,3,3.303522933977275e-08,1.0515440091198487e-08,-3.069207847495063,3.069207847495063,False,21.524844959885154,7.110781897528578e-07,8.583050633038608e+16,1.2495528989709053e+17,CONVERGED
S3,S3_d10,High Micro-Inertia (d1/a=1.0),0.1383838383838384,75273.3399835208,4,0.7757798941911271,0.24693840982365087,-1.122330045776771e-06,1.122330045776771e-06,True,0.713875913544677,-0.7002738212466346,8.583050633038608e+16,1.2495528989709053e+17,CONVERGED
S3,S3_d10,High Micro-Inertia (d1/a=1.0),0.15606060606060607,84888.54764564935,0,1.7257499531710532e-05,5.493232711755601e-06,-3.0052817760615183,3.0052817760615183,False,20.191904886894445,0.00034846178916451764,1.2286556179421331e+17,1.0155895907683758e+17,CONVERGED
S3,S3_d10,High Micro-Inertia (d1/a=1.0),0.15606060606060607,84888.54764564935,1,6.72294018801874e-08,2.1399783260686774e-08,3.053870533891909,3.053870533891909,False,0.04717597435475703,3.17161253898538e-09,1.2286556179421331e+17,1.0155895907683758e+17,CONVERGED
S3,S3_d10,High Micro-Inertia (d1/a=1.0),0.15606060606060607,84888.54764564935,2,0.8806932104988532,0.2803333555967272,4.476688575014956e-07,4.476688575014956e-07,True,0.6366164218766812,-0.7711800283070207,1.2286556179421331e+17,1.0155895907683758e+17,CONVERGED
S3,S3_d10,High Micro-Inertia (d1/a=1.0),0.15606060606060607,84888.54764564935,3,4.3448341253401784e-08,1.383003655924482e-08,-3.0538705156023767,3.0538705156023767,False,21.197230060169993,9.209844852811329e-07,1.2286556179421331e+17,1.0155895907683758e+17,CONVERGED
S3,S3_d10,High Micro-Inertia (d1/a=1.0),0.15606060606060607,84888.54764564935,4,0.8806934441441514,0.28033342996833543,1.7302556362189075e-07,1.7302556362189075e-07,True,0.6366164165364817,0.7711803888489265,1.2286556179421331e+17,1.0155895907683758e+17,CONVERGED
S3,S3_d10,High Micro-Inertia (d1/a=1.0),0.17373737373737375,94503.75530777793,0,4.997405794517787e-06,1.590723669667173e-06,-2.9650435816278384,2.9650435816278384,False,19.395548512386878,9.692742652445992e-05,1.691566444303113e+17,1.4278869726600157e+17,CONVERGED
S3,S3_d10,High Micro-Inertia (d1/a=1.0),0.17373737373737375,94503.75530777793,1,1.302644795254191e-07,4.1464471651526885e-08,3.036958798644861,3.036958798644861,False,0.04798058645956011,6.2501661224790034e-09,1.691566444303113e+17,1.4278869726600157e+17,CONVERGED
S3,S3_d10,High Micro-Inertia (d1/a=1.0),0.17373737373737375,94503.75530777793,2,0.9878014669604824,0.31442697252037266,1.9743839173076924e-07,1.9743839173076924e-07,True,0.5505264550829412,-0.8348174814755048,1.691566444303113e+17,1.4278869726600157e+17,CONVERGED
S3,S3_d10,High Micro-Inertia (d1/a=1.0),0.17373737373737375,94503.75530777793,3,7.821468469835253e-08,2.489650738423367e-08,-3.036959130655516,3.036959130655516,False,20.84176967810799,1.6301324439289043e-06,1.691566444303113e+17,1.4278869726600157e+17,CONVERGED
S3,S3_d10,High Micro-Inertia (d1/a=1.0),0.17373737373737375,94503.75530777793,4,0.9878096040168798,0.31442956262586835,-4.794444219322075e-07,4.794444219322075e-07,True,0.5505200347452113,0.8348225261895099,1.691566444303113e+17,1.4278869726600157e+17,CONVERGED
S3,S3_d10,High Micro-Inertia (d1/a=1.0),0.19141414141414143,104118.96296990648,0,1.490651796221401e-05,4.7448920359489735e-06,-2.921642020136911,2.921642020136911,False,18.571757634532432,0.0002768402387895479,2.256961447891072e+17,4.391806027113187e+16,CONVERGED
S3,S3_d10,High Micro-Inertia (d1/a=1.0),0.19141414141414143,104118.96296990648,1,2.782115826313416e-07,8.855749720239461e-08,3.0185649139928086,3.0185649139928086,False,0.04887130258403142,1.3596562437158906e-08,2.256961447891072e+17,4.391806027113187e+16,CONVERGED
S3,S3_d10,High Micro-Inertia (d1/a=1.0),0.19141414141414143,104118.96296990648,2,1.0974392157421258,0.34932575185650455,-6.155447324324755e-07,6.155447324324755e-07,True,0.4558771020683179,-0.8900434252889098,2.256961447891072e+17,4.391806027113187e+16,CONVERGED
S3,S3_d10,High Micro-Inertia (d1/a=1.0),0.19141414141414143,104118.96296990648,3,6.118024085635403e-08,1.9474275503682955e-08,-3.0185647384381826,3.0185647384381826,False,20.461902416574762,1.2518641182252581e-06,2.256961447891072e+17,4.391806027113187e+16,CONVERGED
S3,S3_d10,High Micro-Inertia (d1/a=1.0),0.19141414141414143,104118.96296990648,4,1.0974401829368765,0.3493260597241556,-2.205075471161554e-06,2.205075471161554e-06,True,0.45587696585265003,0.8900452809636422,2.256961447891072e+17,4.391806027113187e+16,CONVERGED
S3,S3_d10,High Micro-Inertia (d1/a=1.0),0.2090909090909091,113734.17063203505,0,3.3442166126540172e-06,1.0644972093478422e-06,-2.874398072599625,2.874398072599625,False,17.71475791336408,5.9241987703237216e-05,2.93322607663721e+17,1.0094398016981574e+17,CONVERGED
S3,S3_d10,High Micro-Inertia (d1/a=1.0),0.2090909090909091,113734.17063203505,1,1.680273893916051e-07,5.34847791930013e-08,2.9987870740635905,2.9987870740635905,False,0.04984749303229776,8.375744121933297e-09,2.93322607663721e+17,1.0094398016981574e+17,CONVERGED
S3,S3_d10,High Micro-Inertia (d1/a=1.0),0.2090909090909091,113734.17063203505,2,1.2099377651228869,0.3851351523057362,6.034359648446482e-07,6.034359648446482e-07,True,0.3530774154228455,-0.9355934650515265,2.93322607663721e+17,1.0094398016981574e+17,CONVERGED
S3,S3_d10,High Micro-Inertia (d1/a=1.0),0.2090909090909091,113734.17063203505,3,3.30016077045305e-10,1.0504737992311213e-10,-2.99878710856756,2.99878710856756,False,20.0611901155395,-6.620515262790394e-09,2.93322607663721e+17,1.0094398016981574e+17,CONVERGED
S3,S3_d10,High Micro-Inertia (d1/a=1.0),0.2090909090909091,113734.17063203505,4,1.2099384525451506,0.3851353711190387,-1.1213728425997643e-06,1.1213728425997643e-06,True,0.35307738126543603,0.9355953214862407,2.93322607663721e+17,1.0094398016981574e+17,CONVERGED
S3,S3_d10,High Micro-Inertia (d1/a=1.0),0.22676767676767678,123349.37829416365,0,4.688683923823297e-06,1.4924544461439628e-06,-2.823588931169829,2.823588931169829,False,16.837169810136512,7.894416741204852e-05,3.731220728536222e+17,6.706419814079269e+16,CONVERGED
S3,S3_d10,High Micro-Inertia (d1/a=1.0),0.22676767676767678,123349.37829416365,1,1.6839345674270378e-06,5.360130204986512e-07,2.9777334418079224,2.9777334418079224,False,0.05090808934580724,-8.572589141114994e-08,3.731220728536222e+17,6.706419814079269e+16,CONVERGED
S3,S3_d10,High Micro-Inertia (d1/a=1.0),0.22676767676767678,123349.37829416365,2,1.3257163171123263,0.42198861001201876,7.842787396712055e-06,7.842787396712055e-06,True,0.24263204147256287,0.9701103066141917,3.731220728536222e+17,6.706419814079269e+16,CONVERGED
S3,S3_d10,High Micro-Inertia (d1/a=1.0),0.22676767676767678,123349.37829416365,3,2.8846869073989546e-07,9.182243611700324e-08,-2.977733173133522,2.977733173133522,False,19.643238317812365,5.666459239431236e-06,3.731220728536222e+17,6.706419814079269e+16,CONVERGED
S3,S3_d10,High Micro-Inertia (d1/a=1.0),0.22676767676767678,123349.37829416365,4,1.3257250043183246,0.42199137523557134,-9.42608459429786e-07,9.42608459429786e-07,True,0.24262574546918847,-0.9701209372311353,3.731220728536222e+17,6.706419814079269e+16,CONVERGED
S3,S3_d10,High Micro-Inertia (d1/a=1.0),0.24444444444444446,132964.58595629223,0,0.0001514970768517009,4.8223017289841903e-05,-2.782144742874031,2.782144742874031,False,16.153629017606097,0.0024472275954365405,4.660644575581104e+17,8.467348425815822e+16,CONVERGED
S3,S3_d10,High Micro-Inertia (d1/a=1.0),0.24444444444444446,132964.58595629223,1,2.081530296865883e-06,6.625716718834912e-07,2.9555152615438782,2.9555152615438782,False,0.05205183335691212,-1.0834746813998322e-07,4.660644575581104e+17,8.467348425815822e+16,CONVERGED
S3,S3_d10,High Micro-Inertia (d1/a=1.0),0.24444444444444446,132964.58595629223,2,1.445270410975222,0.4600438600223233,2.7787677022087135e-06,2.7787677022087135e-06,True,0.125196180677294,0.9921292047026219,4.660644575581104e+17,8.467348425815822e+16,CONVERGED
S3,S3_d10,High Micro-Inertia (d1/a=1.0),0.24444444444444446,132964.58595629223,3,6.164875250383398e-07,1.9623407392868074e-07,-2.955517613378157,2.955517613378157,False,19.21166436113426,-1.1843751413864438e-05,4.660644575581104e+17,8.467348425815822e+16,CONVERGED
S3,S3_d10,High Micro-Inertia (d1/a=1.0),0.24444444444444446,132964.58595629223,4,1.4452800129860786,0.46004691643730616,-8.120234546637819e-07,8.120234546637819e-07,True,0.12518710375606604,-0.9921339693314588,4.660644575581104e+17,8.467348425815822e+16,CONVERGED
S3,S3_d10,High Micro-Inertia (d1/a=1.0),0.2621212121212121,142579.79361842075,0,6.258544004485227e-05,1.992156429743938e-05,-2.725323786882833,2.725323786882833,False,15.261354523490725,0.0009551385897802363,5.7236997275550074e+17,1.854722154049121e+17,CONVERGED
S3,S3_d10,High Micro-Inertia (d1/a=1.0),0.2621212121212121,142579.79361842075,1,1.8629534461614734e-06,5.929964994133593e-07,2.9322573143912796,2.9322573143912796,False,0.053276640181599284,9.925190042633003e-08,5.7236997275550074e+17,1.854722154049121e+17,CONVERGED
S3,S3_d10,High Micro-Inertia (d1/a=1.0),0.2621212121212121,142579.79361842075,2,1.5692135011435189,0.49949617094706117,8.972528512028168e-06,8.972528512028168e-06,True,0.0015828107885806283,-0.9999897748547207,5.7236997275550074e+17,1.854722154049121e+17,CONVERGED
S3,S3_d10,High Micro-Inertia (d1/a=1.0),0.2621212121212121,142579.79361842075,3,6.067267429775899e-07,1.9312712050185867e-07,-2.932258263693895,2.932258263693895,False,18.769970213822294,1.1388242893620175e-05,5.7236997275550074e+17,1.854722154049121e+17,CONVERGED
S3,S3_d10,High Micro-Inertia (d1/a=1.0),0.2621212121212121,142579.79361842075,4,1.5692132299445911,0.49949608462176137,-3.2466568314792584e-06,3.2466568314792584e-06,True,0.0015831013288254757,1.0000019935604765,5.7236997275550074e+17,1.854722154049121e+17,CONVERGED
S3,S3_d10,High Micro-Inertia (d1/a=1.0),0.27979797979797977,152195.0012805493,0,3.7064215447860794e-05,1.1797906200700067e-05,-2.649249970082114,2.649249970082114,False,14.143426663363876,0.0005242150132619854,6.945171000747885e+17,7.17479419357091e+16,CONVERGED
S3,S3_d10,High Micro-Inertia (d1/a=1.0),0.27979797979797977,152195.0012805493,1,3.0453239873347353e-06,9.693567318012873e-07,2.908075221193019,2.908075221193019,False,0.05458068457417718,-1.6621586797940657e-07,6.945171000747885e+17,7.17479419357091e+16,CONVERGED
S3,S3_d10,High Micro-Inertia (d1/a=1.0),0.27979797979797977,152195.0012805493,2,1.6983496177686463,0.5406014735322222,-2.250320096531145e-06,2.250320096531145e-06,True,-0.12720797984341237,0.9918783345322545,6.945171000747885e+17,7.17479419357091e+16,CONVERGED
S3,S3_d10,High Micro-Inertia (d1/a=1.0),0.27979797979797977,152195.0012805493,3,3.4741979477523817e-06,1.1058715533290197e-06,-2.90807411139405,2.90807411139405,False,18.321479438975132,6.365244626693095e-05,6.945171000747885e+17,7.17479419357091e+16,CONVERGED
S3,S3_d10,High Micro-Inertia (d1/a=1.0),0.27979797979797977,152195.0012805493,4,1.6983272091463777,0.5405943406462184,-7.204986284057983e-06,7.204986284057983e-06,True,-0.12718638334905275,-0.9918860992911334,6.945171000747885e+17,7.17479419357091e+16,CONVERGED
S3,S3_d10,High Micro-Inertia (d1/a=1.0),0.29747474747474745,161810.20894267788,0,7.674888947846467e-05,2.442993027462242e-05,-2.583574236236309,2.583574236236309,False,13.244392208406687,-0.0010164923958082897,8.297880581926536e+17,9.39619694536717e+16,CONVERGED
S3,S3_d10,High Micro-Inertia (d1/a=1.0),0.29747474747474745,161810.20894267788,1,1.1232532667685102e-06,3.575426195006556e-07,2.883080983108154,2.883080983108154,False,0.055962078733025125,-6.285958775205348e-08,8.297880581926536e+17,9.39619694536717e+16,CONVERGED
S3,S3_d10,High Micro-Inertia (d1/a=1.0),0.29747474747474745,161810.20894267788,2,1.8337616262870504,0.5837044545516339,2.909813876889063e-07,2.909813876889063e-07,True,-0.25994497751083395,0.9656231287123802,8.297880581926536e+17,9.39619694536717e+16,CONVERGED
S3,S3_d10,High Micro-Inertia (d1/a=1.0),0.29747474747474745,161810.20894267788,3,9.349160336920944e-08,2.9759301627593156e-08,-2.8830826082757106,2.8830826082757106,False,17.86927233241082,-1.6706269213981452e-06,8.297880581926536e+17,9.39619694536717e+16,CONVERGED
S3,S3_d10,High Micro-Inertia (d1/a=1.0),0.29747474747474745,161810.20894267788,4,1.8337627067963338,0.5837047984884209,-4.929826640234495e-07,4.929826640234495e-07,True,-0.25994622466385264,-0.9656236048527521,8.297880581926536e+17,9.39619694536717e+16,CONVERGED
S3,S3_d10,High Micro-Inertia (d1/a=1.0),0.3151515151515151,171425.41660480644,0,9.13490621039052e-05,2.907730956129009e-05,-2.5144197153713836,2.5144197153713836,False,12.35943465626493,0.0011290227671247371,9.83369341801222e+17,1.476477485590679e+17,CONVERGED
S3,S3_d10,High Micro-Inertia (d1/a=1.0),0.3151515151515151,171425.41660480644,1,1.3885316168863688e-06,4.419833409336949e-07,2.857402691944666,2.857402691944666,False,0.05741769821290582,-7.972628933751093e-08,9.83369341801222e+17,1.476477485590679e+17,CONVERGED
S3,S3_d10,High Micro-Inertia (d1/a=1.0),0.3151515151515151,171425.41660480644,2,1.977148556663304,0.6293459320399424,4.016852769014175e-06,4.016852769014175e-06,True,-0.3952596497659417,-0.9185650633426231,9.83369341801222e+17,1.476477485590679e+17,CONVERGED
S3,S3_d10,High Micro-Inertia (d1/a=1.0),0.3151515151515151,171425.41660480644,3,1.7656302821701603e-06,5.62017574160238e-07,-2.8574016858082816,2.8574016858082816,False,17.41621529573661,-3.0750597126979646e-05,9.83369341801222e+17,1.476477485590679e+17,CONVERGED
S3,S3_d10,High Micro-Inertia (d1/a=1.0),0.3151515151515151,171425.41660480644,4,1.9771371681660561,0.6293423069686795,-2.918851560993311e-06,2.918851560993311e-06,True,-0.39525193000562975,0.9185759356454893,9.83369341801222e+17,1.476477485590679e+17,CONVERGED
S3,S3_d10,High Micro-Inertia (d1/a=1.0),0.3328282828282828,181040.62426693502,0,0.00019663080480918996,6.258952909904041e-05,-2.441089057347964,2.441089057347964,False,11.485542126329715,-0.0022584114210762274,1.1497051749622662e+18,8.96206457753933e+16,CONVERGED
S3,S3_d10,High Micro-Inertia (d1/a=1.0),0.3328282828282828,181040.62426693502,1,5.66567871847786e-07,1.8034415480326127e-07,2.831142351304322,2.831142351304322,False,0.05894547874931812,-3.339661445005363e-08,1.1497051749622662e+18,8.96206457753933e+16,CONVERGED
S3,S3_d10,High Micro-Inertia (d1/a=1.0),0.3328282828282828,181040.62426693502,2,2.131183313120817,0.6783767178362812,3.5045738162564707e-06,3.5045738162564707e-06,True,-0.5315121715535229,-0.8470465172393957,1.1497051749622662e+18,8.96206457753933e+16,CONVERGED
S3,S3_d10,High Micro-Inertia (d1/a=1.0),0.3328282828282828,181040.62426693502,3,1.2855955059954272e-07,4.0921775919179725e-08,-2.8311400058210445,2.8311400058210445,False,16.96478976397953,-2.180985748072943e-06,1.1497051749622662e+18,8.96206457753933e+16,CONVERGED
S3,S3_d10,High Micro-Inertia (d1/a=1.0),0.3328282828282828,181040.62426693502,4,2.1311880232495835,0.6783782171168328,-1.347523904823572e-06,1.347523904823572e-06,True,-0.531518740220406,0.8470481236895303,1.1497051749622662e+18,8.96206457753933e+16,CONVERGED
S3,S3_d10,High Micro-Inertia (d1/a=1.0),0.3505050505050505,190655.83192906357,0,0.00014348719915242519,4.5673394031039366e-05,-2.364867032888703,2.364867032888703,False,10.642623494948156,-0.0015270802474040416,1.3438863554869092e+18,6.525470006051185e+16,CONVERGED
S3,S3_d10,High Micro-Inertia (d1/a=1.0),0.3505050505050505,190655.83192906357,1,1.044674858753027e-06,3.325303353887437e-07,2.804399401287437,2.804399401287437,False,0.06054312237656541,6.32478778172287e-08,1.3438863554869092e+18,6.525470006051185e+16,CONVERGED
S3,S3_d10,High Micro-Inertia (d1/a=1.0),0.3505050505050505,190655.83192906357,2,2.300843607811766,0.7323812669292655,-5.661749919870798e-07,5.661749919870798e-07,True,-0.6669052444467451,0.745143293118882,1.3438863554869092e+18,6.525470006051185e+16,CONVERGED
S3,S3_d10,High Micro-Inertia (d1/a=1.0),0.3505050505050505,190655.83192906357,3,2.9307947842941943e-07,9.329009542167323e-08,-2.8043974873932074,2.8043974873932074,False,16.51712113371419,-4.8408292470246345e-06,1.3438863554869092e+18,6.525470006051185e+16,CONVERGED
S3,S3_d10,High Micro-Inertia (d1/a=1.0),0.3505050505050505,190655.83192906357,4,2.300850319028172,0.7323834031757959,-7.279189281299586e-07,7.279189281299586e-07,True,-0.6669103531183169,-0.7451389378783784,1.3438863554869092e+18,6.525470006051185e+16,CONVERGED
S3,S3_d10,High Micro-Inertia (d1/a=1.0),0.36818181818181817,200271.03959119215,0,0.00022903947654137206,7.290552970947914e-05,-2.283503160940529,2.283503160940529,False,9.810989497621843,0.002247103938181876,1.539864231352373e+18,1.13362153857109e+17,CONVERGED
S3,S3_d10,High Micro-Inertia (d1/a=1.0),0.36818181818181817,200271.03959119215,1,2.632750388259051e-06,8.380304764370693e-07,2.7772606485536597,2.7772606485536597,False,0.06220868563466481,-1.6377994125812744e-07,1.539864231352373e+18,1.13362153857109e+17,CONVERGED
S3,S3_d10,High Micro-Inertia (d1/a=1.0),0.36818181818181817,200271.03959119215,2,2.4970918494402965,0.7948490223858121,4.006042513110692e-06,4.006042513110692e-06,True,-0.7993965807067909,0.6007970495111986,1.539864231352373e+18,1.13362153857109e+17,CONVERGED
S3,S3_d10,High Micro-Inertia (d1/a=1.0),0.36818181818181817,200271.03959119215,3,1.2628739276405748e-06,4.0198525617174806e-07,-2.7772590270006052,2.7772590270006052,False,16.074899642096977,-2.0300571647453873e-05,1.539864231352373e+18,1.13362153857109e+17,CONVERGED
S3,S3_d10,High Micro-Inertia (d1/a=1.0),0.36818181818181817,200271.03959119215,4,2.4971019513108055,0.7948522379110641,5.92880590009166e-06,5.92880590009166e-06,True,-0.7994011127793298,-0.6007878189058682,1.539864231352373e+18,1.13362153857109e+17,CONVERGED
S3,S3_d10,High Micro-Inertia (d1/a=1.0),0.38585858585858585,209886.2472533207,0,0.0005220100666548643,0.00016616096490370283,-2.197402554237163,2.197402554237163,False,9.001600708214426,0.0046989266125060615,1.7716492582887936e+18,6.389287883715516e+16,CONVERGED
S3,S3_d10,High Micro-Inertia (d1/a=1.0),0.38585858585858585,209886.2472533207,1,1.396779139296672e-05,4.446086088534168e-06,2.7498105192415423,2.7498105192415423,False,0.06393997544777041,-8.931002387839521e-07,1.7716492582887936e+18,6.389287883715516e+16,CONVERGED
S3,S3_d10,High Micro-Inertia (d1/a=1.0),0.38585858585858585,209886.2472533207,2,2.7566174581888654,0.8774585893683481,-3.58512475894691e-06,3.58512475894691e-06,True,-0.9268110707092442,-0.3755374941147802,1.7716492582887936e+18,6.389287883715516e+16,CONVERGED
S3,S3_d10,High Micro-Inertia (d1/a=1.0),0.38585858585858585,209886.2472533207,3,1.3083080667198057e-06,4.164473918109166e-07,-2.74980651932406,2.74980651932406,False,15.63960562995465,2.046142220599783e-05,1.7716492582887936e+18,6.389287883715516e+16,CONVERGED
S3,S3_d10,High Micro-Inertia (d1/a=1.0),0.38585858585858585,209886.2472533207,4,2.7566175545315956,0.8774586200351916,1.170310555745923e-06,1.170310555745923e-06,True,-0.926806699509759,0.3755356189836791,1.7716492582887936e+18,6.389287883715516e+16,CONVERGED
S3,S3_d10,High Micro-Inertia (d1/a=1.0),0.4035353535353535,219501.45491544926,0,3.1415743464292567,0.9999941726498133,-0.30458056065218825,0.30458056065218825,False,-1.3560561001909013,-2.4825536725679492e-05,2.0131362893445125e+18,9.038472192107133e+16,CONVERGED
S3,S3_d10,High Micro-Inertia (d1/a=1.0),0.4035353535353535,219501.45491544926,1,1.0650097303646412e-05,3.3900312605699855e-06,2.722056848709754,2.722056848709754,False,0.06573939926928349,-7.001309989276016e-07,2.0131362893445125e+18,9.038472192107133e+16,CONVERGED
S3,S3_d10,High Micro-Inertia (d1/a=1.0),0.4035353535353535,219501.45491544926,2,3.0216289727268313,0.9618143743983221,-0.23493482451517772,0.23493482451517772,False,-1.2557360020932267,0.15136954469849215,2.0131362893445125e+18,9.038472192107133e+16,CONVERGED
S3,S3_d10,High Micro-Inertia (d1/a=1.0),0.4035353535353535,219501.45491544926,3,5.2950359515882896e-06,1.6854622910891482e-06,-2.7220877385992472,2.7220877385992472,False,15.212047895349706,8.054834050391245e-05,2.0131362893445125e+18,9.038472192107133e+16,CONVERGED
S3,S3_d10,High Micro-Inertia (d1/a=1.0),0.4035353535353535,219501.45491544926,4,3.1415906319868863,0.9999993565038088,0.3046094577524601,0.3046094577524601,False,-0.737411308431014,1.4907528446822732e-06,2.0131362893445125e+18,9.038472192107133e+16,CONVERGED
S3,S3_d10,High Micro-Inertia (d1/a=1.0),0.4212121212121212,229116.66257757787,0,3.1415870222220876,0.9999982074799866,-0.5528212427719896,0.5528212427719896,False,-1.7381498497163002,-9.788160931212873e-06,2.2749793409805064e+18,2.4877544637175354e+17,CONVERGED
S3,S3_d10,High Micro-Inertia (d1/a=1.0),0.4212121212121212,229116.66257757787,1,2.8917254875692104e-06,9.20464810822922e-07,2.694143003837984,2.694143003837984,False,0.06760029014597788,1.9548148198274285e-07,2.2749793409805064e+18,2.4877544637175354e+17,CONVERGED
S3,S3_d10,High Micro-Inertia (d1/a=1.0),0.4212121212121212,229116.66257757787,2,0.002584737649681393,0.0008227475470850428,-2.0144186412021376,2.0144186412021376,False,7.496342993533142,0.019376123120107926,2.2749793409805064e+18,2.4877544637175354e+17,CONVERGED
S3,S3_d10,High Micro-Inertia (d1/a=1.0),0.4212121212121212,229116.66257757787,3,2.1267540483241513e-06,6.769668390629767e-07,-2.69415134153395,2.69415134153395,False,14.792959254536296,3.146098598132672e-05,2.2749793409805064e+18,2.4877544637175354e+17,CONVERGED
S3,S3_d10,High Micro-Inertia (d1/a=1.0),0.4212121212121212,229116.66257757787,4,3.1415891290767566,0.9999988781126565,0.5528298318384951,0.5528298318384951,False,-0.5753194473488759,-2.0277208923209616e-06,2.2749793409805064e+18,2.4877544637175354e+17,CONVERGED
S3,S3_d10,High Micro-Inertia (d1/a=1.0),0.4388888888888889,238731.87023970645,0,3.141590810369594,0.9999994132847883,-0.698668236171599,0.698668236171599,False,-2.0110726494501803,3.7068497295415705e-06,2.562475702028767e+18,7.028796292503595e+16,CONVERGED
S3,S3_d10,High Micro-Inertia (d1/a=1.0),0.4388888888888889,238731.87023970645,1,8.384705964786412e-06,2.668934801335714e-06,2.6659964440886,2.6659964440886,False,0.06953003620758023,-5.829889093351752e-07,2.562475702028767e+18,7.028796292503595e+16,CONVERGED
S3,S3_d10,High Micro-Inertia (d1/a=1.0),0.4388888888888889,238731.87023970645,2,0.0005529781428554085,0.000176018409714429,-1.911801529934274,1.911801529934274,False,6.76526462098557,-0.003741043847356155,2.562475702028767e+18,7.028796292503595e+16,CONVERGED
S3,S3_d10,High Micro-Inertia (d1/a=1.0),0.4388888888888889,238731.87023970645,3,1.6767986113742477e-06,5.33741575139675e-07,-2.6660016646467293,2.6660016646467293,False,14.382348623402224,-2.4116302200043775e-05,2.562475702028767e+18,7.028796292503595e+16,CONVERGED
S3,S3_d10,High Micro-Inertia (d1/a=1.0),0.4388888888888889,238731.87023970645,4,3.1415808903389637,0.9999962556409674,0.698683694073715,0.698683694073715,False,-0.4972393923311841,-5.8491516946916474e-06,2.562475702028767e+18,7.028796292503595e+16,CONVERGED
S3,S3_d10,High Micro-Inertia (d1/a=1.0),0.45656565656565656,248347.077901835,0,3.141586602453044,0.9999980738633502,-0.7988016619406081,0.7988016619406081,False,-2.2228755753704004,1.3450924083334828e-05,2.8558684964458225e+18,6.9151065190803624e+16,CONVERGED
S3,S3_d10,High Micro-Inertia (d1/a=1.0),0.45656565656565656,248347.077901835,1,2.6435463351123295e-05,8.414669330511825e-06,2.637652558691182,2.637652558691182,False,0.07152898269478787,1.8909018010116726e-06,2.8558684964458225e+18,6.9151065190803624e+16,CONVERGED
S3,S3_d10,High Micro-Inertia (d1/a=1.0),0.45656565656565656,248347.077901835,2,0.000321806599111227,0.00010243422193628742,-1.8064636773012566,1.8064636773012566,False,6.088876765337195,0.001959440791900093,2.8558684964458225e+18,6.9151065190803624e+16,CONVERGED
S3,S3_d10,High Micro-Inertia (d1/a=1.0),0.45656565656565656,248347.077901835,3,3.1573759284814713e-06,1.0050239724343776e-06,-2.63766156028951,2.63766156028951,False,13.980472860231322,-4.414160847782956e-05,2.8558684964458225e+18,6.9151065190803624e+16,CONVERGED
S3,S3_d10,High Micro-Inertia (d1/a=1.0),0.45656565656565656,248347.077901835,4,3.141586566096909,0.999998062290833,0.798802031436298,0.798802031436298,False,-0.44986756863389,2.7385656228058624e-06,2.8558684964458225e+18,6.9151065190803624e+16,CONVERGED
S3,S3_d10,High Micro-Inertia (d1/a=1.0),0.4742424242424242,257962.28556396352,0,3.1415740239807515,0.9999940700112663,-0.867631011045205,0.867631011045205,False,-2.3812629801786445,-4.4361998351251323e-05,3.1590970776141204e+18,6.341605502074779e+16,CONVERGED
S3,S3_d10,High Micro-Inertia (d1/a=1.0),0.4742424242424242,257962.28556396352,1,3.635131315086687e-05,1.1570982351683767e-05,2.6090687914516204,2.6090687914516204,False,0.07360305160279533,-2.675567578851141e-06,3.1590970776141204e+18,6.341605502074779e+16,CONVERGED
S3,S3_d10,High Micro-Inertia (d1/a=1.0),0.4742424242424242,257962.28556396352,2,0.004581115294726088,0.001458214288059084,-1.6780121075332897,1.6780121075332897,False,5.354844226859032,0.024531330398661042,3.1590970776141204e+18,6.341605502074779e+16,CONVERGED
S3,S3_d10,High Micro-Inertia (d1/a=1.0),0.4742424242424242,257962.28556396352,3,1.0847108431850599e-05,3.4527418503656e-06,-2.6090831584621412,2.6090831584621412,False,13.586588390259063,0.0001473751974938426,3.1590970776141204e+18,6.341605502074779e+16,CONVERGED
S3,S3_d10,High Micro-Inertia (d1/a=1.0),0.4742424242424242,257962.28556396352,4,3.1415676948556004,0.9999920553881598,0.8676538831836709,0.8676538831836709,False,-0.41993561230397625,-1.0481061327858465e-05,3.1590970776141204e+18,6.341605502074779e+16,CONVERGED
S3,S3_d10,High Micro-Inertia (d1/a=1.0),0.49191919191919187,267577.4932260921,0,3.141584231160525,0.9999973190574982,-0.9107563783631866,0.9107563783631866,False,-2.4862023319379523,-2.0939863288403502e-05,3.5292148042050355e+18,1.0092015887594491e+17,CONVERGED
S3,S3_d10,High Micro-Inertia (d1/a=1.0),0.49191919191919187,267577.4932260921,1,2.2430466724783703e-05,7.139839310215204e-06,2.5802059192888023,2.5802059192888023,False,0.07575840228117232,1.6992963217756002e-06,3.5292148042050355e+18,1.0092015887594491e+17,CONVERGED
S3,S3_d10,High Micro-Inertia (d1/a=1.0),0.49191919191919187,267577.4932260921,2,0.002556858660691588,0.000813873389272779,-1.5835200566186964,1.5835200566186964,False,4.872059718635278,0.012457195233424513,3.5292148042050355e+18,1.0092015887594491e+17,CONVERGED
S3,S3_d10,High Micro-Inertia (d1/a=1.0),0.49191919191919187,267577.4932260921,3,2.168276848115198e-06,6.901839567384971e-07,-2.5802433462147296,2.5802433462147296,False,13.200350024025415,-2.8622013344156063e-05,3.5292148042050355e+18,1.0092015887594491e+17,CONVERGED
S3,S3_d10,High Micro-Inertia (d1/a=1.0),0.49191919191919187,267577.4932260921,4,3.141570746346972,0.999993026708031,0.9107524954228039,0.9107524954228039,False,-0.4022214402369263,8.81156276059739e-06,3.5292148042050355e+18,1.0092015887594491e+17,CONVERGED
S3,S3_d10,High Micro-Inertia (d1/a=1.0),0.5095959595959596,277192.70088822074,0,3.1415760522453215,0.9999947156279307,-0.9298968380674612,0.9298968380674612,False,-2.534247725889976,-4.207191947760699e-05,3.9072690274595743e+18,2.6848718205155594e+17,CONVERGED
S3,S3_d10,High Micro-Inertia (d1/a=1.0),0.5095959595959596,277192.70088822074,1,2.2257822594234733e-05,7.084884976669863e-06,2.551028485494627,2.551028485494627,False,0.07800140140350577,1.7361413548276245e-06,3.9072690274595743e+18,2.6848718205155594e+17,CONVERGED
S3,S3_d10,High Micro-Inertia (d1/a=1.0),0.5095959595959596,277192.70088822074,2,0.0008463735281760184,0.0002694090614226818,-1.4439803760136207,1.4439803760136207,False,4.237527735091575,0.0035865321562951204,3.9072690274595743e+18,2.6848718205155594e+17,CONVERGED
S3,S3_d10,High Micro-Inertia (d1/a=1.0),0.5095959595959596,277192.70088822074,3,3.491815406226322e-06,1.1114793645307074e-06,-2.551049132037943,2.551049132037943,False,12.820547176190924,4.476698414625678e-05,3.9072690274595743e+18,2.6848718205155594e+17,CONVERGED
S3,S3_d10,High Micro-Inertia (d1/a=1.0),0.5095959595959596,277192.70088822074,4,3.141591807742112,0.9999997307583208,0.9298794987508102,0.9298794987508102,False,-0.3946012574511159,3.337725586965336e-07,3.9072690274595743e+18,2.6848718205155594e+17,CONVERGED
S3,S3_d10,High Micro-Inertia (d1/a=1.0),0.5272727272727272,286807.90855034924,0,3.1415914184988654,0.9999996068583473,-0.9243198544112817,0.9243198544112817,False,-2.5201536059570273,3.1126188557613454e-06,4.2597771149116355e+18,1.0830907563210098e+17,CONVERGED
S3,S3_d10,High Micro-Inertia (d1/a=1.0),0.5272727272727272,286807.90855034924,1,5.474161830920893e-06,1.7424798293520807e-06,2.5214182569409727,2.5214182569409727,False,0.08034557523469507,4.398246812375441e-07,4.2597771149116355e+18,1.0830907563210098e+17,CONVERGED
S3,S3_d10,High Micro-Inertia (d1/a=1.0),0.5272727272727272,286807.90855034924,2,9.772305012438439e-05,3.110621296262567e-05,-1.310895800210245,1.310895800210245,False,3.709495173156871,0.0003625031838965145,4.2597771149116355e+18,1.0830907563210098e+17,CONVERGED
S3,S3_d10,High Micro-Inertia (d1/a=1.0),0.5272727272727272,286807.90855034924,3,4.859877656939471e-07,1.5469471038475503e-07,-2.521394774411931,2.521394774411931,False,12.445943847070211,-6.048576442190456e-06,4.2597771149116355e+18,1.0830907563210098e+17,CONVERGED
S3,S3_d10,High Micro-Inertia (d1/a=1.0),0.5272727272727272,286807.90855034924,4,3.1415895023431264,0.9999989969270322,0.924315385145527,0.924315385145527,False,-0.3968029833206388,-1.250424078566014e-06,4.2597771149116355e+18,1.0830907563210098e+17,CONVERGED
S3,S3_d10,High Micro-Inertia (d1/a=1.0),0.544949494949495,296423.11621247785,0,3.141566952955986,0.9999918192341781,-0.8909819155343733,0.8909819155343733,False,-2.437521916427005,6.26458581849191e-05,4.730280856198289e+18,8.582634845557078e+16,CONVERGED
S3,S3_d10,High Micro-Inertia (d1/a=1.0),0.544949494949495,296423.11621247785,1,4.159909346069993e-05,1.3241402704824268e-05,2.491221485036412,2.491221485036412,False,0.08280875504670625,3.4447691425391806e-06,4.730280856198289e+18,8.582634845557078e+16,CONVERGED
S3,S3_d10,High Micro-Inertia (d1/a=1.0),0.544949494949495,296423.11621247785,2,0.011061268543007985,0.003520911130973216,-1.1669101803893684,1.1669101803893684,False,3.2118561288335057,0.03552865217089738,4.730280856198289e+18,8.582634845557078e+16,CONVERGED
S3,S3_d10,High Micro-Inertia (d1/a=1.0),0.544949494949495,296423.11621247785,3,6.746109188857e-06,2.147353248088496e-06,-2.4911827018511463,2.4911827018511463,False,12.075549452649371,-8.146297512425084e-05,4.730280856198289e+18,8.582634845557078e+16,CONVERGED
S3,S3_d10,High Micro-Inertia (d1/a=1.0),0.544949494949495,296423.11621247785,4,3.141587794016084,0.9999984531496457,0.8909568275434159,0.8909568275434159,False,-0.4102630139340259,1.993703356504274e-06,4.730280856198289e+18,8.582634845557078e+16,CONVERGED
S3,S3_d10,High Micro-Inertia (d1/a=1.0),0.5626262626262627,306038.32387460646,0,3.1415752990538115,0.9999944758796269,-0.8226151245321702,0.8226151245321702,False,-2.2764452476210253,-3.950665096397752e-05,5.020783777576381e+18,1.0438712660972883e+17,CONVERGED
S3,S3_d10,High Micro-Inertia (d1/a=1.0),0.5626262626262627,306038.32387460646,1,7.248958082506584e-07,2.3074150221937403e-07,2.4602315022688535,2.4602315022688535,False,0.0854151748715043,6.191710222536128e-08,5.020783777576381e+18,1.0438712660972883e+17,CONVERGED
S3,S3_d10,High Micro-Inertia (d1/a=1.0),0.5626262626262627,306038.32387460646,2,0.03406233822332799,0.010842379003021317,-1.0040932084944723,1.0040932084944723,False,2.7278478769277523,0.09295282907286607,5.020783777576381e+18,1.0438712660972883e+17,CONVERGED
S3,S3_d10,High Micro-Inertia (d1/a=1.0),0.5626262626262627,306038.32387460646,3,1.2580059529062667e-05,4.004357316881249e-06,-2.460166311256321,2.460166311256321,False,11.706758342849929,0.0001472717168531721,5.020783777576381e+18,1.0438712660972883e+17,CONVERGED
S3,S3_d10,High Micro-Inertia (d1/a=1.0),0.5626262626262627,306038.32387460646,4,3.1415921765997097,0.9999998481693408,0.8225927185150418,0.8225927185150418,False,-0.4392912182546454,2.0953755494521897e-07,5.020783777576381e+18,1.0438712660972883e+17,CONVERGED
S3,S3_d10,High Micro-Inertia (d1/a=1.0),0.5803030303030303,315653.531536735,0,3.1415842380326398,0.9999973212449603,-0.7037305347943126,0.7037305347943126,False,-2.021279111969648,-1.701018989041604e-05,5.62157875788051e+18,2.000430460361541e+17,CONVERGED
S3,S3_d10,High Micro-Inertia (d1/a=1.0),0.5803030303030303,315653.531536735,1,9.886400404901353e-06,3.1469389876515318e-06,2.428199172954367,2.428199172954367,False,0.08819551452367476,8.719361705257492e-07,5.62157875788051e+18,2.000430460361541e+17,CONVERGED
S3,S3_d10,High Micro-Inertia (d1/a=1.0),0.5803030303030303,315653.531536735,2,0.0027468375370429815,0.0008743455437815154,-0.8230240139833316,0.8230240139833316,False,2.2773676612088005,-0.0062555747104772585,5.62157875788051e+18,2.000430460361541e+17,CONVERGED
S3,S3_d10,High Micro-Inertia (d1/a=1.0),0.5803030303030303,315653.531536735,3,5.476948191829595e-06,1.7433667555757966e-06,-2.4282198020777486,2.4282198020777486,False,11.338679009620753,6.210135750009952e-05,5.62157875788051e+18,2.000430460361541e+17,CONVERGED
S3,S3_d10,High Micro-Inertia (d1/a=1.0),0.5803030303030303,315653.531536735,4,3.141582142611852,0.999996654251808,0.7037411519660693,0.7037411519660693,False,-0.4947309735069241,5.200106349360549e-06,5.62157875788051e+18,2.000430460361541e+17,CONVERGED
S3,S3_d10,High Micro-Inertia (d1/a=1.0),0.5979797979797981,325268.7391988636,0,3.1415206110403116,0.9999770681442741,-0.488085032806829,0.488085032806829,False,-1.6291933747407552,0.00011737124451791736,6.065505654295409e+18,1.5462888466382643e+17,CONVERGED
S3,S3_d10,High Micro-Inertia (d1/a=1.0),0.5979797979797981,325268.7391988636,1,9.267991226750625e-05,2.9500932325393617e-05,2.394916341269673,2.394916341269673,False,0.09118030624061522,-8.450582807100185e-06,6.065505654295409e+18,1.5462888466382643e+17,CONVERGED
S3,S3_d10,High Micro-Inertia (d1/a=1.0),0.5979797979797981,325268.7391988636,2,0.010760457964045152,0.0034251601498206763,-0.601442006771252,0.601442006771252,False,1.8246425629350747,-0.01963474742286873,6.065505654295409e+18,1.5462888466382643e+17,CONVERGED
S3,S3_d10,High Micro-Inertia (d1/a=1.0),0.5979797979797981,325268.7391988636,3,0.0059852021233990135,0.0019051490066861222,2.340151417768847,2.340151417768847,False,0.09631132852965796,0.0005764496513564969,6.065505654295409e+18,1.5462888466382643e+17,CONVERGED
S3,S3_d10,High Micro-Inertia (d1/a=1.0),0.5979797979797981,325268.7391988636,4,3.141475562288308,0.9999627286811512,0.48811557869491073,0.48811557869491073,False,-0.6137819246211929,-7.18685247103449e-05,6.065505654295409e+18,1.5462888466382643e+17,CONVERGED
S3,S3_d10,High Micro-Inertia (d1/a=1.0),0.6156565656565657,334883.9468609921,0,2.8106970326397214,0.894672652556668,-1.7244431344770082e-05,1.7244431344770082e-05,True,-0.9457680535061725,-0.3248957962556345,6.54232292089838e+18,1.4563802247081494e+17,CONVERGED
S3,S3_d10,High Micro-Inertia (d1/a=1.0),0.6156565656565657,334883.9468609921,1,0.0001626972846423385,5.178815415691457e-05,2.3598641087719407,2.3598641087719407,False,0.09443305369838695,1.5364001552775487e-05,6.54232292089838e+18,1.4563802247081494e+17,CONVERGED
S3,S3_d10,High Micro-Inertia (d1/a=1.0),0.6156565656565657,334883.9468609921,2,0.0029415354564218178,0.0009363198163392136,-0.33265898032691643,0.33265898032691643,False,1.3946655731239472,-0.00410247006558811,6.54232292089838e+18,1.4563802247081494e+17,CONVERGED
S3,S3_d10,High Micro-Inertia (d1/a=1.0),0.6156565656565657,334883.9468609921,3,0.0018583436741166964,0.000591529163398453,2.1679009739576975,2.1679009739576975,False,0.11441733283938095,0.00021262697145633976,6.54232292089838e+18,1.4563802247081494e+17,CONVERGED
S3,S3_d10,High Micro-Inertia (d1/a=1.0),0.6156565656565657,334883.9468609921,4,2.8106363042902736,0.894653322122667,8.440490499874657e-05,8.440490499874657e-05,True,-0.9456521915734033,0.32492020098786734,6.54232292089838e+18,1.4563802247081494e+17,CONVERGED
S3,S3_d10,High Micro-Inertia (d1/a=1.0),0.6333333333333333,344499.15452312067,0,2.3856891648215495,0.7593884465242501,-6.742546084014697e-05,6.742546084014697e-05,True,-0.7277011593426299,-0.6859926258392774,7.095233906603694e+18,3.424616683547273e+17,CONVERGED
S3,S3_d10,High Micro-Inertia (d1/a=1.0),0.6333333333333333,344499.15452312067,1,4.9386077717885104e-05,1.5720076777443847e-05,2.322792796656558,2.322792796656558,False,0.09799951023990428,4.839811432957332e-06,7.095233906603694e+18,3.424616683547273e+17,CONVERGED
S3,S3_d10,High Micro-Inertia (d1/a=1.0),0.6333333333333333,344499.15452312067,2,0.9064024918281911,0.2885168740105358,0.7485328808953288,0.7485328808953288,False,0.2916803383409383,-0.3724357916518917,7.095233906603694e+18,3.424616683547273e+17,CONVERGED
S3,S3_d10,High Micro-Inertia (d1/a=1.0),0.6333333333333333,344499.15452312067,3,0.8297544768137144,0.2641190530750642,1.419851206993182,1.419851206993182,False,0.1631949999914416,0.17835483506368088,7.095233906603694e+18,3.424616683547273e+17,CONVERGED
S3,S3_d10,High Micro-Inertia (d1/a=1.0),0.6333333333333333,344499.15452312067,4,2.3856566169945252,0.7593780862291345,6.0939780290322895e-05,6.0939780290322895e-05,True,-0.7275854287141588,0.6859282555699722,7.095233906603694e+18,3.424616683547273e+17,CONVERGED
S3,S3_d10,High Micro-Inertia (d1/a=1.0),0.651010101010101,354114.3621852493,0,2.0526984976231497,0.6533942251480629,-5.618190363074832e-06,5.618190363074832e-06,True,-0.4634681588190788,-0.8861199141226359,7.381113893053532e+18,1.4185021415766528e+17,CONVERGED
S3,S3_d10,High Micro-Inertia (d1/a=1.0),0.651010101010101,354114.3621852493,1,3.2691581886794995e-06,1.0406053709553789e-06,2.282429644520006,2.282429644520006,False,0.10203599410896518,3.33571805682565e-07,7.381113893053532e+18,1.4185021415766528e+17,CONVERGED
S3,S3_d10,High Micro-Inertia (d1/a=1.0),0.651010101010101,354114.3621852493,2,0.0502196533113593,0.015985412129728205,0.42886139701665243,0.42886139701665243,False,0.6504291298177524,0.03269181309052011,7.381113893053532e+18,1.4185021415766528e+17,CONVERGED
S3,S3_d10,High Micro-Inertia (d1/a=1.0),0.651010101010101,354114.3621852493,3,0.04206813875530124,0.013390704459163853,1.5802126799302292,1.5802126799302292,False,0.20574910174426272,-0.008660591328341148,7.381113893053532e+18,1.4185021415766528e+17,CONVERGED
S3,S3_d10,High Micro-Inertia (d1/a=1.0),0.651010101010101,354114.3621852493,4,2.0526925990425586,0.6533923475715463,3.631654825374153e-05,3.631654825374153e-05,True,-0.4634434971718779,0.8860854893690064,7.381113893053532e+18,1.4185021415766528e+17,CONVERGED
S3,S3_d10,High Micro-Inertia (d1/a=1.0),0.6686868686868687,363729.5698473778,0,1.7196139497839829,0.5473701206357984,-2.9514863933460977e-05,2.9514863933460977e-05,True,-0.1482733042978212,0.9889762680179749,8.154676937457628e+18,9.136052825005714e+16,CONVERGED
S3,S3_d10,High Micro-Inertia (d1/a=1.0),0.6686868686868687,363729.5698473778,1,0.00012566956762450216,4.000186576732147e-05,2.2378223272155546,2.2378223272155546,False,0.10669058793466003,1.3407760125934859e-05,8.154676937457628e+18,9.136052825005714e+16,CONVERGED
S3,S3_d10,High Micro-Inertia (d1/a=1.0),0.6686868686868687,363729.5698473778,2,0.6774685666547721,0.2156449423449763,1.03961486585451,1.03961486585451,False,0.27550453323215435,-0.2216387403389787,8.154676937457628e+18,9.136052825005714e+16,CONVERGED
S3,S3_d10,High Micro-Inertia (d1/a=1.0),0.6686868686868687,363729.5698473778,3,0.674965656558642,0.2148482413171489,1.0668202557694362,1.0668202557694362,False,0.26864937464790317,0.21501852328117835,8.154676937457628e+18,9.136052825005714e+16,CONVERGED
S3,S3_d10,High Micro-Inertia (d1/a=1.0),0.6686868686868687,363729.5698473778,4,1.7196583869719615,0.5473842654320461,-1.834952487614128e-05,1.834952487614128e-05,True,-0.1483155954725844,-0.9889586360727042,8.154676937457628e+18,9.136052825005714e+16,CONVERGED
S3,S3_d10,High Micro-Inertia (d1/a=1.0),0.6863636363636364,373344.7775095064,0,1.3432820596555677,0.4275799595216917,-0.00010169054025776243,0.00010169054025776243,True,0.22557948528649904,-0.974329152587424,8.352084016536685e+18,1.2658220072407902e+17,CONVERGED
S3,S3_d10,High Micro-Inertia (d1/a=1.0),0.6863636363636364,373344.7775095064,1,7.424555173032364e-05,2.363309312093206e-05,2.186396078330048,2.186396078330048,False,0.11232081517865536,-8.339320909062206e-06,8.352084016536685e+18,1.2658220072407902e+17,CONVERGED
S3,S3_d10,High Micro-Inertia (d1/a=1.0),0.6863636363636364,373344.7775095064,2,1.2872156436619764,0.4097334650280386,1.0255503350970625,1.0255503350970625,False,0.10033426190291704,0.3442765207733851,8.352084016536685e+18,1.2658220072407902e+17,CONVERGED
S3,S3_d10,High Micro-Inertia (d1/a=1.0),0.6863636363636364,373344.7775095064,3,1.2603946323973232,0.40119607198505264,1.2091435515082702,1.2091435515082702,False,0.09115976282209262,-0.28419000544557843,8.352084016536685e+18,1.2658220072407902e+17,CONVERGED
S3,S3_d10,High Micro-Inertia (d1/a=1.0),0.6863636363636364,373344.7775095064,4,1.3433431427464648,0.4275994028734029,0.00010444901345118036,0.00010444901345118036,True,0.22547348603481582,0.9741420999454232,8.352084016536685e+18,1.2658220072407902e+17,CONVERGED
S3,S3_d10,High Micro-Inertia (d1/a=1.0),0.704040404040404,382959.98517163494,0,0.8335643341641849,0.2653317683346689,-6.106608673486925e-05,6.106608673486925e-05,True,0.6722822970716841,0.7403773718016557,9.71104735877397e+18,7.923675409448243e+16,CONVERGED
S3,S3_d10,High Micro-Inertia (d1/a=1.0),0.704040404040404,382959.98517163494,1,0.0006921568751084233,0.00022032037613709045,2.12355067895144,2.12355067895144,False,0.11960616182796395,8.278624043499848e-05,9.71104735877397e+18,7.923675409448243e+16,CONVERGED
S3,S3_d10,High Micro-Inertia (d1/a=1.0),0.704040404040404,382959.98517163494,2,1.4938667871604188,0.47551256699477795,1.131211550897234,1.131211550897234,False,0.02479623503836761,-0.32168787004085586,9.71104735877397e+18,7.923675409448243e+16,CONVERGED
S3,S3_d10,High Micro-Inertia (d1/a=1.0),0.704040404040404,382959.98517163494,3,1.490589637865912,0.47446941797583625,1.149529677033446,1.149529677033446,False,0.025381100492478055,0.31576731291152377,9.71104735877397e+18,7.923675409448243e+16,CONVERGED
S3,S3_d10,High Micro-Inertia (d1/a=1.0),0.704040404040404,382959.98517163494,4,0.8340028624738235,0.2654713562309984,0.00036282647918035795,0.00036282647918035795,True,0.6716727785516047,-0.7403582165525288,9.71104735877397e+18,7.923675409448243e+16,CONVERGED
S3,S3_d10,High Micro-Inertia (d1/a=1.0),0.7217171717171718,392575.19283376355,0,2.493516258250993e-06,7.937108763613052e-07,-0.6566463357266672,0.6566463357266672,False,1.9283145586816552,-4.808283703104761e-06,9.512654538157246e+18,7.980109882522022e+16,CONVERGED
S3,S3_d10,High Micro-Inertia (d1/a=1.0),0.7217171717171718,392575.19283376355,1,9.450840035774409e-05,3.0082958161285646e-05,2.039796838612207,2.039796838612207,False,0.1300551297945852,1.229130231179967e-05,9.512654538157246e+18,7.980109882522022e+16,CONVERGED
S3,S3_d10,High Micro-Inertia (d1/a=1.0),0.7217171717171718,392575.19283376355,2,2.1818594605588735,0.694507436559522,1.1278874762336197,1.1278874762336197,False,-0.18572856809740101,-0.26513619556776696,9.512654538157246e+18,7.980109882522022e+16,CONVERGED
S3,S3_d10,High Micro-Inertia (d1/a=1.0),0.7217171717171718,392575.19283376355,3,2.1551526067996956,0.6860063809791109,1.333680462486405,1.333680462486405,False,-0.14536621053647,0.2197814672245291,9.512654538157246e+18,7.980109882522022e+16,CONVERGED
S3,S3_d10,High Micro-Inertia (d1/a=1.0),0.7217171717171718,392575.19283376355,4,8.48768544791251e-05,2.7017141888888475e-05,0.6566794647767202,0.6566794647767202,False,0.5185704082311824,-4.4014625182313534e-05,9.512654538157246e+18,7.980109882522022e+16,CONVERGED
S3,S3_d10,High Micro-Inertia (d1/a=1.0),0.7393939393939394,402190.40049589204,0,0.00017606515635451675,5.604327988013754e-05,-1.3245859586948865,1.3245859586948865,False,3.760627919009305,-0.0006621155493931609,1.0541464865038133e+19,9.670992266606253e+16,CONVERGED
S3,S3_d10,High Micro-Inertia (d1/a=1.0),0.7393939393939394,402190.40049589204,1,0.0001223198216845172,3.893560851842024e-05,-1.887548486378152,1.887548486378152,False,6.603161033845346,0.000807697484242409,1.0541464865038133e+19,9.670992266606253e+16,CONVERGED
S3,S3_d10,High Micro-Inertia (d1/a=1.0),0.7393939393939394,402190.40049589204,2,2.3575269988331904,0.7504241506738064,1.1282881759858567,1.1282881759858567,False,-0.22911504271726477,0.22850525934962798,1.0541464865038133e+19,9.670992266606253e+16,CONVERGED
S3,S3_d10,High Micro-Inertia (d1/a=1.0),0.7393939393939394,402190.40049589204,3,2.3316994129836717,0.7422029747616441,1.3567998820558995,1.3567998820558995,False,-0.17755433529526657,-0.18647299672909645,1.0541464865038133e+19,9.670992266606253e+16,CONVERGED
S3,S3_d10,High Micro-Inertia (d1/a=1.0),0.7393939393939394,402190.40049589204,4,3.131885817717464e-07,9.969102181782741e-08,1.3244438715194728,1.3244438715194728,False,0.26595082079591364,8.32927603861068e-08,1.0541464865038133e+19,9.670992266606253e+16,CONVERGED
S3,S3_d10,High Micro-Inertia (d1/a=1.0),0.7570707070707071,411805.6081580207,0,0.3224001603019485,0.1026231583313491,-1.761652281300691,1.761652281300691,False,5.52208360476482,-1.844681152191582,1.192975047549655e+19,8.191422319286938e+16,CONVERGED
S3,S3_d10,High Micro-Inertia (d1/a=1.0),0.7570707070707071,411805.6081580207,1,0.32239751247079623,0.10262231550051638,-1.7617065597165142,1.7617065597165142,False,5.522388227499497,1.8447666589345044,1.192975047549655e+19,8.191422319286938e+16,CONVERGED
S3,S3_d10,High Micro-Inertia (d1/a=1.0),0.7570707070707071,411805.6081580207,2,3.0276790078732323,0.9637401603971809,0.7147271738235577,0.7147271738235577,False,-0.48615420363285355,-0.055620388728675724,1.192975047549655e+19,8.191422319286938e+16,CONVERGED
S3,S3_d10,High Micro-Inertia (d1/a=1.0),0.7570707070707071,411805.6081580207,3,0.3224616092793297,0.10264271814834543,1.7619574592688247,1.7619574592688247,False,0.16285826174235088,0.05441478573103296,1.192975047549655e+19,8.191422319286938e+16,CONVERGED
S3,S3_d10,High Micro-Inertia (d1/a=1.0),0.7570707070707071,411805.6081580207,4,0.3224070410954622,0.10262534855594929,1.7614221234382792,1.7614221234382792,False,0.16294843960908748,-0.05443503199478969,1.192975047549655e+19,8.191422319286938e+16,CONVERGED
S3,S3_d10,High Micro-Inertia (d1/a=1.0),0.7747474747474747,421420.81582014915,0,0.4539519123810058,0.1444973815629121,-1.8780190260989351,1.8780190260989351,False,5.878117355194371,-2.8681596106322953,1.1491757987022311e+19,5.6829765103663624e+16,CONVERGED
S3,S3_d10,High Micro-Inertia (d1/a=1.0),0.7747474747474747,421420.81582014915,1,0.45387472151165187,0.1444728109460736,-1.87820085429633,1.87820085429633,False,5.879407678330558,2.868227342295372,1.1491757987022311e+19,5.6829765103663624e+16,CONVERGED
S3,S3_d10,High Micro-Inertia (d1/a=1.0),0.7747474747474747,421420.81582014915,2,3.1163300488439294,0.991958663158638,0.2065682694699163,0.2065682694699163,False,-0.813111198701656,-0.02054567775823333,1.1491757987022311e+19,5.6829765103663624e+16,CONVERGED
S3,S3_d10,High Micro-Inertia (d1/a=1.0),0.7747474747474747,421420.81582014915,3,0.45419749665983206,0.1445755534667538,1.8784446777061474,1.8784446777061474,False,0.13733294606675067,-0.067051789725628,1.1491757987022311e+19,5.6829765103663624e+16,CONVERGED
S3,S3_d10,High Micro-Inertia (d1/a=1.0),0.7747474747474747,421420.81582014915,4,0.4542836490962621,0.1446029766389883,1.8777180653797039,1.8777180653797039,False,0.13742698875649587,0.0671123680063157,1.1491757987022311e+19,5.6829765103663624e+16,CONVERGED
S3,S3_d10,High Micro-Inertia (d1/a=1.0),0.7924242424242425,431036.0234822779,0,0.5124756823543417,0.16312607612217098,-1.9718192314293175,1.9718192314293175,False,6.260862678597365,-3.5224459193608313,1.2166448578007417e+19,1.0796501176593968e+17,CONVERGED
S3,S3_d10,High Micro-Inertia (d1/a=1.0),0.7924242424242425,431036.0234822779,1,0.5124798889248442,0.16312741511514886,-1.971828471132563,1.971828471132563,False,6.2609057097684255,3.5225048028386277,1.2166448578007417e+19,1.0796501176593968e+17,CONVERGED
S3,S3_d10,High Micro-Inertia (d1/a=1.0),0.7924242424242425,431036.0234822779,2,3.0368161016686708,0.9666485876832576,0.04678350974512565,0.04678350974512565,True,-0.9490605812918929,0.09980478601604484,1.2166448578007417e+19,1.0796501176593968e+17,CONVERGED
S3,S3_d10,High Micro-Inertia (d1/a=1.0),0.7924242424242425,431036.0234822779,3,0.5124204591130417,0.16310849801851807,1.971918738859024,1.971918738859024,False,0.12131207526126045,0.06824299280471015,1.2166448578007417e+19,1.0796501176593968e+17,CONVERGED
S3,S3_d10,High Micro-Inertia (d1/a=1.0),0.7924242424242425,431036.0234822779,4,0.5123798739679237,0.16309557936559482,1.9717473729158568,1.9717473729158568,False,0.1213356358273027,-0.06824976396343782,1.2166448578007417e+19,1.0796501176593968e+17,CONVERGED
S3,S3_d10,High Micro-Inertia (d1/a=1.0),0.8101010101010101,440651.2311444063,0,0.5378214307811104,0.17119387841913872,-2.050060206630192,2.050060206630192,False,6.671682741776846,-3.9794727287250216,1.3444918213701773e+19,1.378247268358652e+17,CONVERGED
S3,S3_d10,High Micro-Inertia (d1/a=1.0),0.8101010101010101,440651.2311444063,1,0.5378245331492714,0.17119486593359493,-2.0500162399479764,2.0500162399479764,False,6.67137707119141,3.9793184654453797,1.3444918213701773e+19,1.378247268358652e+17,CONVERGED
S3,S3_d10,High Micro-Inertia (d1/a=1.0),0.8101010101010101,440651.2311444063,2,3.12057558082529,0.9933100579604146,-0.12162035782950927,0.12162035782950927,False,-1.1290758687825846,-0.02373336427332906,1.3444918213701773e+19,1.378247268358652e+17,CONVERGED
S3,S3_d10,High Micro-Inertia (d1/a=1.0),0.8101010101010101,440651.2311444063,3,0.5379055513844828,0.1712206548388239,2.050111994824258,2.050111994824258,False,0.11054304696258015,-0.06594845318851426,1.3444918213701773e+19,1.378247268358652e+17,CONVERGED
S3,S3_d10,High Micro-Inertia (d1/a=1.0),0.8101010101010101,440651.2311444063,4,0.5378816828988257,0.17121305726387098,2.049948405155808,2.049948405155808,False,0.11056270645795731,0.06595660361101151,1.3444918213701773e+19,1.378247268358652e+17,CONVERGED
S3,S3_d10,High Micro-Inertia (d1/a=1.0),0.8277777777777778,450266.438806535,0,0.5424326654662358,0.17266168000692772,-2.116651501418036,2.116651501418036,False,7.111395477706164,-4.286331182479276,1.3647303393831238e+19,1.2029270130399165e+17,CONVERGED
S3,S3_d10,High Micro-Inertia (d1/a=1.0),0.8277777777777778,450266.438806535,1,0.5424536923045649,0.17266837305744306,-2.116600463363259,2.116600463363259,False,7.110942410211305,4.286261943640145,1.3647303393831238e+19,1.2029270130399165e+17,CONVERGED
S3,S3_d10,High Micro-Inertia (d1/a=1.0),0.8277777777777778,450266.438806535,2,3.049137104726039,0.9705704847641186,-0.29443692514115793,0.29443692514115793,False,-1.336637066846572,0.12393284220336677,1.3647303393831238e+19,1.2029270130399165e+17,CONVERGED
S3,S3_d10,High Micro-Inertia (d1/a=1.0),0.8277777777777778,450266.438806535,3,0.542412252593124,0.17265518238761082,2.1166359014932365,2.1166359014932365,False,0.1031494258920041,-0.06216954026114533,1.3647303393831238e+19,1.2029270130399165e+17,CONVERGED
S3,S3_d10,High Micro-Inertia (d1/a=1.0),0.8277777777777778,450266.438806535,4,0.542383077277835,0.1726458955963218,2.1166451832694704,2.1166451832694704,False,0.10315028224176048,0.06216595380451373,1.3647303393831238e+19,1.2029270130399165e+17,CONVERGED
S3,S3_d10,High Micro-Inertia (d1/a=1.0),0.8454545454545455,459881.6464686634,0,0.5318809595413427,0.1693029676949302,-2.17406838470776,2.17406838470776,False,7.579140106534396,-4.459918422319178,1.5458007175389065e+19,6.4505518218377656e+16,CONVERGED
S3,S3_d10,High Micro-Inertia (d1/a=1.0),0.8454545454545455,459881.6464686634,1,0.5318993893215341,0.1693088340761653,-2.1740285378237973,2.1740285378237973,False,7.578755914106807,4.459880387570974,1.5458007175389065e+19,6.4505518218377656e+16,CONVERGED
S3,S3_d10,High Micro-Inertia (d1/a=1.0),0.8454545454545455,459881.6464686634,2,3.1391552903962943,0.9992241631992889,-0.3495403559682558,0.3495403559682558,False,-1.4184112193299179,-0.003457190145331671,1.5458007175389065e+19,6.4505518218377656e+16,CONVERGED
S3,S3_d10,High Micro-Inertia (d1/a=1.0),0.8454545454545455,459881.6464686634,3,0.5318980890593673,0.16930842018986297,2.1742871713516783,2.1742871713516783,False,0.09798254922971565,0.05765974714853957,1.5458007175389065e+19,6.4505518218377656e+16,CONVERGED
S3,S3_d10,High Micro-Inertia (d1/a=1.0),0.8454545454545455,459881.6464686634,4,0.5317875095807977,0.1692732216486252,2.173794350753251,2.173794350753251,False,0.09803722747723348,-0.05767732950991929,1.5458007175389065e+19,6.4505518218377656e+16,CONVERGED
S3,S3_d10,High Micro-Inertia (d1/a=1.0),0.8631313131313132,469496.85413079214,0,0.508561896375411,0.16188027935266985,-2.223901946442955,2.223901946442955,False,8.073544290035311,-4.500776265445875,1.62492381046326e+19,2.310090545229128e+17,CONVERGED
S3,S3_d10,High Micro-Inertia (d1/a=1.0),0.8631313131313132,469496.85413079214,1,0.508582067713469,0.16188670008899125,-2.2238338392299113,2.2238338392299113,False,8.072903660019918,4.50063258274074,1.62492381046326e+19,2.310090545229128e+17,CONVERGED
S3,S3_d10,High Micro-Inertia (d1/a=1.0),0.8631313131313132,469496.85413079214,2,3.1215654789883116,0.9936251523320195,-0.4338155933172131,0.4338155933172131,False,-1.5428248218408473,-0.030902553741951694,1.62492381046326e+19,2.310090545229128e+17,CONVERGED
S3,S3_d10,High Micro-Inertia (d1/a=1.0),0.8631313131313132,469496.85413079214,3,0.5087754765575201,0.16194826403612808,2.223983610450188,2.223983610450188,False,0.09447575175231343,0.052694054631177614,1.62492381046326e+19,2.310090545229128e+17,CONVERGED
S3,S3_d10,High Micro-Inertia (d1/a=1.0),0.8631313131313132,469496.85413079214,4,0.5087299668073351,0.16193377783272644,2.223641672513514,2.223641672513514,False,0.09451046093522011,-0.052707774715496675,1.62492381046326e+19,2.310090545229128e+17,CONVERGED
S3,S3_d10,High Micro-Inertia (d1/a=1.0),0.8808080808080808,479112.06179292063,0,0.47271531009518664,0.15046995655373419,-2.267101254478302,2.267101254478302,False,8.592967036226135,-4.3943278822921386,1.678945812283443e+19,4.7994840078906824e+16,CONVERGED
S3,S3_d10,High Micro-Inertia (d1/a=1.0),0.8808080808080808,479112.06179292063,1,0.4727194881032071,0.15047128645499164,-2.267089204601532,2.267089204601532,False,8.592845133265202,4.394310832515935,1.678945812283443e+19,4.7994840078906824e+16,CONVERGED
S3,S3_d10,High Micro-Inertia (d1/a=1.0),0.8808080808080808,479112.06179292063,2,3.1067721492397875,0.9889162892234875,-0.5636448903046861,0.5636448903046861,False,-1.7560000681048547,0.06116953203226249,1.678945812283443e+19,4.7994840078906824e+16,CONVERGED
S3,S3_d10,High Micro-Inertia (d1/a=1.0),0.8808080808080808,479112.06179292063,3,0.4727788688011844,0.15049018791820631,2.2670250848762823,2.2670250848762823,False,0.09225352708887928,0.04718461134140512,1.678945812283443e+19,4.7994840078906824e+16,CONVERGED
S3,S3_d10,High Micro-Inertia (d1/a=1.0),0.8808080808080808,479112.06179292063,4,1.5399056800936424,0.4901672017643801,1.2215987392426264,1.2215987392426264,False,0.009103834144553208,0.2946179251243583,1.678945812283443e+19,4.7994840078906824e+16,CONVERGED
S3,S3_d10,High Micro-Inertia (d1/a=1.0),0.8984848484848484,488727.2694550492,0,0.42325133044483115,0.13472508282103218,-2.3045699781042224,2.3045699781042224,False,9.135698853026403,4.115431020722891,1.7872636571124908e+19,7.050966912696385e+17,CONVERGED
S3,S3_d10,High Micro-Inertia (d1/a=1.0),0.8984848484848484,488727.2694550492,1,0.4232565464367826,0.13472674312283658,-2.3045195102780087,2.3045195102780087,False,9.13521634070244,-4.115270978377149,1.7872636571124908e+19,7.050966912696385e+17,CONVERGED
S3,S3_d10,High Micro-Inertia (d1/a=1.0),0.8984848484848484,488727.2694550492,2,2.9015922635823053,0.9236055031726512,-0.6476253617314279,0.6476253617314279,False,-1.8562242731418024,0.4542498509173994,1.7872636571124908e+19,7.050966912696385e+17,CONVERGED
S3,S3_d10,High Micro-Inertia (d1/a=1.0),0.8984848484848484,488727.2694550492,3,0.42305559020725014,0.1346627767682862,2.304506180786412,2.304506180786412,False,0.09100886900944649,0.040976062803771245,1.7872636571124908e+19,7.050966912696385e+17,CONVERGED
S3,S3_d10,High Micro-Inertia (d1/a=1.0),0.8984848484848484,488727.2694550492,4,1.8286880124843359,0.5820894731195514,1.286637816804977,1.286637816804977,False,-0.0704421983369168,0.2670639434088322,1.7872636571124908e+19,7.050966912696385e+17,CONVERGED
S3,S3_d10,High Micro-Inertia (d1/a=1.0),0.9161616161616162,498342.4771171778,0,0.3560755198074883,0.1133423581827557,-2.3368362948099004,2.3368362948099004,False,9.699309112593612,-3.607453761150069,1.8418542197665729e+19,9.38482918388284e+16,CONVERGED
S3,S3_d10,High Micro-Inertia (d1/a=1.0),0.9161616161616162,498342.4771171778,1,0.35611079447911426,0.11335358645946614,-2.3366893258642505,2.3366893258642505,False,9.697756481026907,3.607265703852241,1.8418542197665729e+19,9.38482918388284e+16,CONVERGED
S3,S3_d10,High Micro-Inertia (d1/a=1.0),0.9161616161616162,498342.4771171778,2,2.7379438680899706,0.8715146010293261,-0.7787028704867022,0.7787028704867022,False,-2.003555424996533,0.8557203334946192,1.8418542197665729e+19,9.38482918388284e+16,CONVERGED
S3,S3_d10,High Micro-Inertia (d1/a=1.0),0.9161616161616162,498342.4771171778,3,0.35596472045775435,0.11330708965435266,2.3367205141987855,2.3367205141987855,False,0.09058551574806467,-0.03367995014080499,1.8418542197665729e+19,9.38482918388284e+16,CONVERGED
S3,S3_d10,High Micro-Inertia (d1/a=1.0),0.9161616161616162,498342.4771171778,4,2.0781615588722517,0.6614993692761555,1.3995383063064124,1.3995383063064124,False,-0.1198708960185949,0.21563211284596648,1.8418542197665729e+19,9.38482918388284e+16,CONVERGED
S3,S3_d10,High Micro-Inertia (d1/a=1.0),0.9338383838383838,507957.6847793063,0,0.2589815476495749,0.08243638695603814,-2.364178897786487,2.364178897786487,False,10.280629058991357,-2.723660535415419,1.8927964785265357e+19,9.266871812405653e+16,CONVERGED
S3,S3_d10,High Micro-Inertia (d1/a=1.0),0.9338383838383838,507957.6847793063,1,0.25899008480339464,0.08243910441649885,-2.364055266560444,2.364055266560444,False,10.279334880972119,2.7234115831006704,1.8927964785265357e+19,9.266871812405653e+16,CONVERGED
S3,S3_d10,High Micro-Inertia (d1/a=1.0),0.9338383838383838,507957.6847793063,2,2.6273630363878033,0.8363156290761004,-0.9280206214035152,0.9280206214035152,False,-2.202362306327032,1.2441693205583395,1.8927964785265357e+19,9.266871812405653e+16,CONVERGED
S3,S3_d10,High Micro-Inertia (d1/a=1.0),0.9338383838383838,507957.6847793063,3,0.25888367765109627,0.08240523396796161,2.364048104562984,2.364048104562984,False,0.09090505870890714,-0.024074075297826396,1.8927964785265357e+19,9.266871812405653e+16,CONVERGED
S3,S3_d10,High Micro-Inertia (d1/a=1.0),0.9338383838383838,507957.6847793063,4,2.28108855114368,0.7260930370896927,1.5304906374065848,1.5304906374065848,False,-0.14112398372597684,0.16409061304546557,1.8927964785265357e+19,9.266871812405653e+16,CONVERGED
S3,S3_d10,High Micro-Inertia (d1/a=1.0),0.9515151515151515,517572.89244143496,0,0.01667449318659199,0.00530765602839649,-2.38703773499785,2.38703773499785,False,10.879700453416968,0.18143030627790932,2.0060386288690893e+19,2.3029422960216912e+17,CONVERGED
S3,S3_d10,High Micro-Inertia (d1/a=1.0),0.9515151515151515,517572.89244143496,1,0.016673429014128084,0.005307317291780624,-2.3866544397043463,2.3866544397043463,False,10.87553130752646,-0.18134920478030858,2.0060386288690893e+19,2.3029422960216912e+17,CONVERGED
S3,S3_d10,High Micro-Inertia (d1/a=1.0),0.9515151515151515,517572.89244143496,2,2.5736613798742,0.8192218609033743,-1.0695026036493553,1.0695026036493553,False,-2.4564880243177636,1.567371443191428,2.0060386288690893e+19,2.3029422960216912e+17,CONVERGED
S3,S3_d10,High Micro-Inertia (d1/a=1.0),0.9515151515151515,517572.89244143496,3,0.019384167066286692,0.006170172012637301,2.3852646067347667,2.3852646067347667,False,0.09204731952786381,0.0017844841295488795,2.0060386288690893e+19,2.3029422960216912e+17,CONVERGED
S3,S3_d10,High Micro-Inertia (d1/a=1.0),0.9515151515151515,517572.89244143496,4,2.415004262139881,0.768719731815115,1.6627752179647317,1.6627752179647317,False,-0.14172459738828846,0.12596373339272687,2.0060386288690893e+19,2.3029422960216912e+17,CONVERGED
S3,S3_d10,High Micro-Inertia (d1/a=1.0),0.9691919191919192,527188.1001035634,0,4.662830705881294e-05,1.484225111283359e-05,2.1347105425310104,2.1347105425310104,False,0.11827882198198322,-5.5151412339275925e-06,2.1236211009740964e+19,7.452701867728208e+16,CONVERGED
S3,S3_d10,High Micro-Inertia (d1/a=1.0),0.9691919191919192,527188.1001035634,1,2.2811694250899173e-05,7.261187800663148e-06,-2.13467497122218,2.13467497122218,False,8.45429816784024,-0.00019285686494416112,2.1236211009740964e+19,7.452701867728208e+16,CONVERGED
S3,S3_d10,High Micro-Inertia (d1/a=1.0),0.9691919191919192,527188.1001035634,2,2.551749890980836,0.8122472173676102,-1.1831642778818143,1.1831642778818143,False,-2.713047841065288,1.8159187279631954,2.1236211009740964e+19,7.452701867728208e+16,CONVERGED
S3,S3_d10,High Micro-Inertia (d1/a=1.0),0.9691919191919192,527188.1001035634,3,9.438730058306475e-05,3.004441090579058e-05,2.6755694554778593,2.6755694554778593,False,0.06886759988741879,6.500226870311459e-06,2.1236211009740964e+19,7.452701867728208e+16,CONVERGED
S3,S3_d10,High Micro-Inertia (d1/a=1.0),0.9691919191919192,527188.1001035634,4,2.513017714735622,0.7999183827553455,1.7768709320648528,1.7768709320648528,False,-0.13683319780628264,0.09946875277038084,2.1236211009740964e+19,7.452701867728208e+16,CONVERGED
S3,S3_d10,High Micro-Inertia (d1/a=1.0),0.9868686868686869,536803.3077656921,0,4.1787477416936e-05,1.3301367180492622e-05,2.027493026425107,2.027493026425107,False,0.13166518877599892,5.501956105776163e-06,2.1478194492300845e+19,1.2853798367891643e+17,CONVERGED
S3,S3_d10,High Micro-Inertia (d1/a=1.0),0.9868686868686869,536803.3077656921,1,4.716459442276296e-06,1.5012956682614326e-06,-2.8106145248323675,2.8106145248323675,False,16.620128562744572,7.838816229218385e-05,2.1478194492300845e+19,1.2853798367891643e+17,CONVERGED
S3,S3_d10,High Micro-Inertia (d1/a=1.0),0.9868686868686869,536803.3077656921,2,2.5412804397263637,0.8089146875303924,-1.2940612704186711,1.2940612704186711,False,-3.009826489582856,2.0605129172163266,2.1478194492300845e+19,1.2853798367891643e+17,CONVERGED
S3,S3_d10,High Micro-Inertia (d1/a=1.0),0.9868686868686869,536803.3077656921,3,1.5980737996857154e-06,5.08682689291258e-07,-2.0275982426369468,2.0275982426369468,False,7.5958211139184675,1.2138682709263003e-05,2.1478194492300845e+19,1.2853798367891643e+17,CONVERGED
S3,S3_d10,High Micro-Inertia (d1/a=1.0),0.9868686868686869,536803.3077656921,4,2.591158014000641,0.8247912125207612,1.8777089165835232,1.8777089165835232,False,-0.13035043105219318,0.07999650174679071,2.1478194492300845e+19,1.2853798367891643e+17,CONVERGED
S3,S3_d10,High Micro-Inertia (d1/a=1.0),1.0045454545454544,546418.5154278205,0,8.938257804890978e-05,2.845135824556226e-05,1.938352719243213,1.938352719243213,False,0.143940865033728,-1.2865805637567473e-05,2.1679723177042362e+19,5.616216279377859e+16,CONVERGED
S3,S3_d10,High Micro-Inertia (d1/a=1.0),1.0045454545454544,546418.5154278205,1,7.025484589014997e-06,2.236281199915339e-06,2.919051624624469,2.919051624624469,False,0.0539848609420469,-3.792698085947081e-07,2.1679723177042362e+19,5.616216279377859e+16,CONVERGED
S3,S3_d10,High Micro-Inertia (d1/a=1.0),1.0045454545454544,546418.5154278205,2,2.5438799406120163,0.8097421343614392,-1.3810453148139623,1.3810453148139623,False,-3.28918931785905,2.239228159844957,2.1679723177042362e+19,5.616216279377859e+16,CONVERGED
S3,S3_d10,High Micro-Inertia (d1/a=1.0),1.0045454545454544,546418.5154278205,3,5.4870419729231136e-05,1.7465797058868386e-05,-1.9382969452317438,1.9382969452317438,False,6.946909911996633,0.00038117986307495877,2.1679723177042362e+19,5.616216279377859e+16,CONVERGED
S3,S3_d10,High Micro-Inertia (d1/a=1.0),1.0045454545454544,546418.5154278205,4,2.6550974431246557,0.8451437649278828,1.9663993892716685,1.9663993892716685,False,-0.12372130801280297,0.0654355337084927,2.1679723177042362e+19,5.616216279377859e+16,CONVERGED
S3,S3_d10,High Micro-Inertia (d1/a=1.0),1.0222222222222221,556033.7230899491,0,3.8545845181265135e-05,1.2269523592506522e-05,1.8548442163536973,1.8548442163536973,False,0.156477317267135,-6.031550448745882e-06,2.4172722990164324e+19,1.719695719990823e+17,CONVERGED
S3,S3_d10,High Micro-Inertia (d1/a=1.0),1.0222222222222221,556033.7230899491,1,1.970059783469848e-05,6.270895054515507e-06,-3.0127584846834115,3.0127584846834115,False,20.34343966009878,-0.0004007779233699104,2.4172722990164324e+19,1.719695719990823e+17,CONVERGED
S3,S3_d10,High Micro-Inertia (d1/a=1.0),1.0222222222222221,556033.7230899491,2,2.55204072671192,0.8123397932560696,-1.4554911049058419,1.4554911049058419,False,-3.5629686855707927,2.383294316268246,2.4172722990164324e+19,1.719695719990823e+17,CONVERGED
S3,S3_d10,High Micro-Inertia (d1/a=1.0),1.0222222222222221,556033.7230899491,3,1.634803436503337e-05,5.203740958062472e-06,-1.8548986375175938,1.8548986375175938,False,6.391050404199566,0.00010448111164582273,2.4172722990164324e+19,1.719695719990823e+17,CONVERGED
S3,S3_d10,High Micro-Inertia (d1/a=1.0),1.0222222222222221,556033.7230899491,4,2.709269858730516,0.8623873803736852,2.0443873780345045,2.0443873780345045,False,-0.11754855547697476,0.05424106265529914,2.4172722990164324e+19,1.719695719990823e+17,CONVERGED
S3,S3_d10,High Micro-Inertia (d1/a=1.0),1.0398989898989899,565648.9307520777,0,8.260179317259748e-06,2.6292967383346523e-06,1.772329467940766,1.772329467940766,False,0.16993666537348745,-1.4037073285940972e-06,2.4921187360743657e+19,1.5558538015340256e+17,CONVERGED
S3,S3_d10,High Micro-Inertia (d1/a=1.0),1.0398989898989899,565648.9307520777,1,1.99954248584906e-06,6.364741410902682e-07,-3.0962861904779286,3.0962861904779286,False,22.1156652105314,4.422121219133046e-05,2.4921187360743657e+19,1.5558538015340256e+17,CONVERGED
S3,S3_d10,High Micro-Inertia (d1/a=1.0),1.0398989898989899,565648.9307520777,2,2.5644164326416443,0.8162791028020043,-1.5206240992831987,1.5206240992831987,False,-3.8339478749041436,2.4964368836815707,2.4921187360743657e+19,1.5558538015340256e+17,CONVERGED
S3,S3_d10,High Micro-Inertia (d1/a=1.0),1.0398989898989899,565648.9307520777,3,1.4590896220992356e-06,4.644426515423578e-07,-1.7723364362182366,1.7723364362182366,False,5.884586272590143,8.586138760689995e-06,2.4921187360743657e+19,1.5558538015340256e+17,CONVERGED
S3,S3_d10,High Micro-Inertia (d1/a=1.0),1.0398989898989899,565648.9307520777,4,2.757160585201606,0.8776314720659569,2.1132763827085568,2.1132763827085568,False,-0.11202137142680366,0.04531947662549169,2.4921187360743657e+19,1.5558538015340256e+17,CONVERGED
S3,S3_d10,High Micro-Inertia (d1/a=1.0),1.0575757575757576,575264.1384142063,0,2.954851774735775e-05,9.405585321061165e-06,1.6876220251251484,1.6876220251251484,False,0.18495882882522796,-5.465259237663352e-06,2.5179843886058185e+19,7.138032934245787e+16,CONVERGED
S3,S3_d10,High Micro-Inertia (d1/a=1.0),1.0575757575757576,575264.1384142063,1,3.12791326462532e-05,9.956457152556547e-06,-3.1719752606331575,3.1719752606331575,False,23.854556806268004,-0.0007461498468041793,2.5179843886058185e+19,7.138032934245787e+16,CONVERGED
S3,S3_d10,High Micro-Inertia (d1/a=1.0),1.0575757575757576,575264.1384142063,2,2.578969442252242,0.8209114696347852,-1.5748144169612681,1.5748144169612681,False,-4.085366985130733,2.576272739721386,2.5179843886058185e+19,7.138032934245787e+16,CONVERGED
S3,S3_d10,High Micro-Inertia (d1/a=1.0),1.0575757575757576,575264.1384142063,3,3.7323010905532927e-06,1.1880283353376564e-06,-1.6876459553863983,1.6876459553863983,False,5.406738010051926,2.0179574171346445e-05,2.5179843886058185e+19,7.138032934245787e+16,CONVERGED
S3,S3_d10,High Micro-Inertia (d1/a=1.0),1.0575757575757576,575264.1384142063,4,2.7990143990325556,0.890953954782844,2.1741439825136855,2.1741439825136855,False,-0.10709821780867029,0.03819555161735275,2.5179843886058185e+19,7.138032934245787e+16,CONVERGED
S3,S3_d10,High Micro-Inertia (d1/a=1.0),1.0752525252525253,584879.3460763348,0,0.00014295435908552711,4.550378576999088e-05,1.5983076037691497,1.5983076037691497,False,0.20223849413395217,2.8910874508281653e-05,2.7343008110149136e+19,8.908380307528418e+16,CONVERGED
S3,S3_d10,High Micro-Inertia (d1/a=1.0),1.0752525252525253,584879.3460763348,1,5.169508871769459e-05,1.6455057805990325e-05,-3.241320223510538,3.241320223510538,False,25.56745419525924,-0.0013217118140868922,2.7343008110149136e+19,8.908380307528418e+16,CONVERGED
S3,S3_d10,High Micro-Inertia (d1/a=1.0),1.0752525252525253,584879.3460763348,2,2.5953878959546826,0.826137625764123,-1.619512379300079,1.619512379300079,False,-4.315771325481178,2.6235377278642606,2.7343008110149136e+19,8.908380307528418e+16,CONVERGED
S3,S3_d10,High Micro-Inertia (d1/a=1.0),1.0752525252525253,584879.3460763348,3,1.952901803177254e-05,6.216279506974713e-06,-1.5984666169732018,1.5984666169732018,False,4.945443347568381,-9.657965232205039e-05,2.7343008110149136e+19,8.908380307528418e+16,CONVERGED
S3,S3_d10,High Micro-Inertia (d1/a=1.0),1.0752525252525253,584879.3460763348,4,2.8378964332590884,0.9033304906720859,2.230035546421683,2.230035546421683,False,-0.10260403005942798,0.03215516025413195,2.7343008110149136e+19,8.908380307528418e+16,CONVERGED
S3,S3_d10,High Micro-Inertia (d1/a=1.0),1.0929292929292929,594494.5537384634,0,4.655445630716988e-05,1.4818743688483501e-05,1.5025394223612265,1.5025394223612265,False,0.22256425702642593,-1.0361357986759924e-05,2.8077950242890433e+19,8.278168606929179e+16,CONVERGED
S3,S3_d10,High Micro-Inertia (d1/a=1.0),1.0929292929292929,594494.5537384634,1,4.946407818742882e-05,1.574490509802659e-05,3.305233750438477,3.305233750438477,False,0.03669063433717354,1.8148684070804557e-06,2.8077950242890433e+19,8.278168606929179e+16,CONVERGED
S3,S3_d10,High Micro-Inertia (d1/a=1.0),1.0929292929292929,594494.5537384634,2,2.6121451541636382,0.8314716267173681,-1.6578046432773723,1.6578046432773723,False,-4.529284536817364,2.6504244383368203,2.8077950242890433e+19,8.278168606929179e+16,CONVERGED
S3,S3_d10,High Micro-Inertia (d1/a=1.0),1.0929292929292929,594494.5537384634,3,8.846108494489896e-06,2.815803788050543e-06,-1.5025576550680901,1.5025576550680901,False,4.493166356139289,3.9747037071236764e-05,2.8077950242890433e+19,8.278168606929179e+16,CONVERGED
S3,S3_d10,High Micro-Inertia (d1/a=1.0),1.0929292929292929,594494.5537384634,4,2.872801643960121,0.914441164317553,2.279464619795716,2.279464619795716,False,-0.09866426246868101,0.027177759530707227,2.8077950242890433e+19,8.278168606929179e+16,CONVERGED
S3,S3_d10,High Micro-Inertia (d1/a=1.0),1.1106060606060606,604109.761400592,0,6.859304941358771e-05,2.1833845751838235e-05,1.3971182334001937,1.3971182334001937,False,0.24730862318036048,1.6963652636821508e-05,2.9347236923547898e+19,9.735189097975642e+16,CONVERGED
S3,S3_d10,High Micro-Inertia (d1/a=1.0),1.1106060606060606,604109.761400592,1,1.1839297889092523e-05,3.7685655635730342e-06,-3.3643548285217073,3.3643548285217073,False,28.914836250233947,-0.00034233135979684545,2.9347236923547898e+19,9.735189097975642e+16,CONVERGED
S3,S3_d10,High Micro-Inertia (d1/a=1.0),1.1106060606060606,604109.761400592,2,2.6294283771592233,0.8369730474619818,-1.6888254464193586,1.6888254464193586,False,-4.718539558008312,2.652779945463879,2.9347236923547898e+19,9.735189097975642e+16,CONVERGED
S3,S3_d10,High Micro-Inertia (d1/a=1.0),1.1106060606060606,604109.761400592,3,3.294913405953229e-05,1.0488035112344183e-05,-1.397120457828821,1.397120457828821,False,4.043539641585705,-0.00013323112977385444,2.9347236923547898e+19,9.735189097975642e+16,CONVERGED
S3,S3_d10,High Micro-Inertia (d1/a=1.0),1.1106060606060606,604109.761400592,4,2.9055762828835836,0.9248736559029951,2.3242944957090415,2.3242944957090415,False,-0.0951397094525977,0.022880966784445095,2.9347236923547898e+19,9.735189097975642e+16,CONVERGED
S3,S3_d10,High Micro-Inertia (d1/a=1.0),1.1282828282828283,613724.9690627207,0,3.449287162689387e-05,1.0979422041708692e-05,1.2786129230695569,1.2786129230695569,False,0.2784232270059749,9.603616630871284e-06,3.0486648285324694e+19,7.551036325184275e+16,CONVERGED
S3,S3_d10,High Micro-Inertia (d1/a=1.0),1.1282828282828283,613724.9690627207,1,4.745825967740467e-06,1.5106433236395464e-06,3.4189938065230567,3.4189938065230567,False,0.032745366542305615,-1.5540381086082058e-07,3.0486648285324694e+19,7.551036325184275e+16,CONVERGED
S3,S3_d10,High Micro-Inertia (d1/a=1.0),1.1282828282828283,613724.9690627207,2,2.646700588905818,0.8424709632171827,-1.7133926265751223,1.7133926265751223,False,-4.8821317397627775,2.634830395541522,3.0486648285324694e+19,7.551036325184275e+16,CONVERGED
S3,S3_d10,High Micro-Inertia (d1/a=1.0),1.1282828282828283,613724.9690627207,3,4.041854427816817e-06,1.2865622228898213e-06,-1.2785890676024025,1.2785890676024025,False,3.591568688315263,1.4516597805754334e-05,3.0486648285324694e+19,7.551036325184275e+16,CONVERGED
S3,S3_d10,High Micro-Inertia (d1/a=1.0),1.1282828282828283,613724.9690627207,4,2.9367277355436454,0.9347894712536792,2.3652210356608427,2.3652210356608427,False,-0.09196434746876753,0.019108342863542786,3.0486648285324694e+19,7.551036325184275e+16,CONVERGED
S3,S3_d10,High Micro-Inertia (d1/a=1.0),1.145959595959596,623340.1767248492,0,1.2164000361311588e-05,3.87192157054868e-06,1.1415489503464211,1.1415489503464211,False,0.31932402147247313,-3.884257512758207e-06,3.0720231118241997e+19,2.260534150635134e+17,CONVERGED
S3,S3_d10,High Micro-Inertia (d1/a=1.0),1.145959595959596,623340.1767248492,1,6.542899837861357e-05,2.082669702701591e-05,-3.470316580897028,3.470316580897028,False,32.14691786529193,-0.0021033406398870444,3.0720231118241997e+19,2.260534150635134e+17,CONVERGED
S3,S3_d10,High Micro-Inertia (d1/a=1.0),1.145959595959596,623340.1767248492,2,2.663937363015086,0.8479575988220796,-1.7321564627863668,1.7321564627863668,False,-5.020139048321773,2.5985959760448623,3.0720231118241997e+19,2.260534150635134e+17,CONVERGED
S3,S3_d10,High Micro-Inertia (d1/a=1.0),1.145959595959596,623340.1767248492,3,3.892686156172927e-06,1.239080487320622e-06,-1.1415317447264057,1.1415317447264057,False,3.1315614460675514,1.2190185888373603e-05,3.0720231118241997e+19,2.260534150635134e+17,CONVERGED
S3,S3_d10,High Micro-Inertia (d1/a=1.0),1.145959595959596,623340.1767248492,4,2.9668053685363014,0.9443634791882493,2.4020390888011103,2.4020390888011103,False,-0.08915375601716874,0.015743595862426327,3.0720231118241997e+19,2.260534150635134e+17,CONVERGED
S3,S3_d10,High Micro-Inertia (d1/a=1.0),1.1636363636363636,632955.3843869776,0,2.0127604680377922e-05,6.406815554963429e-06,0.9764977325106414,0.9764977325106414,False,0.37662784308448727,7.580616338251655e-06,3.30092317359946e+19,7.06509275439643e+16,CONVERGED
S3,S3_d10,High Micro-Inertia (d1/a=1.0),1.1636363636363636,632955.3843869776,1,0.0007802732871505262,0.00024836870122513623,3.517387236399374,3.517387236399374,False,0.029676863579483598,2.3156068596823568e-05,3.30092317359946e+19,7.06509275439643e+16,CONVERGED
S3,S3_d10,High Micro-Inertia (d1/a=1.0),1.1636363636363636,632955.3843869776,2,2.680623390496282,0.8532689263304787,-1.7456882155774773,1.7456882155774773,False,-5.131772588944565,2.548728403190162,3.30092317359946e+19,7.06509275439643e+16,CONVERGED
S3,S3_d10,High Micro-Inertia (d1/a=1.0),1.1636363636363636,632955.3843869776,3,3.229532083913807e-05,1.0279919900575042e-05,-0.9765141375074211,0.9765141375074211,False,2.6551844818943646,8.575003475969118e-05,3.30092317359946e+19,7.06509275439643e+16,CONVERGED
S3,S3_d10,High Micro-Inertia (d1/a=1.0),1.1636363636363636,632955.3843869776,4,2.995447122126556,0.9534804325136674,2.4353903088621074,2.4353903088621074,False,-0.08663011284267963,0.012751517915140578,3.30092317359946e+19,7.06509275439643e+16,CONVERGED
S3,S3_d10,High Micro-Inertia (d1/a=1.0),1.1813131313131313,642570.5920491063,0,2.5026224224128137e-05,7.966094584392252e-06,0.7633102790663104,0.7633102790663104,False,0.46612087998766377,-1.1665245660554556e-05,3.320279880389377e+19,1.7240467535527184e+17,CONVERGED
S3,S3_d10,High Micro-Inertia (d1/a=1.0),1.1813131313131313,642570.5920491063,1,0.0009063190372362217,0.0002884903095888645,3.561764055941499,3.561764055941499,False,0.02838868960032489,2.572921687174612e-05,3.320279880389377e+19,1.7240467535527184e+17,CONVERGED
S3,S3_d10,High Micro-Inertia (d1/a=1.0),1.1813131313131313,642570.5920491063,2,2.6967924745718834,0.8584157056422794,-1.75381980894781,1.75381980894781,False,-5.2145411830775865,2.4855523420089725,3.320279880389377e+19,1.7240467535527184e+17,CONVERGED
S3,S3_d10,High Micro-Inertia (d1/a=1.0),1.1813131313131313,642570.5920491063,3,4.433413846329046e-05,1.4111994568306404e-05,-0.7632831347739432,0.7632831347739432,False,2.145308004238347,9.511038216862185e-05,3.320279880389377e+19,1.7240467535527184e+17,CONVERGED
S3,S3_d10,High Micro-Inertia (d1/a=1.0),1.1813131313131313,642570.5920491063,4,3.023875768737784,0.9625295517808465,2.4657429939735342,2.4657429939735342,False,-0.08435782653850325,0.009976465355449356,3.320279880389377e+19,1.7240467535527184e+17,CONVERGED
S3,S3_d10,High Micro-Inertia (d1/a=1.0),1.198989898989899,652185.7997112349,0,3.369355941936142e-05,1.0724993063903722e-05,0.43131076516231265,0.43131076516231265,False,0.6496569882729061,-2.1889256344859846e-05,3.912079560078745e+19,9.3165126714539e+16,CONVERGED
S3,S3_d10,High Micro-Inertia (d1/a=1.0),1.198989898989899,652185.7997112349,1,3.2115087510283296e-06,1.0222549850180753e-06,3.603247821274775,3.603247821274775,False,0.027235123834192493,-8.746583852915013e-08,3.912079560078745e+19,9.3165126714539e+16,CONVERGED
S3,S3_d10,High Micro-Inertia (d1/a=1.0),1.198989898989899,652185.7997112349,2,2.7123122345691897,0.8633557986806217,-1.7571493549417923,1.7571493549417923,False,-5.270004371094038,2.4123464923019524,3.912079560078745e+19,9.3165126714539e+16,CONVERGED
S3,S3_d10,High Micro-Inertia (d1/a=1.0),1.198989898989899,652185.7997112349,3,1.2332313239747052e-05,3.92549722372674e-06,-0.4312766688543342,0.4312766688543342,False,1.5392213455411676,1.898215977948092e-05,3.912079560078745e+19,9.3165126714539e+16,CONVERGED
S3,S3_d10,High Micro-Inertia (d1/a=1.0),1.198989898989899,652185.7997112349,4,3.0517775646675727,0.971410969267581,2.492985088883269,2.492985088883269,False,-0.08232965580294599,0.007414392771524309,3.912079560078745e+19,9.3165126714539e+16,CONVERGED
S3,S3_d10,High Micro-Inertia (d1/a=1.0),1.2166666666666666,661801.0073733634,0,0.49134753887735616,0.15640077917673692,-5.254300126399649e-05,5.254300126399649e-05,True,0.8817441992937035,0.4718392295434548,3.6024915414520623e+19,4.782031182555979e+16,CONVERGED
S3,S3_d10,High Micro-Inertia (d1/a=1.0),1.2166666666666666,661801.0073733634,1,1.7692275188838906e-05,5.631626101691616e-06,3.641885848166624,3.641885848166624,False,0.026202882679742332,-4.6358861115923227e-07,3.6024915414520623e+19,4.782031182555979e+16,CONVERGED
S3,S3_d10,High Micro-Inertia (d1/a=1.0),1.2166666666666666,661801.0073733634,2,2.7270620978946294,0.8680508259969689,-1.755713783946733,1.755713783946733,False,-5.297401348381019,2.331006329993727,3.6024915414520623e+19,4.782031182555979e+16,CONVERGED
S3,S3_d10,High Micro-Inertia (d1/a=1.0),1.2166666666666666,661801.0073733634,3,0.4913596515343306,0.15640463475519983,-6.037397731006763e-05,6.037397731006763e-05,True,0.8817453889022691,-0.4718536048336752,3.6024915414520623e+19,4.782031182555979e+16,CONVERGED
S3,S3_d10,High Micro-Inertia (d1/a=1.0),1.2166666666666666,661801.0073733634,4,3.0795646701760346,0.9802558796593565,2.5174098793549247,2.5174098793549247,False,-0.0805131422940877,0.005000482570452724,3.6024915414520623e+19,4.782031182555979e+16,CONVERGED
S3,S3_d10,High Micro-Inertia (d1/a=1.0),1.2343434343434343,671416.215035492,0,0.8402091318927906,0.26744687314337573,3.061153213108806e-05,3.061153213108806e-05,True,0.6672866556416349,0.744759892859728,3.827451813070459e+19,1.2230662217769651e+17,CONVERGED
S3,S3_d10,High Micro-Inertia (d1/a=1.0),1.2343434343434343,671416.215035492,1,4.705849014844714e-06,1.4979182643133243e-06,-3.677605351953778,3.677605351953778,False,39.55156849428488,0.0001861237096357676,3.827451813070459e+19,1.2230662217769651e+17,CONVERGED
S3,S3_d10,High Micro-Inertia (d1/a=1.0),1.2343434343434343,671416.215035492,2,2.7410141374436936,0.8724918981178633,-1.7496163659507287,1.7496163659507287,False,-5.2970102461259385,2.2431530768805623,3.827451813070459e+19,1.2230662217769651e+17,CONVERGED
S3,S3_d10,High Micro-Inertia (d1/a=1.0),1.2343434343434343,671416.215035492,3,0.840257786852977,0.267462360498215,3.594822918601055e-05,3.594822918601055e-05,True,0.667246857685036,-0.7447883840632598,3.827451813070459e+19,1.2230662217769651e+17,CONVERGED
S3,S3_d10,High Micro-Inertia (d1/a=1.0),1.2343434343434343,671416.215035492,4,3.1075074975099657,0.9891503578476734,2.539078239852532,2.539078239852532,False,-0.07889327799288864,0.002690131571108162,3.827451813070459e+19,1.2230662217769651e+17,CONVERGED
S3,S3_d10,High Micro-Inertia (d1/a=1.0),1.252020202020202,681031.4226976206,0,1.102831608693556,0.35104220384313256,-3.5233914439878894e-05,3.5233914439878894e-05,True,0.4510866490903761,-0.8925196386210286,3.940847539780508e+19,5.943294628175831e+16,CONVERGED
S3,S3_d10,High Micro-Inertia (d1/a=1.0),1.252020202020202,681031.4226976206,1,0.0003853184007999146,0.00012265065630314104,3.7099175228492345,3.7099175228492345,False,0.02447954037404404,9.432417816054804e-06,3.940847539780508e+19,5.943294628175831e+16,CONVERGED
S3,S3_d10,High Micro-Inertia (d1/a=1.0),1.252020202020202,681031.4226976206,2,2.754100941836234,0.8766575573345624,-1.7388449222859212,1.7388449222859212,False,-5.2688516299010235,2.1503544182201915,3.940847539780508e+19,5.943294628175831e+16,CONVERGED
S3,S3_d10,High Micro-Inertia (d1/a=1.0),1.252020202020202,681031.4226976206,3,1.1029606777480534,0.3510832877991795,-7.622235013015132e-05,7.622235013015132e-05,True,0.4509899336605875,0.8926144386337043,3.940847539780508e+19,5.943294628175831e+16,CONVERGED
S3,S3_d10,High Micro-Inertia (d1/a=1.0),1.252020202020202,681031.4226976206,4,3.1359148350572066,0.9981926942291202,2.5580846847253786,2.5580846847253786,False,-0.07745169683157402,0.0004397614052815774,3.940847539780508e+19,5.943294628175831e+16,CONVERGED
S3,S3_d10,High Micro-Inertia (d1/a=1.0),1.2696969696969698,690646.6303597492,0,1.3359729970051988,0.42525341262134253,8.230007044943716e-06,8.230007044943716e-06,True,0.23266925268884697,0.9725474584690399,4.026604517138994e+19,2.7093249152953203e+17,CONVERGED
S3,S3_d10,High Micro-Inertia (d1/a=1.0),1.2696969696969698,690646.6303597492,1,0.00016645246836783322,5.298346626117601e-05,3.741685543333201,3.741685543333201,False,0.02371409795704128,-3.947270176521026e-06,4.026604517138994e+19,2.7093249152953203e+17,CONVERGED
S3,S3_d10,High Micro-Inertia (d1/a=1.0),1.2696969696969698,690646.6303597492,2,2.766214141172084,0.8805133084364783,-1.7233594145482791,1.7233594145482791,False,-5.21315546304523,2.054315856625239,4.026604517138994e+19,2.7093249152953203e+17,CONVERGED
S3,S3_d10,High Micro-Inertia (d1/a=1.0),1.2696969696969698,690646.6303597492,3,1.3359821655111244,0.4252563310474202,-1.0527981714875487e-05,1.0527981714875487e-05,True,0.2326647001528296,-0.9725678349029964,4.026604517138994e+19,2.7093249152953203e+17,CONVERGED
S3,S3_d10,High Micro-Inertia (d1/a=1.0),1.2696969696969698,690646.6303597492,4,3.1181341580717294,0.9925329289616022,2.5744954948815053,2.5744954948815053,False,-0.07617128910972706,-0.0017871916873447287,4.026604517138994e+19,2.7093249152953203e+17,CONVERGED
S3,S3_d10,High Micro-Inertia (d1/a=1.0),1.2873737373737373,700261.8380218776,0,1.558515152884566,0.4960907809303993,1.5173484126930914e-05,1.5173484126930914e-05,True,0.012280678847980443,-0.9999094151068103,3.949219000718672e+19,9.2362102231495e+16,CONVERGED
S3,S3_d10,High Micro-Inertia (d1/a=1.0),1.2873737373737373,700261.8380218776,1,9.051780332779587e-05,2.8812711674877454e-05,-3.7700404844029745,3.7700404844029745,False,43.38182090970376,-0.003926827143831011,3.949219000718672e+19,9.2362102231495e+16,CONVERGED
S3,S3_d10,High Micro-Inertia (d1/a=1.0),1.2873737373737373,700261.8380218776,2,2.7773321051012294,0.8840522662693601,-1.70310057889591,1.70310057889591,False,-5.130671172356254,1.9561960021626907,3.949219000718672e+19,9.2362102231495e+16,CONVERGED
S3,S3_d10,High Micro-Inertia (d1/a=1.0),1.2873737373737373,700261.8380218776,3,1.558555602978471,0.4961036565951864,-8.637907534015001e-06,8.637907534015001e-06,True,0.012240523868645008,0.9999337205733773,3.949219000718672e+19,9.2362102231495e+16,CONVERGED
S3,S3_d10,High Micro-Inertia (d1/a=1.0),1.2873737373737373,700261.8380218776,4,3.0880893301820285,0.9829693632156199,2.5881935231378708,2.5881935231378708,False,-0.07504813965058416,-0.004019160709638599,3.949219000718672e+19,9.2362102231495e+16,CONVERGED
S3,S3_d10,High Micro-Inertia (d1/a=1.0),1.305050505050505,709877.0456840061,0,1.7826414893668487,0.5674324095868647,7.546174542433007e-05,7.546174542433007e-05,True,-0.2102483036937533,-0.9775708356387417,4.355774482581805e+19,4.950810067550193e+16,CONVERGED
S3,S3_d10,High Micro-Inertia (d1/a=1.0),1.305050505050505,709877.0456840061,1,6.649506486422664e-05,2.1166036528715762e-05,-3.796751055815885,3.796751055815885,False,44.55618841088664,-0.002962766642851327,4.355774482581805e+19,4.950810067550193e+16,CONVERGED
S3,S3_d10,High Micro-Inertia (d1/a=1.0),1.305050505050505,709877.0456840061,2,2.787217358452575,0.8871988401385248,-1.6778110686403116,1.6778110686403116,False,-5.021155815967653,1.8578012556871926,4.355774482581805e+19,4.950810067550193e+16,CONVERGED
S3,S3_d10,High Micro-Inertia (d1/a=1.0),1.305050505050505,709877.0456840061,3,1.7826392131595514,0.567431685047579,4.360016474020731e-05,4.360016474020731e-05,True,-0.21025277741845172,0.9776024616684355,4.355774482581805e+19,4.950810067550193e+16,CONVERGED
S3,S3_d10,High Micro-Inertia (d1/a=1.0),1.305050505050505,709877.0456840061,4,3.0562812451851316,0.9728445353005333,2.5994392316907993,2.5994392316907993,False,-0.07404496963139127,-0.006332250219312372,4.355774482581805e+19,4.950810067550193e+16,CONVERGED
S3,S3_d10,High Micro-Inertia (d1/a=1.0),1.3227272727272728,719492.2533461349,0,2.0204987914242363,0.6431447403327353,-7.420755086065056e-06,7.420755086065056e-06,True,-0.43470082579605845,-0.9005831631074016,3.881394672315791e+19,1.5553287202510074e+17,CONVERGED
S3,S3_d10,High Micro-Inertia (d1/a=1.0),1.3227272727272728,719492.2533461349,1,5.279120848892971e-05,1.680396356561598e-05,3.8210481672834926,3.8210481672834926,False,0.021904828901574677,-1.1563823905316071e-06,3.881394672315791e+19,1.5553287202510074e+17,CONVERGED
S3,S3_d10,High Micro-Inertia (d1/a=1.0),1.3227272727272728,719492.2533461349,2,2.7959745346268217,0.8899863358898408,-1.6473365903946398,1.6473365903946398,False,-4.886040591368124,1.7593197869664998,3.881394672315791e+19,1.5553287202510074e+17,CONVERGED
S3,S3_d10,High Micro-Inertia (d1/a=1.0),1.3227272727272728,719492.2533461349,3,2.020546968083556,0.64316007543968,-3.499668294053495e-05,3.499668294053495e-05,True,-0.4347562010201452,0.9005870538099051,3.881394672315791e+19,1.5553287202510074e+17,CONVERGED
S3,S3_d10,High Micro-Inertia (d1/a=1.0),1.3227272727272728,719492.2533461349,4,3.0228686697144016,0.9622089822053379,2.607749687550341,2.607749687550341,False,-0.0731813992524427,-0.008729440799127961,3.881394672315791e+19,1.5553287202510074e+17,CONVERGED
S3,S3_d10,High Micro-Inertia (d1/a=1.0),1.3404040404040405,729107.4610082634,0,2.2931801177929527,0.7299419022936064,-1.4253210998720201e-06,1.4253210998720201e-06,True,-0.6611758869283892,-0.7502328286543589,4.551141684513475e+19,4.6915659736126957e+17,CONVERGED
S3,S3_d10,High Micro-Inertia (d1/a=1.0),1.3404040404040405,729107.4610082634,1,0.00020839985047838814,6.633573268649472e-05,3.8433310632769517,3.8433310632769517,False,0.021422123447790407,4.4643673880789924e-06,4.551141684513475e+19,4.6915659736126957e+17,CONVERGED
S3,S3_d10,High Micro-Inertia (d1/a=1.0),1.3404040404040405,729107.4610082634,2,2.8035222500162553,0.892388848316399,-1.6113449323507212,1.6113449323507212,False,-4.725985988969299,1.6615021804206371,4.551141684513475e+19,4.6915659736126957e+17,CONVERGED
S3,S3_d10,High Micro-Inertia (d1/a=1.0),1.3404040404040405,729107.4610082634,3,2.2931976949770783,0.7299474972850849,-2.263831570035385e-05,2.263831570035385e-05,True,-0.6612030997558357,0.7502371215353698,4.551141684513475e+19,4.6915659736126957e+17,CONVERGED
S3,S3_d10,High Micro-Inertia (d1/a=1.0),1.3404040404040405,729107.4610082634,4,2.987206671428915,0.9508574155899981,2.6128925428052954,2.6128925428052954,False,-0.07245006565201348,-0.011274997180902375,4.551141684513475e+19,4.6915659736126957e+17,CONVERGED
S3,S3_d10,High Micro-Inertia (d1/a=1.0),1.358080808080808,738722.6686703919,0,2.6669583698389774,0.8489192151603528,1.0562989621738594e-05,1.0562989621738594e-05,True,-0.8894505229439583,0.4570083604034258,4.561337649571726e+19,5.240177760292907e+16,CONVERGED
S3,S3_d10,High Micro-Inertia (d1/a=1.0),1.358080808080808,738722.6686703919,1,0.00032554264810579875,0.00010362344326652663,-3.86378187342311,3.86378187342311,False,47.64519666152542,-0.01551054403864011,4.561337649571726e+19,5.240177760292907e+16,CONVERGED
S3,S3_d10,High Micro-Inertia (d1/a=1.0),1.358080808080808,738722.6686703919,2,2.8093545545465166,0.8942453285076157,-1.5692636055112192,1.5692636055112192,False,-4.540450566191581,1.5665801732855078,4.561337649571726e+19,5.240177760292907e+16,CONVERGED
S3,S3_d10,High Micro-Inertia (d1/a=1.0),1.358080808080808,738722.6686703919,3,2.6669801096597725,0.8489261351602357,-2.8946923146807746e-05,2.8946923146807746e-05,True,-0.8894956012129834,-0.4570070797536159,4.561337649571726e+19,5.240177760292907e+16,CONVERGED
S3,S3_d10,High Micro-Inertia (d1/a=1.0),1.358080808080808,738722.6686703919,4,2.9485656302960073,0.9385575901849591,2.614916183028178,2.614916183028178,False,-0.07181493973371658,-0.014036995457922039,4.561337649571726e+19,5.240177760292907e+16,CONVERGED
S3,S3_d10,High Micro-Inertia (d1/a=1.0),1.3757575757575757,748337.8763325205,0,3.141555546717184,0.9999881885156031,0.483834217322017,0.483834217322017,False,-0.6164153840108137,2.287324713951031e-05,4.823897063931296e+19,2.279957224320885e+17,CONVERGED
S3,S3_d10,High Micro-Inertia (d1/a=1.0),1.3757575757575757,748337.8763325205,1,9.22070426351981e-06,2.935041324655384e-06,3.8830059290500842,3.8830059290500842,False,0.02058884346850045,1.8984363675632434e-07,4.823897063931296e+19,2.279957224320885e+17,CONVERGED
S3,S3_d10,High Micro-Inertia (d1/a=1.0),1.3757575757575757,748337.8763325205,2,2.8135798627862414,0.8955902858924939,-1.5207376051364656,1.5207376051364656,False,-4.33164820856831,1.4740859610407142,4.823897063931296e+19,2.279957224320885e+17,CONVERGED
S3,S3_d10,High Micro-Inertia (d1/a=1.0),1.3757575757575757,748337.8763325205,3,3.141568371060725,0.9999922706309361,-0.4838844753290027,0.4838844753290027,False,-1.6223642112557441,-3.939510612665256e-05,4.823897063931296e+19,2.279957224320885e+17,CONVERGED
S3,S3_d10,High Micro-Inertia (d1/a=1.0),1.3757575757575757,748337.8763325205,4,2.906993804879709,0.9253248671682448,2.61347647718635,2.61347647718635,False,-0.07127205428863713,-0.017033992298668695,4.823897063931296e+19,2.279957224320885e+17,CONVERGED
S3,S3_d10,High Micro-Inertia (d1/a=1.0),1.3934343434343435,757953.0839946492,0,3.1414212054742974,0.9999454263698702,0.8144906436370482,0.8144906436370482,False,-0.4428648394401377,-7.592834288537477e-05,4.6611489424914645e+19,1.337471511270688e+17,CONVERGED
S3,S3_d10,High Micro-Inertia (d1/a=1.0),1.3934343434343435,757953.0839946492,1,3.029702856577709e-05,9.64384371447956e-06,-3.9000718066844318,3.9000718066844318,False,49.40599663629561,0.0014968548918685275,4.6611489424914645e+19,1.337471511270688e+17,CONVERGED
S3,S3_d10,High Micro-Inertia (d1/a=1.0),1.3934343434343435,757953.0839946492,2,2.8159527452507724,0.8963455978397062,-1.4646497078651273,1.4646497078651273,False,-4.098678429578283,1.3839616826726142,4.6611489424914645e+19,1.337471511270688e+17,CONVERGED
S3,S3_d10,High Micro-Inertia (d1/a=1.0),1.3934343434343435,757953.0839946492,3,3.141554336453879,0.9999878032768283,-0.814716132041977,0.814716132041977,False,-2.258534454121508,8.654057168756217e-05,4.6611489424914645e+19,1.337471511270688e+17,CONVERGED
S3,S3_d10,High Micro-Inertia (d1/a=1.0),1.3934343434343435,757953.0839946492,4,2.8593615542444084,0.9101630508898445,2.606677643687063,2.606677643687063,False,-0.07086029011589573,-0.020547462053601875,4.6611489424914645e+19,1.337471511270688e+17,CONVERGED
S3,S3_d10,High Micro-Inertia (d1/a=1.0),1.4111111111111112,767568.2916567777,0,3.141567711695389,0.999992060748431,1.0333334265607623,1.0333334265607623,False,-0.3558188852545834,8.874797064910735e-06,4.9151868660564525e+19,1.627599931645254e+17,CONVERGED
S3,S3_d10,High Micro-Inertia (d1/a=1.0),1.4111111111111112,767568.2916567777,1,3.881472293741752e-05,1.2355110040464741e-05,3.9156032510967522,3.9156032510967522,False,0.01992852310036933,-7.735201030812177e-07,4.9151868660564525e+19,1.627599931645254e+17,CONVERGED
S3,S3_d10,High Micro-Inertia (d1/a=1.0),1.4111111111111112,767568.2916567777,2,2.815758391812242,0.8962837332188083,-1.4002966390776819,1.4002966390776819,False,-3.842971410553111,1.2984516368073864,4.9151868660564525e+19,1.627599931645254e+17,CONVERGED
S3,S3_d10,High Micro-Inertia (d1/a=1.0),1.4111111111111112,767568.2916567777,3,3.141586658975604,0.9999980918550397,-1.0333383368310032,1.0333383368310032,False,-2.810432361502646,-1.6847457711557678e-05,4.9151868660564525e+19,1.627599931645254e+17,CONVERGED
S3,S3_d10,High Micro-Inertia (d1/a=1.0),1.4111111111111112,767568.2916567777,4,2.8070272135385284,0.8935045128562521,2.595285243482684,2.595285243482684,False,-0.07048688413731165,-0.024503635012416772,4.9151868660564525e+19,1.627599931645254e+17,CONVERGED
S3,S3_d10,High Micro-Inertia (d1/a=1.0),1.4287878787878787,777183.4993189061,0,3.1415504500197557,0.9999865661864249,1.2036982931747862,1.2036982931747862,False,-0.3000823643825906,1.2664547089726956e-05,4.962113323937834e+19,4.617535923567643e+16,CONVERGED
S3,S3_d10,High Micro-Inertia (d1/a=1.0),1.4287878787878787,777183.4993189061,1,1.0237017233093777e-05,3.258543790327584e-06,3.929062287952523,3.929062287952523,False,0.019662101299523633,2.012812698490902e-07,4.962113323937834e+19,4.617535923567643e+16,CONVERGED
S3,S3_d10,High Micro-Inertia (d1/a=1.0),1.4287878787878787,777183.4993189061,2,2.812649046011266,0.8952939977107934,-1.32633597713848,1.32633597713848,False,-3.5652324110616203,1.2169741225110258,4.962113323937834e+19,4.617535923567643e+16,CONVERGED
S3,S3_d10,High Micro-Inertia (d1/a=1.0),1.4287878787878787,777183.4993189061,3,3.141591025650858,0.9999994818109428,-1.2037541563924226,1.2037541563924226,False,-3.332604586556264,-5.425276762709108e-06,4.962113323937834e+19,4.617535923567643e+16,CONVERGED
S3,S3_d10,High Micro-Inertia (d1/a=1.0),1.4287878787878787,777183.4993189061,4,2.7471020891584876,0.8744297533352918,2.5771425869385007,2.5771425869385007,False,-0.07015416395958515,-0.029206158918443994,4.962113323937834e+19,4.617535923567643e+16,CONVERGED
S3,S3_d10,High Micro-Inertia (d1/a=1.0),1.4464646464646465,786798.7069810347,0,3.141523978561044,0.9999781400594152,1.345332004649706,1.345332004649706,False,-0.2604532212090282,-1.7886632482486792e-05,5.386514219212753e+19,9.875147345081736e+16,CONVERGED
S3,S3_d10,High Micro-Inertia (d1/a=1.0),1.4464646464646465,786798.7069810347,1,1.6079875502286435e-05,5.1183833409823195e-06,3.9418727406727445,3.9418727406727445,False,0.01941182736280786,-3.1213976729273013e-07,5.386514219212753e+19,9.875147345081736e+16,CONVERGED
S3,S3_d10,High Micro-Inertia (d1/a=1.0),1.4464646464646465,786798.7069810347,2,2.8057772556841223,0.8931066389138815,-1.2411108417610754,1.2411108417610754,False,-3.2662157589390732,1.1400255420142338,5.386514219212753e+19,9.875147345081736e+16,CONVERGED
S3,S3_d10,High Micro-Inertia (d1/a=1.0),1.4464646464646465,786798.7069810347,3,3.1415925850642057,0.9999999781876281,-1.345353819033547,1.345353819033547,False,-3.8395448043279137,2.6310706426155776e-07,5.386514219212753e+19,9.875147345081736e+16,CONVERGED
S3,S3_d10,High Micro-Inertia (d1/a=1.0),1.4464646464646465,786798.7069810347,4,2.6784369253444598,0.8525729528568573,2.5509257126851312,2.5509257126851312,False,-0.06979089658369983,-0.03485254784067233,5.386514219212753e+19,9.875147345081736e+16,CONVERGED
S3,S3_d10,High Micro-Inertia (d1/a=1.0),1.4641414141414142,796413.9146431634,0,3.1414928199122176,0.9999682219534536,1.467146026430222,1.467146026430222,False,-0.23058262257735415,-2.3019911273368218e-05,5.3583215898980565e+19,1.1027878389412885e+17,CONVERGED
S3,S3_d10,High Micro-Inertia (d1/a=1.0),1.4641414141414142,796413.9146431634,1,5.388304355872353e-05,1.715150546241352e-05,3.9528109987040327,3.9528109987040327,False,0.019200652807116997,1.0345896125630821e-06,5.3583215898980565e+19,1.1027878389412885e+17,CONVERGED
S3,S3_d10,High Micro-Inertia (d1/a=1.0),1.4641414141414142,796413.9146431634,2,2.79361963866364,0.8892367492238257,-1.1423312551191669,1.1423312551191669,False,-2.9462285130894434,1.0686946540901312,5.3583215898980565e+19,1.1027878389412885e+17,CONVERGED
S3,S3_d10,High Micro-Inertia (d1/a=1.0),1.4641414141414142,796413.9146431634,3,3.141591645606721,0.999999679149023,-1.4671078187375075,1.4671078187375075,False,-4.336674537206425,4.3712945225547475e-06,5.3583215898980565e+19,1.1027878389412885e+17,CONVERGED
S3,S3_d10,High Micro-Inertia (d1/a=1.0),1.4641414141414142,796413.9146431634,4,2.5976923330995705,0.82687115088943,2.513963521160945,2.513963521160945,False,-0.06926589610408351,-0.04188812413888412,5.3583215898980565e+19,1.1027878389412885e+17,CONVERGED
S3,S3_d10,High Micro-Inertia (d1/a=1.0),1.4818181818181817,806029.1223052919,0,3.141537451119833,0.99998242850807,1.5741154984915589,1.5741154984915589,False,-0.2071907318573964,-1.1437440163043137e-05,5.673437075181527e+19,8.538299982105334e+16,CONVERGED
S3,S3_d10,High Micro-Inertia (d1/a=1.0),1.4818181818181817,806029.1223052919,1,2.0510900599692636e-05,6.5288224354152065e-06,3.9625012074722346,3.9625012074722346,False,0.019015493063808602,3.900248881406171e-07,5.673437075181527e+19,8.538299982105334e+16,CONVERGED
S3,S3_d10,High Micro-Inertia (d1/a=1.0),1.4818181818181817,806029.1223052919,2,2.774041470430011,0.8830048247216922,-1.027154048507643,1.027154048507643,False,-2.6065541769605582,1.0036500829631476,5.673437075181527e+19,8.538299982105334e+16,CONVERGED
S3,S3_d10,High Micro-Inertia (d1/a=1.0),1.4818181818181817,806029.1223052919,3,3.141592646642536,0.9999999977886194,-1.5740996074935705,1.5740996074935705,False,-4.826394012126479,3.353020024959681e-08,5.673437075181527e+19,8.538299982105334e+16,CONVERGED
S3,S3_d10,High Micro-Inertia (d1/a=1.0),1.4818181818181817,806029.1223052919,4,2.5016869453219495,0.7963116868329048,2.4632358364494626,2.4632358364494626,False,-0.06831042296461805,-0.05085009240697388,5.673437075181527e+19,8.538299982105334e+16,CONVERGED
S3,S3_d10,High Micro-Inertia (d1/a=1.0),1.4994949494949494,815644.3299674204,0,3.1415847825545886,0.9999974945716799,1.6695035167453947,1.6695035167453947,False,-0.18834055035360975,1.4824351022861608e-06,7.0667859993920406e+19,6.9412543643273816e+16,CONVERGED
S3,S3_d10,High Micro-Inertia (d1/a=1.0),1.4994949494949494,815644.3299674204,1,9.226719483451256e-06,2.936956028627133e-06,-3.970545214323765,3.970545214323765,False,53.01342663905801,-0.0004891400164689909,7.0667859993920406e+19,6.9412543643273816e+16,CONVERGED
S3,S3_d10,High Micro-Inertia (d1/a=1.0),1.4994949494949494,815644.3299674204,2,2.7433481634133767,0.8732348416586232,-0.8915020015987418,0.8915020015987418,False,-2.2479380744944706,0.945764728618759,7.0667859993920406e+19,6.9412543643273816e+16,CONVERGED
S3,S3_d10,High Micro-Inertia (d1/a=1.0),1.4994949494949494,815644.3299674204,3,3.1415919982624425,0.9999997914028256,-1.6695054939816591,1.6695054939816591,False,-5.309541547635504,-3.47948779677689e-06,7.0667859993920406e+19,6.9412543643273816e+16,CONVERGED
S3,S3_d10,High Micro-Inertia (d1/a=1.0),1.4994949494949494,815644.3299674204,4,2.3840540186009274,0.75886796331687,2.39322925273185,2.39322925273185,False,-0.06635703845249957,-0.06275899570510023,7.0667859993920406e+19,6.9412543643273816e+16,CONVERGED
S3,S3_d10,High Micro-Inertia (d1/a=1.0),1.5171717171717172,825259.537629549,0,3.1415530314855085,0.9999873878924948,1.7554634608639454,1.7554634608639454,False,-0.17282712498318095,6.847774372918082e-06,5.353227088150854e+19,8.4371384453172e+16,CONVERGED
S3,S3_d10,High Micro-Inertia (d1/a=1.0),1.5171717171717172,825259.537629549,1,0.00012751603878274851,4.058961579154452e-05,-3.9778834424438094,3.9778834424438094,False,53.40388169883141,0.0068098514867676666,5.353227088150854e+19,8.4371384453172e+16,CONVERGED
S3,S3_d10,High Micro-Inertia (d1/a=1.0),1.5171717171717172,825259.537629549,2,2.6950899877769103,0.8578737872643422,-0.7303678240740356,0.7303678240740356,False,-1.8723341034575676,0.8963779169296414,5.353227088150854e+19,8.4371384453172e+16,CONVERGED
S3,S3_d10,High Micro-Inertia (d1/a=1.0),1.5171717171717172,825259.537629549,3,3.1415911078176872,0.9999995079654569,-1.7554781771634604,1.7554781771634604,False,-5.78621391589403,-8.944168071364229e-06,5.353227088150854e+19,8.4371384453172e+16,CONVERGED
S3,S3_d10,High Micro-Inertia (d1/a=1.0),1.5171717171717172,825259.537629549,4,2.2368468430552415,0.7120104640234854,2.2975809813077235,2.2975809813077235,False,-0.06209851780187895,-0.0790212554834587,5.353227088150854e+19,8.4371384453172e+16,CONVERGED
S3,S3_d10,High Micro-Inertia (d1/a=1.0),1.534848484848485,834874.7452916778,0,3.141339752375012,0.9999194990431073,1.8333981668561938,1.8333981668561938,False,-0.15986937573598756,4.0431160191912605e-05,7.979049539459113e+19,1.524256950896918e+17,CONVERGED
S3,S3_d10,High Micro-Inertia (d1/a=1.0),1.534848484848485,834874.7452916778,1,1.6875005125433786e-05,5.371480960827713e-06,3.983647578530719,3.983647578530719,False,0.018617606151821002,3.141721992651088e-07,7.979049539459113e+19,1.524256950896918e+17,CONVERGED
S3,S3_d10,High Micro-Inertia (d1/a=1.0),1.534848484848485,834874.7452916778,2,2.6172359233637663,0.8330920688820488,-0.538595917419596,0.538595917419596,False,-1.4833705436123101,0.8579241426768954,7.979049539459113e+19,1.524256950896918e+17,CONVERGED
S3,S3_d10,High Micro-Inertia (d1/a=1.0),1.534848484848485,834874.7452916778,3,3.1415822822774926,0.9999966987087621,-1.8335193602701398,1.8335193602701398,False,-6.2558646026904725,6.488152550613548e-05,7.979049539459113e+19,1.524256950896918e+17,CONVERGED
S3,S3_d10,High Micro-Inertia (d1/a=1.0),1.534848484848485,834874.7452916778,4,2.0459225296414525,0.6512373675510239,2.168572851514751,2.168572851514751,False,-0.05230522198125053,-0.10167573572302603,7.979049539459113e+19,1.524256950896918e+17,CONVERGED
S3,S3_d10,High Micro-Inertia (d1/a=1.0),1.5525252525252524,844489.952953806,0,3.1415587126840454,0.9999891962741545,1.9047535789785475,1.9047535789785475,False,-0.14885932008288238,-5.052420154553469e-06,6.453920098832536e+19,1.593588607441199e+17,CONVERGED
S3,S3_d10,High Micro-Inertia (d1/a=1.0),1.5525252525252524,844489.952953806,1,1.0415297346775038e-05,3.3152921130222993e-06,3.988287103859867,3.988287103859867,False,0.018531429362428287,-1.9301034707742754e-07,6.453920098832536e+19,1.593588607441199e+17,CONVERGED
S3,S3_d10,High Micro-Inertia (d1/a=1.0),1.5525252525252524,844489.952953806,2,2.489796408747093,0.792526811489098,-0.3146865777984555,0.3146865777984555,False,-1.0890085471748792,0.8309599043112563,6.453920098832536e+19,1.593588607441199e+17,CONVERGED
S3,S3_d10,High Micro-Inertia (d1/a=1.0),1.5525252525252524,844489.952953806,3,3.14159163075141,0.9999996744204306,-1.904745181369699,1.904745181369699,False,-6.71769561551888,-6.87111692418943e-06,6.453920098832536e+19,1.593588607441199e+17,CONVERGED
S3,S3_d10,High Micro-Inertia (d1/a=1.0),1.5525252525252524,844489.952953806,4,1.7895886637657439,0.569643763879076,2.0006417263602656,2.0006417263602656,False,-0.02935580180305657,-0.13202417813206932,6.453920098832536e+19,1.593588607441199e+17,CONVERGED
S3,S3_d10,High Micro-Inertia (d1/a=1.0),1.5702020202020202,854105.1606159348,0,3.1415429148110245,0.9999841676549912,1.970040749563406,1.970040749563406,False,-0.1394511733523332,-6.9361310661096215e-06,5.380206611120587e+19,5.2459175982733624e+16,CONVERGED
S3,S3_d10,High Micro-Inertia (d1/a=1.0),1.5702020202020202,854105.1606159348,1,0.0006938070662260189,0.0002208456482839138,-3.9918742757696912,3.9918742757696912,False,54.15628510245006,-0.03757401931361084,5.380206611120587e+19,5.2459175982733624e+16,CONVERGED
S3,S3_d10,High Micro-Inertia (d1/a=1.0),1.5702020202020202,854105.1606159348,2,2.2866558661737812,0.7278651685032737,-0.07071089971245378,0.07071089971245378,False,-0.7043514211620934,0.8098144825749585,5.380206611120587e+19,5.2459175982733624e+16,CONVERGED
S3,S3_d10,High Micro-Inertia (d1/a=1.0),1.5702020202020202,854105.1606159348,3,3.141589114417863,0.9999988734465857,-1.9700046985237032,1.9700046985237032,False,-7.170710179974304,-2.537837619043402e-05,5.380206611120587e+19,5.2459175982733624e+16,CONVERGED
S3,S3_d10,High Micro-Inertia (d1/a=1.0),1.5702020202020202,854105.1606159348,4,1.4415897979630028,0.45887228451331724,1.8006358194185756,1.8006358194185756,False,0.021284782176793367,-0.1638168387898516,5.380206611120587e+19,5.2459175982733624e+16,CONVERGED
S3,S3_d10,High Micro-Inertia (d1/a=1.0),1.587878787878788,863720.3682780633,0,3.1415905537210955,0.9999993315910338,2.0299357637594557,2.0299357637594557,False,-0.13134395791930234,-2.7580506587169667e-07,6.864229437036482e+19,5.3371929771422104e+16,CONVERGED
S3,S3_d10,High Micro-Inertia (d1/a=1.0),1.587878787878788,863720.3682780633,1,2.6057225535890566e-05,8.29427249459469e-06,3.9946476921252696,3.9946476921252696,False,0.018413932635298065,4.798159957892524e-07,6.864229437036482e+19,5.3371929771422104e+16,CONVERGED
S3,S3_d10,High Micro-Inertia (d1/a=1.0),1.587878787878788,863720.3682780633,2,1.9908282275016642,0.6337003065075325,0.17245696950290765,0.17245696950290765,False,-0.34319346947862983,0.7684396845202182,6.864229437036482e+19,5.3371929771422104e+16,CONVERGED
S3,S3_d10,High Micro-Inertia (d1/a=1.0),1.587878787878788,863720.3682780633,3,3.1415910436826486,0.99999948755064,-2.0299402776067277,2.0299402776067277,False,-7.613631640888733,1.225723997591454e-05,6.864229437036482e+19,5.3371929771422104e+16,CONVERGED
S3,S3_d10,High Micro-Inertia (d1/a=1.0),1.587878787878788,863720.3682780633,4,0.9870101966312796,0.3141751033519435,1.5836208170433326,1.5836208170433326,False,0.11312045686530418,-0.17124071179386538,6.864229437036482e+19,5.3371929771422104e+16,CONVERGED
S3,S3_d10,High Micro-Inertia (d1/a=1.0),1.6055555555555556,873335.5759401919,0,3.1415800198593993,0.9999959785587162,2.085036513623368,2.085036513623368,False,-0.12430258133535656,-1.5704052999366032e-06,6.86056731391515e+19,1.8971485446921622e+17,CONVERGED
S3,S3_d10,High Micro-Inertia (d1/a=1.0),1.6055555555555556,873335.5759401919,1,4.036310780707097e-06,1.2847976252092833e-06,3.9961340055097923,3.9961340055097923,False,0.018386584096141922,7.421396760803832e-08,6.86056731391515e+19,1.8971485446921622e+17,CONVERGED
S3,S3_d10,High Micro-Inertia (d1/a=1.0),1.6055555555555556,873335.5759401919,2,1.5700088740457347,0.4997493460050392,-0.4122328420230977,0.4122328420230977,False,0.0011892000182987307,1.5101855619453277,6.86056731391515e+19,1.8971485446921622e+17,CONVERGED
S3,S3_d10,High Micro-Inertia (d1/a=1.0),1.6055555555555556,873335.5759401919,3,3.1415538264661174,0.9999876409426819,-2.084948331418547,2.084948331418547,False,-8.044175833741889,0.0003123322101229136,6.86056731391515e+19,1.8971485446921622e+17,CONVERGED
S3,S3_d10,High Micro-Inertia (d1/a=1.0),1.6055555555555556,873335.5759401919,4,0.40662190789256786,0.1294317732211191,-1.2412943445418883,1.2412943445418883,False,3.1779608062418285,-1.368496181323481,6.86056731391515e+19,1.8971485446921622e+17,CONVERGED
S3,S3_d10,High Micro-Inertia (d1/a=1.0),1.6232323232323231,882950.7836023204,0,3.141590530164501,0.999999324092737,2.1356948133821567,2.1356948133821567,False,-0.11816246098821077,-2.509091582448848e-07,6.867725380780324e+19,9.791189560566666e+16,CONVERGED
S3,S3_d10,High Micro-Inertia (d1/a=1.0),1.6232323232323231,882950.7836023204,1,0.8308635292143481,0.2644720754184818,1.2467047278798682,1.2467047278798682,False,0.19381010829966736,0.21228615587128094,6.867725380780324e+19,9.791189560566666e+16,CONVERGED
S3,S3_d10,High Micro-Inertia (d1/a=1.0),1.6232323232323231,882950.7836023204,2,0.5106491853153735,0.162544684057582,0.4910234108815155,0.4910234108815155,False,0.5339253513677705,0.29911103078304635,6.867725380780324e+19,9.791189560566666e+16,CONVERGED
S3,S3_d10,High Micro-Inertia (d1/a=1.0),1.6232323232323231,882950.7836023204,3,3.1415889467809097,0.9999988200860862,-2.135714175989038,2.135714175989038,False,-8.463088483617367,-3.137105157275857e-05,6.867725380780324e+19,9.791189560566666e+16,CONVERGED
S3,S3_d10,High Micro-Inertia (d1/a=1.0),1.6232323232323231,882950.7836023204,4,0.011774145243732083,0.00374782683244378,-3.9607401999483205,3.9607401999483205,False,52.49253049022232,-0.6180832401956491,6.867725380780324e+19,9.791189560566666e+16,CONVERGED
S3,S3_d10,High Micro-Inertia (d1/a=1.0),1.6409090909090909,892565.9912644491,0,3.141589073992579,0.9999988605788181,2.182266351109569,2.182266351109569,False,-0.11278562893242541,-4.037271231576853e-07,7.0973228673674215e+19,3.038709061411804e+17,CONVERGED
S3,S3_d10,High Micro-Inertia (d1/a=1.0),1.6409090909090909,892565.9912644491,1,1.230734292049186,0.3917548924246646,1.8966566981788258,1.8966566981788258,False,0.05005502071153345,0.1414756249851014,7.0973228673674215e+19,3.038709061411804e+17,CONVERGED
S3,S3_d10,High Micro-Inertia (d1/a=1.0),1.6409090909090909,892565.9912644491,2,0.2742656291754807,0.087301461206973,-0.20537074119802765,0.20537074119802765,False,1.1820836888686206,0.3325862757376408,7.0973228673674215e+19,3.038709061411804e+17,CONVERGED
S3,S3_d10,High Micro-Inertia (d1/a=1.0),1.6409090909090909,892565.9912644491,3,3.1415911247601613,0.9999995133584139,-2.1822506379813627,2.1822506379813627,False,-8.866238513302095,1.3554968163015198e-05,7.0973228673674215e+19,3.038709061411804e+17,CONVERGED
S3,S3_d10,High Micro-Inertia (d1/a=1.0),1.6409090909090909,892565.9912644491,4,4.014284635531564e-06,1.2777864854453918e-06,3.996554568152955,3.996554568152955,False,0.018378853011553984,-7.377794726337048e-08,7.0973228673674215e+19,3.038709061411804e+17,CONVERGED
S3,S3_d10,High Micro-Inertia (d1/a=1.0),1.6585858585858586,902181.1989265776,0,3.14158232474526,0.9999967122266723,2.224928874961882,2.224928874961882,False,-0.10807510520168466,-1.116290959586584e-06,7.274171677104386e+19,5.130654859108277e+17,CONVERGED
S3,S3_d10,High Micro-Inertia (d1/a=1.0),1.6585858585858586,902181.1989265776,1,1.4698486730090226,0.46786736381289773,2.1962387752215973,2.1962387752215973,False,0.011208409511866762,0.11065448645444174,7.274171677104386e+19,5.130654859108277e+17,CONVERGED
S3,S3_d10,High Micro-Inertia (d1/a=1.0),1.6585858585858586,902181.1989265776,2,0.1870461216087216,0.05953862968039165,-0.5726861080681115,0.5726861080681115,False,1.7420977965423687,0.32970670180190137,7.274171677104386e+19,5.130654859108277e+17,CONVERGED
S3,S3_d10,High Micro-Inertia (d1/a=1.0),1.6585858585858586,902181.1989265776,3,3.141585823819327,0.9999978260165403,-2.224930904677567,2.224930904677567,False,-9.252843453401438,6.319479694904298e-05,7.274171677104386e+19,5.130654859108277e+17,CONVERGED
S3,S3_d10,High Micro-Inertia (d1/a=1.0),1.6585858585858586,902181.1989265776,4,0.0019854993690533677,0.0006320040781813657,3.992359526449256,3.992359526449256,False,0.01845607863299386,3.664458063453783e-05,7.274171677104386e+19,5.130654859108277e+17,CONVERGED
S3,S3_d10,High Micro-Inertia (d1/a=1.0),1.6762626262626263,911796.4065887061,0,3.1415830363267614,0.999996938730099,2.2639546736192404,2.2639546736192404,False,-0.10393862755789778,-9.996051204338415e-07,7.425620056598992e+19,1.0071177937148413e+17,CONVERGED
S3,S3_d10,High Micro-Inertia (d1/a=1.0),1.6762626262626263,911796.4065887061,1,1.6541622310501918,0.5265361914951118,2.380708811960441,2.380708811960441,False,-0.00770116804219493,0.09216380633638313,7.425620056598992e+19,1.0071177937148413e+17,CONVERGED
S3,S3_d10,High Micro-Inertia (d1/a=1.0),1.6762626262626263,911796.4065887061,2,0.1373614660951253,0.04372351263877796,-0.8419194985528206,0.8419194985528206,False,2.2989571220467404,0.31778934077609117,7.425620056598992e+19,1.0071177937148413e+17,CONVERGED
S3,S3_d10,High Micro-Inertia (d1/a=1.0),1.6762626262626263,911796.4065887061,3,3.1415921981011694,0.999999855013468,-2.2639616469901633,2.2639616469901633,False,-9.62112928412341,4.382314937052709e-06,7.425620056598992e+19,1.0071177937148413e+17,CONVERGED
S3,S3_d10,High Micro-Inertia (d1/a=1.0),1.6762626262626263,911796.4065887061,4,0.0017099468661655804,0.0005442929923494955,-3.990371515925178,3.990371515925178,False,54.074896291073735,0.09246528957148484,7.425620056598992e+19,1.0071177937148413e+17,CONVERGED
S3,S3_d10,High Micro-Inertia (d1/a=1.0),1.6939393939393939,921411.6142508347,0,3.141531600479884,0.9999805661915337,2.2994926078124704,2.2994926078124704,False,-0.10030972699773193,-6.124220794953527e-06,7.2136860246473875e+19,1.5413313464159664e+17,CONVERGED
S3,S3_d10,High Micro-Inertia (d1/a=1.0),1.6939393939393939,921411.6142508347,1,1.7982227646209927,0.5723920835396096,2.4996396644978587,2.4996396644978587,False,-0.01851445532339858,0.0800001221020757,7.2136860246473875e+19,1.5413313464159664e+17,CONVERGED
S3,S3_d10,High Micro-Inertia (d1/a=1.0),1.6939393939393939,921411.6142508347,2,0.10518494719393978,0.03348140856955101,-1.058029965047218,1.058029965047218,False,2.864769225955259,0.3024468344742769,7.2136860246473875e+19,1.5413313464159664e+17,CONVERGED
S3,S3_d10,High Micro-Inertia (d1/a=1.0),1.6939393939393939,921411.6142508347,3,3.1415876837099326,0.9999984180381073,-2.299454574648407,2.299454574648407,False,-9.9687437660535,-4.9543458878582054e-05,7.2136860246473875e+19,1.5413313464159664e+17,CONVERGED
S3,S3_d10,High Micro-Inertia (d1/a=1.0),1.6939393939393939,921411.6142508347,4,5.807239315636343e-05,1.848501685602239e-05,-3.990907159134932,3.990907159134932,False,54.10394790740034,0.003141945737721928,7.2136860246473875e+19,1.5413313464159664e+17,CONVERGED
S3,S3_d10,High Micro-Inertia (d1/a=1.0),1.7116161616161616,931026.8219129633,0,3.141590110688031,0.9999991905692296,2.3315537732926916,2.3315537732926916,False,-0.09714468894134692,2.4702940068378106e-07,7.737259468899575e+19,7.72830898615183e+16,CONVERGED
S3,S3_d10,High Micro-Inertia (d1/a=1.0),1.7116161616161616,931026.8219129633,1,1.9391967896442714,0.6172655093996403,2.589833738137214,2.589833738137214,False,-0.027020984928205097,0.06999817529592305,7.737259468899575e+19,7.72830898615183e+16,CONVERGED
S3,S3_d10,High Micro-Inertia (d1/a=1.0),1.7116161616161616,931026.8219129633,2,0.08368685920354216,0.02663835462815842,-1.2399996516302414,1.2399996516302414,False,3.443518647875595,0.2888518991355786,7.737259468899575e+19,7.72830898615183e+16,CONVERGED
S3,S3_d10,High Micro-Inertia (d1/a=1.0),1.7116161616161616,931026.8219129633,3,3.141590175418409,0.9999992111735487,-2.331550069847263,2.331550069847263,False,-10.293885414146455,2.5510012267670642e-05,7.737259468899575e+19,7.72830898615183e+16,CONVERGED
S3,S3_d10,High Micro-Inertia (d1/a=1.0),1.7116161616161616,931026.8219129633,4,0.002365509199578578,0.000752964964084567,-3.987412586637535,3.987412586637535,False,53.915056960365135,0.12753680111871274,7.737259468899575e+19,7.72830898615183e+16,CONVERGED
S3,S3_d10,High Micro-Inertia (d1/a=1.0),1.7292929292929293,940642.0295750919,0,3.141578029384645,0.9999953449709238,2.360363702655053,2.360363702655053,False,-0.09438588854452078,-1.3803185972944695e-06,8.20739815167055e+19,1.0682203496250318e+17,CONVERGED
S3,S3_d10,High Micro-Inertia (d1/a=1.0),1.7292929292929293,940642.0295750919,1,2.022931870576933,0.6439192134809063,2.64109697693765,2.64109697693765,False,-0.031142664055334363,0.06412023827968866,8.20739815167055e+19,1.0682203496250318e+17,CONVERGED
S3,S3_d10,High Micro-Inertia (d1/a=1.0),1.7292929292929293,940642.0295750919,2,0.06745676661793143,0.021472155704480283,-1.3976184574775168,1.3976184574775168,False,4.036352841270376,0.2726930593613253,8.20739815167055e+19,1.0682203496250318e+17,CONVERGED
S3,S3_d10,High Micro-Inertia (d1/a=1.0),1.7292929292929293,940642.0295750919,3,3.1415924738612144,0.9999999427906165,-2.360344349553155,2.360344349553155,False,-10.594599069825406,1.9041522340951947e-06,8.20739815167055e+19,1.0682203496250318e+17,CONVERGED
S3,S3_d10,High Micro-Inertia (d1/a=1.0),1.7292929292929293,940642.0295750919,4,2.098346905379719e-06,6.679245646255277e-07,3.9836577997504063,3.9836577997504063,False,0.018617415860760798,-3.906579695765205e-08,8.20739815167055e+19,1.0682203496250318e+17,CONVERGED
S3,S3_d10,High Micro-Inertia (d1/a=1.0),1.7469696969696968,950257.2372372204,0,3.141580712048795,0.999996198889444,2.3859042605027807,2.3859042605027807,False,-0.09200574478438367,-1.0986903734720327e-06,8.083507531852356e+19,4.9345434122184845e+17,CONVERGED
S3,S3_d10,High Micro-Inertia (d1/a=1.0),1.7469696969696968,950257.2372372204,1,2.106613995989974,0.670556061296749,2.6812607921737843,2.6812607921737843,False,-0.034960420828303904,0.05887984616461432,8.083507531852356e+19,4.9345434122184845e+17,CONVERGED
S3,S3_d10,High Micro-Inertia (d1/a=1.0),1.7469696969696968,950257.2372372204,2,0.05595476978039434,0.017810956400237533,-1.5373391163174197,1.5373391163174197,False,4.644913874794803,0.260176675403252,8.083507531852356e+19,4.9345434122184845e+17,CONVERGED
S3,S3_d10,High Micro-Inertia (d1/a=1.0),1.7469696969696968,950257.2372372204,3,3.1415913238357294,0.9999995767261353,-2.3858965944383956,2.3858965944383956,False,-10.868803206107478,-1.445283523308899e-05,8.083507531852356e+19,4.9345434122184845e+17,CONVERGED
S3,S3_d10,High Micro-Inertia (d1/a=1.0),1.7469696969696968,950257.2372372204,4,4.5071554893516094e-05,1.4346721508281582e-05,3.9790393983704004,3.9790393983704004,False,0.01870359739823235,8.430002174114903e-07,8.083507531852356e+19,4.9345434122184845e+17,CONVERGED
S3,S3_d10,High Micro-Inertia (d1/a=1.0),1.7646464646464646,959872.4448993491,0,3.1415676793277667,0.9999920504454969,2.4081434121269063,2.4081434121269063,False,-0.08998219941974893,-2.247239026514916e-06,7.525004682322351e+19,6.303561383975653e+16,CONVERGED
S3,S3_d10,High Micro-Inertia (d1/a=1.0),1.7646464646464646,959872.4448993491,1,2.2036101297510937,0.7014308895945188,2.710810183870785,2.710810183870785,False,-0.03931906701557399,0.05360960566953129,7.525004682322351e+19,6.303561383975653e+16,CONVERGED
S3,S3_d10,High Micro-Inertia (d1/a=1.0),1.7646464646464646,959872.4448993491,2,0.04712924701999474,0.015001705254862283,-1.6633471925395826,1.6633471925395826,False,5.271084865517284,0.24860635327224304,7.525004682322351e+19,6.303561383975653e+16,CONVERGED
S3,S3_d10,High Micro-Inertia (d1/a=1.0),1.7646464646464646,959872.4448993491,3,3.141591958650537,0.9999997787939645,-2.4082434128890275,2.4082434128890275,False,-11.11442053983331,-7.723847142739613e-06,7.525004682322351e+19,6.303561383975653e+16,CONVERGED
S3,S3_d10,High Micro-Inertia (d1/a=1.0),1.7646464646464646,959872.4448993491,4,0.0002882018444339177,9.173749629971888e-05,-3.9780276856586525,3.9780276856586525,False,53.41158361805688,-0.015393317339051618,7.525004682322351e+19,6.303561383975653e+16,CONVERGED
S3,S3_d10,High Micro-Inertia (d1/a=1.0),1.7823232323232323,969487.6525614776,0,3.141588158005846,0.9999985690111854,2.427354526110155,2.427354526110155,False,-0.08827004005955985,-3.9682537513499534e-07,8.300849437713521e+19,1.0847759748548515e+17,CONVERGED
S3,S3_d10,High Micro-Inertia (d1/a=1.0),1.7823232323232323,969487.6525614776,1,2.31129423025163,0.7357078033686484,2.731285591043061,2.731285591043061,False,-0.043944023026925544,0.048078643561652756,8.300849437713521e+19,1.0847759748548515e+17,CONVERGED
S3,S3_d10,High Micro-Inertia (d1/a=1.0),1.7823232323232323,969487.6525614776,2,0.04060969531946371,0.01292646749509691,-1.7785738191888443,1.7785738191888443,False,5.916523434883401,0.24040038045633133,8.300849437713521e+19,1.0847759748548515e+17,CONVERGED
S3,S3_d10,High Micro-Inertia (d1/a=1.0),1.7823232323232323,969487.6525614776,3,3.1415853407839176,0.9999976722615941,-2.427392135347354,2.427392135347354,False,-11.329298244713826,-8.284895877170304e-05,8.300849437713521e+19,1.0847759748548515e+17,CONVERGED
S3,S3_d10,High Micro-Inertia (d1/a=1.0),1.7823232323232323,969487.6525614776,4,0.00041013378043109017,0.00013054963696914812,3.969740879281898,3.969740879281898,False,0.018878322678609095,-7.742638282504937e-06,8.300849437713521e+19,1.0847759748548515e+17,CONVERGED
S3,S3_d10,High Micro-Inertia (d1/a=1.0),1.8,979102.8602236061,0,3.1415424035482724,0.9999840049150028,2.443341917541487,2.443341917541487,False,-0.08687005315631548,4.365223781677939e-06,6.3030656078364934e+19,6.198160659037032e+16,CONVERGED
S3,S3_d10,High Micro-Inertia (d1/a=1.0),1.8,979102.8602236061,1,2.2923544989971627,0.7296790996686874,2.7400175499561352,2.7400175499561352,False,-0.042651537216697406,0.048477105219045934,6.3030656078364934e+19,6.198160659037032e+16,CONVERGED
S3,S3_d10,High Micro-Inertia (d1/a=1.0),1.8,979102.8602236061,2,0.03475292831327285,0.011062200655951317,-1.8832650447109498,1.8832650447109498,False,6.570967225147068,0.22845233265266232,6.3030656078364934e+19,6.198160659037032e+16,CONVERGED
S3,S3_d10,High Micro-Inertia (d1/a=1.0),1.8,979102.8602236061,3,3.141590163318623,0.9999992073220673,-2.443374078573541,2.443374078573541,False,-11.511817064093142,2.8667546150646872e-05,6.3030656078364934e+19,6.198160659037032e+16,CONVERGED
S3,S3_d10,High Micro-Inertia (d1/a=1.0),1.8,979102.8602236061,4,0.00014040993294583428,4.469386977506219e-05,3.9616859607039343,3.9616859607039343,False,0.01903100152030744,-2.6721416649188166e-06,6.3030656078364934e+19,6.198160659037032e+16,CONVERGED
S3,S3_c01,Low Micro-Stiffness (sqrt(c1)/a=0.1),0.05,27197.301672877948,0,0.00015950408126086076,5.077172595199469e-05,10.836116608350592,10.836116608350592,False,1.9675888200494894e-05,3.1383844970264733e-09,5215371394412196.0,6.089591073900295e+16,CONVERGED
S3,S3_c01,Low Micro-Stiffness (sqrt(c1)/a=0.1),0.05,27197.301672877948,1,0.19078050515540623,0.06072732088210345,1.2173025619566835e-05,1.2173025619566835e-05,True,0.9818445785863782,0.1896229884419634,5215371394412196.0,6.089591073900295e+16,CONVERGED
S3,S3_c01,Low Micro-Stiffness (sqrt(c1)/a=0.1),0.05,27197.301672877948,2,0.19078103887710868,0.06072749077099781,-1.0466030967931735e-05,1.0466030967931735e-05,True,0.9818667056646304,-0.18962780541971958,5215371394412196.0,6.089591073900295e+16,CONVERGED
S3,S3_c01,Low Micro-Stiffness (sqrt(c1)/a=0.1),0.05,27197.301672877948,3,0.444337127937615,0.14143690062105466,4.0417020870391954e-07,4.0417020870391954e-07,True,0.9028954406513363,-0.42985929664360933,5215371394412196.0,6.089591073900295e+16,CONVERGED
S3,S3_c01,Low Micro-Stiffness (sqrt(c1)/a=0.1),0.05,27197.301672877948,4,0.4443379284958791,0.1414371554466646,5.342378681950955e-07,5.342378681950955e-07,True,0.9028949790861903,0.4298599635529952,5215371394412196.0,6.089591073900295e+16,CONVERGED
S3,S3_c01,Low Micro-Stiffness (sqrt(c1)/a=0.1),0.06767676767676768,36812.509335006514,0,0.00018891895912502481,6.013477237704685e-05,10.833920122844424,10.833920122844424,False,1.9719153401108614e-05,3.72532197968351e-09,1.0117645196427926e+16,1.1261398906980592e+17,CONVERGED
S3,S3_c01,Low Micro-Stiffness (sqrt(c1)/a=0.1),0.06767676767676768,36812.509335006514,1,0.25852346920925035,0.0822905760598352,2.8628561352223965e-06,2.8628561352223965e-06,True,0.9667657441978885,-0.25565263571812474,1.0117645196427926e+16,1.1261398906980592e+17,CONVERGED
S3,S3_c01,Low Micro-Stiffness (sqrt(c1)/a=0.1),0.06767676767676768,36812.509335006514,2,0.25850267654433673,0.08228395754903309,-3.076909171084004e-05,3.076909171084004e-05,True,0.9668035746291195,0.25564113159132107,1.0117645196427926e+16,1.1261398906980592e+17,CONVERGED
S3,S3_c01,Low Micro-Stiffness (sqrt(c1)/a=0.1),0.06767676767676768,36812.509335006514,3,0.6044926734457903,0.19241599408346485,-2.699724033849425e-07,2.699724033849425e-07,True,0.822790762007197,-0.5683448793651339,1.0117645196427926e+16,1.1261398906980592e+17,CONVERGED
S3,S3_c01,Low Micro-Stiffness (sqrt(c1)/a=0.1),0.06767676767676768,36812.509335006514,4,0.604492476796696,0.19241593148811406,3.011392187445342e-07,3.011392187445342e-07,True,0.8227904038663905,0.5683443929758839,1.0117645196427926e+16,1.1261398906980592e+17,CONVERGED
S3,S3_c01,Low Micro-Stiffness (sqrt(c1)/a=0.1),0.08535353535353535,46427.71699713508,0,9.829292768953532e-09,3.1287610625527555e-09,10.838583817849102,10.838583817849102,False,1.9627403747464722e-05,-1.9292349772828643e-13,2.0306057697718332e+16,5.0834218646100456e+16,CONVERGED
S3,S3_c01,Low Micro-Stiffness (sqrt(c1)/a=0.1),0.08535353535353535,46427.71699713508,1,0.767618658829106,0.24434060792444676,-1.1828009856439245e-07,1.1828009856439245e-07,True,0.7195664531009626,-0.6944237583291094,2.0306057697718332e+16,5.0834218646100456e+16,CONVERGED
S3,S3_c01,Low Micro-Stiffness (sqrt(c1)/a=0.1),0.08535353535353535,46427.71699713508,2,0.00017304024924213963,5.5080422041480236e-05,-0.12561906615618573,0.12561906615618573,False,1.1338501471290243,0.00019620171402072765,2.0306057697718332e+16,5.0834218646100456e+16,CONVERGED
S3,S3_c01,Low Micro-Stiffness (sqrt(c1)/a=0.1),0.08535353535353535,46427.71699713508,3,2.8253800295214933,0.8993463956229417,-5.473505910292074,5.473505910292074,False,-226.47954050347005,74.1021471885427,2.0306057697718332e+16,5.0834218646100456e+16,CONVERGED
S3,S3_c01,Low Micro-Stiffness (sqrt(c1)/a=0.1),0.08535353535353535,46427.71699713508,4,0.7676194770383318,0.2443408683685323,-2.383918401638452e-07,2.383918401638452e-07,True,0.7195659713451128,0.6944244304933103,2.0306057697718332e+16,5.0834218646100456e+16,CONVERGED
S3,S3_c01,Low Micro-Stiffness (sqrt(c1)/a=0.1),0.10303030303030303,56042.924659263655,0,1.2082853110286902e-07,3.846091598310885e-08,10.818591452985459,10.818591452985459,False,2.0023750719758772e-05,-2.4194403866384803e-12,3.5724990701708744e+16,2.5413210377266534e+17,CONVERGED
S3,S3_c01,Low Micro-Stiffness (sqrt(c1)/a=0.1),0.10303030303030303,56042.924659263655,1,0.9348016751523853,0.29755661482217266,-1.0300243457630323e-08,1.0300243457630323e-08,True,0.5939779928024388,-0.8044813016266277,3.5724990701708744e+16,2.5413210377266534e+17,CONVERGED
S3,S3_c01,Low Micro-Stiffness (sqrt(c1)/a=0.1),0.10303030303030303,56042.924659263655,2,0.9348013938122585,0.29755652526882886,2.830168379467209e-07,2.830168379467209e-07,True,0.5939780449113546,0.8044808985487282,3.5724990701708744e+16,2.5413210377266534e+17,CONVERGED
S3,S3_c01,Low Micro-Stiffness (sqrt(c1)/a=0.1),0.10303030303030303,56042.924659263655,3,3.111416998608771e-07,9.903947906974695e-08,-10.818591450473342,10.818591450473342,False,49940.69350359329,0.015538632268939579,3.5724990701708744e+16,2.5413210377266534e+17,CONVERGED
S3,S3_c01,Low Micro-Stiffness (sqrt(c1)/a=0.1),0.10303030303030303,56042.924659263655,4,0.20270071144180316,0.06452164038841376,-6.721802248318624,6.721802248318624,False,813.3131516652485,-167.1547783253693,3.5724990701708744e+16,2.5413210377266534e+17,CONVERGED
S3,S3_c01,Low Micro-Stiffness (sqrt(c1)/a=0.1),0.12070707070707071,65658.13232139223,0,5.822154451870321e-06,1.8532493209192921e-06,10.794835793616603,10.794835793616603,False,2.0505123142874547e-05,1.1938399399378513e-10,5.747423155324548e+16,1.4451725792926064e+17,CONVERGED
S3,S3_c01,Low Micro-Stiffness (sqrt(c1)/a=0.1),0.12070707070707071,65658.13232139223,1,1.1074243100912173,0.3525041061022983,-6.942850945209949e-06,6.942850945209949e-06,True,0.44697018451230797,0.8945566164057648,5.747423155324548e+16,1.4451725792926064e+17,CONVERGED
S3,S3_c01,Low Micro-Stiffness (sqrt(c1)/a=0.1),0.12070707070707071,65658.13232139223,2,1.1074099335949166,0.3524995299213971,2.187131358843981e-06,2.187131358843981e-06,True,0.4469789641273412,-0.89454202325799,5.747423155324548e+16,1.4451725792926064e+17,CONVERGED
S3,S3_c01,Low Micro-Stiffness (sqrt(c1)/a=0.1),0.12070707070707071,65658.13232139223,3,8.754178180453716e-08,2.786541460252846e-08,-10.794837803411525,10.794837803411525,False,48768.39816138763,0.004269272470800998,5.747423155324548e+16,1.4451725792926064e+17,CONVERGED
S3,S3_c01,Low Micro-Stiffness (sqrt(c1)/a=0.1),0.12070707070707071,65658.13232139223,4,0.21906870560368874,0.0697317347471405,-6.8572542503073715,6.8572542503073715,False,928.0302043506409,-206.61827846171693,5.747423155324548e+16,1.4451725792926064e+17,CONVERGED
S3,S3_c01,Low Micro-Stiffness (sqrt(c1)/a=0.1),0.1383838383838384,75273.3399835208,0,0.00017413193442933732,5.542791622916567e-05,10.929402902283153,10.929402902283153,False,1.7923409299153104e-05,-3.121037964375602e-09,8.664535251188619e+16,2.041246045703819e+17,CONVERGED
S3,S3_c01,Low Micro-Stiffness (sqrt(c1)/a=0.1),0.1383838383838384,75273.3399835208,1,1.2873186787136852,0.40976626210362094,-1.1081764646432593e-06,1.1081764646432593e-06,True,0.27969649325526813,0.9600896249913813,8.664535251188619e+16,2.041246045703819e+17,CONVERGED
S3,S3_c01,Low Micro-Stiffness (sqrt(c1)/a=0.1),0.1383838383838384,75273.3399835208,2,1.2873178085752328,0.4097659851299492,-4.5318370178030424e-07,4.5318370178030424e-07,True,0.2796971454663967,-0.9600887527649533,8.664535251188619e+16,2.041246045703819e+17,CONVERGED
S3,S3_c01,Low Micro-Stiffness (sqrt(c1)/a=0.1),0.1383838383838384,75273.3399835208,3,4.432721397566738e-07,1.4109790435439219e-07,10.767318103093155,10.767318103093155,False,2.1077211958040446e-05,9.342940844746153e-12,8.664535251188619e+16,2.041246045703819e+17,CONVERGED
S3,S3_c01,Low Micro-Stiffness (sqrt(c1)/a=0.1),0.1383838383838384,75273.3399835208,4,0.24974631720783258,0.07949672180524607,-6.722910854723631,6.722910854723631,False,805.4446982312336,-205.44616126896827,8.664535251188619e+16,2.041246045703819e+17,CONVERGED
S3,S3_c01,Low Micro-Stiffness (sqrt(c1)/a=0.1),0.15606060606060607,84888.54764564935,0,0.00015767087311172612,5.0188197674692446e-05,10.956760094872056,10.956760094872056,False,1.743972152346577e-05,-2.749736142216453e-09,1.2433592656568827e+17,7.457577270776184e+16,CONVERGED
S3,S3_c01,Low Micro-Stiffness (sqrt(c1)/a=0.1),0.15606060606060607,84888.54764564935,1,1.4771530115456313,0.4701924069811335,-2.2461803070139473e-06,2.2461803070139473e-06,True,0.0935067244711645,-0.995620904184609,1.2433592656568827e+17,7.457577270776184e+16,CONVERGED
S3,S3_c01,Low Micro-Stiffness (sqrt(c1)/a=0.1),0.15606060606060607,84888.54764564935,2,1.4771513366923466,0.4701918738587751,-5.979675914348717e-07,5.979675914348717e-07,True,0.09350823786838137,0.9956191065797443,1.2433592656568827e+17,7.457577270776184e+16,CONVERGED
S3,S3_c01,Low Micro-Stiffness (sqrt(c1)/a=0.1),0.15606060606060607,84888.54764564935,3,1.2314265759507228e-06,3.9197525323456966e-07,10.73602818249437,10.73602818249437,False,2.174714262778216e-05,-2.6780009382855327e-11,1.2433592656568827e+17,7.457577270776184e+16,CONVERGED
S3,S3_c01,Low Micro-Stiffness (sqrt(c1)/a=0.1),0.15606060606060607,84888.54764564935,4,0.2780637674531587,0.08851044616985099,-6.68473973626768,6.68473973626768,False,769.369459829209,-219.62355580839335,1.2433592656568827e+17,7.457577270776184e+16,CONVERGED
S3,S3_c01,Low Micro-Stiffness (sqrt(c1)/a=0.1),0.17373737373737375,94503.75530777793,0,0.0001450197931432508,4.616123384982504e-05,10.988850472493763,10.988850472493763,False,1.6888958664550018e-05,-2.449233309107687e-09,1.7160658794096016e+17,7.662544319241947e+16,CONVERGED
S3,S3_c01,Low Micro-Stiffness (sqrt(c1)/a=0.1),0.17373737373737375,94503.75530777793,1,1.6810336502561811,0.5350896298841672,-9.079248165260787e-07,9.079248165260787e-07,True,-0.11001428672965806,-0.9939309194137419,1.7160658794096016e+17,7.662544319241947e+16,CONVERGED
S3,S3_c01,Low Micro-Stiffness (sqrt(c1)/a=0.1),0.17373737373737375,94503.75530777793,2,1.6810326372311455,0.5350893074282834,3.017759572093288e-07,3.017759572093288e-07,True,-0.11001314676962734,0.9939298285020488,1.7160658794096016e+17,7.662544319241947e+16,CONVERGED
S3,S3_c01,Low Micro-Stiffness (sqrt(c1)/a=0.1),0.17373737373737375,94503.75530777793,3,9.529803042143591e-07,3.0334305216986687e-07,10.70096750596006,10.70096750596006,False,2.2523136099794616e-05,-2.1464105092250184e-11,1.7160658794096016e+17,7.662544319241947e+16,CONVERGED
S3,S3_c01,Low Micro-Stiffness (sqrt(c1)/a=0.1),0.17373737373737375,94503.75530777793,4,0.30638743451024614,0.09752614940710007,-6.727106075661523,6.727106075661523,False,795.8543354076023,-251.76759749131574,1.7160658794096016e+17,7.662544319241947e+16,CONVERGED
S3,S3_c01,Low Micro-Stiffness (sqrt(c1)/a=0.1),0.19141414141414143,104118.96296990648,0,0.00013481093276116932,4.2911652663538465e-05,11.026590923484285,11.026590923484285,False,1.6263439699676358e-05,-2.1924894891004933e-09,2.2994963447182883e+17,2.3416495803063197e+17,CONVERGED
S3,S3_c01,Low Micro-Stiffness (sqrt(c1)/a=0.1),0.19141414141414143,104118.96296990648,1,1.9060854819537905,0.6067258528172869,3.4758069469988994e-08,3.4758069469988994e-08,True,-0.3290422258020566,-0.9443151720284345,2.2994963447182883e+17,2.3416495803063197e+17,CONVERGED
S3,S3_c01,Low Micro-Stiffness (sqrt(c1)/a=0.1),0.19141414141414143,104118.96296990648,2,1.9060853710058507,0.6067258175014608,2.1974696134512813e-07,2.1974696134512813e-07,True,-0.32904206016310017,0.9443150338471779,2.2994963447182883e+17,2.3416495803063197e+17,CONVERGED
S3,S3_c01,Low Micro-Stiffness (sqrt(c1)/a=0.1),0.19141414141414143,104118.96296990648,3,1.011489216816605e-07,3.219670174810251e-08,10.662131172177174,10.662131172177174,False,2.3415059547970178e-05,-2.3684080243890605e-12,2.2994963447182883e+17,2.3416495803063197e+17,CONVERGED
S3,S3_c01,Low Micro-Stiffness (sqrt(c1)/a=0.1),0.19141414141414143,104118.96296990648,4,0.3364255284846132,0.10708757168125886,-6.670441800414318,6.670441800414318,False,744.5275432210657,-260.3763178736491,2.2994963447182883e+17,2.3416495803063197e+17,CONVERGED
S3,S3_c01,Low Micro-Stiffness (sqrt(c1)/a=0.1),0.2090909090909091,113734.17063203505,0,0.0001267151456179843,4.0334683579423044e-05,11.070661623241524,11.070661623241524,False,1.556226271211501e-05,-1.971974396265466e-09,2.995890728325853e+17,9.809995006752566e+16,CONVERGED
S3,S3_c01,Low Micro-Stiffness (sqrt(c1)/a=0.1),0.2090909090909091,113734.17063203505,1,2.1669904918728835,0.6897744968294142,-1.8805915112473947e-07,1.8805915112473947e-07,True,-0.5614974062239495,0.8274787241507482,2.995890728325853e+17,9.809995006752566e+16,CONVERGED
S3,S3_c01,Low Micro-Stiffness (sqrt(c1)/a=0.1),0.2090909090909091,113734.17063203505,2,2.1669902351392163,0.6897744151085498,1.501754834629241e-07,1.501754834629241e-07,True,-0.5614970038645175,-0.8274785884240439,2.995890728325853e+17,9.809995006752566e+16,CONVERGED
S3,S3_c01,Low Micro-Stiffness (sqrt(c1)/a=0.1),0.2090909090909091,113734.17063203505,3,1.4938990339953581e-07,4.755228314811373e-08,10.619514825925028,10.619514825925028,False,2.4434491789468822e-05,3.650266368045525e-12,2.995890728325853e+17,9.809995006752566e+16,CONVERGED
S3,S3_c01,Low Micro-Stiffness (sqrt(c1)/a=0.1),0.2090909090909091,113734.17063203505,4,0.3664045002028214,0.11663017475678879,-6.664539569208024,6.664539569208024,False,732.0548223183719,-280.9132309996537,2.995890728325853e+17,9.809995006752566e+16,CONVERGED
S3,S3_c01,Low Micro-Stiffness (sqrt(c1)/a=0.1),0.22676767676767678,123349.37829416365,0,0.00012027096326572562,3.8283436628327995e-05,11.122276622295582,11.122276622295582,False,1.4779394223314319e-05,-1.7775319882926427e-09,3.828330233711404e+17,2.4348189531754915e+17,CONVERGED
S3,S3_c01,Low Micro-Stiffness (sqrt(c1)/a=0.1),0.22676767676767678,123349.37829416365,1,2.5065167689619554,0.7978490674460428,-7.089573180266326e-07,7.089573180266326e-07,True,-0.8050272518303532,-0.5932390257949239,3.828330233711404e+17,2.4348189531754915e+17,CONVERGED
S3,S3_c01,Low Micro-Stiffness (sqrt(c1)/a=0.1),0.22676767676767678,123349.37829416365,2,2.506516226418257,0.7978488947490199,6.652675167589468e-07,6.652675167589468e-07,True,-0.8050258236848998,0.593238647313457,3.828330233711404e+17,2.4348189531754915e+17,CONVERGED
S3,S3_c01,Low Micro-Stiffness (sqrt(c1)/a=0.1),0.22676767676767678,123349.37829416365,3,3.1686564387805836e-07,1.0086146703837831e-07,10.573119961751217,10.573119961751217,False,2.559483558601512e-05,-8.110124057915993e-12,3.828330233711404e+17,2.4348189531754915e+17,CONVERGED
S3,S3_c01,Low Micro-Stiffness (sqrt(c1)/a=0.1),0.22676767676767678,123349.37829416365,4,0.3966881641395787,0.12626976437772616,-6.659437869793313,6.659437869793313,False,719.5331608726864,-301.4087160559873,3.828330233711404e+17,2.4348189531754915e+17,CONVERGED
S3,S3_c01,Low Micro-Stiffness (sqrt(c1)/a=0.1),0.24444444444444446,132964.58595629223,0,0.00011508895669213634,3.6633952705685135e-05,11.182960124358795,11.182960124358795,False,1.390919909982697e-05,-1.6007952198900484e-09,4.799801586502846e+17,8.20761990044793e+16,CONVERGED
S3,S3_c01,Low Micro-Stiffness (sqrt(c1)/a=0.1),0.24444444444444446,132964.58595629223,1,3.1415925297458958,0.9999999605792631,-0.33601000755373145,0.33601000755373145,False,-1.399353028841472,-1.7330133306534959e-07,4.799801586502846e+17,8.20761990044793e+16,CONVERGED
S3,S3_c01,Low Micro-Stiffness (sqrt(c1)/a=0.1),0.24444444444444446,132964.58595629223,2,3.1415924722000814,0.9999999422618615,0.336009907995115,0.336009907995115,False,-0.7146160253688807,1.2962399495624797e-07,4.799801586502846e+17,8.20761990044793e+16,CONVERGED
S3,S3_c01,Low Micro-Stiffness (sqrt(c1)/a=0.1),0.24444444444444446,132964.58595629223,3,2.046612979836524e-09,6.514571446740327e-10,10.522949150937826,10.522949150937826,False,2.691170728611672e-05,-5.507784944132764e-14,4.799801586502846e+17,8.20761990044793e+16,CONVERGED
S3,S3_c01,Low Micro-Stiffness (sqrt(c1)/a=0.1),0.24444444444444446,132964.58595629223,4,0.42718671984424,0.1359777561728469,-6.651836140610228,6.651836140610228,False,704.6306183383637,-320.7622288384298,4.799801586502846e+17,8.20761990044793e+16,CONVERGED
S3,S3_c01,Low Micro-Stiffness (sqrt(c1)/a=0.1),0.2621212121212121,142579.79361842075,0,0.00011111143842280763,3.5367869318081166e-05,11.254750665974337,11.254750665974337,False,1.2945650795340995e-05,-1.4384098871091189e-09,5.922133168865795e+17,6.72177572433245e+16,CONVERGED
S3,S3_c01,Low Micro-Stiffness (sqrt(c1)/a=0.1),0.2621212121212121,142579.79361842075,1,3.1415926372417085,0.999999994796243,-0.7735556295512761,0.7735556295512761,False,-2.1674592511201602,-3.54338071386291e-08,5.922133168865795e+17,6.72177572433245e+16,CONVERGED
S3,S3_c01,Low Micro-Stiffness (sqrt(c1)/a=0.1),0.2621212121212121,142579.79361842075,2,3.14159265193011,0.9999999994717065,0.7735554970828526,0.7735554970828526,False,-0.4613697498357231,7.657277032693728e-10,5.922133168865795e+17,6.72177572433245e+16,CONVERGED
S3,S3_c01,Low Micro-Stiffness (sqrt(c1)/a=0.1),0.2621212121212121,142579.79361842075,3,2.7578286861505096e-08,8.778441352029617e-09,10.469006695584833,10.469006695584833,False,2.8403258155708455e-05,-7.833132012195122e-13,5.922133168865795e+17,6.72177572433245e+16,CONVERGED
S3,S3_c01,Low Micro-Stiffness (sqrt(c1)/a=0.1),0.2621212121212121,142579.79361842075,4,0.4578550331792526,0.14573978349996358,-6.645013508486933,6.645013508486933,False,689.7416380196883,-339.8909604963909,5.922133168865795e+17,6.72177572433245e+16,CONVERGED
S3,S3_c01,Low Micro-Stiffness (sqrt(c1)/a=0.1),0.27979797979797977,152195.0012805493,0,0.0001079291492683941,3.435491521953588e-05,11.340499004527363,11.340499004527363,False,1.1881844319241902e-05,-1.282397354094701e-09,7.223394283842766e+17,1.3538019950720546e+17,CONVERGED
S3,S3_c01,Low Micro-Stiffness (sqrt(c1)/a=0.1),0.27979797979797977,152195.0012805493,1,3.141592377570277,0.9999999121402592,-1.0258936479737248,1.0258936479737248,False,-2.789587256004799,7.699805249644792e-07,7.223394283842766e+17,1.3538019950720546e+17,CONVERGED
S3,S3_c01,Low Micro-Stiffness (sqrt(c1)/a=0.1),0.27979797979797977,152195.0012805493,2,3.141591558371977,0.9999996513813416,1.0258932490997927,1.0258932490997927,False,-0.3584761138841586,-3.926094265295838e-07,7.223394283842766e+17,1.3538019950720546e+17,CONVERGED
S3,S3_c01,Low Micro-Stiffness (sqrt(c1)/a=0.1),0.27979797979797977,152195.0012805493,3,1.668127478864171e-07,5.3098146793730795e-08,10.411302085488355,10.411302085488355,False,3.009046886103645e-05,-5.0194737959002045e-12,7.223394283842766e+17,1.3538019950720546e+17,CONVERGED
S3,S3_c01,Low Micro-Stiffness (sqrt(c1)/a=0.1),0.27979797979797977,152195.0012805493,4,0.48863284355363557,0.15553666481721973,-6.637894933332876,6.637894933332876,False,674.1394947895536,-358.395010190882,7.223394283842766e+17,1.3538019950720546e+17,CONVERGED
S3,S3_c01,Low Micro-Stiffness (sqrt(c1)/a=0.1),0.29747474747474745,161810.20894267788,0,0.00010697806083666148,3.405217436908035e-05,11.444319983027661,11.444319983027661,False,1.0710135854585567e-05,-1.1457495693915336e-09,8.674360806012023e+17,1.650789566930334e+17,CONVERGED
S3,S3_c01,Low Micro-Stiffness (sqrt(c1)/a=0.1),0.29747474747474745,161810.20894267788,1,3.1415922121885056,0.9999998594976064,-1.2141570579334566,1.2141570579334566,False,-3.367454298724931,-1.4863986639987507e-06,8.674360806012023e+17,1.650789566930334e+17,CONVERGED
S3,S3_c01,Low Micro-Stiffness (sqrt(c1)/a=0.1),0.29747474747474745,161810.20894267788,2,3.1415914138302248,0.999999605372273,1.2141564165408423,1.2141564165408423,False,-0.2969604195580618,3.6815952160558233e-07,8.674360806012023e+17,1.650789566930334e+17,CONVERGED
S3,S3_c01,Low Micro-Stiffness (sqrt(c1)/a=0.1),0.29747474747474745,161810.20894267788,3,2.8584160522241176e-07,9.098620882493791e-08,10.349850152893858,10.349850152893858,False,3.199758416385699e-05,-9.146240820636353e-12,8.674360806012023e+17,1.650789566930334e+17,CONVERGED
S3,S3_c01,Low Micro-Stiffness (sqrt(c1)/a=0.1),0.29747474747474745,161810.20894267788,4,0.5196703454437827,0.16541620851130165,-6.63025564728861,6.63025564728861,False,657.649699771844,-376.25730086691334,8.674360806012023e+17,1.650789566930334e+17,CONVERGED
S3,S3_c01,Low Micro-Stiffness (sqrt(c1)/a=0.1),0.3151515151515151,171425.41660480644,0,0.00010637256144953169,3.385943792807871e-05,11.572461100913673,11.572461100913673,False,9.42201951406754e-06,-1.0022443535190085e-09,1.0339519659780598e+18,1.864703396934853e+18,CONVERGED
S3,S3_c01,Low Micro-Stiffness (sqrt(c1)/a=0.1),0.3151515151515151,171425.41660480644,1,3.141592623623418,0.9999999904614065,-1.3646741396606923,1.3646741396606923,False,-3.914447281023232,1.1730179634616083e-07,1.0339519659780598e+18,1.864703396934853e+18,CONVERGED
S3,S3_c01,Low Micro-Stiffness (sqrt(c1)/a=0.1),0.3151515151515151,171425.41660480644,2,3.1415925360701427,0.9999999625923335,1.364674169478959,1.364674169478959,False,-0.2554639003645816,-3.0022028324173635e-08,1.0339519659780598e+18,1.864703396934853e+18,CONVERGED
S3,S3_c01,Low Micro-Stiffness (sqrt(c1)/a=0.1),0.3151515151515151,171425.41660480644,3,7.501511556718274e-10,2.3878052898253844e-10,10.284670944431154,10.284670944431154,False,3.4152630590995004e-05,2.5619635307067908e-14,1.0339519659780598e+18,1.864703396934853e+18,CONVERGED
S3,S3_c01,Low Micro-Stiffness (sqrt(c1)/a=0.1),0.3151515151515151,171425.41660480644,4,0.5506481066689921,0.1752767361611267,-6.621529563905815,6.621529563905815,False,640.0706826685323,-393.00166876604897,1.0339519659780598e+18,1.864703396934853e+18,CONVERGED
S3,S3_c01,Low Micro-Stiffness (sqrt(c1)/a=0.1),0.3328282828282828,181040.62426693502,0,0.00010892333065663319,3.467137298407231e-05,11.735045592548927,11.735045592548927,False,8.0081915333925e-06,-8.722788978030188e-10,1.2159422469887288e+18,7.774076767811296e+16,CONVERGED
S3,S3_c01,Low Micro-Stiffness (sqrt(c1)/a=0.1),0.3328282828282828,181040.62426693502,1,3.141592640061997,0.9999999956939687,-1.4884287343970752,1.4884287343970752,False,-4.430129137888534,-5.992988547610916e-08,1.2159422469887288e+18,7.774076767811296e+16,CONVERGED
S3,S3_c01,Low Micro-Stiffness (sqrt(c1)/a=0.1),0.3328282828282828,181040.62426693502,2,3.1415926170648607,0.9999999883737529,1.4884284990628316,1.4884284990628316,False,-0.22572710731653428,-8.244667395685368e-09,1.2159422469887288e+18,7.774076767811296e+16,CONVERGED
S3,S3_c01,Low Micro-Stiffness (sqrt(c1)/a=0.1),0.3328282828282828,181040.62426693502,3,1.9020339773495096e-07,6.054362188478251e-08,10.21579392046742,10.21579392046742,False,3.658786534553083e-05,6.959136304588913e-12,1.2159422469887288e+18,7.774076767811296e+16,CONVERGED
S3,S3_c01,Low Micro-Stiffness (sqrt(c1)/a=0.1),0.3328282828282828,181040.62426693502,4,0.5818249675789136,0.18520063920893168,-6.6129775515212526,6.6129775515212526,False,622.1654775321025,-409.2479462980884,1.2159422469887288e+18,7.774076767811296e+16,CONVERGED
S3,S3_c01,Low Micro-Stiffness (sqrt(c1)/a=0.1),0.3505050505050505,190655.83192906357,0,0.00011462388850968456,3.6485916905461205e-05,11.950150538993901,11.950150538993901,False,6.458260521394282e-06,-7.402709372128456e-10,1.4271499006363208e+18,1.5216066540991933e+17,CONVERGED
S3,S3_c01,Low Micro-Stiffness (sqrt(c1)/a=0.1),0.3505050505050505,190655.83192906357,1,3.1415926434710624,0.999999996779108,-1.5910959333975077,1.5910959333975077,False,-4.909126056499149,4.967412440048463e-08,1.4271499006363208e+18,1.5216066540991933e+17,CONVERGED
S3,S3_c01,Low Micro-Stiffness (sqrt(c1)/a=0.1),0.3505050505050505,190655.83192906357,2,3.14159253149325,0.9999999611354633,1.5910961434268085,1.5910961434268085,False,-0.20370220248201262,2.4871334763901106e-08,1.4271499006363208e+18,1.5216066540991933e+17,CONVERGED
S3,S3_c01,Low Micro-Stiffness (sqrt(c1)/a=0.1),0.3505050505050505,190655.83192906357,3,1.587585381963788e-08,5.053441222399432e-09,10.143257641522013,10.143257641522013,False,3.93404368133813e-05,-6.245630240499422e-13,1.4271499006363208e+18,1.5216066540991933e+17,CONVERGED
S3,S3_c01,Low Micro-Stiffness (sqrt(c1)/a=0.1),0.3505050505050505,190655.83192906357,4,0.6130780392723539,0.19514880090256453,-6.604112303685715,6.604112303685715,False,603.6977538913591,-424.7076348683486,1.4271499006363208e+18,1.5216066540991933e+17,CONVERGED
S3,S3_c01,Low Micro-Stiffness (sqrt(c1)/a=0.1),0.36818181818181817,200271.03959119215,0,0.0001278150721009514,4.068480105302684e-05,12.25511120118647,12.25511120118647,False,4.76072205330205e-06,-6.084920358089734e-10,1.6627212513291668e+18,1.424989251200314e+17,CONVERGED
S3,S3_c01,Low Micro-Stiffness (sqrt(c1)/a=0.1),0.36818181818181817,200271.03959119215,1,3.1415926293925915,0.9999999922977916,-1.6758939601890115,1.6758939601890115,False,-5.343569953318198,-1.2929944033106974e-07,1.6627212513291668e+18,1.424989251200314e+17,CONVERGED
S3,S3_c01,Low Micro-Stiffness (sqrt(c1)/a=0.1),0.36818181818181817,200271.03959119215,2,3.1415926005348624,0.999999983112091,1.6758935421595338,1.6758935421595338,False,-0.18714088647957022,-9.928746741034567e-09,1.6627212513291668e+18,1.424989251200314e+17,CONVERGED
S3,S3_c01,Low Micro-Stiffness (sqrt(c1)/a=0.1),0.36818181818181817,200271.03959119215,3,1.79917821472945e-08,5.726962127548869e-09,10.067112543469792,10.067112543469792,False,4.245301837604562e-05,-7.638054581169031e-13,1.6627212513291668e+18,1.424989251200314e+17,CONVERGED
S3,S3_c01,Low Micro-Stiffness (sqrt(c1)/a=0.1),0.36818181818181817,200271.03959119215,4,0.6453363759769017,0.20541694838746755,-6.594488818401448,6.594488818401448,False,584.0380780658597,-439.70565937632074,1.6627212513291668e+18,1.424989251200314e+17,CONVERGED
S3,S3_c01,Low Micro-Stiffness (sqrt(c1)/a=0.1),0.38585858585858585,209886.2472533207,0,0.00016403279553847008,5.221326047825942e-05,12.749790773047563,12.749790773047563,False,2.902927676780618e-06,-4.761753463390994e-10,1.9070527324378819e+18,9.162803129538026e+16,CONVERGED
S3,S3_c01,Low Micro-Stiffness (sqrt(c1)/a=0.1),0.38585858585858585,209886.2472533207,1,3.141592645406112,0.9999999973950533,-1.7446767427470693,1.7446767427470693,False,-5.724050835372333,-4.6843808565517806e-08,1.9070527324378819e+18,9.162803129538026e+16,CONVERGED
S3,S3_c01,Low Micro-Stiffness (sqrt(c1)/a=0.1),0.38585858585858585,209886.2472533207,2,3.141592497501375,0.9999999503155134,1.7446768444556386,1.7446768444556386,False,-0.1747014355833156,-2.7268870755332607e-08,1.9070527324378819e+18,9.162803129538026e+16,CONVERGED
S3,S3_c01,Low Micro-Stiffness (sqrt(c1)/a=0.1),0.38585858585858585,209886.2472533207,3,4.0268498997954095e-08,1.2817861332830858e-08,9.987423828992766,9.987423828992766,False,4.597449236897213e-05,1.8513237998914035e-12,1.9070527324378819e+18,9.162803129538026e+16,CONVERGED
S3,S3_c01,Low Micro-Stiffness (sqrt(c1)/a=0.1),0.38585858585858585,209886.2472533207,4,0.6766895007220056,0.21539695795658775,-6.584765496841067,6.584765496841067,False,564.4520358244317,-453.3682303719801,1.9070527324378819e+18,9.162803129538026e+16,CONVERGED
S3,S3_c01,Low Micro-Stiffness (sqrt(c1)/a=0.1),0.4035353535353535,219501.45491544926,0,0.0004108885746499446,0.00013078989543104384,13.95375479176573,13.95375479176573,False,8.708858924637523e-07,-3.578370831749855e-10,2.1920694115594586e+18,2.8705405341228272e+17,CONVERGED
S3,S3_c01,Low Micro-Stiffness (sqrt(c1)/a=0.1),0.4035353535353535,219501.45491544926,1,3.1415926102587477,0.9999999862072999,-1.7984226216762544,1.7984226216762544,False,-6.04011240381226,2.617243851718042e-07,2.1920694115594586e+18,2.8705405341228272e+17,CONVERGED
S3,S3_c01,Low Micro-Stiffness (sqrt(c1)/a=0.1),0.4035353535353535,219501.45491544926,2,3.1415925360297923,0.9999999625794895,1.7984224634297536,1.7984224634297536,False,-0.16555985905417062,-1.9463217158223895e-08,2.1920694115594586e+18,2.8705405341228272e+17,CONVERGED
S3,S3_c01,Low Micro-Stiffness (sqrt(c1)/a=0.1),0.4035353535353535,219501.45491544926,3,4.801678435582848e-07,1.5284217163215384e-07,9.904273262541452,9.904273262541452,False,4.99607299291921e-05,2.3989535952699874e-11,2.1920694115594586e+18,2.8705405341228272e+17,CONVERGED
S3,S3_c01,Low Micro-Stiffness (sqrt(c1)/a=0.1),0.4035353535353535,219501.45491544926,4,0.7082561681567167,0.2254449402749322,-6.574867344537072,6.574867344537072,False,544.4461168597037,-466.3186672878344,2.1920694115594586e+18,2.8705405341228272e+17,CONVERGED
S3,S3_c01,Low Micro-Stiffness (sqrt(c1)/a=0.1),0.4212121212121212,229116.66257757787,0,3.1414382367041274,0.9999508475786989,13.51474198463776,13.51474198463776,False,-1.350896655730592e-06,-2.0860125609216822e-10,2.4842531075858765e+18,8.147513006581224e+16,CONVERGED
S3,S3_c01,Low Micro-Stiffness (sqrt(c1)/a=0.1),0.4212121212121212,229116.66257757787,1,3.141592515831241,0.999999956150091,-1.8374667688341129,1.8374667688341129,False,-6.2806078602795194,-8.652074453149583e-07,2.4842531075858765e+18,8.147513006581224e+16,CONVERGED
S3,S3_c01,Low Micro-Stiffness (sqrt(c1)/a=0.1),0.4212121212121212,229116.66257757787,2,3.1415924545782192,0.9999999366526485,1.837466746997247,1.837466746997247,False,-0.15922026085423072,-3.1686674755772525e-08,2.4842531075858765e+18,8.147513006581224e+16,CONVERGED
S3,S3_c01,Low Micro-Stiffness (sqrt(c1)/a=0.1),0.4212121212121212,229116.66257757787,3,3.863638097921845e-06,1.22983420320486e-06,9.81777095534945,9.81777095534945,False,5.447487589392577e-05,-2.1047120588438322e-10,2.4842531075858765e+18,8.147513006581224e+16,CONVERGED
S3,S3_c01,Low Micro-Stiffness (sqrt(c1)/a=0.1),0.4212121212121212,229116.66257757787,4,0.7396560489723086,0.23543983276352787,-6.564546795864739,6.564546795864739,False,524.1007794815752,-478.2204821027561,2.4842531075858765e+18,8.147513006581224e+16,CONVERGED
S3,S3_c01,Low Micro-Stiffness (sqrt(c1)/a=0.1),0.4388888888888889,238731.87023970645,0,3.141575153244675,0.9999944294671373,12.485961314276489,12.485961314276489,False,-3.7793394418772e-06,-6.613974455740832e-11,2.8294539766525614e+18,1.1973898225861284e+18,CONVERGED
S3,S3_c01,Low Micro-Stiffness (sqrt(c1)/a=0.1),0.4388888888888889,238731.87023970645,1,3.1415919063266946,0.9999997621387682,-1.8615998427997218,1.8615998427997218,False,-6.434021965601594,4.807907190344022e-06,2.8294539766525614e+18,1.1973898225861284e+18,CONVERGED
S3,S3_c01,Low Micro-Stiffness (sqrt(c1)/a=0.1),0.4388888888888889,238731.87023970645,2,3.1415874330959133,0.9999983382651872,1.8615982676297242,1.8615982676297242,False,-0.15542402256375104,-8.113901585738925e-07,2.8294539766525614e+18,1.1973898225861284e+18,CONVERGED
S3,S3_c01,Low Micro-Stiffness (sqrt(c1)/a=0.1),0.4388888888888889,238731.87023970645,3,1.3766835046907539e-05,4.382119696892159e-06,9.728008966155354,9.728008966155354,False,5.959082335805266e-05,8.203770355315433e-10,2.8294539766525614e+18,1.1973898225861284e+18,CONVERGED
S3,S3_c01,Low Micro-Stiffness (sqrt(c1)/a=0.1),0.4388888888888889,238731.87023970645,4,0.7712510217773232,0.245496824961072,-6.554832040867321,6.554832040867321,False,503.8140803799467,-489.7569524508883,2.8294539766525614e+18,1.1973898225861284e+18,CONVERGED
S3,S3_c01,Low Micro-Stiffness (sqrt(c1)/a=0.1),0.45656565656565656,248347.077901835,0,3.1415793851326423,0.9999957765189145,11.953968417886431,11.953968417886431,False,-6.433650715168192e-06,8.536461884223328e-11,3.1892423501989494e+18,1.2665235603147885e+17,CONVERGED
S3,S3_c01,Low Micro-Stiffness (sqrt(c1)/a=0.1),0.45656565656565656,248347.077901835,1,3.1415926428384484,0.9999999965777407,-1.8700902015030794,1.8700902015030794,False,-6.488881679770544,-6.976420550366574e-08,3.1892423501989494e+18,1.2665235603147885e+17,CONVERGED
S3,S3_c01,Low Micro-Stiffness (sqrt(c1)/a=0.1),0.45656565656565656,248347.077901835,2,3.141591982712689,0.9999997864531853,1.87009010834498,1.87009010834498,False,-0.15410977461269418,-1.0338871932602588e-07,3.1892423501989494e+18,1.2665235603147885e+17,CONVERGED
S3,S3_c01,Low Micro-Stiffness (sqrt(c1)/a=0.1),0.45656565656565656,248347.077901835,3,3.4256696386862395e-07,1.0904245127934842e-07,9.635201046208405,9.635201046208405,False,6.538608784527489e-05,2.2399113592403833e-11,3.1892423501989494e+18,1.2665235603147885e+17,CONVERGED
S3,S3_c01,Low Micro-Stiffness (sqrt(c1)/a=0.1),0.45656565656565656,248347.077901835,4,0.8029627627594557,0.25559098562378446,-6.543319366261065,6.543319366261065,False,482.4459936465124,-499.6987468098723,3.1892423501989494e+18,1.2665235603147885e+17,CONVERGED
S3,S3_c01,Low Micro-Stiffness (sqrt(c1)/a=0.1),0.4742424242424242,257962.28556396352,0,3.1415715819595267,0.9999932926917682,11.581811791678284,11.581811791678284,False,-9.334327802174305e-06,1.9668950426369437e-10,3.5800637976287857e+18,5.924768877402998e+16,CONVERGED
S3,S3_c01,Low Micro-Stiffness (sqrt(c1)/a=0.1),0.4742424242424242,257962.28556396352,1,3.1415926500020537,0.9999999988579871,-1.8616191614553355,1.8616191614553355,False,-6.434146263458586,2.3084040623634125e-08,3.5800637976287857e+18,5.924768877402998e+16,CONVERGED
S3,S3_c01,Low Micro-Stiffness (sqrt(c1)/a=0.1),0.4742424242424242,257962.28556396352,2,3.1415923318150836,0.9999998975759288,1.8616165488063545,1.8616165488063545,False,-0.15542118125782312,-5.001060544291056e-08,3.5800637976287857e+18,5.924768877402998e+16,CONVERGED
S3,S3_c01,Low Micro-Stiffness (sqrt(c1)/a=0.1),0.4742424242424242,257962.28556396352,3,2.493041210394002e-07,7.935596639320146e-08,9.539485818396068,9.539485818396068,False,7.19538354858204e-05,-1.793838771120643e-11,3.5800637976287857e+18,5.924768877402998e+16,CONVERGED
S3,S3_c01,Low Micro-Stiffness (sqrt(c1)/a=0.1),0.4742424242424242,257962.28556396352,4,0.8350873770589707,0.2658165679451613,-6.532403152494942,6.532403152494942,False,461.08631708721686,-509.3460635943392,3.5800637976287857e+18,5.924768877402998e+16,CONVERGED
S3,S3_c01,Low Micro-Stiffness (sqrt(c1)/a=0.1),0.49191919191919187,267577.4932260921,0,3.1415620672938167,0.999990264079609,11.289428042207337,11.289428042207337,False,-1.2504424170008024e-05,3.824640187980836e-10,4.0008658330106634e+18,7.356753162662891e+16,CONVERGED
S3,S3_c01,Low Micro-Stiffness (sqrt(c1)/a=0.1),0.49191919191919187,267577.4932260921,1,3.141592403377152,0.9999999203548426,-1.8341473712144403,1.8341473712144403,False,-6.259794588371231,1.56627973956742e-06,4.0008658330106634e+18,7.356753162662891e+16,CONVERGED
S3,S3_c01,Low Micro-Stiffness (sqrt(c1)/a=0.1),0.49191919191919187,267577.4932260921,2,3.141592406990076,0.9999999215048722,1.8341482173240893,1.8341482173240893,False,-0.15974951570269372,-3.939418540667374e-08,4.0008658330106634e+18,7.356753162662891e+16,CONVERGED
S3,S3_c01,Low Micro-Stiffness (sqrt(c1)/a=0.1),0.49191919191919187,267577.4932260921,3,1.3261534569823192e-05,4.2212775595428255e-06,9.441066832278834,9.441066832278834,False,7.939566149168153e-05,1.052908309627639e-09,4.0008658330106634e+18,7.356753162662891e+16,CONVERGED
S3,S3_c01,Low Micro-Stiffness (sqrt(c1)/a=0.1),0.49191919191919187,267577.4932260921,4,0.8667557761026683,0.2758969324403835,-6.521653664059678,6.521653664059678,False,439.97265708657466,-518.0908492493442,4.0008658330106634e+18,7.356753162662891e+16,CONVERGED
S3,S3_c01,Low Micro-Stiffness (sqrt(c1)/a=0.1),0.5095959595959596,277192.70088822074,0,3.141562158634969,0.9999902931544008,11.044822601125528,11.044822601125528,False,-1.5969616631126828e-05,4.869927378741251e-10,4.4663468188564557e+18,1.3530734900829202e+17,CONVERGED
S3,S3_c01,Low Micro-Stiffness (sqrt(c1)/a=0.1),0.5095959595959596,277192.70088822074,1,3.1415911322040793,0.9999995157278866,-1.784640088794329,1.784640088794329,False,-5.957435413915463,-9.06355713143853e-06,4.4663468188564557e+18,1.3530734900829202e+17,CONVERGED
S3,S3_c01,Low Micro-Stiffness (sqrt(c1)/a=0.1),0.5095959595959596,277192.70088822074,2,3.1415925319483264,0.9999999612803185,1.7846411614966782,1.7846411614966782,False,-0.16785728385090834,2.0418406245051613e-08,4.4663468188564557e+18,1.3530734900829202e+17,CONVERGED
S3,S3_c01,Low Micro-Stiffness (sqrt(c1)/a=0.1),0.5095959595959596,277192.70088822074,3,0.00010235476811248467,3.2580534588253286e-05,9.34024519352293,9.34024519352293,False,8.781790060627966e-05,-8.9885808840706e-09,4.4663468188564557e+18,1.3530734900829202e+17,CONVERGED
S3,S3_c01,Low Micro-Stiffness (sqrt(c1)/a=0.1),0.5095959595959596,277192.70088822074,4,0.8992380780423838,0.28623637027380183,-6.510003854868397,6.510003854868397,False,418.0164570906297,-525.9433969387449,4.4663468188564557e+18,1.3530734900829202e+17,CONVERGED
S3,S3_c01,Low Micro-Stiffness (sqrt(c1)/a=0.1),0.5272727272727272,286807.90855034924,0,3.14156691766554,0.9999918080008802,10.831958445930143,10.831958445930143,False,-1.9757874321355804e-05,5.084871570533857e-10,4.92976696767126e+18,2.348500282267466e+17,CONVERGED
S3,S3_c01,Low Micro-Stiffness (sqrt(c1)/a=0.1),0.5272727272727272,286807.90855034924,1,3.1415925867557535,0.9999999787260645,-1.7085489389930304,1.7085489389930304,False,-5.520944435230287,3.6898701957271144e-07,4.92976696767126e+18,2.348500282267466e+17,CONVERGED
S3,S3_c01,Low Micro-Stiffness (sqrt(c1)/a=0.1),0.5272727272727272,286807.90855034924,2,3.141592155488641,0.9999998414494788,1.7085487579431875,1.7085487579431875,False,-0.18112846321519285,9.022029625625502e-08,4.92976696767126e+18,2.348500282267466e+17,CONVERGED
S3,S3_c01,Low Micro-Stiffness (sqrt(c1)/a=0.1),0.5272727272727272,286807.90855034924,3,2.1923972821226837e-08,6.9786172934212345e-09,9.237466018924547,9.237466018924547,False,9.732389493376646e-05,-2.1337264273838323e-12,4.92976696767126e+18,2.348500282267466e+17,CONVERGED
S3,S3_c01,Low Micro-Stiffness (sqrt(c1)/a=0.1),0.5272727272727272,286807.90855034924,4,0.9325740998018051,0.2968475555658636,-6.497886838934871,6.497886838934871,False,395.433969880745,-533.0849196450692,4.92976696767126e+18,2.348500282267466e+17,CONVERGED
S3,S3_c01,Low Micro-Stiffness (sqrt(c1)/a=0.1),0.544949494949495,296423.11621247785,0,3.1415614721472753,0.9999900746385811,10.64162795721291,10.64162795721291,False,-2.3900098977938375e-05,7.452395626895255e-10,5.495934807065173e+18,2.0189434611154563e+17,CONVERGED
S3,S3_c01,Low Micro-Stiffness (sqrt(c1)/a=0.1),0.544949494949495,296423.11621247785,1,3.141587644056872,0.9999984054161462,-1.5987631749371678,1.5987631749371678,False,-4.946910176548732,-2.4781709386176336e-05,5.495934807065173e+18,2.0189434611154563e+17,CONVERGED
S3,S3_c01,Low Micro-Stiffness (sqrt(c1)/a=0.1),0.544949494949495,296423.11621247785,2,3.14158941240032,0.9999989682973477,1.5987619433821723,1.5987619433821723,False,-0.20214663210958395,6.551955360868794e-07,5.495934807065173e+18,2.0189434611154563e+17,CONVERGED
S3,S3_c01,Low Micro-Stiffness (sqrt(c1)/a=0.1),0.544949494949495,296423.11621247785,3,0.00045278572718485474,0.00014412617328585602,9.133088081512428,9.133088081512428,False,0.0001080314484344116,-4.891510128098335e-08,5.495934807065173e+18,2.0189434611154563e+17,CONVERGED
S3,S3_c01,Low Micro-Stiffness (sqrt(c1)/a=0.1),0.544949494949495,296423.11621247785,4,0.9644592182836851,0.30699690400078755,-6.4876048083677595,6.4876048083677595,False,374.36924672273767,-539.8409863923335,5.495934807065173e+18,2.0189434611154563e+17,CONVERGED
S3,S3_c01,Low Micro-Stiffness (sqrt(c1)/a=0.1),0.5626262626262627,306038.32387460646,0,3.1415575094122468,0.9999888132608452,10.468026699485529,10.468026699485529,False,-2.843110686394327e-05,9.991878678769336e-10,6.05040576006071e+18,8.983325396964163e+16,CONVERGED
S3,S3_c01,Low Micro-Stiffness (sqrt(c1)/a=0.1),0.5626262626262627,306038.32387460646,1,3.1415926451208374,0.9999999973042476,-1.4432198824465232,1.4432198824465232,False,-4.234307864205347,3.586016626554435e-08,6.05040576006071e+18,8.983325396964163e+16,CONVERGED
S3,S3_c01,Low Micro-Stiffness (sqrt(c1)/a=0.1),0.5626262626262627,306038.32387460646,2,3.141592468437721,0.999999941064265,1.4432199610629717,1.4432199610629717,False,-0.23616608745835904,-4.372664047558803e-08,6.05040576006071e+18,8.983325396964163e+16,CONVERGED
S3,S3_c01,Low Micro-Stiffness (sqrt(c1)/a=0.1),0.5626262626262627,306038.32387460646,3,4.3328559611295266e-08,1.3791908878378985e-08,9.026986281205868,9.026986281205868,False,0.00012012396806676964,5.20479851112636e-12,6.05040576006071e+18,8.983325396964163e+16,CONVERGED
S3,S3_c01,Low Micro-Stiffness (sqrt(c1)/a=0.1),0.5626262626262627,306038.32387460646,4,0.9965015628154551,0.31719629904175706,-6.47622864843829,6.47622864843829,False,352.8453236823274,-545.3184445728872,6.05040576006071e+18,8.983325396964163e+16,CONVERGED
S3,S3_c01,Low Micro-Stiffness (sqrt(c1)/a=0.1),0.5803030303030303,315653.531536735,0,3.1415523236283325,0.9999871625745577,10.307283520217752,10.307283520217752,False,-3.338901778007268e-05,1.3465778010060727e-09,6.621283315724095e+18,4.009822481416473e+16,CONVERGED
S3,S3_c01,Low Micro-Stiffness (sqrt(c1)/a=0.1),0.5803030303030303,315653.531536735,1,3.1415925269396183,0.9999999596859973,-1.2182033887596373,1.2182033887596373,False,-3.381107737396068,4.282178857955424e-07,6.621283315724095e+18,4.009822481416473e+16,CONVERGED
S3,S3_c01,Low Micro-Stiffness (sqrt(c1)/a=0.1),0.5803030303030303,315653.531536735,2,3.141591389671203,0.9999995976822174,1.2182032158467095,1.2182032158467095,False,-0.29576110866028704,-3.738179634885196e-07,6.621283315724095e+18,4.009822481416473e+16,CONVERGED
S3,S3_c01,Low Micro-Stiffness (sqrt(c1)/a=0.1),0.5803030303030303,315653.531536735,3,1.531986912040479e-07,4.876465796066618e-08,8.920268372264172,8.920268372264172,False,0.00013365237138837941,2.0475368373017225e-11,6.621283315724095e+18,4.009822481416473e+16,CONVERGED
S3,S3_c01,Low Micro-Stiffness (sqrt(c1)/a=0.1),0.5803030303030303,315653.531536735,4,1.0276339924675046,0.32710605918092583,-6.46485487483643,6.46485487483643,False,331.90345354831874,-549.7489410358418,6.621283315724095e+18,4.009822481416473e+16,CONVERGED
S3,S3_c01,Low Micro-Stiffness (sqrt(c1)/a=0.1),0.5979797979797981,325268.7391988636,0,3.1415578858631887,0.9999889330889017,10.1566736432099,10.1566736432099,False,-3.881617006834226e-05,1.3495499893184616e-09,7.371557447702117e+18,1.0013830079152034e+17,CONVERGED
S3,S3_c01,Low Micro-Stiffness (sqrt(c1)/a=0.1),0.5979797979797981,325268.7391988636,1,3.141592633584288,0.9999999936320499,-0.8598768079574499,0.8598768079574499,False,-2.36286958904432,4.7270399792121446e-08,7.371557447702117e+18,1.0013830079152034e+17,CONVERGED
S3,S3_c01,Low Micro-Stiffness (sqrt(c1)/a=0.1),0.5979797979797981,325268.7391988636,2,3.1415923793249774,0.9999999126987977,0.8598765258147871,0.8598765258147871,False,-0.4232143351369308,-1.1607280179245707e-07,7.371557447702117e+18,1.0013830079152034e+17,CONVERGED
S3,S3_c01,Low Micro-Stiffness (sqrt(c1)/a=0.1),0.5979797979797981,325268.7391988636,3,1.4537201024894113e-07,4.62733480366493e-08,8.813257094621223,8.813257094621223,False,0.00014874797982766656,2.1623792848016982e-11,7.371557447702117e+18,1.0013830079152034e+17,CONVERGED
S3,S3_c01,Low Micro-Stiffness (sqrt(c1)/a=0.1),0.5979797979797981,325268.7391988636,4,1.0625185718317824,0.3382101656679385,-6.453047615893594,6.453047615893594,False,308.8592551940147,-554.405626509207,7.371557447702117e+18,1.0013830079152034e+17,CONVERGED
S3,S3_c01,Low Micro-Stiffness (sqrt(c1)/a=0.1),0.6156565656565657,334883.9468609921,0,3.141555203248372,0.9999880791860847,10.014210457763108,10.014210457763108,False,-4.475933827556597e-05,1.6762525010079947e-09,7.907794749793598e+18,9.587254325472547e+16,CONVERGED
S3,S3_c01,Low Micro-Stiffness (sqrt(c1)/a=0.1),0.6156565656565657,334883.9468609921,1,2.7190860819350737,0.8655119812646827,-3.790108744679363e-06,3.790108744679363e-06,True,-0.9120674489948722,-0.41004944668930526,7.907794749793598e+18,9.587254325472547e+16,CONVERGED
S3,S3_c01,Low Micro-Stiffness (sqrt(c1)/a=0.1),0.6156565656565657,334883.9468609921,2,2.7190851483367,0.8655116840910906,4.009545718734259e-06,4.009545718734259e-06,True,-0.9120599523927572,0.41004709995564764,7.907794749793598e+18,9.587254325472547e+16,CONVERGED
S3,S3_c01,Low Micro-Stiffness (sqrt(c1)/a=0.1),0.6156565656565657,334883.9468609921,3,0.00014786205020138937,4.706595237050619e-05,8.706586878101032,8.706586878101032,False,0.0001654921346528602,-2.447000650030707e-08,7.907794749793598e+18,9.587254325472547e+16,CONVERGED
S3,S3_c01,Low Micro-Stiffness (sqrt(c1)/a=0.1),0.6156565656565657,334883.9468609921,4,1.0940250916751533,0.3482390024133292,-6.442625880357683,6.442625880357683,False,288.22198935652403,-558.0140670447803,7.907794749793598e+18,9.587254325472547e+16,CONVERGED
S3,S3_c01,Low Micro-Stiffness (sqrt(c1)/a=0.1),0.6333333333333333,344499.15452312067,0,3.141556125248534,0.9999883726678512,9.878384396413805,9.878384396413805,False,-5.127104464138862e-05,1.8728462162171495e-09,8.603000374432065e+18,9.44177123926187e+16,CONVERGED
S3,S3_c01,Low Micro-Stiffness (sqrt(c1)/a=0.1),0.6333333333333333,344499.15452312067,1,1.996247607773761,0.6354253488251302,1.60157956423747e-07,1.60157956423747e-07,True,-0.4127318080928774,-0.9108524217855067,8.603000374432065e+18,9.44177123926187e+16,CONVERGED
S3,S3_c01,Low Micro-Stiffness (sqrt(c1)/a=0.1),0.6333333333333333,344499.15452312067,2,1.9962474305201234,0.6354252924035451,2.502955985760864e-07,2.502955985760864e-07,True,-0.41273160943831005,0.9108524128416142,8.603000374432065e+18,9.44177123926187e+16,CONVERGED
S3,S3_c01,Low Micro-Stiffness (sqrt(c1)/a=0.1),0.6333333333333333,344499.15452312067,3,6.058870740635017e-06,1.9285984558538317e-06,8.600773797641939,8.600773797641939,False,0.00018396338813883074,-1.1146103897560837e-09,8.603000374432065e+18,9.44177123926187e+16,CONVERGED
S3,S3_c01,Low Micro-Stiffness (sqrt(c1)/a=0.1),0.6333333333333333,344499.15452312067,4,1.1279607960359506,0.35904107260598134,-6.430467679061808,6.430467679061808,False,265.8708347243628,-560.6142584539396,8.603000374432065e+18,9.44177123926187e+16,CONVERGED
S3,S3_c01,Low Micro-Stiffness (sqrt(c1)/a=0.1),0.651010101010101,354114.3621852493,0,0.006025566497852224,0.0019179973861242039,10.293964253048012,10.293964253048012,False,3.3836095642286624e-05,2.03884111830434e-07,9.941475091180016e+18,8.285957725305163e+16,CONVERGED
S3,S3_c01,Low Micro-Stiffness (sqrt(c1)/a=0.1),0.651010101010101,354114.3621852493,1,1.486970372989659,0.47331737018500714,3.2176938065648112e-09,3.2176938065648112e-09,True,0.0837278167850794,-0.9964886583704887,9.941475091180016e+18,8.285957725305163e+16,CONVERGED
S3,S3_c01,Low Micro-Stiffness (sqrt(c1)/a=0.1),0.651010101010101,354114.3621852493,2,1.4869703180932272,0.4733173527109302,9.757329074118975e-08,9.757329074118975e-08,True,0.083727863588558,0.9964885597498515,9.941475091180016e+18,8.285957725305163e+16,CONVERGED
S3,S3_c01,Low Micro-Stiffness (sqrt(c1)/a=0.1),0.651010101010101,354114.3621852493,3,1.6270960415965388e-08,5.1792075581069064e-09,8.496545550706482,8.496545550706482,False,0.0002041724555897507,3.322081942931285e-12,9.941475091180016e+18,8.285957725305163e+16,CONVERGED
S3,S3_c01,Low Micro-Stiffness (sqrt(c1)/a=0.1),0.651010101010101,354114.3621852493,4,3.135628405741034,0.9981015209460896,-3.2774714857808136,3.2774714857808136,False,-26.50818887873983,-0.15810328319559885,9.941475091180016e+18,8.285957725305163e+16,CONVERGED
S3,S3_c01,Low Micro-Stiffness (sqrt(c1)/a=0.1),0.6686868686868687,363729.5698473778,0,1.8158822067129574,0.5780132585419722,3.917160482432495,3.917160482432495,False,-0.004827925604799744,0.019302906401733138,1.0092491398458855e+19,7.539852348320835e+16,CONVERGED
S3,S3_c01,Low Micro-Stiffness (sqrt(c1)/a=0.1),0.6686868686868687,363729.5698473778,1,0.9850280823367101,0.3135441767764358,-6.85022184270762e-08,6.85022184270762e-08,True,0.5528397518737735,-0.8332876728672942,1.0092491398458855e+19,7.539852348320835e+16,CONVERGED
S3,S3_c01,Low Micro-Stiffness (sqrt(c1)/a=0.1),0.6686868686868687,363729.5698473778,2,0.9850280239724973,0.3135441581985299,-7.049491604126864e-09,7.049491604126864e-09,True,0.5528397665344394,0.8332875893934397,1.0092491398458855e+19,7.539852348320835e+16,CONVERGED
S3,S3_c01,Low Micro-Stiffness (sqrt(c1)/a=0.1),0.6686868686868687,363729.5698473778,3,9.041344659533353e-06,2.8779493895244853e-06,8.394618815352748,8.394618815352748,False,0.00022608063836817454,-2.0440729723896844e-09,1.0092491398458855e+19,7.539852348320835e+16,CONVERGED
S3,S3_c01,Low Micro-Stiffness (sqrt(c1)/a=0.1),0.6863636363636364,373344.7775095064,0,3.141554080014829,0.9999877216497435,9.500315005497251,9.500315005497251,False,-7.482825480746348e-05,2.8863932976677996e-09,1.1111238861538865e+19,3.967311498357222e+17,CONVERGED
S3,S3_c01,Low Micro-Stiffness (sqrt(c1)/a=0.1),0.6863636363636364,373344.7775095064,1,0.2527551853443632,0.08045447427932717,-1.1118202309973396e-07,1.1118202309973396e-07,True,0.9682272089326294,0.2500725779580828,1.1111238861538865e+19,3.967311498357222e+17,CONVERGED
S3,S3_c01,Low Micro-Stiffness (sqrt(c1)/a=0.1),0.6863636363636364,373344.7775095064,2,0.25275531087927183,0.08045451423832965,6.392867250080636e-09,6.392867250080636e-09,True,0.968227063700586,-0.2500726701021265,1.1111238861538865e+19,3.967311498357222e+17,CONVERGED
S3,S3_c01,Low Micro-Stiffness (sqrt(c1)/a=0.1),0.6863636363636364,373344.7775095064,3,1.6421664185312639e-07,5.227178057775298e-08,8.295643034665016,8.295643034665016,False,0.0002496019685540342,4.098879707587351e-11,1.1111238861538865e+19,3.967311498357222e+17,CONVERGED
S3,S3_c01,Low Micro-Stiffness (sqrt(c1)/a=0.1),0.6863636363636364,373344.7775095064,4,1.2278611171963214,0.39084033246426314,-6.3955620532000585,6.3955620532000585,False,201.4759730374715,-564.290797595954,1.1111238861538865e+19,3.967311498357222e+17,CONVERGED
S3,S3_c01,Low Micro-Stiffness (sqrt(c1)/a=0.1),0.704040404040404,382959.98517163494,0,3.141565666708614,0.9999914098089234,9.381619699343362,9.381619699343362,False,-8.425861829106767e-05,2.2738773206974238e-09,1.2539858943130202e+19,3.801172802520727e+17,CONVERGED
S3,S3_c01,Low Micro-Stiffness (sqrt(c1)/a=0.1),0.704040404040404,382959.98517163494,1,5.651908193193797e-09,1.7990582536967517e-09,-0.7606931692569835,0.7606931692569835,False,2.139758921657869,-1.2093720980777636e-08,1.2539858943130202e+19,3.801172802520727e+17,CONVERGED
S3,S3_c01,Low Micro-Stiffness (sqrt(c1)/a=0.1),0.704040404040404,382959.98517163494,2,1.6063766984441459e-07,5.113255840500495e-08,0.7606924395126661,0.7606924395126661,False,0.4673427083878111,-7.507284369419637e-08,1.2539858943130202e+19,3.801172802520727e+17,CONVERGED
S3,S3_c01,Low Micro-Stiffness (sqrt(c1)/a=0.1),0.704040404040404,382959.98517163494,3,5.6456169962322015e-09,1.7970557035079463e-09,8.20025789491983,8.20025789491983,False,0.0002745827473445238,-1.5501890252803762e-12,1.2539858943130202e+19,3.801172802520727e+17,CONVERGED
S3,S3_c01,Low Micro-Stiffness (sqrt(c1)/a=0.1),0.704040404040404,382959.98517163494,4,1.2565650065981735,0.3999770642327988,-6.372148260284143,6.372148260284143,False,180.912047811155,-556.6535510385182,1.2539858943130202e+19,3.801172802520727e+17,CONVERGED
S3,S3_c01,Low Micro-Stiffness (sqrt(c1)/a=0.1),0.7217171717171718,392575.19283376355,0,3.1415587030572696,0.9999891932098566,9.265596935544743,9.265596935544743,False,-9.462423449494634e-05,3.212543151979661e-09,1.3770575460703988e+19,1.1942067546876968e+17,CONVERGED
S3,S3_c01,Low Micro-Stiffness (sqrt(c1)/a=0.1),0.7217171717171718,392575.19283376355,1,7.372428189628068e-06,2.3467167779386803e-06,-0.9930360896202505,0.9930360896202505,False,2.699417717570124,1.9901263276956003e-05,1.3770575460703988e+19,1.1942067546876968e+17,CONVERGED
S3,S3_c01,Low Micro-Stiffness (sqrt(c1)/a=0.1),0.7217171717171718,392575.19283376355,2,4.767155963369916e-06,1.517432872120657e-06,0.9930248766870917,0.9930248766870917,False,0.3704544155758311,1.766013976382418e-06,1.3770575460703988e+19,1.1942067546876968e+17,CONVERGED
S3,S3_c01,Low Micro-Stiffness (sqrt(c1)/a=0.1),0.7217171717171718,392575.19283376355,3,0.004170733616099294,0.001327585742643476,8.105136781831805,8.105136781831805,False,0.0003019812950686129,1.2594908417399969e-06,1.3770575460703988e+19,1.1942067546876968e+17,CONVERGED
S3,S3_c01,Low Micro-Stiffness (sqrt(c1)/a=0.1),0.7217171717171718,392575.19283376355,4,1.293148502469415,0.41162195263977885,-6.369561056368251,6.369561056368251,False,160.0166767674147,-561.4435626481329,1.3770575460703988e+19,1.1942067546876968e+17,CONVERGED
S3,S3_c01,Low Micro-Stiffness (sqrt(c1)/a=0.1),0.7393939393939394,402190.40049589204,0,3.1415492926093536,0.9999861977712514,9.151911344268283,9.151911344268283,False,-0.00010601697393513212,4.596999935941531e-09,1.3744515563344112e+19,4.7369599868166584e+16,CONVERGED
S3,S3_c01,Low Micro-Stiffness (sqrt(c1)/a=0.1),0.7393939393939394,402190.40049589204,1,5.870095026868291e-06,1.8685092798904816e-06,-1.0810958434588338,1.0810958434588338,False,2.947908227578075,-1.7304501426568936e-05,1.3744515563344112e+19,4.7369599868166584e+16,CONVERGED
S3,S3_c01,Low Micro-Stiffness (sqrt(c1)/a=0.1),0.7393939393939394,402190.40049589204,2,9.631880122468337e-07,3.0659226655188126e-07,1.0810862566014579,1.0810862566014579,False,0.33922683804414727,-3.267392238366218e-07,1.3744515563344112e+19,4.7369599868166584e+16,CONVERGED
S3,S3_c01,Low Micro-Stiffness (sqrt(c1)/a=0.1),0.7393939393939394,402190.40049589204,3,0.003736897718539107,0.0011894914874686503,8.017293044860796,8.017293044860796,False,0.00032970902757574515,-1.232094648090929e-06,1.3744515563344112e+19,4.7369599868166584e+16,CONVERGED
S3,S3_c01,Low Micro-Stiffness (sqrt(c1)/a=0.1),0.7393939393939394,402190.40049589204,4,1.329536271033565,0.42320453910991557,-6.354679765075325,6.354679765075325,False,137.4252243480708,-558.5196293219507,1.3744515563344112e+19,4.7369599868166584e+16,CONVERGED
S3,S3_c01,Low Micro-Stiffness (sqrt(c1)/a=0.1),0.7570707070707071,411805.6081580207,0,3.141546889105809,0.9999854327123118,9.040203726486885,9.040203726486885,False,-0.00011854668277068327,5.425227768855559e-09,1.5945417798922482e+19,1.1360884906873832e+17,CONVERGED
S3,S3_c01,Low Micro-Stiffness (sqrt(c1)/a=0.1),0.7570707070707071,411805.6081580207,1,6.076085469738921e-06,1.9340780743155805e-06,-1.06140564904108,1.06140564904108,False,2.8904310666813586,1.75625062057607e-05,1.5945417798922482e+19,1.1360884906873832e+17,CONVERGED
S3,S3_c01,Low Micro-Stiffness (sqrt(c1)/a=0.1),0.7570707070707071,411805.6081580207,2,2.850249472587018e-06,9.072625852145832e-07,1.061401989275076,1.061401989275076,False,0.3459704233314691,-9.861020166338975e-07,1.5945417798922482e+19,1.1360884906873832e+17,CONVERGED
S3,S3_c01,Low Micro-Stiffness (sqrt(c1)/a=0.1),0.7570707070707071,411805.6081580207,3,0.0037828448166351905,0.00120411690303409,7.93713499710788,7.93713499710788,False,0.00035722591825763147,1.3513366590923107e-06,1.5945417798922482e+19,1.1360884906873832e+17,CONVERGED
S3,S3_c01,Low Micro-Stiffness (sqrt(c1)/a=0.1),0.7570707070707071,411805.6081580207,4,1.3635796968215714,0.4340408980978022,-6.33475105531393,6.33475105531393,False,116.00042068679184,-551.7672243670385,1.5945417798922482e+19,1.1360884906873832e+17,CONVERGED
S3,S3_c01,Low Micro-Stiffness (sqrt(c1)/a=0.1),0.7747474747474747,421420.81582014915,0,3.1415545504581015,0.999987871396488,8.930145084420973,8.930145084420973,False,-0.00013233882273949285,5.042523593191575e-09,1.7418677213966045e+19,9.08069045491118e+16,CONVERGED
S3,S3_c01,Low Micro-Stiffness (sqrt(c1)/a=0.1),0.7747474747474747,421420.81582014915,1,2.268873491868724e-07,7.222048629621532e-08,-0.9229341394426941,0.9229341394426941,False,2.5166638098737306,-5.709991806167955e-07,1.7418677213966045e+19,9.08069045491118e+16,CONVERGED
S3,S3_c01,Low Micro-Stiffness (sqrt(c1)/a=0.1),0.7747474747474747,421420.81582014915,2,1.1540749833627688e-06,3.673534766017631e-07,0.9229334717926105,0.9229334717926105,False,0.3973517097223201,4.585736677871579e-07,1.7418677213966045e+19,9.08069045491118e+16,CONVERGED
S3,S3_c01,Low Micro-Stiffness (sqrt(c1)/a=0.1),0.7747474747474747,421420.81582014915,3,1.4543000826844025e-07,4.6291809379634956e-08,7.864534079971262,7.864534079971262,False,0.00038412824876719436,5.586377439435494e-11,1.7418677213966045e+19,9.08069045491118e+16,CONVERGED
S3,S3_c01,Low Micro-Stiffness (sqrt(c1)/a=0.1),0.7747474747474747,421420.81582014915,4,1.396040997926379,0.44437365115785127,-6.315630904050938,6.315630904050938,False,96.17480338616289,-544.7259538992008,1.7418677213966045e+19,9.08069045491118e+16,CONVERGED
S3,S3_c01,Low Micro-Stiffness (sqrt(c1)/a=0.1),0.7924242424242425,431036.0234822779,0,0.00018066885181297493,5.75086816575442e-05,9.237525751538893,9.237525751538893,False,9.731808010841428e-05,-1.758234598513348e-08,1.744703157721345e+19,1.9674378513252685e+17,CONVERGED
S3,S3_c01,Low Micro-Stiffness (sqrt(c1)/a=0.1),0.7924242424242425,431036.0234822779,1,2.1575633506440525e-07,6.867737445778264e-08,-0.5726397762472207,0.5726397762472207,False,1.7729410472321596,-3.825232626360653e-07,1.744703157721345e+19,1.9674378513252685e+17,CONVERGED
S3,S3_c01,Low Micro-Stiffness (sqrt(c1)/a=0.1),0.7924242424242425,431036.0234822779,2,8.883240076798629e-07,2.82762313778906e-07,0.5726402657799887,0.5726402657799887,False,0.5640342706420446,5.010451837656613e-07,1.744703157721345e+19,1.9674378513252685e+17,CONVERGED
S3,S3_c01,Low Micro-Stiffness (sqrt(c1)/a=0.1),0.7924242424242425,431036.0234822779,3,3.7997403897282567e-07,1.2094949309823538e-07,7.793428065665585,7.793428065665585,False,0.0004124365980640915,-1.5671519998663227e-10,1.744703157721345e+19,1.9674378513252685e+17,CONVERGED
S3,S3_c01,Low Micro-Stiffness (sqrt(c1)/a=0.1),0.7924242424242425,431036.0234822779,4,1.4294371533603005,0.455003977592999,-0.7727088235463809,0.7727088235463809,False,0.30511238389232803,-2.144023410985705,1.744703157721345e+19,1.9674378513252685e+17,CONVERGED
S3,S3_c01,Low Micro-Stiffness (sqrt(c1)/a=0.1),0.8101010101010101,440651.2311444063,0,3.141588188983399,0.9999985788716469,8.713946295214788,8.713946295214788,False,-0.00016427868143670455,7.334396515270877e-10,2.0206177318563664e+19,4.038994907742869e+17,CONVERGED
S3,S3_c01,Low Micro-Stiffness (sqrt(c1)/a=0.1),0.8101010101010101,440651.2311444063,1,0.6901742492420663,0.2196892867232253,-2.934775575898854e-07,2.934775575898854e-07,True,0.7711353134784003,0.636671748440165,2.0206177318563664e+19,4.038994907742869e+17,CONVERGED
S3,S3_c01,Low Micro-Stiffness (sqrt(c1)/a=0.1),0.8101010101010101,440651.2311444063,2,0.6901742608607301,0.21968929042156085,2.6017600971927414e-07,2.6017600971927414e-07,True,0.7711348791394304,-0.6366714049042348,2.0206177318563664e+19,4.038994907742869e+17,CONVERGED
S3,S3_c01,Low Micro-Stiffness (sqrt(c1)/a=0.1),0.8101010101010101,440651.2311444063,3,3.0887916994299655e-08,9.831929342909897e-09,7.727467072505603,7.727467072505603,False,0.0004405586080548369,1.3607937716722003e-11,2.0206177318563664e+19,4.038994907742869e+17,CONVERGED
S3,S3_c01,Low Micro-Stiffness (sqrt(c1)/a=0.1),0.8101010101010101,440651.2311444063,4,1.460072316993723,0.46475545304237553,-6.279256933600669,6.279256933600669,False,58.93871792089887,-530.1258674408084,2.0206177318563664e+19,4.038994907742869e+17,CONVERGED
S3,S3_c01,Low Micro-Stiffness (sqrt(c1)/a=0.1),0.8277777777777778,450266.438806535,0,0.00016222253837227662,5.163703772572499e-05,9.107273172232295,9.107273172232295,False,0.00011085658873311263,-1.7983437377328677e-08,2.0013522241909613e+19,7.569915135931304e+16,CONVERGED
S3,S3_c01,Low Micro-Stiffness (sqrt(c1)/a=0.1),0.8277777777777778,450266.438806535,1,1.2744818149100823,0.40568016144733926,1.7498738672546278e-07,1.7498738672546278e-07,True,0.2919972752623922,0.956418967432488,2.0013522241909613e+19,7.569915135931304e+16,CONVERGED
S3,S3_c01,Low Micro-Stiffness (sqrt(c1)/a=0.1),0.8277777777777778,450266.438806535,2,1.274482294166195,0.405680313999298,3.7654101971405904e-07,3.7654101971405904e-07,True,0.29199675803970865,-0.956418914604131,2.0013522241909613e+19,7.569915135931304e+16,CONVERGED
S3,S3_c01,Low Micro-Stiffness (sqrt(c1)/a=0.1),0.8277777777777778,450266.438806535,3,1.3201767327636384e-05,4.202253055484824e-06,7.666398022008554,7.666398022008554,False,0.00046830160143845174,6.182408781709118e-09,2.0013522241909613e+19,7.569915135931304e+16,CONVERGED
S3,S3_c01,Low Micro-Stiffness (sqrt(c1)/a=0.1),0.8277777777777778,450266.438806535,4,1.49828419894298,0.47691867283651196,-1.0122376617527444,1.0122376617527444,False,0.19936055149347198,-2.744520422665262,2.0013522241909613e+19,7.569915135931304e+16,CONVERGED
S3,S3_c01,Low Micro-Stiffness (sqrt(c1)/a=0.1),0.8454545454545455,459881.6464686634,0,3.141546809109767,0.9999854072487808,8.501684702919132,8.501684702919132,False,-0.00020312587362427987,9.31220006269573e-09,2.1027032922334884e+19,1.1150072006263958e+17,CONVERGED
S3,S3_c01,Low Micro-Stiffness (sqrt(c1)/a=0.1),0.8454545454545455,459881.6464686634,1,1.8087866519537843,0.5757546733141689,1.1167420706692364e-07,1.1167420706692364e-07,True,-0.23575004790797316,-0.9718136094761172,2.1027032922334884e+19,1.1150072006263958e+17,CONVERGED
S3,S3_c01,Low Micro-Stiffness (sqrt(c1)/a=0.1),0.8454545454545455,459881.6464686634,2,1.8087868946923584,0.5757547505802568,1.957403095872958e-07,1.957403095872958e-07,True,-0.23575026398600937,0.9718134705538838,2.1027032922334884e+19,1.1150072006263958e+17,CONVERGED
S3,S3_c01,Low Micro-Stiffness (sqrt(c1)/a=0.1),0.8454545454545455,459881.6464686634,3,1.043810577291646e-06,3.3225522605514066e-07,7.609840371274109,7.609840371274109,False,0.0004955509563315999,5.172613298061024e-10,2.1027032922334884e+19,1.1150072006263958e+17,CONVERGED
S3,S3_c01,Low Micro-Stiffness (sqrt(c1)/a=0.1),0.8454545454545455,459881.6464686634,4,1.5344270367022117,0.4884232954100122,-6.23183325997943,6.23183325997943,False,18.496513536532824,-508.35079545435553,2.1027032922334884e+19,1.1150072006263958e+17,CONVERGED
S3,S3_c01,Low Micro-Stiffness (sqrt(c1)/a=0.1),0.8631313131313132,469496.85413079214,0,3.1415242438876416,0.9999782245154943,8.396632640529521,8.396632640529521,False,-0.00022562580909442966,1.5434994421919264e-08,1.993047811532828e+19,4.705915348847229e+16,CONVERGED
S3,S3_c01,Low Micro-Stiffness (sqrt(c1)/a=0.1),0.8631313131313132,469496.85413079214,1,2.458719460677502,0.7826347116861269,4.4553068624478075e-08,4.4553068624478075e-08,True,-0.7757628334925855,0.6310245138387429,1.993047811532828e+19,4.705915348847229e+16,CONVERGED
S3,S3_c01,Low Micro-Stiffness (sqrt(c1)/a=0.1),0.8631313131313132,469496.85413079214,2,2.4587196381313325,0.7826347681714355,8.314475819851023e-08,8.314475819851023e-08,True,-0.7757629155322883,-0.6310243518243501,1.993047811532828e+19,4.705915348847229e+16,CONVERGED
S3,S3_c01,Low Micro-Stiffness (sqrt(c1)/a=0.1),0.8631313131313132,469496.85413079214,3,7.794361569973731e-06,2.4810223442136507e-06,7.557323669973421,7.557323669973421,False,0.0005222711450373576,-4.070770142067793e-09,1.993047811532828e+19,4.705915348847229e+16,CONVERGED
S3,S3_c01,Low Micro-Stiffness (sqrt(c1)/a=0.1),0.8631313131313132,469496.85413079214,4,1.571173255983245,0.5001199802870425,-6.202155642884547,6.202155642884547,False,-0.1861322943277507,-493.81234265347996,1.993047811532828e+19,4.705915348847229e+16,CONVERGED
S3,S3_c01,Low Micro-Stiffness (sqrt(c1)/a=0.1),0.8808080808080808,479112.06179292063,0,3.1415761878206907,0.9999947587829111,8.29208023019541,8.29208023019541,False,-0.00025049283758304795,4.124557225871486e-09,2.5943252768553353e+19,1.0766177606061128e+17,CONVERGED
S3,S3_c01,Low Micro-Stiffness (sqrt(c1)/a=0.1),0.8808080808080808,479112.06179292063,1,3.1415926375373555,0.9999999948903504,-0.7462425592053588,0.7462425592053588,False,-2.109060439973724,3.385556098313087e-08,2.5943252768553353e+19,1.0766177606061128e+17,CONVERGED
S3,S3_c01,Low Micro-Stiffness (sqrt(c1)/a=0.1),0.8808080808080808,479112.06179292063,2,3.1415926416995763,0.9999999962152264,0.7462425228001649,0.7462425228001649,False,-0.4741447980588232,-5.637684528237267e-09,2.5943252768553353e+19,1.0766177606061128e+17,CONVERGED
S3,S3_c01,Low Micro-Stiffness (sqrt(c1)/a=0.1),0.8808080808080808,479112.06179292063,3,1.6406878096406511e-07,5.222471499498485e-08,7.508306036882129,7.508306036882129,False,0.0005485094569712411,-8.999327795253366e-11,2.5943252768553353e+19,1.0766177606061128e+17,CONVERGED
S3,S3_c01,Low Micro-Stiffness (sqrt(c1)/a=0.1),0.8808080808080808,479112.06179292063,4,1.6014522120255008,0.509758071338617,-6.1719229111015474,6.1719229111015474,False,-14.68513348741809,-478.88138958232776,2.5943252768553353e+19,1.0766177606061128e+17,CONVERGED
S3,S3_c01,Low Micro-Stiffness (sqrt(c1)/a=0.1),0.8984848484848484,488727.2694550492,0,0.00014758930521658605,4.697913494543625e-05,8.871277991092533,8.871277991092533,False,0.00014036308869303857,-2.0716090888676403e-08,2.6147680243775717e+19,1.4124167666606656e+17,CONVERGED
S3,S3_c01,Low Micro-Stiffness (sqrt(c1)/a=0.1),0.8984848484848484,488727.2694550492,1,3.141592492183133,0.9999999486226644,-1.1584873359984895,1.1584873359984895,False,-3.18511162656938,-5.140982293626705e-07,2.6147680243775717e+19,1.4124167666606656e+17,CONVERGED
S3,S3_c01,Low Micro-Stiffness (sqrt(c1)/a=0.1),0.8984848484848484,488727.2694550492,2,3.141592130836934,0.9999998336025969,1.1584891825318602,1.1584891825318602,False,-0.3139601592378923,-1.6412357093022508e-07,2.6147680243775717e+19,1.4124167666606656e+17,CONVERGED
S3,S3_c01,Low Micro-Stiffness (sqrt(c1)/a=0.1),0.8984848484848484,488727.2694550492,3,1.9317332479967397e-06,6.148897903072866e-07,7.4622450368572775,7.4622450368572775,False,0.0005743652517874546,1.109520453373225e-09,2.6147680243775717e+19,1.4124167666606656e+17,CONVERGED
S3,S3_c01,Low Micro-Stiffness (sqrt(c1)/a=0.1),0.8984848484848484,488727.2694550492,4,1.637758555840247,0.5213147395060385,-1.3994115550145179,1.3994115550145179,False,-0.2711827193339635,-4.043731512847739,2.6147680243775717e+19,1.4124167666606656e+17,CONVERGED
S3,S3_c01,Low Micro-Stiffness (sqrt(c1)/a=0.1),0.9161616161616162,498342.4771171778,0,3.141591524336842,0.9999996405476217,8.0839810414745,8.0839810414745,False,-0.0003084406728701125,3.483075400887432e-10,2.7142344146892042e+19,1.1262274285318898e+17,CONVERGED
S3,S3_c01,Low Micro-Stiffness (sqrt(c1)/a=0.1),0.9161616161616162,498342.4771171778,1,3.141592511726994,0.9999999548436685,-1.3840602174197298,1.3840602174197298,False,-3.9910734005652797,-5.661848443772425e-07,2.7142344146892042e+19,1.1262274285318898e+17,CONVERGED
S3,S3_c01,Low Micro-Stiffness (sqrt(c1)/a=0.1),0.9161616161616162,498342.4771171778,2,3.1415917037235483,0.9999996976481837,1.3840619544755624,1.3840619544755624,False,-0.250558725079719,-2.379972753418823e-07,2.7142344146892042e+19,1.1262274285318898e+17,CONVERGED
S3,S3_c01,Low Micro-Stiffness (sqrt(c1)/a=0.1),0.9161616161616162,498342.4771171778,3,0.00016344528119696563,5.20262488550838e-05,7.418251799827894,7.418251799827894,False,0.0006001974862313786,-9.809944778435425e-08,2.7142344146892042e+19,1.1262274285318898e+17,CONVERGED
S3,S3_c01,Low Micro-Stiffness (sqrt(c1)/a=0.1),0.9161616161616162,498342.4771171778,4,1.67100798852141,0.531898362638455,-6.110301757920775,6.110301757920775,False,-45.06729220610709,-448.21460317414295,2.7142344146892042e+19,1.1262274285318898e+17,CONVERGED
S3,S3_c01,Low Micro-Stiffness (sqrt(c1)/a=0.1),0.9338383838383838,507957.6847793063,0,0.00014690138218609146,4.676016224389631e-05,8.765603185574838,8.765603185574838,False,0.00015600801148429365,-2.291779268400181e-08,2.4698720292406534e+19,4.115941583658699e+17,CONVERGED
S3,S3_c01,Low Micro-Stiffness (sqrt(c1)/a=0.1),0.9338383838383838,507957.6847793063,1,3.1415919149711744,0.9999997648903916,-1.5144014085817914,1.5144014085817914,False,-4.546698697292832,3.358276311043133e-06,2.4698720292406534e+19,4.115941583658699e+17,CONVERGED
S3,S3_c01,Low Micro-Stiffness (sqrt(c1)/a=0.1),0.9338383838383838,507957.6847793063,2,3.1415920890973568,0.9999998203164768,1.5144007205506338,1.5144007205506338,False,-0.2199399508540948,1.2415443870907692e-07,2.4698720292406534e+19,4.115941583658699e+17,CONVERGED
S3,S3_c01,Low Micro-Stiffness (sqrt(c1)/a=0.1),0.9338383838383838,507957.6847793063,3,3.881537010836463e-06,1.2355316041375257e-06,7.376811302377202,7.376811302377202,False,0.0006255925343521285,2.428260575802963e-09,2.4698720292406534e+19,4.115941583658699e+17,CONVERGED
S3,S3_c01,Low Micro-Stiffness (sqrt(c1)/a=0.1),0.9338383838383838,507957.6847793063,4,1.7083796480211637,0.5437941313203211,-1.5652569546395831,1.5652569546395831,False,-0.6561108845814403,-4.73869773471265,2.4698720292406534e+19,4.115941583658699e+17,CONVERGED
S3,S3_c01,Low Micro-Stiffness (sqrt(c1)/a=0.1),0.9515151515151515,517572.89244143496,0,0.0001559122264866761,4.962840306763526e-05,8.716705329070283,8.716705329070283,False,0.00016382605369533672,-2.5542484995133237e-08,2.924232773111185e+19,2.3116900054281267e+17,CONVERGED
S3,S3_c01,Low Micro-Stiffness (sqrt(c1)/a=0.1),0.9515151515151515,517572.89244143496,1,3.141592517858314,0.9999999567953284,-1.5765910988723169,1.5765910988723169,False,-4.838433923637772,-6.567277931369198e-07,2.924232773111185e+19,2.3116900054281267e+17,CONVERGED
S3,S3_c01,Low Micro-Stiffness (sqrt(c1)/a=0.1),0.9515151515151515,517572.89244143496,2,3.1415921798696314,0.9999998492101893,1.5765916065206071,1.5765916065206071,False,-0.20667834016835526,-9.790769675254329e-08,2.924232773111185e+19,2.3116900054281267e+17,CONVERGED
S3,S3_c01,Low Micro-Stiffness (sqrt(c1)/a=0.1),0.9515151515151515,517572.89244143496,3,0.00011195267184658505,3.5635642233457754e-05,7.336364211059825,7.336364211059825,False,0.0006514146226581866,-7.292760779119597e-08,2.924232773111185e+19,2.3116900054281267e+17,CONVERGED
S3,S3_c01,Low Micro-Stiffness (sqrt(c1)/a=0.1),0.9515151515151515,517572.89244143496,4,1.7439053402959037,0.5551023103848939,-1.6438200622448553,1.6438200622448553,False,-0.8913544328853927,-5.097556257626412,2.924232773111185e+19,2.3116900054281267e+17,CONVERGED
S3,S3_c01,Low Micro-Stiffness (sqrt(c1)/a=0.1),0.9691919191919192,527188.1001035634,0,0.0001905003271111556,6.0638137440726834e-05,8.670492953589767,8.670492953589767,False,0.00017157450199306804,-3.26849991489967e-08,3.3254971509818225e+19,1.448177458648008e+17,CONVERGED
S3,S3_c01,Low Micro-Stiffness (sqrt(c1)/a=0.1),0.9691919191919192,527188.1001035634,1,3.141592618150868,0.9999999887194397,-1.5807199236845377,1.5807199236845377,False,-4.858452267353095,-1.7217832579528107e-07,3.3254971509818225e+19,1.448177458648008e+17,CONVERGED
S3,S3_c01,Low Micro-Stiffness (sqrt(c1)/a=0.1),0.9691919191919192,527188.1001035634,2,3.1415923308106093,0.9999998972561948,1.5807213533989026,1.5807213533989026,False,-0.20582657094445594,-6.64365326360435e-08,3.3254971509818225e+19,1.448177458648008e+17,CONVERGED
S3,S3_c01,Low Micro-Stiffness (sqrt(c1)/a=0.1),0.9691919191919192,527188.1001035634,3,7.170729159509239e-05,2.282513982618175e-05,7.29690371784162,7.29690371784162,False,0.0006776336736359845,-4.8591275513353615e-08,3.3254971509818225e+19,1.448177458648008e+17,CONVERGED
S3,S3_c01,Low Micro-Stiffness (sqrt(c1)/a=0.1),0.9691919191919192,527188.1001035634,4,1.779568129530705,0.56645412876722,-1.7200795023680069,1.7200795023680069,False,-1.1575331721995705,-5.4637015284402946,3.3254971509818225e+19,1.448177458648008e+17,CONVERGED
S3,S3_c01,Low Micro-Stiffness (sqrt(c1)/a=0.1),0.9868686868686869,536803.3077656921,0,0.00025296425887791726,8.052102445199681e-05,8.627229485819152,8.627229485819152,False,0.0001791603186919842,-4.5321158204963395e-08,3.5754723650976002e+19,1.12982695557281e+17,CONVERGED
S3,S3_c01,Low Micro-Stiffness (sqrt(c1)/a=0.1),0.9868686868686869,536803.3077656921,1,3.141592540222427,0.9999999639140466,-1.5283795527600414,1.5283795527600414,False,-4.610699370458736,5.227028441212935e-07,3.5754723650976002e+19,1.12982695557281e+17,CONVERGED
S3,S3_c01,Low Micro-Stiffness (sqrt(c1)/a=0.1),0.9868686868686869,536803.3077656921,2,3.1415912208878036,0.9999995439567928,1.528378707543383,1.528378707543383,False,-0.21688701970531837,3.1073446467625334e-07,3.5754723650976002e+19,1.12982695557281e+17,CONVERGED
S3,S3_c01,Low Micro-Stiffness (sqrt(c1)/a=0.1),0.9868686868686869,536803.3077656921,3,0.00043728014070503965,0.00013919059181825315,7.258603513295902,7.258603513295902,False,0.0007040905352249389,3.078848279362033e-07,3.5754723650976002e+19,1.12982695557281e+17,CONVERGED
S3,S3_c01,Low Micro-Stiffness (sqrt(c1)/a=0.1),0.9868686868686869,536803.3077656921,4,1.8153644075704254,0.5778484379558467,-1.7944646451637867,1.7944646451637867,False,-1.456759151633165,-5.837221366999284,3.5754723650976002e+19,1.12982695557281e+17,CONVERGED
S3,S3_c01,Low Micro-Stiffness (sqrt(c1)/a=0.1),1.0045454545454544,546418.5154278205,0,0.0001699762691479086,5.410512688641615e-05,8.587881392527624,8.587881392527624,False,0.0001863504705465345,-3.167515804250933e-08,3.811469619944169e+19,1.6695011096907334e+17,CONVERGED
S3,S3_c01,Low Micro-Stiffness (sqrt(c1)/a=0.1),1.0045454545454544,546418.5154278205,1,3.1415923708972304,0.9999999100161625,-1.4136119880031497,1.4136119880031497,False,-4.110776696904129,-1.162085999573034e-06,3.811469619944169e+19,1.6695011096907334e+17,CONVERGED
S3,S3_c01,Low Micro-Stiffness (sqrt(c1)/a=0.1),1.0045454545454544,546418.5154278205,2,3.141592415476527,0.9999999242061934,1.413612362367218,1.413612362367218,False,-0.24326294016141628,-5.792413319733959e-08,3.811469619944169e+19,1.6695011096907334e+17,CONVERGED
S3,S3_c01,Low Micro-Stiffness (sqrt(c1)/a=0.1),1.0045454545454544,546418.5154278205,3,2.4399496527343007e-06,7.766600962560349e-07,7.220126359931291,7.220126359931291,False,0.0007317099542169636,1.7853354486974542e-09,3.811469619944169e+19,1.6695011096907334e+17,CONVERGED
S3,S3_c01,Low Micro-Stiffness (sqrt(c1)/a=0.1),1.0045454545454544,546418.5154278205,4,1.8513346324566247,0.5892981161453782,-1.867555666267182,1.867555666267182,False,-1.7920480436970998,-6.219425466378613,3.811469619944169e+19,1.6695011096907334e+17,CONVERGED
S3,S3_c01,Low Micro-Stiffness (sqrt(c1)/a=0.1),1.0222222222222221,556033.7230899491,0,0.0005322082481671191,0.0001694071469001503,8.55435187281126,8.55435187281126,False,0.00019270461871012383,1.0255899722055673e-07,3.45905452293996e+19,1.5471111892042262e+17,CONVERGED
S3,S3_c01,Low Micro-Stiffness (sqrt(c1)/a=0.1),1.0222222222222221,556033.7230899491,1,3.141592565697578,0.9999999720230389,-1.2182595183922909,1.2182595183922909,False,-3.381297523057594,2.971897303227584e-07,3.45905452293996e+19,1.5471111892042262e+17,CONVERGED
S3,S3_c01,Low Micro-Stiffness (sqrt(c1)/a=0.1),1.0222222222222221,556033.7230899491,2,3.141592590633366,0.9999999799603468,1.2182590743127382,1.2182590743127382,False,-0.2957445883600856,-1.8619022733567514e-08,3.45905452293996e+19,1.5471111892042262e+17,CONVERGED
S3,S3_c01,Low Micro-Stiffness (sqrt(c1)/a=0.1),1.0222222222222221,556033.7230899491,3,1.162354935266022e-05,3.6998906714969484e-06,7.182143855489073,7.182143855489073,False,0.0007600366854221054,8.834323923233992e-09,3.45905452293996e+19,1.5471111892042262e+17,CONVERGED
S3,S3_c01,Low Micro-Stiffness (sqrt(c1)/a=0.1),1.0222222222222221,556033.7230899491,4,1.8875896204990807,0.6008384372627671,-1.9400928843706853,1.9400928843706853,False,-2.167998628882066,-6.613092586499036,3.45905452293996e+19,1.5471111892042262e+17,CONVERGED
S3,S3_c01,Low Micro-Stiffness (sqrt(c1)/a=0.1),1.0398989898989899,565648.9307520777,0,0.0004240350922769963,0.00013497456196062387,8.522575522937645,8.522575522937645,False,0.00019892640757045984,-8.435178264611681e-08,5.8692502983958225e+19,7.721498808708691e+16,CONVERGED
S3,S3_c01,Low Micro-Stiffness (sqrt(c1)/a=0.1),1.0398989898989899,565648.9307520777,1,3.1415913009497713,0.9999995694413086,-0.888486347785708,0.888486347785708,False,-2.431446500107076,-3.2888718471524575e-06,5.8692502983958225e+19,7.721498808708691e+16,CONVERGED
S3,S3_c01,Low Micro-Stiffness (sqrt(c1)/a=0.1),1.0398989898989899,565648.9307520777,2,3.141591405704775,0.999999602785862,0.8884870174137307,0.8884870174137307,False,-0.4112775380114142,5.132270780515329e-07,5.8692502983958225e+19,7.721498808708691e+16,CONVERGED
S3,S3_c01,Low Micro-Stiffness (sqrt(c1)/a=0.1),1.0398989898989899,565648.9307520777,3,0.00024286906582107344,7.730762469906946e-05,7.144641294141811,7.144641294141811,False,0.0007890812029171603,-1.916434183775131e-07,5.8692502983958225e+19,7.721498808708691e+16,CONVERGED
S3,S3_c01,Low Micro-Stiffness (sqrt(c1)/a=0.1),1.0398989898989899,565648.9307520777,4,1.9235677840272074,0.6122906424005069,-2.0113249995801836,2.0113249995801836,False,-2.5819944114504945,-7.013003231352998,5.8692502983958225e+19,7.721498808708691e+16,CONVERGED
S3,S3_c01,Low Micro-Stiffness (sqrt(c1)/a=0.1),1.0575757575757576,575264.1384142063,0,7.272820436167907e-05,2.315010645271753e-05,8.494977939928988,8.494977939928988,False,0.00020449276898897676,1.48723919197379e-08,4.852594489204145e+19,7.466405647215328e+16,CONVERGED
S3,S3_c01,Low Micro-Stiffness (sqrt(c1)/a=0.1),1.0575757575757576,575264.1384142063,1,2.836955047752095,0.9030308383584997,-1.9712281897892678e-06,1.9712281897892678e-06,True,-0.9539575948911346,0.29994807819633207,4.852594489204145e+19,7.466405647215328e+16,CONVERGED
S3,S3_c01,Low Micro-Stiffness (sqrt(c1)/a=0.1),1.0575757575757576,575264.1384142063,2,2.836954403720867,0.903030633356993,7.681275955477223e-07,7.681275955477223e-07,True,-0.9539547884898596,-0.2999478709096902,4.852594489204145e+19,7.466405647215328e+16,CONVERGED
S3,S3_c01,Low Micro-Stiffness (sqrt(c1)/a=0.1),1.0575757575757576,575264.1384142063,3,0.00010131984381053604,3.225110795149118e-05,7.106641777370285,7.106641777370285,False,0.0008196429146388762,-8.304609237579918e-08,4.852594489204145e+19,7.466405647215328e+16,CONVERGED
S3,S3_c01,Low Micro-Stiffness (sqrt(c1)/a=0.1),1.0575757575757576,575264.1384142063,4,1.9600092678363321,0.6238903269641578,-2.08216661404726,2.08216661404726,False,-3.0439664526965946,-7.4218616099716215,4.852594489204145e+19,7.466405647215328e+16,CONVERGED
S3,S3_c01,Low Micro-Stiffness (sqrt(c1)/a=0.1),1.0752525252525253,584879.3460763348,0,0.0002673554564731962,8.510188492059849e-05,8.474577522044045,8.474577522044045,False,0.0002087073434677629,-5.579904841161751e-08,3.844937382903165e+19,3.176730343793485e+17,CONVERGED
S3,S3_c01,Low Micro-Stiffness (sqrt(c1)/a=0.1),1.0752525252525253,584879.3460763348,1,2.0587748744926797,0.6553283959778128,-7.000770472479192e-07,7.000770472479192e-07,True,-0.46884166227092006,-0.8832830213890196,3.844937382903165e+19,3.176730343793485e+17,CONVERGED
S3,S3_c01,Low Micro-Stiffness (sqrt(c1)/a=0.1),1.0752525252525253,584879.3460763348,2,2.058774096313937,0.6553281482758258,-5.05142892987234e-07,5.05142892987234e-07,True,-0.46884088352559705,0.8832832140492843,3.844937382903165e+19,3.176730343793485e+17,CONVERGED
S3,S3_c01,Low Micro-Stiffness (sqrt(c1)/a=0.1),1.0752525252525253,584879.3460763348,3,3.4628280778339904e-05,1.1022524113293722e-05,7.068773738434012,7.068773738434012,False,0.0008512763563567813,2.947823669966739e-08,3.844937382903165e+19,3.176730343793485e+17,CONVERGED
S3,S3_c01,Low Micro-Stiffness (sqrt(c1)/a=0.1),1.0752525252525253,584879.3460763348,4,1.9963846735128994,0.6354689782049552,-2.1535541398471874,2.1535541398471874,False,-3.5569358623802767,-7.846894040029501,3.844937382903165e+19,3.176730343793485e+17,CONVERGED
S3,S3_c01,Low Micro-Stiffness (sqrt(c1)/a=0.1),1.0929292929292929,594494.5537384634,0,6.69450817564313e-05,2.130928135445421e-05,8.461597916042432,8.461597916042432,False,0.0002114339464294206,-1.4154462850947565e-08,5.824776455383537e+19,2.505832366228087e+17,CONVERGED
S3,S3_c01,Low Micro-Stiffness (sqrt(c1)/a=0.1),1.0929292929292929,594494.5537384634,1,1.5719918158718582,0.5003805359920216,-2.2592581151876653e-07,2.2592581151876653e-07,True,-0.0011954890622890403,0.9999995113286941,5.824776455383537e+19,2.505832366228087e+17,CONVERGED
S3,S3_c01,Low Micro-Stiffness (sqrt(c1)/a=0.1),1.0929292929292929,594494.5537384634,2,1.57199203028752,0.5003806042426465,9.98919689363232e-08,9.98919689363232e-08,True,-0.0011957030882646848,-0.9999991852547715,5.824776455383537e+19,2.505832366228087e+17,CONVERGED
S3,S3_c01,Low Micro-Stiffness (sqrt(c1)/a=0.1),1.0929292929292929,594494.5537384634,3,0.00020513814176962891,6.52974985586449e-05,7.031325715208618,7.031325715208618,False,0.0008837593717801405,1.812927578415059e-07,5.824776455383537e+19,2.505832366228087e+17,CONVERGED
S3,S3_c01,Low Micro-Stiffness (sqrt(c1)/a=0.1),1.0929292929292929,594494.5537384634,4,2.0329808912147262,0.6471179160963808,-2.225782679212357,2.225782679212357,False,-4.129400636556954,-8.28909743010682,5.824776455383537e+19,2.505832366228087e+17,CONVERGED
S3,S3_c01,Low Micro-Stiffness (sqrt(c1)/a=0.1),1.1106060606060606,604109.761400592,0,0.00011280029795695894,3.5905450004177275e-05,8.453149733736048,8.453149733736048,False,0.00021322774457760158,-2.4052153223056252e-08,3.907582921880183e+19,8.60575539511628e+16,CONVERGED
S3,S3_c01,Low Micro-Stiffness (sqrt(c1)/a=0.1),1.1106060606060606,604109.761400592,1,1.145222876923394,0.3645357636085589,-5.547007718682827e-07,5.547007718682827e-07,True,0.41284337796885323,-0.9108026430953227,3.907582921880183e+19,8.60575539511628e+16,CONVERGED
S3,S3_c01,Low Micro-Stiffness (sqrt(c1)/a=0.1),1.1106060606060606,604109.761400592,2,1.14522443574861,0.364536259798036,2.1973439464420886e-06,2.1973439464420886e-06,True,0.4128408220282577,0.9108007800769585,3.907582921880183e+19,8.60575539511628e+16,CONVERGED
S3,S3_c01,Low Micro-Stiffness (sqrt(c1)/a=0.1),1.1106060606060606,604109.761400592,3,1.0347332126705415e-05,3.2936581115574816e-06,6.994277392892005,6.994277392892005,False,0.0009171152675069963,-9.489696271705852e-09,3.907582921880183e+19,8.60575539511628e+16,CONVERGED
S3,S3_c01,Low Micro-Stiffness (sqrt(c1)/a=0.1),1.1106060606060606,604109.761400592,4,2.0696229338790544,0.6587814405264047,-2.2986931147142213,2.2986931147142213,False,-4.765371734429921,-8.747334349988808,3.907582921880183e+19,8.60575539511628e+16,CONVERGED
S3,S3_c01,Low Micro-Stiffness (sqrt(c1)/a=0.1),1.1282828282828283,613724.9690627207,0,0.0001448578105568295,4.610967319117751e-05,8.454695527450985,8.454695527450985,False,0.00021289839221123682,-3.083999518250221e-08,4.314340675567917e+19,3.426876647174058e+17,CONVERGED
S3,S3_c01,Low Micro-Stiffness (sqrt(c1)/a=0.1),1.1282828282828283,613724.9690627207,1,0.7405142901160804,0.2357130194043201,3.953706713999688e-07,3.953706713999688e-07,True,0.7381213896445561,0.6746673427758003,4.314340675567917e+19,3.426876647174058e+17,CONVERGED
S3,S3_c01,Low Micro-Stiffness (sqrt(c1)/a=0.1),1.1282828282828283,613724.9690627207,2,0.7405134377702082,0.23571274809420253,3.902779097393884e-07,3.902779097393884e-07,True,0.7381219684532919,-0.6746667170767524,4.314340675567917e+19,3.426876647174058e+17,CONVERGED
S3,S3_c01,Low Micro-Stiffness (sqrt(c1)/a=0.1),1.1282828282828283,613724.9690627207,3,0.0003383319542018149,0.00010769440583431917,6.9575580219795174,6.9575580219795174,False,0.0009514170252196868,-3.218947936857267e-07,4.314340675567917e+19,3.426876647174058e+17,CONVERGED
S3,S3_c01,Low Micro-Stiffness (sqrt(c1)/a=0.1),1.1282828282828283,613724.9690627207,4,2.10636604658825,0.670477136550907,-2.373752412636856,2.373752412636856,False,-5.479735334269716,-9.234107521405676,4.314340675567917e+19,3.426876647174058e+17,CONVERGED
S3,S3_c01,Low Micro-Stiffness (sqrt(c1)/a=0.1),1.145959595959596,623340.1767248492,0,0.00012511518565230483,3.982540050484899e-05,8.465788472975055,8.465788472975055,False,0.0002105497731439466,-2.6342974093411513e-08,7.663872924061113e+19,1.2046150589203882e+17,CONVERGED
S3,S3_c01,Low Micro-Stiffness (sqrt(c1)/a=0.1),1.145959595959596,623340.1767248492,1,0.3404064283280671,0.10835473145733775,-4.6069119540413903e-07,4.6069119540413903e-07,True,0.9426194833231979,0.3338703806005,7.663872924061113e+19,1.2046150589203882e+17,CONVERGED
S3,S3_c01,Low Micro-Stiffness (sqrt(c1)/a=0.1),1.145959595959596,623340.1767248492,2,0.34040655089289334,0.10835477047093363,-2.454345403024765e-07,2.454345403024765e-07,True,0.9426192394973393,-0.33387042426465213,7.663872924061113e+19,1.2046150589203882e+17,CONVERGED
S3,S3_c01,Low Micro-Stiffness (sqrt(c1)/a=0.1),1.145959595959596,623340.1767248492,3,7.142456896959762e-05,2.2735146419438926e-05,6.922110919946998,6.922110919946998,False,0.0009857469074200558,7.040654809531694e-08,7.663872924061113e+19,1.2046150589203882e+17,CONVERGED
S3,S3_c01,Low Micro-Stiffness (sqrt(c1)/a=0.1),1.145959595959596,623340.1767248492,4,2.143195085393106,0.6822001837011391,-2.451462591298046,2.451462591298046,False,-6.286015284456017,-9.75546968391228,7.663872924061113e+19,1.2046150589203882e+17,CONVERGED
S3,S3_c01,Low Micro-Stiffness (sqrt(c1)/a=0.1),1.1636363636363636,632955.3843869776,0,0.00013233611325649217,4.212389314867926e-05,8.488137193655675,8.488137193655675,False,0.00020589644650930927,-2.7247535623425875e-08,5.220513465871463e+19,1.1646111462394354e+17,CONVERGED
S3,S3_c01,Low Micro-Stiffness (sqrt(c1)/a=0.1),1.1636363636363636,632955.3843869776,1,0.02443345159331703,0.007777409195745903,-1.0420244488779684e-06,1.0420244488779684e-06,True,0.9997025597853436,0.024431046021422504,5.220513465871463e+19,1.1646111462394354e+17,CONVERGED
S3,S3_c01,Low Micro-Stiffness (sqrt(c1)/a=0.1),1.1636363636363636,632955.3843869776,2,0.02443333444578125,0.007777371906527122,8.334539796450111e-07,8.334539796450111e-07,True,0.9997006877285406,-0.024430883089093754,5.220513465871463e+19,1.1646111462394354e+17,CONVERGED
S3,S3_c01,Low Micro-Stiffness (sqrt(c1)/a=0.1),1.1636363636363636,632955.3843869776,3,7.16941309585711e-07,2.2820950665468551e-07,6.887714068364914,6.887714068364914,False,0.0010202433840197321,7.314546278353896e-10,5.220513465871463e+19,1.1646111462394354e+17,CONVERGED
S3,S3_c01,Low Micro-Stiffness (sqrt(c1)/a=0.1),1.1636363636363636,632955.3843869776,4,2.180085109114172,0.6939426429531089,-2.532875756485862,2.532875756485862,False,-7.204864988043345,-10.324215818648884,5.220513465871463e+19,1.1646111462394354e+17,CONVERGED
S3,S3_c01,Low Micro-Stiffness (sqrt(c1)/a=0.1),1.1813131313131313,642570.5920491063,0,0.0001553228820394642,4.94408089037202e-05,8.52396042052184,8.52396042052184,False,0.0001986511210087974,-3.085506488358495e-08,8.654595433266751e+19,6.015797817221509e+16,CONVERGED
S3,S3_c01,Low Micro-Stiffness (sqrt(c1)/a=0.1),1.1813131313131313,642570.5920491063,1,0.4726201531594669,0.15043966716035564,-1.1672272687791939e-05,1.1672272687791939e-05,True,0.8903889905272943,-0.45522608708821544,8.654595433266751e+19,6.015797817221509e+16,CONVERGED
S3,S3_c01,Low Micro-Stiffness (sqrt(c1)/a=0.1),1.1813131313131313,642570.5920491063,2,0.4726130904498917,0.1504374190300746,9.196662841469698e-06,9.196662841469698e-06,True,0.8903736242910832,0.45521029866451196,8.654595433266751e+19,6.015797817221509e+16,CONVERGED
S3,S3_c01,Low Micro-Stiffness (sqrt(c1)/a=0.1),1.1813131313131313,642570.5920491063,3,2.7213663766763713e-05,8.662378216242506e-06,6.854700136873819,6.854700136873819,False,0.0010544877898056991,-2.8696476165014152e-08,8.654595433266751e+19,6.015797817221509e+16,CONVERGED
S3,S3_c01,Low Micro-Stiffness (sqrt(c1)/a=0.1),1.1813131313131313,642570.5920491063,4,2.2170270335172457,0.7057016227052616,-2.6194902280136,2.6194902280136,False,-8.26718236135142,-10.960453401625385,8.654595433266751e+19,6.015797817221509e+16,CONVERGED
S3,S3_c01,Low Micro-Stiffness (sqrt(c1)/a=0.1),1.198989898989899,652185.7997112349,0,0.00022918227860538277,7.29509850182212e-05,8.57923551816744,8.57923551816744,False,0.0001879686161522982,-4.3079076510320155e-08,5.465779743015244e+19,1.1328962119485971e+17,CONVERGED
S3,S3_c01,Low Micro-Stiffness (sqrt(c1)/a=0.1),1.198989898989899,652185.7997112349,1,0.9205936828071292,0.293034070395854,4.4913084365325927e-07,4.4913084365325927e-07,True,0.6053474430243372,-0.7959607873272483,5.465779743015244e+19,1.1328962119485971e+17,CONVERGED
S3,S3_c01,Low Micro-Stiffness (sqrt(c1)/a=0.1),1.198989898989899,652185.7997112349,2,0.9205946505874157,0.29303437844988683,1.186802338868783e-06,1.186802338868783e-06,True,0.6053462261620743,0.7959607860123977,5.465779743015244e+19,1.1328962119485971e+17,CONVERGED
S3,S3_c01,Low Micro-Stiffness (sqrt(c1)/a=0.1),1.198989898989899,652185.7997112349,3,0.00031566843413402226,0.00010048038334101605,6.823972022510083,6.823972022510083,False,0.0010873931286531284,3.4325569761144505e-07,5.465779743015244e+19,1.1328962119485971e+17,CONVERGED
S3,S3_c01,Low Micro-Stiffness (sqrt(c1)/a=0.1),1.198989898989899,652185.7997112349,4,2.2540099246129537,0.7174736425606839,-2.713575831336622,2.713575831336622,False,-9.521797520170105,-11.69767908643943,5.465779743015244e+19,1.1328962119485971e+17,CONVERGED
S3,S3_c01,Low Micro-Stiffness (sqrt(c1)/a=0.1),1.2166666666666666,661801.0073733634,0,2.0581616042833772e-05,6.5513318600728984e-06,8.65041164838911,8.65041164838911,False,0.00017505477227161909,3.6029101098689024e-09,4.937810791537306e+19,7.37962768999197e+16,CONVERGED
S3,S3_c01,Low Micro-Stiffness (sqrt(c1)/a=0.1),1.2166666666666666,661801.0073733634,1,1.4236737418337904,0.4531694267259652,-7.245473553666317e-07,7.245473553666317e-07,True,0.14659251920574531,0.9891976963219606,4.937810791537306e+19,7.37962768999197e+16,CONVERGED
S3,S3_c01,Low Micro-Stiffness (sqrt(c1)/a=0.1),1.2166666666666666,661801.0073733634,2,1.4236741175232883,0.4531695463116465,3.898967449028199e-07,3.898967449028199e-07,True,0.14659198420588615,-0.989196648990177,4.937810791537306e+19,7.37962768999197e+16,CONVERGED
S3,S3_c01,Low Micro-Stiffness (sqrt(c1)/a=0.1),1.2166666666666666,661801.0073733634,3,2.485209086189547e-06,7.910666213679172e-07,6.794284712079903,6.794284712079903,False,0.0011201589186567499,2.7838291226277436e-09,4.937810791537306e+19,7.37962768999197e+16,CONVERGED
S3,S3_c01,Low Micro-Stiffness (sqrt(c1)/a=0.1),1.2166666666666666,661801.0073733634,4,2.2910518904145487,0.7292644664790134,-2.8172679339711557,2.8172679339711557,False,-11.035430475049026,-12.575700273920068,4.937810791537306e+19,7.37962768999197e+16,CONVERGED
S3,S3_c01,Low Micro-Stiffness (sqrt(c1)/a=0.1),1.2343434343434343,671416.215035492,0,0.0002263757628055185,7.205764329339339e-05,8.753777080449998,8.753777080449998,False,0.00015786392880716565,-3.573656791365008e-08,7.145740861646495e+19,1.1110564739333914e+17,CONVERGED
S3,S3_c01,Low Micro-Stiffness (sqrt(c1)/a=0.1),1.2343434343434343,671416.215035492,1,2.0620302476596666,0.6563646134400822,-7.605823173387984e-07,7.605823173387984e-07,True,-0.47171461731825803,0.881752142596819,7.145740861646495e+19,1.1110564739333914e+17,CONVERGED
S3,S3_c01,Low Micro-Stiffness (sqrt(c1)/a=0.1),1.2343434343434343,671416.215035492,2,2.0620302377251076,0.6563646102778139,1.7463456860235406e-07,1.7463456860235406e-07,True,-0.4717141674031785,-0.8817513226539838,7.145740861646495e+19,1.1110564739333914e+17,CONVERGED
S3,S3_c01,Low Micro-Stiffness (sqrt(c1)/a=0.1),1.2343434343434343,671416.215035492,3,1.4578348955604206e-05,4.640432596805958e-06,6.767466255202191,6.767466255202191,False,0.0011506063032648214,-1.6773940200700638e-08,7.145740861646495e+19,1.1110564739333914e+17,CONVERGED
S3,S3_c01,Low Micro-Stiffness (sqrt(c1)/a=0.1),1.2343434343434343,671416.215035492,4,2.3280482272149383,0.7410407662351627,-2.9358720906579205,2.9358720906579205,False,-12.94027744252556,-13.6900187577199,7.145740861646495e+19,1.1110564739333914e+17,CONVERGED
S3,S3_c01,Low Micro-Stiffness (sqrt(c1)/a=0.1),1.252020202020202,681031.4226976206,0,0.0018180128513270474,0.0005786914637865813,8.893497106005519,8.893497106005519,False,0.00013727851239157484,-2.495743747009755e-07,7.780028520380011e+19,1.0790934553210653e+17,CONVERGED
S3,S3_c01,Low Micro-Stiffness (sqrt(c1)/a=0.1),1.252020202020202,681031.4226976206,1,3.1415923733107047,0.9999999107843953,-0.656351278411907,0.656351278411907,False,-1.927745679302014,5.403068022127778e-07,7.780028520380011e+19,1.0790934553210653e+17,CONVERGED
S3,S3_c01,Low Micro-Stiffness (sqrt(c1)/a=0.1),1.252020202020202,681031.4226976206,2,3.1415923600697426,0.9999999065696661,0.6563510003527155,0.6563510003527155,False,-0.5187407700071835,1.5226081701198574e-07,7.780028520380011e+19,1.0790934553210653e+17,CONVERGED
S3,S3_c01,Low Micro-Stiffness (sqrt(c1)/a=0.1),1.252020202020202,681031.4226976206,3,5.5023696127960956e-08,1.7514586451902737e-08,6.743357407930578,6.743357407930578,False,0.0011786831857300702,6.485550544274842e-11,7.780028520380011e+19,1.0790934553210653e+17,CONVERGED
S3,S3_c01,Low Micro-Stiffness (sqrt(c1)/a=0.1),1.252020202020202,681031.4226976206,4,2.364834715225583,0.7527502690469323,-3.0758271080169073,3.0758271080169073,False,-15.453252756923877,-15.188494576147788,7.780028520380011e+19,1.0790934553210653e+17,CONVERGED
S3,S3_c01,Low Micro-Stiffness (sqrt(c1)/a=0.1),1.2696969696969698,690646.6303597492,0,0.006010839460938234,0.001913309624680287,9.095432337363444,9.095432337363444,False,0.00011217500039648105,6.742740394834402e-07,6.39913402066029e+19,1.311051835180526e+17,CONVERGED
S3,S3_c01,Low Micro-Stiffness (sqrt(c1)/a=0.1),1.2696969696969698,690646.6303597492,1,3.1415862244212898,0.9999979535321054,-1.3567873059425986,1.3567873059425986,False,-3.883696110223249,-2.4968936709330773e-05,6.39913402066029e+19,1.311051835180526e+17,CONVERGED
S3,S3_c01,Low Micro-Stiffness (sqrt(c1)/a=0.1),1.2696969696969698,690646.6303597492,2,3.1415640719892752,0.9999909021939922,1.3567638099938328,1.3567638099938328,False,-0.25749272533534595,7.35955421382489e-06,6.39913402066029e+19,1.311051835180526e+17,CONVERGED
S3,S3_c01,Low Micro-Stiffness (sqrt(c1)/a=0.1),1.2696969696969698,690646.6303597492,3,0.003851813038162403,0.0012260701697787155,6.718006677755854,6.718006677755854,False,0.0012089366637732873,-4.656621033120228e-06,6.39913402066029e+19,1.311051835180526e+17,CONVERGED
S3,S3_c01,Low Micro-Stiffness (sqrt(c1)/a=0.1),1.2696969696969698,690646.6303597492,4,2.40214483895266,0.7646264502840014,-3.24920313922794,3.24920313922794,False,-19.039776712631507,-17.3657516247111,6.39913402066029e+19,1.311051835180526e+17,CONVERGED
S3,S3_c01,Low Micro-Stiffness (sqrt(c1)/a=0.1),1.2873737373737373,700261.8380218776,0,0.011139247337225607,0.0035457325520853763,9.401921177759291,9.401921177759291,False,8.256016807359172e-05,-9.196961721909706e-07,8.184086349810152e+19,1.597118074347942e+17,CONVERGED
S3,S3_c01,Low Micro-Stiffness (sqrt(c1)/a=0.1),1.2873737373737373,700261.8380218776,1,3.141591831483367,0.9999997383153971,-1.7511882840724955,1.7511882840724955,False,-5.761444843121219,4.736520828817902e-06,8.184086349810152e+19,1.597118074347942e+17,CONVERGED
S3,S3_c01,Low Micro-Stiffness (sqrt(c1)/a=0.1),1.2873737373737373,700261.8380218776,2,3.141572776575637,0.9999936729498864,1.7511247504572933,1.7511247504572933,False,-0.17357860097013963,3.450224309154723e-06,8.184086349810152e+19,1.597118074347942e+17,CONVERGED
S3,S3_c01,Low Micro-Stiffness (sqrt(c1)/a=0.1),1.2873737373737373,700261.8380218776,3,0.0014212731314887429,0.00045240528872026153,6.700051512532648,6.700051512532648,False,0.0012308472537495895,-1.749371308641268e-06,8.184086349810152e+19,1.597118074347942e+17,CONVERGED
S3,S3_c01,Low Micro-Stiffness (sqrt(c1)/a=0.1),1.2873737373737373,700261.8380218776,4,2.438485097008737,0.7761939136897209,-3.4784549810191185,3.4784549810191185,False,-24.723235160312974,-20.95577385367102,8.184086349810152e+19,1.597118074347942e+17,CONVERGED
S3,S3_c01,Low Micro-Stiffness (sqrt(c1)/a=0.1),1.305050505050505,709877.0456840061,0,0.00907543253739601,0.0028887998980471944,9.981657919299687,9.981657919299687,False,4.6238438593916726e-05,4.196453513067852e-07,8.447255743524936e+19,1.3065471481857458e+17,CONVERGED
S3,S3_c01,Low Micro-Stiffness (sqrt(c1)/a=0.1),1.305050505050505,709877.0456840061,1,3.1415920449129713,0.9999998062521501,-2.0271152225882836,2.0271152225882836,False,-7.592153065984338,-4.621167601533601e-06,8.447255743524936e+19,1.3065471481857458e+17,CONVERGED
S3,S3_c01,Low Micro-Stiffness (sqrt(c1)/a=0.1),1.305050505050505,709877.0456840061,2,3.1415550588365098,0.9999880332183613,2.027116546877937,2.027116546877937,False,-0.1317147673806422,4.951784185823074e-06,8.447255743524936e+19,1.3065471481857458e+17,CONVERGED
S3,S3_c01,Low Micro-Stiffness (sqrt(c1)/a=0.1),1.305050505050505,709877.0456840061,3,0.0021022528218276495,0.0006691678564455119,6.688818234241947,6.688818234241947,False,0.0012447501599067495,-2.616783391064735e-06,8.447255743524936e+19,1.3065471481857458e+17,CONVERGED
S3,S3_c01,Low Micro-Stiffness (sqrt(c1)/a=0.1),1.305050505050505,709877.0456840061,4,2.475800778573968,0.7880718640416201,-3.814727191579954,3.814727191579954,False,-35.675813456348486,-28.020763874871168,8.447255743524936e+19,1.3065471481857458e+17,CONVERGED
S3,S3_c01,Low Micro-Stiffness (sqrt(c1)/a=0.1),1.3227272727272728,719492.2533461349,0,0.039157007777290295,0.01246406268888708,12.44515844627211,12.44515844627211,False,3.933718965495895e-06,1.541114370569611e-07,8.783590618856545e+19,8.503709590603886e+17,CONVERGED
S3,S3_c01,Low Micro-Stiffness (sqrt(c1)/a=0.1),1.3227272727272728,719492.2533461349,1,3.1415920691066668,0.9999998139532426,-2.229144617169847,2.229144617169847,False,-9.291914535007026,5.43096725813948e-06,8.783590618856545e+19,8.503709590603886e+17,CONVERGED
S3,S3_c01,Low Micro-Stiffness (sqrt(c1)/a=0.1),1.3227272727272728,719492.2533461349,2,3.141573424915242,0.9999938793227922,2.2291174838100276,2.2291174838100276,False,-0.10762336758213947,-2.0694547096180856e-06,8.783590618856545e+19,8.503709590603886e+17,CONVERGED
S3,S3_c01,Low Micro-Stiffness (sqrt(c1)/a=0.1),1.3227272727272728,719492.2533461349,3,0.0010204762536764537,0.0003248276801610131,6.675001496331243,6.675001496331243,False,0.0012620700402250367,1.2879129535915713e-06,8.783590618856545e+19,8.503709590603886e+17,CONVERGED
S3,S3_c01,Low Micro-Stiffness (sqrt(c1)/a=0.1),1.3227272727272728,719492.2533461349,4,2.5126466197899564,0.7998002595654274,-4.417322047318752,4.417322047318752,False,-67.01593877380975,-48.754209708344725,8.783590618856545e+19,8.503709590603886e+17,CONVERGED
S3,S3_c01,Low Micro-Stiffness (sqrt(c1)/a=0.1),1.3404040404040405,729107.4610082634,0,3.132517399703553,0.9971112569683819,9.993226965682073,9.993226965682073,False,-4.5706586470688676e-05,-4.148102645141187e-07,1.2827738512422312e+20,5.7580010379928504e+16,CONVERGED
S3,S3_c01,Low Micro-Stiffness (sqrt(c1)/a=0.1),1.3404040404040405,729107.4610082634,1,3.1415913103974633,0.9999995724486024,-2.3763099116477244,2.3763099116477244,False,-10.765105291155205,1.44596068568258e-05,1.2827738512422312e+20,5.7580010379928504e+16,CONVERGED
S3,S3_c01,Low Micro-Stiffness (sqrt(c1)/a=0.1),1.3404040404040405,729107.4610082634,2,3.1415882724103734,0.9999986054272776,2.376312861315115,2.376312861315115,False,-0.09289245421018545,-4.0697850864432033e-07,1.2827738512422312e+20,5.7580010379928504e+16,CONVERGED
S3,S3_c01,Low Micro-Stiffness (sqrt(c1)/a=0.1),1.3404040404040405,729107.4610082634,3,0.00012577107691576038,4.003417717826847e-05,6.667625566082873,6.667625566082873,False,0.0012714140483736575,-1.5990711491293787e-07,1.2827738512422312e+20,5.7580010379928504e+16,CONVERGED
S3,S3_c01,Low Micro-Stiffness (sqrt(c1)/a=0.1),1.3404040404040405,729107.4610082634,4,2.5347029410575246,0.8068210046777402,-7.5925553274274025,7.5925553274274025,False,-1629.195639451026,-1131.1493356395877,1.2827738512422312e+20,5.7580010379928504e+16,CONVERGED
S3,S3_c01,Low Micro-Stiffness (sqrt(c1)/a=0.1),1.358080808080808,738722.6686703919,0,3.1412701500245084,0.9998973439268404,9.165912815860233,9.165912815860233,False,-0.00010454291846457592,3.371546509900318e-08,1.2927493766514347e+20,7.80044685548036e+16,CONVERGED
S3,S3_c01,Low Micro-Stiffness (sqrt(c1)/a=0.1),1.358080808080808,738722.6686703919,1,3.1415924756013918,0.9999999433445322,-2.4784459099421805,2.4784459099421805,False,-11.922721030318598,-2.1221060554854096e-06,1.2927493766514347e+20,7.80044685548036e+16,CONVERGED
S3,S3_c01,Low Micro-Stiffness (sqrt(c1)/a=0.1),1.358080808080808,738722.6686703919,2,3.1415882941154596,0.9999986123362211,2.4784472780846896,2.4784472780846896,False,-0.08387335653547422,3.656437451088163e-07,1.2927493766514347e+20,7.80044685548036e+16,CONVERGED
S3,S3_c01,Low Micro-Stiffness (sqrt(c1)/a=0.1),1.358080808080808,738722.6686703919,3,5.006087953715992e-05,1.5934872867733828e-05,6.661516785328412,6.661516785328412,False,0.001279204617745176,-6.403810832581508e-08,1.2927493766514347e+20,7.80044685548036e+16,CONVERGED
S3,S3_c01,Low Micro-Stiffness (sqrt(c1)/a=0.1),1.358080808080808,738722.6686703919,4,0.5559445090651571,0.17696263340503354,-4.327277543123291,4.327277543123291,False,64.33187674489852,39.97031283980384,1.2927493766514347e+20,7.80044685548036e+16,CONVERGED
S3,S3_c01,Low Micro-Stiffness (sqrt(c1)/a=0.1),1.3757575757575757,748337.8763325205,0,3.139972592278801,0.9994843184684873,8.651675715929725,8.651675715929725,False,-0.00017483340161737347,2.832410776275633e-07,6.885931183396265e+19,5.5920436701771656e+16,CONVERGED
S3,S3_c01,Low Micro-Stiffness (sqrt(c1)/a=0.1),1.3757575757575757,748337.8763325205,1,3.141592046310413,0.9999998066969696,-2.541016527791515,2.541016527791515,False,-12.692566762115304,7.707934078386275e-06,6.885931183396265e+19,5.5920436701771656e+16,CONVERGED
S3,S3_c01,Low Micro-Stiffness (sqrt(c1)/a=0.1),1.3757575757575757,748337.8763325205,2,3.14158877459886,0.9999987652788377,2.541023890475834,2.541023890475834,False,-0.07878569056023009,3.0560897935411885e-07,6.885931183396265e+19,5.5920436701771656e+16,CONVERGED
S3,S3_c01,Low Micro-Stiffness (sqrt(c1)/a=0.1),1.3757575757575757,748337.8763325205,3,0.0012900160581492779,0.00041062486464475895,6.658631353000231,6.658631353000231,False,0.0012828999405219389,-1.6549624423026785e-06,6.885931183396265e+19,5.5920436701771656e+16,CONVERGED
S3,S3_c01,Low Micro-Stiffness (sqrt(c1)/a=0.1),1.3757575757575757,748337.8763325205,4,0.519839265524638,0.16546997744301287,-3.510381373788637,3.510381373788637,False,29.04079259195994,16.621451822514985,6.885931183396265e+19,5.5920436701771656e+16,CONVERGED
S3,S3_c01,Low Micro-Stiffness (sqrt(c1)/a=0.1),1.3934343434343435,757953.0839946492,0,3.1381207880939357,0.9988948708891682,8.257095842649214,8.257095842649214,False,-0.00025940970602053955,-9.006392263495142e-07,1.0216957204459682e+20,4.991508373572753e+16,CONVERGED
S3,S3_c01,Low Micro-Stiffness (sqrt(c1)/a=0.1),1.3934343434343435,757953.0839946492,1,3.141592413992695,0.9999999237338749,-2.5668516081099684,2.5668516081099684,False,-13.024752793974313,3.1206929735725514e-06,1.0216957204459682e+20,4.991508373572753e+16,CONVERGED
S3,S3_c01,Low Micro-Stiffness (sqrt(c1)/a=0.1),1.3934343434343435,757953.0839946492,2,3.1415924783487914,0.9999999442190567,2.566853261996704,2.566853261996704,False,-0.07677676205702888,-1.3454436700045357e-08,1.0216957204459682e+20,4.991508373572753e+16,CONVERGED
S3,S3_c01,Low Micro-Stiffness (sqrt(c1)/a=0.1),1.3934343434343435,757953.0839946492,3,7.03956414153366e-05,2.2407628606750732e-05,6.6577449400693505,6.6577449400693505,False,0.0012840386890016111,9.039072726368813e-08,1.0216957204459682e+20,4.991508373572753e+16,CONVERGED
S3,S3_c01,Low Micro-Stiffness (sqrt(c1)/a=0.1),1.3934343434343435,757953.0839946492,4,0.48377121468987583,0.15398916028692855,-2.9838330500925174,2.9838330500925174,False,17.49551642576226,9.19238305267953,1.0216957204459682e+20,4.991508373572753e+16,CONVERGED
S3,S3_c01,Low Micro-Stiffness (sqrt(c1)/a=0.1),1.4111111111111112,767568.2916567777,0,3.1413475850186483,0.9999219922510116,7.928974568814763,7.928974568814763,False,-0.00036015552754712667,-8.826280229283721e-08,7.229206226138279e+19,7.313699894423605e+16,CONVERGED
S3,S3_c01,Low Micro-Stiffness (sqrt(c1)/a=0.1),1.4111111111111112,767568.2916567777,1,3.141590652286961,0.9999993629655234,-2.556842163005503,2.556842163005503,False,-12.895032542768194,-2.580686514738796e-05,7.229206226138279e+19,7.313699894423605e+16,CONVERGED
S3,S3_c01,Low Micro-Stiffness (sqrt(c1)/a=0.1),1.4111111111111112,767568.2916567777,2,3.141591810373643,0.9999997315959632,2.5568479856369932,2.5568479856369932,False,-0.07754879051809146,6.539039260211003e-08,7.229206226138279e+19,7.313699894423605e+16,CONVERGED
S3,S3_c01,Low Micro-Stiffness (sqrt(c1)/a=0.1),1.4111111111111112,767568.2916567777,3,0.00016071207773125565,5.1156243170996505e-05,6.65985075856654,6.65985075856654,False,0.0012813375682257683,-2.0592642463759253e-07,7.229206226138279e+19,7.313699894423605e+16,CONVERGED
S3,S3_c01,Low Micro-Stiffness (sqrt(c1)/a=0.1),1.4111111111111112,767568.2916567777,4,0.4478779070270983,0.14256396561003004,-2.5638046563240544,2.5638046563240544,False,11.704379761150122,5.623257772827949,7.229206226138279e+19,7.313699894423605e+16,CONVERGED
S3,S3_c01,Low Micro-Stiffness (sqrt(c1)/a=0.1),1.4287878787878787,777183.4993189061,0,3.1413087068161962,0.9999096169348142,7.6300746050305674,7.6300746050305674,False,-0.00048562460737181635,-1.3789154414834738e-07,1.1983898385584269e+20,1.2537092278271675e+17,CONVERGED
S3,S3_c01,Low Micro-Stiffness (sqrt(c1)/a=0.1),1.4287878787878787,777183.4993189061,1,3.141591545830578,0.9999996473892904,-2.5100575816957575,2.5100575816957575,False,-12.305638619641744,1.3631684578413402e-05,1.1983898385584269e+20,1.2537092278271675e+17,CONVERGED
S3,S3_c01,Low Micro-Stiffness (sqrt(c1)/a=0.1),1.4287878787878787,777183.4993189061,2,3.1415506852180433,0.999986641052365,2.510081708719776,2.510081708719776,False,-0.08126159911681882,3.4104170027371254e-06,1.1983898385584269e+20,1.2537092278271675e+17,CONVERGED
S3,S3_c01,Low Micro-Stiffness (sqrt(c1)/a=0.1),1.4287878787878787,777183.4993189061,3,0.0010543636675709692,0.0003356143790208393,6.6642664161995695,6.6642664161995695,False,0.0012756914010187527,-1.3450431626873415e-06,1.1983898385584269e+20,1.2537092278271675e+17,CONVERGED
S3,S3_c01,Low Micro-Stiffness (sqrt(c1)/a=0.1),1.4287878787878787,777183.4993189061,4,0.4123384287739824,0.1312513983322494,-2.1932596630879146,2.1932596630879146,False,8.213047099940804,3.592503477498113,1.1983898385584269e+20,1.2537092278271675e+17,CONVERGED
S3,S3_c01,Low Micro-Stiffness (sqrt(c1)/a=0.1),1.4464646464646465,786798.7069810347,0,3.141120599463147,0.9998497405046747,7.3479974070237475,7.3479974070237475,False,-0.0006438804289433048,-3.039464361260309e-07,2.6537834406656947e+20,1.4051416136944627e+17,CONVERGED
S3,S3_c01,Low Micro-Stiffness (sqrt(c1)/a=0.1),1.4464646464646465,786798.7069810347,1,3.141589331936221,0.9999989426848295,-2.423408386477443,2.423408386477443,False,-11.284254946040308,-3.748238575232287e-05,2.6537834406656947e+20,1.4051416136944627e+17,CONVERGED
S3,S3_c01,Low Micro-Stiffness (sqrt(c1)/a=0.1),1.4464646464646465,786798.7069810347,2,3.141588399183568,0.9999986457804387,2.4234052117809606,2.4234052117809606,False,-0.0886193354784013,-3.7702265255061086e-07,2.6537834406656947e+20,1.4051416136944627e+17,CONVERGED
S3,S3_c01,Low Micro-Stiffness (sqrt(c1)/a=0.1),1.4464646464646465,786798.7069810347,3,0.019982081782666767,0.006360494177955856,6.659183112129488,6.659183112129488,False,0.001281937380022768,-2.561918743237094e-05,2.6537834406656947e+20,1.4051416136944627e+17,CONVERGED
S3,S3_c01,Low Micro-Stiffness (sqrt(c1)/a=0.1),1.4464646464646465,786798.7069810347,4,0.3770992419779545,0.12003441679399644,-1.8445628947936992,1.8445628947936992,False,5.880895342291429,2.3291467548603344,2.6537834406656947e+20,1.4051416136944627e+17,CONVERGED
S3,S3_c01,Low Micro-Stiffness (sqrt(c1)/a=0.1),1.4641414141414142,796413.9146431634,0,3.140915011857971,0.9997842999374704,7.071303913317621,7.071303913317621,False,-0.0008491250063990153,-5.754026279442182e-07,6.05794420185919e+20,6.820308139980956e+16,CONVERGED
S3,S3_c01,Low Micro-Stiffness (sqrt(c1)/a=0.1),1.4641414141414142,796413.9146431634,1,3.1415924316038737,0.9999999293396873,-2.290547756560646,2.290547756560646,False,-9.880348224768866,2.193298187127183e-06,6.05794420185919e+20,6.820308139980956e+16,CONVERGED
S3,S3_c01,Low Micro-Stiffness (sqrt(c1)/a=0.1),1.4641414141414142,796413.9146431634,2,3.1415920950742544,0.9999998222189824,2.290543725530701,2.290543725530701,False,-0.10121141565952067,5.652814833284453e-08,6.05794420185919e+20,6.820308139980956e+16,CONVERGED
S3,S3_c01,Low Micro-Stiffness (sqrt(c1)/a=0.1),1.4641414141414142,796413.9146431634,3,3.06053608175436e-05,9.741988918446149e-06,6.678169741898575,6.678169741898575,False,0.0012580784743954335,-3.850394565767909e-08,6.05794420185919e+20,6.820308139980956e+16,CONVERGED
S3,S3_c01,Low Micro-Stiffness (sqrt(c1)/a=0.1),1.4641414141414142,796413.9146431634,4,0.3421358275640252,0.1089052163313019,-1.5007133292870063,1.5007133292870063,False,4.224944170866062,1.5046791452125483,6.05794420185919e+20,6.820308139980956e+16,CONVERGED
S3,S3_c01,Low Micro-Stiffness (sqrt(c1)/a=0.1),1.4818181818181817,806029.1223052919,0,3.1405524342181237,0.9996688878901977,6.789375565220232,6.789375565220232,False,-0.0011256708541525593,-1.1709450509561096e-06,1.3645237660848844e+20,7.0945400329275016e+16,CONVERGED
S3,S3_c01,Low Micro-Stiffness (sqrt(c1)/a=0.1),1.4818181818181817,806029.1223052919,1,3.1415906736448944,0.9999993697639646,-2.0992200112430615,2.0992200112430615,False,-8.159802875264152,-1.615596007670836e-05,1.3645237660848844e+20,7.0945400329275016e+16,CONVERGED
S3,S3_c01,Low Micro-Stiffness (sqrt(c1)/a=0.1),1.4818181818181817,806029.1223052919,2,3.141586397674313,0.9999980086802555,2.0992322142819293,2.0992322142819293,False,-0.12255048465024211,-7.66665474057214e-07,1.3645237660848844e+20,7.0945400329275016e+16,CONVERGED
S3,S3_c01,Low Micro-Stiffness (sqrt(c1)/a=0.1),1.4818181818181817,806029.1223052919,3,0.008880398278494121,0.0028267185652941945,6.6781653639659835,6.6781653639659835,False,0.0012580343759270808,-1.117213999162092e-05,1.3645237660848844e+20,7.0945400329275016e+16,CONVERGED
S3,S3_c01,Low Micro-Stiffness (sqrt(c1)/a=0.1),1.4818181818181817,806029.1223052919,4,0.3074845747867122,0.09787538000362964,-1.1478430885833246,1.1478430885833246,False,3.003581605282914,0.9538059608828898,1.3645237660848844e+20,7.0945400329275016e+16,CONVERGED
S3,S3_c01,Low Micro-Stiffness (sqrt(c1)/a=0.1),1.4994949494949494,815644.3299674204,0,3.1400488172915257,0.9995085816436121,6.490179938984718,6.490179938984718,False,-0.0015182739771314106,-2.3439683388391933e-06,1.3978152956346358e+20,7.964829566372024e+16,CONVERGED
S3,S3_c01,Low Micro-Stiffness (sqrt(c1)/a=0.1),1.4994949494949494,815644.3299674204,1,3.141591531372163,0.9999996427870339,-1.8240027557202252,1.8240027557202252,False,-6.196612400552419,-6.953947682091923e-06,1.3978152956346358e+20,7.964829566372024e+16,CONVERGED
S3,S3_c01,Low Micro-Stiffness (sqrt(c1)/a=0.1),1.4994949494949494,815644.3299674204,2,3.1415904855268533,0.9999993098841323,1.8240025978085332,1.8240025978085332,False,-0.1613785231781765,-3.4987879539295757e-07,1.3978152956346358e+20,7.964829566372024e+16,CONVERGED
S3,S3_c01,Low Micro-Stiffness (sqrt(c1)/a=0.1),1.4994949494949494,815644.3299674204,3,1.0562232107955389e-05,3.3620629001300594e-06,6.697960345130717,6.697960345130717,False,0.0012334251002172187,-1.302772219675686e-08,1.3978152956346358e+20,7.964829566372024e+16,CONVERGED
S3,S3_c01,Low Micro-Stiffness (sqrt(c1)/a=0.1),1.4994949494949494,815644.3299674204,4,0.2730517717774912,0.0869150783967756,-0.7717600208813973,0.7717600208813973,False,2.0834157411707444,0.5834531735142003,1.3978152956346358e+20,7.964829566372024e+16,CONVERGED
S3,S3_c01,Low Micro-Stiffness (sqrt(c1)/a=0.1),1.5171717171717172,825259.537629549,0,3.139153552811016,0.9992236101087166,6.156529839565718,6.156529839565718,False,-0.002119589557118331,-5.169902791742819e-06,1.2207117471841708e+20,6.298088099501107e+17,CONVERGED
S3,S3_c01,Low Micro-Stiffness (sqrt(c1)/a=0.1),1.5171717171717172,825259.537629549,1,3.1415915188511474,0.9999996388014708,-1.3991813819820103,1.3991813819820103,False,-4.051881665478607,4.597826714580305e-06,1.2207117471841708e+20,6.298088099501107e+17,CONVERGED
S3,S3_c01,Low Micro-Stiffness (sqrt(c1)/a=0.1),1.5171717171717172,825259.537629549,2,3.1415907811116672,0.9999994039717008,1.3991942668274733,1.3991942668274733,False,-0.2467957353628764,4.621196160479841e-07,1.2207117471841708e+20,6.298088099501107e+17,CONVERGED
S3,S3_c01,Low Micro-Stiffness (sqrt(c1)/a=0.1),1.5171717171717172,825259.537629549,3,0.0002405148770401526,7.655826313615938e-05,6.703016728402883,6.703016728402883,False,0.0012272041357012764,2.9516085749278925e-07,1.2207117471841708e+20,6.298088099501107e+17,CONVERGED
S3,S3_c01,Low Micro-Stiffness (sqrt(c1)/a=0.1),1.5171717171717172,825259.537629549,4,0.23871961153661983,0.07598681237806018,-0.35326814599980344,0.35326814599980344,False,1.3833385372487053,0.336649350680297,1.2207117471841708e+20,6.298088099501107e+17,CONVERGED
S3,S3_c01,Low Micro-Stiffness (sqrt(c1)/a=0.1),1.534848484848485,834874.7452916778,0,3.141462239583888,0.9999584879326235,5.74041204650575,5.74041204650575,False,-0.003213443886813339,4.190780924062368e-07,1.141143186205293e+20,6.654882712116359e+16,CONVERGED
S3,S3_c01,Low Micro-Stiffness (sqrt(c1)/a=0.1),1.534848484848485,834874.7452916778,1,3.1415893823805914,0.9999989587417714,-0.44013655619287384,0.44013655619287384,False,-1.5529192647672208,5.079923788693778e-06,1.141143186205293e+20,6.654882712116359e+16,CONVERGED
S3,S3_c01,Low Micro-Stiffness (sqrt(c1)/a=0.1),1.534848484848485,834874.7452916778,2,3.1415919173617457,0.999999765651334,0.4401367526620155,0.4401367526620155,False,-0.6439483534098304,-4.7409283901749156e-07,1.141143186205293e+20,6.654882712116359e+16,CONVERGED
S3,S3_c01,Low Micro-Stiffness (sqrt(c1)/a=0.1),1.534848484848485,834874.7452916778,3,0.001462534577685159,0.0004655392149628213,6.721353095272659,6.721353095272659,False,0.001204905468159843,1.762217166491055e-06,1.141143186205293e+20,6.654882712116359e+16,CONVERGED
S3,S3_c01,Low Micro-Stiffness (sqrt(c1)/a=0.1),1.534848484848485,834874.7452916778,4,8.020736872180903e-06,2.5530798408940364e-06,-0.057380548775215964,0.057380548775215964,False,1.0590587571990555,8.494431623854702e-06,1.141143186205293e+20,6.654882712116359e+16,CONVERGED
S3,S3_c01,Low Micro-Stiffness (sqrt(c1)/a=0.1),1.5525252525252524,844489.952953806,0,3.1414740537758736,0.9999622485067299,5.183732418448632,5.183732418448632,False,-0.005607039453003779,6.64993838885061e-07,4.381768230228684e+20,5.17099149965734e+16,CONVERGED
S3,S3_c01,Low Micro-Stiffness (sqrt(c1)/a=0.1),1.5525252525252524,844489.952953806,1,1.6418504534845195,0.5226172309794626,-1.8289508011078018e-06,1.8289508011078018e-06,True,-0.07099448326206424,0.9974785417514729,4.381768230228684e+20,5.17099149965734e+16,CONVERGED
S3,S3_c01,Low Micro-Stiffness (sqrt(c1)/a=0.1),1.5525252525252524,844489.952953806,2,1.6418500584397044,0.5226171052327924,-5.91950695977748e-07,5.91950695977748e-07,True,-0.07099400139369126,-0.997477335917065,4.381768230228684e+20,5.17099149965734e+16,CONVERGED
S3,S3_c01,Low Micro-Stiffness (sqrt(c1)/a=0.1),1.5525252525252524,844489.952953806,3,9.82544984723193e-06,3.1275378225769394e-06,6.732486454526445,6.732486454526445,False,0.0011915664957181256,1.1707676843697096e-08,4.381768230228684e+20,5.17099149965734e+16,CONVERGED
S3,S3_c01,Low Micro-Stiffness (sqrt(c1)/a=0.1),1.5525252525252524,844489.952953806,4,4.3679262139650644e-05,1.3903540960264153e-05,0.8560934385430867,0.8560934385430867,False,0.42481842378748885,1.855575530616763e-05,4.381768230228684e+20,5.17099149965734e+16,CONVERGED
S3,S3_c01,Low Micro-Stiffness (sqrt(c1)/a=0.1),1.5702020202020202,854105.1606159348,0,3.1156969708966824,0.9917571481893044,4.339422763165366,4.339422763165366,False,-0.013039682201424903,-0.00033774697225583486,1.57456593945166e+20,8.906614029973925e+16,CONVERGED
S3,S3_c01,Low Micro-Stiffness (sqrt(c1)/a=0.1),1.5702020202020202,854105.1606159348,1,0.4694734561824578,0.14943804240374897,-1.745253667534098e-06,1.745253667534098e-06,True,0.8918081854951401,-0.4524175624324201,1.57456593945166e+20,8.906614029973925e+16,CONVERGED
S3,S3_c01,Low Micro-Stiffness (sqrt(c1)/a=0.1),1.5702020202020202,854105.1606159348,2,0.46948287249706466,0.14944103970977976,2.022934019213488e-06,2.022934019213488e-06,True,0.8918005648712626,0.4524242551360869,1.57456593945166e+20,8.906614029973925e+16,CONVERGED
S3,S3_c01,Low Micro-Stiffness (sqrt(c1)/a=0.1),1.5702020202020202,854105.1606159348,3,4.388647579986264e-05,1.396949911686196e-05,6.7444929934309705,6.7444929934309705,False,0.001177345448761468,-5.166954257832082e-08,1.57456593945166e+20,8.906614029973925e+16,CONVERGED
S3,S3_c01,Low Micro-Stiffness (sqrt(c1)/a=0.1),1.5702020202020202,854105.1606159348,4,0.11800936834642378,0.037563548606971184,1.7857847770460016,1.7857847770460016,False,0.16649931154399328,0.01974019916704542,1.57456593945166e+20,8.906614029973925e+16,CONVERGED
S3,S3_c01,Low Micro-Stiffness (sqrt(c1)/a=0.1),1.587878787878788,863720.3682780633,0,3.0295382311304278,0.964331969540569,2.5455695929620723,2.5455695929620723,False,-0.07793650111714878,-0.00876986576072038,4.558834995295473e+20,4.549863824016216e+17,CONVERGED
S3,S3_c01,Low Micro-Stiffness (sqrt(c1)/a=0.1),1.587878787878788,863720.3682780633,1,2.2088410159900673e-06,7.030959323978869e-07,-1.1616091988729687,1.1616091988729687,False,3.1950706455571147,-7.057403090903895e-06,4.558834995295473e+20,4.549863824016216e+17,CONVERGED
S3,S3_c01,Low Micro-Stiffness (sqrt(c1)/a=0.1),1.587878787878788,863720.3682780633,2,8.358413495682297e-06,2.660565648487692e-06,1.1616377646707148,1.1616377646707148,False,0.31297318447821687,-2.6159592889903125e-06,4.558834995295473e+20,4.549863824016216e+17,CONVERGED
S3,S3_c01,Low Micro-Stiffness (sqrt(c1)/a=0.1),1.587878787878788,863720.3682780633,3,0.0039769981460019655,0.0012659178272070321,6.769872588221771,6.769872588221771,False,0.0011478318126249226,-4.564949057950717e-06,4.558834995295473e+20,4.549863824016216e+17,CONVERGED
S3,S3_c01,Low Micro-Stiffness (sqrt(c1)/a=0.1),1.587878787878788,863720.3682780633,4,0.0005274197405287161,0.00016788291757878005,3.7179268602995648,3.7179268602995648,False,0.024284256982627133,1.2807997704316886e-05,4.558834995295473e+20,4.549863824016216e+17,CONVERGED
S3,S3_c01,Low Micro-Stiffness (sqrt(c1)/a=0.1),1.6055555555555556,873335.5759401919,0,3.0508850672381285,0.9711268785123952,1.619602920283114,1.619602920283114,False,-0.19716338918195325,-0.017933426761825706,3.5575552019711374e+20,1.962299912646201e+17,CONVERGED
S3,S3_c01,Low Micro-Stiffness (sqrt(c1)/a=0.1),1.6055555555555556,873335.5759401919,1,1.076042131169574e-06,3.425148483015507e-07,-1.560746783081348,1.560746783081348,False,4.762376379620048,5.124517628959975e-06,3.5575552019711374e+20,1.962299912646201e+17,CONVERGED
S3,S3_c01,Low Micro-Stiffness (sqrt(c1)/a=0.1),1.6055555555555556,873335.5759401919,2,2.2944039919068404e-06,7.303314735235014e-07,1.5607582537113815,1.5607582537113815,False,0.20997679513779294,-4.817715969728024e-07,3.5575552019711374e+20,1.962299912646201e+17,CONVERGED
S3,S3_c01,Low Micro-Stiffness (sqrt(c1)/a=0.1),1.6055555555555556,873335.5759401919,3,0.0010577742272518307,0.00033669999388467734,6.770545507750065,6.770545507750065,False,0.0011470681035886461,-1.213339529408402e-06,3.5575552019711374e+20,1.962299912646201e+17,CONVERGED
S3,S3_c01,Low Micro-Stiffness (sqrt(c1)/a=0.1),1.6055555555555556,873335.5759401919,4,0.008857292023241722,0.0028193636158146697,4.803923419284561,4.803923419284561,False,0.008197200006803827,-7.260689295261753e-05,3.5575552019711374e+20,1.962299912646201e+17,CONVERGED
S3,S3_c01,Low Micro-Stiffness (sqrt(c1)/a=0.1),1.6232323232323231,882950.7836023204,0,3.082597513453587,0.9812212636578475,1.3076875901262868,1.3076875901262868,False,-0.26997421790296605,-0.015945670356996497,1.7296303715729195e+20,1.654052935160967e+17,CONVERGED
S3,S3_c01,Low Micro-Stiffness (sqrt(c1)/a=0.1),1.6232323232323231,882950.7836023204,1,3.509878314641669e-07,1.1172289668525448e-07,-1.7857444863618432,1.7857444863618432,False,5.964018425563666,2.0932978940010123e-06,1.7296303715729195e+20,1.654052935160967e+17,CONVERGED
S3,S3_c01,Low Micro-Stiffness (sqrt(c1)/a=0.1),1.6232323232323231,882950.7836023204,2,3.3518986092016806e-06,1.0669424647945933e-06,1.7857389654810243,1.7857389654810243,False,0.16767311056653356,5.620232661105883e-07,1.7296303715729195e+20,1.654052935160967e+17,CONVERGED
S3,S3_c01,Low Micro-Stiffness (sqrt(c1)/a=0.1),1.6232323232323231,882950.7836023204,3,0.0005866283334599448,0.00018672959805582186,6.774716138712023,6.774716138712023,False,0.0011422945106287859,6.70102401958682e-07,1.7296303715729195e+20,1.654052935160967e+17,CONVERGED
S3,S3_c01,Low Micro-Stiffness (sqrt(c1)/a=0.1),1.6232323232323231,882950.7836023204,4,0.007265083278158714,0.0023125478313864613,5.303555942484994,5.303555942484994,False,0.00497374434379733,-3.613530262190487e-05,1.7296303715729195e+20,1.654052935160967e+17,CONVERGED
S3,S3_c01,Low Micro-Stiffness (sqrt(c1)/a=0.1),1.6409090909090909,892565.9912644491,0,3.113085201552505,0.9909257961866209,1.216903537896432,1.216903537896432,False,-0.296025425805398,-0.00844121740681224,5.135582182706507e+20,1.1929818822816256e+17,CONVERGED
S3,S3_c01,Low Micro-Stiffness (sqrt(c1)/a=0.1),1.6409090909090909,892565.9912644491,1,2.168673791522867e-06,6.903103077494137e-07,-1.9182800077579905,1.9182800077579905,False,6.809236557313121,-1.4767012862147512e-05,5.135582182706507e+20,1.1929818822816256e+17,CONVERGED
S3,S3_c01,Low Micro-Stiffness (sqrt(c1)/a=0.1),1.6409090909090909,892565.9912644491,2,6.413836837315705e-06,2.041587673687366e-06,1.918280591478902,1.918280591478902,False,0.14685925622342183,-9.419313074794849e-07,5.135582182706507e+20,1.1929818822816256e+17,CONVERGED
S3,S3_c01,Low Micro-Stiffness (sqrt(c1)/a=0.1),1.6409090909090909,892565.9912644491,3,0.0004780723453277641,0.00015217515382889848,6.784833532706415,6.784833532706415,False,0.0011307957992688065,-5.40602241028674e-07,5.135582182706507e+20,1.1929818822816256e+17,CONVERGED
S3,S3_c01,Low Micro-Stiffness (sqrt(c1)/a=0.1),1.6409090909090909,892565.9912644491,4,0.006343219458576509,0.002019109463898295,5.618812608522026,5.618812608522026,False,0.0036288745254214436,-2.3019056238119506e-05,5.135582182706507e+20,1.1929818822816256e+17,CONVERGED
S3,S3_c01,Low Micro-Stiffness (sqrt(c1)/a=0.1),1.6585858585858586,902181.1989265776,0,3.1406490492700563,0.999699641416382,1.2611301036571427,1.2611301036571427,False,-0.2833335229723974,0.0002673548155529832,1.8110998706624958e+20,6.40138040790077e+16,CONVERGED
S3,S3_c01,Low Micro-Stiffness (sqrt(c1)/a=0.1),1.6585858585858586,902181.1989265776,1,6.56018655699916e-08,2.0881722363028364e-08,-1.986952514014529,1.986952514014529,False,7.293273711516823,-4.78452361588081e-07,1.8110998706624958e+20,6.40138040790077e+16,CONVERGED
S3,S3_c01,Low Micro-Stiffness (sqrt(c1)/a=0.1),1.6585858585858586,902181.1989265776,2,1.1086578375967267e-07,3.5289675010218155e-08,1.986960247266712,1.986960247266712,False,0.13711157791851694,-1.5200982548461873e-08,1.8110998706624958e+20,6.40138040790077e+16,CONVERGED
S3,S3_c01,Low Micro-Stiffness (sqrt(c1)/a=0.1),1.6585858585858586,902181.1989265776,3,4.144059733275432e-05,1.3190951820377327e-05,6.792160919594575,6.792160919594575,False,0.0011225404308148322,4.651874600976326e-08,1.8110998706624958e+20,6.40138040790077e+16,CONVERGED
S3,S3_c01,Low Micro-Stiffness (sqrt(c1)/a=0.1),1.6585858585858586,902181.1989265776,4,0.006208393091171201,0.0019761928982349373,5.851369258380176,5.851369258380176,False,0.002875903105013355,-1.7854966370101764e-05,1.8110998706624958e+20,6.40138040790077e+16,CONVERGED
S3,S3_c01,Low Micro-Stiffness (sqrt(c1)/a=0.1),1.6762626262626263,911796.4065887061,0,3.11197351386271,0.9905719350046104,1.4277627520225338,1.4277627520225338,False,-0.23973971550300593,0.007102961380244993,7.832720154822371e+19,7.513921460556864e+16,CONVERGED
S3,S3_c01,Low Micro-Stiffness (sqrt(c1)/a=0.1),1.6762626262626263,911796.4065887061,1,5.281762929045675e-06,1.6812373567942938e-06,-2.0040134970903476,2.0040134970903476,False,7.418771645722592,-3.9184193057797135e-05,7.832720154822371e+19,7.513921460556864e+16,CONVERGED
S3,S3_c01,Low Micro-Stiffness (sqrt(c1)/a=0.1),1.6762626262626263,911796.4065887061,2,2.501481499834982e-07,7.962462915033312e-08,2.004028693036312,2.004028693036312,False,0.1347911557207817,-3.371775823769187e-08,7.832720154822371e+19,7.513921460556864e+16,CONVERGED
S3,S3_c01,Low Micro-Stiffness (sqrt(c1)/a=0.1),1.6762626262626263,911796.4065887061,3,2.6611719758888564e-05,8.470773487606752e-06,6.797190632961947,6.797190632961947,False,0.0011169085500155392,2.9722857336336516e-08,7.832720154822371e+19,7.513921460556864e+16,CONVERGED
S3,S3_c01,Low Micro-Stiffness (sqrt(c1)/a=0.1),1.6762626262626263,911796.4065887061,4,0.005788507610575676,0.0018425391986963495,6.036310889367045,6.036310889367045,False,0.0023903209272463583,-1.3836545418976303e-05,7.832720154822371e+19,7.513921460556864e+16,CONVERGED
S3,S3_c01,Low Micro-Stiffness (sqrt(c1)/a=0.1),1.6939393939393939,921411.6142508347,0,3.0841542971352247,0.9817168032943623,1.7544641679553221,1.7544641679553221,False,-0.17271461719334405,0.009931367889955578,1.9594241654847033e+20,8.381008451373309e+16,CONVERGED
S3,S3_c01,Low Micro-Stiffness (sqrt(c1)/a=0.1),1.6939393939393939,921411.6142508347,1,1.3755336856572094e-06,4.3784597092351643e-07,-1.9739611873258782,1.9739611873258782,False,7.199137213079705,-9.902655744265743e-06,1.9594241654847033e+20,8.381008451373309e+16,CONVERGED
S3,S3_c01,Low Micro-Stiffness (sqrt(c1)/a=0.1),1.6939393939393939,921411.6142508347,2,3.3839982908482756e-06,1.0771601108060568e-06,1.9739594560761684,1.9739594560761684,False,0.13890577462917225,4.700569039358689e-07,1.9594241654847033e+20,8.381008451373309e+16,CONVERGED
S3,S3_c01,Low Micro-Stiffness (sqrt(c1)/a=0.1),1.6939393939393939,921411.6142508347,3,2.468289486642906e-05,7.856809455619505e-06,6.800775522478795,6.800775522478795,False,0.0011129117246874841,2.7469883101656047e-08,1.9594241654847033e+20,8.381008451373309e+16,CONVERGED
S3,S3_c01,Low Micro-Stiffness (sqrt(c1)/a=0.1),1.6939393939393939,921411.6142508347,4,0.008380885817371782,0.0026677188106469575,6.195889949403505,6.195889949403505,False,0.002037717297536529,-1.707827585568863e-05,1.9594241654847033e+20,8.381008451373309e+16,CONVERGED
S3,S3_c01,Low Micro-Stiffness (sqrt(c1)/a=0.1),1.7116161616161616,931026.8219129633,0,3.056731063884693,0.9729877170395941,2.4148392695277927,2.4148392695277927,False,-0.0890600565310258,0.007575972809552658,1.140565667126159e+20,7.79673245854829e+16,CONVERGED
S3,S3_c01,Low Micro-Stiffness (sqrt(c1)/a=0.1),1.7116161616161616,931026.8219129633,1,4.170032911438308e-06,1.327362701422589e-06,-1.8958167691791372,1.8958167691791372,False,6.657984220675941,-2.776401332421654e-05,1.140565667126159e+20,7.79673245854829e+16,CONVERGED
S3,S3_c01,Low Micro-Stiffness (sqrt(c1)/a=0.1),1.7116161616161616,931026.8219129633,2,1.4839117883876439e-06,4.7234379246845623e-07,1.8958194379426816,1.8958194379426816,False,0.15019520895300317,2.228764411248704e-07,1.140565667126159e+20,7.79673245854829e+16,CONVERGED
S3,S3_c01,Low Micro-Stiffness (sqrt(c1)/a=0.1),1.7116161616161616,931026.8219129633,3,2.418805782457736e-05,7.699297933148167e-06,6.802493856658419,6.802493856658419,False,0.0011110010125366355,-2.687295673964092e-08,1.140565667126159e+20,7.79673245854829e+16,CONVERGED
S3,S3_c01,Low Micro-Stiffness (sqrt(c1)/a=0.1),1.7116161616161616,931026.8219129633,4,0.0017616890301029066,0.0005607630346632888,6.352989800203829,6.352989800203829,False,0.0017415298080816412,3.0680371324290507e-06,1.140565667126159e+20,7.79673245854829e+16,CONVERGED
S3,S3_c01,Low Micro-Stiffness (sqrt(c1)/a=0.1),1.7292929292929293,940642.0295750919,0,0.2551260771095687,0.08120915256726381,-4.336871725263242,4.336871725263242,False,73.99279801948573,19.29801875711146,6.822108776999664e+20,4.504261288967578e+16,CONVERGED
S3,S3_c01,Low Micro-Stiffness (sqrt(c1)/a=0.1),1.7292929292929293,940642.0295750919,1,3.827552905319561e-06,1.2183479296547069e-06,-1.762660345916828,1.762660345916828,False,5.827921075290518,-2.2306676243810254e-05,6.822108776999664e+20,4.504261288967578e+16,CONVERGED
S3,S3_c01,Low Micro-Stiffness (sqrt(c1)/a=0.1),1.7292929292929293,940642.0295750919,2,7.34354120318637e-05,2.3375217645722305e-05,1.7626811947827106,1.7626811947827106,False,0.17158419541533626,1.2600356111131267e-05,6.822108776999664e+20,4.504261288967578e+16,CONVERGED
S3,S3_c01,Low Micro-Stiffness (sqrt(c1)/a=0.1),1.7292929292929293,940642.0295750919,3,0.005194368943065209,0.0016534189870637038,6.8040971950509785,6.8040971950509785,False,0.0011092061653685118,5.761677876450321e-06,6.822108776999664e+20,4.504261288967578e+16,CONVERGED
S3,S3_c01,Low Micro-Stiffness (sqrt(c1)/a=0.1),1.7292929292929293,940642.0295750919,4,0.004486105255347008,0.0014279716532380113,6.507280928609648,6.507280928609648,False,0.0014925174944173047,6.695635492331115e-06,6.822108776999664e+20,4.504261288967578e+16,CONVERGED
S3,S3_c01,Low Micro-Stiffness (sqrt(c1)/a=0.1),1.7469696969696968,950257.2372372204,0,0.13872703670121492,0.04415818726297827,2.2561666258239015,2.2561666258239015,False,0.10374490336288042,-0.014485266362431285,2.1891824981494278e+20,7.99108613841045e+16,CONVERGED
S3,S3_c01,Low Micro-Stiffness (sqrt(c1)/a=0.1),1.7469696969696968,950257.2372372204,1,7.216709682321792e-06,2.2971500376013097e-06,-1.5573581336768338,1.5573581336768338,False,4.746265667809647,-3.425242140034802e-05,2.1891824981494278e+20,7.99108613841045e+16,CONVERGED
S3,S3_c01,Low Micro-Stiffness (sqrt(c1)/a=0.1),1.7469696969696968,950257.2372372204,2,4.524241326432255e-05,1.4401107416846532e-05,1.557311451790128,1.557311451790128,False,0.21070179208664183,9.532657559621272e-06,2.1891824981494278e+20,7.99108613841045e+16,CONVERGED
S3,S3_c01,Low Micro-Stiffness (sqrt(c1)/a=0.1),1.7469696969696968,950257.2372372204,3,0.0026735637002055163,0.0008510217571175322,6.796670325664023,6.796670325664023,False,0.0011174858434173378,2.9876767050383218e-06,2.1891824981494278e+20,7.99108613841045e+16,CONVERGED
S3,S3_c01,Low Micro-Stiffness (sqrt(c1)/a=0.1),1.7469696969696968,950257.2372372204,4,0.009570977638757097,0.0030465368028603774,6.662589598084809,6.662589598084809,False,0.0012777744815735438,-1.2229924427883332e-05,2.1891824981494278e+20,7.99108613841045e+16,CONVERGED
S3,S3_c01,Low Micro-Stiffness (sqrt(c1)/a=0.1),1.7646464646464646,959872.4448993491,0,0.769317648530899,0.24488141314305195,2.768695574791227,2.768695574791227,False,0.04507423395489094,-0.0436474210768825,1.7419137380793526e+20,8.526632332362786e+16,CONVERGED
S3,S3_c01,Low Micro-Stiffness (sqrt(c1)/a=0.1),1.7646464646464646,959872.4448993491,1,1.0383395804121322e-06,3.3051375366111077e-07,-1.2364408423642952,1.2364408423642952,False,3.443336252938001,-3.575352320094813e-06,1.7419137380793526e+20,8.526632332362786e+16,CONVERGED
S3,S3_c01,Low Micro-Stiffness (sqrt(c1)/a=0.1),1.7646464646464646,959872.4448993491,2,1.7354367535948104e-06,5.524066755159313e-07,1.236445704356352,1.236445704356352,False,0.2904146050692782,-5.039961794184531e-07,1.7419137380793526e+20,8.526632332362786e+16,CONVERGED
S3,S3_c01,Low Micro-Stiffness (sqrt(c1)/a=0.1),1.7646464646464646,959872.4448993491,3,1.8994243778260065e-05,6.046055575205135e-06,6.795782807411311,6.795782807411311,False,0.0011184820699650252,-2.1244721101083515e-08,1.7419137380793526e+20,8.526632332362786e+16,CONVERGED
S3,S3_c01,Low Micro-Stiffness (sqrt(c1)/a=0.1),1.7646464646464646,959872.4448993491,4,0.4743337276598371,0.15098511486453592,-1.3434017401119596,1.3434017401119596,False,3.4089873343735295,1.7502760819905003,1.7419137380793526e+20,8.526632332362786e+16,CONVERGED
S3,S3_c01,Low Micro-Stiffness (sqrt(c1)/a=0.1),1.7823232323232323,969487.6525614776,0,1.3125570892301488,0.41779989768257625,3.155880687336491,3.155880687336491,False,0.010879348394348424,0.041188270157140675,2.1826330509169525e+20,5.322765403428805e+16,CONVERGED
S3,S3_c01,Low Micro-Stiffness (sqrt(c1)/a=0.1),1.7823232323232323,969487.6525614776,1,9.32426861200542e-06,2.968006880634537e-06,-0.6146149309289466,0.6146149309289466,False,1.8489444910436577,1.7240055083678342e-05,2.1826330509169525e+20,5.322765403428805e+16,CONVERGED
S3,S3_c01,Low Micro-Stiffness (sqrt(c1)/a=0.1),1.7823232323232323,969487.6525614776,2,8.622727878471483e-06,2.7446995295900567e-06,0.6146129993777484,0.6146129993777484,False,0.540850164143086,-4.663603788548047e-06,2.1826330509169525e+20,5.322765403428805e+16,CONVERGED
S3,S3_c01,Low Micro-Stiffness (sqrt(c1)/a=0.1),1.7823232323232323,969487.6525614776,3,7.725727482085543e-06,2.4591754355096327e-06,6.789479016009505,6.789479016009505,False,0.0011255550175608572,8.695731331942197e-09,2.1826330509169525e+20,5.322765403428805e+16,CONVERGED
S3,S3_c01,Low Micro-Stiffness (sqrt(c1)/a=0.1),1.7823232323232323,969487.6525614776,4,0.28753721951801964,0.09152593961838447,0.2884122276150505,0.2884122276150505,False,0.7186839623342293,-0.21253831936955359,2.1826330509169525e+20,5.322765403428805e+16,CONVERGED
S3,S3_c01,Low Micro-Stiffness (sqrt(c1)/a=0.1),1.8,979102.8602236061,0,1.0529579983521522,0.33516694061178565,6.03078265470251e-06,6.03078265470251e-06,True,0.4950000531041949,0.8688860028417279,2.240874138389185e+20,1.3685294062242869e+17,CONVERGED
S3,S3_c01,Low Micro-Stiffness (sqrt(c1)/a=0.1),1.8,979102.8602236061,1,1.008291758974819,0.32094923503932876,-0.7443480714500331,0.7443480714500331,False,1.1226468641027403,1.7807240013592953,2.240874138389185e+20,1.3685294062242869e+17,CONVERGED
S3,S3_c01,Low Micro-Stiffness (sqrt(c1)/a=0.1),1.8,979102.8602236061,3,6.162333273977488e-06,1.9615316030663605e-06,6.781342027996326,6.781342027996326,False,0.0011347510083533534,6.9927138965438904e-09,2.240874138389185e+20,1.3685294062242869e+17,CONVERGED
S3,S3_c01,Low Micro-Stiffness (sqrt(c1)/a=0.1),1.8,979102.8602236061,4,1.0529548593752756,0.3351659414444133,-1.119518395101323e-06,1.119518395101323e-06,True,0.4950063199463826,-0.8688906618513266,2.240874138389185e+20,1.3685294062242869e+17,CONVERGED
S3,S3_c05,Baseline Micro-Stiffness (sqrt(c1)/a=0.5),0.05,27197.301672877948,0,2.1988025749428903e-08,6.999005973706973e-09,3.135127197658043,3.135127197658043,False,0.043494221114371845,-9.563520538141626e-10,4069175047042571.5,7.98851405499901e+16,CONVERGED
S3,S3_c05,Baseline Micro-Stiffness (sqrt(c1)/a=0.5),0.05,27197.301672877948,1,4.695486466281939e-05,1.4946197626597335e-05,3.1718803055377403,3.1718803055377403,False,0.04192469246585576,-1.9685682622113207e-06,4069175047042571.5,7.98851405499901e+16,CONVERGED
S3,S3_c05,Baseline Micro-Stiffness (sqrt(c1)/a=0.5),0.05,27197.301672877948,2,0.19125043663941424,0.06087690471929222,0.027681872870309016,0.027681872870309016,True,0.9549628637584847,0.18489688873028962,4069175047042571.5,7.98851405499901e+16,CONVERGED
S3,S3_c05,Baseline Micro-Stiffness (sqrt(c1)/a=0.5),0.05,27197.301672877948,3,0.2729950363463195,0.08689701894813676,8.26910520654012e-07,8.26910520654012e-07,True,0.9629669082986475,-0.2696165419666799,4069175047042571.5,7.98851405499901e+16,CONVERGED
S3,S3_c05,Baseline Micro-Stiffness (sqrt(c1)/a=0.5),0.05,27197.301672877948,4,0.27299614404807354,0.08689737154055602,1.8387560872136326e-06,1.8387560872136326e-06,True,0.9629656352703385,0.2696173358354039,4069175047042571.5,7.98851405499901e+16,CONVERGED
S3,S3_c05,Baseline Micro-Stiffness (sqrt(c1)/a=0.5),0.06767676767676768,36812.509335006514,0,0.021410785129019647,0.006815264577523842,-0.19593076836545997,0.19593076836545997,False,1.2161638748807608,-0.026043003087796092,1.007278466470619e+16,7.002934961883128e+16,CONVERGED
S3,S3_c05,Baseline Micro-Stiffness (sqrt(c1)/a=0.5),0.06767676767676768,36812.509335006514,1,1.1563846390286488e-08,3.680886628338931e-09,-3.14132774416182,3.14132774416182,False,23.134563257031576,2.67524535810679e-07,1.007278466470619e+16,7.002934961883128e+16,CONVERGED
S3,S3_c05,Baseline Micro-Stiffness (sqrt(c1)/a=0.5),0.06767676767676768,36812.509335006514,2,0.30292162912351583,0.09642294928891477,-0.13331363728418838,0.13331363728418838,False,1.0905842222639908,0.3408515757620867,1.007278466470619e+16,7.002934961883128e+16,CONVERGED
S3,S3_c05,Baseline Micro-Stiffness (sqrt(c1)/a=0.5),0.06767676767676768,36812.509335006514,3,0.3688218096474623,0.11739962825098343,-9.278338835483057e-07,9.278338835483057e-07,True,0.9327536156638702,0.3605170566498429,1.007278466470619e+16,7.002934961883128e+16,CONVERGED
S3,S3_c05,Baseline Micro-Stiffness (sqrt(c1)/a=0.5),0.06767676767676768,36812.509335006514,4,0.3688186764561956,0.11739863092522794,9.552487417759174e-07,9.552487417759174e-07,True,0.9327529887755845,-0.3605134552753277,1.007278466470619e+16,7.002934961883128e+16,CONVERGED
S3,S3_c05,Baseline Micro-Stiffness (sqrt(c1)/a=0.5),0.08535353535353535,46427.71699713508,0,0.44172116020708113,0.14060421223048797,-0.44893578914039767,0.44893578914039767,False,1.4162731960867485,-0.6697341560585303,2.016113722121108e+16,1.2998710994285942e+17,CONVERGED
S3,S3_c05,Baseline Micro-Stiffness (sqrt(c1)/a=0.5),0.08535353535353535,46427.71699713508,1,9.353570974118268e-09,2.977334112183594e-09,3.1492662857326503,3.1492662857326503,False,0.04288357962116502,-4.011146056108188e-10,2.016113722121108e+16,1.2998710994285942e+17,CONVERGED
S3,S3_c05,Baseline Micro-Stiffness (sqrt(c1)/a=0.5),0.08535353535353535,46427.71699713508,2,0.5362000234000163,0.17067776842020507,-0.4460058259454488,0.4460058259454488,False,1.342835033732108,0.7980145907920977,2.016113722121108e+16,1.2998710994285942e+17,CONVERGED
S3,S3_c05,Baseline Micro-Stiffness (sqrt(c1)/a=0.5),0.08535353535353535,46427.71699713508,3,0.46405178077621,0.1477122695222608,-1.2081119964712964e-07,1.2081119964712964e-07,True,0.8942464748724447,-0.4475751152607064,2.016113722121108e+16,1.2998710994285942e+17,CONVERGED
S3,S3_c05,Baseline Micro-Stiffness (sqrt(c1)/a=0.5),0.08535353535353535,46427.71699713508,4,0.46405077749135837,0.14771195016677385,1.6401227035720274e-07,1.6401227035720274e-07,True,0.8942466692148521,0.4475740905969156,2.016113722121108e+16,1.2998710994285942e+17,CONVERGED
S3,S3_c05,Baseline Micro-Stiffness (sqrt(c1)/a=0.5),0.10303030303030303,56042.924659263655,0,2.5085053881344893e-05,7.98482064588515e-06,-0.668439572242241,0.668439572242241,False,1.9511902518448339,4.8945712610549094e-05,3.5362837229609884e+16,1.014597751006236e+17,CONVERGED
S3,S3_c05,Baseline Micro-Stiffness (sqrt(c1)/a=0.5),0.10303030303030303,56042.924659263655,1,2.902135740421322e-08,9.237784972234221e-09,3.1588526013442157,3.1588526013442157,False,0.04247444825672838,-1.2326661434052757e-09,3.5362837229609884e+16,1.014597751006236e+17,CONVERGED
S3,S3_c05,Baseline Micro-Stiffness (sqrt(c1)/a=0.5),0.10303030303030303,56042.924659263655,2,4.43034380842086e-09,1.4102222334135057e-09,-3.158852672029726,3.158852672029726,False,23.54356823286345,1.0430610174860064e-07,3.5362837229609884e+16,1.014597751006236e+17,CONVERGED
S3,S3_c05,Baseline Micro-Stiffness (sqrt(c1)/a=0.5),0.10303030303030303,56042.924659263655,3,0.5585618980589341,0.1777957741977414,-3.6027920558678e-07,3.6027920558678e-07,True,0.8480184400560077,-0.5299674007744685,3.5362837229609884e+16,1.014597751006236e+17,CONVERGED
S3,S3_c05,Baseline Micro-Stiffness (sqrt(c1)/a=0.5),0.10303030303030303,56042.924659263655,4,0.5585605593283824,0.17779534806657188,-3.383583113431598e-08,3.383583113431598e-08,True,0.848018872708611,0.5299660925018517,3.5362837229609884e+16,1.014597751006236e+17,CONVERGED
S3,S3_c05,Baseline Micro-Stiffness (sqrt(c1)/a=0.5),0.12070707070707071,65658.13232139223,0,1.3882412563053489e-05,4.418909162901982e-06,-3.089941936197579,3.089941936197579,False,21.97580193797855,0.0003050771489265669,5.668499565097445e+16,1.1087070858752256e+17,CONVERGED
S3,S3_c05,Baseline Micro-Stiffness (sqrt(c1)/a=0.5),0.12070707070707071,65658.13232139223,1,3.2200039819829015e-08,1.0249591010163301e-08,3.16998379283826,3.16998379283826,False,0.04200427866806702,1.3525394457149528e-09,5.668499565097445e+16,1.1087070858752256e+17,CONVERGED
S3,S3_c05,Baseline Micro-Stiffness (sqrt(c1)/a=0.5),0.12070707070707071,65658.13232139223,2,4.677459413226955e-08,1.4888815734535725e-08,-3.1699837749101034,3.1699837749101034,False,23.807098080988435,1.1135673502053682e-06,5.668499565097445e+16,1.1087070858752256e+17,CONVERGED
S3,S3_c05,Baseline Micro-Stiffness (sqrt(c1)/a=0.5),0.12070707070707071,65658.13232139223,3,0.652241077976739,0.20761478329516875,3.089844732423636e-08,3.089844732423636e-08,True,0.7947255060659117,-0.6069689516041061,5.668499565097445e+16,1.1087070858752256e+17,CONVERGED
S3,S3_c05,Baseline Micro-Stiffness (sqrt(c1)/a=0.5),0.12070707070707071,65658.13232139223,4,0.6522395375471903,0.20761429296121442,-4.127108796552008e-07,4.127108796552008e-07,True,0.7947267936060168,0.6069679966413382,5.668499565097445e+16,1.1087070858752256e+17,CONVERGED
S3,S3_c05,Baseline Micro-Stiffness (sqrt(c1)/a=0.5),0.1383838383838384,75273.3399835208,0,1.0509702469078536e-05,3.3453421967578926e-06,-3.0627692523684753,3.0627692523684753,False,21.386700402515288,0.00022476785803403332,8.509012397136402e+16,9.847026251806722e+16,CONVERGED
S3,S3_c05,Baseline Micro-Stiffness (sqrt(c1)/a=0.5),0.1383838383838384,75273.3399835208,1,1.434302126359078e-05,4.565525465945271e-06,3.1752907200542686,3.1752907200542686,False,0.04178195546242354,-5.992794756730388e-07,8.509012397136402e+16,9.847026251806722e+16,CONVERGED
S3,S3_c05,Baseline Micro-Stiffness (sqrt(c1)/a=0.5),0.1383838383838384,75273.3399835208,2,8.096260609557255e-09,2.5771197931424777e-09,-3.1825474391155884,3.1825474391155884,False,24.10808928401774,-1.951853736418822e-07,8.509012397136402e+16,9.847026251806722e+16,CONVERGED
S3,S3_c05,Baseline Micro-Stiffness (sqrt(c1)/a=0.5),0.1383838383838384,75273.3399835208,3,0.7449992437950943,0.2371406244994266,1.362891436962335e-06,1.362891436962335e-06,True,0.7350874132217164,-0.6779703305778554,8.509012397136402e+16,9.847026251806722e+16,CONVERGED
S3,S3_c05,Baseline Micro-Stiffness (sqrt(c1)/a=0.5),0.1383838383838384,75273.3399835208,4,0.7449960510964585,0.2371396082318872,-2.768314387364641e-07,2.768314387364641e-07,True,0.7350907831171041,0.6779690953423418,8.509012397136402e+16,9.847026251806722e+16,CONVERGED
S3,S3_c05,Baseline Micro-Stiffness (sqrt(c1)/a=0.5),0.15606060606060607,84888.54764564935,0,2.098486066823045e-05,6.67968861088714e-06,-3.034683777246111,3.034683777246111,False,20.79440119228849,0.0004363676117635127,1.2153553263944131e+17,1.6832907647395568e+17,CONVERGED
S3,S3_c05,Baseline Micro-Stiffness (sqrt(c1)/a=0.5),0.15606060606060607,84888.54764564935,1,1.4733372823983787e-05,4.689778226705634e-06,3.176354753726245,3.176354753726245,False,0.04173752169839627,-6.149344679760803e-07,1.2153553263944131e+17,1.6832907647395568e+17,CONVERGED
S3,S3_c05,Baseline Micro-Stiffness (sqrt(c1)/a=0.5),0.15606060606060607,84888.54764564935,2,8.704608332586662e-07,2.7707628876201363e-07,3.196425769267589,3.196425769267589,False,0.040908158182149476,3.560894945832015e-08,1.2153553263944131e+17,1.6832907647395568e+17,CONVERGED
S3,S3_c05,Baseline Micro-Stiffness (sqrt(c1)/a=0.5),0.15606060606060607,84888.54764564935,3,0.836753348734908,0.2663468631997143,-5.905308458180161e-07,5.905308458180161e-07,True,0.6698772959302397,-0.7424726186598258,1.2153553263944131e+17,1.6832907647395568e+17,CONVERGED
S3,S3_c05,Baseline Micro-Stiffness (sqrt(c1)/a=0.5),0.15606060606060607,84888.54764564935,4,0.836763312701415,0.2663500348287591,-3.4200445560625976e-06,3.4200445560625976e-06,True,0.6698717933334241,0.7424813941162216,1.2153553263944131e+17,1.6832907647395568e+17,CONVERGED
S3,S3_c05,Baseline Micro-Stiffness (sqrt(c1)/a=0.5),0.17373737373737375,94503.75530777793,0,1.828573874788807e-05,5.8205314196267825e-06,-3.0013240785970576,3.0013240785970576,False,20.112149363971454,0.00036776550896907493,1.6693113497916925e+17,8.452860947294011e+16,CONVERGED
S3,S3_c05,Baseline Micro-Stiffness (sqrt(c1)/a=0.5),0.17373737373737375,94503.75530777793,1,1.3949850604321213e-05,4.440375358142369e-06,3.1772083238102757,3.1772083238102757,False,0.041701910999237576,-5.817354283917986e-07,1.6693113497916925e+17,8.452860947294011e+16,CONVERGED
S3,S3_c05,Baseline Micro-Stiffness (sqrt(c1)/a=0.5),0.17373737373737375,94503.75530777793,2,6.5841284469999e-07,2.0957931765839965e-07,3.2114992420743653,3.2114992420743653,False,0.040296154272088935,-2.6531505564759565e-08,1.6693113497916925e+17,8.452860947294011e+16,CONVERGED
S3,S3_c05,Baseline Micro-Stiffness (sqrt(c1)/a=0.5),0.17373737373737375,94503.75530777793,3,0.9274682365665191,0.29522230882056977,3.077301112574021e-06,3.077301112574021e-06,True,0.5998597302162825,0.8001013370077338,1.6693113497916925e+17,8.452860947294011e+16,CONVERGED
S3,S3_c05,Baseline Micro-Stiffness (sqrt(c1)/a=0.5),0.17373737373737375,94503.75530777793,4,0.927474224089198,0.2952242147082322,-2.129668526050018e-06,2.129668526050018e-06,True,0.5998580630152189,-0.8001090948000483,1.6693113497916925e+17,8.452860947294011e+16,CONVERGED
S3,S3_c05,Baseline Micro-Stiffness (sqrt(c1)/a=0.5),0.19141414141414143,104118.96296990648,0,1.063519799902952e-05,3.3852886646131646e-06,-2.9665268852758935,2.9665268852758935,False,19.424339346892147,0.00020658169496232635,2.2213979713109872e+17,1.2146078809912189e+17,CONVERGED
S3,S3_c05,Baseline Micro-Stiffness (sqrt(c1)/a=0.5),0.19141414141414143,104118.96296990648,1,1.2750712124395776e-05,4.0586777250787e-06,3.178163075915774,3.178163075915774,False,0.04166211501324874,-5.312216350561908e-07,2.2213979713109872e+17,1.2146078809912189e+17,CONVERGED
S3,S3_c05,Baseline Micro-Stiffness (sqrt(c1)/a=0.5),0.19141414141414143,104118.96296990648,2,2.040081418075761e-07,6.493780839933618e-08,3.227648649773426,3.227648649773426,False,0.03965062176159354,-8.08904966709785e-09,2.2213979713109872e+17,1.2146078809912189e+17,CONVERGED
S3,S3_c05,Baseline Micro-Stiffness (sqrt(c1)/a=0.5),0.19141414141414143,104118.96296990648,3,1.017096176275101,0.3237517681080961,-1.3419632570849959e-08,1.3419632570849959e-08,True,0.5258381197615207,0.850584680466874,2.2213979713109872e+17,1.2146078809912189e+17,CONVERGED
S3,S3_c05,Baseline Micro-Stiffness (sqrt(c1)/a=0.5),0.19141414141414143,104118.96296990648,4,1.0170968513911918,0.32375198300422214,-2.58042801981923e-06,2.58042801981923e-06,True,0.5258388953491185,-0.8505872189301786,2.2213979713109872e+17,1.2146078809912189e+17,CONVERGED
S3,S3_c05,Baseline Micro-Stiffness (sqrt(c1)/a=0.5),0.2090909090909091,113734.17063203505,0,4.289227505951e-08,1.3653035192356473e-08,-3.24475767233259,3.24475767233259,False,25.65549227128917,1.1004224312872687e-06,2.8796412336091216e+17,2.2733767710064346e+17,CONVERGED
S3,S3_c05,Baseline Micro-Stiffness (sqrt(c1)/a=0.5),0.2090909090909091,113734.17063203505,1,1.4083772181287853e-05,4.483003920064174e-06,3.179291088631325,3.179291088631325,False,0.04161514611275113,-5.86098237181745e-07,2.8796412336091216e+17,2.2733767710064346e+17,CONVERGED
S3,S3_c05,Baseline Micro-Stiffness (sqrt(c1)/a=0.5),0.2090909090909091,113734.17063203505,2,2.6203481267416347e-05,8.340827139850388e-06,-2.9313855013031724,2.9313855013031724,False,18.75359562990691,0.0004914094918974378,2.8796412336091216e+17,2.2733767710064346e+17,CONVERGED
S3,S3_c05,Baseline Micro-Stiffness (sqrt(c1)/a=0.5),0.2090909090909091,113734.17063203505,3,1.105603467999466,0.35192451406331426,5.23081828072085e-06,5.23081828072085e-06,True,0.4485928279419023,0.8937303917497984,2.8796412336091216e+17,2.2733767710064346e+17,CONVERGED
S3,S3_c05,Baseline Micro-Stiffness (sqrt(c1)/a=0.5),0.2090909090909091,113734.17063203505,4,1.105618807156152,0.3519293966685331,-1.9344782369957297e-06,1.9344782369957297e-06,True,0.44858233303252754,-0.893743676595842,2.8796412336091216e+17,2.2733767710064346e+17,CONVERGED
S3,S3_c05,Baseline Micro-Stiffness (sqrt(c1)/a=0.5),0.22676767676767678,123349.37829416365,0,3.65271698951579e-08,1.1626959291943698e-08,-3.2627149702618956,3.2627149702618956,False,26.12035695453676,9.54102716200534e-07,3.653146723654493e+17,3.7386352516283616e+17,CONVERGED
S3,S3_c05,Baseline Micro-Stiffness (sqrt(c1)/a=0.5),0.22676767676767678,123349.37829416365,1,1.3238356441903382e-05,4.2138997322827175e-06,3.1798994825790006,3.1798994825790006,False,0.04158983541042474,-5.505810655554617e-07,3.653146723654493e+17,3.7386352516283616e+17,CONVERGED
S3,S3_c05,Baseline Micro-Stiffness (sqrt(c1)/a=0.5),0.22676767676767678,123349.37829416365,2,2.2271832111393852e-05,7.089344344482272e-06,-2.889693950987099,2.889693950987099,False,17.987803605041346,0.00040062134201044664,3.653146723654493e+17,3.7386352516283616e+17,CONVERGED
S3,S3_c05,Baseline Micro-Stiffness (sqrt(c1)/a=0.5),0.22676767676767678,123349.37829416365,3,1.1929939833970171,0.37974177907305157,9.190208028610781e-06,9.190208028610781e-06,True,0.3688752993160234,-0.929469006103687,3.653146723654493e+17,3.7386352516283616e+17,CONVERGED
S3,S3_c05,Baseline Micro-Stiffness (sqrt(c1)/a=0.5),0.22676767676767678,123349.37829416365,4,1.1930204336937944,0.3797501984640083,-8.892257486062152e-06,8.892257486062152e-06,True,0.3688573842465607,0.9294955700593213,3.653146723654493e+17,3.7386352516283616e+17,CONVERGED
S3,S3_c05,Baseline Micro-Stiffness (sqrt(c1)/a=0.5),0.24444444444444446,132964.58595629223,0,1.8375334866279805e-07,5.8490507498745654e-08,3.281414763679458,3.281414763679458,False,0.037575059355907554,-6.904542982851491e-09,4.5479555057965357e+17,7.986707414704728e+16,CONVERGED
S3,S3_c05,Baseline Micro-Stiffness (sqrt(c1)/a=0.5),0.24444444444444446,132964.58595629223,1,1.228890488513979e-05,3.911679915312276e-06,3.180669356782289,3.180669356782289,False,0.04155782879164299,-5.107002052791328e-07,4.5479555057965357e+17,7.986707414704728e+16,CONVERGED
S3,S3_c05,Baseline Micro-Stiffness (sqrt(c1)/a=0.5),0.24444444444444446,132964.58595629223,2,1.360403069372046e-05,4.330297461758955e-06,-2.848551656649981,2.848551656649981,False,17.262761318630787,0.00023484313485151097,4.5479555057965357e+17,7.986707414704728e+16,CONVERGED
S3,S3_c05,Baseline Micro-Stiffness (sqrt(c1)/a=0.5),0.24444444444444446,132964.58595629223,3,1.2792812446128732,0.40720786736978176,4.26398901304047e-06,4.26398901304047e-06,True,0.28740248908966554,0.957805450664905,4.5479555057965357e+17,7.986707414704728e+16,CONVERGED
S3,S3_c05,Baseline Micro-Stiffness (sqrt(c1)/a=0.5),0.24444444444444446,132964.58595629223,4,1.2792801439219597,0.40720751700898233,-4.622869607001885e-07,4.622869607001885e-07,True,0.28740490168891936,-0.957809661185108,4.5479555057965357e+17,7.986707414704728e+16,CONVERGED
S3,S3_c05,Baseline Micro-Stiffness (sqrt(c1)/a=0.5),0.2621212121212121,142579.79361842075,0,8.557068328701452e-07,2.723799445775879e-07,3.300759506150798,3.300759506150798,False,0.0368551650440517,-3.1537216554759665e-08,5.576263772409091e+17,8.432448575242978e+16,CONVERGED
S3,S3_c05,Baseline Micro-Stiffness (sqrt(c1)/a=0.5),0.2621212121212121,142579.79361842075,1,1.1528633743945265e-05,3.669678094889826e-06,3.180913247959416,3.180913247959416,False,0.04154769444012607,-4.789881521267852e-07,5.576263772409091e+17,8.432448575242978e+16,CONVERGED
S3,S3_c05,Baseline Micro-Stiffness (sqrt(c1)/a=0.5),0.2621212121212121,142579.79361842075,2,1.1309334069302579e-05,3.59987284041417e-06,-2.8022180076129355,2.8022180076129355,False,16.481161601891177,0.00018639096241389587,5.576263772409091e+17,8.432448575242978e+16,CONVERGED
S3,S3_c05,Baseline Micro-Stiffness (sqrt(c1)/a=0.5),0.2621212121212121,142579.79361842075,3,1.364449609644645,0.4343177999495046,-2.8500392578294657e-06,2.8500392578294657e-06,True,0.20488607705828404,-0.978788738963842,5.576263772409091e+17,8.432448575242978e+16,CONVERGED
S3,S3_c05,Baseline Micro-Stiffness (sqrt(c1)/a=0.5),0.2621212121212121,142579.79361842075,4,1.3644486193721408,0.4343174847359765,-8.174371612963627e-06,8.174371612963627e-06,True,0.20488813721539326,0.9787937474796585,5.576263772409091e+17,8.432448575242978e+16,CONVERGED
S3,S3_c05,Baseline Micro-Stiffness (sqrt(c1)/a=0.5),0.27979797979797977,152195.0012805493,0,2.950822421388095e-05,9.392759491006221e-06,-2.7552895104291912,2.7552895104291912,False,15.72559296015952,0.00046403432309929867,6.734524401256123e+17,8.191813215999339e+16,CONVERGED
S3,S3_c05,Baseline Micro-Stiffness (sqrt(c1)/a=0.5),0.27979797979797977,152195.0012805493,1,1.368160773711955e-05,4.3549910016137945e-06,3.1810792904814633,3.1810792904814633,False,0.04154079632773436,-5.683448804790999e-07,6.734524401256123e+17,8.191813215999339e+16,CONVERGED
S3,S3_c05,Baseline Micro-Stiffness (sqrt(c1)/a=0.5),0.27979797979797977,152195.0012805493,2,1.0021600519950696e-07,3.189974520884924e-08,-3.320661762825168,3.320661762825168,False,27.678661208232757,-2.7738448555596548e-06,6.734524401256123e+17,8.191813215999339e+16,CONVERGED
S3,S3_c05,Baseline Micro-Stiffness (sqrt(c1)/a=0.5),0.27979797979797977,152195.0012805493,3,1.4485418264451118,0.4610851839082038,-1.965267942251368e-06,1.965267942251368e-06,True,0.12195042823984763,0.9925381723620139,6.734524401256123e+17,8.191813215999339e+16,CONVERGED
S3,S3_c05,Baseline Micro-Stiffness (sqrt(c1)/a=0.5),0.27979797979797977,152195.0012805493,4,1.448545449916507,0.46108633729497117,-4.047108302932091e-06,4.047108302932091e-06,True,0.12194708567947157,-0.992540680548484,6.734524401256123e+17,8.191813215999339e+16,CONVERGED
S3,S3_c05,Baseline Micro-Stiffness (sqrt(c1)/a=0.5),0.29747474747474745,161810.20894267788,0,1.7449447733933647e-05,5.554331722158423e-06,-2.7056086407402504,2.7056086407402504,False,14.96342126505558,0.00026110343731191915,8.038778865589847e+17,1.1710280646823794e+17,CONVERGED
S3,S3_c05,Baseline Micro-Stiffness (sqrt(c1)/a=0.5),0.29747474747474745,161810.20894267788,1,1.1864003977651906e-05,3.7764297558104183e-06,3.1808518586576056,3.1808518586576056,False,0.04155024510220748,-4.929522731881296e-07,8.038778865589847e+17,1.1710280646823794e+17,CONVERGED
S3,S3_c05,Baseline Micro-Stiffness (sqrt(c1)/a=0.5),0.29747474747474745,161810.20894267788,2,7.913288106476912e-06,2.5188778365122104e-06,3.3410301519418373,3.3410301519418373,False,0.03540047106630604,2.80134126658527e-07,8.038778865589847e+17,1.1710280646823794e+17,CONVERGED
S3,S3_c05,Baseline Micro-Stiffness (sqrt(c1)/a=0.5),0.29747474747474745,161810.20894267788,3,1.5315599146110055,0.4875106621034853,4.875617429360725e-06,4.875617429360725e-06,True,0.03922615432307246,-0.9992254788733657,8.038778865589847e+17,1.1710280646823794e+17,CONVERGED
S3,S3_c05,Baseline Micro-Stiffness (sqrt(c1)/a=0.5),0.29747474747474745,161810.20894267788,4,1.531572646901037,0.4875147149172761,-9.591563202539258e-06,9.591563202539258e-06,True,0.03921399920319572,0.9992404343184348,8.038778865589847e+17,1.1710280646823794e+17,CONVERGED
S3,S3_c05,Baseline Micro-Stiffness (sqrt(c1)/a=0.5),0.3151515151515151,171425.41660480644,0,9.932869651378677e-06,3.161730608208775e-06,-2.6541097356889107,2.6541097356889107,False,14.212327696695034,0.00014116919845859338,9.4885044762414e+17,8.18884562508047e+16,CONVERGED
S3,S3_c05,Baseline Micro-Stiffness (sqrt(c1)/a=0.5),0.3151515151515151,171425.41660480644,1,1.0831471418072176e-05,3.4477644342895364e-06,3.1802733051432233,3.1802733051432233,False,0.04157429109829884,-4.5031074577544666e-07,9.4885044762414e+17,8.18884562508047e+16,CONVERGED
S3,S3_c05,Baseline Micro-Stiffness (sqrt(c1)/a=0.5),0.3151515151515151,171425.41660480644,2,1.2392678374662826e-06,3.9447120429512485e-07,3.3617980302127353,3.3617980302127353,False,0.03467286001407423,-4.296896024843491e-08,9.4885044762414e+17,8.18884562508047e+16,CONVERGED
S3,S3_c05,Baseline Micro-Stiffness (sqrt(c1)/a=0.5),0.3151515151515151,171425.41660480644,3,1.6135759345752172,0.5136171720835411,-1.0211389500846403e-06,1.0211389500846403e-06,True,-0.04276660418829803,-0.9990861123277548,9.4885044762414e+17,8.18884562508047e+16,CONVERGED
S3,S3_c05,Baseline Micro-Stiffness (sqrt(c1)/a=0.5),0.3151515151515151,171425.41660480644,4,1.6135727454031727,0.5136161569385506,-2.9764017502774166e-06,2.9764017502774166e-06,True,-0.042763501544383124,0.9990882021908186,9.4885044762414e+17,8.18884562508047e+16,CONVERGED
S3,S3_c05,Baseline Micro-Stiffness (sqrt(c1)/a=0.5),0.3328282828282828,181040.62426693502,0,1.44925625910996e-06,4.6131259488843764e-07,-2.6005067524690877,2.6005067524690877,False,13.470562546502915,1.952229708426522e-05,1.1084373118402094e+18,8.095215819245992e+16,CONVERGED
S3,S3_c05,Baseline Micro-Stiffness (sqrt(c1)/a=0.5),0.3328282828282828,181040.62426693502,1,9.545175366314961e-06,3.0383236844560376e-06,3.179234858271502,3.179234858271502,False,0.04161748621541443,-3.972462042433907e-07,1.1084373118402094e+18,8.095215819245992e+16,CONVERGED
S3,S3_c05,Baseline Micro-Stiffness (sqrt(c1)/a=0.5),0.3328282828282828,181040.62426693502,2,7.516898916514181e-07,2.3927032385706886e-07,3.3828931638828283,3.3828931638828283,False,0.03394909222628869,2.5519189457247753e-08,1.1084373118402094e+18,8.095215819245992e+16,CONVERGED
S3,S3_c05,Baseline Micro-Stiffness (sqrt(c1)/a=0.5),0.3328282828282828,181040.62426693502,3,1.69458651633041,0.5394036411417191,1.9761702204714563e-07,1.9761702204714563e-07,True,-0.12347424691724061,-0.9923475777741659,1.1084373118402094e+18,8.095215819245992e+16,CONVERGED
S3,S3_c05,Baseline Micro-Stiffness (sqrt(c1)/a=0.5),0.3328282828282828,181040.62426693502,4,1.6945843632105708,0.5394029557823882,-2.8674327833780703e-07,2.8674327833780703e-07,True,-0.1234721700787004,0.9923483242807324,1.1084373118402094e+18,8.095215819245992e+16,CONVERGED
S3,S3_c05,Baseline Micro-Stiffness (sqrt(c1)/a=0.5),0.3505050505050505,190655.83192906357,0,5.646072875292599e-05,1.797200814319775e-05,-2.544816553038431,2.544816553038431,False,12.740890573694221,0.0007193599675164563,1.2891036914680484e+18,6.441004739987721e+16,CONVERGED
S3,S3_c05,Baseline Micro-Stiffness (sqrt(c1)/a=0.5),0.3505050505050505,190655.83192906357,1,1.718487508057197e-05,5.470115630979525e-06,3.177659526294568,3.177659526294568,False,0.0416830992355717,-7.16318853404899e-07,1.2891036914680484e+18,6.441004739987721e+16,CONVERGED
S3,S3_c05,Baseline Micro-Stiffness (sqrt(c1)/a=0.5),0.3505050505050505,190655.83192906357,2,3.1413665377026923e-06,9.999280250777126e-07,3.4042532286884244,3.4042532286884244,False,0.033231627243898276,-1.0439272181773457e-07,1.2891036914680484e+18,6.441004739987721e+16,CONVERGED
S3,S3_c05,Baseline Micro-Stiffness (sqrt(c1)/a=0.5),0.3505050505050505,190655.83192906357,3,1.7746461877221882,0.5648874260303478,6.204268368726305e-06,6.204268368726305e-06,True,-0.20243971322464496,0.9792883916649741,1.2891036914680484e+18,6.441004739987721e+16,CONVERGED
S3,S3_c05,Baseline Micro-Stiffness (sqrt(c1)/a=0.5),0.3505050505050505,190655.83192906357,4,1.774651832765004,0.564889222903284,1.0921435130026043e-06,1.0921435130026043e-06,True,-0.20244627627431483,-0.9792922551200042,1.2891036914680484e+18,6.441004739987721e+16,CONVERGED
S3,S3_c05,Baseline Micro-Stiffness (sqrt(c1)/a=0.5),0.36818181818181817,200271.03959119215,0,6.038689433861436e-05,1.9221745463916932e-05,-2.4868196263059295,2.4868196263059295,False,12.022977667176434,-0.000726030282905812,1.4812207040448358e+18,5.323889877838283e+16,CONVERGED
S3,S3_c05,Baseline Micro-Stiffness (sqrt(c1)/a=0.5),0.36818181818181817,200271.03959119215,1,1.9558596455034352e-09,6.225694611516677e-10,3.1754307309122587,3.1754307309122587,False,0.04177610594879544,-8.1708199771525e-11,1.4812207040448358e+18,5.323889877838283e+16,CONVERGED
S3,S3_c05,Baseline Micro-Stiffness (sqrt(c1)/a=0.5),0.36818181818181817,200271.03959119215,2,4.972176266256303e-05,1.582692861397789e-05,3.4258254704222786,3.4258254704222786,False,0.032522423566691015,1.6170722271269614e-06,1.4812207040448358e+18,5.323889877838283e+16,CONVERGED
S3,S3_c05,Baseline Micro-Stiffness (sqrt(c1)/a=0.5),0.36818181818181817,200271.03959119215,3,1.8537923247043029,0.5900804238850114,2.6627636578589572e-05,2.6627636578589572e-05,True,-0.27922628882181794,-0.9601975972557286,1.4812207040448358e+18,5.323889877838283e+16,CONVERGED
S3,S3_c05,Baseline Micro-Stiffness (sqrt(c1)/a=0.5),0.36818181818181817,200271.03959119215,4,1.8537994511259366,0.5900826922954705,-3.0404967074339546e-05,3.0404967074339546e-05,True,-0.2792490574343198,0.9602503713642365,1.4812207040448358e+18,5.323889877838283e+16,CONVERGED
S3,S3_c05,Baseline Micro-Stiffness (sqrt(c1)/a=0.5),0.38585858585858585,209886.2472533207,0,2.5675288093661602e-05,8.17269803082946e-06,-2.426826161409863,2.426826161409863,False,11.322887967942806,0.00029071841069306867,1.6896742116944788e+18,1.2712819967746715e+17,CONVERGED
S3,S3_c05,Baseline Micro-Stiffness (sqrt(c1)/a=0.5),0.38585858585858585,209886.2472533207,1,1.2996574858355988e-05,4.13693826394241e-06,3.172505482943986,3.172505482943986,False,0.0418984903293704,-5.445368660484263e-07,1.6896742116944788e+18,1.2712819967746715e+17,CONVERGED
S3,S3_c05,Baseline Micro-Stiffness (sqrt(c1)/a=0.5),0.38585858585858585,209886.2472533207,2,2.860395336313704e-07,9.104921139426608e-08,-3.4475663896441704,3.4475663896441704,False,31.423825832085125,8.988456485923285e-06,1.6896742116944788e+18,1.2712819967746715e+17,CONVERGED
S3,S3_c05,Baseline Micro-Stiffness (sqrt(c1)/a=0.5),0.38585858585858585,209886.2472533207,3,1.9320892198009663,0.6150030996517745,2.560366209721127e-07,2.560366209721127e-07,True,-0.3534838624650076,0.9354403491958794,1.6896742116944788e+18,1.2712819967746715e+17,CONVERGED
S3,S3_c05,Baseline Micro-Stiffness (sqrt(c1)/a=0.5),0.38585858585858585,209886.2472533207,4,1.9320816201178088,0.6150006805974937,-4.357905749578549e-06,4.357905749578549e-06,True,-0.35347838432966544,-0.935447351624436,1.6896742116944788e+18,1.2712819967746715e+17,CONVERGED
S3,S3_c05,Baseline Micro-Stiffness (sqrt(c1)/a=0.5),0.4035353535353535,219501.45491544926,0,1.5678265620308163e-05,4.99054694515953e-06,-2.364623208999291,2.364623208999291,False,10.64002899364464,-0.00016681720078380913,1.9140763683400274e+18,2.545744907660311e+17,CONVERGED
S3,S3_c05,Baseline Micro-Stiffness (sqrt(c1)/a=0.5),0.4035353535353535,219501.45491544926,1,6.072148967764036e-06,1.9328250468199922e-06,3.1687554199033885,3.1687554199033885,False,0.04205590728946558,-2.55369734039247e-07,1.9140763683400274e+18,2.545744907660311e+17,CONVERGED
S3,S3_c05,Baseline Micro-Stiffness (sqrt(c1)/a=0.5),0.4035353535353535,219501.45491544926,2,1.0845222288152488e-06,3.452141472179728e-07,3.4694181560383917,3.4694181560383917,False,0.031135141185674637,-3.376675271317854e-08,1.9140763683400274e+18,2.545744907660311e+17,CONVERGED
S3,S3_c05,Baseline Micro-Stiffness (sqrt(c1)/a=0.5),0.4035353535353535,219501.45491544926,3,2.00953969192279,0.6396563506177531,-1.123992858748146e-06,1.123992858748146e-06,True,-0.42480266404241795,0.9052872166393983,1.9140763683400274e+18,2.545744907660311e+17,CONVERGED
S3,S3_c05,Baseline Micro-Stiffness (sqrt(c1)/a=0.5),0.4035353535353535,219501.45491544926,4,2.0095356998042497,0.6396550798869549,-4.429810635155366e-06,4.429810635155366e-06,True,-0.42480045433572344,-0.9052919052199019,1.9140763683400274e+18,2.545744907660311e+17,CONVERGED
S3,S3_c05,Baseline Micro-Stiffness (sqrt(c1)/a=0.5),0.4212121212121212,229116.66257757787,0,6.509870816101031e-05,2.0721562385442998e-05,-2.300163085366081,2.300163085366081,False,9.975809209521834,0.0006494122933179497,2.1620626912267958e+18,6.234083814798897e+17,CONVERGED
S3,S3_c05,Baseline Micro-Stiffness (sqrt(c1)/a=0.5),0.4212121212121212,229116.66257757787,1,2.0192780648045117e-05,6.427561709813492e-06,3.1640696282269967,3.1640696282269967,False,0.042253434927228835,-8.532143432279457e-07,2.1620626912267958e+18,6.234083814798897e+17,CONVERGED
S3,S3_c05,Baseline Micro-Stiffness (sqrt(c1)/a=0.5),0.4212121212121212,229116.66257757787,2,3.7737185498672413e-06,1.2012119220979012e-06,3.4913626090402143,3.4913626090402143,False,0.03045933970952554,-1.1494497527909004e-07,2.1620626912267958e+18,6.234083814798897e+17,CONVERGED
S3,S3_c05,Baseline Micro-Stiffness (sqrt(c1)/a=0.5),0.4212121212121212,229116.66257757787,3,2.0862232323315357,0.664065479637431,7.301898289079684e-06,7.301898289079684e-06,True,-0.4929027377858432,0.8700760239158858,2.1620626912267958e+18,6.234083814798897e+17,CONVERGED
S3,S3_c05,Baseline Micro-Stiffness (sqrt(c1)/a=0.5),0.4212121212121212,229116.66257757787,4,2.0862244626330715,0.6640658712545728,-1.4680921551155802e-06,1.4680921551155802e-06,True,-0.4929081310219821,-0.8700830480827892,2.1620626912267958e+18,6.234083814798897e+17,CONVERGED
S3,S3_c05,Baseline Micro-Stiffness (sqrt(c1)/a=0.5),0.4388888888888889,238731.87023970645,0,2.7184680624332315e-05,8.653152595473919e-06,-2.233373073378317,2.233373073378317,False,9.331288171454643,-0.00025366808881709184,2.424069292530948e+18,7.29862738781191e+16,CONVERGED
S3,S3_c05,Baseline Micro-Stiffness (sqrt(c1)/a=0.5),0.4388888888888889,238731.87023970645,1,3.446125769780143e-06,1.0969359015537454e-06,3.158322902082925,3.158322902082925,False,0.042496952900161755,-1.4644984452696014e-07,2.424069292530948e+18,7.29862738781191e+16,CONVERGED
S3,S3_c05,Baseline Micro-Stiffness (sqrt(c1)/a=0.5),0.4388888888888889,238731.87023970645,2,3.828353521288156e-07,1.2186027736325472e-07,-3.513353920559857,3.513353920559857,False,33.560638953606215,-1.2848199031472508e-05,2.424069292530948e+18,7.29862738781191e+16,CONVERGED
S3,S3_c05,Baseline Micro-Stiffness (sqrt(c1)/a=0.5),0.4388888888888889,238731.87023970645,3,2.1621572211794486,0.6882360189850915,5.387004789342993e-06,5.387004789342993e-06,True,-0.5574883266678846,0.8301782890906644,2.424069292530948e+18,7.29862738781191e+16,CONVERGED
S3,S3_c05,Baseline Micro-Stiffness (sqrt(c1)/a=0.5),0.4388888888888889,238731.87023970645,4,2.162165508020089,0.6882386567683925,-1.192603838931754e-05,1.192603838931754e-05,True,-0.5575048582260573,-0.8301880422022383,2.424069292530948e+18,7.29862738781191e+16,CONVERGED
S3,S3_c05,Baseline Micro-Stiffness (sqrt(c1)/a=0.5),0.45656565656565656,248347.077901835,0,9.075070458830569e-05,2.8886846448602396e-05,-2.164128654790635,2.164128654790635,False,8.707011761652634,0.0007901674543978329,2.718356898650342e+18,1.6399519972501133e+17,CONVERGED
S3,S3_c05,Baseline Micro-Stiffness (sqrt(c1)/a=0.5),0.45656565656565656,248347.077901835,1,2.6394418731928243e-05,8.401604422447391e-06,3.151369714902047,3.151369714902047,False,0.04279347183487555,-1.1295088148649794e-06,2.718356898650342e+18,1.6399519972501133e+17,CONVERGED
S3,S3_c05,Baseline Micro-Stiffness (sqrt(c1)/a=0.5),0.45656565656565656,248347.077901835,2,4.0907449227975374e-07,1.3021245507826038e-07,-3.5353646874103926,3.5353646874103926,False,34.30752395517418,-1.4034332943339151e-05,2.718356898650342e+18,1.6399519972501133e+17,CONVERGED
S3,S3_c05,Baseline Micro-Stiffness (sqrt(c1)/a=0.5),0.45656565656565656,248347.077901835,3,2.2374181162369235,0.7121923059249264,5.805891871854437e-06,5.805891871854437e-06,True,-0.6183309440348942,-0.7859104477818,2.718356898650342e+18,1.6399519972501133e+17,CONVERGED
S3,S3_c05,Baseline Micro-Stiffness (sqrt(c1)/a=0.5),0.45656565656565656,248347.077901835,4,2.237412119624776,0.7121903971439962,9.837966182871444e-07,9.837966182871444e-07,True,-0.6183292128588121,0.7859179454205769,2.718356898650342e+18,1.6399519972501133e+17,CONVERGED
S3,S3_c05,Baseline Micro-Stiffness (sqrt(c1)/a=0.5),0.4742424242424242,257962.28556396352,0,1.353437236889133e-05,4.30812452831084e-06,-2.0921399786886825,2.0921399786886825,False,8.102235235396918,-0.00010965866870290952,3.0177011697999887e+18,1.5842023647576237e+17,CONVERGED
S3,S3_c05,Baseline Micro-Stiffness (sqrt(c1)/a=0.5),0.4742424242424242,257962.28556396352,1,5.547305162427162e-06,1.7657620748789444e-06,3.143014835508645,3.143014835508645,False,0.04315250389146667,-2.3938010761124675e-07,3.0177011697999887e+18,1.5842023647576237e+17,CONVERGED
S3,S3_c05,Baseline Micro-Stiffness (sqrt(c1)/a=0.5),0.4742424242424242,257962.28556396352,2,2.956558889769496e-06,9.411019236982029e-07,3.5573651437198692,3.5573651437198692,False,0.02851385573452697,8.430289365376628e-08,3.0177011697999887e+18,1.5842023647576237e+17,CONVERGED
S3,S3_c05,Baseline Micro-Stiffness (sqrt(c1)/a=0.5),0.4742424242424242,257962.28556396352,3,2.312015680527087,0.7359374481237164,-4.3264155183556084e-07,4.3264155183556084e-07,True,-0.6751881566390872,0.7376461336018711,3.0177011697999887e+18,1.5842023647576237e+17,CONVERGED
S3,S3_c05,Baseline Micro-Stiffness (sqrt(c1)/a=0.5),0.4742424242424242,257962.28556396352,4,2.3120023273645964,0.7359331976800838,-2.264862653124384e-06,2.264862653124384e-06,True,-0.6751795437472836,-0.7376565009818428,3.0177011697999887e+18,1.5842023647576237e+17,CONVERGED
S3,S3_c05,Baseline Micro-Stiffness (sqrt(c1)/a=0.5),0.49191919191919187,267577.4932260921,0,9.101427488038728e-05,2.8970743478276315e-05,-2.0173915274193592,2.0173915274193592,False,7.518687012211712,0.000684307848358545,3.335318823089541e+18,7.071695437935371e+16,CONVERGED
S3,S3_c05,Baseline Micro-Stiffness (sqrt(c1)/a=0.5),0.49191919191919187,267577.4932260921,1,2.8786248843426864e-05,9.162947593009481e-06,3.133100265373621,3.133100265373621,False,0.04358247034468841,-1.2545758369000062e-06,3.335318823089541e+18,7.071695437935371e+16,CONVERGED
S3,S3_c05,Baseline Micro-Stiffness (sqrt(c1)/a=0.5),0.49191919191919187,267577.4932260921,2,1.2320056999231971e-06,3.9215959412033426e-07,-3.5793512651061716,3.5793512651061716,False,35.85027597650547,4.416774434689675e-05,3.335318823089541e+18,7.071695437935371e+16,CONVERGED
S3,S3_c05,Baseline Micro-Stiffness (sqrt(c1)/a=0.5),0.49191919191919187,267577.4932260921,3,2.386020567968961,0.7594939354223835,-4.8247789089667866e-06,4.8247789089667866e-06,True,-0.727882892101103,-0.6857084985552601,3.335318823089541e+18,7.071695437935371e+16,CONVERGED
S3,S3_c05,Baseline Micro-Stiffness (sqrt(c1)/a=0.5),0.49191919191919187,267577.4932260921,4,2.38602781042093,0.7594962407664455,-8.11475963243423e-06,8.11475963243423e-06,True,-0.7278902530338405,0.6857054828345008,3.335318823089541e+18,7.071695437935371e+16,CONVERGED
S3,S3_c05,Baseline Micro-Stiffness (sqrt(c1)/a=0.5),0.5095959595959596,277192.70088822074,0,1.841838262298327e-05,5.862753276411313e-06,-1.939477765316443,1.939477765316443,False,6.95511781710811,0.00012810202115791098,3.6315091840898995e+18,1.253159478647568e+17,CONVERGED
S3,S3_c05,Baseline Micro-Stiffness (sqrt(c1)/a=0.5),0.5095959595959596,277192.70088822074,1,1.254896421701759e-05,3.9944593716433306e-06,3.1213631421286214,3.1213631421286214,False,0.04409701692649634,-5.533718875168692e-07,3.6315091840898995e+18,1.253159478647568e+17,CONVERGED
S3,S3_c05,Baseline Micro-Stiffness (sqrt(c1)/a=0.5),0.5095959595959596,277192.70088822074,2,6.603851859222131e-08,2.102071333683611e-08,3.601267021949911,3.601267021949911,False,0.027289124613934092,1.8021333631827333e-09,3.6315091840898995e+18,1.253159478647568e+17,CONVERGED
S3,S3_c05,Baseline Micro-Stiffness (sqrt(c1)/a=0.5),0.5095959595959596,277192.70088822074,3,2.4594598031986914,0.7828703700297837,1.7467618943402936e-05,1.7467618943402936e-05,True,-0.7762162709438498,-0.6304390264683536,3.6315091840898995e+18,1.253159478647568e+17,CONVERGED
S3,S3_c05,Baseline Micro-Stiffness (sqrt(c1)/a=0.5),0.5095959595959596,277192.70088822074,4,2.459474091291307,0.782874918070918,2.231354178468789e-06,2.231354178468789e-06,True,-0.776237105499777,0.6304375411941527,3.6315091840898995e+18,1.253159478647568e+17,CONVERGED
S3,S3_c05,Baseline Micro-Stiffness (sqrt(c1)/a=0.5),0.5272727272727272,286807.90855034924,0,3.661176244249762e-05,1.16538859360594e-05,-1.8582993309282199,1.8582993309282199,False,6.412821401022395,0.00023478469382530014,4.041134879777252e+18,9.400941185848347e+16,CONVERGED
S3,S3_c05,Baseline Micro-Stiffness (sqrt(c1)/a=0.5),0.5272727272727272,286807.90855034924,1,1.7496798221035747e-05,5.56940385031864e-06,3.1075800971160916,3.1075800971160916,False,0.0447090160093216,-7.82264631855984e-07,4.041134879777252e+18,9.400941185848347e+16,CONVERGED
S3,S3_c05,Baseline Micro-Stiffness (sqrt(c1)/a=0.5),0.5272727272727272,286807.90855034924,2,5.763613147864888e-06,1.8346150451042721e-06,3.6231561082281747,3.6231561082281747,False,0.02669828071769858,1.5387856177161906e-07,4.041134879777252e+18,9.400941185848347e+16,CONVERGED
S3,S3_c05,Baseline Micro-Stiffness (sqrt(c1)/a=0.5),0.5272727272727272,286807.90855034924,3,2.5324201192510225,0.8060943599283346,8.273075213442074e-06,8.273075213442074e-06,True,-0.8201149804358258,-0.57218429972449,4.041134879777252e+18,9.400941185848347e+16,CONVERGED
S3,S3_c05,Baseline Micro-Stiffness (sqrt(c1)/a=0.5),0.5272727272727272,286807.90855034924,4,2.5324144769855392,0.8060925639394508,-3.823108031132213e-06,3.823108031132213e-06,True,-0.8201216722890791,0.5721958483658013,4.041134879777252e+18,9.400941185848347e+16,CONVERGED
S3,S3_c05,Baseline Micro-Stiffness (sqrt(c1)/a=0.5),0.544949494949495,296423.11621247785,0,2.8877577104788245e-05,9.192018281488786e-06,-1.7731456182649177,1.7731456182649177,False,5.889349898766186,0.00017007015584597204,4.426367991816099e+18,1.1106186369933374e+17,CONVERGED
S3,S3_c05,Baseline Micro-Stiffness (sqrt(c1)/a=0.5),0.544949494949495,296423.11621247785,1,1.6040427490510695e-05,5.105826648843806e-06,3.091339636470341,3.091339636470341,False,0.04544103913244965,-7.288936933600313e-07,4.426367991816099e+18,1.1106186369933374e+17,CONVERGED
S3,S3_c05,Baseline Micro-Stiffness (sqrt(c1)/a=0.5),0.544949494949495,296423.11621247785,2,1.8405929299853897e-06,5.858789260543393e-07,-3.64496531290912,3.64496531290912,False,38.28144495650264,-7.046055693664318e-05,4.426367991816099e+18,1.1106186369933374e+17,CONVERGED
S3,S3_c05,Baseline Micro-Stiffness (sqrt(c1)/a=0.5),0.544949494949495,296423.11621247785,3,2.6049277136821867,0.8291742440591789,-1.912690597251551e-05,1.912690597251551e-05,True,-0.8594350208067225,0.5112824068502454,4.426367991816099e+18,1.1106186369933374e+17,CONVERGED
S3,S3_c05,Baseline Micro-Stiffness (sqrt(c1)/a=0.5),0.544949494949495,296423.11621247785,4,2.6049310972693442,0.829175321088422,-2.030024153840764e-05,2.030024153840764e-05,True,-0.8594377591786864,-0.5112800987767917,4.426367991816099e+18,1.1106186369933374e+17,CONVERGED
S3,S3_c05,Baseline Micro-Stiffness (sqrt(c1)/a=0.5),0.5626262626262627,306038.32387460646,0,1.801155023970904e-06,5.733254506795412e-07,-1.6840390565005536,1.6840390565005536,False,5.387271580601992,9.703311272907443e-06,4.817721194180567e+18,4.8852841991102216e+16,CONVERGED
S3,S3_c05,Baseline Micro-Stiffness (sqrt(c1)/a=0.5),0.5626262626262627,306038.32387460646,1,8.841212555218849e-06,2.8142453621784128e-06,3.0723743794510594,3.0723743794510594,False,0.04631106416968587,-4.0944596199324086e-07,4.817721194180567e+18,4.8852841991102216e+16,CONVERGED
S3,S3_c05,Baseline Micro-Stiffness (sqrt(c1)/a=0.5),0.5626262626262627,306038.32387460646,2,1.5751597840245224e-05,5.0138893157413e-06,3.6666554973038266,3.6666554973038266,False,0.025561818710969894,-4.026394884337533e-07,4.817721194180567e+18,4.8852841991102216e+16,CONVERGED
S3,S3_c05,Baseline Micro-Stiffness (sqrt(c1)/a=0.5),0.5626262626262627,306038.32387460646,3,2.677014355746077,0.8521201348899075,3.91070300560241e-06,3.91070300560241e-06,True,-0.8940070907850051,0.4480440829323691,4.817721194180567e+18,4.8852841991102216e+16,CONVERGED
S3,S3_c05,Baseline Micro-Stiffness (sqrt(c1)/a=0.5),0.5626262626262627,306038.32387460646,4,2.677044565152191,0.8521297508425293,-1.3299657839720691e-05,1.3299657839720691e-05,True,-0.8940360120726943,-0.4480247859065361,4.817721194180567e+18,4.8852841991102216e+16,CONVERGED
S3,S3_c05,Baseline Micro-Stiffness (sqrt(c1)/a=0.5),0.5803030303030303,315653.531536735,0,1.942699626681052e-05,6.183804970581383e-06,-1.590211747522865,1.590211747522865,False,4.904787394031882,9.528528640534381e-05,5.260632615584649e+18,1.8101424497233446e+17,CONVERGED
S3,S3_c05,Baseline Micro-Stiffness (sqrt(c1)/a=0.5),0.5803030303030303,315653.531536735,1,1.417433416319363e-05,4.51183069421718e-06,3.050151156504928,3.050151156504928,False,0.04735176631790398,-6.711797590523771e-07,5.260632615584649e+18,1.8101424497233446e+17,CONVERGED
S3,S3_c05,Baseline Micro-Stiffness (sqrt(c1)/a=0.5),0.5803030303030303,315653.531536735,2,1.769785824502198e-05,5.633403243669808e-06,3.688283395322532,3.688283395322532,False,0.025014905907826148,-4.427102588154911e-07,5.260632615584649e+18,1.8101424497233446e+17,CONVERGED
S3,S3_c05,Baseline Micro-Stiffness (sqrt(c1)/a=0.5),0.5803030303030303,315653.531536735,3,2.748848921428365,0.8749857873162986,1.3767683334541685e-05,1.3767683334541685e-05,True,-0.9238497252399919,0.38271941443623836,5.260632615584649e+18,1.8101424497233446e+17,CONVERGED
S3,S3_c05,Baseline Micro-Stiffness (sqrt(c1)/a=0.5),0.5803030303030303,315653.531536735,4,2.748842114034654,0.8749836204555813,-1.096299896741327e-05,1.096299896741327e-05,True,-0.9238699675489866,-0.38273516862100043,5.260632615584649e+18,1.8101424497233446e+17,CONVERGED
S3,S3_c05,Baseline Micro-Stiffness (sqrt(c1)/a=0.5),0.5979797979797981,325268.7391988636,0,5.6544431243619285e-05,1.7998651473483632e-05,-1.4905494987569672,1.4905494987569672,False,4.439534360389438,-0.00025103094566226406,5.648754457631581e+18,5.869579135351704e+16,CONVERGED
S3,S3_c05,Baseline Micro-Stiffness (sqrt(c1)/a=0.5),0.5979797979797981,325268.7391988636,1,1.0483194562021084e-05,3.3369044678794645e-06,3.0239267843452353,3.0239267843452353,False,0.048609962255544925,5.095876919960461e-07,5.648754457631581e+18,5.869579135351704e+16,CONVERGED
S3,S3_c05,Baseline Micro-Stiffness (sqrt(c1)/a=0.5),0.5979797979797981,325268.7391988636,2,1.036960514327717e-05,3.3007478329274065e-06,-3.70978963888825,3.70978963888825,False,40.84521337649781,-0.0004235487347223664,5.648754457631581e+18,5.869579135351704e+16,CONVERGED
S3,S3_c05,Baseline Micro-Stiffness (sqrt(c1)/a=0.5),0.5979797979797981,325268.7391988636,3,2.820503847401544,0.8977942586473292,3.9609823361426435e-05,3.9609823361426435e-05,True,-0.9488547687594314,-0.31558740674107455,5.648754457631581e+18,5.869579135351704e+16,CONVERGED
S3,S3_c05,Baseline Micro-Stiffness (sqrt(c1)/a=0.5),0.5979797979797981,325268.7391988636,4,2.820494074192511,0.8977911477382742,1.4449956867920695e-05,1.4449956867920695e-05,True,-0.9488755576944469,0.3156046205522268,5.648754457631581e+18,5.869579135351704e+16,CONVERGED
S3,S3_c05,Baseline Micro-Stiffness (sqrt(c1)/a=0.5),0.6156565656565657,334883.9468609921,0,0.00011017689666256791,3.507039543674526e-05,-1.3844129702677201,1.3844129702677201,False,3.992481487184599,-0.0004398792220206434,6.133234631107359e+18,6.6427751317504664e+16,CONVERGED
S3,S3_c05,Baseline Micro-Stiffness (sqrt(c1)/a=0.5),0.6156565656565657,334883.9468609921,1,3.094437563336257e-05,9.849900685884106e-06,2.9929920134059333,2.9929920134059333,False,0.0501372008806302,1.5514643777507816e-06,6.133234631107359e+18,6.6427751317504664e+16,CONVERGED
S3,S3_c05,Baseline Micro-Stiffness (sqrt(c1)/a=0.5),0.6156565656565657,334883.9468609921,2,2.666286583394387e-06,8.487053788936355e-07,3.7311987773113757,3.7311987773113757,False,0.023964091002157423,-6.38951343224459e-08,6.133234631107359e+18,6.6427751317504664e+16,CONVERGED
S3,S3_c05,Baseline Micro-Stiffness (sqrt(c1)/a=0.5),0.6156565656565657,334883.9468609921,3,2.8921552303376283,0.9206016021946254,-1.125800186881238e-05,1.125800186881238e-05,True,-0.9690623617357705,0.24686161168621448,6.133234631107359e+18,6.6427751317504664e+16,CONVERGED
S3,S3_c05,Baseline Micro-Stiffness (sqrt(c1)/a=0.5),0.6156565656565657,334883.9468609921,4,2.892148896710198,0.9205995861383989,-1.6192136534582238e-05,1.6192136534582238e-05,True,-0.9690655796751321,-0.24686896744294462,6.133234631107359e+18,6.6427751317504664e+16,CONVERGED
S3,S3_c05,Baseline Micro-Stiffness (sqrt(c1)/a=0.5),0.6333333333333333,344499.15452312067,0,3.786355225556668e-05,1.2052343008983442e-05,-1.2714605079947388,1.2714605079947388,False,3.566057013082377,0.0001350235861257001,6.670781524037308e+18,1.9853017727989795e+17,CONVERGED
S3,S3_c05,Baseline Micro-Stiffness (sqrt(c1)/a=0.5),0.6333333333333333,344499.15452312067,1,2.2577568212060283e-05,7.18666316788768e-06,2.956633961755103,2.956633961755103,False,0.05199363550583825,-1.1738898524255247e-06,6.670781524037308e+18,1.9853017727989795e+17,CONVERGED
S3,S3_c05,Baseline Micro-Stiffness (sqrt(c1)/a=0.5),0.6333333333333333,344499.15452312067,2,4.007797562476698e-06,1.2757215859596313e-06,3.7524933357732113,3.7524933357732113,False,0.02345918125971387,9.401964947088367e-08,6.670781524037308e+18,1.9853017727989795e+17,CONVERGED
S3,S3_c05,Baseline Micro-Stiffness (sqrt(c1)/a=0.5),0.6333333333333333,344499.15452312067,3,2.9644261618474634,0.9436061541779176,5.495592572949506e-06,5.495592572949506e-06,True,-0.9843416148044,0.17624016068854237,6.670781524037308e+18,1.9853017727989795e+17,CONVERGED
S3,S3_c05,Baseline Micro-Stiffness (sqrt(c1)/a=0.5),0.6333333333333333,344499.15452312067,4,2.964425230522187,0.9436058577278748,9.570538298742331e-07,9.570538298742331e-07,True,-0.9843459181490049,-0.1762418773094658,6.670781524037308e+18,1.9853017727989795e+17,CONVERGED
S3,S3_c05,Baseline Micro-Stiffness (sqrt(c1)/a=0.5),0.651010101010101,354114.3621852493,0,0.00016287242038746604,5.1843901596012825e-05,-1.1490793867616085,1.1490793867616085,False,3.155286731555916,0.0005139091915291981,6.964830768499867e+18,9.92596519658476e+16,CONVERGED
S3,S3_c05,Baseline Micro-Stiffness (sqrt(c1)/a=0.5),0.651010101010101,354114.3621852493,1,7.554810146339478e-05,2.404770757821466e-05,2.9131135435916535,2.9131135435916535,False,0.05430638092879828,-4.102743984324111e-06,6.964830768499867e+18,9.92596519658476e+16,CONVERGED
S3,S3_c05,Baseline Micro-Stiffness (sqrt(c1)/a=0.5),0.651010101010101,354114.3621852493,2,4.027893927331927e-05,1.2821184575694072e-05,3.7735401121982504,3.7735401121982504,False,0.0229706006566239,-9.252314294201847e-07,6.964830768499867e+18,9.92596519658476e+16,CONVERGED
S3,S3_c05,Baseline Micro-Stiffness (sqrt(c1)/a=0.5),0.651010101010101,354114.3621852493,3,3.03917503752076,0.9673994602858509,1.898536400314094e-05,1.898536400314094e-05,True,-0.9947410131090177,0.10223671958605514,6.964830768499867e+18,9.92596519658476e+16,CONVERGED
S3,S3_c05,Baseline Micro-Stiffness (sqrt(c1)/a=0.5),0.651010101010101,354114.3621852493,4,3.03916975666322,0.9673977793366884,1.854829635512669e-06,1.854829635512669e-06,True,-0.9947575137794156,-0.10224372414483734,6.964830768499867e+18,9.92596519658476e+16,CONVERGED
S3,S3_c05,Baseline Micro-Stiffness (sqrt(c1)/a=0.5),0.6686868686868687,363729.5698473778,0,2.2066581801756436e-06,7.024011141782398e-07,-1.0157746070783737,1.0157746070783737,False,2.761501647834028,-6.093690200771368e-06,7.808120953664304e+18,1.3498069648735522e+17,CONVERGED
S3,S3_c05,Baseline Micro-Stiffness (sqrt(c1)/a=0.5),0.6686868686868687,363729.5698473778,1,7.34440928950055e-06,2.3377980850280953e-06,2.8607898982422086,2.8607898982422086,False,0.05722354163226683,-4.202731107496986e-07,7.808120953664304e+18,1.3498069648735522e+17,CONVERGED
S3,S3_c05,Baseline Micro-Stiffness (sqrt(c1)/a=0.5),0.6686868686868687,363729.5698473778,2,5.554432441952523e-06,1.7680307584134622e-06,-3.7947030284670094,3.7947030284670094,False,44.46502959591296,0.0002469780029224579,7.808120953664304e+18,1.3498069648735522e+17,CONVERGED
S3,S3_c05,Baseline Micro-Stiffness (sqrt(c1)/a=0.5),0.6686868686868687,363729.5698473778,3,3.1414806000879962,0.9999643322625965,0.02486060620513063,0.02486060620513063,False,-0.9754458675301844,-0.00010930212572766544,7.808120953664304e+18,1.3498069648735522e+17,CONVERGED
S3,S3_c05,Baseline Micro-Stiffness (sqrt(c1)/a=0.5),0.6686868686868687,363729.5698473778,4,3.1415173787193402,0.9999760392645537,-0.024922920669274803,0.024922920669274803,False,-1.0252360900622404,7.717451400888154e-05,7.808120953664304e+18,1.3498069648735522e+17,CONVERGED
S3,S3_c05,Baseline Micro-Stiffness (sqrt(c1)/a=0.5),0.6863636363636364,373344.7775095064,0,0.0005559403439189534,0.0001769613075978195,-0.8688958912068033,0.8688958912068033,False,2.3842765301624667,0.0013255156507353066,8.321707695303281e+18,2.7622898220159478e+17,CONVERGED
S3,S3_c05,Baseline Micro-Stiffness (sqrt(c1)/a=0.5),0.6863636363636364,373344.7775095064,1,0.00027809056093377706,8.851897479961708e-05,2.797149222471094,2.797149222471094,False,0.06098366356182879,-1.6958981644876377e-05,8.321707695303281e+18,2.7622898220159478e+17,CONVERGED
S3,S3_c05,Baseline Micro-Stiffness (sqrt(c1)/a=0.5),0.6863636363636364,373344.7775095064,2,2.7140597695194993e-06,8.63912056331757e-07,-3.815613024949944,3.815613024949944,False,45.404581994616045,-0.0001232307493437394,8.321707695303281e+18,2.7622898220159478e+17,CONVERGED
S3,S3_c05,Baseline Micro-Stiffness (sqrt(c1)/a=0.5),0.6863636363636364,373344.7775095064,3,3.14158240624283,0.9999967381681545,0.04523884720703522,0.04523884720703522,False,-0.9557691717211453,9.794098319445013e-06,8.321707695303281e+18,2.7622898220159478e+17,CONVERGED
S3,S3_c05,Baseline Micro-Stiffness (sqrt(c1)/a=0.5),0.6863636363636364,373344.7775095064,4,3.1415902580967026,0.9999992374908669,-0.04523408428035518,0.04523408428035518,False,-1.0462727472455533,-2.5063391369397917e-06,8.321707695303281e+18,2.7622898220159478e+17,CONVERGED
S3,S3_c05,Baseline Micro-Stiffness (sqrt(c1)/a=0.5),0.704040404040404,382959.98517163494,0,3.68074949002501e-05,1.1716189512409066e-05,-0.7034282477779811,0.7034282477779811,False,2.02066819658083,-7.437573437433435e-05,9.104184570820995e+18,4.689295800338761e+16,CONVERGED
S3,S3_c05,Baseline Micro-Stiffness (sqrt(c1)/a=0.5),0.704040404040404,382959.98517163494,1,1.1066677508769002e-05,3.522632858248977e-06,2.717881307858879,2.717881307858879,False,0.0660144707024905,7.305608582063662e-07,9.104184570820995e+18,4.689295800338761e+16,CONVERGED
S3,S3_c05,Baseline Micro-Stiffness (sqrt(c1)/a=0.5),0.704040404040404,382959.98517163494,2,3.1121491484125895e-05,9.906278412181924e-06,3.8364032451075687,3.8364032451075687,False,0.021571047744823532,6.713231789109346e-07,9.104184570820995e+18,4.689295800338761e+16,CONVERGED
S3,S3_c05,Baseline Micro-Stiffness (sqrt(c1)/a=0.5),0.704040404040404,382959.98517163494,3,3.0633154145696446,0.9750835809567151,1.0545898702505523e-06,1.0545898702505523e-06,True,-0.996936849584734,-0.07819724267868508,9.104184570820995e+18,4.689295800338761e+16,CONVERGED
S3,S3_c05,Baseline Micro-Stiffness (sqrt(c1)/a=0.5),0.704040404040404,382959.98517163494,4,3.0633112214918463,0.9750822462585984,-4.465838291579119e-08,4.465838291579119e-08,True,-0.9969376175701802,0.07820150887459265,9.104184570820995e+18,4.689295800338761e+16,CONVERGED
S3,S3_c05,Baseline Micro-Stiffness (sqrt(c1)/a=0.5),0.7217171717171718,392575.19283376355,0,4.575736464729969e-05,1.4565021532952171e-05,-0.5134630271848566,0.5134630271848566,False,1.6710681389620523,-7.646367423833602e-05,9.64488057326958e+18,9.035990216061664e+16,CONVERGED
S3,S3_c05,Baseline Micro-Stiffness (sqrt(c1)/a=0.5),0.7217171717171718,392575.19283376355,1,1.788925319752814e-05,5.694326149218196e-06,2.617059428637503,2.617059428637503,False,0.07301725989976256,1.3062242502759123e-06,9.64488057326958e+18,9.035990216061664e+16,CONVERGED
S3,S3_c05,Baseline Micro-Stiffness (sqrt(c1)/a=0.5),0.7217171717171718,392575.19283376355,2,2.847940071171763e-05,9.065274799129405e-06,3.8570622723441637,3.8570622723441637,False,0.02112998255939965,-6.01769240503441e-07,9.64488057326958e+18,9.035990216061664e+16,CONVERGED
S3,S3_c05,Baseline Micro-Stiffness (sqrt(c1)/a=0.5),0.7217171717171718,392575.19283376355,3,2.987259501653075,0.9508742319726375,6.373443752495205e-06,6.373443752495205e-06,True,-0.9881079614886412,0.15372023170844545,9.64488057326958e+18,9.035990216061664e+16,CONVERGED
S3,S3_c05,Baseline Micro-Stiffness (sqrt(c1)/a=0.5),0.7217171717171718,392575.19283376355,4,2.9872183323048658,0.9508611273620948,-7.343618771709599e-06,7.343618771709599e-06,True,-0.988115186034345,-0.15376302050139748,9.64488057326958e+18,9.035990216061664e+16,CONVERGED
S3,S3_c05,Baseline Micro-Stiffness (sqrt(c1)/a=0.5),0.7393939393939394,402190.40049589204,0,0.0003939235788177083,0.00012538976953857623,-0.2883063279764375,0.2883063279764375,False,1.3341658303684614,-0.0005255594058197421,1.0432835487411274e+19,1.35281262734832e+17,CONVERGED
S3,S3_c05,Baseline Micro-Stiffness (sqrt(c1)/a=0.5),0.7393939393939394,402190.40049589204,1,0.0002427616173850949,7.72734227996425e-05,2.484186594784159,2.484186594784159,False,0.08339335706815436,2.0244706638733023e-05,1.0432835487411274e+19,1.35281262734832e+17,CONVERGED
S3,S3_c05,Baseline Micro-Stiffness (sqrt(c1)/a=0.5),0.7393939393939394,402190.40049589204,2,1.0179449029603974e-05,3.2402192620269396e-06,3.8776005799236217,3.8776005799236217,False,0.020700434678386226,-2.1071901970655744e-07,1.0432835487411274e+19,1.35281262734832e+17,CONVERGED
S3,S3_c05,Baseline Micro-Stiffness (sqrt(c1)/a=0.5),0.7393939393939394,402190.40049589204,3,2.9157805645746375,0.9281217796466618,7.4500400716711305e-06,7.4500400716711305e-06,True,-0.9746053425542889,-0.22389624002090686,1.0432835487411274e+19,1.35281262734832e+17,CONVERGED
S3,S3_c05,Baseline Micro-Stiffness (sqrt(c1)/a=0.5),0.7393939393939394,402190.40049589204,4,2.915777135095665,0.9281206880096005,-3.4987518952913166e-06,3.4987518952913166e-06,True,-0.974615245502265,0.22390203385148816,1.0432835487411274e+19,1.35281262734832e+17,CONVERGED
S3,S3_c05,Baseline Micro-Stiffness (sqrt(c1)/a=0.5),0.7570707070707071,411805.6081580207,0,0.0002132368594485332,6.787540046125157e-05,-0.004092311496228125,0.004092311496228125,False,1.004100673608739,0.00021411127745569447,1.0702692091405988e+19,4.7677752323310776e+16,CONVERGED
S3,S3_c05,Baseline Micro-Stiffness (sqrt(c1)/a=0.5),0.7570707070707071,411805.6081580207,1,0.0001607271056903747,5.116102671895326e-05,2.296376719613224,2.296376719613224,False,0.1006227672278263,-1.6172806282349934e-05,1.0702692091405988e+19,4.7677752323310776e+16,CONVERGED
S3,S3_c05,Baseline Micro-Stiffness (sqrt(c1)/a=0.5),0.7570707070707071,411805.6081580207,2,0.00011264083181631218,3.585469035509784e-05,3.897875040957579,3.897875040957579,False,0.020284970282946464,-2.2849159357039016e-06,1.0702692091405988e+19,4.7677752323310776e+16,CONVERGED
S3,S3_c05,Baseline Micro-Stiffness (sqrt(c1)/a=0.5),0.7570707070707071,411805.6081580207,3,2.8456374517405005,0.9057945333838509,-7.765776667432953e-07,7.765776667432953e-07,True,-0.9565247334380395,-0.29165388301517126,1.0702692091405988e+19,4.7677752323310776e+16,CONVERGED
S3,S3_c05,Baseline Micro-Stiffness (sqrt(c1)/a=0.5),0.7570707070707071,411805.6081580207,4,2.8456628768234347,0.9058026264391058,-3.5115695010006956e-06,3.5115695010006956e-06,True,-0.9565347645642297,0.29163036080579463,1.0702692091405988e+19,4.7677752323310776e+16,CONVERGED
S3,S3_c05,Baseline Micro-Stiffness (sqrt(c1)/a=0.5),0.7747474747474747,421420.81582014915,0,0.00018423732191946883,5.864456097099253e-05,0.4000967237890492,0.4000967237890492,False,0.6702552019010294,-0.00012348602479801666,1.2031137146695666e+19,1.0953319403141288e+17,CONVERGED
S3,S3_c05,Baseline Micro-Stiffness (sqrt(c1)/a=0.5),0.7747474747474747,421420.81582014915,1,0.00013946559535480554,4.439327778394276e-05,1.992861184430913,1.992861184430913,False,0.13630487228370303,1.900984028605864e-05,1.2031137146695666e+19,1.0953319403141288e+17,CONVERGED
S3,S3_c05,Baseline Micro-Stiffness (sqrt(c1)/a=0.5),0.7747474747474747,421420.81582014915,2,8.650072592787702e-05,2.7534036224917805e-05,3.918415804127439,3.918415804127439,False,0.01987255176094234,1.7189901576481997e-06,1.2031137146695666e+19,1.0953319403141288e+17,CONVERGED
S3,S3_c05,Baseline Micro-Stiffness (sqrt(c1)/a=0.5),0.7747474747474747,421420.81582014915,3,2.7760275544916433,0.8836370149133018,5.052354272038481e-07,5.052354272038481e-07,True,-0.933921428450572,0.3574769293402012,1.2031137146695666e+19,1.0953319403141288e+17,CONVERGED
S3,S3_c05,Baseline Micro-Stiffness (sqrt(c1)/a=0.5),0.7747474747474747,421420.81582014915,4,2.7760378061122073,0.8836402781054767,-1.6767178959224285e-05,1.6767178959224285e-05,True,-0.9339412243998633,-0.3574735294909059,1.2031137146695666e+19,1.0953319403141288e+17,CONVERGED
S3,S3_c05,Baseline Micro-Stiffness (sqrt(c1)/a=0.5),0.7924242424242425,431036.0234822779,0,0.42697705962903204,0.1359110192536068,1.249031389180371,1.249031389180371,False,0.2610356228831228,-0.1187626758306146,1.1835606200735035e+19,1.52083058519622e+17,CONVERGED
S3,S3_c05,Baseline Micro-Stiffness (sqrt(c1)/a=0.5),0.7924242424242425,431036.0234822779,1,0.42692874252195356,0.13589563944075192,1.2497967532321597,1.2497967532321597,False,0.2608416456109041,0.11865921094828469,1.1835606200735035e+19,1.52083058519622e+17,CONVERGED
S3,S3_c05,Baseline Micro-Stiffness (sqrt(c1)/a=0.5),0.7924242424242425,431036.0234822779,2,5.099076135342213e-05,1.6230863442832633e-05,3.9385554151268316,3.9385554151268316,False,0.019476329619186664,-9.931128765132511e-07,1.1835606200735035e+19,1.52083058519622e+17,CONVERGED
S3,S3_c05,Baseline Micro-Stiffness (sqrt(c1)/a=0.5),0.7924242424242425,431036.0234822779,3,2.7067474166342915,0.8615844621171308,-5.252450866321491e-06,5.252450866321491e-06,True,-0.9069400138406318,-0.421272259057802,1.1835606200735035e+19,1.52083058519622e+17,CONVERGED
S3,S3_c05,Baseline Micro-Stiffness (sqrt(c1)/a=0.5),0.7924242424242425,431036.0234822779,4,2.706762379432622,0.8615892249237644,-1.5509939992710334e-05,1.5509939992710334e-05,True,-0.90695562019066,0.42126300972869923,1.1835606200735035e+19,1.52083058519622e+17,CONVERGED
S3,S3_c05,Baseline Micro-Stiffness (sqrt(c1)/a=0.5),0.8101010101010101,440651.2311444063,0,1.0892234365999343,0.34671058813284245,1.30497649719395,1.30497649719395,False,0.12560295176936354,0.24033705267261576,1.2763616019521354e+19,7.720033359753354e+16,CONVERGED
S3,S3_c05,Baseline Micro-Stiffness (sqrt(c1)/a=0.5),0.8101010101010101,440651.2311444063,1,1.0891872236970683,0.34669906120785277,1.3054201396421266,1.3054201396421266,False,0.12555594068673853,-0.24022590601451677,1.2763616019521354e+19,7.720033359753354e+16,CONVERGED
S3,S3_c05,Baseline Micro-Stiffness (sqrt(c1)/a=0.5),0.8101010101010101,440651.2311444063,2,1.284031002419834e-05,4.08719762236716e-06,3.9584757472901404,3.9584757472901404,False,0.019092193450019213,2.451496829536885e-07,1.2763616019521354e+19,7.720033359753354e+16,CONVERGED
S3,S3_c05,Baseline Micro-Stiffness (sqrt(c1)/a=0.5),0.8101010101010101,440651.2311444063,3,2.637603768100652,0.839575355222056,9.412177333707612e-07,9.412177333707612e-07,True,-0.8756623875084741,0.48292183701843916,1.2763616019521354e+19,7.720033359753354e+16,CONVERGED
S3,S3_c05,Baseline Micro-Stiffness (sqrt(c1)/a=0.5),0.8101010101010101,440651.2311444063,4,2.6376298759538153,0.8395836656098249,-2.554152298503431e-07,2.554152298503431e-07,True,-0.8756760431246398,-0.4828995530420009,1.2763616019521354e+19,7.720033359753354e+16,CONVERGED
S3,S3_c05,Baseline Micro-Stiffness (sqrt(c1)/a=0.5),0.8277777777777778,450266.438806535,0,1.5846489494607918,0.5044094267441281,1.3641716713755363,1.3641716713755363,False,-0.0035405104892760808,-0.25556777967820243,1.3782835844952052e+19,1.7854081068645832e+18,CONVERGED
S3,S3_c05,Baseline Micro-Stiffness (sqrt(c1)/a=0.5),0.8277777777777778,450266.438806535,1,1.58454044732112,0.5043748894403984,1.3649881512258992,1.3649881512258992,False,-0.0035099138733675783,0.2553595812345848,1.3782835844952052e+19,1.7854081068645832e+18,CONVERGED
S3,S3_c05,Baseline Micro-Stiffness (sqrt(c1)/a=0.5),0.8277777777777778,450266.438806535,2,3.003604540535694e-06,9.560770194390337e-07,3.9783757659896737,3.9783757659896737,False,0.01871601384954534,5.6215504179392366e-08,1.3782835844952052e+19,1.7854081068645832e+18,CONVERGED
S3,S3_c05,Baseline Micro-Stiffness (sqrt(c1)/a=0.5),0.8277777777777778,450266.438806535,3,2.5685239699073334,0.8175865725215415,2.4532540499127876e-06,2.4532540499127876e-06,True,-0.840238992364858,0.5422117014724278,1.3782835844952052e+19,1.7854081068645832e+18,CONVERGED
S3,S3_c05,Baseline Micro-Stiffness (sqrt(c1)/a=0.5),0.8277777777777778,450266.438806535,4,2.5685302001618107,0.817588555673135,-1.0678271078871513e-06,1.0678271078871513e-06,True,-0.8402453290322186,-0.5422083757154946,1.3782835844952052e+19,1.7854081068645832e+18,CONVERGED
S3,S3_c05,Baseline Micro-Stiffness (sqrt(c1)/a=0.5),0.8454545454545455,459881.6464686634,0,2.1254357122713228,0.6765471996640489,1.42801708026503,1.42801708026503,False,-0.1262790332056035,-0.20383801338831004,1.4211443559386302e+19,1.1249579576652658e+17,CONVERGED
S3,S3_c05,Baseline Micro-Stiffness (sqrt(c1)/a=0.5),0.8454545454545455,459881.6464686634,1,2.1254064776351216,0.676537893990327,1.4282351427880637,1.4282351427880637,False,-0.12624554159836746,0.2037972596324149,1.4211443559386302e+19,1.1249579576652658e+17,CONVERGED
S3,S3_c05,Baseline Micro-Stiffness (sqrt(c1)/a=0.5),0.8454545454545455,459881.6464686634,2,3.029333156135108e-05,9.642666921421497e-06,3.9981167429086857,3.9981167429086857,False,0.0183501644371792,-5.558876156708263e-07,1.4211443559386302e+19,1.1249579576652658e+17,CONVERGED
S3,S3_c05,Baseline Micro-Stiffness (sqrt(c1)/a=0.5),0.8454545454545455,459881.6464686634,3,2.4994133413954214,0.7955879762258246,9.763269912033736e-06,9.763269912033736e-06,True,-0.8007845605560404,0.5989361912807464,1.4211443559386302e+19,1.1249579576652658e+17,CONVERGED
S3,S3_c05,Baseline Micro-Stiffness (sqrt(c1)/a=0.5),0.8454545454545455,459881.6464686634,4,2.4994051565211817,0.7955853708994369,8.307635358531392e-06,8.307635358531392e-06,True,-0.8007808239552029,-0.598943617423996,1.4211443559386302e+19,1.1249579576652658e+17,CONVERGED
S3,S3_c05,Baseline Micro-Stiffness (sqrt(c1)/a=0.5),0.8631313131313132,469496.85413079214,0,3.141201444470915,0.9998754742698958,1.084593659585383,1.084593659585383,False,-0.3380390910786558,0.00013224398171380667,1.4993509045010397e+19,7.069397028915192e+16,CONVERGED
S3,S3_c05,Baseline Micro-Stiffness (sqrt(c1)/a=0.5),0.8631313131313132,469496.85413079214,1,3.1411728948463913,0.9998663866421631,1.909238778732822,1.909238778732822,False,-0.14819313839342402,-6.220536920628748e-05,1.4993509045010397e+19,7.069397028915192e+16,CONVERGED
S3,S3_c05,Baseline Micro-Stiffness (sqrt(c1)/a=0.5),0.8631313131313132,469496.85413079214,2,0.0005381304957172409,0.00017129225684378178,4.0175776811546235,4.0175776811546235,False,0.017996502852271678,9.684467935893425e-06,1.4993509045010397e+19,7.069397028915192e+16,CONVERGED
S3,S3_c05,Baseline Micro-Stiffness (sqrt(c1)/a=0.5),0.8631313131313132,469496.85413079214,3,2.4301433948456848,0.7735386674236207,4.1760936287082695e-05,4.1760936287082695e-05,True,-0.7573847743582075,0.6529048821885524,1.4993509045010397e+19,7.069397028915192e+16,CONVERGED
S3,S3_c05,Baseline Micro-Stiffness (sqrt(c1)/a=0.5),0.8631313131313132,469496.85413079214,4,2.430239224554592,0.7735691709673559,2.445006488367152e-05,2.445006488367152e-05,True,-0.7574604507522219,-0.6528436004220807,1.4993509045010397e+19,7.069397028915192e+16,CONVERGED
S3,S3_c05,Baseline Micro-Stiffness (sqrt(c1)/a=0.5),0.8808080808080808,479112.06179292063,0,3.1414363281194193,0.9999502400573177,0.4449935831061331,0.4449935831061331,False,-0.6408283803167082,0.00010017779879793314,1.5881283024173554e+19,6.839136724560132e+16,CONVERGED
S3,S3_c05,Baseline Micro-Stiffness (sqrt(c1)/a=0.5),0.8808080808080808,479112.06179292063,1,3.141386449214872,0.9999343631088883,2.6992762973662354,2.6992762973662354,False,-0.06725416572003004,-1.3868103399690479e-05,1.5881283024173554e+19,6.839136724560132e+16,CONVERGED
S3,S3_c05,Baseline Micro-Stiffness (sqrt(c1)/a=0.5),0.8808080808080808,479112.06179292063,2,0.0004643856546370949,0.0001478185448729188,4.037775772189477,4.037775772189477,False,0.01763665486276192,-8.190210102802828e-06,1.5881283024173554e+19,6.839136724560132e+16,CONVERGED
S3,S3_c05,Baseline Micro-Stiffness (sqrt(c1)/a=0.5),0.8808080808080808,479112.06179292063,3,2.360929722957793,0.7515072714026235,-4.326431666349747e-05,4.326431666349747e-05,True,-0.7104778940371693,0.7037809989347155,1.5881283024173554e+19,6.839136724560132e+16,CONVERGED
S3,S3_c05,Baseline Micro-Stiffness (sqrt(c1)/a=0.5),0.8808080808080808,479112.06179292063,4,2.360855533287261,0.7514836560970405,-3.9714581214706605e-05,3.9714581214706605e-05,True,-0.7104231569827664,-0.7038312086996772,1.5881283024173554e+19,6.839136724560132e+16,CONVERGED
S3,S3_c05,Baseline Micro-Stiffness (sqrt(c1)/a=0.5),0.8984848484848484,488727.2694550492,0,3.141553344739926,0.9999874876044728,0.13130723392040458,0.13130723392040458,False,-0.8769483040548743,3.447182924326351e-05,1.6875288771346842e+19,8.779270990540848e+16,CONVERGED
S3,S3_c05,Baseline Micro-Stiffness (sqrt(c1)/a=0.5),0.8984848484848484,488727.2694550492,1,3.141549620510878,0.9999863021455484,3.179868861518132,3.179868861518132,False,-0.04159110891993924,-1.78979347341853e-06,1.6875288771346842e+19,8.779270990540848e+16,CONVERGED
S3,S3_c05,Baseline Micro-Stiffness (sqrt(c1)/a=0.5),0.8984848484848484,488727.2694550492,2,1.4259348076695036e-05,4.538891463347852e-06,4.056793990798588,4.056793990798588,False,0.017304408369374847,-2.4674958221691447e-07,1.6875288771346842e+19,8.779270990540848e+16,CONVERGED
S3,S3_c05,Baseline Micro-Stiffness (sqrt(c1)/a=0.5),0.8984848484848484,488727.2694550492,3,2.291300362644241,0.7293435576461667,8.500083212034068e-06,8.500083212034068e-06,True,-0.6597579172145865,0.751466892584596,1.6875288771346842e+19,8.779270990540848e+16,CONVERGED
S3,S3_c05,Baseline Micro-Stiffness (sqrt(c1)/a=0.5),0.8984848484848484,488727.2694550492,4,2.291302634721968,0.7293442808709693,1.2773815669979262e-05,1.2773815669979262e-05,True,-0.6597568049739757,-0.7514621820062067,1.6875288771346842e+19,8.779270990540848e+16,CONVERGED
S3,S3_c05,Baseline Micro-Stiffness (sqrt(c1)/a=0.5),0.9161616161616162,498342.4771171778,0,3.1415644890341023,0.9999910349434836,-0.08648206098467755,0.08648206098467755,False,-1.0903318076308794,3.070871092563498e-05,1.8690453645328683e+19,1.5915830286248397e+17,CONVERGED
S3,S3_c05,Baseline Micro-Stiffness (sqrt(c1)/a=0.5),0.9161616161616162,498342.4771171778,1,3.1415285356336993,0.9999795906206934,3.586512653041459,3.586512653041459,False,-0.027694743335008844,-1.77573033962187e-06,1.8690453645328683e+19,1.5915830286248397e+17,CONVERGED
S3,S3_c05,Baseline Micro-Stiffness (sqrt(c1)/a=0.5),0.9161616161616162,498342.4771171778,2,2.4663663913528713e-06,7.85068805319059e-07,4.076081191148597,4.076081191148597,False,0.016973852772966373,-4.186374001110088e-08,1.8690453645328683e+19,1.5915830286248397e+17,CONVERGED
S3,S3_c05,Baseline Micro-Stiffness (sqrt(c1)/a=0.5),0.9161616161616162,498342.4771171778,3,2.2214571788351996,0.7071117817571971,-1.4339035948435122e-07,1.4339035948435122e-07,True,-0.6057124540034515,-0.7956838001655411,1.8690453645328683e+19,1.5915830286248397e+17,CONVERGED
S3,S3_c05,Baseline Micro-Stiffness (sqrt(c1)/a=0.5),0.9161616161616162,498342.4771171778,4,2.221506299582721,0.70712741737675,3.0212910423830774e-05,3.0212910423830774e-05,True,-0.6057331497589601,0.7956298934101488,1.8690453645328683e+19,1.5915830286248397e+17,CONVERGED
S3,S3_c05,Baseline Micro-Stiffness (sqrt(c1)/a=0.5),0.9338383838383838,507957.6847793063,0,3.141563720063177,0.999990790172436,-0.2531153824462138,0.2531153824462138,False,-1.288031883991607,3.726730480827038e-05,1.90130563584783e+19,8.694215344410786e+16,CONVERGED
S3,S3_c05,Baseline Micro-Stiffness (sqrt(c1)/a=0.5),0.9338383838383838,507957.6847793063,1,3.1415816472583584,0.9999964965758937,3.9724483054311714,3.9724483054311714,False,-0.018827281724588054,-2.072193026833316e-07,1.90130563584783e+19,8.694215344410786e+16,CONVERGED
S3,S3_c05,Baseline Micro-Stiffness (sqrt(c1)/a=0.5),0.9338383838383838,507957.6847793063,2,0.00017025770212498111,5.4194709785316476e-05,4.095209073985818,4.095209073985818,False,0.01665226412229327,2.835176252034983e-06,1.90130563584783e+19,8.694215344410786e+16,CONVERGED
S3,S3_c05,Baseline Micro-Stiffness (sqrt(c1)/a=0.5),0.9338383838383838,507957.6847793063,3,2.1513475885743234,0.6847952060608654,9.274458394758315e-06,9.274458394758315e-06,True,-0.5484798765105801,-0.8361526632847494,1.90130563584783e+19,8.694215344410786e+16,CONVERGED
S3,S3_c05,Baseline Micro-Stiffness (sqrt(c1)/a=0.5),0.9338383838383838,507957.6847793063,4,2.1513090428850314,0.684782936586894,8.925818271004381e-06,8.925818271004381e-06,True,-0.5484478372332592,0.8361740957222712,1.90130563584783e+19,8.694215344410786e+16,CONVERGED
S3,S3_c05,Baseline Micro-Stiffness (sqrt(c1)/a=0.5),0.9515151515151515,517572.89244143496,0,3.141565101573372,0.9999912299207888,-0.3873133271029667,0.3873133271029667,False,-1.4730179548642441,-4.0584614891439364e-05,1.8416311032816232e+19,2.2404107408158704e+17,CONVERGED
S3,S3_c05,Baseline Micro-Stiffness (sqrt(c1)/a=0.5),0.9515151515151515,517572.89244143496,1,2.487766083304557e-05,7.918805388285683e-06,-4.114388321740301,4.114388321740301,False,61.21475905241712,0.0015228800139968084,1.8416311032816232e+19,2.2404107408158704e+17,CONVERGED
S3,S3_c05,Baseline Micro-Stiffness (sqrt(c1)/a=0.5),0.9515151515151515,517572.89244143496,2,0.0002812840357502379,8.953548940497555e-05,4.114598317970275,4.114598317970275,False,0.01633249891746133,4.5940713305519755e-06,1.8416311032816232e+19,2.2404107408158704e+17,CONVERGED
S3,S3_c05,Baseline Micro-Stiffness (sqrt(c1)/a=0.5),0.9515151515151515,517572.89244143496,3,2.080752000175383,0.6623239323525211,-5.847756297557858e-05,5.847756297557858e-05,True,-0.4881671065776593,0.8728171847649797,1.8416311032816232e+19,2.2404107408158704e+17,CONVERGED
S3,S3_c05,Baseline Micro-Stiffness (sqrt(c1)/a=0.5),0.9515151515151515,517572.89244143496,4,2.080829460535133,0.6623485887508168,5.189463254882992e-06,5.189463254882992e-06,True,-0.4882036303833653,-0.8727238030487386,1.8416311032816232e+19,2.2404107408158704e+17,CONVERGED
S3,S3_c05,Baseline Micro-Stiffness (sqrt(c1)/a=0.5),0.9691919191919192,527188.1001035634,0,3.1415904744516414,0.999999306358783,-0.49846302751839977,0.49846302751839977,False,-1.6461891778502973,3.5872736425408803e-06,2.2207328471582392e+19,8.781830411763053e+16,CONVERGED
S3,S3_c05,Baseline Micro-Stiffness (sqrt(c1)/a=0.5),0.9691919191919192,527188.1001035634,1,1.879273947210086e-05,5.981914762446055e-06,-4.1334047095939495,4.1334047095939495,False,62.38998148855724,0.0011724786679216787,2.2207328471582392e+19,8.781830411763053e+16,CONVERGED
S3,S3_c05,Baseline Micro-Stiffness (sqrt(c1)/a=0.5),0.9691919191919192,527188.1001035634,2,9.957262093548297e-07,3.1694949636995314e-07,4.133356859742025,4.133356859742025,False,0.01602898136783506,-1.596047685721887e-08,2.2207328471582392e+19,8.781830411763053e+16,CONVERGED
S3,S3_c05,Baseline Micro-Stiffness (sqrt(c1)/a=0.5),0.9691919191919192,527188.1001035634,3,2.0097332513737345,0.639717962504553,-1.6332429817834092e-06,1.6332429817834092e-06,True,-0.4249780994003469,0.9052054360869511,2.2207328471582392e+19,8.781830411763053e+16,CONVERGED
S3,S3_c05,Baseline Micro-Stiffness (sqrt(c1)/a=0.5),0.9691919191919192,527188.1001035634,4,2.009737619119762,0.6397193528012939,5.265605936296262e-06,5.265605936296262e-06,True,-0.42497912122687653,-0.9051973350407149,2.2207328471582392e+19,8.781830411763053e+16,CONVERGED
S3,S3_c05,Baseline Micro-Stiffness (sqrt(c1)/a=0.5),0.9868686868686869,536803.3077656921,0,3.1415536260880903,0.9999875771603749,-0.5924942366123139,0.5924942366123139,False,-1.8084936041438615,-7.058098725123296e-05,2.0800983260591145e+19,1.1565658623391696e+17,CONVERGED
S3,S3_c05,Baseline Micro-Stiffness (sqrt(c1)/a=0.5),0.9868686868686869,536803.3077656921,1,2.232973373559064e-05,7.107775003890208e-06,-4.152274957041773,4.152274957041773,False,63.57847418158647,-0.0014196904000259105,2.0800983260591145e+19,1.1565658623391696e+17,CONVERGED
S3,S3_c05,Baseline Micro-Stiffness (sqrt(c1)/a=0.5),0.9868686868686869,536803.3077656921,2,8.611616452652985e-06,2.741162652902431e-06,4.152246939040268,4.152246939040268,False,0.01572903456681639,1.354524128632919e-07,2.0800983260591145e+19,1.1565658623391696e+17,CONVERGED
S3,S3_c05,Baseline Micro-Stiffness (sqrt(c1)/a=0.5),0.9868686868686869,536803.3077656921,3,1.9381403811808788,0.6169292441418942,-8.417303427214782e-06,8.417303427214782e-06,True,-0.3591409717122013,0.9332923428305694,2.0800983260591145e+19,1.1565658623391696e+17,CONVERGED
S3,S3_c05,Baseline Micro-Stiffness (sqrt(c1)/a=0.5),0.9868686868686869,536803.3077656921,4,1.9381322779773127,0.6169266648120894,3.4876385439599704e-06,3.4876385439599704e-06,True,-0.35912913360562454,-0.933284142232639,2.0800983260591145e+19,1.1565658623391696e+17,CONVERGED
S3,S3_c05,Baseline Micro-Stiffness (sqrt(c1)/a=0.5),1.0045454545454544,546418.5154278205,0,3.1415471457600312,0.9999855144078881,-0.6732102614602149,0.6732102614602149,False,-1.9605210121134269,8.921905652595282e-05,2.13956041169379e+19,6.695921879992627e+16,CONVERGED
S3,S3_c05,Baseline Micro-Stiffness (sqrt(c1)/a=0.5),1.0045454545454544,546418.5154278205,1,8.215617861108605e-06,2.615112386298998e-06,-4.171011998530025,4.171011998530025,False,64.78097719767577,-0.0005322157533372685,2.13956041169379e+19,6.695921879992627e+16,CONVERGED
S3,S3_c05,Baseline Micro-Stiffness (sqrt(c1)/a=0.5),1.0045454545454544,546418.5154278205,2,9.962639728283085e-07,3.1712067179999003e-07,4.1710492741788245,4.1710492741788245,False,0.015436054969661099,-1.537838544887581e-08,2.13956041169379e+19,6.695921879992627e+16,CONVERGED
S3,S3_c05,Baseline Micro-Stiffness (sqrt(c1)/a=0.5),1.0045454545454544,546418.5154278205,3,1.8657970265050312,0.5939016391488716,-2.0445999114976507e-05,2.0445999114976507e-05,True,-0.29074646414890487,-0.9568215018587473,2.13956041169379e+19,6.695921879992627e+16,CONVERGED
S3,S3_c05,Baseline Micro-Stiffness (sqrt(c1)/a=0.5),1.0045454545454544,546418.5154278205,4,1.8658561603550516,0.5939204620379411,4.511215024930729e-05,4.511215024930729e-05,True,-0.29078398029521363,0.9567415829644199,2.13956041169379e+19,6.695921879992627e+16,CONVERGED
S3,S3_c05,Baseline Micro-Stiffness (sqrt(c1)/a=0.5),1.0222222222222221,556033.7230899491,0,3.1415885805344934,0.9999987035062311,-0.7434011240888442,0.7434011240888442,False,-2.10307618751808,-8.565945611950693e-06,2.298853528578796e+19,5.6526257265965896e+16,CONVERGED
S3,S3_c05,Baseline Micro-Stiffness (sqrt(c1)/a=0.5),1.0222222222222221,556033.7230899491,1,7.041782311778991e-05,2.241468926193401e-05,-4.189678939755924,4.189678939755924,False,66.0015969058295,-0.00464768878408849,2.298853528578796e+19,5.6526257265965896e+16,CONVERGED
S3,S3_c05,Baseline Micro-Stiffness (sqrt(c1)/a=0.5),1.0222222222222221,556033.7230899491,2,1.6615921000541337e-05,5.28901192252117e-06,4.189657208196042,4.189657208196042,False,0.015151477783263345,2.517557579113299e-07,2.298853528578796e+19,5.6526257265965896e+16,CONVERGED
S3,S3_c05,Baseline Micro-Stiffness (sqrt(c1)/a=0.5),1.0222222222222221,556033.7230899491,3,1.792796047539109,0.5706647058429235,2.082310808642365e-05,2.082310808642365e-05,True,-0.22017612301770031,-0.9754387881891479,2.298853528578796e+19,5.6526257265965896e+16,CONVERGED
S3,S3_c05,Baseline Micro-Stiffness (sqrt(c1)/a=0.5),1.0222222222222221,556033.7230899491,4,1.792808690973221,0.5706687303729967,4.307721607241362e-05,4.307721607241362e-05,True,-0.2201835558529991,0.9754142971122429,2.298853528578796e+19,5.6526257265965896e+16,CONVERGED
S3,S3_c05,Baseline Micro-Stiffness (sqrt(c1)/a=0.5),1.0398989898989899,565648.9307520777,0,3.141587831657759,0.999998465131363,-0.8049051905448933,0.8049051905448933,False,-2.2364844488700224,-1.0784176007967607e-05,2.5254686765932724e+19,8.496408468269074e+16,CONVERGED
S3,S3_c05,Baseline Micro-Stiffness (sqrt(c1)/a=0.5),1.0398989898989899,565648.9307520777,1,4.60505747481718e-05,1.4658353206788711e-05,-4.208271247244489,4.208271247244489,False,67.24019752745562,-0.003096449744508766,2.5254686765932724e+19,8.496408468269074e+16,CONVERGED
S3,S3_c05,Baseline Micro-Stiffness (sqrt(c1)/a=0.5),1.0398989898989899,565648.9307520777,2,3.139760841561846e-05,9.99416916121874e-06,4.20825481557514,4.20825481557514,False,0.014872300603262844,4.669546707340558e-07,2.5254686765932724e+19,8.496408468269074e+16,CONVERGED
S3,S3_c05,Baseline Micro-Stiffness (sqrt(c1)/a=0.5),1.0398989898989899,565648.9307520777,3,1.718823302258264,0.5471184497118753,2.3218272196725607e-07,2.3218272196725607e-07,True,-0.1474869390293121,0.989063768647112,2.5254686765932724e+19,8.496408468269074e+16,CONVERGED
S3,S3_c05,Baseline Micro-Stiffness (sqrt(c1)/a=0.5),1.0398989898989899,565648.9307520777,4,1.7188468977948905,0.5471259604044533,1.3333090254826029e-05,1.3333090254826029e-05,True,-0.1475083439727988,-0.989047330835806,2.5254686765932724e+19,8.496408468269074e+16,CONVERGED
S3,S3_c05,Baseline Micro-Stiffness (sqrt(c1)/a=0.5),1.0575757575757576,575264.1384142063,0,3.1415776271717264,0.9999952169425754,-0.8589315037417146,0.8589315037417146,False,-2.360637013591676,3.547191867346454e-05,2.5199904385977496e+19,7.507979175513718e+16,CONVERGED
S3,S3_c05,Baseline Micro-Stiffness (sqrt(c1)/a=0.5),1.0575757575757576,575264.1384142063,1,3.601032694573897e-05,1.1462443071539262e-05,-4.226736943363376,4.226736943363376,False,68.49336934604477,0.0024664686248324534,2.5199904385977496e+19,7.507979175513718e+16,CONVERGED
S3,S3_c05,Baseline Micro-Stiffness (sqrt(c1)/a=0.5),1.0575757575757576,575264.1384142063,2,1.2498868443924075e-05,3.978513391811645e-06,4.226703217379178,4.226703217379178,False,0.014600445785839652,-1.8248905110935837e-07,2.5199904385977496e+19,7.507979175513718e+16,CONVERGED
S3,S3_c05,Baseline Micro-Stiffness (sqrt(c1)/a=0.5),1.0575757575757576,575264.1384142063,3,1.6437781078656426,0.5232308224261195,3.170614862754127e-06,3.170614862754127e-06,True,-0.07291677949677221,-0.9973348495155472,2.5199904385977496e+19,7.507979175513718e+16,CONVERGED
S3,S3_c05,Baseline Micro-Stiffness (sqrt(c1)/a=0.5),1.0575757575757576,575264.1384142063,4,1.6437918631940254,0.5232352008831315,1.464535797896372e-05,1.464535797896372e-05,True,-0.07292966130430581,0.9973224023429185,2.5199904385977496e+19,7.507979175513718e+16,CONVERGED
S3,S3_c05,Baseline Micro-Stiffness (sqrt(c1)/a=0.5),1.0752525252525253,584879.3460763348,0,3.1415722563907185,0.9999935073698841,-0.9067956381952212,0.9067956381952212,False,-2.4763746054512,5.051110581860929e-05,3.3379192566563557e+19,1.5968547288007725e+17,CONVERGED
S3,S3_c05,Baseline Micro-Stiffness (sqrt(c1)/a=0.5),1.0752525252525253,584879.3460763348,1,6.929330523954763e-05,2.2056744104099074e-05,-4.24513261728755,4.24513261728755,False,69.76501140955033,0.004834248238379808,3.3379192566563557e+19,1.5968547288007725e+17,CONVERGED
S3,S3_c05,Baseline Micro-Stiffness (sqrt(c1)/a=0.5),1.0752525252525253,584879.3460763348,2,7.034691003668811e-06,2.239211692715955e-06,4.245099562192983,4.245099562192983,False,0.014334306452623768,1.0083741664776758e-07,3.3379192566563557e+19,1.5968547288007725e+17,CONVERGED
S3,S3_c05,Baseline Micro-Stiffness (sqrt(c1)/a=0.5),1.0752525252525253,584879.3460763348,3,1.5675396104148092,0.4989633549797215,-8.75479688597567e-06,8.75479688597567e-06,True,0.0032567391351569887,1.0000034516926786,3.3379192566563557e+19,1.5968547288007725e+17,CONVERGED
S3,S3_c05,Baseline Micro-Stiffness (sqrt(c1)/a=0.5),1.0752525252525253,584879.3460763348,4,1.5675423681809741,0.4989642328039556,-4.208640383717579e-06,4.208640383717579e-06,True,0.0032539665663858333,-0.9999989145082997,3.3379192566563557e+19,1.5968547288007725e+17,CONVERGED
S3,S3_c05,Baseline Micro-Stiffness (sqrt(c1)/a=0.5),1.0929292929292929,594494.5537384634,0,3.1415822427587603,0.9999966861295588,-0.9492833115054427,0.9492833115054427,False,-2.5838571747191637,-2.6900100460474232e-05,3.1037238537840734e+19,8.115056597364018e+16,CONVERGED
S3,S3_c05,Baseline Micro-Stiffness (sqrt(c1)/a=0.5),1.0929292929292929,594494.5537384634,1,8.31213657300162e-05,2.6458352464962696e-05,-4.263290525362994,4.263290525362994,False,71.04336902575272,-0.005905221873082141,3.1037238537840734e+19,8.115056597364018e+16,CONVERGED
S3,S3_c05,Baseline Micro-Stiffness (sqrt(c1)/a=0.5),1.0929292929292929,594494.5537384634,2,5.52275500002419e-07,1.7579475154786606e-07,4.263352443348781,4.263352443348781,False,0.0140750374621747,-7.773298351976101e-09,3.1037238537840734e+19,8.115056597364018e+16,CONVERGED
S3,S3_c05,Baseline Micro-Stiffness (sqrt(c1)/a=0.5),1.0929292929292929,594494.5537384634,3,1.4897869660734588,0.4742139196089375,-4.073647611744886e-05,4.073647611744886e-05,True,0.08092408207362244,0.9967611394972156,3.1037238537840734e+19,8.115056597364018e+16,CONVERGED
S3,S3_c05,Baseline Micro-Stiffness (sqrt(c1)/a=0.5),1.0929292929292929,594494.5537384634,4,1.4898179324282905,0.47422377650581954,-5.068075222779475e-06,5.068075222779475e-06,True,0.08089033069549942,-0.9967280926119165,3.1037238537840734e+19,8.115056597364018e+16,CONVERGED
S3,S3_c05,Baseline Micro-Stiffness (sqrt(c1)/a=0.5),1.1106060606060606,604109.761400592,0,3.141572298046711,0.9999935206293983,-0.9868909790696636,0.9868909790696636,False,-2.6828803607727143,-5.4611486776339603e-05,3.208804766692749e+19,7.68047406720108e+16,CONVERGED
S3,S3_c05,Baseline Micro-Stiffness (sqrt(c1)/a=0.5),1.1106060606060606,604109.761400592,1,2.4408953684539123e-05,7.769611269191066e-06,-4.281516271589747,4.281516271589747,False,72.35005919783282,-0.0017659892443842888,3.208804766692749e+19,7.68047406720108e+16,CONVERGED
S3,S3_c05,Baseline Micro-Stiffness (sqrt(c1)/a=0.5),1.1106060606060606,604109.761400592,2,0.00012315261796336368,3.9200695807154154e-05,4.281765593300802,4.281765593300802,False,0.013818243033555786,1.7017528138396568e-06,3.208804766692749e+19,7.68047406720108e+16,CONVERGED
S3,S3_c05,Baseline Micro-Stiffness (sqrt(c1)/a=0.5),1.1106060606060606,604109.761400592,3,1.4102102695405807,0.448883870392675,-0.0001333587138800215,0.0001333587138800215,True,0.15991807597921176,-0.9872653959169858,3.208804766692749e+19,7.68047406720108e+16,CONVERGED
S3,S3_c05,Baseline Micro-Stiffness (sqrt(c1)/a=0.5),1.1106060606060606,604109.761400592,4,1.4103134845013152,0.4489167247350789,5.294515941490342e-05,5.294515941490342e-05,True,0.1597864029695195,0.987097979287474,3.208804766692749e+19,7.68047406720108e+16,CONVERGED
S3,S3_c05,Baseline Micro-Stiffness (sqrt(c1)/a=0.5),1.1282828282828283,613724.9690627207,0,3.1415621848825954,0.9999903015092797,-1.0203963690213365,1.0203963690213365,False,-2.774294189046002,-8.45291573522231e-05,3.072428964893023e+19,9.052157774959301e+16,CONVERGED
S3,S3_c05,Baseline Micro-Stiffness (sqrt(c1)/a=0.5),1.1282828282828283,613724.9690627207,1,1.3149536946535908e-05,4.185627608821395e-06,-4.299639295939515,4.299639295939515,False,73.67321467225058,0.0009687686583586671,3.072428964893023e+19,9.052157774959301e+16,CONVERGED
S3,S3_c05,Baseline Micro-Stiffness (sqrt(c1)/a=0.5),1.1282828282828283,613724.9690627207,2,2.5293036893013902e-06,8.051023694657674e-07,4.2996235778283,4.2996235778283,False,0.013573667480017681,3.4331927234632235e-08,3.072428964893023e+19,9.052157774959301e+16,CONVERGED
S3,S3_c05,Baseline Micro-Stiffness (sqrt(c1)/a=0.5),1.1282828282828283,613724.9690627207,3,1.3286546979671008,0.4229239256874666,-1.6369024260493617e-05,1.6369024260493617e-05,True,0.2397862501600937,0.9708425685035539,3.072428964893023e+19,9.052157774959301e+16,CONVERGED
S3,S3_c05,Baseline Micro-Stiffness (sqrt(c1)/a=0.5),1.1282828282828283,613724.9690627207,4,1.3286625924158484,0.42292643856854895,1.4766246488349658e-05,1.4766246488349658e-05,True,0.23977112043075144,-0.9708142344189671,3.072428964893023e+19,9.052157774959301e+16,CONVERGED
S3,S3_c05,Baseline Micro-Stiffness (sqrt(c1)/a=0.5),1.145959595959596,623340.1767248492,0,3.1415832240943127,0.9999969984983669,-1.0501829321608611,1.0501829321608611,False,-2.8581739220474955,-2.6951138081070984e-05,2.742513310278925e+19,8.031458275147688e+16,CONVERGED
S3,S3_c05,Baseline Micro-Stiffness (sqrt(c1)/a=0.5),1.145959595959596,623340.1767248492,1,0.00010850378604641788,3.453782778694565e-05,-4.3175590043198,4.3175590043198,False,75.00531655570107,0.00813836085184147,2.742513310278925e+19,8.031458275147688e+16,CONVERGED
S3,S3_c05,Baseline Micro-Stiffness (sqrt(c1)/a=0.5),1.145959595959596,623340.1767248492,2,1.2659492457494758e-05,4.029641603289713e-06,4.317603791487362,4.317603791487362,False,0.013331791048790167,1.6877370823607128e-07,2.742513310278925e+19,8.031458275147688e+16,CONVERGED
S3,S3_c05,Baseline Micro-Stiffness (sqrt(c1)/a=0.5),1.145959595959596,623340.1767248492,3,1.2444934968871628,0.39613458335062046,-1.8997931386861472e-06,1.8997931386861472e-06,True,0.32054375119056844,-0.9472357167918526,2.742513310278925e+19,8.031458275147688e+16,CONVERGED
S3,S3_c05,Baseline Micro-Stiffness (sqrt(c1)/a=0.5),1.145959595959596,623340.1767248492,4,1.244494330598509,0.3961348487291842,5.589205621180958e-06,5.589205621180958e-06,True,0.3205405609324403,0.9472288902099388,2.742513310278925e+19,8.031458275147688e+16,CONVERGED
S3,S3_c05,Baseline Micro-Stiffness (sqrt(c1)/a=0.5),1.1636363636363636,632955.3843869776,0,3.141544318110034,0.9999846143389393,-1.0765492843454558,1.0765492843454558,False,-2.934535807460048,-0.0001418421962351135,3.234975574984796e+19,7.619457055212704e+16,CONVERGED
S3,S3_c05,Baseline Micro-Stiffness (sqrt(c1)/a=0.5),1.1636363636363636,632955.3843869776,1,3.394657588908483e-05,1.0805530707584004e-05,-4.3355035845878245,4.3355035845878245,False,76.36340459826323,-0.0025922761103395857,3.234975574984796e+19,7.619457055212704e+16,CONVERGED
S3,S3_c05,Baseline Micro-Stiffness (sqrt(c1)/a=0.5),1.1636363636363636,632955.3843869776,2,0.0003897472080172146,0.00012406038942440977,4.3352461984920225,4.3352461984920225,False,0.013098647813534856,-5.105161672622269e-06,3.234975574984796e+19,7.619457055212704e+16,CONVERGED
S3,S3_c05,Baseline Micro-Stiffness (sqrt(c1)/a=0.5),1.1636363636363636,632955.3843869776,3,1.157211388433836,0.36835182534296074,1.3107394257962682e-05,1.3107394257962682e-05,True,0.4018893133877136,0.9156739405158589,3.234975574984796e+19,7.619457055212704e+16,CONVERGED
S3,S3_c05,Baseline Micro-Stiffness (sqrt(c1)/a=0.5),1.1636363636363636,632955.3843869776,4,1.1571469019370382,0.3683312986535046,2.53047540914949e-05,2.53047540914949e-05,True,0.40194345847777996,-0.9156368537577426,3.234975574984796e+19,7.619457055212704e+16,CONVERGED
S3,S3_c05,Baseline Micro-Stiffness (sqrt(c1)/a=0.5),1.1813131313131313,642570.5920491063,0,3.1415823838843946,0.9999967310512434,-1.0998657424670353,1.0998657424670353,False,-3.0037627189430056,-3.084775821272166e-05,3.7217108900763574e+19,1.0163197891624686e+17,CONVERGED
S3,S3_c05,Baseline Micro-Stiffness (sqrt(c1)/a=0.5),1.1813131313131313,642570.5920491063,1,0.00017976886644365588,5.722220741706917e-05,-4.353473013789379,4.353473013789379,False,77.74801324632718,0.013976672360099232,3.7217108900763574e+19,1.0163197891624686e+17,CONVERGED
S3,S3_c05,Baseline Micro-Stiffness (sqrt(c1)/a=0.5),1.1813131313131313,642570.5920491063,2,3.572823550280036e-05,1.1372650576444053e-05,4.3533214825207445,4.3533214825207445,False,0.012864013936691857,4.5960851963699704e-07,3.7217108900763574e+19,1.0163197891624686e+17,CONVERGED
S3,S3_c05,Baseline Micro-Stiffness (sqrt(c1)/a=0.5),1.1813131313131313,642570.5920491063,3,1.0659422870450486,0.33929996806779894,-1.5829508555643273e-05,1.5829508555643273e-05,True,0.4836873509580486,-0.8752589365676016,3.7217108900763574e+19,1.0163197891624686e+17,CONVERGED
S3,S3_c05,Baseline Micro-Stiffness (sqrt(c1)/a=0.5),1.1813131313131313,642570.5920491063,4,1.0659430506022078,0.3393002111155914,-5.576559826570793e-06,5.576559826570793e-06,True,0.4836817234583455,0.8752503319475029,3.7217108900763574e+19,1.0163197891624686e+17,CONVERGED
S3,S3_c05,Baseline Micro-Stiffness (sqrt(c1)/a=0.5),1.198989898989899,652185.7997112349,0,3.141591241084408,0.9999995503855716,-1.120279620811816,1.120279620811816,False,-3.065711320138636,4.330333748699043e-06,4.229903015686477e+19,1.725182357433054e+17,CONVERGED
S3,S3_c05,Baseline Micro-Stiffness (sqrt(c1)/a=0.5),1.198989898989899,652185.7997112349,1,3.915197432230229e-05,1.2462460490402736e-05,-4.37104856245885,4.37104856245885,False,79.1265572924958,-0.0030979609409109076,4.229903015686477e+19,1.725182357433054e+17,CONVERGED
S3,S3_c05,Baseline Micro-Stiffness (sqrt(c1)/a=0.5),1.198989898989899,652185.7997112349,2,0.00014748745487003947,4.694671497321923e-05,4.3709598430814225,4.3709598430814225,False,0.012639103050730204,-1.8641091543087245e-06,4.229903015686477e+19,1.725182357433054e+17,CONVERGED
S3,S3_c05,Baseline Micro-Stiffness (sqrt(c1)/a=0.5),1.198989898989899,652185.7997112349,3,0.9696166395206015,0.3086385621677123,-9.631086377826791e-05,9.631086377826791e-05,True,0.5656701957571624,0.8247483676324351,4.229903015686477e+19,1.725182357433054e+17,CONVERGED
S3,S3_c05,Baseline Micro-Stiffness (sqrt(c1)/a=0.5),1.198989898989899,652185.7997112349,4,0.9696192041923801,0.3086393785280942,0.0001038640431651732,0.0001038640431651732,True,0.5655548593234567,-0.8245847406927197,4.229903015686477e+19,1.725182357433054e+17,CONVERGED
S3,S3_c05,Baseline Micro-Stiffness (sqrt(c1)/a=0.5),1.2166666666666666,661801.0073733634,0,3.1415753770725994,0.9999945007137784,-1.1381632925707774,1.1381632925707774,False,-3.121030676874532,-5.3920540156924735e-05,4.078167439017073e+19,6.472057132900918e+16,CONVERGED
S3,S3_c05,Baseline Micro-Stiffness (sqrt(c1)/a=0.5),1.2166666666666666,661801.0073733634,1,3.5966400342724637e-05,1.144846079953333e-05,-4.388703328547802,4.388703328547802,False,80.5359225625703,0.0028965872341050643,4.078167439017073e+19,6.472057132900918e+16,CONVERGED
S3,S3_c05,Baseline Micro-Stiffness (sqrt(c1)/a=0.5),1.2166666666666666,661801.0073733634,2,0.00047862488857106566,0.0001523510338057854,4.389319902232138,4.389319902232138,False,0.012409164375872533,-5.939335370193216e-06,4.078167439017073e+19,6.472057132900918e+16,CONVERGED
S3,S3_c05,Baseline Micro-Stiffness (sqrt(c1)/a=0.5),1.2166666666666666,661801.0073733634,3,0.8664352284508042,0.27579489895380216,-8.775497035148479e-05,8.775497035148479e-05,True,0.6476039303951532,-0.7620923006304573,4.078167439017073e+19,6.472057132900918e+16,CONVERGED
S3,S3_c05,Baseline Micro-Stiffness (sqrt(c1)/a=0.5),1.2166666666666666,661801.0073733634,4,0.8664956935351247,0.2758141455879103,1.571667629171098e-05,1.571667629171098e-05,True,0.6474908488255591,0.7620526017464911,4.078167439017073e+19,6.472057132900918e+16,CONVERGED
S3,S3_c05,Baseline Micro-Stiffness (sqrt(c1)/a=0.5),1.2343434343434343,671416.215035492,0,3.141591816772768,0.999999733632868,-1.1536579890043384,1.1536579890043384,False,-3.169766700119324,2.6525147405327046e-06,4.063254216711343e+19,1.0114871137730519e+18,CONVERGED
S3,S3_c05,Baseline Micro-Stiffness (sqrt(c1)/a=0.5),1.2343434343434343,671416.215035492,1,3.197520008457375e-05,1.0178022299624605e-05,4.367650208813084,4.367650208813084,False,0.012681003289516284,-4.0547761759360973e-07,4.063254216711343e+19,1.0114871137730519e+18,CONVERGED
S3,S3_c05,Baseline Micro-Stiffness (sqrt(c1)/a=0.5),1.2343434343434343,671416.215035492,2,0.0013875283098822822,0.00044166397839541673,4.404964548313775,4.404964548313775,False,0.012216527744240032,1.6950788971679776e-05,4.063254216711343e+19,1.0114871137730519e+18,CONVERGED
S3,S3_c05,Baseline Micro-Stiffness (sqrt(c1)/a=0.5),1.2343434343434343,671416.215035492,3,0.7532492336439895,0.23976667782924588,-3.40265970579537e-05,3.40265970579537e-05,True,0.729495028583663,0.6840358607423355,4.063254216711343e+19,1.0114871137730519e+18,CONVERGED
S3,S3_c05,Baseline Micro-Stiffness (sqrt(c1)/a=0.5),1.2343434343434343,671416.215035492,4,0.7533643886138771,0.23980333279460428,0.0002136220524303789,0.0002136220524303789,True,0.7292356370336223,-0.6839504608018568,4.063254216711343e+19,1.0114871137730519e+18,CONVERGED
S3,S3_c05,Baseline Micro-Stiffness (sqrt(c1)/a=0.5),1.252020202020202,681031.4226976206,0,3.1415895566475642,0.9999990142126716,-1.1669019848051805,1.1669019848051805,False,-3.212026302263064,-9.947459896558703e-06,5.523055378209915e+19,6.689676395465832e+16,CONVERGED
S3,S3_c05,Baseline Micro-Stiffness (sqrt(c1)/a=0.5),1.252020202020202,681031.4226976206,1,1.089554941485049e-06,3.468161094150927e-07,4.326224164806383,4.326224164806383,False,0.013217359961959729,-1.440103985994556e-08,5.523055378209915e+19,6.689676395465832e+16,CONVERGED
S3,S3_c05,Baseline Micro-Stiffness (sqrt(c1)/a=0.5),1.252020202020202,681031.4226976206,2,0.00023921234727357577,7.614365503440932e-05,-4.423483681889933,4.423483681889933,False,83.38626881291691,-0.019947025473596423,5.523055378209915e+19,6.689676395465832e+16,CONVERGED
S3,S3_c05,Baseline Micro-Stiffness (sqrt(c1)/a=0.5),1.252020202020202,681031.4226976206,3,0.6256546824833381,0.19915207077162705,-0.0001439383236574493,0.0001439383236574493,True,0.8106965747120944,0.5857123712521795,5.523055378209915e+19,6.689676395465832e+16,CONVERGED
S3,S3_c05,Baseline Micro-Stiffness (sqrt(c1)/a=0.5),1.252020202020202,681031.4226976206,4,0.6257887305765576,0.1991947396049229,0.0001620640059440414,0.0001620640059440414,True,0.8103700407374714,-0.585641803141707,5.523055378209915e+19,6.689676395465832e+16,CONVERGED
S3,S3_c05,Baseline Micro-Stiffness (sqrt(c1)/a=0.5),1.2696969696969698,690646.6303597492,0,3.1415499919620524,0.9999864203821295,-1.1778216439240612,1.1778216439240612,False,-3.247292729898278,-0.00013853479369172158,3.791098545808479e+19,6.73711003688014e+16,CONVERGED
S3,S3_c05,Baseline Micro-Stiffness (sqrt(c1)/a=0.5),1.2696969696969698,690646.6303597492,1,3.442974096438813e-05,1.0959326927711781e-05,4.440911111004269,4.440911111004269,False,0.011785195997930287,-4.0576124558361424e-07,3.791098545808479e+19,6.73711003688014e+16,CONVERGED
S3,S3_c05,Baseline Micro-Stiffness (sqrt(c1)/a=0.5),1.2696969696969698,690646.6303597492,2,0.0001238460001799041,3.9421406221583e-05,4.287456249480949,4.287456249480949,False,0.013739831480456507,-1.7016231807002055e-06,3.791098545808479e+19,6.73711003688014e+16,CONVERGED
S3,S3_c05,Baseline Micro-Stiffness (sqrt(c1)/a=0.5),1.2696969696969698,690646.6303597492,3,0.47068916532382277,0.14982501464216946,-0.00018960528225158137,0.00018960528225158137,True,0.8914249658316906,0.4535866099940427,3.791098545808479e+19,6.73711003688014e+16,CONVERGED
S3,S3_c05,Baseline Micro-Stiffness (sqrt(c1)/a=0.5),1.2696969696969698,690646.6303597492,4,0.4707811761042025,0.14985430258319982,0.00013099167175876865,0.00013099167175876865,True,0.8910974982572649,-0.45352320731222306,3.791098545808479e+19,6.73711003688014e+16,CONVERGED
S3,S3_c05,Baseline Micro-Stiffness (sqrt(c1)/a=0.5),1.2873737373737373,700261.8380218776,0,3.141590723021858,0.9999993854811402,-1.1870490437326937,1.1870490437326937,False,-3.2773954726055314,-6.327234611649139e-06,3.6248910709325324e+19,7.008179853749939e+16,CONVERGED
S3,S3_c05,Baseline Micro-Stiffness (sqrt(c1)/a=0.5),1.2873737373737373,700261.8380218776,1,6.99144506317689e-05,2.225446082320061e-05,-4.45820308631943,4.45820308631943,False,86.33223784314795,0.006035870990449405,3.6248910709325324e+19,7.008179853749939e+16,CONVERGED
S3,S3_c05,Baseline Micro-Stiffness (sqrt(c1)/a=0.5),1.2873737373737373,700261.8380218776,2,1.58348320235791e-05,5.040383579164907e-06,4.252365516423225,4.252365516423225,False,0.01423053150514711,2.2533807600908862e-07,3.6248910709325324e+19,7.008179853749939e+16,CONVERGED
S3,S3_c05,Baseline Micro-Stiffness (sqrt(c1)/a=0.5),1.2873737373737373,700261.8380218776,3,0.2405697000494016,0.07657571384199369,-0.0001936374020649073,0.0001936374020649073,True,0.9713904773517564,-0.23830209884729336,3.6248910709325324e+19,7.008179853749939e+16,CONVERGED
S3,S3_c05,Baseline Micro-Stiffness (sqrt(c1)/a=0.5),1.2873737373737373,700261.8380218776,4,0.2406647407248988,0.07660596622859403,0.0002887079339388525,0.0002887079339388525,True,0.9708994028120707,0.23827945866932757,3.6248910709325324e+19,7.008179853749939e+16,CONVERGED
S3,S3_c05,Baseline Micro-Stiffness (sqrt(c1)/a=0.5),1.305050505050505,709877.0456840061,0,3.1415189767046487,0.9999765479190753,-1.194143827000324,1.194143827000324,False,-3.300730555038687,-0.0002431875464364308,5.235643977094359e+19,2.0915398324801504e+17,CONVERGED
S3,S3_c05,Baseline Micro-Stiffness (sqrt(c1)/a=0.5),1.305050505050505,709877.0456840061,1,0.0005902433727154718,0.00018788030078979858,-4.475289580212104,4.475289580212104,False,87.8200123725131,0.05183518631423922,5.235643977094359e+19,2.0915398324801504e+17,CONVERGED
S3,S3_c05,Baseline Micro-Stiffness (sqrt(c1)/a=0.5),1.305050505050505,709877.0456840061,2,0.00022588539709568925,7.190155504010921e-05,4.218721292644954,4.218721292644954,False,0.014717451416211542,-3.324457413930066e-06,5.235643977094359e+19,2.0915398324801504e+17,CONVERGED
S3,S3_c05,Baseline Micro-Stiffness (sqrt(c1)/a=0.5),1.305050505050505,709877.0456840061,3,4.0637147328921236e-05,1.2935205741102852e-05,-0.3149264235994646,0.3149264235994646,False,1.370158494786621,-5.567933264726608e-05,5.235643977094359e+19,2.0915398324801504e+17,CONVERGED
S3,S3_c05,Baseline Micro-Stiffness (sqrt(c1)/a=0.5),1.305050505050505,709877.0456840061,4,6.05922234005922e-05,1.9287103734265322e-05,0.31491464251883544,0.31491464251883544,False,0.729851168528012,4.422330510675331e-05,5.235643977094359e+19,2.0915398324801504e+17,CONVERGED
S3,S3_c05,Baseline Micro-Stiffness (sqrt(c1)/a=0.5),1.3227272727272728,719492.2533461349,0,3.141535798878762,0.9999819025834027,-1.1996976835860218,1.1996976835860218,False,-3.31911334323614,0.0001887072302128462,5.270583388213768e+19,1.1600842015251264e+17,CONVERGED
S3,S3_c05,Baseline Micro-Stiffness (sqrt(c1)/a=0.5),1.3227272727272728,719492.2533461349,1,0.00020050215888528478,6.382181937437931e-05,4.1876791616444935,4.1876791616444935,False,0.015181477469488948,3.0439190484904916e-06,5.270583388213768e+19,1.1600842015251264e+17,CONVERGED
S3,S3_c05,Baseline Micro-Stiffness (sqrt(c1)/a=0.5),1.3227272727272728,719492.2533461349,2,0.00014991597094696883,4.771973564926212e-05,4.4923229439719545,4.4923229439719545,False,0.01119460900714652,-1.6782506912508353e-06,5.270583388213768e+19,1.1600842015251264e+17,CONVERGED
S3,S3_c05,Baseline Micro-Stiffness (sqrt(c1)/a=0.5),1.3227272727272728,719492.2533461349,3,9.909917425339904e-05,3.154424687750709e-05,-0.5002496486025431,0.5002496486025431,False,1.649132914945644,-0.00016342771064020286,5.270583388213768e+19,1.1600842015251264e+17,CONVERGED
S3,S3_c05,Baseline Micro-Stiffness (sqrt(c1)/a=0.5),1.3227272727272728,719492.2533461349,4,0.00018919440214737278,6.022244861414055e-05,0.5003753302221877,0.5003753302221877,False,0.6063030422906803,0.00011470914297497152,5.270583388213768e+19,1.1600842015251264e+17,CONVERGED
S3,S3_c05,Baseline Micro-Stiffness (sqrt(c1)/a=0.5),1.3404040404040405,729107.4610082634,0,3.141581673516661,0.999996504934171,-1.2032100538336863,1.2032100538336863,False,-3.330791800892421,3.6572337563489885e-05,3.895619480219959e+19,1.2136352618578875e+17,CONVERGED
S3,S3_c05,Baseline Micro-Stiffness (sqrt(c1)/a=0.5),1.3404040404040405,729107.4610082634,1,3.1829858321495716e-05,1.0131758579561484e-05,4.157039537223681,4.157039537223681,False,0.015653831968818917,4.982592539242752e-07,3.895619480219959e+19,1.2136352618578875e+17,CONVERGED
S3,S3_c05,Baseline Micro-Stiffness (sqrt(c1)/a=0.5),1.3404040404040405,729107.4610082634,2,3.228728469354722e-05,1.0277361915986661e-05,-4.509306878465467,4.509306878465467,False,90.85882042797179,0.002933584603097199,3.895619480219959e+19,1.2136352618578875e+17,CONVERGED
S3,S3_c05,Baseline Micro-Stiffness (sqrt(c1)/a=0.5),1.3404040404040405,729107.4610082634,3,4.399199527693589e-06,1.4003087009599322e-06,-0.6282801319497815,0.6282801319497815,False,1.874384112144328,-8.24578970091489e-06,3.895619480219959e+19,1.2136352618578875e+17,CONVERGED
S3,S3_c05,Baseline Micro-Stiffness (sqrt(c1)/a=0.5),1.3404040404040405,729107.4610082634,4,6.833872867413943e-06,2.1752892946210277e-06,0.6281573991569575,0.6281573991569575,False,0.5335740597734858,3.6463772898986944e-06,3.895619480219959e+19,1.2136352618578875e+17,CONVERGED
S3,S3_c05,Baseline Micro-Stiffness (sqrt(c1)/a=0.5),1.358080808080808,738722.6686703919,0,3.14158134016012,0.9999963988234885,-1.2052131846523042,1.2052131846523042,False,-3.337470499507103,-3.7758237783531526e-05,3.5437979118983737e+19,7.350999930766005e+16,CONVERGED
S3,S3_c05,Baseline Micro-Stiffness (sqrt(c1)/a=0.5),1.358080808080808,738722.6686703919,1,0.0003989134714068434,0.00012697810168069317,4.5258076952715145,4.5258076952715145,False,0.010825965960617965,-4.318623891759462e-06,3.5437979118983737e+19,7.350999930766005e+16,CONVERGED
S3,S3_c05,Baseline Micro-Stiffness (sqrt(c1)/a=0.5),1.358080808080808,738722.6686703919,2,5.267523262599007e-05,1.67670473018836e-05,4.128084631573331,4.128084631573331,False,0.016113712958499962,-8.487935793424598e-07,3.5437979118983737e+19,7.350999930766005e+16,CONVERGED
S3,S3_c05,Baseline Micro-Stiffness (sqrt(c1)/a=0.5),1.358080808080808,738722.6686703919,3,3.764416035360096e-05,1.1982508397639088e-05,-0.7304060105025342,0.7304060105025342,False,2.075923281779557,7.81463889379965e-05,3.5437979118983737e+19,7.350999930766005e+16,CONVERGED
S3,S3_c05,Baseline Micro-Stiffness (sqrt(c1)/a=0.5),1.358080808080808,738722.6686703919,4,8.3670544877018e-05,2.6633161616739354e-05,0.7304523186432408,0.7304523186432408,False,0.4816910612735051,-4.030335365319461e-05,3.5437979118983737e+19,7.350999930766005e+16,CONVERGED
S3,S3_c05,Baseline Micro-Stiffness (sqrt(c1)/a=0.5),1.3757575757575757,748337.8763325205,0,3.141586232080342,0.9999979559700575,-1.205627782567751,1.205627782567751,False,-3.3388544948448358,-2.1440485696181812e-05,6.302037353307515e+19,9.062979629617371e+16,CONVERGED
S3,S3_c05,Baseline Micro-Stiffness (sqrt(c1)/a=0.5),1.3757575757575757,748337.8763325205,1,0.00012598054401766412,4.01008526276347e-05,-4.54292706572973,4.54292706572973,False,93.96544025389431,-0.011837817344671306,6.302037353307515e+19,9.062979629617371e+16,CONVERGED
S3,S3_c05,Baseline Micro-Stiffness (sqrt(c1)/a=0.5),1.3757575757575757,748337.8763325205,2,1.3970591200735613e-05,4.44697729502642e-06,4.100085592890423,4.100085592890423,False,0.016571256957659566,-2.3151025665286937e-07,6.302037353307515e+19,9.062979629617371e+16,CONVERGED
S3,S3_c05,Baseline Micro-Stiffness (sqrt(c1)/a=0.5),1.3757575757575757,748337.8763325205,3,7.84808721409797e-06,2.4981237478799877e-06,-0.8160434869486706,0.8160434869486706,False,2.2615343230055087,-1.774871860498764e-05,6.302037353307515e+19,9.062979629617371e+16,CONVERGED
S3,S3_c05,Baseline Micro-Stiffness (sqrt(c1)/a=0.5),1.3757575757575757,748337.8763325205,4,1.4697182883596321e-06,4.6782586108999015e-07,0.8160604164252988,0.8160604164252988,False,0.44217019412990927,6.498656208807245e-07,6.302037353307515e+19,9.062979629617371e+16,CONVERGED
S3,S3_c05,Baseline Micro-Stiffness (sqrt(c1)/a=0.5),1.3934343434343435,757953.0839946492,0,3.141541857608536,0.9999838311369874,-1.2041165689353353,1.2041165689353353,False,-3.333812578845749,-0.00016934428141589637,4.603647190512265e+19,8.256864529783717e+16,CONVERGED
S3,S3_c05,Baseline Micro-Stiffness (sqrt(c1)/a=0.5),1.3934343434343435,757953.0839946492,1,0.00014692830917576656,4.676873337091506e-05,4.071701983354685,4.071701983354685,False,0.01704834761289762,-2.504884907028855e-06,4.603647190512265e+19,8.256864529783717e+16,CONVERGED
S3,S3_c05,Baseline Micro-Stiffness (sqrt(c1)/a=0.5),1.3934343434343435,757953.0839946492,2,2.4528858082140586e-05,7.807778024344525e-06,4.559827815246383,4.559827815246383,False,0.010463860502416752,2.566665493065726e-07,4.603647190512265e+19,8.256864529783717e+16,CONVERGED
S3,S3_c05,Baseline Micro-Stiffness (sqrt(c1)/a=0.5),1.3934343434343435,757953.0839946492,3,9.995847005195353e-06,3.181776922534318e-06,-0.8901494351181255,0.8901494351181255,False,2.43549357224591,2.434482113111763e-05,4.603647190512265e+19,8.256864529783717e+16,CONVERGED
S3,S3_c05,Baseline Micro-Stiffness (sqrt(c1)/a=0.5),1.3934343434343435,757953.0839946492,4,2.6990399891143725e-05,8.591311117404955e-06,0.8901451225984363,0.8901451225984363,False,0.41059616149700007,-1.1082154595263711e-05,4.603647190512265e+19,8.256864529783717e+16,CONVERGED
S3,S3_c05,Baseline Micro-Stiffness (sqrt(c1)/a=0.5),1.4111111111111112,767568.2916567777,0,3.1412234914031543,0.9998824920263877,-1.2014261020216346,1.2014261020216346,False,-3.324854899412874,-0.0012274107606822006,4.051169898464479e+19,1.2310352047697899e+17,CONVERGED
S3,S3_c05,Baseline Micro-Stiffness (sqrt(c1)/a=0.5),1.4111111111111112,767568.2916567777,1,0.0010885106764834712,0.0003464837095412947,4.044889327970187,4.044889327970187,False,0.017511632223204013,-1.9061606166026403e-05,4.051169898464479e+19,1.2310352047697899e+17,CONVERGED
S3,S3_c05,Baseline Micro-Stiffness (sqrt(c1)/a=0.5),1.4111111111111112,767568.2916567777,2,0.0016746925311853687,0.0005330711889944591,-4.575827108520599,4.575827108520599,False,97.10818887811284,0.162626510664979,4.051169898464479e+19,1.2310352047697899e+17,CONVERGED
S3,S3_c05,Baseline Micro-Stiffness (sqrt(c1)/a=0.5),1.4111111111111112,767568.2916567777,3,7.782991118433253e-06,2.4774030170779427e-06,-0.9554123868893196,0.9554123868893196,False,2.5997424615180047,2.0233772488616986e-05,4.051169898464479e+19,1.2310352047697899e+17,CONVERGED
S3,S3_c05,Baseline Micro-Stiffness (sqrt(c1)/a=0.5),1.4111111111111112,767568.2916567777,4,2.0510389730262014e-05,6.528659820624891e-06,0.9553852948846849,0.9553852948846849,False,0.3846639068806349,-7.88960664639336e-06,4.051169898464479e+19,1.2310352047697899e+17,CONVERGED
S3,S3_c05,Baseline Micro-Stiffness (sqrt(c1)/a=0.5),1.4287878787878787,777183.4993189061,0,3.1415303139672157,0.9999801566818326,-1.1970535601237127,1.1970535601237127,False,-3.3103487890757037,0.0002063658943785429,6.714800065357509e+19,9.573670619115418e+16,CONVERGED
S3,S3_c05,Baseline Micro-Stiffness (sqrt(c1)/a=0.5),1.4287878787878787,777183.4993189061,1,0.0001876269997582028,5.972352893803965e-05,4.0179091761976355,4.0179091761976355,False,0.017990540377705536,3.37551115470807e-06,6.714800065357509e+19,9.573670619115418e+16,CONVERGED
S3,S3_c05,Baseline Micro-Stiffness (sqrt(c1)/a=0.5),1.4287878787878787,777183.4993189061,2,0.00021836048656348874,6.950630162506125e-05,4.592265657075206,4.592265657075206,False,0.010129881275127355,-2.2119658392236536e-06,6.714800065357509e+19,9.573670619115418e+16,CONVERGED
S3,S3_c05,Baseline Micro-Stiffness (sqrt(c1)/a=0.5),1.4287878787878787,777183.4993189061,3,8.107136014212999e-06,2.58058154196065e-06,-1.013613457941233,1.013613457941233,False,2.7555400750908836,-2.2339538181865918e-05,6.714800065357509e+19,9.573670619115418e+16,CONVERGED
S3,S3_c05,Baseline Micro-Stiffness (sqrt(c1)/a=0.5),1.4287878787878787,777183.4993189061,4,2.728386571138126e-05,8.684724189243599e-06,1.013639301906147,1.013639301906147,False,0.362895885639043,9.90120261344527e-06,6.714800065357509e+19,9.573670619115418e+16,CONVERGED
S3,S3_c05,Baseline Micro-Stiffness (sqrt(c1)/a=0.5),1.4464646464646465,786798.7069810347,0,3.141500826626644,0.9999707705698114,-1.1911863049519982,1.1911863049519982,False,-3.290982988123506,-0.00030220097442444627,3.882804414390205e+19,9.024345287383826e+16,CONVERGED
S3,S3_c05,Baseline Micro-Stiffness (sqrt(c1)/a=0.5),1.4464646464646465,786798.7069810347,1,0.00026988148178475724,8.590594375001886e-05,3.9911063666949294,3.9911063666949294,False,0.01847925729736147,-4.987209462776523e-06,3.882804414390205e+19,9.024345287383826e+16,CONVERGED
S3,S3_c05,Baseline Micro-Stiffness (sqrt(c1)/a=0.5),1.4464646464646465,786798.7069810347,2,0.0002504555759428029,7.972248587244934e-05,-4.608470114849745,4.608470114849745,False,100.33053481532892,0.025128342407239494,3.882804414390205e+19,9.024345287383826e+16,CONVERGED
S3,S3_c05,Baseline Micro-Stiffness (sqrt(c1)/a=0.5),1.4464646464646465,786798.7069810347,3,9.958063952774796e-07,3.169750203418654e-07,-1.0658518509111663,1.0658518509111663,False,2.903311119185701,-2.891135779966293e-06,3.882804414390205e+19,9.024345287383826e+16,CONVERGED
S3,S3_c05,Baseline Micro-Stiffness (sqrt(c1)/a=0.5),1.4464646464646465,786798.7069810347,4,2.0867937980881492e-05,6.64247096358479e-06,1.0658617292752532,1.0658617292752532,False,0.34443092056456726,-7.187563090082633e-06,3.882804414390205e+19,9.024345287383826e+16,CONVERGED
S3,S3_c05,Baseline Micro-Stiffness (sqrt(c1)/a=0.5),1.4641414141414142,796413.9146431634,0,3.1411477599045345,0.9998583859416814,-1.183739701433809,1.183739701433809,False,-3.266567052688814,-0.001453275150098344,6.854479117064138e+19,6.3689753549891304e+16,CONVERGED
S3,S3_c05,Baseline Micro-Stiffness (sqrt(c1)/a=0.5),1.4641414141414142,796413.9146431634,1,0.0012829229040014194,0.00040836704355527004,3.9640838564519045,3.9640838564519045,False,0.0189854063953735,-2.4356826069296207e-05,6.854479117064138e+19,6.3689753549891304e+16,CONVERGED
S3,S3_c05,Baseline Micro-Stiffness (sqrt(c1)/a=0.5),1.4641414141414142,796413.9146431634,2,7.858606029176032e-05,2.501471990710274e-05,4.62548403964311,4.62548403964311,False,0.00979891079616455,7.700577962062014e-07,6.854479117064138e+19,6.3689753549891304e+16,CONVERGED
S3,S3_c05,Baseline Micro-Stiffness (sqrt(c1)/a=0.5),1.4641414141414142,796413.9146431634,3,2.0030037180291916e-07,6.375758855115815e-08,-1.1130275851288438,1.1130275851288438,False,3.0435590937083288,-6.096260180739421e-07,6.854479117064138e+19,6.3689753549891304e+16,CONVERGED
S3,S3_c05,Baseline Micro-Stiffness (sqrt(c1)/a=0.5),1.4641414141414142,796413.9146431634,4,6.473294861228855e-06,2.060513750511874e-06,1.1130263558169367,1.1130263558169367,False,0.32856310605530936,2.1268858660469333e-06,6.854479117064138e+19,6.3689753549891304e+16,CONVERGED
S3,S3_c05,Baseline Micro-Stiffness (sqrt(c1)/a=0.5),1.4818181818181817,806029.1223052919,0,3.1415528312096948,0.9999873241427233,-1.1748094303358052,1.1748094303358052,False,-3.237525908253224,-0.00012892598736575182,7.92693449602943e+19,1.0217593891265112e+17,CONVERGED
S3,S3_c05,Baseline Micro-Stiffness (sqrt(c1)/a=0.5),1.4818181818181817,806029.1223052919,1,0.00011264195882905525,3.5855049094395814e-05,3.9369842070858376,3.9369842070858376,False,0.019506954939650586,-2.197301624485633e-06,7.92693449602943e+19,1.0217593891265112e+17,CONVERGED
S3,S3_c05,Baseline Micro-Stiffness (sqrt(c1)/a=0.5),1.4818181818181817,806029.1223052919,2,6.035237281997233e-05,1.9210756923247094e-05,4.6419386425871565,4.6419386425871565,False,0.009638992922778372,-5.81736095190902e-07,7.92693449602943e+19,1.0217593891265112e+17,CONVERGED
S3,S3_c05,Baseline Micro-Stiffness (sqrt(c1)/a=0.5),1.4818181818181817,806029.1223052919,3,2.101417776772952e-05,6.6890205334919284e-06,-1.1557914008383712,1.1557914008383712,False,3.176536335851824,6.675229925706824e-05,7.92693449602943e+19,1.0217593891265112e+17,CONVERGED
S3,S3_c05,Baseline Micro-Stiffness (sqrt(c1)/a=0.5),1.4818181818181817,806029.1223052919,4,6.13802864215534e-05,1.9537951984773136e-05,1.1557808147999837,1.1557808147999837,False,0.31481163073856855,-1.932322808783665e-05,7.92693449602943e+19,1.0217593891265112e+17,CONVERGED
S3,S3_c05,Baseline Micro-Stiffness (sqrt(c1)/a=0.5),1.4994949494949494,815644.3299674204,0,3.1414341243482,0.9999495385751517,-1.164443859539109,1.164443859539109,False,-3.204140395202103,-0.0005079499510651912,1.1148934880326936e+20,2.4601403741080096e+17,CONVERGED
S3,S3_c05,Baseline Micro-Stiffness (sqrt(c1)/a=0.5),1.4994949494949494,815644.3299674204,1,0.00045133480193000505,0.00014366432943312363,3.9098344212579654,3.9098344212579654,False,0.020043817575879017,-9.046473049795397e-06,1.1148934880326936e+20,2.4601403741080096e+17,CONVERGED
S3,S3_c05,Baseline Micro-Stiffness (sqrt(c1)/a=0.5),1.4994949494949494,815644.3299674204,2,0.00017245542221933544,5.489426581841423e-05,-4.6574280794843705,4.6574280794843705,False,105.36474206308243,0.018170721259657956,1.1148934880326936e+20,2.4601403741080096e+17,CONVERGED
S3,S3_c05,Baseline Micro-Stiffness (sqrt(c1)/a=0.5),1.4994949494949494,815644.3299674204,3,7.91325949505902e-06,2.5188687292150376e-06,-1.1946353513019827,1.1946353513019827,False,3.3023533519665897,2.6132379019035066e-05,1.1148934880326936e+20,2.4601403741080096e+17,CONVERGED
S3,S3_c05,Baseline Micro-Stiffness (sqrt(c1)/a=0.5),1.4994949494949494,815644.3299674204,4,2.998176802281165e-05,9.543493166929992e-06,1.1946651809971593,1.1946651809971593,False,0.3028053220511615,-9.07863892453098e-06,1.1148934880326936e+20,2.4601403741080096e+17,CONVERGED
S3,S3_c05,Baseline Micro-Stiffness (sqrt(c1)/a=0.5),1.5171717171717172,825259.537629549,0,3.141419821925074,0.9999449859724744,-1.1523140803030194,1.1523140803030194,False,-3.1655096369539217,0.0005471003056864869,7.284313910637886e+19,6.48692139547426e+16,CONVERGED
S3,S3_c05,Baseline Micro-Stiffness (sqrt(c1)/a=0.5),1.5171717171717172,825259.537629549,1,0.0004920152502549823,0.0001566133183093527,3.88162965677824,3.88162965677824,False,0.020617196336130173,1.0143975833425068e-05,7.284313910637886e+19,6.48692139547426e+16,CONVERGED
S3,S3_c05,Baseline Micro-Stiffness (sqrt(c1)/a=0.5),1.5171717171717172,825259.537629549,2,2.627112167643617e-05,8.362357750746913e-06,4.673864895590429,4.673864895590429,False,0.009336116589278243,-2.452702549587492e-07,7.284313910637886e+19,6.48692139547426e+16,CONVERGED
S3,S3_c05,Baseline Micro-Stiffness (sqrt(c1)/a=0.5),1.5171717171717172,825259.537629549,3,1.8326628353148203e-05,5.833546985223236e-06,-1.2299144876901522,1.2299144876901522,False,3.420936990983285,6.269424086030671e-05,7.284313910637886e+19,6.48692139547426e+16,CONVERGED
S3,S3_c05,Baseline Micro-Stiffness (sqrt(c1)/a=0.5),1.5171717171717172,825259.537629549,4,1.1341057355160372e-05,3.6099706759249403e-06,1.2298800536057681,1.2298800536057681,False,0.2923276392055243,-3.315304522870617e-06,7.284313910637886e+19,6.48692139547426e+16,CONVERGED
S3,S3_c05,Baseline Micro-Stiffness (sqrt(c1)/a=0.5),1.534848484848485,834874.7452916778,0,3.141534724981616,0.9999815607513244,-1.1389801986506933,1.1389801986506933,False,-3.123581302706278,0.00018094471759566775,5.6835875443078775e+19,1.191411645769818e+17,CONVERGED
S3,S3_c05,Baseline Micro-Stiffness (sqrt(c1)/a=0.5),1.534848484848485,834874.7452916778,1,0.00017010352271494618,5.414563295485637e-05,3.8538879159245796,3.8538879159245796,False,0.021197162928385378,3.605712120458361e-06,5.6835875443078775e+19,1.191411645769818e+17,CONVERGED
S3,S3_c05,Baseline Micro-Stiffness (sqrt(c1)/a=0.5),1.534848484848485,834874.7452916778,2,7.235790365391674e-05,2.3032236076575927e-05,4.689771661350588,4.689771661350588,False,0.009188784047207877,6.648811519448799e-07,5.6835875443078775e+19,1.191411645769818e+17,CONVERGED
S3,S3_c05,Baseline Micro-Stiffness (sqrt(c1)/a=0.5),1.534848484848485,834874.7452916778,3,8.832863194132196e-06,2.8115876780012133e-06,-1.2619838201914149,1.2619838201914149,False,3.532422231370282,-3.120140231441633e-05,5.6835875443078775e+19,1.191411645769818e+17,CONVERGED
S3,S3_c05,Baseline Micro-Stiffness (sqrt(c1)/a=0.5),1.534848484848485,834874.7452916778,4,0.00010003833293436804,3.184319037035485e-05,1.2619951762666866,1.2619951762666866,False,0.28308864950114143,2.8319716663207248e-05,5.6835875443078775e+19,1.191411645769818e+17,CONVERGED
S3,S3_c05,Baseline Micro-Stiffness (sqrt(c1)/a=0.5),1.5525252525252524,844489.952953806,0,3.1415085021127163,0.9999732137529095,-1.1238487640175712,1.1238487640175712,False,-3.076672821945025,-0.0002589065630603725,7.552722051164784e+19,1.1940461569860483e+17,CONVERGED
S3,S3_c05,Baseline Micro-Stiffness (sqrt(c1)/a=0.5),1.5525252525252524,844489.952953806,1,0.00023184659802482016,7.379906422937958e-05,3.824910175582562,3.824910175582562,False,0.021820394860872446,-5.058984406696481e-06,7.552722051164784e+19,1.1940461569860483e+17,CONVERGED
S3,S3_c05,Baseline Micro-Stiffness (sqrt(c1)/a=0.5),1.5525252525252524,844489.952953806,2,5.52738047174959e-05,1.7594198488571192e-05,4.705586227350952,4.705586227350952,False,0.00904461045160225,-4.999300323568128e-07,7.552722051164784e+19,1.1940461569860483e+17,CONVERGED
S3,S3_c05,Baseline Micro-Stiffness (sqrt(c1)/a=0.5),1.5525252525252524,844489.952953806,3,8.271059175991575e-06,2.632759904929276e-06,-1.2910641996394403,1.2910641996394403,False,3.636654623604429,3.0078985595161504e-05,7.552722051164784e+19,1.1940461569860483e+17,CONVERGED
S3,S3_c05,Baseline Micro-Stiffness (sqrt(c1)/a=0.5),1.5525252525252524,844489.952953806,4,1.9801851542501293e-05,6.303125110721906e-06,1.2910608345396621,1.2910608345396621,False,0.2749789211173525,-5.4450917739946855e-06,7.552722051164784e+19,1.1940461569860483e+17,CONVERGED
S3,S3_c05,Baseline Micro-Stiffness (sqrt(c1)/a=0.5),1.5702020202020202,854105.1606159348,0,0.008805968995866758,0.0028030269888123373,-3.251914532180591,3.251914532180591,False,25.83876178255512,0.22754121674721375,5.711051732093521e+19,4.029101702972058e+16,CONVERGED
S3,S3_c05,Baseline Micro-Stiffness (sqrt(c1)/a=0.5),1.5702020202020202,854105.1606159348,1,3.140236386536584,0.9995682867886582,3.075968999360095,3.075968999360095,False,-0.046144849898591134,6.258477796683234e-05,5.711051732093521e+19,4.029101702972058e+16,CONVERGED
S3,S3_c05,Baseline Micro-Stiffness (sqrt(c1)/a=0.5),1.5702020202020202,854105.1606159348,2,2.347077845345353e-05,7.47098081816376e-06,4.721217461489011,4.721217461489011,False,0.008904331263850538,2.089915864083721e-07,5.711051732093521e+19,4.029101702972058e+16,CONVERGED
S3,S3_c05,Baseline Micro-Stiffness (sqrt(c1)/a=0.5),1.5702020202020202,854105.1606159348,3,1.763702589753219e-06,5.614039706064041e-07,-1.317416975039581,1.317416975039581,False,3.7337645037421217,-6.585250124785451e-06,5.711051732093521e+19,4.029101702972058e+16,CONVERGED
S3,S3_c05,Baseline Micro-Stiffness (sqrt(c1)/a=0.5),1.5702020202020202,854105.1606159348,4,2.340967089301985e-05,7.451529677557146e-06,1.3174154028419613,1.3174154028419613,False,0.26782663205487484,6.269733313935838e-06,5.711051732093521e+19,4.029101702972058e+16,CONVERGED
S3,S3_c05,Baseline Micro-Stiffness (sqrt(c1)/a=0.5),1.587878787878788,863720.3682780633,0,3.1415833293891913,0.9999970320147676,-1.0888364314759473,1.0888364314759473,False,-2.9708153133829964,-2.770047793430327e-05,2.678957175261419e+20,1.654550347236601e+17,CONVERGED
S3,S3_c05,Baseline Micro-Stiffness (sqrt(c1)/a=0.5),1.587878787878788,863720.3682780633,1,2.1016281433436336e-05,6.6896901510836335e-06,3.7650212084205834,3.7650212084205834,False,0.023167120886934876,-4.868867326339479e-07,2.678957175261419e+20,1.654550347236601e+17,CONVERGED
S3,S3_c05,Baseline Micro-Stiffness (sqrt(c1)/a=0.5),1.587878787878788,863720.3682780633,2,0.0002811753761959158,8.95009019946065e-05,4.736753434922431,4.736753434922431,False,0.008767062525795946,-2.4650821687865883e-06,2.678957175261419e+20,1.654550347236601e+17,CONVERGED
S3,S3_c05,Baseline Micro-Stiffness (sqrt(c1)/a=0.5),1.587878787878788,863720.3682780633,3,7.281043471802259e-07,2.3176281188086091e-07,-1.3411401035829016,1.3411401035829016,False,3.823400093558047,2.7838342291293884e-06,2.678957175261419e+20,1.654550347236601e+17,CONVERGED
S3,S3_c05,Baseline Micro-Stiffness (sqrt(c1)/a=0.5),1.587878787878788,863720.3682780633,4,1.4506981769480135e-05,4.617715715913548e-06,1.3411512624602406,1.3411512624602406,False,0.2615443889234317,-3.794219682288213e-06,2.678957175261419e+20,1.654550347236601e+17,CONVERGED
S3,S3_c05,Baseline Micro-Stiffness (sqrt(c1)/a=0.5),1.6055555555555556,873335.5759401919,0,3.1415735287218713,0.9999939123654685,-1.0687978903157793,1.0687978903157793,False,-2.9118769991309232,5.568926301943475e-05,9.46533641280883e+19,1.9391591442228707e+17,CONVERGED
S3,S3_c05,Baseline Micro-Stiffness (sqrt(c1)/a=0.5),1.6055555555555556,873335.5759401919,1,5.5531249701803804e-05,1.767614577222483e-05,3.7337299143611133,3.7337299143611133,False,0.023903511266890116,1.3273918542759905e-06,9.46533641280883e+19,1.9391591442228707e+17,CONVERGED
S3,S3_c05,Baseline Micro-Stiffness (sqrt(c1)/a=0.5),1.6055555555555556,873335.5759401919,2,3.4964309863384625e-05,1.112948549310875e-05,-4.7478858377754705,4.7478858377754705,False,115.3401786591401,0.004032789747979683,9.46533641280883e+19,1.9391591442228707e+17,CONVERGED
S3,S3_c05,Baseline Micro-Stiffness (sqrt(c1)/a=0.5),1.6055555555555556,873335.5759401919,3,4.189208436532421e-06,1.3334664606328108e-06,-1.3624212073570294,1.3624212073570294,False,3.905638223090127,-1.636153259430837e-05,9.46533641280883e+19,1.9391591442228707e+17,CONVERGED
S3,S3_c05,Baseline Micro-Stiffness (sqrt(c1)/a=0.5),1.6055555555555556,873335.5759401919,4,1.6645180564153226e-05,5.298325530884258e-06,1.3624189398412896,1.3624189398412896,False,0.25604068022967225,4.26184335458511e-06,9.46533641280883e+19,1.9391591442228707e+17,CONVERGED
S3,S3_c05,Baseline Micro-Stiffness (sqrt(c1)/a=0.5),1.6232323232323231,882950.7836023204,0,3.141588509637698,0.9999986809390802,-1.047047461654569,1.047047461654569,False,-2.849226237047158,-1.1807057035048844e-05,1.2104542254179443e+20,8.678765427170454e+16,CONVERGED
S3,S3_c05,Baseline Micro-Stiffness (sqrt(c1)/a=0.5),1.6232323232323231,882950.7836023204,1,8.995497949100616e-06,2.8633559283447396e-06,3.7015310855131474,3.7015310855131474,False,0.024685701600071813,-2.2206017812154542e-07,1.2104542254179443e+20,8.678765427170454e+16,CONVERGED
S3,S3_c05,Baseline Micro-Stiffness (sqrt(c1)/a=0.5),1.6232323232323231,882950.7836023204,2,0.0004050105905250806,0.00012891887497326827,-4.767456484966083,4.767456484966083,False,117.61968406339855,0.04763722030459172,1.2104542254179443e+20,8.678765427170454e+16,CONVERGED
S3,S3_c05,Baseline Micro-Stiffness (sqrt(c1)/a=0.5),1.6232323232323231,882950.7836023204,3,5.430891492001939e-07,1.7287064526956543e-07,-1.3814131191244237,1.3814131191244237,False,3.980522607623555,2.1617786363466264e-06,1.2104542254179443e+20,8.678765427170454e+16,CONVERGED
S3,S3_c05,Baseline Micro-Stiffness (sqrt(c1)/a=0.5),1.6232323232323231,882950.7836023204,4,2.568802606879584e-05,8.176752654244652e-06,1.3815012583769688,1.3815012583769688,False,0.25120115192575543,-6.45286174059971e-06,1.2104542254179443e+20,8.678765427170454e+16,CONVERGED
S3,S3_c05,Baseline Micro-Stiffness (sqrt(c1)/a=0.5),1.6409090909090909,892565.9912644491,0,3.1414876110595014,0.9999665639241384,-1.0235419017616127,1.0235419017616127,False,-2.7830345475440144,-0.0002923369918390006,6.270790575056346e+19,1.1788302961035592e+17,CONVERGED
S3,S3_c05,Baseline Micro-Stiffness (sqrt(c1)/a=0.5),1.6409090909090909,892565.9912644491,1,0.00027610560721617894,8.788714440768833e-05,3.6683631586205685,3.6683631586205685,False,0.025518204061751336,-7.0457194065780615e-06,6.270790575056346e+19,1.1788302961035592e+17,CONVERGED
S3,S3_c05,Baseline Micro-Stiffness (sqrt(c1)/a=0.5),1.6409090909090909,892565.9912644491,2,0.0002192828573088492,6.97999013520362e-05,4.783008266119299,4.783008266119299,False,0.008370779319428208,1.8355684364871269e-06,6.270790575056346e+19,1.1788302961035592e+17,CONVERGED
S3,S3_c05,Baseline Micro-Stiffness (sqrt(c1)/a=0.5),1.6409090909090909,892565.9912644491,3,2.3235453924767773e-06,7.396074694221542e-07,-1.3981619457421182,1.3981619457421182,False,4.047753135204977,9.40513814720588e-06,6.270790575056346e+19,1.1788302961035592e+17,CONVERGED
S3,S3_c05,Baseline Micro-Stiffness (sqrt(c1)/a=0.5),1.6409090909090909,892565.9912644491,4,6.766649633320742e-06,2.1538914746279144e-06,1.3981656497087003,1.3981656497087003,False,0.24704972428217145,-1.6716989262514603e-06,6.270790575056346e+19,1.1788302961035592e+17,CONVERGED
S3,S3_c05,Baseline Micro-Stiffness (sqrt(c1)/a=0.5),1.6585858585858586,902181.1989265776,0,3.1415239190536393,0.99997812111762,-0.9976265222684569,0.9976265222684569,False,-2.711837691190932,-0.00018639690612249452,7.591188166838821e+19,9.605775785215579e+16,CONVERGED
S3,S3_c05,Baseline Micro-Stiffness (sqrt(c1)/a=0.5),1.6585858585858586,902181.1989265776,1,0.0001762255924449403,5.609434827382003e-05,3.632619596015461,3.632619596015461,False,0.02644681320860465,-4.660605374212774e-06,7.591188166838821e+19,9.605775785215579e+16,CONVERGED
S3,S3_c05,Baseline Micro-Stiffness (sqrt(c1)/a=0.5),1.6585858585858586,902181.1989265776,2,5.752755556837042e-05,1.8311589665399684e-05,4.7979159998609795,4.7979159998609795,False,0.008246915712917517,4.744249024658867e-07,7.591188166838821e+19,9.605775785215579e+16,CONVERGED
S3,S3_c05,Baseline Micro-Stiffness (sqrt(c1)/a=0.5),1.6585858585858586,902181.1989265776,3,6.3865729391316105e-06,2.0329093053594603e-06,-1.41278838059027,1.41278838059027,False,4.107392424507449,-2.6232161309110104e-05,7.591188166838821e+19,9.605775785215579e+16,CONVERGED
S3,S3_c05,Baseline Micro-Stiffness (sqrt(c1)/a=0.5),1.6585858585858586,902181.1989265776,4,4.41510675511686e-05,1.4053721287105332e-05,1.4128815695679768,1.4128815695679768,False,0.24344077970324404,-1.0748170316370946e-05,7.591188166838821e+19,9.605775785215579e+16,CONVERGED
S3,S3_c05,Baseline Micro-Stiffness (sqrt(c1)/a=0.5),1.6762626262626263,911796.4065887061,0,3.1415672674708888,0.999991919347381,-0.970200099371577,0.970200099371577,False,-2.6384723623473882,-6.69805731316349e-05,7.044007859535026e+19,5.246655561679977e+16,CONVERGED
S3,S3_c05,Baseline Micro-Stiffness (sqrt(c1)/a=0.5),1.6762626262626263,911796.4065887061,1,6.268922802790024e-05,1.9954601038510627e-05,3.596781739081289,3.596781739081289,False,0.027411798912125168,-1.7184245149082638e-06,7.044007859535026e+19,5.246655561679977e+16,CONVERGED
S3,S3_c05,Baseline Micro-Stiffness (sqrt(c1)/a=0.5),1.6762626262626263,911796.4065887061,2,4.0515984298119594e-05,1.2896638350558699e-05,4.812983481545225,4.812983481545225,False,0.008123586928645192,-3.291351206254949e-07,7.044007859535026e+19,5.246655561679977e+16,CONVERGED
S3,S3_c05,Baseline Micro-Stiffness (sqrt(c1)/a=0.5),1.6762626262626263,911796.4065887061,3,2.1394662250872114e-07,6.810132506015745e-08,-1.4253693707217316,1.4253693707217316,False,4.1593939173811805,-8.898882803070359e-07,7.044007859535026e+19,5.246655561679977e+16,CONVERGED
S3,S3_c05,Baseline Micro-Stiffness (sqrt(c1)/a=0.5),1.6762626262626263,911796.4065887061,4,2.154826261983262e-05,6.859025021977352e-06,1.4253881434180815,1.4253881434180815,False,0.24041512949013435,-5.180528348836302e-06,7.044007859535026e+19,5.246655561679977e+16,CONVERGED
S3,S3_c05,Baseline Micro-Stiffness (sqrt(c1)/a=0.5),1.6939393939393939,921411.6142508347,0,3.141558889023896,0.9999892524048722,-0.9404878703198649,0.9404878703198649,False,-2.5612306605323942,8.647884144796069e-05,1.3592912654427457e+20,1.5690285479339286e+17,CONVERGED
S3,S3_c05,Baseline Micro-Stiffness (sqrt(c1)/a=0.5),1.6939393939393939,921411.6142508347,1,8.719815739766783e-05,2.7756035556687914e-05,3.5589542459066092,3.5589542459066092,False,0.028468580179104377,2.482407741637348e-06,1.3592912654427457e+20,1.5690285479339286e+17,CONVERGED
S3,S3_c05,Baseline Micro-Stiffness (sqrt(c1)/a=0.5),1.6939393939393939,921411.6142508347,2,0.00019856138169024648,6.320405080631857e-05,-4.827666876405109,4.827666876405109,False,124.91916607145635,0.024804122540722656,1.3592912654427457e+20,1.5690285479339286e+17,CONVERGED
S3,S3_c05,Baseline Micro-Stiffness (sqrt(c1)/a=0.5),1.6939393939393939,921411.6142508347,3,8.1819263508029e-07,2.604388045488229e-07,-1.43594143564779,1.43594143564779,False,4.203600565964969,3.4393550238926436e-06,1.3592912654427457e+20,1.5690285479339286e+17,CONVERGED
S3,S3_c05,Baseline Micro-Stiffness (sqrt(c1)/a=0.5),1.6939393939393939,921411.6142508347,4,1.6533464483185713e-06,5.26276519786659e-07,1.4359621606030037,1.4359621606030037,False,0.23788636897480583,3.933085832482548e-07,1.3592912654427457e+20,1.5690285479339286e+17,CONVERGED
S3,S3_c05,Baseline Micro-Stiffness (sqrt(c1)/a=0.5),1.7116161616161616,931026.8219129633,0,3.141525548275512,0.9999786397150487,-0.908711719006868,0.908711719006868,False,-2.481124082988035,-0.0001664966116098908,8.97448371697591e+19,1.6023961058386218e+17,CONVERGED
S3,S3_c05,Baseline Micro-Stiffness (sqrt(c1)/a=0.5),1.7116161616161616,931026.8219129633,1,0.00016633543225481488,5.294621250936175e-05,3.5198701753953054,3.5198701753953054,False,0.029603277742789424,-4.924074044918453e-06,8.97448371697591e+19,1.6023961058386218e+17,CONVERGED
S3,S3_c05,Baseline Micro-Stiffness (sqrt(c1)/a=0.5),1.7116161616161616,931026.8219129633,2,0.00026352883396911454,8.388383314685592e-05,4.842677925882812,4.842677925882812,False,0.007885907599649756,2.078164082631609e-06,8.97448371697591e+19,1.6023961058386218e+17,CONVERGED
S3,S3_c05,Baseline Micro-Stiffness (sqrt(c1)/a=0.5),1.7116161616161616,931026.8219129633,3,3.2701031201535935e-06,1.0409061519853492e-06,-1.4445722301131831,1.4445722301131831,False,4.240037994233463,1.3865361474562055e-05,8.97448371697591e+19,1.6023961058386218e+17,CONVERGED
S3,S3_c05,Baseline Micro-Stiffness (sqrt(c1)/a=0.5),1.7116161616161616,931026.8219129633,4,1.6724568005802584e-05,5.3235953384000875e-06,1.4445524532370553,1.4445524532370553,False,0.23585160752958662,3.944516249774207e-06,8.97448371697591e+19,1.6023961058386218e+17,CONVERGED
S3,S3_c05,Baseline Micro-Stiffness (sqrt(c1)/a=0.5),1.7292929292929293,940642.0295750919,0,3.141585820854171,0.9999978250727017,-0.8741152274475912,0.8741152274475912,False,-2.3967537735642805,-1.6376384887203875e-05,8.610227868349766e+19,1.008265463499458e+17,CONVERGED
S3,S3_c05,Baseline Micro-Stiffness (sqrt(c1)/a=0.5),1.7292929292929293,940642.0295750919,1,1.16567058999267e-05,3.7104447282835893e-06,3.477839369686658,3.477839369686658,False,0.03087404641810253,-3.5988967905280703e-07,8.610227868349766e+19,1.008265463499458e+17,CONVERGED
S3,S3_c05,Baseline Micro-Stiffness (sqrt(c1)/a=0.5),1.7292929292929293,940642.0295750919,2,0.00010040257177305386,3.195913119364065e-05,-4.856323054220402,4.856323054220402,False,128.55065759511456,0.012906816669036576,8.610227868349766e+19,1.008265463499458e+17,CONVERGED
S3,S3_c05,Baseline Micro-Stiffness (sqrt(c1)/a=0.5),1.7292929292929293,940642.0295750919,3,1.2217143317825122e-05,3.8888374989879735e-06,-1.4512955574541753,1.4512955574541753,False,4.268641203936972,5.21506013634662e-05,8.610227868349766e+19,1.008265463499458e+17,CONVERGED
S3,S3_c05,Baseline Micro-Stiffness (sqrt(c1)/a=0.5),1.7292929292929293,940642.0295750919,4,1.6569907161772378e-05,5.274365262739744e-06,1.4512584282242067,1.4512584282242067,False,0.23427528385028326,-3.881919704052341e-06,8.610227868349766e+19,1.008265463499458e+17,CONVERGED
S3,S3_c05,Baseline Micro-Stiffness (sqrt(c1)/a=0.5),1.7469696969696968,950257.2372372204,0,3.141587377731787,0.9999983206422386,-0.8371944168434784,0.8371944168434784,False,-2.309877324460971,1.2186584775392367e-05,9.000370811690004e+19,2.4676509319683366e+17,CONVERGED
S3,S3_c05,Baseline Micro-Stiffness (sqrt(c1)/a=0.5),1.7469696969696968,950257.2372372204,1,1.7788622913419942e-05,5.662294534937072e-06,3.4343487160913884,3.4343487160913884,False,0.03224640495396918,5.736191381000989e-07,9.000370811690004e+19,2.4676509319683366e+17,CONVERGED
S3,S3_c05,Baseline Micro-Stiffness (sqrt(c1)/a=0.5),1.7469696969696968,950257.2372372204,2,1.8028379379982156e-05,5.738611388520319e-06,4.8717211898062605,4.8717211898062605,False,0.0076601693281697445,1.381004387781091e-07,9.000370811690004e+19,2.4676509319683366e+17,CONVERGED
S3,S3_c05,Baseline Micro-Stiffness (sqrt(c1)/a=0.5),1.7469696969696968,950257.2372372204,3,4.861004523302235e-06,1.5473057965512262e-06,-1.456126716593763,1.456126716593763,False,4.289313584744577,-2.085037273746934e-05,9.000370811690004e+19,2.4676509319683366e+17,CONVERGED
S3,S3_c05,Baseline Micro-Stiffness (sqrt(c1)/a=0.5),1.7469696969696968,950257.2372372204,4,1.915672762564708e-05,6.0977757901736e-06,1.4561353661215597,1.4561353661215597,False,0.23313551936862073,-4.466113644954761e-06,9.000370811690004e+19,2.4676509319683366e+17,CONVERGED
S3,S3_c05,Baseline Micro-Stiffness (sqrt(c1)/a=0.5),1.7646464646464646,959872.4448993491,0,2.4405071195988226,0.776837543470232,-1.3520309852846417,1.3520309852846417,False,-2.9536151281251932,2.4932816434075717,7.703108489878007e+19,1.0857321780881526e+17,CONVERGED
S3,S3_c05,Baseline Micro-Stiffness (sqrt(c1)/a=0.5),1.7646464646464646,959872.4448993491,1,0.5604394114146194,0.17839340526029815,3.1245247097305455,3.1245247097305455,False,0.037233225077951196,-0.02336615096917628,7.703108489878007e+19,1.0857321780881526e+17,CONVERGED
S3,S3_c05,Baseline Micro-Stiffness (sqrt(c1)/a=0.5),1.7646464646464646,959872.4448993491,2,8.466992562311718e-06,2.6951274388284453e-06,4.886125033201491,4.886125033201491,False,0.0075506242785612935,-6.393107960891649e-08,7.703108489878007e+19,1.0857321780881526e+17,CONVERGED
S3,S3_c05,Baseline Micro-Stiffness (sqrt(c1)/a=0.5),1.7646464646464646,959872.4448993491,3,7.638935423720231e-07,2.4315486652897136e-07,-1.4591016985579919,1.4591016985579919,False,4.3020932155076,-3.2863412260093873e-06,7.703108489878007e+19,1.0857321780881526e+17,CONVERGED
S3,S3_c05,Baseline Micro-Stiffness (sqrt(c1)/a=0.5),1.7646464646464646,959872.4448993491,4,1.4106725238467005e-05,4.49031010508244e-06,1.459094148370554,1.459094148370554,False,0.23244674162601994,3.2790623169127053e-06,7.703108489878007e+19,1.0857321780881526e+17,CONVERGED
S3,S3_c05,Baseline Micro-Stiffness (sqrt(c1)/a=0.5),1.7823232323232323,969487.6525614776,0,2.416882946371081,0.7693177355789235,-1.3432380231690473,1.3432380231690473,False,-2.8685603577429473,2.539924214338605,1.1943782116921336e+20,1.201239242061706e+17,CONVERGED
S3,S3_c05,Baseline Micro-Stiffness (sqrt(c1)/a=0.5),1.7823232323232323,969487.6525614776,1,0.5444240931331844,0.17329557112093738,3.1005415972734416,3.1005415972734416,False,0.03851538044472501,-0.02331949886772054,1.1943782116921336e+20,1.201239242061706e+17,CONVERGED
S3,S3_c05,Baseline Micro-Stiffness (sqrt(c1)/a=0.5),1.7823232323232323,969487.6525614776,2,3.674977677721683e-05,1.1697817263235604e-05,4.900441400349335,4.900441400349335,False,0.007443296866847289,-2.735394984663379e-07,1.1943782116921336e+20,1.201239242061706e+17,CONVERGED
S3,S3_c05,Baseline Micro-Stiffness (sqrt(c1)/a=0.5),1.7823232323232323,969487.6525614776,3,1.6233257776731888e-06,5.167206435303662e-07,-1.4602270448160841,1.4602270448160841,False,4.306937285121815,-6.991562317766163e-06,1.1943782116921336e+20,1.201239242061706e+17,CONVERGED
S3,S3_c05,Baseline Micro-Stiffness (sqrt(c1)/a=0.5),1.7823232323232323,969487.6525614776,4,8.153770931577294e-06,2.5954258971990692e-06,1.4602139694821201,1.4602139694821201,False,0.2321865885624575,-1.8931962565646187e-06,1.1943782116921336e+20,1.201239242061706e+17,CONVERGED
S3,S3_c05,Baseline Micro-Stiffness (sqrt(c1)/a=0.5),1.8,979102.8602236061,0,2.3930896922411304,0.7617441075648769,-1.3345174931928496,1.3345174931928496,False,-2.782946170438243,2.5848117455324395,6.937386108478461e+19,9.706618637295941e+16,CONVERGED
S3,S3_c05,Baseline Micro-Stiffness (sqrt(c1)/a=0.5),1.8,979102.8602236061,1,0.5286567833892931,0.16827668055093478,3.0762951938397984,3.0762951938397984,False,0.03983244247375977,-0.02326669085819591,6.937386108478461e+19,9.706618637295941e+16,CONVERGED
S3,S3_c05,Baseline Micro-Stiffness (sqrt(c1)/a=0.5),1.8,979102.8602236061,2,6.835923157339926e-05,2.175941922174011e-05,4.914548407818542,4.914548407818542,False,0.007339031376230865,-5.016905461536729e-07,6.937386108478461e+19,9.706618637295941e+16,CONVERGED
S3,S3_c05,Baseline Micro-Stiffness (sqrt(c1)/a=0.5),1.8,979102.8602236061,3,5.6467766618419785e-06,1.7974248365362058e-06,-1.4595012531415597,1.4595012531415597,False,4.303812479950566,2.430266786898741e-05,6.937386108478461e+19,9.706618637295941e+16,CONVERGED
S3,S3_c05,Baseline Micro-Stiffness (sqrt(c1)/a=0.5),1.8,979102.8602236061,4,6.642712409281847e-05,2.1144410309501585e-05,1.4595256947153055,1.4595256947153055,False,0.23234645123624498,-1.543410657149736e-05,6.937386108478461e+19,9.706618637295941e+16,CONVERGED
S3,S3_c08,High Micro-Stiffness (sqrt(c1)/a=0.8),0.05,27197.301672877948,0,8.988608173464065e-09,2.8611628446460372e-09,2.1806117528949502,2.1806117528949502,False,0.11297239830494016,1.015464622779623e-09,4053558586992465.5,6.724693440180901e+16,CONVERGED
S3,S3_c08,High Micro-Stiffness (sqrt(c1)/a=0.8),0.05,27197.301672877948,1,0.2559236477899744,0.08146302719976728,2.1174717361347134e-06,2.1174717361347134e-06,True,0.9674278485352308,0.25313854495905924,4053558586992465.5,6.724693440180901e+16,CONVERGED
S3,S3_c08,High Micro-Stiffness (sqrt(c1)/a=0.8),0.05,27197.301672877948,2,0.25592447160589116,0.08146328942851798,-1.50601001201248e-06,1.50601001201248e-06,True,0.9674311454580872,-0.2531402591888804,4053558586992465.5,6.724693440180901e+16,CONVERGED
S3,S3_c08,High Micro-Stiffness (sqrt(c1)/a=0.8),0.05,27197.301672877948,3,0.30387784438658705,0.09672732206047018,0.2901415264892167,0.2901415264892167,False,0.7138795808219551,0.22386570120883784,4053558586992465.5,6.724693440180901e+16,CONVERGED
S3,S3_c08,High Micro-Stiffness (sqrt(c1)/a=0.8),0.05,27197.301672877948,4,0.31383477580196734,0.09989671176603969,0.022592306209766932,0.022592306209766932,True,0.9299088380107695,-0.3018121304792102,4053558586992465.5,6.724693440180901e+16,CONVERGED
S3,S3_c08,High Micro-Stiffness (sqrt(c1)/a=0.8),0.06767676767676768,36812.509335006514,0,9.668961089607512e-09,3.077725903948468e-09,-2.1905850727630902,2.1905850727630902,False,8.940442394129878,-8.644478963271923e-08,1.0002016546724236e+16,1.2014864408824856e+17,CONVERGED
S3,S3_c08,High Micro-Stiffness (sqrt(c1)/a=0.8),0.06767676767676768,36812.509335006514,1,0.34485409514234844,0.10977046777477506,1.5852078761267785e-07,1.5852078761267785e-07,True,0.9411246379396452,-0.3380593125790899,1.0002016546724236e+16,1.2014864408824856e+17,CONVERGED
S3,S3_c08,High Micro-Stiffness (sqrt(c1)/a=0.8),0.06767676767676768,36812.509335006514,2,0.3189001061596337,0.10150905649567177,-0.27101750625900617,0.27101750625900617,False,1.2451834728050635,0.411121189339603,1.0002016546724236e+16,1.2014864408824856e+17,CONVERGED
S3,S3_c08,High Micro-Stiffness (sqrt(c1)/a=0.8),0.06767676767676768,36812.509335006514,3,0.42503595200624766,0.13529314550712782,-0.2425605994757063,0.2425605994757063,False,1.1611076982482313,-0.5255480778675651,1.0002016546724236e+16,1.2014864408824856e+17,CONVERGED
S3,S3_c08,High Micro-Stiffness (sqrt(c1)/a=0.8),0.06767676767676768,36812.509335006514,4,0.34485535757415303,0.10977086961929909,-9.267651760639205e-08,9.267651760639205e-08,True,0.9411244475699626,0.33806058560439295,1.0002016546724236e+16,1.2014864408824856e+17,CONVERGED
S3,S3_c08,High Micro-Stiffness (sqrt(c1)/a=0.8),0.08535353535353535,46427.71699713508,0,6.908768958026879e-08,2.199129460699642e-08,2.203178312733862,2.203178312733862,False,0.11045155032928852,-7.630842422809332e-09,1.9953341263858236e+16,8.994227498998198e+16,CONVERGED
S3,S3_c08,High Micro-Stiffness (sqrt(c1)/a=0.8),0.08535353535353535,46427.71699713508,1,0.43249144478153695,0.13766630256387422,-1.8135938068539285e-06,1.8135938068539285e-06,True,0.9079259656627353,0.4191349043799401,1.9953341263858236e+16,8.994227498998198e+16,CONVERGED
S3,S3_c08,High Micro-Stiffness (sqrt(c1)/a=0.8),0.08535353535353535,46427.71699713508,2,0.2595532159298609,0.08261835462127087,-0.3573455232737776,0.3573455232737776,False,1.3816472523358687,-0.3668870281018719,1.9953341263858236e+16,8.994227498998198e+16,CONVERGED
S3,S3_c08,High Micro-Stiffness (sqrt(c1)/a=0.8),0.08535353535353535,46427.71699713508,3,0.5829393552073728,0.18555535980811116,-0.3619247488642683,0.3619247488642683,False,1.1989178807759857,0.7905396278960629,1.9953341263858236e+16,8.994227498998198e+16,CONVERGED
S3,S3_c08,High Micro-Stiffness (sqrt(c1)/a=0.8),0.08535353535353535,46427.71699713508,4,0.432492838954572,0.13766674634293433,-7.216925370841859e-07,7.216925370841859e-07,True,0.9079243899509357,-0.41913571253036536,1.9953341263858236e+16,8.994227498998198e+16,CONVERGED
S3,S3_c08,High Micro-Stiffness (sqrt(c1)/a=0.8),0.10303030303030303,56042.924659263655,0,2.4292249471501365e-07,7.732463164421849e-08,2.21813998837889,2.21813998837889,False,0.10881131102044869,2.6432715126299175e-08,3.4809937283982176e+16,7.271651487042318e+16,CONVERGED
S3,S3_c08,High Micro-Stiffness (sqrt(c1)/a=0.8),0.10303030303030303,56042.924659263655,1,0.5186134444830973,0.16507978648679836,-3.235841591944e-06,3.235841591944e-06,True,0.8685101075030817,0.4956779850559341,3.4809937283982176e+16,7.271651487042318e+16,CONVERGED
S3,S3_c08,High Micro-Stiffness (sqrt(c1)/a=0.8),0.10303030303030303,56042.924659263655,2,0.00018972040029599998,6.038987902496296e-05,-0.8276737309067684,0.8276737309067684,False,2.2879900229513392,-0.00043407838823563024,3.4809937283982176e+16,7.271651487042318e+16,CONVERGED
S3,S3_c08,High Micro-Stiffness (sqrt(c1)/a=0.8),0.10303030303030303,56042.924659263655,3,2.8555377630991612e-05,9.089459003656102e-06,2.217232291225911,2.217232291225911,False,0.10891012353242753,-3.109969706151714e-06,3.4809937283982176e+16,7.271651487042318e+16,CONVERGED
S3,S3_c08,High Micro-Stiffness (sqrt(c1)/a=0.8),0.10303030303030303,56042.924659263655,4,0.5186064444418663,0.16507755830447082,1.4974575588344815e-06,1.4974575588344815e-06,True,0.8685094663232871,-0.4956695592793713,3.4809937283982176e+16,7.271651487042318e+16,CONVERGED
S3,S3_c08,High Micro-Stiffness (sqrt(c1)/a=0.8),0.12070707070707071,65658.13232139223,0,1.654072364487935e-07,5.2650758607990815e-08,2.235202488668199,2.235202488668199,False,0.10697046735251077,1.7693689386414855e-08,5.5492135875309736e+16,6.181983196545623e+16,CONVERGED
S3,S3_c08,High Micro-Stiffness (sqrt(c1)/a=0.8),0.12070707070707071,65658.13232139223,1,0.6030500295866018,0.19195678628084284,-1.0511193355851104e-06,1.0511193355851104e-06,True,0.823610468128765,0.5671577373443806,5.5492135875309736e+16,6.181983196545623e+16,CONVERGED
S3,S3_c08,High Micro-Stiffness (sqrt(c1)/a=0.8),0.12070707070707071,65658.13232139223,2,2.3767267548398446e-05,7.565356228230411e-06,-2.1502150629136123,2.1502150629136123,False,8.58670487796041,0.00020408251223205066,5.5492135875309736e+16,6.181983196545623e+16,CONVERGED
S3,S3_c08,High Micro-Stiffness (sqrt(c1)/a=0.8),0.12070707070707071,65658.13232139223,3,1.488960785464671e-05,4.73950938153387e-06,2.221589898048911,2.221589898048911,False,0.10843656859974242,-1.614577983672979e-06,5.5492135875309736e+16,6.181983196545623e+16,CONVERGED
S3,S3_c08,High Micro-Stiffness (sqrt(c1)/a=0.8),0.12070707070707071,65658.13232139223,4,0.6030490958487588,0.19195648906285628,-8.205689609768748e-07,8.205689609768748e-07,True,0.8236108078212462,-0.5671568375496349,5.5492135875309736e+16,6.181983196545623e+16,CONVERGED
S3,S3_c08,High Micro-Stiffness (sqrt(c1)/a=0.8),0.1383838383838384,75273.3399835208,0,2.270515124829209e-05,7.227274109629608e-06,-2.1238332246376497,2.1238332246376497,False,8.363133892538718,0.00018988621997243965,8.282629848773829e+16,1.2408706420807368e+17,CONVERGED
S3,S3_c08,High Micro-Stiffness (sqrt(c1)/a=0.8),0.1383838383838384,75273.3399835208,1,0.6857028000860983,0.21826598025131252,-9.668874844085658e-06,9.668874844085658e-06,True,0.7739816967239527,-0.6332232395237678,8.282629848773829e+16,1.2408706420807368e+17,CONVERGED
S3,S3_c08,High Micro-Stiffness (sqrt(c1)/a=0.8),0.1383838383838384,75273.3399835208,2,1.586040072413938e-07,5.0485223493301176e-08,-2.254094427109655,2.254094427109655,False,9.526662315610649,1.5109668188914375e-06,8.282629848773829e+16,1.2408706420807368e+17,CONVERGED
S3,S3_c08,High Micro-Stiffness (sqrt(c1)/a=0.8),0.1383838383838384,75273.3399835208,3,1.4162214138284508e-05,4.507972770467813e-06,2.2232825168410115,2.2232825168410115,False,0.10825318207264825,-1.5331047457660436e-06,8.282629848773829e+16,1.2408706420807368e+17,CONVERGED
S3,S3_c08,High Micro-Stiffness (sqrt(c1)/a=0.8),0.1383838383838384,75273.3399835208,4,0.6856886364657199,0.21826147183092193,-5.514305960170482e-07,5.514305960170482e-07,True,0.7739836085953281,0.6332065038260063,8.282629848773829e+16,1.2408706420807368e+17,CONVERGED
S3,S3_c08,High Micro-Stiffness (sqrt(c1)/a=0.8),0.15606060606060607,84888.54764564935,0,1.4178516341875073e-05,4.513161923037271e-06,-2.0979208023752314,2.0979208023752314,False,8.149208469868148,0.00011554368547111489,1.1755592599531928e+17,1.5662366452889507e+17,CONVERGED
S3,S3_c08,High Micro-Stiffness (sqrt(c1)/a=0.8),0.15606060606060607,84888.54764564935,1,0.7665035361561188,0.24398565335332725,3.8731370713374695e-06,3.8731370713374695e-06,True,0.7203374980549695,-0.6936181533464695,1.1755592599531928e+17,1.5662366452889507e+17,CONVERGED
S3,S3_c08,High Micro-Stiffness (sqrt(c1)/a=0.8),0.15606060606060607,84888.54764564935,2,1.4230265888990335e-07,4.5296343154895927e-08,-2.274552414313588,2.274552414313588,False,9.723565909517166,-1.3836892828155234e-06,1.1755592599531928e+17,1.5662366452889507e+17,CONVERGED
S3,S3_c08,High Micro-Stiffness (sqrt(c1)/a=0.8),0.15606060606060607,84888.54764564935,3,1.1994943536702322e-05,3.818109111948712e-06,2.2256462053977613,2.2256462053977613,False,0.10799760743642949,-1.2954252033610425e-06,1.1755592599531928e+17,1.5662366452889507e+17,CONVERGED
S3,S3_c08,High Micro-Stiffness (sqrt(c1)/a=0.8),0.15606060606060607,84888.54764564935,4,0.7664915816713579,0.24398184812264362,4.422099628349756e-06,4.422099628349756e-06,True,0.7203453944083835,0.6936091612677009,1.1755592599531928e+17,1.5662366452889507e+17,CONVERGED
S3,S3_c08,High Micro-Stiffness (sqrt(c1)/a=0.8),0.17373737373737375,94503.75530777793,0,3.703447382858242e-05,1.1788439149252645e-05,-2.076416430426428,2.076416430426428,False,7.975835672811785,0.00029538087762086556,1.6041378393574304e+17,1.7053521960933453e+17,CONVERGED
S3,S3_c08,High Micro-Stiffness (sqrt(c1)/a=0.8),0.17373737373737375,94503.75530777793,1,0.8454543809923893,0.26911648778727465,6.362934752796404e-06,6.362934752796404e-06,True,0.6633871290222392,-0.7482678606348792,1.6041378393574304e+17,1.7053521960933453e+17,CONVERGED
S3,S3_c08,High Micro-Stiffness (sqrt(c1)/a=0.8),0.17373737373737375,94503.75530777793,2,3.700524751438185e-07,1.177913612450589e-07,-2.29633321041188,2.29633321041188,False,9.937676197723679,-3.6774616741456266e-06,1.6041378393574304e+17,1.7053521960933453e+17,CONVERGED
S3,S3_c08,High Micro-Stiffness (sqrt(c1)/a=0.8),0.17373737373737375,94503.75530777793,3,1.635004661733954e-05,5.204381477865021e-06,2.2294312689842415,2.2294312689842415,False,0.10758960226830808,-1.7590950127846065e-06,1.6041378393574304e+17,1.7053521960933453e+17,CONVERGED
S3,S3_c08,High Micro-Stiffness (sqrt(c1)/a=0.8),0.17373737373737375,94503.75530777793,4,0.8454297158357493,0.26910863662407186,3.2086528802155445e-06,3.2086528802155445e-06,True,0.6634076775359473,0.7482538580596768,1.6041378393574304e+17,1.7053521960933453e+17,CONVERGED
S3,S3_c08,High Micro-Stiffness (sqrt(c1)/a=0.8),0.19141414141414143,104118.96296990648,0,5.0982381389965434e-05,1.6228196017618506e-05,-2.0469169057946375,2.0469169057946375,False,7.743988806216854,0.000394806991140232,2.119298475427189e+17,1.8879802182834534e+17,CONVERGED
S3,S3_c08,High Micro-Stiffness (sqrt(c1)/a=0.8),0.19141414141414143,104118.96296990648,1,0.9225086667978979,0.29364362873199934,1.3542293813593447e-06,1.3542293813593447e-06,True,0.6038215353189627,0.7971178363516626,2.119298475427189e+17,1.8879802182834534e+17,CONVERGED
S3,S3_c08,High Micro-Stiffness (sqrt(c1)/a=0.8),0.19141414141414143,104118.96296990648,2,1.1656141539474065e-06,3.7102650867721443e-07,2.319207116749401,2.319207116749401,False,0.09835153598298786,1.1463994240429022e-07,2.119298475427189e+17,1.8879802182834534e+17,CONVERGED
S3,S3_c08,High Micro-Stiffness (sqrt(c1)/a=0.8),0.19141414141414143,104118.96296990648,3,1.9156043194454115e-05,6.0975579289584675e-06,2.231974898017753,2.231974898017753,False,0.1073162819869895,-2.0557553334624448e-06,2.119298475427189e+17,1.8879802182834534e+17,CONVERGED
S3,S3_c08,High Micro-Stiffness (sqrt(c1)/a=0.8),0.19141414141414143,104118.96296990648,4,0.9225091210071108,0.2936437733112822,-1.7217113516097546e-06,1.7217113516097546e-06,True,0.6038230305816341,-0.797120562504721,2.119298475427189e+17,1.8879802182834534e+17,CONVERGED
S3,S3_c08,High Micro-Stiffness (sqrt(c1)/a=0.8),0.2090909090909091,113734.17063203505,0,2.4733938741004197e-07,7.873057225525897e-08,-2.3429829118895884,2.3429829118895884,False,10.412249107552281,2.57535931582279e-06,2.7284088818339226e+17,4.767627103150213e+16,CONVERGED
S3,S3_c08,High Micro-Stiffness (sqrt(c1)/a=0.8),0.2090909090909091,113734.17063203505,1,0.9977905102834196,0.3176065837635817,-2.3810443308272224e-06,2.3810443308272224e-06,True,0.5421614979166929,0.8402771401607497,2.7284088818339226e+17,4.767627103150213e+16,CONVERGED
S3,S3_c08,High Micro-Stiffness (sqrt(c1)/a=0.8),0.2090909090909091,113734.17063203505,2,2.1807120869458793e-06,6.941422161953595e-07,-2.0152470464999315,2.0152470464999315,False,7.502580638542535,-1.6360968281781773e-05,2.7284088818339226e+17,4.767627103150213e+16,CONVERGED
S3,S3_c08,High Micro-Stiffness (sqrt(c1)/a=0.8),0.2090909090909091,113734.17063203505,3,7.435424463480499e-06,2.3667691146986505e-06,2.234358013945047,2.234358013945047,False,0.10706083935842363,-7.960427840610488e-07,2.7284088818339226e+17,4.767627103150213e+16,CONVERGED
S3,S3_c08,High Micro-Stiffness (sqrt(c1)/a=0.8),0.2090909090909091,113734.17063203505,4,0.997786999443599,0.317605466228558,-3.4698625103472926e-06,3.4698625103472926e-06,True,0.5421650383106241,-0.8402761516208467,2.7284088818339226e+17,4.767627103150213e+16,CONVERGED
S3,S3_c08,High Micro-Stiffness (sqrt(c1)/a=0.8),0.22676767676767678,123349.37829416365,0,7.393108407371723e-07,2.3532994956949194e-07,2.3674724006050134,2.3674724006050134,False,0.09371730696986823,6.928622100752956e-08,3.4380026051166266e+17,9.232733610365002e+16,CONVERGED
S3,S3_c08,High Micro-Stiffness (sqrt(c1)/a=0.8),0.22676767676767678,123349.37829416365,1,1.0712957129789424,0.34100401646751005,-9.848808197287402e-07,9.848808197287402e-07,True,0.4789876979800736,0.8778227354923824,3.4380026051166266e+17,9.232733610365002e+16,CONVERGED
S3,S3_c08,High Micro-Stiffness (sqrt(c1)/a=0.8),0.22676767676767678,123349.37829416365,2,6.460687565351722e-06,2.0565007235961383e-06,-1.9871480374190693,1.9871480374190693,False,7.29469985648875,-4.7128776656445584e-05,3.4380026051166266e+17,9.232733610365002e+16,CONVERGED
S3,S3_c08,High Micro-Stiffness (sqrt(c1)/a=0.8),0.22676767676767678,123349.37829416365,3,6.075097823328059e-06,1.933763696698949e-06,2.237760426567371,2.237760426567371,False,0.10669719319617209,-6.481958861492527e-07,3.4380026051166266e+17,9.232733610365002e+16,CONVERGED
S3,S3_c08,High Micro-Stiffness (sqrt(c1)/a=0.8),0.22676767676767678,123349.37829416365,4,1.0712973126862446,0.3410045256701593,-7.58895419773121e-06,7.58895419773121e-06,True,0.47898945699109663,-0.8778292989613384,3.4380026051166266e+17,9.232733610365002e+16,CONVERGED
S3,S3_c08,High Micro-Stiffness (sqrt(c1)/a=0.8),0.24444444444444446,132964.58595629223,0,1.3705411742037362e-08,4.362568051709901e-09,-2.3925291969871534,2.3925291969871534,False,10.94113125441174,1.4995270876538664e-07,4.243946262791609e+17,5.0333109813545416e+16,CONVERGED
S3,S3_c08,High Micro-Stiffness (sqrt(c1)/a=0.8),0.24444444444444446,132964.58595629223,1,1.1431323841154557,0.363870339080796,-1.9636289362613835e-07,1.9636289362613835e-07,True,0.41474635224200745,0.9099372813704322,4.243946262791609e+17,5.0333109813545416e+16,CONVERGED
S3,S3_c08,High Micro-Stiffness (sqrt(c1)/a=0.8),0.24444444444444446,132964.58595629223,2,4.474492002875751e-06,1.424275040165662e-06,-1.9535476161149368,1.9535476161149368,False,7.053666948251878,-3.156157635111267e-05,4.243946262791609e+17,5.0333109813545416e+16,CONVERGED
S3,S3_c08,High Micro-Stiffness (sqrt(c1)/a=0.8),0.24444444444444446,132964.58595629223,3,6.224122145534674e-06,1.9811996117391533e-06,2.2400871137777645,2.2400871137777645,False,0.10644923077863425,-6.625530146729843e-07,4.243946262791609e+17,5.0333109813545416e+16,CONVERGED
S3,S3_c08,High Micro-Stiffness (sqrt(c1)/a=0.8),0.24444444444444446,132964.58595629223,4,1.143135437095785,0.3638713108746171,-1.6211124054883876e-06,1.6211124054883876e-06,True,0.41474416512557966,-0.9099398440140716,4.243946262791609e+17,5.0333109813545416e+16,CONVERGED
S3,S3_c08,High Micro-Stiffness (sqrt(c1)/a=0.8),0.2621212121212121,142579.79361842075,0,4.7322611050948336e-07,1.506325493754716e-07,-2.4180159997187904,2.4180159997187904,False,11.223569645504066,-5.3112862093745865e-06,5.1680439658547136e+17,5.4754110759026504e+16,CONVERGED
S3,S3_c08,High Micro-Stiffness (sqrt(c1)/a=0.8),0.2621212121212121,142579.79361842075,1,1.2133459426399023,0.3862200089032715,7.300479284098403e-06,7.300479284098403e-06,True,0.3498843591706297,0.9367851057503973,5.1680439658547136e+17,5.4754110759026504e+16,CONVERGED
S3,S3_c08,High Micro-Stiffness (sqrt(c1)/a=0.8),0.2621212121212121,142579.79361842075,2,0.00012494761944517642,3.97720625245297e-05,-1.924429664322773,1.924429664322773,False,6.85123999128085,0.0008560461316129712,5.1680439658547136e+17,5.4754110759026504e+16,CONVERGED
S3,S3_c08,High Micro-Stiffness (sqrt(c1)/a=0.8),0.2621212121212121,142579.79361842075,3,3.6452493799183214e-05,1.1603189152333344e-05,2.243533433464348,2.243533433464348,False,0.10608300406008765,-3.866990049411872e-06,5.1680439658547136e+17,5.4754110759026504e+16,CONVERGED
S3,S3_c08,High Micro-Stiffness (sqrt(c1)/a=0.8),0.2621212121212121,142579.79361842075,4,1.2133496147604914,0.3862211777755583,-1.3000223390331374e-05,1.3000223390331374e-05,True,0.3498880220810047,-0.9368054081766595,5.1680439658547136e+17,5.4754110759026504e+16,CONVERGED
S3,S3_c08,High Micro-Stiffness (sqrt(c1)/a=0.8),0.27979797979797977,152195.0012805493,0,1.1452628036829305e-05,3.6454847269084263e-06,2.4438219893893707,2.4438219893893707,False,0.08682835940212484,-9.94412903324143e-07,6.19585006977412e+17,1.394609379172337e+17,CONVERGED
S3,S3_c08,High Micro-Stiffness (sqrt(c1)/a=0.8),0.27979797979797977,152195.0012805493,1,1.2820326423879438,0.4080836644824108,1.2717653948239923e-05,1.2717653948239923e-05,True,0.2847636934766895,0.9585844792677859,6.19585006977412e+17,1.394609379172337e+17,CONVERGED
S3,S3_c08,High Micro-Stiffness (sqrt(c1)/a=0.8),0.27979797979797977,152195.0012805493,2,9.717870665643978e-05,3.0932943055299326e-05,-1.8894748010070386,1.8894748010070386,False,6.615893076802106,-0.0006429239346047831,6.19585006977412e+17,1.394609379172337e+17,CONVERGED
S3,S3_c08,High Micro-Stiffness (sqrt(c1)/a=0.8),0.27979797979797977,152195.0012805493,3,1.6833024353039526e-05,5.358118065944988e-06,2.2456221683420514,2.2456221683420514,False,0.1058616560940527,1.7819718352525918e-06,6.19585006977412e+17,1.394609379172337e+17,CONVERGED
S3,S3_c08,High Micro-Stiffness (sqrt(c1)/a=0.8),0.27979797979797977,152195.0012805493,4,1.2820409542640832,0.4080863102347587,-1.2531305280095075e-05,1.2531305280095075e-05,True,0.2847629157078716,-0.9586110497809743,6.19585006977412e+17,1.394609379172337e+17,CONVERGED
S3,S3_c08,High Micro-Stiffness (sqrt(c1)/a=0.8),0.29747474747474745,161810.20894267788,0,8.348475554239036e-06,2.6574023034779864e-06,2.469844953592684,2.469844953592684,False,0.0845979745938548,7.062641228513401e-07,7.349558767771994e+17,1.7180466917993466e+17,CONVERGED
S3,S3_c08,High Micro-Stiffness (sqrt(c1)/a=0.8),0.29747474747474745,161810.20894267788,1,1.3492790273345563,0.4294888536210384,2.7664276214276445e-06,2.7664276214276445e-06,True,0.2197094921708678,-0.9755625075873318,7.349558767771994e+17,1.7180466917993466e+17,CONVERGED
S3,S3_c08,High Micro-Stiffness (sqrt(c1)/a=0.8),0.29747474747474745,161810.20894267788,2,0.00010540885808932196,3.3552681621175416e-05,-1.8521321004789055,1.8521321004789055,False,6.3733937271237675,-0.0006718121574179384,7.349558767771994e+17,1.7180466917993466e+17,CONVERGED
S3,S3_c08,High Micro-Stiffness (sqrt(c1)/a=0.8),0.29747474747474745,161810.20894267788,3,1.908007212177837e-05,6.073375585461791e-06,2.2470446586369457,2.2470446586369457,False,0.10571117596502505,2.016976861735442e-06,7.349558767771994e+17,1.7180466917993466e+17,CONVERGED
S3,S3_c08,High Micro-Stiffness (sqrt(c1)/a=0.8),0.29747474747474745,161810.20894267788,4,1.3492777768494277,0.42948845557925946,-4.7446846438172995e-06,4.7446846438172995e-06,True,0.21971236237512592,0.9755695604280882,7.349558767771994e+17,1.7180466917993466e+17,CONVERGED
S3,S3_c08,High Micro-Stiffness (sqrt(c1)/a=0.8),0.3151515151515151,171425.41660480644,0,5.8873236075112675e-06,1.8739933074340556e-06,2.4960117242548376,2.4960117242548376,False,0.0824130299363756,-4.851921767165626e-07,8.622405681805161e+17,8.58551665015791e+16,CONVERGED
S3,S3_c08,High Micro-Stiffness (sqrt(c1)/a=0.8),0.3151515151515151,171425.41660480644,1,1.4151773438867248,0.45046493926246256,-1.5848697852618267e-05,1.5848697852618267e-05,True,0.1549940883631444,0.9879314401670547,8.622405681805161e+17,8.58551665015791e+16,CONVERGED
S3,S3_c08,High Micro-Stiffness (sqrt(c1)/a=0.8),0.3151515151515151,171425.41660480644,2,6.628672596187038e-05,2.1099720196419082e-05,-1.8141907151192307,1.8141907151192307,False,6.1361082943440906,0.00040674252957527933,8.622405681805161e+17,8.58551665015791e+16,CONVERGED
S3,S3_c08,High Micro-Stiffness (sqrt(c1)/a=0.8),0.3151515151515151,171425.41660480644,3,2.339864724407085e-05,7.4480207411148605e-06,2.2481561121354443,2.2481561121354443,False,0.10559374816883343,-2.470750865032695e-06,8.622405681805161e+17,8.58551665015791e+16,CONVERGED
S3,S3_c08,High Micro-Stiffness (sqrt(c1)/a=0.8),0.3151515151515151,171425.41660480644,4,1.4151764404928238,0.4504646517032528,-1.6315286597595406e-05,1.6315286597595406e-05,True,0.15499505317324938,-0.9879317611036704,8.622405681805161e+17,8.58551665015791e+16,CONVERGED
S3,S3_c08,High Micro-Stiffness (sqrt(c1)/a=0.8),0.3328282828282828,181040.62426693502,0,1.2778529846958988e-05,4.067532381181688e-06,2.5222487818565105,2.5222487818565105,False,0.08027887392963758,1.0258459866459686e-06,1.0001814378297473e+18,1.4608940825280157e+17,CONVERGED
S3,S3_c08,High Micro-Stiffness (sqrt(c1)/a=0.8),0.3328282828282828,181040.62426693502,1,1.4797587513247787,0.4710218397136585,2.91027045467522e-05,2.91027045467522e-05,True,0.09090923101482619,-0.9958299593811694,1.0001814378297473e+18,1.4608940825280157e+17,CONVERGED
S3,S3_c08,High Micro-Stiffness (sqrt(c1)/a=0.8),0.3328282828282828,181040.62426693502,2,5.779043447817646e-06,1.8395266621260161e-06,-1.7764537464863301,1.7764537464863301,False,5.908864886977654,3.414758690950811e-05,1.0001814378297473e+18,1.4608940825280157e+17,CONVERGED
S3,S3_c08,High Micro-Stiffness (sqrt(c1)/a=0.8),0.3328282828282828,181040.62426693502,3,7.839712162642764e-06,2.4954578862044975e-06,2.2491075505610545,2.2491075505610545,False,0.10549333002338664,-8.270373424789748e-07,1.0001814378297473e+18,1.4608940825280157e+17,CONVERGED
S3,S3_c08,High Micro-Stiffness (sqrt(c1)/a=0.8),0.3328282828282828,181040.62426693502,4,1.4797669025894986,0.4710244343418038,2.149152382836097e-06,2.149152382836097e-06,True,0.09090356387912199,0.9958575419097585,1.0001814378297473e+18,1.4608940825280157e+17,CONVERGED
S3,S3_c08,High Micro-Stiffness (sqrt(c1)/a=0.8),0.3505050505050505,190655.83192906357,0,1.6583609200856075e-06,5.278726757240961e-07,-2.54850499288894,2.54850499288894,False,12.78797137652337,-2.120707197801915e-05,1.1536856641591421e+18,1.8747892777068784e+17,CONVERGED
S3,S3_c08,High Micro-Stiffness (sqrt(c1)/a=0.8),0.3505050505050505,190655.83192906357,1,1.543207660837685,0.49121825487919735,2.2950192426700224e-05,2.2950192426700224e-05,True,0.02758453323192674,-0.9995965156976738,1.1536856641591421e+18,1.8747892777068784e+17,CONVERGED
S3,S3_c08,High Micro-Stiffness (sqrt(c1)/a=0.8),0.3505050505050505,190655.83192906357,2,3.3157967782041444e-05,1.0554508950787411e-05,-1.7379431487984631,1.7379431487984631,False,5.685636875318919,0.00018852416440130252,1.1536856641591421e+18,1.8747892777068784e+17,CONVERGED
S3,S3_c08,High Micro-Stiffness (sqrt(c1)/a=0.8),0.3505050505050505,190655.83192906357,3,1.5227876211549724e-05,4.847183543719246e-06,2.249594368811472,2.249594368811472,False,0.1054419864345587,-1.6056575170494761e-06,1.1536856641591421e+18,1.8747892777068784e+17,CONVERGED
S3,S3_c08,High Micro-Stiffness (sqrt(c1)/a=0.8),0.3505050505050505,190655.83192906357,4,1.5432085919195662,0.491218551251765,-9.575216592898096e-06,9.575216592898096e-06,True,0.027584499708255602,0.999629054195806,1.1536856641591421e+18,1.8747892777068784e+17,CONVERGED
S3,S3_c08,High Micro-Stiffness (sqrt(c1)/a=0.8),0.36818181818181817,200271.03959119215,0,1.7075680726639565e-06,5.435357988607388e-07,-2.5747262850745196,2.5747262850745196,False,13.127723412826729,2.2416481366527822e-05,1.3154514233040333e+18,4.0542792108284806e+17,CONVERGED
S3,S3_c08,High Micro-Stiffness (sqrt(c1)/a=0.8),0.36818181818181817,200271.03959119215,1,1.6054738646309805,0.511038203121738,1.7473669529695207e-06,1.7473669529695207e-06,True,-0.03467052753242128,0.9993970481209279,1.3154514233040333e+18,4.0542792108284806e+17,CONVERGED
S3,S3_c08,High Micro-Stiffness (sqrt(c1)/a=0.8),0.36818181818181817,200271.03959119215,2,0.0001284152860284122,4.087585507996281e-05,-1.6983779813338498,1.6983779813338498,False,5.465075698753742,-0.0007017992628800565,1.3154514233040333e+18,4.0542792108284806e+17,CONVERGED
S3,S3_c08,High Micro-Stiffness (sqrt(c1)/a=0.8),0.36818181818181817,200271.03959119215,3,2.9735113391824514e-05,9.46498055941377e-06,2.249480280428385,2.249480280428385,False,0.10545401679215817,3.135687147862357e-06,1.3154514233040333e+18,4.0542792108284806e+17,CONVERGED
S3,S3_c08,High Micro-Stiffness (sqrt(c1)/a=0.8),0.36818181818181817,200271.03959119215,4,1.6054904450733518,0.511043480840462,-2.7114228297772747e-05,2.7114228297772747e-05,True,-0.034688099112246455,-0.9994253177236225,1.3154514233040333e+18,4.0542792108284806e+17,CONVERGED
S3,S3_c08,High Micro-Stiffness (sqrt(c1)/a=0.8),0.38585858585858585,209886.2472533207,0,2.37219711763096e-05,7.550937945186273e-06,2.600845138729025,2.600845138729025,False,0.07421083323379368,1.7604272472721885e-06,1.4995642647862907e+18,6.359481230173747e+16,CONVERGED
S3,S3_c08,High Micro-Stiffness (sqrt(c1)/a=0.8),0.38585858585858585,209886.2472533207,1,1.6667206205679297,0.5305336510331546,1.2746126236372764e-05,1.2746126236372764e-05,True,-0.09577603323650159,-0.9953901041953012,1.4995642647862907e+18,6.359481230173747e+16,CONVERGED
S3,S3_c08,High Micro-Stiffness (sqrt(c1)/a=0.8),0.38585858585858585,209886.2472533207,2,1.4422862920969198e-05,4.59093985481812e-06,-1.6575056424448515,1.6575056424448515,False,5.246208589808088,7.566534735085979e-05,1.4995642647862907e+18,6.359481230173747e+16,CONVERGED
S3,S3_c08,High Micro-Stiffness (sqrt(c1)/a=0.8),0.38585858585858585,209886.2472533207,3,1.013579215066381e-05,3.2263228458603565e-06,2.24862708145283,2.24862708145283,False,0.10554402848595625,-1.069772335514027e-06,1.4995642647862907e+18,6.359481230173747e+16,CONVERGED
S3,S3_c08,High Micro-Stiffness (sqrt(c1)/a=0.8),0.38585858585858585,209886.2472533207,4,1.6666781555729564,0.530520134005438,-1.766888244929864e-05,1.766888244929864e-05,True,-0.09573667570192974,0.9954244458093383,1.4995642647862907e+18,6.359481230173747e+16,CONVERGED
S3,S3_c08,High Micro-Stiffness (sqrt(c1)/a=0.8),0.4035353535353535,219501.45491544926,0,3.7894558892113316e-06,1.2062212727933542e-06,-2.6268933872924416,2.6268933872924416,False,13.830736351048952,5.2410965317862565e-05,1.691634718175532e+18,9.048906625981531e+16,CONVERGED
S3,S3_c08,High Micro-Stiffness (sqrt(c1)/a=0.8),0.4035353535353535,219501.45491544926,1,1.7270342903217102,0.5497320883878073,7.036193745589833e-06,7.036193745589833e-06,True,-0.15560200807028818,0.9878127063345654,1.691634718175532e+18,9.048906625981531e+16,CONVERGED
S3,S3_c08,High Micro-Stiffness (sqrt(c1)/a=0.8),0.4035353535353535,219501.45491544926,2,1.22212578730753e-05,3.890147202601355e-06,-1.6159240628935982,1.6159240628935982,False,5.032536155054752,6.150392210956104e-05,1.691634718175532e+18,9.048906625981531e+16,CONVERGED
S3,S3_c08,High Micro-Stiffness (sqrt(c1)/a=0.8),0.4035353535353535,219501.45491544926,3,9.552516960522764e-06,3.040660586472731e-06,2.247149231568132,2.247149231568132,False,0.10570012202989468,-1.0097022084506067e-06,1.691634718175532e+18,9.048906625981531e+16,CONVERGED
S3,S3_c08,High Micro-Stiffness (sqrt(c1)/a=0.8),0.4035353535353535,219501.45491544926,4,1.726993128388276,0.5497189861374607,2.291204348795122e-06,2.291204348795122e-06,True,-0.15556208579631386,-0.9878237975795592,1.691634718175532e+18,9.048906625981531e+16,CONVERGED
S3,S3_c08,High Micro-Stiffness (sqrt(c1)/a=0.8),0.4212121212121212,229116.66257757787,0,9.588259612893019e-07,3.0520378260806136e-07,-2.652787063251138,2.652787063251138,False,14.193541869754656,-1.3609136427371634e-05,1.902540326371052e+18,2.0445551523030035e+17,CONVERGED
S3,S3_c08,High Micro-Stiffness (sqrt(c1)/a=0.8),0.4212121212121212,229116.66257757787,1,1.7863620283323463,0.5686166939215146,2.46767603163077e-07,2.46767603163077e-07,True,-0.21390001839842562,-0.976855305863703,1.902540326371052e+18,2.0445551523030035e+17,CONVERGED
S3,S3_c08,High Micro-Stiffness (sqrt(c1)/a=0.8),0.4212121212121212,229116.66257757787,2,0.0007135687272538019,0.00022713598035647008,-1.5755859365844405,1.5755859365844405,False,4.833571725185381,-0.003449086209432799,1.902540326371052e+18,2.0445551523030035e+17,CONVERGED
S3,S3_c08,High Micro-Stiffness (sqrt(c1)/a=0.8),0.4212121212121212,229116.66257757787,3,0.000214019551156253,6.812453896965286e-05,2.2455914226521902,2.2455914226521902,False,0.10586490852419579,2.2657160551478474e-05,1.902540326371052e+18,2.0445551523030035e+17,CONVERGED
S3,S3_c08,High Micro-Stiffness (sqrt(c1)/a=0.8),0.4212121212121212,229116.66257757787,4,1.7863613889506296,0.5686164903999932,-2.3347303962201223e-06,2.3347303962201223e-06,True,-0.21389994599652945,0.97685796438089,1.902540326371052e+18,2.0445551523030035e+17,CONVERGED
S3,S3_c08,High Micro-Stiffness (sqrt(c1)/a=0.8),0.4388888888888889,238731.87023970645,0,8.534222792286268e-06,2.7165274856797543e-06,2.6785168753431057,2.6785168753431057,False,0.06866491730132249,-5.860017022776248e-07,2.1143556742939574e+18,8.72979626471742e+16,CONVERGED
S3,S3_c08,High Micro-Stiffness (sqrt(c1)/a=0.8),0.4388888888888889,238731.87023970645,1,1.8448469774232998,0.5872330314101208,8.16274741297368e-06,8.16274741297368e-06,True,-0.27063092786809606,0.9626746987013254,2.1143556742939574e+18,8.72979626471742e+16,CONVERGED
S3,S3_c08,High Micro-Stiffness (sqrt(c1)/a=0.8),0.4388888888888889,238731.87023970645,2,0.00018792519784927426,5.981844833846884e-05,-1.5292422787952402,1.5292422787952402,False,4.614678775716996,-0.0008672144321462768,2.1143556742939574e+18,8.72979626471742e+16,CONVERGED
S3,S3_c08,High Micro-Stiffness (sqrt(c1)/a=0.8),0.4388888888888889,238731.87023970645,3,5.3861245128904274e-05,1.714456680669877e-05,2.2416736239411232,2.2416736239411232,False,0.10628048173632917,5.724399084754018e-06,2.1143556742939574e+18,8.72979626471742e+16,CONVERGED
S3,S3_c08,High Micro-Stiffness (sqrt(c1)/a=0.8),0.4388888888888889,238731.87023970645,4,1.8448661278263834,0.5872391271727467,1.6241830720771152e-06,1.6241830720771152e-06,True,-0.2706511330910502,-0.9626758103305922,2.1143556742939574e+18,8.72979626471742e+16,CONVERGED
S3,S3_c08,High Micro-Stiffness (sqrt(c1)/a=0.8),0.45656565656565656,248347.077901835,0,2.8456819896964916e-07,9.058087102555532e-08,-2.704079355284294,2.704079355284294,False,14.940555413482805,4.251606945621158e-06,2.3657984111715057e+18,1.2899133241511242e+17,CONVERGED
S3,S3_c08,High Micro-Stiffness (sqrt(c1)/a=0.8),0.45656565656565656,248347.077901835,1,1.9026119189666308,0.6056201833781919,8.643463943742116e-06,8.643463943742116e-06,True,-0.32575730475705245,0.9454442826623637,2.3657984111715057e+18,1.2899133241511242e+17,CONVERGED
S3,S3_c08,High Micro-Stiffness (sqrt(c1)/a=0.8),0.45656565656565656,248347.077901835,2,0.00010760517509546651,3.4251791037424814e-05,-1.4844850777445804,1.4844850777445804,False,4.412692608486021,0.00047482856261126915,2.3657984111715057e+18,1.2899133241511242e+17,CONVERGED
S3,S3_c08,High Micro-Stiffness (sqrt(c1)/a=0.8),0.45656565656565656,248347.077901835,3,4.116067605266306e-05,1.3101850109571058e-05,2.2376659294048475,2.2376659294048475,False,0.10670727616615835,-4.39214362921769e-06,2.3657984111715057e+18,1.2899133241511242e+17,CONVERGED
S3,S3_c08,High Micro-Stiffness (sqrt(c1)/a=0.8),0.45656565656565656,248347.077901835,4,1.9026001137839497,0.6056164256718363,-4.018130081333818e-06,4.018130081333818e-06,True,-0.32575026808341856,-0.9454600991771331,2.3657984111715057e+18,1.2899133241511242e+17,CONVERGED
S3,S3_c08,High Micro-Stiffness (sqrt(c1)/a=0.8),0.4742424242424242,257962.28556396352,0,8.242374510521204e-06,2.6236292923281818e-06,2.7294420152246066,2.7294420152246066,False,0.06525569119141175,-5.378618457547155e-07,2.6151633576972733e+18,2.345248166726641e+17,CONVERGED
S3,S3_c08,High Micro-Stiffness (sqrt(c1)/a=0.8),0.4742424242424242,257962.28556396352,1,1.959640930978304,0.6237730817008016,8.99556333264057e-06,8.99556333264057e-06,True,-0.3791161151598342,0.9253393865286884,2.6151633576972733e+18,2.345248166726641e+17,CONVERGED
S3,S3_c08,High Micro-Stiffness (sqrt(c1)/a=0.8),0.4742424242424242,257962.28556396352,2,0.00011021132853553137,3.508135544230935e-05,-1.4379896612305234,1.4379896612305234,False,4.212219286157901,0.00046423428549006285,2.6151633576972733e+18,2.345248166726641e+17,CONVERGED
S3,S3_c08,High Micro-Stiffness (sqrt(c1)/a=0.8),0.4742424242424242,257962.28556396352,3,4.311136692521163e-05,1.3722774299191752e-05,2.2324709446112565,2.2324709446112565,False,0.10726306123194224,-4.624257193156571e-06,2.6151633576972733e+18,2.345248166726641e+17,CONVERGED
S3,S3_c08,High Micro-Stiffness (sqrt(c1)/a=0.8),0.4742424242424242,257962.28556396352,4,1.9596349931247525,0.6237711916233134,-6.539620355982453e-06,6.539620355982453e-06,True,-0.3791165102222657,-0.9253560131123244,2.6151633576972733e+18,2.345248166726641e+17,CONVERGED
S3,S3_c08,High Micro-Stiffness (sqrt(c1)/a=0.8),0.49191919191919187,267577.4932260921,0,2.4144184662658133e-06,7.685332671971135e-07,-2.7546030757764473,2.7546030757764473,False,15.714802079056046,-3.794210833345904e-05,2.8913519138980347e+18,2.992645906385231e+17,CONVERGED
S3,S3_c08,High Micro-Stiffness (sqrt(c1)/a=0.8),0.49191919191919187,267577.4932260921,1,2.0160437136380605,0.6417266450296777,3.273996974629854e-05,3.273996974629854e-05,True,-0.4306670608723214,-0.9024746006862842,2.8913519138980347e+18,2.992645906385231e+17,CONVERGED
S3,S3_c08,High Micro-Stiffness (sqrt(c1)/a=0.8),0.49191919191919187,267577.4932260921,2,0.00013859050559886568,4.411472806332894e-05,-1.3905843235926143,1.3905843235926143,False,4.017196671557965,0.0005567453213658288,2.8913519138980347e+18,2.992645906385231e+17,CONVERGED
S3,S3_c08,High Micro-Stiffness (sqrt(c1)/a=0.8),0.49191919191919187,267577.4932260921,3,5.363409169046507e-05,1.707226162156293e-05,2.2262990997156353,2.2262990997156353,False,0.10792711927783688,-5.788573016785764e-06,2.8913519138980347e+18,2.992645906385231e+17,CONVERGED
S3,S3_c08,High Micro-Stiffness (sqrt(c1)/a=0.8),0.49191919191919187,267577.4932260921,4,2.0160482738564256,0.6417280965922665,1.4694336702137002e-05,1.4694336702137002e-05,True,-0.4306789481532259,0.9024889225780389,2.8913519138980347e+18,2.992645906385231e+17,CONVERGED
S3,S3_c08,High Micro-Stiffness (sqrt(c1)/a=0.8),0.5095959595959596,277192.70088822074,0,2.015286684654917e-06,6.414856752202155e-07,-2.7795615863722785,2.7795615863722785,False,16.111955698409698,3.247020978279893e-05,3.143095639904468e+18,9.81500060512283e+16,CONVERGED
S3,S3_c08,High Micro-Stiffness (sqrt(c1)/a=0.8),0.5095959595959596,277192.70088822074,1,2.0718695641421268,0.6594965651497404,7.75139628633382e-06,7.75139628633382e-06,True,-0.4803633931922908,0.8770607207077419,3.143095639904468e+18,9.81500060512283e+16,CONVERGED
S3,S3_c08,High Micro-Stiffness (sqrt(c1)/a=0.8),0.5095959595959596,277192.70088822074,2,0.00012322775588842345,3.922461295152801e-05,-1.3414549970031433,1.3414549970031433,False,3.8246042176330097,0.00047129739728587816,3.143095639904468e+18,9.81500060512283e+16,CONVERGED
S3,S3_c08,High Micro-Stiffness (sqrt(c1)/a=0.8),0.5095959595959596,277192.70088822074,3,5.0055852375979384e-05,1.5933272672630627e-05,2.2188011270142094,2.2188011270142094,False,0.10873939529825417,-5.443043123048686e-06,3.143095639904468e+18,9.81500060512283e+16,CONVERGED
S3,S3_c08,High Micro-Stiffness (sqrt(c1)/a=0.8),0.5095959595959596,277192.70088822074,4,2.0718580076112434,0.6594928865917102,-6.002566102025749e-06,6.002566102025749e-06,True,-0.4803598641869785,-0.8770783352030385,3.143095639904468e+18,9.81500060512283e+16,CONVERGED
S3,S3_c08,High Micro-Stiffness (sqrt(c1)/a=0.8),0.5272727272727272,286807.90855034924,0,1.619156151301639e-06,5.153934102346093e-07,2.804283111597511,2.804283111597511,False,0.060550163326834425,-9.804016941304855e-08,3.412643172932838e+18,8.781730443404594e+16,CONVERGED
S3,S3_c08,High Micro-Stiffness (sqrt(c1)/a=0.8),0.5272727272727272,286807.90855034924,1,2.1271497810991913,0.6770928047175588,3.6318495447387943e-06,3.6318495447387943e-06,True,-0.5280912006724897,0.8491833842578288,3.412643172932838e+18,8.781730443404594e+16,CONVERGED
S3,S3_c08,High Micro-Stiffness (sqrt(c1)/a=0.8),0.5272727272727272,286807.90855034924,2,0.0003555952413513746,0.00011318948080205362,-1.2916646572693053,1.2916646572693053,False,3.638838706410915,-0.0012939537825841924,3.412643172932838e+18,8.781730443404594e+16,CONVERGED
S3,S3_c08,High Micro-Stiffness (sqrt(c1)/a=0.8),0.5272727272727272,286807.90855034924,3,0.0001270870775709965,4.045307319705448e-05,2.2102963260639616,2.2102963260639616,False,0.10966814528437469,1.3937404161857561e-05,3.412643172932838e+18,8.781730443404594e+16,CONVERGED
S3,S3_c08,High Micro-Stiffness (sqrt(c1)/a=0.8),0.5272727272727272,286807.90855034924,4,2.1271478922447478,0.6770922034765159,7.60963151986803e-07,7.60963151986803e-07,True,-0.5280911127751526,-0.8491868196591108,3.412643172932838e+18,8.781730443404594e+16,CONVERGED
S3,S3_c08,High Micro-Stiffness (sqrt(c1)/a=0.8),0.544949494949495,296423.11621247785,0,2.9779238590386337e-05,9.479026046345822e-06,2.828717348650724,2.828717348650724,False,0.059088595124203856,-1.7596133726945489e-06,3.721661131793964e+18,6.732831170597254e+16,CONVERGED
S3,S3_c08,High Micro-Stiffness (sqrt(c1)/a=0.8),0.544949494949495,296423.11621247785,1,2.182002555078535,0.6945529849597889,5.1905991627970525e-05,5.1905991627970525e-05,True,-0.5738259399478138,0.8189139051500038,3.721661131793964e+18,6.732831170597254e+16,CONVERGED
S3,S3_c08,High Micro-Stiffness (sqrt(c1)/a=0.8),0.544949494949495,296423.11621247785,2,3.973700354452957e-05,1.2648681075544093e-05,-1.2387247922393276,1.2387247922393276,False,3.451209645417085,0.00013714072998503643,3.721661131793964e+18,6.732831170597254e+16,CONVERGED
S3,S3_c08,High Micro-Stiffness (sqrt(c1)/a=0.8),0.544949494949495,296423.11621247785,3,2.0753556340007933e-05,6.6060621564968125e-06,2.1997717175188405,2.1997717175188405,False,0.11082845564573385,-2.300084598650031e-06,3.721661131793964e+18,6.732831170597254e+16,CONVERGED
S3,S3_c08,High Micro-Stiffness (sqrt(c1)/a=0.8),0.544949494949495,296423.11621247785,4,2.181937484357499,0.694532272305982,7.671418143433463e-06,7.671418143433463e-06,True,-0.5737980325646007,-0.8189874694440735,3.721661131793964e+18,6.732831170597254e+16,CONVERGED
S3,S3_c08,High Micro-Stiffness (sqrt(c1)/a=0.8),0.5626262626262627,306038.32387460646,0,5.418440722716974e-07,1.7247432497416565e-07,-2.8530769784717127,2.8530769784717127,False,17.341057895715664,-9.396149427714767e-06,4.080262843921644e+18,5.547373492358677e+16,CONVERGED
S3,S3_c08,High Micro-Stiffness (sqrt(c1)/a=0.8),0.5626262626262627,306038.32387460646,1,2.236461791215591,0.7118878982162314,3.709126079473975e-06,3.709126079473975e-06,True,-0.6175803704941586,0.7865030627757619,4.080262843921644e+18,5.547373492358677e+16,CONVERGED
S3,S3_c08,High Micro-Stiffness (sqrt(c1)/a=0.8),0.5626262626262627,306038.32387460646,2,0.00030835082138322515,9.815111485917277e-05,-1.1846224193127595,1.1846224193127595,False,3.2694519509749775,0.0010081382265074604,4.080262843921644e+18,5.547373492358677e+16,CONVERGED
S3,S3_c08,High Micro-Stiffness (sqrt(c1)/a=0.8),0.5626262626262627,306038.32387460646,3,0.00012853924633667547,4.0915312871577405e-05,2.1878849136808363,2.1878849136808363,False,0.11215371178611197,-1.4416153666243737e-05,4.080262843921644e+18,5.547373492358677e+16,CONVERGED
S3,S3_c08,High Micro-Stiffness (sqrt(c1)/a=0.8),0.5626262626262627,306038.32387460646,4,2.2364619835705284,0.7118879594447096,-4.672087487462095e-06,4.672087487462095e-06,True,-0.6175856978778335,-0.7865095358578822,4.080262843921644e+18,5.547373492358677e+16,CONVERGED
S3,S3_c08,High Micro-Stiffness (sqrt(c1)/a=0.8),0.5803030303030303,315653.531536735,0,2.105114597789172e-06,6.700787880261076e-07,-2.8771244129383455,2.8771244129383455,False,17.76312026867776,3.7393403779933506e-05,4.407001353024918e+18,2.2601949449838992e+17,CONVERGED
S3,S3_c08,High Micro-Stiffness (sqrt(c1)/a=0.8),0.5803030303030303,315653.531536735,1,2.290632030639393,0.7291308209617705,-8.54217058253147e-07,8.54217058253147e-07,True,-0.6592617074339411,0.7519146956582645,4.407001353024918e+18,2.2601949449838992e+17,CONVERGED
S3,S3_c08,High Micro-Stiffness (sqrt(c1)/a=0.8),0.5803030303030303,315653.531536735,2,4.6622436464005e-05,1.4840382444468445e-05,-1.1303787843406643,1.1303787843406643,False,3.09682930507201,0.0001443817276202004,4.407001353024918e+18,2.2601949449838992e+17,CONVERGED
S3,S3_c08,High Micro-Stiffness (sqrt(c1)/a=0.8),0.5803030303030303,315653.531536735,3,2.430621193587756e-05,7.736907554868281e-06,2.1749941583309704,2.1749941583309704,False,0.11360881730037539,-2.7613999916311217e-06,4.407001353024918e+18,2.2601949449838992e+17,CONVERGED
S3,S3_c08,High Micro-Stiffness (sqrt(c1)/a=0.8),0.5803030303030303,315653.531536735,4,2.2906167671915343,0.7291259624554198,-1.992763536441331e-06,1.992763536441331e-06,True,-0.6592509811338507,-0.7519256142791455,4.407001353024918e+18,2.2601949449838992e+17,CONVERGED
S3,S3_c08,High Micro-Stiffness (sqrt(c1)/a=0.8),0.5979797979797981,325268.7391988636,0,3.906733976624741e-06,1.2435520474497693e-06,-2.900931852901285,2.900931852901285,False,18.191088892604732,-7.10677450489014e-05,4.78094331661597e+18,6.555292031556425e+16,CONVERGED
S3,S3_c08,High Micro-Stiffness (sqrt(c1)/a=0.8),0.5979797979797981,325268.7391988636,1,2.3445870904803185,0.7463052499187751,4.771272448661858e-06,4.771272448661858e-06,True,-0.6988483257144332,-0.7152632208821911,4.78094331661597e+18,6.555292031556425e+16,CONVERGED
S3,S3_c08,High Micro-Stiffness (sqrt(c1)/a=0.8),0.5979797979797981,325268.7391988636,2,0.0007298502982967326,0.00023231856538203863,-1.0727655321035805,1.0727655321035805,False,2.9234524558839357,0.002133683025841014,4.78094331661597e+18,6.555292031556425e+16,CONVERGED
S3,S3_c08,High Micro-Stiffness (sqrt(c1)/a=0.8),0.5979797979797981,325268.7391988636,3,0.00031789496359308585,0.00010118910967971543,2.1596832973570583,2.1596832973570583,False,0.1153616447638277,-3.667288709758871e-05,4.78094331661597e+18,6.555292031556425e+16,CONVERGED
S3,S3_c08,High Micro-Stiffness (sqrt(c1)/a=0.8),0.5979797979797981,325268.7391988636,4,2.3445569805483895,0.7462956656297698,-7.355409488477612e-06,7.355409488477612e-06,True,-0.6988352633723351,0.715292936910816,4.78094331661597e+18,6.555292031556425e+16,CONVERGED
S3,S3_c08,High Micro-Stiffness (sqrt(c1)/a=0.8),0.6156565656565657,334883.9468609921,0,2.3265898169943762e-06,7.405765398438463e-07,-2.924512669683383,2.924512669683383,False,18.62514723893736,4.333307790621077e-05,5.149890451304781e+18,1.5584180845034243e+17,CONVERGED
S3,S3_c08,High Micro-Stiffness (sqrt(c1)/a=0.8),0.6156565656565657,334883.9468609921,1,2.398405232901484,0.7634360967074795,3.3217001951679796e-06,3.3217001951679796e-06,True,-0.7363131260258143,0.6766360447565369,5.149890451304781e+18,1.5584180845034243e+17,CONVERGED
S3,S3_c08,High Micro-Stiffness (sqrt(c1)/a=0.8),0.6156565656565657,334883.9468609921,2,0.0015954895674448362,0.0005078601026207913,-1.0119196643999258,1.0119196643999258,False,2.7508732084061576,0.004388993229564138,5.149890451304781e+18,1.5584180845034243e+17,CONVERGED
S3,S3_c08,High Micro-Stiffness (sqrt(c1)/a=0.8),0.6156565656565657,334883.9468609921,3,0.0007156073314135588,0.00022778488821453607,2.1418431298733553,2.1418431298733553,False,0.11743815951771641,-8.403962228398468e-05,5.149890451304781e+18,1.5584180845034243e+17,CONVERGED
S3,S3_c08,High Micro-Stiffness (sqrt(c1)/a=0.8),0.6156565656565657,334883.9468609921,4,2.39838449320936,0.7634294950584399,1.9280627412987753e-06,1.9280627412987753e-06,True,-0.7363001187789179,-0.6766522585258278,5.149890451304781e+18,1.5584180845034243e+17,CONVERGED
S3,S3_c08,High Micro-Stiffness (sqrt(c1)/a=0.8),0.6333333333333333,344499.15452312067,0,1.1820159588362535e-05,3.7624736532459204e-06,2.9478097295684016,2.9478097295684016,False,0.05245446969104595,6.200202028999644e-07,5.490622262606915e+18,5.669264784148736e+16,CONVERGED
S3,S3_c08,High Micro-Stiffness (sqrt(c1)/a=0.8),0.6333333333333333,344499.15452312067,1,2.4522128261674614,0.7805635855957963,2.1811924855585116e-05,2.1811924855585116e-05,True,-0.7716237987769979,-0.6360448806984851,5.490622262606915e+18,5.669264784148736e+16,CONVERGED
S3,S3_c08,High Micro-Stiffness (sqrt(c1)/a=0.8),0.6333333333333333,344499.15452312067,2,0.000656156101266555,0.00020886097391295696,-0.9505514042886068,0.9505514042886068,False,2.587135266937795,0.0016975648338267756,5.490622262606915e+18,5.669264784148736e+16,CONVERGED
S3,S3_c08,High Micro-Stiffness (sqrt(c1)/a=0.8),0.6333333333333333,344499.15452312067,3,0.00030824828385855386,9.811847615136508e-05,2.122559004518133,2.122559004518133,False,0.11972485402260849,-3.6904981956551896e-05,5.490622262606915e+18,5.669264784148736e+16,CONVERGED
S3,S3_c08,High Micro-Stiffness (sqrt(c1)/a=0.8),0.6333333333333333,344499.15452312067,4,2.452204774452577,0.7805610226553478,1.5704739729691073e-05,1.5704739729691073e-05,True,-0.7716233899324524,0.6360549780663333,5.490622262606915e+18,5.669264784148736e+16,CONVERGED
S3,S3_c08,High Micro-Stiffness (sqrt(c1)/a=0.8),0.651010101010101,354114.3621852493,0,6.809800270238218e-07,2.1676267489538744e-07,-2.9709805579104556,2.9709805579104556,False,19.511041925720107,-1.3286629857841854e-05,5.95492574493497e+18,8.717437384743282e+16,CONVERGED
S3,S3_c08,High Micro-Stiffness (sqrt(c1)/a=0.8),0.651010101010101,354114.3621852493,1,2.5061887055567103,0.7977446416208581,-3.2681893142709373e-06,3.2681893142709373e-06,True,-0.804834648254096,-0.5935046127619366,5.95492574493497e+18,8.717437384743282e+16,CONVERGED
S3,S3_c08,High Micro-Stiffness (sqrt(c1)/a=0.8),0.651010101010101,354114.3621852493,2,0.00019404117407575958,6.176522403502415e-05,-0.884005648501269,0.884005648501269,False,2.4205762452024238,0.0004696914624539094,5.95492574493497e+18,8.717437384743282e+16,CONVERGED
S3,S3_c08,High Micro-Stiffness (sqrt(c1)/a=0.8),0.651010101010101,354114.3621852493,3,9.8615770973886e-05,3.139037483462442e-05,2.099544819809358,2.099544819809358,False,0.12251218008535746,-1.2081633131974e-05,5.95492574493497e+18,8.717437384743282e+16,CONVERGED
S3,S3_c08,High Micro-Stiffness (sqrt(c1)/a=0.8),0.651010101010101,354114.3621852493,4,2.5061808738841465,0.7977421487220557,-1.3568712486093534e-05,1.3568712486093534e-05,True,-0.8048382903083836,0.5935170294495967,5.95492574493497e+18,8.717437384743282e+16,CONVERGED
S3,S3_c08,High Micro-Stiffness (sqrt(c1)/a=0.8),0.6686868686868687,363729.5698473778,0,8.237140859605543e-06,2.621963369500892e-06,-2.9938608117789283,2.9938608117789283,False,19.962605765674983,0.00016443479562035758,6.354709828183345e+18,5.052077532457684e+17,CONVERGED
S3,S3_c08,High Micro-Stiffness (sqrt(c1)/a=0.8),0.6686868686868687,363729.5698473778,1,2.5604885464777665,0.8150288178042375,1.3934525525606292e-05,1.3934525525606292e-05,True,-0.8358454158756223,-0.5489394976652665,6.354709828183345e+18,5.052077532457684e+17,CONVERGED
S3,S3_c08,High Micro-Stiffness (sqrt(c1)/a=0.8),0.6686868686868687,363729.5698473778,2,0.00026796562665221666,8.529610812083523e-05,-0.8157585935710423,0.8157585935710423,False,2.2608900375201118,-0.0006058408301967472,6.354709828183345e+18,5.052077532457684e+17,CONVERGED
S3,S3_c08,High Micro-Stiffness (sqrt(c1)/a=0.8),0.6686868686868687,363729.5698473778,3,0.00012883844378538205,4.101055037742167e-05,2.074246916799682,2.074246916799682,False,0.12565101649918994,1.618868151538083e-05,6.354709828183345e+18,5.052077532457684e+17,CONVERGED
S3,S3_c08,High Micro-Stiffness (sqrt(c1)/a=0.8),0.6686868686868687,363729.5698473778,4,2.5604894492499333,0.8150291051655432,1.2944735590083494e-05,1.2944735590083494e-05,True,-0.8358467387548618,0.5489392864213775,6.354709828183345e+18,5.052077532457684e+17,CONVERGED
S3,S3_c08,High Micro-Stiffness (sqrt(c1)/a=0.8),0.6863636363636364,373344.7775095064,0,8.693738192966047e-06,2.7673028147146963e-06,3.0164994828042055,3.0164994828042055,False,0.04897234720920796,4.2575276534261173e-07,6.950114477622082e+18,1.49899936048099e+17,CONVERGED
S3,S3_c08,High Micro-Stiffness (sqrt(c1)/a=0.8),0.6863636363636364,373344.7775095064,1,2.615372283023219,0.8324988537373617,3.358451966421716e-06,3.358451966421716e-06,True,-0.8647087277234135,-0.502266960208992,6.950114477622082e+18,1.49899936048099e+17,CONVERGED
S3,S3_c08,High Micro-Stiffness (sqrt(c1)/a=0.8),0.6863636363636364,373344.7775095064,2,3.866280328479894e-05,1.230675251313064e-05,-0.7432632278240788,0.7432632278240788,False,2.1027861996075883,8.129960922592736e-05,6.950114477622082e+18,1.49899936048099e+17,CONVERGED
S3,S3_c08,High Micro-Stiffness (sqrt(c1)/a=0.8),0.6863636363636364,373344.7775095064,3,2.540029773588387e-05,8.085165881343592e-06,2.045225942205472,2.045225942205472,False,0.1293509607923491,-3.2855529172548935e-06,6.950114477622082e+18,1.49899936048099e+17,CONVERGED
S3,S3_c08,High Micro-Stiffness (sqrt(c1)/a=0.8),0.6863636363636364,373344.7775095064,4,2.6153665712912493,0.8324970356366085,-1.1010424614487517e-05,1.1010424614487517e-05,True,-0.8647182838360857,0.502279116320064,6.950114477622082e+18,1.49899936048099e+17,CONVERGED
S3,S3_c08,High Micro-Stiffness (sqrt(c1)/a=0.8),0.704040404040404,382959.98517163494,0,2.7265472621945325e-07,8.678869487038677e-08,-3.0389446458764584,3.0389446458764584,False,20.88319243818654,5.693901116822049e-06,7.220753009541792e+18,1.9125905715120925e+17,CONVERGED
S3,S3_c08,High Micro-Stiffness (sqrt(c1)/a=0.8),0.704040404040404,382959.98517163494,1,2.671221915030532,0.850276343745016,-2.2469196869998423e-05,2.2469196869998423e-05,True,-0.8914203537928982,0.4532269765219508,7.220753009541792e+18,1.9125905715120925e+17,CONVERGED
S3,S3_c08,High Micro-Stiffness (sqrt(c1)/a=0.8),0.704040404040404,382959.98517163494,2,6.555692795814441e-05,2.0867418276915913e-05,-0.6671344625437812,0.6671344625437812,False,1.9486453919688995,-0.00012774720576028207,7.220753009541792e+18,1.9125905715120925e+17,CONVERGED
S3,S3_c08,High Micro-Stiffness (sqrt(c1)/a=0.8),0.704040404040404,382959.98517163494,3,3.0503470678504915e-05,9.709556279885496e-06,2.0125416537273852,2.0125416537273852,False,0.13364855420946398,4.076744755817378e-06,7.220753009541792e+18,1.9125905715120925e+17,CONVERGED
S3,S3_c08,High Micro-Stiffness (sqrt(c1)/a=0.8),0.704040404040404,382959.98517163494,4,2.671211832263853,0.850273134300702,-3.007376236853339e-05,3.007376236853339e-05,True,-0.8914225628212202,-0.4532394111580362,7.220753009541792e+18,1.9125905715120925e+17,CONVERGED
S3,S3_c08,High Micro-Stiffness (sqrt(c1)/a=0.8),0.7217171717171718,392575.19283376355,0,3.2321552019297544e-06,1.0288269544546072e-06,-3.061148338522436,3.061148338522436,False,21.35206248490429,-6.901317983275288e-05,7.923034537820588e+18,7.285706271543424e+16,CONVERGED
S3,S3_c08,High Micro-Stiffness (sqrt(c1)/a=0.8),0.7217171717171718,392575.19283376355,1,2.7285047169461625,0.868510025903069,1.4473590407149538e-05,1.4473590407149538e-05,True,-0.9158723158338892,-0.40143362381248043,7.923034537820588e+18,7.285706271543424e+16,CONVERGED
S3,S3_c08,High Micro-Stiffness (sqrt(c1)/a=0.8),0.7217171717171718,392575.19283376355,2,6.61541603384831e-06,2.1057523247926794e-06,-0.5853650545375476,0.5853650545375476,False,1.7956463748238993,1.1878947819304905e-05,7.923034537820588e+18,7.285706271543424e+16,CONVERGED
S3,S3_c08,High Micro-Stiffness (sqrt(c1)/a=0.8),0.7217171717171718,392575.19283376355,3,8.887084112209183e-06,2.8288467322630796e-06,1.9748111651768332,1.9748111651768332,False,0.13878751767950645,-1.2334163433749648e-06,7.923034537820588e+18,7.285706271543424e+16,CONVERGED
S3,S3_c08,High Micro-Stiffness (sqrt(c1)/a=0.8),0.7217171717171718,392575.19283376355,4,2.7285089614401117,0.8685113769674548,-7.907517415773944e-06,7.907517415773944e-06,True,-0.9158945182128024,0.40143872093711686,7.923034537820588e+18,7.285706271543424e+16,CONVERGED
S3,S3_c08,High Micro-Stiffness (sqrt(c1)/a=0.8),0.7393939393939394,402190.40049589204,0,8.496117970687396e-06,2.7043983442535638e-06,-3.083135417404176,3.083135417404176,False,21.82673113254781,-0.0001854424826210635,8.106573070580571e+18,8.079896507946746e+16,CONVERGED
S3,S3_c08,High Micro-Stiffness (sqrt(c1)/a=0.8),0.7393939393939394,402190.40049589204,1,2.788237638220577,0.8875236052753532,-8.452798127764601e-07,8.452798127764601e-07,True,-0.9382177938028977,-0.3460477740900494,8.106573070580571e+18,8.079896507946746e+16,CONVERGED
S3,S3_c08,High Micro-Stiffness (sqrt(c1)/a=0.8),0.7393939393939394,402190.40049589204,2,0.00027207411490188225,8.660388054797373e-05,-0.4978136155101921,0.4978136155101921,False,1.6451204089983136,0.0004475946902295368,8.106573070580571e+18,8.079896507946746e+16,CONVERGED
S3,S3_c08,High Micro-Stiffness (sqrt(c1)/a=0.8),0.7393939393939394,402190.40049589204,3,0.00016567664127761347,5.273651282838986e-05,1.9315466830079606,1.9315466830079606,False,0.14492387176674557,-2.4010500534948032e-05,8.106573070580571e+18,8.079896507946746e+16,CONVERGED
S3,S3_c08,High Micro-Stiffness (sqrt(c1)/a=0.8),0.7393939393939394,402190.40049589204,4,2.788203582772928,0.8875127650896881,-7.685966394256877e-06,7.685966394256877e-06,True,-0.9382124264421897,0.3460820927473654,8.106573070580571e+18,8.079896507946746e+16,CONVERGED
S3,S3_c08,High Micro-Stiffness (sqrt(c1)/a=0.8),0.7570707070707071,411805.6081580207,0,2.2435009076445932e-05,7.141285185655816e-06,-3.104894780847693,3.104894780847693,False,22.306871736041895,0.0005004548699491798,8.642550632022448e+18,8.150698592610667e+16,CONVERGED
S3,S3_c08,High Micro-Stiffness (sqrt(c1)/a=0.8),0.7570707070707071,411805.6081580207,1,2.8519693692874326,0.90781004533754,1.591233088435632e-05,1.591233088435632e-05,True,-0.9583362807223433,-0.2855866749270638,8.642550632022448e+18,8.150698592610667e+16,CONVERGED
S3,S3_c08,High Micro-Stiffness (sqrt(c1)/a=0.8),0.7570707070707071,411805.6081580207,2,0.00021708580777920645,6.910055876631547e-05,-0.4033406913809214,0.4033406913809214,False,1.4968167221036015,-0.00032493767231964876,8.642550632022448e+18,8.150698592610667e+16,CONVERGED
S3,S3_c08,High Micro-Stiffness (sqrt(c1)/a=0.8),0.7570707070707071,411805.6081580207,3,0.0001283338255137203,4.084992539280276e-05,1.8816001842927803,1.8816001842927803,False,0.15234612746804982,1.9551161447508773e-05,8.642550632022448e+18,8.150698592610667e+16,CONVERGED
S3,S3_c08,High Micro-Stiffness (sqrt(c1)/a=0.8),0.7570707070707071,411805.6081580207,4,2.8520340581443433,0.9078306364402206,1.6885832597784872e-06,1.6885832597784872e-06,True,-0.958368384485817,0.2855287419109123,8.642550632022448e+18,8.150698592610667e+16,CONVERGED
S3,S3_c08,High Micro-Stiffness (sqrt(c1)/a=0.8),0.7747474747474747,421420.81582014915,0,8.978764648277885e-07,2.858029553264377e-07,-3.1264594355884583,3.1264594355884583,False,22.793135944947277,2.0465420324593956e-05,9.598149003697179e+18,7.693779221675921e+17,CONVERGED
S3,S3_c08,High Micro-Stiffness (sqrt(c1)/a=0.8),0.7747474747474747,421420.81582014915,1,2.9236324189306724,0.930621102513063,-1.705925607131587e-06,1.705925607131587e-06,True,-0.9763422216296505,-0.21623893756748147,9.598149003697179e+18,7.693779221675921e+17,CONVERGED
S3,S3_c08,High Micro-Stiffness (sqrt(c1)/a=0.8),0.7747474747474747,421420.81582014915,2,0.000752185756402959,0.00023942816250969437,-0.30112882287962595,0.30112882287962595,False,1.3513830371335938,0.0010164912636810993,9.598149003697179e+18,7.693779221675921e+17,CONVERGED
S3,S3_c08,High Micro-Stiffness (sqrt(c1)/a=0.8),0.7747474747474747,421420.81582014915,3,0.0004913854689883895,0.00015641285270606286,1.8238719394886584,1.8238719394886584,False,0.16139959051706407,-7.9309419864104e-05,9.598149003697179e+18,7.693779221675921e+17,CONVERGED
S3,S3_c08,High Micro-Stiffness (sqrt(c1)/a=0.8),0.7747474747474747,421420.81582014915,4,2.9236266889155655,0.9306192785926065,-1.2650743223012213e-05,1.2650743223012213e-05,True,-0.9763516684937061,0.21624689878952597,9.598149003697179e+18,7.693779221675921e+17,CONVERGED
S3,S3_c08,High Micro-Stiffness (sqrt(c1)/a=0.8),0.7924242424242425,431036.0234822779,0,2.50976275649843e-06,7.98882297369332e-07,-3.1477981825629375,3.1477981825629375,False,23.284739352089883,-5.843917162077127e-05,1.011833637220262e+19,1.1977205011275536e+17,CONVERGED
S3,S3_c08,High Micro-Stiffness (sqrt(c1)/a=0.8),0.7924242424242425,431036.0234822779,1,3.0162518697381517,0.960102789357997,1.953380956157487e-05,1.953380956157487e-05,True,-0.9921357421006153,-0.12501040912847117,1.011833637220262e+19,1.1977205011275536e+17,CONVERGED
S3,S3_c08,High Micro-Stiffness (sqrt(c1)/a=0.8),0.7924242424242425,431036.0234822779,2,0.002869221817945191,0.0009133016703061828,-0.1887404303675738,0.1887404303675738,False,1.2077224511654698,0.0034652331160122205,1.011833637220262e+19,1.1977205011275536e+17,CONVERGED
S3,S3_c08,High Micro-Stiffness (sqrt(c1)/a=0.8),0.7924242424242425,431036.0234822779,3,0.0019517026517209576,0.0006212462489339005,1.7560241213703447,1.7560241213703447,False,0.17272992595649792,-0.0003371178825644049,1.011833637220262e+19,1.1977205011275536e+17,CONVERGED
S3,S3_c08,High Micro-Stiffness (sqrt(c1)/a=0.8),0.7924242424242425,431036.0234822779,4,3.016236669647309,0.9600979510188108,-1.5790059236968544e-05,1.5790059236968544e-05,True,-0.9921688884410739,0.12502990612943385,1.011833637220262e+19,1.1977205011275536e+17,CONVERGED
S3,S3_c08,High Micro-Stiffness (sqrt(c1)/a=0.8),0.8101010101010101,440651.2311444063,0,0.00015776365290524406,5.021773040020729e-05,3.168910836854302,3.168910836854302,False,0.042049371073962644,-6.633862438034005e-06,1.0440715352944486e+19,8.273689564282074e+16,CONVERGED
S3,S3_c08,High Micro-Stiffness (sqrt(c1)/a=0.8),0.8101010101010101,440651.2311444063,1,3.141552291300409,0.99998715228426,0.10784481976877795,0.10784481976877795,False,-0.8977669005655189,-3.6235927459989106e-05,1.0440715352944486e+19,8.273689564282074e+16,CONVERGED
S3,S3_c08,High Micro-Stiffness (sqrt(c1)/a=0.8),0.8101010101010101,440651.2311444063,2,5.844549750937731e-05,1.8603779660164915e-05,-0.053413795086679046,0.053413795086679046,False,1.0548660514096442,-6.165217125058777e-05,1.0440715352944486e+19,8.273689564282074e+16,CONVERGED
S3,S3_c08,High Micro-Stiffness (sqrt(c1)/a=0.8),0.8101010101010101,440651.2311444063,3,3.846013548311347e-05,1.2242241348243019e-05,1.6679272429535104,1.6679272429535104,False,0.18863766059554135,7.255029987299266e-06,1.0440715352944486e+19,8.273689564282074e+16,CONVERGED
S3,S3_c08,High Micro-Stiffness (sqrt(c1)/a=0.8),0.8101010101010101,440651.2311444063,4,3.141565238957061,0.9999912736513753,-0.10780411992043631,0.10780411992043631,False,-1.1138295465779642,3.053522795323484e-05,1.0440715352944486e+19,8.273689564282074e+16,CONVERGED
S3,S3_c08,High Micro-Stiffness (sqrt(c1)/a=0.8),0.8277777777777778,450266.438806535,0,9.521427841169286e-06,3.030764612429771e-06,-3.189852115576565,3.189852115576565,False,24.284835827483654,0.00023122631197301568,1.1092707945422932e+19,5.948473788094608e+16,CONVERGED
S3,S3_c08,High Micro-Stiffness (sqrt(c1)/a=0.8),0.8277777777777778,450266.438806535,1,3.1415863549856407,0.9999979950920291,0.18598932307725108,0.18598932307725108,False,-0.8302824597798215,-5.229620548978647e-06,1.1092707945422932e+19,5.948473788094608e+16,CONVERGED
S3,S3_c08,High Micro-Stiffness (sqrt(c1)/a=0.8),0.8277777777777778,450266.438806535,2,0.0004950921927703481,0.00015759273953121287,0.09546089279036277,0.09546089279036277,False,0.9089537962099329,-0.00045001596486125476,1.1092707945422932e+19,5.948473788094608e+16,CONVERGED
S3,S3_c08,High Micro-Stiffness (sqrt(c1)/a=0.8),0.8277777777777778,450266.438806535,3,0.00037130574236290373,0.00011819028859092379,1.5640704124421303,1.5640704124421303,False,0.20928245473008417,7.770778078822232e-05,1.1092707945422932e+19,5.948473788094608e+16,CONVERGED
S3,S3_c08,High Micro-Stiffness (sqrt(c1)/a=0.8),0.8277777777777778,450266.438806535,4,3.1415868289871454,0.9999981459713941,-0.18597827709410208,0.18597827709410208,False,-1.204396097089948,-7.015128696487375e-06,1.1092707945422932e+19,5.948473788094608e+16,CONVERGED
S3,S3_c08,High Micro-Stiffness (sqrt(c1)/a=0.8),0.8454545454545455,459881.6464686634,0,1.0702282085306094e-05,3.4066421924806047e-06,-3.2105866982084543,3.2105866982084543,False,24.793628334160974,-0.00026534840436055946,1.147324678031037e+19,5.767299625616296e+16,CONVERGED
S3,S3_c08,High Micro-Stiffness (sqrt(c1)/a=0.8),0.8454545454545455,459881.6464686634,1,3.1415904462927777,0.9999992973955383,0.23078021011217753,0.23078021011217753,False,-0.7939139411147358,-1.7524038727911788e-06,1.147324678031037e+19,5.767299625616296e+16,CONVERGED
S3,S3_c08,High Micro-Stiffness (sqrt(c1)/a=0.8),0.8454545454545455,459881.6464686634,2,0.0018663579201102104,0.0005940801771284974,0.2847024497192327,0.2847024497192327,False,0.7522367395334622,0.0014039446267428458,1.147324678031037e+19,5.767299625616296e+16,CONVERGED
S3,S3_c08,High Micro-Stiffness (sqrt(c1)/a=0.8),0.8454545454545455,459881.6464686634,3,0.0015269329975563697,0.00048603786866244236,1.420951899793426,1.420951899793426,False,0.24148375733677024,-0.0003687298040189632,1.147324678031037e+19,5.767299625616296e+16,CONVERGED
S3,S3_c08,High Micro-Stiffness (sqrt(c1)/a=0.8),0.8454545454545455,459881.6464686634,4,3.14159175536065,0.9999997140847837,-0.23077576784054954,0.23077576784054954,False,-1.2595767701613907,1.1313885632967302e-06,1.147324678031037e+19,5.767299625616296e+16,CONVERGED
S3,S3_c08,High Micro-Stiffness (sqrt(c1)/a=0.8),0.8631313131313132,469496.85413079214,0,4.9477415889146505e-06,1.57491506203423e-06,-3.2311251257986404,3.2311251257986404,False,25.308115771755407,0.0001252180169420028,1.253915133028232e+19,5.542235072249079e+16,CONVERGED
S3,S3_c08,High Micro-Stiffness (sqrt(c1)/a=0.8),0.8631313131313132,469496.85413079214,1,3.1415817481508164,0.9999965286909606,0.2601908642324681,0.2601908642324681,False,-0.7709044336320927,8.407051258348991e-06,1.253915133028232e+19,5.542235072249079e+16,CONVERGED
S3,S3_c08,High Micro-Stiffness (sqrt(c1)/a=0.8),0.8631313131313132,469496.85413079214,2,0.015047981350473721,0.004789921230965095,0.5695304038219048,0.5695304038219048,False,0.5657270114998096,-0.00851369214663852,1.253915133028232e+19,5.542235072249079e+16,CONVERGED
S3,S3_c08,High Micro-Stiffness (sqrt(c1)/a=0.8),0.8631313131313132,469496.85413079214,3,0.013528177777902644,0.0043061527287582765,1.182698636648796,1.182698636648796,False,0.30642258124928673,0.004145592054526407,1.253915133028232e+19,5.542235072249079e+16,CONVERGED
S3,S3_c08,High Micro-Stiffness (sqrt(c1)/a=0.8),0.8631313131313132,469496.85413079214,4,3.141582527381495,0.9999967767277892,-0.2601772213482875,0.2601772213482875,False,-1.2971599506656681,-1.3135311856961679e-05,1.253915133028232e+19,5.542235072249079e+16,CONVERGED
S3,S3_c08,High Micro-Stiffness (sqrt(c1)/a=0.8),0.8808080808080808,479112.06179292063,0,7.311020193140546e-05,2.3271700055659625e-05,3.25139378583325,3.25139378583325,False,0.038720202431320586,2.830841823622457e-06,1.3545015455595926e+19,1.0069601732934178e+17,CONVERGED
S3,S3_c08,High Micro-Stiffness (sqrt(c1)/a=0.8),0.8808080808080808,479112.06179292063,1,3.1415765066979002,0.9999948602846793,0.2792531219559282,0.2792531219559282,False,-0.7563484304903946,1.2212676341660877e-05,1.3545015455595926e+19,1.0069601732934178e+17,CONVERGED
S3,S3_c08,High Micro-Stiffness (sqrt(c1)/a=0.8),0.8808080808080808,479112.06179292063,2,0.39833909340364615,0.12679527148386896,0.8994826374295414,0.8994826374295414,False,0.3749318279915007,-0.1577851070779758,1.3545015455595926e+19,1.0069601732934178e+17,CONVERGED
S3,S3_c08,High Micro-Stiffness (sqrt(c1)/a=0.8),0.8808080808080808,479112.06179292063,3,0.39820971637026786,0.12675408949509953,0.9013556239899307,0.9013556239899307,False,0.37425061538945364,0.15744143616499928,1.3545015455595926e+19,1.0069601732934178e+17,CONVERGED
S3,S3_c08,High Micro-Stiffness (sqrt(c1)/a=0.8),0.8808080808080808,479112.06179292063,4,3.141584609676042,0.9999974395427295,-0.279238251827569,0.279238251827569,False,-1.322122304360608,1.0635037785109215e-05,1.3545015455595926e+19,1.0069601732934178e+17,CONVERGED
S3,S3_c08,High Micro-Stiffness (sqrt(c1)/a=0.8),0.8984848484848484,488727.2694550492,0,3.838139377844844e-05,1.2217177085193174e-05,3.2715418491516317,3.2715418491516317,False,0.037947872022988265,1.4564922198836809e-06,1.5363834574584353e+19,1.3780046790355917e+17,CONVERGED
S3,S3_c08,High Micro-Stiffness (sqrt(c1)/a=0.8),0.8984848484848484,488727.2694550492,1,3.1415882883606927,0.9999986105044218,0.2901219826692632,0.2901219826692632,False,-0.7481722979509204,-3.2659434871039553e-06,1.5363834574584353e+19,1.3780046790355917e+17,CONVERGED
S3,S3_c08,High Micro-Stiffness (sqrt(c1)/a=0.8),0.8984848484848484,488727.2694550492,2,0.647652178458209,0.2061540912117166,0.9238822405905409,0.9238822405905409,False,0.31658845929233725,-0.23950117660182899,1.5363834574584353e+19,1.3780046790355917e+17,CONVERGED
S3,S3_c08,High Micro-Stiffness (sqrt(c1)/a=0.8),0.8984848484848484,488727.2694550492,3,0.6475545474185769,0.2061230142866033,0.9247754445920622,0.9247754445920622,False,0.3163291678304278,0.23925646629750555,1.5363834574584353e+19,1.3780046790355917e+17,CONVERGED
S3,S3_c08,High Micro-Stiffness (sqrt(c1)/a=0.8),0.8984848484848484,488727.2694550492,4,3.1415550922111097,0.9999880438418264,-0.29010622438747546,0.29010622438747546,False,-1.336569455814076,5.020339149029302e-05,1.5363834574584353e+19,1.3780046790355917e+17,CONVERGED
S3,S3_c08,High Micro-Stiffness (sqrt(c1)/a=0.8),0.9161616161616162,498342.4771171778,0,2.9770130784111627e-05,9.476126941567135e-06,3.291552943356228,3.291552943356228,False,0.037196041159882495,-1.107331010308029e-06,1.4247437150402152e+19,9.637278776221693e+16,CONVERGED
S3,S3_c08,High Micro-Stiffness (sqrt(c1)/a=0.8),0.9161616161616162,498342.4771171778,1,3.1415392980710206,0.9999830164108923,0.2937598645122627,0.2937598645122627,False,-0.745455479205899,-3.977416385269807e-05,1.4247437150402152e+19,9.637278776221693e+16,CONVERGED
S3,S3_c08,High Micro-Stiffness (sqrt(c1)/a=0.8),0.9161616161616162,498342.4771171778,2,0.8365577654950789,0.2662846071209048,0.9481747773284787,0.9481747773284787,False,0.25959842649385917,0.2876182644146421,1.4247437150402152e+19,9.637278776221693e+16,CONVERGED
S3,S3_c08,High Micro-Stiffness (sqrt(c1)/a=0.8),0.9161616161616162,498342.4771171778,3,0.8364501564589681,0.26625035410086806,0.9490702924676144,0.9490702924676144,False,0.25939697735228334,-0.2873329014024693,1.4247437150402152e+19,9.637278776221693e+16,CONVERGED
S3,S3_c08,High Micro-Stiffness (sqrt(c1)/a=0.8),0.9161616161616162,498342.4771171778,4,3.141532985949728,0.9999810072002819,-0.293744618835581,0.293744618835581,False,-1.3414412786948757,-8.004063548106364e-05,1.4247437150402152e+19,9.637278776221693e+16,CONVERGED
S3,S3_c08,High Micro-Stiffness (sqrt(c1)/a=0.8),0.9338383838383838,507957.6847793063,0,0.00010479154287693142,3.335618408617986e-05,3.31135248120321,3.31135248120321,False,0.036466819497639025,-3.821414292960149e-06,1.450972223379436e+19,8.108763050273384e+16,CONVERGED
S3,S3_c08,High Micro-Stiffness (sqrt(c1)/a=0.8),0.9338383838383838,507957.6847793063,1,3.1415853624801287,0.9999976791677125,0.29052651220175985,0.29052651220175985,False,-0.7478697013570036,5.452800007509182e-06,1.450972223379436e+19,8.108763050273384e+16,CONVERGED
S3,S3_c08,High Micro-Stiffness (sqrt(c1)/a=0.8),0.9338383838383838,507957.6847793063,2,1.0011932031203659,0.3186896945332285,0.9732271380446679,0.9732271380446679,False,0.20377998873290432,0.318202997723234,1.450972223379436e+19,8.108763050273384e+16,CONVERGED
S3,S3_c08,High Micro-Stiffness (sqrt(c1)/a=0.8),0.9338383838383838,507957.6847793063,3,1.0011767115068377,0.31868444508960336,0.9733801853417048,0.9733801853417048,False,0.20375404999300717,-0.31815094115126047,1.450972223379436e+19,8.108763050273384e+16,CONVERGED
S3,S3_c08,High Micro-Stiffness (sqrt(c1)/a=0.8),0.9338383838383838,507957.6847793063,4,3.1414581775604558,0.9999571949504071,-0.2905401434618141,0.2905401434618141,False,-1.3371495334947232,-0.00017981456097903307,1.450972223379436e+19,8.108763050273384e+16,CONVERGED
S3,S3_c08,High Micro-Stiffness (sqrt(c1)/a=0.8),0.9515151515151515,517572.89244143496,0,1.790106690137043e-05,5.6980865679436445e-06,3.33094186471946,3.33094186471946,False,0.035759408670274884,6.401315670284128e-07,1.6451433602806856e+19,7.277765699392928e+16,CONVERGED
S3,S3_c08,High Micro-Stiffness (sqrt(c1)/a=0.8),0.9515151515151515,517572.89244143496,1,3.1415726663947003,0.9999936378782048,0.28037208905516703,0.28037208905516703,False,-0.7555025747592906,-1.5100377356782768e-05,1.6451433602806856e+19,7.277765699392928e+16,CONVERGED
S3,S3_c08,High Micro-Stiffness (sqrt(c1)/a=0.8),0.9515151515151515,517572.89244143496,2,1.1533470697969717,0.3671217745174825,0.9979907044918507,0.9979907044918507,False,0.1494493754818849,0.33696456607942554,1.6451433602806856e+19,7.277765699392928e+16,CONVERGED
S3,S3_c08,High Micro-Stiffness (sqrt(c1)/a=0.8),0.9515151515151515,517572.89244143496,3,1.153245163712722,0.36708933680340355,0.9986783606594435,0.9986783606594435,False,0.14938095538293253,-0.33671770888961167,1.6451433602806856e+19,7.277765699392928e+16,CONVERGED
S3,S3_c08,High Micro-Stiffness (sqrt(c1)/a=0.8),0.9515151515151515,517572.89244143496,4,3.141551265536922,0.9999868257736012,-0.28037507385684857,0.28037507385684857,False,-1.3236261756864465,5.4782310172334186e-05,1.6451433602806856e+19,7.277765699392928e+16,CONVERGED
S3,S3_c08,High Micro-Stiffness (sqrt(c1)/a=0.8),0.9691919191919192,527188.1001035634,0,1.758941629400946e-05,5.598885098585465e-06,3.3503860186327654,3.3503860186327654,False,0.03507081349464856,6.168751383905561e-07,2.0384577131403768e+19,6.8365605578868216e+16,CONVERGED
S3,S3_c08,High Micro-Stiffness (sqrt(c1)/a=0.8),0.9691919191919192,527188.1001035634,1,3.1415906250370513,0.9999993542916077,0.2624512771188952,0.2624512771188952,False,-0.7691638393323303,1.5602894153237673e-06,2.0384577131403768e+19,6.8365605578868216e+16,CONVERGED
S3,S3_c08,High Micro-Stiffness (sqrt(c1)/a=0.8),0.9691919191919192,527188.1001035634,2,1.2991243949561682,0.41352413829708384,1.0235252899547713,1.0235252899547713,False,0.09642240295804629,0.3461471906502035,2.0384577131403768e+19,6.8365605578868216e+16,CONVERGED
S3,S3_c08,High Micro-Stiffness (sqrt(c1)/a=0.8),0.9691919191919192,527188.1001035634,3,1.2990569012490842,0.4135026543828638,1.0239714475700115,1.0239714475700115,False,0.09640274508042396,-0.3459862831008418,2.0384577131403768e+19,6.8365605578868216e+16,CONVERGED
S3,S3_c08,High Micro-Stiffness (sqrt(c1)/a=0.8),0.9691919191919192,527188.1001035634,4,3.141583429050531,0.9999970637379574,-0.26243807964448546,0.26243807964448546,False,-1.300095963216508,-1.1992786257655152e-05,2.0384577131403768e+19,6.8365605578868216e+16,CONVERGED
S3,S3_c08,High Micro-Stiffness (sqrt(c1)/a=0.8),0.9868686868686869,536803.3077656921,0,9.683770148457082e-05,3.082439773785364e-05,3.3697079595095065,3.3697079595095065,False,0.03439968181538661,3.331186129215405e-06,1.837577907201183e+19,6.172304130195297e+16,CONVERGED
S3,S3_c08,High Micro-Stiffness (sqrt(c1)/a=0.8),0.9868686868686869,536803.3077656921,1,3.1415707001251567,0.9999930119951702,0.23502585266901158,0.23502585266901158,False,-0.7905504113359161,1.7355320501436533e-05,1.837577907201183e+19,6.172304130195297e+16,CONVERGED
S3,S3_c08,High Micro-Stiffness (sqrt(c1)/a=0.8),0.9868686868686869,536803.3077656921,2,1.4419357845686327,0.4589824154703764,1.0487577567110333,1.0487577567110333,False,0.04502437252728254,0.3474677736695195,1.837577907201183e+19,6.172304130195297e+16,CONVERGED
S3,S3_c08,High Micro-Stiffness (sqrt(c1)/a=0.8),0.9868686868686869,536803.3077656921,3,1.44171227541294,0.4589112702964668,1.0501151864197136,1.0501151864197136,False,0.045040852324416354,-0.34698637219496364,1.837577907201183e+19,6.172304130195297e+16,CONVERGED
S3,S3_c08,High Micro-Stiffness (sqrt(c1)/a=0.8),0.9868686868686869,536803.3077656921,4,3.141486207023363,0.9999661170055549,-0.235065265310321,0.235065265310321,False,-1.2649913189235202,0.00013465398297206758,1.837577907201183e+19,6.172304130195297e+16,CONVERGED
S3,S3_c08,High Micro-Stiffness (sqrt(c1)/a=0.8),1.0045454545454544,546418.5154278205,0,4.315817994340664e-05,1.3737675345685325e-05,3.388768381884008,3.388768381884008,False,0.03375021866183765,-1.4565980110412772e-06,1.8458104200990237e+19,8.068033957317998e+16,CONVERGED
S3,S3_c08,High Micro-Stiffness (sqrt(c1)/a=0.8),1.0045454545454544,546418.5154278205,1,3.1415739847464192,0.9999940575225905,0.19449056649072025,0.19449056649072025,False,-0.8232539442501536,-1.5369198944087737e-05,1.8458104200990237e+19,8.068033957317998e+16,CONVERGED
S3,S3_c08,High Micro-Stiffness (sqrt(c1)/a=0.8),1.0045454545454544,546418.5154278205,2,1.588290056006668,0.505568426954329,1.0755796697573214,1.0755796697573214,False,-0.00596680620719868,0.34104778046679046,1.8458104200990237e+19,8.068033957317998e+16,CONVERGED
S3,S3_c08,High Micro-Stiffness (sqrt(c1)/a=0.8),1.0045454545454544,546418.5154278205,3,1.5881480000221055,0.5055232091300512,1.0764470916579916,1.0764470916579916,False,-0.005913226781245477,-0.3407529198688923,1.8458104200990237e+19,8.068033957317998e+16,CONVERGED
S3,S3_c08,High Micro-Stiffness (sqrt(c1)/a=0.8),1.0045454545454544,546418.5154278205,4,3.1415609547431274,0.9999899099437257,-0.19455695399813588,0.19455695399813588,False,-1.2147726664647707,3.8506892501176276e-05,1.8458104200990237e+19,8.068033957317998e+16,CONVERGED
S3,S3_c08,High Micro-Stiffness (sqrt(c1)/a=0.8),1.0222222222222221,556033.7230899491,0,1.3670841882673968e-05,4.351564123710549e-06,3.407694010930184,3.407694010930184,False,0.033117480936983905,-4.52743845470181e-07,1.7785509594320912e+19,9.838304813495869e+16,CONVERGED
S3,S3_c08,High Micro-Stiffness (sqrt(c1)/a=0.8),1.0222222222222221,556033.7230899491,1,3.141573407062103,0.9999938736399615,0.1286227576355937,0.1286227576355937,False,-0.8793056141517869,-1.692357985308995e-05,1.7785509594320912e+19,9.838304813495869e+16,CONVERGED
S3,S3_c08,High Micro-Stiffness (sqrt(c1)/a=0.8),1.0222222222222221,556033.7230899491,2,1.7367562051122962,0.5528266699782872,1.1013747168182078,1.1013747168182078,False,-0.05491445862353952,0.32784650842142643,1.7785509594320912e+19,9.838304813495869e+16,CONVERGED
S3,S3_c08,High Micro-Stiffness (sqrt(c1)/a=0.8),1.0222222222222221,556033.7230899491,3,1.7363299037631692,0.5526909740443666,1.10395604524322,1.10395604524322,False,-0.05463348309101402,-0.3270246402760544,1.7785509594320912e+19,9.838304813495869e+16,CONVERGED
S3,S3_c08,High Micro-Stiffness (sqrt(c1)/a=0.8),1.0222222222222221,556033.7230899491,4,3.141552916623973,0.9999873513309325,-0.1285891821846774,0.1285891821846774,False,-1.1372228358881176,4.518978498345435e-05,1.7785509594320912e+19,9.838304813495869e+16,CONVERGED
S3,S3_c08,High Micro-Stiffness (sqrt(c1)/a=0.8),1.0398989898989899,565648.9307520777,0,6.39315587791333e-05,2.0350047198538243e-05,3.4264634210729628,3.4264634210729628,False,0.032501682455767525,2.0778832251725657e-06,1.9901737659542647e+19,1.2211047081451349e+17,CONVERGED
S3,S3_c08,High Micro-Stiffness (sqrt(c1)/a=0.8),1.0398989898989899,565648.9307520777,1,3.0494038947743647,0.970655406674036,-1.0708684271206922e-06,1.0708684271206922e-06,True,-0.9957546913868071,0.09205833107498962,1.9901737659542647e+19,1.2211047081451349e+17,CONVERGED
S3,S3_c08,High Micro-Stiffness (sqrt(c1)/a=0.8),1.0398989898989899,565648.9307520777,2,1.8961800926840087,0.6035728694862165,1.1294561132902687,1.1294561132902687,False,-0.10332100839558057,0.3062496129325051,1.9901737659542647e+19,1.2211047081451349e+17,CONVERGED
S3,S3_c08,High Micro-Stiffness (sqrt(c1)/a=0.8),1.0398989898989899,565648.9307520777,3,1.8959089485585747,0.6034865616305102,1.131170474029488,1.131170474029488,False,-0.10306113132121912,-0.30575299606077055,1.9901737659542647e+19,1.2211047081451349e+17,CONVERGED
S3,S3_c08,High Micro-Stiffness (sqrt(c1)/a=0.8),1.0398989898989899,565648.9307520777,4,3.0494467798805216,0.9706690574272958,-4.749220594556031e-05,4.749220594556031e-05,True,-0.9958048639232014,-0.09201989953236993,1.9901737659542647e+19,1.2211047081451349e+17,CONVERGED
S3,S3_c08,High Micro-Stiffness (sqrt(c1)/a=0.8),1.0575757575757576,575264.1384142063,0,4.871585489676476e-06,1.5506738227535253e-06,3.4450840086572234,3.4450840086572234,False,0.031902081878591226,-1.5541371917144532e-07,2.0741625154935054e+19,1.289871142348334e+17,CONVERGED
S3,S3_c08,High Micro-Stiffness (sqrt(c1)/a=0.8),1.0575757575757576,575264.1384142063,1,2.9482987725817464,0.9384726467363055,2.7919833072614004e-05,2.7919833072614004e-05,True,-0.9813494308226712,-0.19208710658677516,2.0741625154935054e+19,1.289871142348334e+17,CONVERGED
S3,S3_c08,High Micro-Stiffness (sqrt(c1)/a=0.8),1.0575757575757576,575264.1384142063,2,2.065934646626567,0.6576074222308523,1.1572245290378718,1.1572245290378718,False,-0.149368005151027,0.27660407166769774,2.0741625154935054e+19,1.289871142348334e+17,CONVERGED
S3,S3_c08,High Micro-Stiffness (sqrt(c1)/a=0.8),1.0575757575757576,575264.1384142063,3,2.065729934353177,0.6575422602904092,1.1586272702203784,1.1586272702203784,False,-0.14910207938472606,-0.27624686856624026,2.0741625154935054e+19,1.289871142348334e+17,CONVERGED
S3,S3_c08,High Micro-Stiffness (sqrt(c1)/a=0.8),1.0575757575757576,575264.1384142063,4,2.9482946024452343,0.938471319340627,1.0441846514358587e-05,1.0441846514358587e-05,True,-0.981365781932734,0.19209455634293118,2.0741625154935054e+19,1.289871142348334e+17,CONVERGED
S3,S3_c08,High Micro-Stiffness (sqrt(c1)/a=0.8),1.0752525252525253,584879.3460763348,0,0.00016575794490053826,5.276239257534938e-05,3.463496828683763,3.463496828683763,False,0.03132004902955414,-5.191547008870115e-06,2.2792592492771713e+19,1.1640937753165549e+17,CONVERGED
S3,S3_c08,High Micro-Stiffness (sqrt(c1)/a=0.8),1.0752525252525253,584879.3460763348,1,2.8771099007982768,0.9158125250613568,3.398671888310194e-05,3.398671888310194e-05,True,-0.9651950392405197,-0.261401157414934,2.2792592492771713e+19,1.1640937753165549e+17,CONVERGED
S3,S3_c08,High Micro-Stiffness (sqrt(c1)/a=0.8),1.0752525252525253,584879.3460763348,2,2.2626070643769864,0.7202101971404793,1.1865254813573924,1.1865254813573924,False,-0.19474816280092105,-0.235093827626175,2.2792592492771713e+19,1.1640937753165549e+17,CONVERGED
S3,S3_c08,High Micro-Stiffness (sqrt(c1)/a=0.8),1.0752525252525253,584879.3460763348,3,2.2625925466479084,0.7202055760037889,1.1866142381791625,1.1866142381791625,False,-0.19472746559391127,0.23507578939655996,2.2792592492771713e+19,1.1640937753165549e+17,CONVERGED
S3,S3_c08,High Micro-Stiffness (sqrt(c1)/a=0.8),1.0752525252525253,584879.3460763348,4,2.877138681444685,0.9158216862256393,-7.177975442766421e-05,7.177975442766421e-05,True,-0.9653046536049128,0.2614010243719677,2.2792592492771713e+19,1.1640937753165549e+17,CONVERGED
S3,S3_c08,High Micro-Stiffness (sqrt(c1)/a=0.8),1.0929292929292929,594494.5537384634,0,4.57268254910388e-06,1.4555300617598618e-06,3.4818572116798214,3.4818572116798214,False,0.030750248246961574,-1.406111235404734e-07,2.2631042683951534e+19,6.3038226664906744e+16,CONVERGED
S3,S3_c08,High Micro-Stiffness (sqrt(c1)/a=0.8),1.0929292929292929,594494.5537384634,1,2.815450406603278,0.8961856984819966,6.65518280635968e-05,6.65518280635968e-05,True,-0.9472223373066092,0.3203697066034423,2.2631042683951534e+19,6.3038226664906744e+16,CONVERGED
S3,S3_c08,High Micro-Stiffness (sqrt(c1)/a=0.8),1.0929292929292929,594494.5537384634,2,2.504893320525474,0.7973323077590012,1.2125983142535162,1.2125983142535162,False,-0.23914707124155168,0.17683156321345941,2.2631042683951534e+19,6.3038226664906744e+16,CONVERGED
S3,S3_c08,High Micro-Stiffness (sqrt(c1)/a=0.8),1.0929292929292929,594494.5537384634,3,2.504316016473569,0.7971485461719459,1.2184504426559615,1.2184504426559615,False,-0.23765010946244755,-0.17593696999467498,2.2631042683951534e+19,6.3038226664906744e+16,CONVERGED
S3,S3_c08,High Micro-Stiffness (sqrt(c1)/a=0.8),1.0929292929292929,594494.5537384634,4,2.8154496018788944,0.8961854423302696,-1.2240920454552577e-05,1.2240920454552577e-05,True,-0.9472967166684838,-0.32039571272053896,2.2631042683951534e+19,6.3038226664906744e+16,CONVERGED
S3,S3_c08,High Micro-Stiffness (sqrt(c1)/a=0.8),1.1106060606060606,604109.761400592,0,7.505576133785091e-06,2.389099084888908e-06,3.499986120637288,3.499986120637288,False,0.030197802544813974,2.266519060773665e-07,2.251123313561727e+19,1.1710599199108267e+17,CONVERGED
S3,S3_c08,High Micro-Stiffness (sqrt(c1)/a=0.8),1.1106060606060606,604109.761400592,1,2.758986568650735,0.8782127006498227,1.9382767552331574e-05,1.9382767552331574e-05,True,-0.9276768517086069,0.3733321497276605,2.251123313561727e+19,1.1710599199108267e+17,CONVERGED
S3,S3_c08,High Micro-Stiffness (sqrt(c1)/a=0.8),1.1106060606060606,604109.761400592,2,2.938186908528087,0.9352539404402792,1.244836984378252,1.244836984378252,False,-0.28205077338496537,-0.05817528216183873,2.251123313561727e+19,1.1710599199108267e+17,CONVERGED
S3,S3_c08,High Micro-Stiffness (sqrt(c1)/a=0.8),1.1106060606060606,604109.761400592,3,2.9381200583198326,0.9352326613580983,1.246829349921024,1.246829349921024,False,-0.28148550265627514,0.058078308615794445,2.251123313561727e+19,1.1710599199108267e+17,CONVERGED
S3,S3_c08,High Micro-Stiffness (sqrt(c1)/a=0.8),1.1106060606060606,604109.761400592,4,2.7589687443304918,0.8782070269924748,-2.0583163229109e-05,2.0583163229109e-05,True,-0.9277072731132194,-0.37336360640351324,2.251123313561727e+19,1.1710599199108267e+17,CONVERGED
S3,S3_c08,High Micro-Stiffness (sqrt(c1)/a=0.8),1.1282828282828283,613724.9690627207,0,2.1002534603518225e-06,6.685314399217012e-07,3.5180410124217842,3.5180410124217842,False,0.02965747692662304,-6.228821854053596e-08,2.424296005894811e+19,1.0037602367857509e+18,CONVERGED
S3,S3_c08,High Micro-Stiffness (sqrt(c1)/a=0.8),1.1282828282828283,613724.9690627207,1,2.705454953024889,0.8611730581727252,2.891165288371813e-05,2.891165288371813e-05,True,-0.906363811787091,-0.4224296616582959,2.424296005894811e+19,1.0037602367857509e+18,CONVERGED
S3,S3_c08,High Micro-Stiffness (sqrt(c1)/a=0.8),1.1282828282828283,613724.9690627207,2,3.1333166292947667,0.9973656596485959,0.7239041664012559,0.7239041664012559,False,-0.4848389945876367,0.0040126309106139554,2.424296005894811e+19,1.0037602367857509e+18,CONVERGED
S3,S3_c08,High Micro-Stiffness (sqrt(c1)/a=0.8),1.1282828282828283,613724.9690627207,3,3.1315616577691667,0.9968070348620264,1.8284259362980049,1.8284259362980049,False,-0.16065818465767365,-0.001611615633272719,2.424296005894811e+19,1.0037602367857509e+18,CONVERGED
S3,S3_c08,High Micro-Stiffness (sqrt(c1)/a=0.8),1.1282828282828283,613724.9690627207,4,2.705397441854905,0.8611547517987533,-4.928970463920965e-05,4.928970463920965e-05,True,-0.9064103956160393,0.4225148269440531,2.424296005894811e+19,1.0037602367857509e+18,CONVERGED
S3,S3_c08,High Micro-Stiffness (sqrt(c1)/a=0.8),1.145959595959596,623340.1767248492,0,2.688165048098776e-06,8.556695105035656e-07,3.535924268070457,3.535924268070457,False,0.029131818932143172,-7.831113744111812e-08,2.2047584528324952e+19,1.6655300560566445e+17,CONVERGED
S3,S3_c08,High Micro-Stiffness (sqrt(c1)/a=0.8),1.145959595959596,623340.1767248492,1,2.653888294011734,0.8447588808113694,-2.799838863786969e-06,2.799838863786969e-06,True,-0.8834133939547784,-0.4686004428878673,2.2047584528324952e+19,1.6655300560566445e+17,CONVERGED
S3,S3_c08,High Micro-Stiffness (sqrt(c1)/a=0.8),1.145959595959596,623340.1767248492,2,3.141479390314416,0.9999639471797058,0.499252765595528,0.499252765595528,False,-0.6069840457687575,-6.874900141972983e-05,2.2047584528324952e+19,1.6655300560566445e+17,CONVERGED
S3,S3_c08,High Micro-Stiffness (sqrt(c1)/a=0.8),1.145959595959596,623340.1767248492,3,3.141426601664311,0.9999471440304991,2.117211717263441,2.117211717263441,False,-0.12036677599777855,1.9987135102258215e-05,2.2047584528324952e+19,1.6655300560566445e+17,CONVERGED
S3,S3_c08,High Micro-Stiffness (sqrt(c1)/a=0.8),1.145959595959596,623340.1767248492,4,2.6538972858105705,0.8447617429898338,-1.8251484504156967e-05,1.8251484504156967e-05,True,-0.8834312578412656,0.46859973997458537,2.2047584528324952e+19,1.6655300560566445e+17,CONVERGED
S3,S3_c08,High Micro-Stiffness (sqrt(c1)/a=0.8),1.1636363636363636,632955.3843869776,0,4.0378922176938224e-05,1.2853010122365347e-05,3.553622356453922,3.553622356453922,False,0.028620776974420017,1.155676126721705e-06,2.785601346799898e+19,1.1565145158978229e+17,CONVERGED
S3,S3_c08,High Micro-Stiffness (sqrt(c1)/a=0.8),1.1636363636363636,632955.3843869776,1,2.603851757692308,0.8288317566305019,4.159170176747103e-05,4.159170176747103e-05,True,-0.8588322573866889,-0.5121757254382451,2.785601346799898e+19,1.1565145158978229e+17,CONVERGED
S3,S3_c08,High Micro-Stiffness (sqrt(c1)/a=0.8),1.1636363636363636,632955.3843869776,2,3.138317138015186,0.9989573710102536,0.3443094341007926,0.3443094341007926,False,-0.7087057933303834,0.002321385165922798,2.785601346799898e+19,1.1565145158978229e+17,CONVERGED
S3,S3_c08,High Micro-Stiffness (sqrt(c1)/a=0.8),1.1636363636363636,632955.3843869776,3,3.1367802194874828,0.9984681546486266,2.3371176370660014,2.3371176370660014,False,-0.09660457130632276,-0.00046490672240499434,2.785601346799898e+19,1.1565145158978229e+17,CONVERGED
S3,S3_c08,High Micro-Stiffness (sqrt(c1)/a=0.8),1.1636363636363636,632955.3843869776,4,2.6037922160383595,0.8288128039334104,-2.31319714349086e-05,2.31319714349086e-05,True,-0.8588573466778621,0.5122600151002664,2.785601346799898e+19,1.1565145158978229e+17,CONVERGED
S3,S3_c08,High Micro-Stiffness (sqrt(c1)/a=0.8),1.1813131313131313,642570.5920491063,0,1.069085765978648e-05,3.4030056848937415e-06,3.571247142192433,3.571247142192433,False,0.028120761212800292,-3.006350554223462e-07,2.5623157784526787e+19,5.3503376625811176e+16,CONVERGED
S3,S3_c08,High Micro-Stiffness (sqrt(c1)/a=0.8),1.1813131313131313,642570.5920491063,1,2.554833470772288,0.813228751300066,-3.820564601213152e-06,3.820564601213152e-06,True,-0.8327425582093683,0.5536672944154394,2.5623157784526787e+19,5.3503376625811176e+16,CONVERGED
S3,S3_c08,High Micro-Stiffness (sqrt(c1)/a=0.8),1.1813131313131313,642570.5920491063,2,3.1412749091593315,0.9998988588065042,0.21907258714660827,0.21907258714660827,False,-0.8032633688892062,0.0002552324702479866,2.5623157784526787e+19,5.3503376625811176e+16,CONVERGED
S3,S3_c08,High Micro-Stiffness (sqrt(c1)/a=0.8),1.1813131313131313,642570.5920491063,3,3.1410984532270225,0.9998426911387746,2.5310751428018925,2.5310751428018925,False,-0.07957341177007618,-3.932521216519036e-05,2.5623157784526787e+19,5.3503376625811176e+16,CONVERGED
S3,S3_c08,High Micro-Stiffness (sqrt(c1)/a=0.8),1.1813131313131313,642570.5920491063,4,2.5548248644821703,0.813226011832838,-1.6406884368612506e-05,1.6406884368612506e-05,True,-0.8327482743272704,-0.5536814299866558,2.5623157784526787e+19,5.3503376625811176e+16,CONVERGED
S3,S3_c08,High Micro-Stiffness (sqrt(c1)/a=0.8),1.198989898989899,652185.7997112349,0,3.3634101210519e-05,1.0706066928214399e-05,3.588697683069687,3.588697683069687,False,0.027634295594529915,9.294546952583013e-07,2.7115231391122166e+19,6.699159754352958e+16,CONVERGED
S3,S3_c08,High Micro-Stiffness (sqrt(c1)/a=0.8),1.198989898989899,652185.7997112349,1,2.5066101177629494,0.7978787812922626,5.850917245080502e-06,5.850917245080502e-06,True,-0.8050773452508099,0.593159983813713,2.7115231391122166e+19,6.699159754352958e+16,CONVERGED
S3,S3_c08,High Micro-Stiffness (sqrt(c1)/a=0.8),1.198989898989899,652185.7997112349,2,3.1414640286847435,0.9999590574211132,0.11628517741766589,0.11628517741766589,False,-0.8902213087147467,0.00011450463193828192,2.7115231391122166e+19,6.699159754352958e+16,CONVERGED
S3,S3_c08,High Micro-Stiffness (sqrt(c1)/a=0.8),1.198989898989899,652185.7997112349,3,3.1413529695688065,0.9999237062065597,2.704589535508882,2.704589535508882,False,-0.06689777545241989,-1.6034328122561168e-05,2.7115231391122166e+19,6.699159754352958e+16,CONVERGED
S3,S3_c08,High Micro-Stiffness (sqrt(c1)/a=0.8),1.198989898989899,652185.7997112349,4,2.5066146886477823,0.7978802362500935,-9.672769826981931e-07,9.672769826981931e-07,True,-0.8050855457192804,-0.5931603481603648,2.7115231391122166e+19,6.699159754352958e+16,CONVERGED
S3,S3_c08,High Micro-Stiffness (sqrt(c1)/a=0.8),1.2166666666666666,661801.0073733634,0,9.246493022506478e-06,2.943250141593252e-06,3.6059479191704615,3.6059479191704615,False,0.027161685522548957,-2.5115033567092174e-07,2.7053884763927187e+19,1.32064019845982e+17,CONVERGED
S3,S3_c08,High Micro-Stiffness (sqrt(c1)/a=0.8),1.2166666666666666,661801.0073733634,1,2.459042157027317,0.7827374291245085,1.5962408018659746e-05,1.5962408018659746e-05,True,-0.7759540707824294,0.6307641046617434,2.7053884763927187e+19,1.32064019845982e+17,CONVERGED
S3,S3_c08,High Micro-Stiffness (sqrt(c1)/a=0.8),1.2166666666666666,661801.0073733634,2,3.1413783905728674,0.999931797963469,0.02929274170043509,0.02929274170043509,False,-0.9711321096873069,-0.00020807769883936402,2.7053884763927187e+19,1.32064019845982e+17,CONVERGED
S3,S3_c08,High Micro-Stiffness (sqrt(c1)/a=0.8),1.2166666666666666,661801.0073733634,3,3.1411929673953236,0.9998727759329292,2.8640470933618003,2.8640470933618003,False,-0.05703745205956145,2.279708336987244e-05,2.7053884763927187e+19,1.32064019845982e+17,CONVERGED
S3,S3_c08,High Micro-Stiffness (sqrt(c1)/a=0.8),1.2166666666666666,661801.0073733634,4,2.4590463190598433,0.7827387539406081,7.184928693903134e-06,7.184928693903134e-06,True,-0.7759635070101766,-0.6307664116250371,2.7053884763927187e+19,1.32064019845982e+17,CONVERGED
S3,S3_c08,High Micro-Stiffness (sqrt(c1)/a=0.8),1.2343434343434343,671416.215035492,0,0.0001188223549940471,3.7822330294245105e-05,3.623212910377201,3.623212910377201,False,0.026696764053029405,-3.172172390430414e-06,2.8229636802850124e+19,7.33862515309096e+16,CONVERGED
S3,S3_c08,High Micro-Stiffness (sqrt(c1)/a=0.8),1.2343434343434343,671416.215035492,1,2.411958778414775,0.7677503242372019,2.4689227428089413e-05,2.4689227428089413e-05,True,-0.745400106343542,0.666580305910155,2.8229636802850124e+19,7.33862515309096e+16,CONVERGED
S3,S3_c08,High Micro-Stiffness (sqrt(c1)/a=0.8),1.2343434343434343,671416.215035492,2,3.1413310129451255,0.9999167171961748,-0.047752203600452035,0.047752203600452035,False,-1.0489106709200267,0.00027443767040080734,2.8229636802850124e+19,7.33862515309096e+16,CONVERGED
S3,S3_c08,High Micro-Stiffness (sqrt(c1)/a=0.8),1.2343434343434343,671416.215035492,3,3.141067539100131,0.9998328508665622,3.0176570314865914,3.0176570314865914,False,-0.04891568538776922,-2.5686337529854507e-05,2.8229636802850124e+19,7.33862515309096e+16,CONVERGED
S3,S3_c08,High Micro-Stiffness (sqrt(c1)/a=0.8),1.2343434343434343,671416.215035492,4,2.411899394702825,0.7677314218146098,-3.889384207678782e-05,3.889384207678782e-05,True,-0.745407914832909,-0.6666669567438817,2.8229636802850124e+19,7.33862515309096e+16,CONVERGED
S3,S3_c08,High Micro-Stiffness (sqrt(c1)/a=0.8),1.252020202020202,681031.4226976206,0,6.636674697307806e-05,2.112519167538891e-05,3.640173099282217,3.640173099282217,False,0.02624780003926772,1.7419811063635737e-06,3.748898923066985e+19,1.2474274389521885e+17,CONVERGED
S3,S3_c08,High Micro-Stiffness (sqrt(c1)/a=0.8),1.252020202020202,681031.4226976206,1,2.365215892168761,0.7528716014363313,4.23221566782908e-05,4.23221566782908e-05,True,-0.7134268207789904,-0.7006693447426214,3.748898923066985e+19,1.2474274389521885e+17,CONVERGED
S3,S3_c08,High Micro-Stiffness (sqrt(c1)/a=0.8),1.252020202020202,681031.4226976206,2,3.141266880976756,0.9998963033566223,-0.11520278821555592,0.11520278821555592,False,-1.1221009038103669,0.0003655497564575379,3.748898923066985e+19,1.2474274389521885e+17,CONVERGED
S3,S3_c08,High Micro-Stiffness (sqrt(c1)/a=0.8),1.252020202020202,681031.4226976206,3,3.1408874604065833,0.9997755300381149,3.164138665995526,3.164138665995526,False,-0.0422505074481382,-2.9794774778539915e-05,3.748898923066985e+19,1.2474274389521885e+17,CONVERGED
S3,S3_c08,High Micro-Stiffness (sqrt(c1)/a=0.8),1.252020202020202,681031.4226976206,4,2.3652052495728784,0.7528682137928472,-3.9373589954250685e-06,3.9373589954250685e-06,True,-0.7134523669954955,0.7007093511417707,3.748898923066985e+19,1.2474274389521885e+17,CONVERGED
S3,S3_c08,High Micro-Stiffness (sqrt(c1)/a=0.8),1.2696969696969698,690646.6303597492,0,0.0010186779618835372,0.0003242552661050846,3.655536333055758,3.655536333055758,False,0.02584761741499568,-2.633040733558379e-05,2.9249710757810418e+19,1.3449502073110939e+17,CONVERGED
S3,S3_c08,High Micro-Stiffness (sqrt(c1)/a=0.8),1.2696969696969698,690646.6303597492,1,2.31888160655206,0.7381229402552719,0.0002109289622015154,0.0002109289622015154,True,-0.6800930654402823,0.7328380812875241,2.9249710757810418e+19,1.3449502073110939e+17,CONVERGED
S3,S3_c08,High Micro-Stiffness (sqrt(c1)/a=0.8),1.2696969696969698,690646.6303597492,2,3.141565154104389,0.999991246641931,-0.17632633080849217,0.17632633080849217,False,-1.1928272509747475,3.2802135585883086e-05,2.9249710757810418e+19,1.3449502073110939e+17,CONVERGED
S3,S3_c08,High Micro-Stiffness (sqrt(c1)/a=0.8),1.2696969696969698,690646.6303597492,3,3.1415167640326014,0.9999758436036877,3.3091768921829394,3.3091768921829394,False,-0.036546242769934005,-2.773478186160145e-06,2.9249710757810418e+19,1.3449502073110939e+17,CONVERGED
S3,S3_c08,High Micro-Stiffness (sqrt(c1)/a=0.8),1.2696969696969698,690646.6303597492,4,2.318635570556432,0.7380446245655065,0.00017061032391976378,0.00017061032391976378,True,-0.6799401540193368,-0.7330349408544352,2.9249710757810418e+19,1.3449502073110939e+17,CONVERGED
S3,S3_c08,High Micro-Stiffness (sqrt(c1)/a=0.8),1.2873737373737373,700261.8380218776,0,1.489863924705486e-05,4.74238416302339e-06,-3.674094454654553,3.674094454654553,False,39.4129504745374,-0.0005871993308256192,3.7632811420013404e+19,3.164653384061476e+17,CONVERGED
S3,S3_c08,High Micro-Stiffness (sqrt(c1)/a=0.8),1.2873737373737373,700261.8380218776,1,2.2725220386341682,0.7233662314677981,1.5968913965429327e-05,1.5968913965429327e-05,True,-0.6455263160977217,-0.7637171190351703,3.7632811420013404e+19,3.164653384061476e+17,CONVERGED
S3,S3_c08,High Micro-Stiffness (sqrt(c1)/a=0.8),1.2873737373737373,700261.8380218776,2,3.1408092483890764,0.9997506343797241,-0.23069493241239952,0.23069493241239952,False,-1.2594745693647516,0.0009866791296607108,3.7632811420013404e+19,3.164653384061476e+17,CONVERGED
S3,S3_c08,High Micro-Stiffness (sqrt(c1)/a=0.8),1.2873737373737373,700261.8380218776,3,3.139473880953323,0.9993255737232358,3.4509673166106403,3.4509673166106403,False,-0.031714871956820045,-6.719670342439803e-05,3.7632811420013404e+19,3.164653384061476e+17,CONVERGED
S3,S3_c08,High Micro-Stiffness (sqrt(c1)/a=0.8),1.2873737373737373,700261.8380218776,4,2.272472407786194,0.7233504334782282,-3.89616284960679e-05,3.89616284960679e-05,True,-0.6455238693769144,0.7637911104207382,3.7632811420013404e+19,3.164653384061476e+17,CONVERGED
S3,S3_c08,High Micro-Stiffness (sqrt(c1)/a=0.8),1.305050505050505,709877.0456840061,0,4.19379426662184e-07,1.334926175686632e-07,-3.690814743306563,3.690814743306563,False,40.07748652293227,1.6807673320049727e-05,5.02302337116278e+19,9.864717139771552e+16,CONVERGED
S3,S3_c08,High Micro-Stiffness (sqrt(c1)/a=0.8),1.305050505050505,709877.0456840061,1,2.2264435129171547,0.7086989811912986,1.7184029680697438e-05,1.7184029680697438e-05,True,-0.6096618887957995,-0.7926399017720164,5.02302337116278e+19,9.864717139771552e+16,CONVERGED
S3,S3_c08,High Micro-Stiffness (sqrt(c1)/a=0.8),1.305050505050505,709877.0456840061,2,3.141471969415277,0.9999615850341456,-0.28173116134919873,0.28173116134919873,False,-1.3254223376777987,0.00015995750148476592,5.02302337116278e+19,9.864717139771552e+16,CONVERGED
S3,S3_c08,High Micro-Stiffness (sqrt(c1)/a=0.8),1.305050505050505,709877.0456840061,3,3.1412697068402884,0.9998972028569217,3.597501415053592,3.597501415053592,False,-0.027392077021534067,-8.846182543826603e-06,5.02302337116278e+19,9.864717139771552e+16,CONVERGED
S3,S3_c08,High Micro-Stiffness (sqrt(c1)/a=0.8),1.305050505050505,709877.0456840061,4,2.226449667773006,0.7087009403427641,-2.761545546182263e-06,2.761545546182263e-06,True,-0.6096789276442323,0.7926519591175711,5.02302337116278e+19,9.864717139771552e+16,CONVERGED
S3,S3_c08,High Micro-Stiffness (sqrt(c1)/a=0.8),1.3227272727272728,719492.2533461349,0,2.1034480184464283e-05,6.695482993452026e-06,-3.707399476396436,3.707399476396436,False,40.74770325162685,-0.0008571067567351846,3.790609248698166e+19,7.507441699597784e+16,CONVERGED
S3,S3_c08,High Micro-Stiffness (sqrt(c1)/a=0.8),1.3227272727272728,719492.2533461349,1,2.1805010816322086,0.6940750511179807,1.8058726641300057e-05,1.8058726641300057e-05,True,-0.5726150972303955,0.8198023137456795,3.790609248698166e+19,7.507441699597784e+16,CONVERGED
S3,S3_c08,High Micro-Stiffness (sqrt(c1)/a=0.8),1.3227272727272728,719492.2533461349,2,3.141310537465374,0.9999101996485454,-0.32674064439178946,0.32674064439178946,False,-1.3864417939044076,0.0003911375960060645,3.790609248698166e+19,7.507441699597784e+16,CONVERGED
S3,S3_c08,High Micro-Stiffness (sqrt(c1)/a=0.8),1.3227272727272728,719492.2533461349,3,2.9371242583176122e-05,9.349156883727297e-06,3.707425867512233,3.707425867512233,False,0.024540612814538926,7.207882923228908e-07,3.790609248698166e+19,7.507441699597784e+16,CONVERGED
S3,S3_c08,High Micro-Stiffness (sqrt(c1)/a=0.8),1.3227272727272728,719492.2533461349,4,2.1804764195858235,0.6940672009448029,-1.2160812481363931e-05,1.2160812481363931e-05,True,-0.5726121828683768,-0.81984121020564,3.790609248698166e+19,7.507441699597784e+16,CONVERGED
S3,S3_c08,High Micro-Stiffness (sqrt(c1)/a=0.8),1.3404040404040405,729107.4610082634,0,6.362879609458378e-05,2.0253674842878587e-05,-3.7238978686361452,3.7238978686361452,False,41.42555109283532,0.0026358579471489796,3.6564535207315997e+19,1.3783849798298202e+17,CONVERGED
S3,S3_c08,High Micro-Stiffness (sqrt(c1)/a=0.8),1.3404040404040405,729107.4610082634,1,2.1346194832417837,0.6794704847563943,3.0232295404512048e-05,3.0232295404512048e-05,True,-0.534405340281934,0.845192563570745,3.6564535207315997e+19,1.3783849798298202e+17,CONVERGED
S3,S3_c08,High Micro-Stiffness (sqrt(c1)/a=0.8),1.3404040404040405,729107.4610082634,2,3.141545817497659,0.9999850916088435,-0.36865135838294955,0.36865135838294955,False,-1.4457834539287466,-6.771484710338854e-05,3.6564535207315997e+19,1.3783849798298202e+17,CONVERGED
S3,S3_c08,High Micro-Stiffness (sqrt(c1)/a=0.8),1.3404040404040405,729107.4610082634,3,4.761837166003807e-05,1.5157398463364162e-05,3.7238730428819875,3.7238730428819875,False,0.024140290147573486,-1.1495213090971596e-06,3.6564535207315997e+19,1.3783849798298202e+17,CONVERGED
S3,S3_c08,High Micro-Stiffness (sqrt(c1)/a=0.8),1.3404040404040405,729107.4610082634,4,2.1345865668390367,0.6794600071399822,1.6749895060405495e-06,1.6749895060405495e-06,True,-0.5343927798937897,-0.8452342910838312,3.6564535207315997e+19,1.3783849798298202e+17,CONVERGED
S3,S3_c08,High Micro-Stiffness (sqrt(c1)/a=0.8),1.358080808080808,738722.6686703919,0,2.1625386026088252e-05,6.883574164644689e-06,-3.7402897980967427,3.7402897980967427,False,42.11019184050404,-0.0009106491543254888,3.989779161964035e+19,3.047937777703758e+17,CONVERGED
S3,S3_c08,High Micro-Stiffness (sqrt(c1)/a=0.8),1.358080808080808,738722.6686703919,1,2.0887057920318934,0.6648557029330964,-1.5632412748893968e-05,1.5632412748893968e-05,True,-0.4950725863545064,0.868869610214621,3.989779161964035e+19,3.047937777703758e+17,CONVERGED
S3,S3_c08,High Micro-Stiffness (sqrt(c1)/a=0.8),1.358080808080808,738722.6686703919,2,3.1414900707175786,0.999967346857621,-0.4068092960448448,0.4068092960448448,False,-1.5020176297402648,0.00015408128311623323,3.989779161964035e+19,3.047937777703758e+17,CONVERGED
S3,S3_c08,High Micro-Stiffness (sqrt(c1)/a=0.8),1.358080808080808,738722.6686703919,3,1.492500259690778e-05,4.750775877914496e-06,3.7404781178744413,3.7404781178744413,False,0.023742748581984344,-3.5436058427015677e-07,3.989779161964035e+19,3.047937777703758e+17,CONVERGED
S3,S3_c08,High Micro-Stiffness (sqrt(c1)/a=0.8),1.358080808080808,738722.6686703919,4,2.0887021936203847,0.6648545575231386,-2.5338376395282472e-05,2.5338376395282472e-05,True,-0.49507426495039475,-0.8688798249589555,3.989779161964035e+19,3.047937777703758e+17,CONVERGED
S3,S3_c08,High Micro-Stiffness (sqrt(c1)/a=0.8),1.3757575757575757,748337.8763325205,0,6.0414186763796006e-05,1.923043291267018e-05,-3.7566339146439067,3.7566339146439067,False,42.80410087434588,0.0025859749476252565,4.1775267838444e+19,1.0352593001100925e+17,CONVERGED
S3,S3_c08,High Micro-Stiffness (sqrt(c1)/a=0.8),1.3757575757575757,748337.8763325205,1,2.04280354528322,0.6502445639949459,2.6588294500057628e-05,2.6588294500057628e-05,True,-0.4546628553360825,0.8906337703020755,4.1775267838444e+19,1.0352593001100925e+17,CONVERGED
S3,S3_c08,High Micro-Stiffness (sqrt(c1)/a=0.8),1.3757575757575757,748337.8763325205,2,3.1415455433840562,0.9999850043557738,-0.4424043590111139,0.4424043590111139,False,-1.5564449740311332,7.332444299893413e-05,4.1775267838444e+19,1.0352593001100925e+17,CONVERGED
S3,S3_c08,High Micro-Stiffness (sqrt(c1)/a=0.8),1.3757575757575757,748337.8763325205,3,4.157456025397873e-05,1.3233593542585117e-05,3.756522753012719,3.756522753012719,False,0.023364844598799114,9.713831401572836e-07,4.1775267838444e+19,1.0352593001100925e+17,CONVERGED
S3,S3_c08,High Micro-Stiffness (sqrt(c1)/a=0.8),1.3757575757575757,748337.8763325205,4,2.04280001468535,0.6502434401707397,-3.1415802567203196e-05,3.1415802567203196e-05,True,-0.45468608375441816,-0.8906870375272963,4.1775267838444e+19,1.0352593001100925e+17,CONVERGED
S3,S3_c08,High Micro-Stiffness (sqrt(c1)/a=0.8),1.3934343434343435,757953.0839946492,0,1.1700028952604113e-05,3.724234884250471e-06,-3.7726976093691094,3.7726976093691094,False,43.49724528468943,0.0005089190292126111,4.668076325763942e+19,1.8919948763817002e+17,CONVERGED
S3,S3_c08,High Micro-Stiffness (sqrt(c1)/a=0.8),1.3934343434343435,757953.0839946492,1,1.9968047253288774,0.6356026848506904,4.142584822331396e-06,4.142584822331396e-06,True,-0.4132375501974836,-0.9106187138267363,4.668076325763942e+19,1.8919948763817002e+17,CONVERGED
S3,S3_c08,High Micro-Stiffness (sqrt(c1)/a=0.8),1.3934343434343435,757953.0839946492,2,3.1415027250454006,0.9999713748552698,-0.4751243224276612,0.4751243224276612,False,-1.608214115638901,0.00014462435488099348,4.668076325763942e+19,1.8919948763817002e+17,CONVERGED
S3,S3_c08,High Micro-Stiffness (sqrt(c1)/a=0.8),1.3934343434343435,757953.0839946492,3,2.045794879035881e-05,6.511967351012931e-06,3.7727288399239565,3.7727288399239565,False,0.022989243643139385,-4.7031276924604033e-07,4.668076325763942e+19,1.8919948763817002e+17,CONVERGED
S3,S3_c08,High Micro-Stiffness (sqrt(c1)/a=0.8),1.3934343434343435,757953.0839946492,4,1.9968001950615666,0.6356012428218183,-1.968115498381688e-05,1.968115498381688e-05,True,-0.4132432697299144,0.9106422805402804,4.668076325763942e+19,1.8919948763817002e+17,CONVERGED
S3,S3_c08,High Micro-Stiffness (sqrt(c1)/a=0.8),1.4111111111111112,767568.2916567777,0,4.9051103716674724e-06,1.5613451241244043e-06,-3.788756221568356,3.788756221568356,False,44.201389337127196,-0.00021681269328139349,4.259263893636026e+19,1.6241390817613325e+17,CONVERGED
S3,S3_c08,High Micro-Stiffness (sqrt(c1)/a=0.8),1.4111111111111112,767568.2916567777,1,1.950738322860947,0.6209392935242267,-3.1468942192450015e-06,3.1468942192450015e-06,True,-0.37086776966666085,-0.9286890713423525,4.259263893636026e+19,1.6241390817613325e+17,CONVERGED
S3,S3_c08,High Micro-Stiffness (sqrt(c1)/a=0.8),1.4111111111111112,767568.2916567777,2,3.141532125245257,0.9999807332295398,-0.5054325449699658,0.5054325449699658,False,-1.657702393205716,0.00010033798171674094,4.259263893636026e+19,1.6241390817613325e+17,CONVERGED
S3,S3_c08,High Micro-Stiffness (sqrt(c1)/a=0.8),1.4111111111111112,767568.2916567777,3,1.5040325735256517e-05,4.78748437295664e-06,3.788724929479626,3.788724929479626,False,0.02262443121020205,3.4027881500200097e-07,4.259263893636026e+19,1.6241390817613325e+17,CONVERGED
S3,S3_c08,High Micro-Stiffness (sqrt(c1)/a=0.8),1.4111111111111112,767568.2916567777,4,1.9507115804236188,0.6209307811420446,-7.494077955739406e-06,7.494077955739406e-06,True,-0.3708445462506377,0.928703026152275,4.259263893636026e+19,1.6241390817613325e+17,CONVERGED
S3,S3_c08,High Micro-Stiffness (sqrt(c1)/a=0.8),1.4287878787878787,777183.4993189061,0,4.235790193158776e-06,1.3482938942827868e-06,-3.8046957968669184,3.8046957968669184,False,44.91158578924205,-0.00019023605464641824,3.5536345123647558e+19,6.318291159990589e+16,CONVERGED
S3,S3_c08,High Micro-Stiffness (sqrt(c1)/a=0.8),1.4287878787878787,777183.4993189061,1,1.9045036319989748,0.6062223343382096,4.313367978883617e-05,4.313367978883617e-05,True,-0.32753393317651247,-0.9447937653156205,3.5536345123647558e+19,6.318291159990589e+16,CONVERGED
S3,S3_c08,High Micro-Stiffness (sqrt(c1)/a=0.8),1.4287878787878787,777183.4993189061,2,3.1415435293570964,0.9999843632710814,-0.5334143773509149,0.5334143773509149,False,-1.70474301689068,-8.374419271716734e-05,3.5536345123647558e+19,6.318291159990589e+16,CONVERGED
S3,S3_c08,High Micro-Stiffness (sqrt(c1)/a=0.8),1.4287878787878787,777183.4993189061,3,5.219879415469732e-05,1.6615392226312823e-05,3.8045562906468717,3.8045562906468717,False,0.0222690759411916,1.162418912125336e-06,3.5536345123647558e+19,6.318291159990589e+16,CONVERGED
S3,S3_c08,High Micro-Stiffness (sqrt(c1)/a=0.8),1.4287878787878787,777183.4993189061,4,1.9044635540259474,0.6062095771231768,-7.281761530582665e-05,7.281761530582665e-05,True,-0.3275340432892234,0.9449164493872195,3.5536345123647558e+19,6.318291159990589e+16,CONVERGED
S3,S3_c08,High Micro-Stiffness (sqrt(c1)/a=0.8),1.4464646464646465,786798.7069810347,0,2.196239283178338e-05,6.990846762608668e-06,-3.820538925402707,3.820538925402707,False,45.62879220002518,-0.0010021174588978892,4.215196524104396e+19,7.534453609640613e+16,CONVERGED
S3,S3_c08,High Micro-Stiffness (sqrt(c1)/a=0.8),1.4464646464646465,786798.7069810347,1,1.858065315729168,0.5914405591718006,-7.137641375086966e-06,7.137641375086966e-06,True,-0.2833362096998211,-0.959028084915964,4.215196524104396e+19,7.534453609640613e+16,CONVERGED
S3,S3_c08,High Micro-Stiffness (sqrt(c1)/a=0.8),1.4464646464646465,786798.7069810347,2,3.141403415472531,0.9999397636364327,-0.559278962544239,0.559278962544239,False,-1.7494106235000808,0.00033105517666180977,4.215196524104396e+19,7.534453609640613e+16,CONVERGED
S3,S3_c08,High Micro-Stiffness (sqrt(c1)/a=0.8),1.4464646464646465,786798.7069810347,3,7.987322059767264e-05,2.5424435757577983e-05,3.820659640606989,3.820659640606989,False,0.021913341126095564,-1.750289133518808e-06,4.215196524104396e+19,7.534453609640613e+16,CONVERGED
S3,S3_c08,High Micro-Stiffness (sqrt(c1)/a=0.8),1.4464646464646465,786798.7069810347,4,1.858092721543184,0.5914492827133407,-1.0281436830790562e-05,1.0281436830790562e-05,True,-0.28336338337386185,0.9590233344648068,4.215196524104396e+19,7.534453609640613e+16,CONVERGED
S3,S3_c08,High Micro-Stiffness (sqrt(c1)/a=0.8),1.4641414141414142,796413.9146431634,0,1.3289746008268815e-05,4.230257539303533e-06,-3.8362719347497793,3.8362719347497793,False,46.352347346246674,0.0006160109231549374,3.894891172919974e+19,3.460650941615815e+16,CONVERGED
S3,S3_c08,High Micro-Stiffness (sqrt(c1)/a=0.8),1.4641414141414142,796413.9146431634,1,1.8114696523319993,0.5766086988591895,6.574398208233968e-05,6.574398208233968e-05,True,-0.23834092916117197,0.9711138564383622,3.894891172919974e+19,3.460650941615815e+16,CONVERGED
S3,S3_c08,High Micro-Stiffness (sqrt(c1)/a=0.8),1.4641414141414142,796413.9146431634,2,3.1411410779687015,0.999856259015447,-0.5835590338261699,0.5835590338261699,False,-1.7924061442430976,-0.0008094069728531557,3.894891172919974e+19,3.460650941615815e+16,CONVERGED
S3,S3_c08,High Micro-Stiffness (sqrt(c1)/a=0.8),1.4641414141414142,796413.9146431634,3,8.853133298410754e-05,2.8180398525870546e-05,3.83611957649807,3.83611957649807,False,0.021577167567803573,1.9102554117898352e-06,3.894891172919974e+19,3.460650941615815e+16,CONVERGED
S3,S3_c08,High Micro-Stiffness (sqrt(c1)/a=0.8),1.4641414141414142,796413.9146431634,4,1.8114362736656828,0.5765980740997134,-2.3387998179552025e-06,2.3387998179552025e-06,True,-0.23832473980198138,-0.9711879303249674,3.894891172919974e+19,3.460650941615815e+16,CONVERGED
S3,S3_c08,High Micro-Stiffness (sqrt(c1)/a=0.8),1.4818181818181817,806029.1223052919,0,5.250158531442532e-07,1.6711773645903299e-07,-3.8519232368852028,3.8519232368852028,False,47.083528989785094,2.471959914161647e-05,4.983209387834752e+19,8.093028150936859e+16,CONVERGED
S3,S3_c08,High Micro-Stiffness (sqrt(c1)/a=0.8),1.4818181818181817,806029.1223052919,1,1.7646070210438716,0.5616918600275926,8.672236455821118e-06,8.672236455821118e-06,True,-0.19259796230339507,0.9812689134962357,4.983209387834752e+19,8.093028150936859e+16,CONVERGED
S3,S3_c08,High Micro-Stiffness (sqrt(c1)/a=0.8),1.4818181818181817,806029.1223052919,2,3.1415148459580795,0.999975233061605,-0.6058794466707849,0.6058794466707849,False,-1.8328634003732316,-0.00014261076072522787,4.983209387834752e+19,8.093028150936859e+16,CONVERGED
S3,S3_c08,High Micro-Stiffness (sqrt(c1)/a=0.8),1.4818181818181817,806029.1223052919,3,0.00013759675345796713,4.379840693246462e-05,3.8520103169207425,3.8520103169207425,False,0.021237000193995735,2.9221422983215416e-06,4.983209387834752e+19,8.093028150936859e+16,CONVERGED
S3,S3_c08,High Micro-Stiffness (sqrt(c1)/a=0.8),1.4818181818181817,806029.1223052919,4,1.764578593069238,0.5616828111222226,5.958349982921753e-06,5.958349982921753e-06,True,-0.19257058935180169,-0.9812770513406178,4.983209387834752e+19,8.093028150936859e+16,CONVERGED
S3,S3_c08,High Micro-Stiffness (sqrt(c1)/a=0.8),1.4994949494949494,815644.3299674204,0,0.00010408371095803656,3.3130874188639184e-05,-3.867425813961631,3.867425813961631,False,47.819131908214466,0.004977192721772155,7.580770315476705e+19,1.6319081568145386e+17,CONVERGED
S3,S3_c08,High Micro-Stiffness (sqrt(c1)/a=0.8),1.4994949494949494,815644.3299674204,1,1.7174163516231475,0.5466706034153451,1.4994372893353898e-05,1.4994372893353898e-05,True,-0.14609307294538373,0.989255692802041,7.580770315476705e+19,1.6319081568145386e+17,CONVERGED
S3,S3_c08,High Micro-Stiffness (sqrt(c1)/a=0.8),1.4994949494949494,815644.3299674204,2,3.141565285445888,0.9999912884492286,-0.6263559187017326,0.6263559187017326,False,-1.8707808645408,-5.119979992863388e-05,7.580770315476705e+19,1.6319081568145386e+17,CONVERGED
S3,S3_c08,High Micro-Stiffness (sqrt(c1)/a=0.8),1.4994949494949494,815644.3299674204,3,1.1804668055062476e-06,3.7575425450443664e-07,3.8674427876243977,3.8674427876243977,False,0.02091177696373429,-2.4685658549850022e-08,7.580770315476705e+19,1.6319081568145386e+17,CONVERGED
S3,S3_c08,High Micro-Stiffness (sqrt(c1)/a=0.8),1.4994949494949494,815644.3299674204,4,1.7174033225742562,0.5466664561402754,-1.3309360351068476e-05,1.3309360351068476e-05,True,-0.14608431854526616,-0.9892855962512285,7.580770315476705e+19,1.6319081568145386e+17,CONVERGED
S3,S3_c08,High Micro-Stiffness (sqrt(c1)/a=0.8),1.5171717171717172,825259.537629549,0,4.22112824889988e-06,1.3436268524745046e-06,-3.882859333141771,3.882859333141771,False,48.56287417574662,0.00020499012003223207,4.690697310829253e+19,2.9156186323515866e+17,CONVERGED
S3,S3_c08,High Micro-Stiffness (sqrt(c1)/a=0.8),1.5171717171717172,825259.537629549,1,1.6699297256641328,0.5315551409110789,2.1275735181787164e-06,2.1275735181787164e-06,True,-0.09897089696460551,0.9950881902706102,4.690697310829253e+19,2.9156186323515866e+17,CONVERGED
S3,S3_c08,High Micro-Stiffness (sqrt(c1)/a=0.8),1.5171717171717172,825259.537629549,2,3.1415232255098853,0.9999779003557866,-0.6454683362626842,0.6454683362626842,False,-1.9068798765792516,-0.00013239100865864096,4.690697310829253e+19,2.9156186323515866e+17,CONVERGED
S3,S3_c08,High Micro-Stiffness (sqrt(c1)/a=0.8),1.5171717171717172,825259.537629549,3,6.587353557806308e-06,2.0968197612377147e-06,3.882897066863948,3.882897066863948,False,0.020591084937442394,-1.35640756623715e-07,4.690697310829253e+19,2.9156186323515866e+17,CONVERGED
S3,S3_c08,High Micro-Stiffness (sqrt(c1)/a=0.8),1.5171717171717172,825259.537629549,4,1.6699130522649537,0.5315498336032839,1.4538171202959313e-06,1.4538171202959313e-06,True,-0.09895437211935341,-0.9950905107619362,4.690697310829253e+19,2.9156186323515866e+17,CONVERGED
S3,S3_c08,High Micro-Stiffness (sqrt(c1)/a=0.8),1.534848484848485,834874.7452916778,0,9.424837365230872e-06,3.0000189090273765e-06,-3.898289841865758,3.898289841865758,False,49.31803530419645,-0.0004648144619285288,6.633740083825851e+19,1.1415900776798042e+17,CONVERGED
S3,S3_c08,High Micro-Stiffness (sqrt(c1)/a=0.8),1.534848484848485,834874.7452916778,1,1.621988364983564,0.516294931849351,5.9118971962296566e-06,5.9118971962296566e-06,True,-0.051169379421980965,-0.9986840696061381,6.633740083825851e+19,1.1415900776798042e+17,CONVERGED
S3,S3_c08,High Micro-Stiffness (sqrt(c1)/a=0.8),1.534848484848485,834874.7452916778,2,3.1415237229287425,0.9999780586891264,-0.6630901348068192,0.6630901348068192,False,-1.9407803460515924,0.00013377927241979117,6.633740083825851e+19,1.1415900776798042e+17,CONVERGED
S3,S3_c08,High Micro-Stiffness (sqrt(c1)/a=0.8),1.534848484848485,834874.7452916778,3,3.389105880139988e-05,1.0787859069721752e-05,3.898073668605833,3.898073668605833,False,0.020280941644143125,-6.873425860725756e-07,6.633740083825851e+19,1.1415900776798042e+17,CONVERGED
S3,S3_c08,High Micro-Stiffness (sqrt(c1)/a=0.8),1.534848484848485,834874.7452916778,4,1.6220860814722837,0.5163260359737537,2.9205520272243843e-06,2.9205520272243843e-06,True,-0.05126712043557593,0.9986820521443494,6.633740083825851e+19,1.1415900776798042e+17,CONVERGED
S3,S3_c08,High Micro-Stiffness (sqrt(c1)/a=0.8),1.5525252525252524,844489.952953806,0,1.8611168298130344e-05,5.924118862725243e-06,-3.9134709024176457,3.9134709024176457,False,50.07244727624933,-0.0009319067434651311,4.27605068978647e+19,1.2361911246399053e+17,CONVERGED
S3,S3_c08,High Micro-Stiffness (sqrt(c1)/a=0.8),1.5525252525252524,844489.952953806,1,1.5736090233402173,0.5008953091172106,4.185210382989719e-05,4.185210382989719e-05,True,-0.002812575122009704,-0.9999541933091849,4.27605068978647e+19,1.2361911246399053e+17,CONVERGED
S3,S3_c08,High Micro-Stiffness (sqrt(c1)/a=0.8),1.5525252525252524,844489.952953806,2,3.1415827362945823,0.9999968432268902,-0.6798785002981518,0.6798785002981518,False,-1.9736379211462172,1.9573149904354643e-05,4.27605068978647e+19,1.2361911246399053e+17,CONVERGED
S3,S3_c08,High Micro-Stiffness (sqrt(c1)/a=0.8),1.5525252525252524,844489.952953806,3,0.00017140075770208794,5.4558555675967095e-05,3.9129568324875335,3.9129568324875335,False,0.01998133188292025,3.4248154581677453e-06,4.27605068978647e+19,1.2361911246399053e+17,CONVERGED
S3,S3_c08,High Micro-Stiffness (sqrt(c1)/a=0.8),1.5525252525252524,844489.952953806,4,1.5735757326451782,0.5008847123598618,5.952470861733181e-05,5.952470861733181e-05,True,-0.0027792368335665574,0.9999366147468993,4.27605068978647e+19,1.2361911246399053e+17,CONVERGED
S3,S3_c08,High Micro-Stiffness (sqrt(c1)/a=0.8),1.5702020202020202,854105.1606159348,0,7.456043383640643e-05,2.373332320828059e-05,-3.928650092271816,3.928650092271816,False,50.838304167094236,-0.003790526021229906,4.74949090939392e+19,3.322700272232928e+17,CONVERGED
S3,S3_c08,High Micro-Stiffness (sqrt(c1)/a=0.8),1.5702020202020202,854105.1606159348,1,1.524744024836715,0.4853410970051897,-6.427335878349853e-07,6.427335878349853e-07,True,0.046036055208063136,0.9989404221918753,4.74949090939392e+19,3.322700272232928e+17,CONVERGED
S3,S3_c08,High Micro-Stiffness (sqrt(c1)/a=0.8),1.5702020202020202,854105.1606159348,2,3.1414688241145377,0.9999605838538252,-0.69459422597134,0.69459422597134,False,-2.002896170417643,0.00024801758304184804,4.74949090939392e+19,3.322700272232928e+17,CONVERGED
S3,S3_c08,High Micro-Stiffness (sqrt(c1)/a=0.8),1.5702020202020202,854105.1606159348,3,1.9899106914567342e-05,6.334082457135013e-06,3.9286751144080734,3.9286751144080734,False,0.019669715416009075,3.9140977009394077e-07,4.74949090939392e+19,3.322700272232928e+17,CONVERGED
S3,S3_c08,High Micro-Stiffness (sqrt(c1)/a=0.8),1.5702020202020202,854105.1606159348,4,1.5247489441470155,0.4853426628702915,1.7465725814912072e-06,1.7465725814912072e-06,True,0.04603103112723949,-0.9989382618732257,4.74949090939392e+19,3.322700272232928e+17,CONVERGED
S3,S3_c08,High Micro-Stiffness (sqrt(c1)/a=0.8),1.587878787878788,863720.3682780633,0,1.5155304706657216e-05,4.824083316256726e-06,-3.943720000252499,3.943720000252499,False,51.61023472162782,0.0007821688332482535,6.107084243317595e+19,6.807730579546582e+16,CONVERGED
S3,S3_c08,High Micro-Stiffness (sqrt(c1)/a=0.8),1.587878787878788,863720.3682780633,1,1.4751866098970077,0.46956648189616856,-2.3798840117775648e-05,2.3798840117775648e-05,True,0.09546639054648917,-0.995456562130688,6.107084243317595e+19,6.807730579546582e+16,CONVERGED
S3,S3_c08,High Micro-Stiffness (sqrt(c1)/a=0.8),1.587878787878788,863720.3682780633,2,3.1415071545211015,0.9999727848011759,-0.7085493467313871,0.7085493467313871,False,-2.031042774281431,-0.00017365226609682762,6.107084243317595e+19,6.807730579546582e+16,CONVERGED
S3,S3_c08,High Micro-Stiffness (sqrt(c1)/a=0.8),1.587878787878788,863720.3682780633,3,0.00043122621726937723,0.00013726356813848205,3.94314679692989,3.94314679692989,False,0.01938710955076288,-8.36023043357431e-06,6.107084243317595e+19,6.807730579546582e+16,CONVERGED
S3,S3_c08,High Micro-Stiffness (sqrt(c1)/a=0.8),1.587878787878788,863720.3682780633,4,1.4753105528855297,0.4696059341747383,0.0001254750418051309,0.0001254750418051309,True,0.09532877879326668,0.9953198005342366,6.107084243317595e+19,6.807730579546582e+16,CONVERGED
S3,S3_c08,High Micro-Stiffness (sqrt(c1)/a=0.8),1.6055555555555556,873335.5759401919,0,5.713240691868606e-05,1.8185809943692975e-05,-3.9587469749796984,3.9587469749796984,False,52.39163668536731,0.0029932603095011445,4.450605958917675e+19,1.2625926210197038e+17,CONVERGED
S3,S3_c08,High Micro-Stiffness (sqrt(c1)/a=0.8),1.6055555555555556,873335.5759401919,1,1.42519176614458,0.45365262887155694,-2.9817138437280454e-05,2.9817138437280454e-05,True,0.1450949458540936,-0.9894478726757823,4.450605958917675e+19,1.2625926210197038e+17,CONVERGED
S3,S3_c08,High Micro-Stiffness (sqrt(c1)/a=0.8),1.6055555555555556,873335.5759401919,2,3.1415780242198648,0.9999953433269232,-0.7214002952805381,0.7214002952805381,False,-2.05731203868719,3.0097178874718e-05,4.450605958917675e+19,1.2625926210197038e+17,CONVERGED
S3,S3_c08,High Micro-Stiffness (sqrt(c1)/a=0.8),1.6055555555555556,873335.5759401919,3,0.00012835352805478737,4.085619690640735e-05,3.958900239732802,3.958900239732802,False,0.019084090522461825,-2.4495103617264966e-06,4.450605958917675e+19,1.2625926210197038e+17,CONVERGED
S3,S3_c08,High Micro-Stiffness (sqrt(c1)/a=0.8),1.6055555555555556,873335.5759401919,4,1.4252265744918395,0.4536637087126113,-2.160940118376737e-05,2.160940118376737e-05,True,0.14505931410743078,0.989444801455339,4.450605958917675e+19,1.2625926210197038e+17,CONVERGED
S3,S3_c08,High Micro-Stiffness (sqrt(c1)/a=0.8),1.6232323232323231,882950.7836023204,0,3.734236326422535e-05,1.1886443400469337e-05,-3.9735426826441316,3.9735426826441316,False,53.17257106723886,-0.0019855894654086086,5.296355474867756e+19,2.443270015497518e+17,CONVERGED
S3,S3_c08,High Micro-Stiffness (sqrt(c1)/a=0.8),1.6232323232323231,882950.7836023204,1,1.3743214847458276,0.4374601153893826,-7.026871669904749e-05,7.026871669904749e-05,True,0.19522693192059612,-0.9808297468786908,5.296355474867756e+19,2.443270015497518e+17,CONVERGED
S3,S3_c08,High Micro-Stiffness (sqrt(c1)/a=0.8),1.6232323232323231,882950.7836023204,2,3.1414399321867923,0.999951387267593,-0.7330197311138769,0.7330197311138769,False,-2.0813562395044616,-0.00031786764751352473,5.296355474867756e+19,2.443270015497518e+17,CONVERGED
S3,S3_c08,High Micro-Stiffness (sqrt(c1)/a=0.8),1.6232323232323231,882950.7836023204,3,0.0005585992304280133,0.00017780765745989397,3.9738453894620345,3.9738453894620345,False,0.018800993863221042,-1.050222179562404e-05,5.296355474867756e+19,2.443270015497518e+17,CONVERGED
S3,S3_c08,High Micro-Stiffness (sqrt(c1)/a=0.8),1.6232323232323231,882950.7836023204,4,1.374397514705951,0.43748431647733604,4.1050579142080316e-05,4.1050579142080316e-05,True,0.1951306358958071,0.980735406287966,5.296355474867756e+19,2.443270015497518e+17,CONVERGED
S3,S3_c08,High Micro-Stiffness (sqrt(c1)/a=0.8),1.6409090909090909,892565.9912644491,0,3.1025576939620625e-05,9.875747864437082e-06,-3.988413291319183,3.988413291319183,False,53.96918798467877,-0.00167442519472476,6.886265070522294e+19,9.067268993947218e+16,CONVERGED
S3,S3_c08,High Micro-Stiffness (sqrt(c1)/a=0.8),1.6409090909090909,892565.9912644491,1,1.3226516582610897,0.4210130988018895,-7.932556888610934e-06,7.932556888610934e-06,True,0.24560782905859974,-0.969377459787853,6.886265070522294e+19,9.067268993947218e+16,CONVERGED
S3,S3_c08,High Micro-Stiffness (sqrt(c1)/a=0.8),1.6409090909090909,892565.9912644491,2,3.1415874771887946,0.9999983523003874,-0.7433466651741127,0.7433466651741127,False,-2.1029616593791465,-1.0885772834202065e-05,6.886265070522294e+19,9.067268993947218e+16,CONVERGED
S3,S3_c08,High Micro-Stiffness (sqrt(c1)/a=0.8),1.6409090909090909,892565.9912644491,3,3.392650294681045e-05,1.0799141291613273e-05,3.9884509798351284,3.9884509798351284,False,0.01852839274553062,6.286035713220818e-07,6.886265070522294e+19,9.067268993947218e+16,CONVERGED
S3,S3_c08,High Micro-Stiffness (sqrt(c1)/a=0.8),1.6409090909090909,892565.9912644491,4,1.3226395063871736,0.42100923074028634,-4.476694516282365e-06,4.476694516282365e-06,True,0.24561875996703644,0.9693711251019238,6.886265070522294e+19,9.067268993947218e+16,CONVERGED
S3,S3_c08,High Micro-Stiffness (sqrt(c1)/a=0.8),1.6585858585858586,902181.1989265776,0,9.978080581390761e-05,3.176121694195185e-05,-4.003123509177533,4.003123509177533,False,54.7689541989506,-0.0054648904016928205,5.836652803477068e+19,2.755793988746063e+17,CONVERGED
S3,S3_c08,High Micro-Stiffness (sqrt(c1)/a=0.8),1.6585858585858586,902181.1989265776,1,1.2699216894628447,0.40422862843524526,-3.941729266774312e-05,3.941729266774312e-05,True,0.29636734824607314,0.9551152980590636,5.836652803477068e+19,2.755793988746063e+17,CONVERGED
S3,S3_c08,High Micro-Stiffness (sqrt(c1)/a=0.8),1.6585858585858586,902181.1989265776,2,3.1415877690192584,0.999998445192909,-0.7525974835403235,0.7525974835403235,False,-2.122506037088459,1.03675304486474e-05,5.836652803477068e+19,2.755793988746063e+17,CONVERGED
S3,S3_c08,High Micro-Stiffness (sqrt(c1)/a=0.8),1.6585858585858586,902181.1989265776,3,1.1617505810742512e-05,3.697966952356976e-06,4.003229379125673,4.003229379125673,False,0.018256586148763614,2.120959956771245e-07,5.836652803477068e+19,2.755793988746063e+17,CONVERGED
S3,S3_c08,High Micro-Stiffness (sqrt(c1)/a=0.8),1.6585858585858586,902181.1989265776,4,1.2699556562170957,0.40423944038892495,2.4688121248869402e-05,2.4688121248869402e-05,True,0.29631590984558387,-0.9550641374006631,5.836652803477068e+19,2.755793988746063e+17,CONVERGED
S3,S3_c08,High Micro-Stiffness (sqrt(c1)/a=0.8),1.6762626262626263,911796.4065887061,0,1.2669498238181015e-05,4.032826542201135e-06,-4.017832901509921,4.017832901509921,False,55.58052674056466,-0.000704177385654434,6.060388201558259e+19,9.947095196180147e+16,CONVERGED
S3,S3_c08,High Micro-Stiffness (sqrt(c1)/a=0.8),1.6762626262626263,911796.4065887061,1,1.2160331612939557,0.3870753771671942,-0.0001313676591332648,0.0001313676591332648,True,0.3474139244095037,-0.9378519792390486,6.060388201558259e+19,9.947095196180147e+16,CONVERGED
S3,S3_c08,High Micro-Stiffness (sqrt(c1)/a=0.8),1.6762626262626263,911796.4065887061,2,3.1415576285851823,0.9999888511947688,-0.761157402010742,0.761157402010742,False,-2.1407524971289638,7.497986611337177e-05,6.060388201558259e+19,9.947095196180147e+16,CONVERGED
S3,S3_c08,High Micro-Stiffness (sqrt(c1)/a=0.8),1.6762626262626263,911796.4065887061,3,0.0022344901346456492,0.0007112603004378597,4.018293306534273,4.018293306534273,False,0.01798358641342525,-4.018421330557305e-05,6.060388201558259e+19,9.947095196180147e+16,CONVERGED
S3,S3_c08,High Micro-Stiffness (sqrt(c1)/a=0.8),1.6762626262626263,911796.4065887061,4,1.2164574115134132,0.3872104202062632,7.49143357977528e-05,7.49143357977528e-05,True,0.34694443347620674,0.9378058128589486,6.060388201558259e+19,9.947095196180147e+16,CONVERGED
S3,S3_c08,High Micro-Stiffness (sqrt(c1)/a=0.8),1.6939393939393939,921411.6142508347,0,6.009254268041502e-05,1.912805042109749e-05,-4.032401083495962,4.032401083495962,False,56.39616059840112,0.0033889886918503005,5.767631178992207e+19,8.42856070244296e+16,CONVERGED
S3,S3_c08,High Micro-Stiffness (sqrt(c1)/a=0.8),1.6939393939393939,921411.6142508347,1,1.1610453242579641,0.3695722050187749,6.586819331288727e-06,6.586819331288727e-06,True,0.3983783308170055,-0.9172140055535382,5.767631178992207e+19,8.42856070244296e+16,CONVERGED
S3,S3_c08,High Micro-Stiffness (sqrt(c1)/a=0.8),1.6939393939393939,921411.6142508347,2,3.141490730026859,0.999967556722283,-0.769022912605903,0.769022912605903,False,-2.1576569928253106,-0.000219916089060169,5.767631178992207e+19,8.42856070244296e+16,CONVERGED
S3,S3_c08,High Micro-Stiffness (sqrt(c1)/a=0.8),1.6939393939393939,921411.6142508347,3,0.0010056231245760782,0.0003200997823275994,4.031902262175245,4.031902262175245,False,0.017740541686511405,-1.784030497629737e-05,5.767631178992207e+19,8.42856070244296e+16,CONVERGED
S3,S3_c08,High Micro-Stiffness (sqrt(c1)/a=0.8),1.6939393939393939,921411.6142508347,4,1.1612756469447167,0.36964551900698067,0.00011027000772013466,0.00011027000772013466,True,0.39812578396739073,0.9172106325387162,5.767631178992207e+19,8.42856070244296e+16,CONVERGED
S3,S3_c08,High Micro-Stiffness (sqrt(c1)/a=0.8),1.7116161616161616,931026.8219129633,0,3.4885958852864633e-06,1.1104545591867746e-06,-4.046882219666086,4.046882219666086,False,57.21878306015741,-0.00019961321114557372,6.142849623860166e+19,1.794268687175101e+17,CONVERGED
S3,S3_c08,High Micro-Stiffness (sqrt(c1)/a=0.8),1.7116161616161616,931026.8219129633,1,1.1045821949679024,0.35159943276087474,-4.020019819535028e-05,4.020019819535028e-05,True,0.44952575853723775,0.8933123731596413,6.142849623860166e+19,1.794268687175101e+17,CONVERGED
S3,S3_c08,High Micro-Stiffness (sqrt(c1)/a=0.8),1.7116161616161616,931026.8219129633,2,3.1415560948043657,0.9999883629771715,-0.7754846511979738,0.7754846511979738,False,-2.171644360769834,-7.9392680246018e-05,6.142849623860166e+19,1.794268687175101e+17,CONVERGED
S3,S3_c08,High Micro-Stiffness (sqrt(c1)/a=0.8),1.7116161616161616,931026.8219129633,3,5.217197831773388e-05,1.6606856480301066e-05,4.046446839461037,4.046446839461037,False,0.01748438921843747,9.12195176030779e-07,6.142849623860166e+19,1.794268687175101e+17,CONVERGED
S3,S3_c08,High Micro-Stiffness (sqrt(c1)/a=0.8),1.7116161616161616,931026.8219129633,4,1.104638876860339,0.3516174751676049,4.7808686703411454e-05,4.7808686703411454e-05,True,0.449435567115578,-0.8932592334867226,6.142849623860166e+19,1.794268687175101e+17,CONVERGED
S3,S3_c08,High Micro-Stiffness (sqrt(c1)/a=0.8),1.7292929292929293,940642.0295750919,0,8.962457855979402e-05,2.8528389400638242e-05,-4.061281745280753,4.061281745280753,False,58.048666787958965,-0.0052025873107587745,7.465882528391104e+19,9.683351829360717e+16,CONVERGED
S3,S3_c08,High Micro-Stiffness (sqrt(c1)/a=0.8),1.7292929292929293,940642.0295750919,1,1.0463309885119565,0.33305749786381406,-2.2334084187852497e-05,2.2334084187852497e-05,True,0.5007614613959815,-0.8656111297497128,7.465882528391104e+19,9.683351829360717e+16,CONVERGED
S3,S3_c08,High Micro-Stiffness (sqrt(c1)/a=0.8),1.7292929292929293,940642.0295750919,2,3.141497939873302,0.9999698516876837,-0.7807816307847312,0.7807816307847312,False,-2.1831780281399253,0.00020677690542513056,7.465882528391104e+19,9.683351829360717e+16,CONVERGED
S3,S3_c08,High Micro-Stiffness (sqrt(c1)/a=0.8),1.7292929292929293,940642.0295750919,3,9.782749838909187e-05,3.11394598778768e-05,4.061208838390596,4.061208838390596,False,0.017228180354235803,-1.685389791227504e-06,7.465882528391104e+19,9.683351829360717e+16,CONVERGED
S3,S3_c08,High Micro-Stiffness (sqrt(c1)/a=0.8),1.7292929292929293,940642.0295750919,4,1.0463570950559564,0.33306580783486334,-1.0256341029396806e-06,1.0256341029396806e-06,True,0.5007281932549004,0.8656057576922608,7.465882528391104e+19,9.683351829360717e+16,CONVERGED
S3,S3_c08,High Micro-Stiffness (sqrt(c1)/a=0.8),1.7469696969696968,950257.2372372204,0,5.309772390311014e-06,1.690153045221733e-06,-4.075573610102009,4.075573610102009,False,58.884247501286474,0.0003126619516095096,7.536023815647832e+19,1.1385245545415035e+17,CONVERGED
S3,S3_c08,High Micro-Stiffness (sqrt(c1)/a=0.8),1.7469696969696968,950257.2372372204,1,0.9861065011301404,0.31388744813983105,-0.00047028934044778176,0.00047028934044778176,True,0.5522003925816616,0.8342755825243844,7.536023815647832e+19,1.1385245545415035e+17,CONVERGED
S3,S3_c08,High Micro-Stiffness (sqrt(c1)/a=0.8),1.7469696969696968,950257.2372372204,2,3.1415124034709563,0.9999744555938068,-0.7857191250424013,0.7857191250424013,False,-2.193984115430195,0.0001760674863672447,7.536023815647832e+19,1.1385245545415035e+17,CONVERGED
S3,S3_c08,High Micro-Stiffness (sqrt(c1)/a=0.8),1.7469696969696968,950257.2372372204,3,0.004272256334712672,0.0013599014276503693,4.078236700064264,4.078236700064264,False,0.01693715031474724,7.236028796888878e-05,7.536023815647832e+19,1.1385245545415035e+17,CONVERGED
S3,S3_c08,High Micro-Stiffness (sqrt(c1)/a=0.8),1.7469696969696968,950257.2372372204,4,0.9865554448474333,0.3140303513633855,9.058983983031034e-06,9.058983983031034e-06,True,0.5515613407827529,-0.8341234738035462,7.536023815647832e+19,1.1385245545415035e+17,CONVERGED
S3,S3_c08,High Micro-Stiffness (sqrt(c1)/a=0.8),1.7646464646464646,959872.4448993491,0,9.325463875730191e-06,2.9683873448947286e-06,-4.089658363444367,4.089658363444367,False,59.71948585660255,0.0005569119080490709,9.51843743936251e+19,1.5018291378703974e+17,CONVERGED
S3,S3_c08,High Micro-Stiffness (sqrt(c1)/a=0.8),1.7646464646464646,959872.4448993491,1,0.9231522904402251,0.29384850050033373,4.323461810482004e-06,4.323461810482004e-06,True,0.603306575042129,-0.797503937059059,9.51843743936251e+19,1.5018291378703974e+17,CONVERGED
S3,S3_c08,High Micro-Stiffness (sqrt(c1)/a=0.8),1.7646464646464646,959872.4448993491,2,2.7815930811177636,0.885408577060215,-1.0003592317147798,1.0003592317147798,False,-2.544945799562456,0.9579236140424954,9.51843743936251e+19,1.5018291378703974e+17,CONVERGED
S3,S3_c08,High Micro-Stiffness (sqrt(c1)/a=0.8),1.7646464646464646,959872.4448993491,3,1.6650100703952981,0.5299891660023927,2.0846461314887117,2.0846461314887117,False,-0.011698260177978892,0.12379963990318187,9.51843743936251e+19,1.5018291378703974e+17,CONVERGED
S3,S3_c08,High Micro-Stiffness (sqrt(c1)/a=0.8),1.7646464646464646,959872.4448993491,4,0.923126525149248,0.2938402991534953,2.9883615587939315e-05,2.9883615587939315e-05,True,0.6033117018259135,0.7974680087594546,9.51843743936251e+19,1.5018291378703974e+17,CONVERGED
S3,S3_c08,High Micro-Stiffness (sqrt(c1)/a=0.8),1.7823232323232323,969487.6525614776,0,2.0090248742797602e-05,6.394924790723949e-06,4.10394216823372,4.10394216823372,False,0.016507471730270458,-3.316392132204516e-07,7.0336040194831745e+19,6.658305418117426e+16,CONVERGED
S3,S3_c08,High Micro-Stiffness (sqrt(c1)/a=0.8),1.7823232323232323,969487.6525614776,1,0.857290249336237,0.27288396169269113,-1.0928788924690363e-05,1.0928788924690363e-05,True,0.6544957875052727,-0.7560801028691212,7.0336040194831745e+19,6.658305418117426e+16,CONVERGED
S3,S3_c08,High Micro-Stiffness (sqrt(c1)/a=0.8),1.7823232323232323,969487.6525614776,2,2.7561433371018267,0.8773076719390955,-1.0214480035726714,1.0214480035726714,False,-2.573448004119009,1.0441642156973252,7.0336040194831745e+19,6.658305418117426e+16,CONVERGED
S3,S3_c08,High Micro-Stiffness (sqrt(c1)/a=0.8),1.7823232323232323,969487.6525614776,3,1.7055604305847436,0.5428967465390068,2.113548956450379,2.113548956450379,False,-0.016231408893326228,0.11971309685604548,7.0336040194831745e+19,6.658305418117426e+16,CONVERGED
S3,S3_c08,High Micro-Stiffness (sqrt(c1)/a=0.8),1.7823232323232323,969487.6525614776,4,0.8572962746199068,0.2728858796000503,1.4088656790611381e-07,1.4088656790611381e-07,True,0.6544839869308454,0.7560756768194629,7.0336040194831745e+19,6.658305418117426e+16,CONVERGED
S3,S3_c08,High Micro-Stiffness (sqrt(c1)/a=0.8),1.8,979102.8602236061,0,8.960475994864213e-05,2.8522080940778164e-05,4.117857878633822,4.117857878633822,False,0.01627934939516382,1.4587071985777196e-06,7.12135732154752e+19,3.827494408719935e+17,CONVERGED
S3,S3_c08,High Micro-Stiffness (sqrt(c1)/a=0.8),1.8,979102.8602236061,1,0.7874515611433943,0.2506536168028021,-2.8442159191251804e-05,2.8442159191251804e-05,True,0.7056733905888114,0.708577414084881,7.12135732154752e+19,3.827494408719935e+17,CONVERGED
S3,S3_c08,High Micro-Stiffness (sqrt(c1)/a=0.8),1.8,979102.8602236061,2,2.733651662913727,0.8701483496881987,-1.039469932133301,1.039469932133301,False,-2.5956741385902986,1.121812530461404,7.12135732154752e+19,3.827494408719935e+17,CONVERGED
S3,S3_c08,High Micro-Stiffness (sqrt(c1)/a=0.8),1.8,979102.8602236061,3,1.7384849820383212,0.5533769567648474,2.143970470090667,2.143970470090667,False,-0.01955923524265092,0.11554483955421385,7.12135732154752e+19,3.827494408719935e+17,CONVERGED
S3,S3_c08,High Micro-Stiffness (sqrt(c1)/a=0.8),1.8,979102.8602236061,4,0.7875081151824723,0.25067161851254427,0.00012002218068778282,0.00012002218068778282,True,0.7055285629373107,-0.7085121250385065,7.12135732154752e+19,3.827494408719935e+17,CONVERGED
S3,S3_classical,"Classical Elastic Limit (c, d -> 0)",0.05,27197.301672877948,0,0.019583441195640407,0.006233602938071256,-5.879835288114993e-05,5.879835288114993e-05,True,0.999867039350412,-0.019583340909243043,4.565064904083242e+17,1.8855320476190198e+17,CONVERGED
S3,S3_classical,"Classical Elastic Limit (c, d -> 0)",0.05,27197.301672877948,1,0.5531579550305723,0.1760756457074399,1.075089443737924e-06,1.075089443737924e-06,True,0.850868736304939,-0.5253762874381184,4.565064904083242e+17,1.8855320476190198e+17,CONVERGED
S3,S3_classical,"Classical Elastic Limit (c, d -> 0)",0.05,27197.301672877948,2,0.5531593334559598,0.17607608447386808,2.9553572678888145e-07,2.9553572678888145e-07,True,0.850868675409698,0.5253778698567985,4.565064904083242e+17,1.8855320476190198e+17,CONVERGED
S3,S3_classical,"Classical Elastic Limit (c, d -> 0)",0.05,27197.301672877948,3,2.6339865914782243,0.8384239721430644,-548.642788044931,548.642788044931,False,-1.6368256673659807e+238,-9.104350978891019e+237,4.565064904083242e+17,1.8855320476190198e+17,CONVERGED
S3,S3_classical,"Classical Elastic Limit (c, d -> 0)",0.06767676767676768,36812.509335006514,0,0.013649129491305858,0.004344652854885388,-0.0017301311402921796,0.0017301311402921796,True,1.001638319461273,-0.013672340182890328,6.796428362072506e+17,2.861482137763256e+17,CONVERGED
S3,S3_classical,"Classical Elastic Limit (c, d -> 0)",0.06767676767676768,36812.509335006514,1,0.7543292243405375,0.2401104495449436,-3.7426008402078306e-06,3.7426008402078306e-06,True,0.7287337816221794,-0.6848025706379411,6.796428362072506e+17,2.861482137763256e+17,CONVERGED
S3,S3_classical,"Classical Elastic Limit (c, d -> 0)",0.06767676767676768,36812.509335006514,2,0.7543380296205592,0.24011325235262512,-8.162239553547772e-06,8.162239553547772e-06,True,0.7287309724360351,0.684812013931402,6.796428362072506e+17,2.861482137763256e+17,CONVERGED
S3,S3_classical,"Classical Elastic Limit (c, d -> 0)",0.06767676767676768,36812.509335006514,3,1.6357852365402474,0.5206866124642513,-548.1267938249993,548.1267938249993,False,-7.260648935746464e+236,1.115640216137687e+238,6.796428362072506e+17,2.861482137763256e+17,CONVERGED
S3,S3_classical,"Classical Elastic Limit (c, d -> 0)",0.08535353535353535,46427.71699713508,1,0.9612380837846074,0.30597158504500344,1.074251840972442e-06,1.074251840972442e-06,True,0.5725047039593865,0.8199001252853919,1.5137420013085647e+18,7.609827657482884e+17,CONVERGED
S3,S3_classical,"Classical Elastic Limit (c, d -> 0)",0.08535353535353535,46427.71699713508,2,0.9612411370431028,0.3059725569273676,-3.158784569154141e-07,3.158784569154141e-07,True,0.5725029964429028,-0.8199030130576488,1.5137420013085647e+18,7.609827657482884e+17,CONVERGED
S3,S3_classical,"Classical Elastic Limit (c, d -> 0)",0.08535353535353535,46427.71699713508,3,1.0835675426653137,0.34491026117824575,-10.366316296552792,10.366316296552792,False,14874.618913680642,28074.12462893366,1.5137420013085647e+18,7.609827657482884e+17,CONVERGED
S3,S3_classical,"Classical Elastic Limit (c, d -> 0)",0.10303030303030303,56042.924659263655,1,1.1764473308537384,0.3744748159852778,7.858463613155959e-07,7.858463613155959e-07,True,0.3842069308711911,-0.9232461549224303,2.539076668023437e+18,3.139252035361028e+32,CONVERGED
S3,S3_classical,"Classical Elastic Limit (c, d -> 0)",0.10303030303030303,56042.924659263655,2,1.1764481541693743,0.3744750780547842,2.2196461432051832e-07,2.2196461432051832e-07,True,0.3842063873949737,0.9232469918476709,2.539076668023437e+18,3.139252035361028e+32,CONVERGED
S3,S3_classical,"Classical Elastic Limit (c, d -> 0)",0.10303030303030303,56042.924659263655,3,1.281138430681486,0.407799028055904,-10.65466164845019,10.65466164845019,False,12107.543818967812,40623.85387120947,2.539076668023437e+18,3.139252035361028e+32,CONVERGED
S3,S3_classical,"Classical Elastic Limit (c, d -> 0)",0.12070707070707071,65658.13232139223,1,1.4037655010934964,0.44683243688180274,1.1892044731440447e-06,1.1892044731440447e-06,True,0.16625503694154933,0.9860815809482734,1.2418717441384312e+18,1.4314247292093493e+17,CONVERGED
S3,S3_classical,"Classical Elastic Limit (c, d -> 0)",0.12070707070707071,65658.13232139223,2,1.4037664388305098,0.44683273537276474,-8.892240196031305e-07,8.892240196031305e-07,True,0.16625445780392265,-0.9860837863538495,1.2418717441384312e+18,1.4314247292093493e+17,CONVERGED
S3,S3_classical,"Classical Elastic Limit (c, d -> 0)",0.12070707070707071,65658.13232139223,3,1.374039772036906,0.4373704434490692,-10.850210785585723,10.850210785585723,False,10076.509193965889,50550.4950520514,1.2418717441384312e+18,1.4314247292093493e+17,CONVERGED
S3,S3_classical,"Classical Elastic Limit (c, d -> 0)",0.1383838383838384,75273.3399835208,1,1.6494264987577387,0.5250287610881041,-8.362420137567394e-08,8.362420137567394e-08,True,-0.07854917906292486,-0.996910323808996,5.82326499547252e+17,1.0810121473510268e+21,CONVERGED
S3,S3_classical,"Classical Elastic Limit (c, d -> 0)",0.1383838383838384,75273.3399835208,2,1.6494268317128788,0.5250288670710169,-9.31185177497585e-07,9.31185177497585e-07,True,-0.07854957756486552,0.9969111425982109,5.82326499547252e+17,1.0810121473510268e+21,CONVERGED
S3,S3_classical,"Classical Elastic Limit (c, d -> 0)",0.1383838383838384,75273.3399835208,3,1.426219948267274,0.4539799094060078,-11.006058981311693,11.006058981311693,False,8678.686656360203,59609.557653597265,5.82326499547252e+17,1.0810121473510268e+21,CONVERGED
S3,S3_classical,"Classical Elastic Limit (c, d -> 0)",0.15606060606060607,84888.54764564935,1,1.9252208620689049,0.6128168334838124,1.9106840743724314e-07,1.9106840743724314e-07,True,-0.3470506589214266,-0.9378461803544661,4.008762953281271e+17,9.114341451042354e+32,CONVERGED
S3,S3_classical,"Classical Elastic Limit (c, d -> 0)",0.15606060606060607,84888.54764564935,2,1.9252227893171985,0.6128174469459975,-3.270943079778142e-06,3.270943079778142e-06,True,-0.347053667884938,0.9378487583374885,4.008762953281271e+17,9.114341451042354e+32,CONVERGED
S3,S3_classical,"Classical Elastic Limit (c, d -> 0)",0.15606060606060607,84888.54764564935,3,1.4613113322646787,0.4651498438522534,-11.138108811499317,11.138108811499317,False,7511.139091750193,68329.94050877263,4.008762953281271e+17,9.114341451042354e+32,CONVERGED
S3,S3_classical,"Classical Elastic Limit (c, d -> 0)",0.17373737373737375,94503.75530777793,1,2.2598302307894675,0.7193263035572849,7.278119309142633e-07,7.278119309142633e-07,True,-0.6357913248536424,0.7718600492434154,3.4265713267929466e+17,7.047352270556782e+17,CONVERGED
S3,S3_classical,"Classical Elastic Limit (c, d -> 0)",0.17373737373737375,94503.75530777793,2,2.2598305184607486,0.7193263951258976,6.957557227436204e-08,6.957557227436204e-08,True,-0.6357919653968357,-0.7718603744108736,3.4265713267929466e+17,7.047352270556782e+17,CONVERGED
S3,S3_classical,"Classical Elastic Limit (c, d -> 0)",0.17373737373737375,94503.75530777793,3,1.488555262324837,0.47382185612890154,-11.253363942790454,11.253363942790454,False,6336.842463280063,76878.25359312394,3.4265713267929466e+17,7.047352270556782e+17,CONVERGED
S3,S3_classical,"Classical Elastic Limit (c, d -> 0)",0.19141414141414143,104118.96296990648,1,2.796751625643582,0.8902336916429401,0.00021273853357962183,0.00021273853357962183,True,-0.9409290113834421,-0.3379751602889632,9.561472913100028e+17,1.3356014490517811e+17,CONVERGED
S3,S3_classical,"Classical Elastic Limit (c, d -> 0)",0.19141414141414143,104118.96296990648,2,2.796807856323491,0.890251590424262,-0.00010656277546820515,0.00010656277546820515,True,-0.9412485083731923,0.33803016692159404,9.561472913100028e+17,1.3356014490517811e+17,CONVERGED
S3,S3_classical,"Classical Elastic Limit (c, d -> 0)",0.19141414141414143,104118.96296990648,3,1.512012708896764,0.481288593277374,-11.355781494613334,11.355781494613334,False,5020.643738555208,85310.49325345484,9.561472913100028e+17,1.3356014490517811e+17,CONVERGED
S3,S3_classical,"Classical Elastic Limit (c, d -> 0)",0.2090909090909091,113734.17063203505,1,3.1414098551818617,0.9999418134595768,0.7048307029351062,0.7048307029351062,False,-0.4941922242120668,-9.033755280424917e-05,5.781982604057809e+17,5.5572309813498336e+17,CONVERGED
S3,S3_classical,"Classical Elastic Limit (c, d -> 0)",0.2090909090909091,113734.17063203505,2,3.141501167349609,0.9999708790252997,-0.7048178335523797,0.7048178335523797,False,-2.02347803307149,0.00018512039785743015,5.781982604057809e+17,5.5572309813498336e+17,CONVERGED
S3,S3_classical,"Classical Elastic Limit (c, d -> 0)",0.2090909090909091,113734.17063203505,3,1.5336824543972771,0.488186287501274,-11.447930347272358,11.447930347272358,False,3477.0388427678863,93642.67324811894,5.781982604057809e+17,5.5572309813498336e+17,CONVERGED
S3,S3_classical,"Classical Elastic Limit (c, d -> 0)",0.22676767676767678,123349.37829416365,1,3.1414269694079926,0.9999472610869486,1.0349028591063665,1.0349028591063665,False,-0.35526088473293443,5.8861109551302035e-05,2.277015886593454e+18,1.1748075407046197e+17,CONVERGED
S3,S3_classical,"Classical Elastic Limit (c, d -> 0)",0.22676767676767678,123349.37829416365,2,3.141532644621773,0.9999808985522195,-1.0349028906321964,1.0349028906321964,False,-2.8148328706421277,-0.00016891521591916566,2.277015886593454e+18,1.1748075407046197e+17,CONVERGED
S3,S3_classical,"Classical Elastic Limit (c, d -> 0)",0.22676767676767678,123349.37829416365,3,1.5547074086260058,0.49487873828884005,-11.531587763597097,11.531587763597097,False,1639.128643254143,101870.56658060587,2.277015886593454e+18,1.1748075407046197e+17,CONVERGED
S3,S3_classical,"Classical Elastic Limit (c, d -> 0)",0.24444444444444446,132964.58595629223,1,3.1415900685812326,0.9999991771662193,1.2666998561698415,1.2666998561698415,False,-0.28175993746649075,-7.28351850408123e-07,2.621687762077463e+18,1.0029128971141939e+18,CONVERGED
S3,S3_classical,"Classical Elastic Limit (c, d -> 0)",0.24444444444444446,132964.58595629223,2,3.1415921136153324,0.9999998281207909,-1.2667004217852789,1.2667004217852789,False,-3.549122613398645,1.9164355690520787e-06,2.621687762077463e+18,1.0029128971141939e+18,CONVERGED
S3,S3_classical,"Classical Elastic Limit (c, d -> 0)",0.24444444444444446,132964.58595629223,3,1.5757393397833164,0.5015734099017489,-11.608055306669938,11.608055306669938,False,-543.6311682747202,109978.82100638693,2.621687762077463e+18,1.0029128971141939e+18,CONVERGED
S3,S3_classical,"Classical Elastic Limit (c, d -> 0)",0.2621212121212121,142579.79361842075,1,3.141591797292067,0.9999997274319683,1.448434813887699,1.448434813887699,False,-0.2349377217269926,-2.0117663686135504e-07,4.5048530504626515e+17,5.3921956186121634e+20,CONVERGED
S3,S3_classical,"Classical Elastic Limit (c, d -> 0)",0.2621212121212121,142579.79361842075,2,3.1415923637693726,0.999999907747295,-1.4484349930422604,1.4484349930422604,False,-4.256447929278087,1.233605529296162e-06,4.5048530504626515e+17,5.3921956186121634e+20,CONVERGED
S3,S3_classical,"Classical Elastic Limit (c, d -> 0)",0.2621212121212121,142579.79361842075,3,1.5973031812767504,0.5084373938332092,-11.67830501280897,11.67830501280897,False,-3127.020734086224,117942.63780957535,4.5048530504626515e+17,5.3921956186121634e+20,CONVERGED
S3,S3_classical,"Classical Elastic Limit (c, d -> 0)",0.27979797979797977,152195.0012805493,1,3.141582633227414,0.9999968104195917,1.5973357179804804,1.5973357179804804,False,-0.20243514445498406,-2.0284735057458198e-06,3.35238519961765e+18,3.5229450618685446e+17,CONVERGED
S3,S3_classical,"Classical Elastic Limit (c, d -> 0)",0.27979797979797977,152195.0012805493,2,3.141590657215476,0.9999993645343184,-1.5974443855914513,1.5974443855914513,False,-4.94039054412167,9.862868797929765e-06,3.35238519961765e+18,3.5229450618685446e+17,CONVERGED
S3,S3_classical,"Classical Elastic Limit (c, d -> 0)",0.27979797979797977,152195.0012805493,3,1.6196559660704701,0.5155525062167889,-11.743051725703326,11.743051725703326,False,-6147.803980234674,125725.67354410714,3.35238519961765e+18,3.5229450618685446e+17,CONVERGED
S3,S3_classical,"Classical Elastic Limit (c, d -> 0)",0.29747474747474745,161810.20894267788,1,3.1415705404248095,0.9999929611609709,1.722485659385597,1.722485659385597,False,-0.17862160313889597,-3.94988898050667e-06,3.3311378047067366e+18,1.621854055556468e+17,CONVERGED
S3,S3_classical,"Classical Elastic Limit (c, d -> 0)",0.29747474747474745,161810.20894267788,2,3.1415889545803197,0.9999988225687155,-1.7224675273471302,1.7224675273471302,False,-5.598325456171166,2.0708258898269663e-05,3.3311378047067366e+18,1.621854055556468e+17,CONVERGED
S3,S3_classical,"Classical Elastic Limit (c, d -> 0)",0.29747474747474745,161810.20894267788,3,1.6431887236502751,0.5230432156036073,-11.802882921942249,11.802882921942249,False,-9665.859581143892,133287.0431101583,3.3311378047067366e+18,1.621854055556468e+17,CONVERGED
S3,S3_classical,"Classical Elastic Limit (c, d -> 0)",0.3151515151515151,171425.41660480644,1,3.1415914587773726,0.9999996196793944,1.8284614778442478,1.8284614778442478,False,-0.16066055755406727,1.919592296546015e-07,3.4238864374101396e+18,7.089185957333955e+17,CONVERGED
S3,S3_classical,"Classical Elastic Limit (c, d -> 0)",0.3151515151515151,171425.41660480644,2,3.141592562373542,0.9999999709649655,-1.8284610514892101,1.8284610514892101,False,-6.2243004062014675,-5.677573478242705e-07,3.4238864374101396e+18,7.089185957333955e+17,CONVERGED
S3,S3_classical,"Classical Elastic Limit (c, d -> 0)",0.3151515151515151,171425.41660480644,3,1.6679264634678528,0.5309174827493848,-11.858158134457234,11.858158134457234,False,-13696.309253808395,140566.16285435218,3.4238864374101396e+18,7.089185957333955e+17,CONVERGED
S3,S3_classical,"Classical Elastic Limit (c, d -> 0)",0.3328282828282828,181040.62426693502,1,3.141590333325143,0.9999992614368233,1.9187023965515109,1.9187023965515109,False,-0.14679732330953893,3.406086400091692e-07,8.725798271488679e+18,1.0219699666370337e+18,CONVERGED
S3,S3_classical,"Classical Elastic Limit (c, d -> 0)",0.3328282828282828,181040.62426693502,2,3.141592375064741,0.9999999113427225,-1.9186998820697339,1.9186998820697339,False,-6.812096181141156,-1.8973394433112705e-06,8.725798271488679e+18,1.0219699666370337e+18,CONVERGED
S3,S3_classical,"Classical Elastic Limit (c, d -> 0)",0.3328282828282828,181040.62426693502,3,1.6943396288015813,0.5393250544005175,-11.909287214691899,11.909287214691899,False,-18316.88395221997,147507.78727371045,8.725798271488679e+18,1.0219699666370337e+18,CONVERGED
S3,S3_classical,"Classical Elastic Limit (c, d -> 0)",0.3505050505050505,190655.83192906357,1,3.1415785309101243,0.999995504611442,1.9953877156802078,1.9953877156802078,False,-0.13596092974854732,1.9201326584565556e-06,3.559058839555073e+17,2.6194402758724243e+17,CONVERGED
S3,S3_classical,"Classical Elastic Limit (c, d -> 0)",0.3505050505050505,190655.83192906357,2,3.1415911260844918,0.9999995137799613,-1.9953824241071934,1.9953824241071934,False,-7.3550152252528225,-1.1234824748544434e-05,3.559058839555073e+17,2.6194402758724243e+17,CONVERGED
S3,S3_classical,"Classical Elastic Limit (c, d -> 0)",0.3505050505050505,190655.83192906357,3,1.7222096361478494,0.5481963532668495,-11.9563577340351,11.9563577340351,False,-23500.84784740095,154021.99088737395,3.559058839555073e+17,2.6194402758724243e+17,CONVERGED
S3,S3_classical,"Classical Elastic Limit (c, d -> 0)",0.36818181818181817,200271.03959119215,1,3.141591935459116,0.9999997714119059,2.060062785473157,2.060062785473157,False,-0.1274459678881898,9.15228592392456e-08,3.4443403353680584e+18,3.279183557908152e+17,CONVERGED
S3,S3_classical,"Classical Elastic Limit (c, d -> 0)",0.36818181818181817,200271.03959119215,2,3.1415924888642315,0.9999999475662252,-2.0600669212441813,2.0600669212441813,False,-7.846494889949154,-1.292518278127619e-06,3.4443403353680584e+18,3.279183557908152e+17,CONVERGED
S3,S3_classical,"Classical Elastic Limit (c, d -> 0)",0.36818181818181817,200271.03959119215,3,1.7516686153420955,0.5575734375812607,-11.999517112493555,11.999517112493555,False,-29263.450854018167,160022.50588964284,3.4443403353680584e+18,3.279183557908152e+17,CONVERGED
S3,S3_classical,"Classical Elastic Limit (c, d -> 0)",0.38585858585858585,209886.2472533207,1,3.14158936240211,0.9999989523824231,2.113883570678139,2.113883570678139,False,-0.12076804330167575,3.9747029667070386e-07,4.3878531818653574e+17,1.4020673839416818e+17,CONVERGED
S3,S3_classical,"Classical Elastic Limit (c, d -> 0)",0.38585858585858585,209886.2472533207,2,3.1415925054070053,0.9999999528319536,-2.1138822042217735,2.1138822042217735,False,-8.280324879001046,-1.227001626504713e-06,4.3878531818653574e+17,1.4020673839416818e+17,CONVERGED
S3,S3_classical,"Classical Elastic Limit (c, d -> 0)",0.38585858585858585,209886.2472533207,3,1.7832062241372366,0.5676121702473509,-12.039012412388407,12.039012412388407,False,-35676.37617847652,165426.4104251883,4.3878531818653574e+17,1.4020673839416818e+17,CONVERGED
S3,S3_classical,"Classical Elastic Limit (c, d -> 0)",0.4035353535353535,219501.45491544926,1,3.1415921453945392,0.9999998382364266,2.1576487534757405,2.1576487534757405,False,-0.11559659785744368,5.874564242209391e-08,2.2212098565128714e+18,1.0062430221743348e+33,CONVERGED
S3,S3_classical,"Classical Elastic Limit (c, d -> 0)",0.4035353535353535,219501.45491544926,2,3.1415926430252727,0.9999999966372087,-2.1576508746156606,2.1576508746156606,False,-8.650791975515277,-9.139147010019698e-08,2.2212098565128714e+18,1.0062430221743348e+33,CONVERGED
S3,S3_classical,"Classical Elastic Limit (c, d -> 0)",0.4035353535353535,219501.45491544926,3,1.8165401290929446,0.5782226817398637,-12.07474136268138,12.07474136268138,False,-42667.39315867077,170116.2755286199,2.2212098565128714e+18,1.0062430221743348e+33,CONVERGED
S3,S3_classical,"Classical Elastic Limit (c, d -> 0)",0.4212121212121212,229116.66257757787,1,3.141591834427082,0.9999997392524107,2.19196414573093,2.19196414573093,False,-0.1116971435520514,9.149813494936283e-08,6.87124916649733e+18,1.1369158159152762e+17,CONVERGED
S3,S3_classical,"Classical Elastic Limit (c, d -> 0)",0.4212121212121212,229116.66257757787,2,3.1415926531581184,0.9999999998625937,-2.1919678294126066,2.1919678294126066,False,-8.952813401375114,3.864702656428961e-09,6.87124916649733e+18,1.1369158159152762e+17,CONVERGED
S3,S3_classical,"Classical Elastic Limit (c, d -> 0)",0.4212121212121212,229116.66257757787,3,1.8513388443495549,0.5892994568325374,-12.10655904522846,12.10655904522846,False,-50130.110814646905,173977.2285245684,6.87124916649733e+18,1.1369158159152762e+17,CONVERGED
S3,S3_classical,"Classical Elastic Limit (c, d -> 0)",0.4388888888888889,238731.87023970645,1,3.1415904264585683,0.9999992910821133,2.2172478247872744,2.2172478247872744,False,-0.1089084318276124,-2.4255336920117615e-07,4.5775782475181164e+18,1.3029818255675915e+17,CONVERGED
S3,S3_classical,"Classical Elastic Limit (c, d -> 0)",0.4388888888888889,238731.87023970645,2,3.141592651250047,0.9999999992552356,-2.2172478376522675,2.2172478376522675,False,-9.182025634575112,-2.1483609327034405e-08,4.5775782475181164e+18,1.3029818255675915e+17,CONVERGED
S3,S3_classical,"Classical Elastic Limit (c, d -> 0)",0.4388888888888889,238731.87023970645,3,1.8881790757013486,0.6010260666811114,-12.134663591066627,12.134663591066627,False,-58114.55324461107,176915.7093749878,4.5775782475181164e+18,1.3029818255675915e+17,CONVERGED
S3,S3_classical,"Classical Elastic Limit (c, d -> 0)",0.45656565656565656,248347.077901835,1,3.1415782500275395,0.9999954152037385,2.2337520793265453,2.2337520793265453,False,-0.10712573087715159,1.5429921337743216e-06,3.288468562967625e+17,9.515967997137373e+16,CONVERGED
S3,S3_classical,"Classical Elastic Limit (c, d -> 0)",0.45656565656565656,248347.077901835,2,3.1415914095490556,0.9999996040095345,-2.233756730896572,2.233756730896572,False,-9.334868880597076,1.1612957169529663e-05,3.288468562967625e+17,9.515967997137373e+16,CONVERGED
S3,S3_classical,"Classical Elastic Limit (c, d -> 0)",0.45656565656565656,248347.077901835,3,1.9273540042478177,0.6134958337279961,-12.15913872505219,12.15913872505219,False,-66609.336809662,178827.62410038378,3.288468562967625e+17,9.515967997137373e+16,CONVERGED
S3,S3_classical,"Classical Elastic Limit (c, d -> 0)",0.4742424242424242,257962.28556396352,1,3.141586059740179,0.9999979011124798,2.241631845453079,2.241631845453079,False,-0.10628492221877676,-7.008267934149552e-07,3.3840387500423277e+17,1.3858089972694572e+18,CONVERGED
S3,S3_classical,"Classical Elastic Limit (c, d -> 0)",0.4742424242424242,257962.28556396352,2,3.141592607578076,0.9999999853540156,-2.2416253692821417,2.2416253692821417,False,-9.408611334069636,-4.329063645437312e-07,3.3840387500423277e+17,1.3858089972694572e+18,CONVERGED
S3,S3_classical,"Classical Elastic Limit (c, d -> 0)",0.4742424242424242,257962.28556396352,3,1.9668241041384675,0.6260595567318517,-12.179134780938496,12.179134780938496,False,-75100.77485568421,179615.88931732008,3.3840387500423277e+17,1.3858089972694572e+18,CONVERGED
S3,S3_classical,"Classical Elastic Limit (c, d -> 0)",0.49191919191919187,267577.4932260921,1,3.1415919164678745,0.999999765366806,2.240864134045571,2.240864134045571,False,-0.10636654969745694,7.840511520954932e-08,2.104099358963136e+19,1.9035323501962787e+17,CONVERGED
S3,S3_classical,"Classical Elastic Limit (c, d -> 0)",0.49191919191919187,267577.4932260921,2,3.14159257885721,0.99999997621188,-2.2408629498346904,2.2408629498346904,False,-9.40144075965505,7.025939563951095e-07,2.104099358963136e+19,1.9035323501962787e+17,CONVERGED
S3,S3_classical,"Classical Elastic Limit (c, d -> 0)",0.49191919191919187,267577.4932260921,3,2.0092911047369144,0.6395772228589103,-12.195715162481319,12.195715162481319,False,-84040.45516268926,179212.517682789,2.104099358963136e+19,1.9035323501962787e+17,CONVERGED
S3,S3_classical,"Classical Elastic Limit (c, d -> 0)",0.5095959595959596,277192.70088822074,1,3.1415922488047996,0.9999998711529348,2.2313511220207847,2.2313511220207847,False,-0.10738324421000678,-4.34671258194216e-08,3.621161043466194e+17,2.5338076091406377e+19,CONVERGED
S3,S3_classical,"Classical Elastic Limit (c, d -> 0)",0.5095959595959596,277192.70088822074,2,3.1415924876135244,0.9999999471681128,-2.231352644130223,2.231352644130223,False,-9.31245400031706,-1.5456463677776195e-06,3.621161043466194e+17,2.5338076091406377e+19,CONVERGED
S3,S3_classical,"Classical Elastic Limit (c, d -> 0)",0.5095959595959596,277192.70088822074,3,2.0515868998113893,0.6530403925751194,-12.207645112714385,12.207645112714385,False,-92641.61450599908,177604.97362471107,3.621161043466194e+17,2.5338076091406377e+19,CONVERGED
S3,S3_classical,"Classical Elastic Limit (c, d -> 0)",0.5272727272727272,286807.90855034924,1,3.141592007085676,0.9999997942113481,2.2128448955599596,2.2128448955599596,False,-0.10938900513422657,-7.072044219536926e-08,3.962438132879872e+17,2.3290024978665837e+17,CONVERGED
S3,S3_classical,"Classical Elastic Limit (c, d -> 0)",0.5272727272727272,286807.90855034924,2,3.141592618737503,0.9999999889061716,-2.212842828200528,2.212842828200528,False,-9.141667678716349,-3.186080532252872e-07,3.962438132879872e+17,2.3290024978665837e+17,CONVERGED
S3,S3_classical,"Classical Elastic Limit (c, d -> 0)",0.5272727272727272,286807.90855034924,3,2.096312726841982,0.6672770654867032,-12.215991571373305,12.215991571373305,False,-101332.09542668312,174737.6422436355,3.962438132879872e+17,2.3290024978665837e+17,CONVERGED
S3,S3_classical,"Classical Elastic Limit (c, d -> 0)",0.544949494949495,296423.11621247785,1,3.141589047867345,0.9999988522628979,2.184929020761231,2.184929020761231,False,-0.1124857175208127,-4.0559227675613045e-07,4.9373407201422656e+17,1.843899326450232e+17,CONVERGED
S3,S3_classical,"Classical Elastic Limit (c, d -> 0)",0.544949494949495,296423.11621247785,2,3.1415925373804807,0.999999963009427,-2.184928914514952,2.184928914514952,False,-8.890016579768844,-1.0331027161718564e-06,4.9373407201422656e+17,1.843899326450232e+17,CONVERGED
S3,S3_classical,"Classical Elastic Limit (c, d -> 0)",0.544949494949495,296423.11621247785,3,2.146185185556596,0.6831519621438578,-12.221946351676749,12.221946351676749,False,-110573.57028717054,170480.9521160291,4.9373407201422656e+17,1.843899326450232e+17,CONVERGED
S3,S3_classical,"Classical Elastic Limit (c, d -> 0)",0.5626262626262627,306038.32387460646,1,3.141592267732302,0.9999998771777459,2.1470219691724988,2.1470219691724988,False,-0.1168315682290208,4.50803358336011e-08,1.3537451424200568e+17,1.0582747309574295e+32,CONVERGED
S3,S3_classical,"Classical Elastic Limit (c, d -> 0)",0.5626262626262627,306038.32387460646,2,3.1415925645362797,0.9999999716533863,-2.1470243782574254,2.1470243782574254,False,-8.559351074766713,-7.622402878297092e-07,1.3537451424200568e+17,1.0582747309574295e+32,CONVERGED
S3,S3_classical,"Classical Elastic Limit (c, d -> 0)",0.5626262626262627,306038.32387460646,3,2.1878638141216866,0.6964186816587082,-12.220316777870314,12.220316777870314,False,-117389.4496607494,165455.83870339463,1.3537451424200568e+17,1.0582747309574295e+32,CONVERGED
S3,S3_classical,"Classical Elastic Limit (c, d -> 0)",0.5803030303030303,315653.531536735,1,3.1415903815378483,0.9999992767834041,2.098302548550393,2.098302548550393,False,-0.12266446861357018,2.787000444902044e-07,5.324877429972448e+17,4.2561827879915e+17,CONVERGED
S3,S3_classical,"Classical Elastic Limit (c, d -> 0)",0.5803030303030303,315653.531536735,2,3.1415926265890692,0.9999999914054026,-2.0983036935171477,2.0983036935171477,False,-8.152329327860475,-2.201187925040268e-07,5.324877429972448e+17,4.2561827879915e+17,CONVERGED
S3,S3_classical,"Classical Elastic Limit (c, d -> 0)",0.5803030303030303,315653.531536735,3,2.2297665460048544,0.7097567354752292,-12.214666568175112,12.214666568175112,False,-123517.55375548339,159489.4045491718,5.324877429972448e+17,4.2561827879915e+17,CONVERGED
S3,S3_classical,"Classical Elastic Limit (c, d -> 0)",0.5979797979797981,325268.7391988636,1,3.1415917756452783,0.9999997205415814,2.037633387357326,2.037633387357326,False,-0.1303368028928813,-1.1442848118863063e-07,5.244792599782263e+18,8.0556283170422975e+31,CONVERGED
S3,S3_classical,"Classical Elastic Limit (c, d -> 0)",0.5979797979797981,325268.7391988636,2,3.1415925816817922,0.9999999771109724,-2.0376346620190255,2.0376346620190255,False,-7.672439805693148,5.517098101461143e-07,5.244792599782263e+18,8.0556283170422975e+31,CONVERGED
S3,S3_classical,"Classical Elastic Limit (c, d -> 0)",0.5979797979797981,325268.7391988636,3,2.2749894233323116,0.7241516244102357,-12.206433384879858,12.206433384879858,False,-129530.53266080632,152481.8371797669,5.244792599782263e+18,8.0556283170422975e+31,CONVERGED
S3,S3_classical,"Classical Elastic Limit (c, d -> 0)",0.6156565656565657,334883.9468609921,1,3.1415912139639333,0.9999995417528564,1.9634437118968897,1.9634437118968897,False,-0.1403741793737428,-2.0208629870329436e-07,6.384463572649147e+18,2.810491729158895e+17,CONVERGED
S3,S3_classical,"Classical Elastic Limit (c, d -> 0)",0.6156565656565657,334883.9468609921,2,3.141592319113658,0.9999998935329395,-1.9634446607799323,1.9634446607799323,False,-7.123824006264874,-2.382749121605698e-06,6.384463572649147e+18,2.810491729158895e+17,CONVERGED
S3,S3_classical,"Classical Elastic Limit (c, d -> 0)",0.6156565656565657,334883.9468609921,3,2.3181209177036566,0.7378808054745153,-12.19372892670631,12.19372892670631,False,-134268.11207533794,144902.26455487404,6.384463572649147e+18,2.810491729158895e+17,CONVERGED
S3,S3_classical,"Classical Elastic Limit (c, d -> 0)",0.6333333333333333,344499.15452312067,1,3.1415924105152784,0.9999999226269789,1.873512433732099,1.873512433732099,False,-0.15358326228081362,-3.733217693803862e-08,6.472725400456089e+18,1.716089518900439e+32,CONVERGED
S3,S3_classical,"Classical Elastic Limit (c, d -> 0)",0.6333333333333333,344499.15452312067,2,3.14159261682252,0.9999999882966134,-1.8735126516115526,1.8735126516115526,False,-6.511127599640604,-2.3939640905269756e-07,6.472725400456089e+18,1.716089518900439e+32,CONVERGED
S3,S3_classical,"Classical Elastic Limit (c, d -> 0)",0.6333333333333333,344499.15452312067,3,2.365085711618919,0.7528301636803277,-12.179196548517284,12.179196548517284,False,-138889.7303308163,136441.63369676413,6.472725400456089e+18,1.716089518900439e+32,CONVERGED
S3,S3_classical,"Classical Elastic Limit (c, d -> 0)",0.651010101010101,354114.3621852493,1,3.1415925054754266,0.9999999528537329,1.7646032145328734,1.7646032145328734,False,-0.17125472439147602,-2.5365285014943128e-08,3.2626697262058003e+17,1.844349533230306e+17,CONVERGED
S3,S3_classical,"Classical Elastic Limit (c, d -> 0)",0.651010101010101,354114.3621852493,2,3.141592369610957,0.999999909606729,-1.7646029798689598,1.7646029798689598,False,-5.839253596590625,1.6582244410688544e-06,3.2626697262058003e+17,1.844349533230306e+17,CONVERGED
S3,S3_classical,"Classical Elastic Limit (c, d -> 0)",0.651010101010101,354114.3621852493,3,2.428466957391788,0.7730050408084764,-12.168818072551591,12.168818072551591,False,-145732.5453443873,126055.48229857521,3.2626697262058003e+17,1.844349533230306e+17,CONVERGED
S3,S3_classical,"Classical Elastic Limit (c, d -> 0)",0.6686868686868687,363729.5698473778,1,3.1415891158639058,0.9999988739068755,1.6317542727082317,1.6317542727082317,False,-0.19558616152880254,-6.919302268725803e-07,1.8480639409379366e+18,1.5805255704713504e+17,CONVERGED
S3,S3_classical,"Classical Elastic Limit (c, d -> 0)",0.6686868686868687,363729.5698473778,2,3.1415918579599103,0.9999997467431425,-1.6317550961866414,1.6317550961866414,False,-5.11284037508406,4.067928590460699e-06,1.8480639409379366e+18,1.5805255704713504e+17,CONVERGED
S3,S3_classical,"Classical Elastic Limit (c, d -> 0)",0.6686868686868687,363729.5698473778,3,2.448702215716565,0.7794461235827359,-12.137381832812675,12.137381832812675,False,-143665.2680676654,119271.92333140511,1.8480639409379366e+18,1.5805255704713504e+17,CONVERGED
S3,S3_classical,"Classical Elastic Limit (c, d -> 0)",0.6863636363636364,373344.7775095064,1,3.14159211385756,0.9999998281978943,1.4667681254823732,1.4667681254823732,False,-0.23066977758519117,1.244999142353031e-07,5.212695363263485e+17,1.4400200891265272e+17,CONVERGED
S3,S3_classical,"Classical Elastic Limit (c, d -> 0)",0.6863636363636364,373344.7775095064,2,3.141592536720615,0.9999999627993852,-1.4667674877896677,1.4667674877896677,False,-4.335198883772386,-5.066511316484973e-07,5.212695363263485e+17,1.4400200891265272e+17,CONVERGED
S3,S3_classical,"Classical Elastic Limit (c, d -> 0)",0.6863636363636364,373344.7775095064,3,2.4948518819245673,0.794136018580825,-12.11395203492713,12.11395203492713,False,-145563.91152180085,109911.57155327653,5.212695363263485e+17,1.4400200891265272e+17,CONVERGED
S3,S3_classical,"Classical Elastic Limit (c, d -> 0)",0.704040404040404,382959.98517163494,1,3.1415879982691473,0.9999985181654151,1.2543223310167444,1.2543223310167444,False,-0.2852691007548076,-1.3280191344569762e-06,3.69572751773301e+18,6.162427016435239e+32,CONVERGED
S3,S3_classical,"Classical Elastic Limit (c, d -> 0)",0.704040404040404,382959.98517163494,2,3.14159178005701,0.9999997219458793,-1.25431540712345,1.25431540712345,False,-3.5054377549952904,3.0621147989118716e-06,3.69572751773301e+18,6.162427016435239e+32,CONVERGED
S3,S3_classical,"Classical Elastic Limit (c, d -> 0)",0.704040404040404,382959.98517163494,3,2.5374120638148976,0.8076833452342975,-12.086954563048579,12.086954563048579,False,-146110.2050404313,100858.66681434088,3.69572751773301e+18,6.162427016435239e+32,CONVERGED
S3,S3_classical,"Classical Elastic Limit (c, d -> 0)",0.7217171717171718,392575.19283376355,1,3.1415838859562735,0.9999972091755722,0.9585069671762593,0.9585069671762593,False,-0.38346498458184675,3.3620804525256866e-06,2.9285074935323044e+18,2.0988656417846186e+32,CONVERGED
S3,S3_classical,"Classical Elastic Limit (c, d -> 0)",0.7217171717171718,392575.19283376355,2,3.141588138964885,0.9999985629502594,-0.9585026896494531,0.9585026896494531,False,-2.607788879404912,-1.177318863102766e-05,2.9285074935323044e+18,2.0988656417846186e+32,CONVERGED
S3,S3_classical,"Classical Elastic Limit (c, d -> 0)",0.7217171717171718,392575.19283376355,3,2.6411453922341304,0.8407026891968893,-12.087415397453949,12.087415397453949,False,-155840.24439597796,85226.4390838611,2.9285074935323044e+18,2.0988656417846186e+32,CONVERGED
S3,S3_classical,"Classical Elastic Limit (c, d -> 0)",0.7393939393939394,402190.40049589204,1,3.141584910197474,0.9999975352016723,0.4165161554400561,0.4165161554400561,False,-0.6593398607640307,5.105527213692149e-06,3.49228723893479e+18,3.0840010226148314e+17,CONVERGED
S3,S3_classical,"Classical Elastic Limit (c, d -> 0)",0.7393939393939394,402190.40049589204,2,3.141587588846177,0.999998387842036,-0.4165185872027746,0.4165185872027746,False,-1.5166721917344494,-7.681555800911434e-06,3.49228723893479e+18,3.0840010226148314e+17,CONVERGED
S3,S3_classical,"Classical Elastic Limit (c, d -> 0)",0.7570707070707071,411805.6081580207,1,2.3142798794568242,0.7366581650273385,-4.3452934450185036e-07,4.3452934450185036e-07,True,-0.6768566033680443,0.7361154851897497,9.830186852439577e+18,3.978378108814627e+17,CONVERGED
S3,S3_classical,"Classical Elastic Limit (c, d -> 0)",0.7570707070707071,411805.6081580207,2,2.314280487213426,0.7366583584822733,-9.852963297599696e-07,9.852963297599696e-07,True,-0.6768574235375853,-0.736115479253536,9.830186852439577e+18,3.978378108814627e+17,CONVERGED
S3,S3_classical,"Classical Elastic Limit (c, d -> 0)",0.7747474747474747,421420.81582014915,1,1.840642675659307,0.585894760594142,2.930997306031232e-07,2.930997306031232e-07,True,-0.26658327091265516,0.9638115860842411,1.2722222905687296e+18,5.601187285363881e+17,CONVERGED
S3,S3_classical,"Classical Elastic Limit (c, d -> 0)",0.7747474747474747,421420.81582014915,2,1.840642220804978,0.5858946158095123,7.974210920325806e-08,7.974210920325806e-08,True,-0.2665828893962404,-0.9638119129772915,1.2722222905687296e+18,5.601187285363881e+17,CONVERGED
S3,S3_classical,"Classical Elastic Limit (c, d -> 0)",0.7924242424242425,431036.0234822779,1,1.4319110636609842,0.4557914476992385,1.7114877839513405e-07,1.7114877839513405e-07,True,0.13843917420198218,0.9903707652938747,3.298037357322934e+18,9.001016259639752e+16,CONVERGED
S3,S3_classical,"Classical Elastic Limit (c, d -> 0)",0.7924242424242425,431036.0234822779,2,1.4319108314751667,0.4557913737921974,-2.1119158361282077e-07,2.1119158361282077e-07,True,0.13843945708300637,-0.9903711118090122,3.298037357322934e+18,9.001016259639752e+16,CONVERGED
S3,S3_classical,"Classical Elastic Limit (c, d -> 0)",0.8101010101010101,440651.2311444063,1,1.007590869240043,0.3207261349076248,2.7259559764502714e-07,2.7259559764502714e-07,True,0.533899159072298,-0.845547835873788,9.004566271741324e+17,1.1603147574975387e+17,CONVERGED
S3,S3_classical,"Classical Elastic Limit (c, d -> 0)",0.8101010101010101,440651.2311444063,2,1.0075905962627283,0.3207260480162468,-9.346931590572632e-07,9.346931590572632e-07,True,0.5339000344587755,0.8455487109522335,9.004566271741324e+17,1.1603147574975387e+17,CONVERGED
S3,S3_classical,"Classical Elastic Limit (c, d -> 0)",0.8277777777777778,450266.438806535,1,0.4137642463950476,0.13170525017692952,2.6359115220389137e-06,2.6359115220389137e-06,True,0.9156114515728038,0.4020577047385054,7.879666696167494e+17,1.3312186634749578e+18,CONVERGED
S3,S3_classical,"Classical Elastic Limit (c, d -> 0)",0.8277777777777778,450266.438806535,2,0.4137659290129929,0.1317057857708562,-2.749344977629782e-06,2.749344977629782e-06,True,0.915615705874153,-0.40206141056019,7.879666696167494e+17,1.3312186634749578e+18,CONVERGED
S3,S3_classical,"Classical Elastic Limit (c, d -> 0)",0.8277777777777778,450266.438806535,3,2.817725299018554,0.8969098192277836,-11.859290292255498,11.859290292255498,False,-134041.12620699534,44995.86323662569,7.879666696167494e+17,1.3312186634749578e+18,CONVERGED
S3,S3_classical,"Classical Elastic Limit (c, d -> 0)",0.8454545454545455,459881.6464686634,1,9.920166635488297e-07,3.1576871126665175e-07,0.7313484982392691,0.7313484982392691,False,0.48125957463155283,4.774175175270786e-07,4.1969363852553056e+17,3.671579646668768e+17,CONVERGED
S3,S3_classical,"Classical Elastic Limit (c, d -> 0)",0.8454545454545455,459881.6464686634,3,2.7285917783541573e-07,8.685377384099388e-08,-0.7313488348448558,0.7313488348448558,False,2.0778814372071532,-5.6696902059583e-07,4.1969363852553056e+17,3.671579646668768e+17,CONVERGED
S3,S3_classical,"Classical Elastic Limit (c, d -> 0)",0.8631313131313132,469496.85413079214,1,4.123569539501346e-06,1.3125729507896194e-06,1.0643707561639828,1.0643707561639828,False,0.34494484090343885,1.4224040387656203e-06,9.65582083901429e+17,2.052707200403003e+17,CONVERGED
S3,S3_classical,"Classical Elastic Limit (c, d -> 0)",0.8631313131313132,469496.85413079214,3,2.4977434199377683e-06,7.950564237167031e-07,-1.0643736636901893,1.0643736636901893,False,2.8990226521426505,-7.241014753654901e-06,9.65582083901429e+17,2.052707200403003e+17,CONVERGED
S3,S3_classical,"Classical Elastic Limit (c, d -> 0)",0.8808080808080808,479112.06179292063,1,1.3902458591086394e-07,4.425290011803573e-08,1.2812016195767677,1.2812016195767677,False,0.2777034060371043,3.8607601030345186e-08,3.9815621518133e+19,3.071283522982875e+17,CONVERGED
S3,S3_classical,"Classical Elastic Limit (c, d -> 0)",0.8808080808080808,479112.06179292063,3,3.602875453717817e-08,1.1468308756072916e-08,-1.2811999767662956,1.2811999767662956,False,3.6009582001931086,-1.2973803909339645e-07,3.9815621518133e+19,3.071283522982875e+17,CONVERGED
S3,S3_classical,"Classical Elastic Limit (c, d -> 0)",0.8984848484848484,488727.2694550492,1,2.028513342614305e-07,6.456958512098602e-08,1.4397995828511119,1.4397995828511119,False,0.23697524782666493,4.807074520857279e-08,9.953067505756758e+17,8.973870959372468e+17,CONVERGED
S3,S3_classical,"Classical Elastic Limit (c, d -> 0)",0.8984848484848484,488727.2694550492,3,4.306723327998928e-08,1.3708726123604149e-08,-1.4397992190717441,1.4397992190717441,False,4.219848466841249,-1.817371983276573e-07,9.953067505756758e+17,8.973870959372468e+17,CONVERGED
S3,S3_classical,"Classical Elastic Limit (c, d -> 0)",0.9161616161616162,498342.4771171778,1,5.460336010408462e-07,1.7380789339983714e-07,1.5608318936353358,1.5608318936353358,False,0.20996133303240933,-1.1464594275503423e-07,5.4920262090240877e+17,5.7241217447924704e+17,CONVERGED
S3,S3_classical,"Classical Elastic Limit (c, d -> 0)",0.9161616161616162,498342.4771171778,3,2.1216807254538786e-07,6.753519502375665e-08,-1.5608315174038172,1.5608315174038172,False,4.762779933455756,-1.0105098384391737e-06,5.4920262090240877e+17,5.7241217447924704e+17,CONVERGED
S3,S3_classical,"Classical Elastic Limit (c, d -> 0)",0.9161616161616162,498342.4771171778,4,2.8484889815475474,0.9067022035121817,-11.613752238071939,11.613752238071939,False,-105891.24417433486,31957.552391344056,5.4920262090240877e+17,5.7241217447924704e+17,CONVERGED
S3,S3_classical,"Classical Elastic Limit (c, d -> 0)",0.9338383838383838,507957.6847793063,1,1.7962344738766334e-06,5.717591909390723e-07,1.6544659724799191,1.6544659724799191,False,0.19119413137495425,-3.4342948997896023e-07,1.7846143465720648e+19,9.949962690168794e+31,CONVERGED
S3,S3_classical,"Classical Elastic Limit (c, d -> 0)",0.9338383838383838,507957.6847793063,3,6.062533138664211e-08,1.9297642333536644e-08,-1.6544647714590826,1.6544647714590826,False,5.230279777872229,-3.1708744477835714e-07,1.7846143465720648e+19,9.949962690168794e+31,CONVERGED
S3,S3_classical,"Classical Elastic Limit (c, d -> 0)",0.9515151515151515,517572.89244143496,1,7.453892220022177e-08,2.372647584181502e-08,1.7265111420712385,1.7265111420712385,False,0.1779040103095375,1.3260773183570091e-08,2.1085667563766016e+18,1.5412222784220984e+18,CONVERGED
S3,S3_classical,"Classical Elastic Limit (c, d -> 0)",0.9515151515151515,517572.89244143496,3,3.468660500902602e-08,1.1041089292525176e-08,-1.7265113020632294,1.7265113020632294,False,5.621009657129633,1.9497374172877642e-07,2.1085667563766016e+18,1.5412222784220984e+18,CONVERGED
S3,S3_classical,"Classical Elastic Limit (c, d -> 0)",0.9515151515151515,517572.89244143496,4,2.9119458133794227,0.9269011404301698,-11.534074542715693,11.534074542715693,False,-99456.00083561397,23249.91604377174,2.1085667563766016e+18,1.5412222784220984e+18,CONVERGED
S3,S3_classical,"Classical Elastic Limit (c, d -> 0)",0.9691919191919192,527188.1001035634,1,6.800258551013306e-07,2.1645895253933947e-07,1.7805788421440412,1.7805788421440412,False,0.16854056064817352,-1.1461193887404953e-07,2.6565233202860595e+18,1.8749701976591446e+17,CONVERGED
S3,S3_classical,"Classical Elastic Limit (c, d -> 0)",0.9691919191919192,527188.1001035634,3,7.677054277447954e-07,2.443682273281242e-07,-1.7805794534374677,1.7805794534374677,False,5.9332934899900875,4.555021616669145e-06,2.6565233202860595e+18,1.8749701976591446e+17,CONVERGED
S3,S3_classical,"Classical Elastic Limit (c, d -> 0)",0.9868686868686869,536803.3077656921,1,1.0473151698124695e-07,3.333707725015646e-08,1.819007946561546,1.819007946561546,False,0.16218656889402774,1.6986045394255107e-08,6.128014182140132e+17,8.675213668985868e+31,CONVERGED
S3,S3_classical,"Classical Elastic Limit (c, d -> 0)",0.9868686868686869,536803.3077656921,3,4.650389100330998e-07,1.4802648252367005e-07,-1.8190069077254765,1.8190069077254765,False,6.1657322673726025,-2.8673054131750746e-06,6.128014182140132e+17,8.675213668985868e+31,CONVERGED
S3,S3_classical,"Classical Elastic Limit (c, d -> 0)",1.0045454545454544,546418.5154278205,1,1.1969414077993911e-07,3.8099828328529036e-08,1.8433274276951521,1.8433274276951521,False,0.15828985082588545,1.8946367688789184e-08,2.911852067632901e+19,3.866938486378278e+31,CONVERGED
S3,S3_classical,"Classical Elastic Limit (c, d -> 0)",1.0045454545454544,546418.5154278205,3,3.496388875676465e-08,1.1129351450708476e-08,-1.8433266659883971,1.8433266659883971,False,6.317519620341922,-2.208850532243131e-07,2.911852067632901e+19,3.866938486378278e+31,CONVERGED
S3,S3_classical,"Classical Elastic Limit (c, d -> 0)",1.0222222222222221,556033.7230899491,1,9.9215303352043e-07,3.1581211917679074e-07,1.8545131611017343,1.8545131611017343,False,0.1565291285967504,1.5530084977162635e-07,8.75410393754634e+17,8.980994947755306e+16,CONVERGED
S3,S3_classical,"Classical Elastic Limit (c, d -> 0)",1.0222222222222221,556033.7230899491,3,1.8932924781703207e-06,6.026537132390218e-07,-1.8545107644133498,1.8545107644133498,False,6.388571969172539,1.2095435255498575e-05,8.75410393754634e+17,8.980994947755306e+16,CONVERGED
S3,S3_classical,"Classical Elastic Limit (c, d -> 0)",1.0398989898989899,565648.9307520777,1,7.134971848392017e-07,2.2711320769862135e-07,1.8531095288795776,1.8531095288795776,False,0.15674899219310862,-1.1183996465618399e-07,4.575445668514556e+17,3.2515778156139514e+17,CONVERGED
S3,S3_classical,"Classical Elastic Limit (c, d -> 0)",1.0398989898989899,565648.9307520777,3,2.121791613231874e-07,6.753872469135594e-08,-1.8531073981356139,1.8531073981356139,False,6.37961275072232,1.3536208830149947e-06,4.575445668514556e+17,3.2515778156139514e+17,CONVERGED
S3,S3_classical,"Classical Elastic Limit (c, d -> 0)",1.0575757575757576,575264.1384142063,1,4.702789281182671e-06,1.4969443208396066e-06,1.839309546936765,1.839309546936765,False,0.15892711994838107,7.47400756187989e-07,9.857688278942463e+19,1.0219638637922034e+17,CONVERGED
S3,S3_classical,"Classical Elastic Limit (c, d -> 0)",1.0575757575757576,575264.1384142063,3,1.7888877536715354e-07,5.694206572667634e-08,-1.8393069352405094,1.8393069352405094,False,6.292175864137449,-1.1255996347303214e-06,9.857688278942463e+19,1.0219638637922034e+17,CONVERGED
S3,S3_classical,"Classical Elastic Limit (c, d -> 0)",1.0752525252525253,584879.3460763348,1,1.0986786001050378e-06,3.497202601520011e-07,1.8129727867173184,1.8129727867173184,False,0.16316835038594757,1.7926957478355331e-07,9.224033209069847e+17,1.4568353374030227e+17,CONVERGED
S3,S3_classical,"Classical Elastic Limit (c, d -> 0)",1.0752525252525253,584879.3460763348,3,1.8365066130462732e-07,5.845782109745381e-08,-1.8129689469890076,1.8129689469890076,False,6.128615984123858,1.1255243783664686e-06,9.224033209069847e+17,1.4568353374030227e+17,CONVERGED
S3,S3_classical,"Classical Elastic Limit (c, d -> 0)",1.0752525252525253,584879.3460763348,4,2.981656529051097,0.949090750401411,-11.199253922019976,11.199253922019976,False,-72143.26690319448,11637.71336032273,9.224033209069847e+17,1.4568353374030227e+17,CONVERGED
S3,S3_classical,"Classical Elastic Limit (c, d -> 0)",1.0929292929292929,594494.5537384634,1,1.1565363719077421e-05,3.681369609093676e-06,1.7736457062161248,1.7736457062161248,False,0.1697131353662194,1.962794138502862e-06,5.608397784023236e+18,1.3023768869915246e+18,CONVERGED
S3,S3_classical,"Classical Elastic Limit (c, d -> 0)",1.0929292929292929,594494.5537384634,3,9.2860241292406e-07,2.955833283678509e-07,-1.773600195444532,1.773600195444532,False,5.89202767386817,5.471351114970891e-06,5.608397784023236e+18,1.3023768869915246e+18,CONVERGED
S3,S3_classical,"Classical Elastic Limit (c, d -> 0)",1.0929292929292929,594494.5537384634,4,3.131510226358667,0.9967906637356039,-11.210692856860698,11.210692856860698,False,-73912.85390875388,745.2462239035021,5.608397784023236e+18,1.3023768869915246e+18,CONVERGED
S3,S3_classical,"Classical Elastic Limit (c, d -> 0)",1.1106060606060606,604109.761400592,1,5.380416783333182e-05,1.7126398539241425e-05,1.7204602231676234,1.7204602231676234,False,0.17898375622329477,-9.630072068570962e-06,2.6110561364010594e+19,5.506957758014838e+17,CONVERGED
S3,S3_classical,"Classical Elastic Limit (c, d -> 0)",1.1106060606060606,604109.761400592,3,4.4611885206785314e-06,1.420040410261617e-06,-1.7203018162335162,1.7203018162335162,False,5.586214219948943,-2.492115475225273e-05,2.6110561364010594e+19,5.506957758014838e+17,CONVERGED
S3,S3_classical,"Classical Elastic Limit (c, d -> 0)",1.1106060606060606,604109.761400592,4,2.992598705439909,0.9525737533223367,-11.099998303183122,11.099998303183122,False,-65437.93355706682,9822.6488481551,2.6110561364010594e+19,5.506957758014838e+17,CONVERGED
S3,S3_classical,"Classical Elastic Limit (c, d -> 0)",1.1282828282828283,613724.9690627207,1,5.735301013596456e-06,1.8256030128676674e-06,1.651677619212993,1.651677619212993,False,0.19172799210321018,-1.0996177474564116e-06,5.505308545411419e+17,8.99602220984711e+16,CONVERGED
S3,S3_classical,"Classical Elastic Limit (c, d -> 0)",1.1282828282828283,613724.9690627207,3,1.0162161588345775e-07,3.234716498567633e-08,-1.6516589267275523,1.6516589267275523,False,5.215624994051498,5.300202397376647e-07,5.505308545411419e+17,8.99602220984711e+16,CONVERGED
S3,S3_classical,"Classical Elastic Limit (c, d -> 0)",1.145959595959596,623340.1767248492,1,4.3442561560269573e-05,1.3828196825781727e-05,1.5654023555876013,1.5654023555876013,False,0.20900390216802178,-9.07966489198273e-06,1.902735712975481e+18,3.632164019378855e+17,CONVERGED
S3,S3_classical,"Classical Elastic Limit (c, d -> 0)",1.145959595959596,623340.1767248492,3,2.409871360299909e-07,7.670858784146409e-08,-1.5654436910934297,1.5654436910934297,False,4.784797436999554,-1.1530746308261859e-06,1.902735712975481e+18,3.632164019378855e+17,CONVERGED
S3,S3_classical,"Classical Elastic Limit (c, d -> 0)",1.145959595959596,623340.1767248492,4,0.012360662748806305,0.003934521152728757,1.230773326068851,1.230773326068851,False,0.2920443160292076,0.0036100451547821572,1.902735712975481e+18,3.632164019378855e+17,CONVERGED
S3,S3_classical,"Classical Elastic Limit (c, d -> 0)",1.1636363636363636,632955.3843869776,1,1.817710912323577e-05,5.785953536167521e-06,1.4583081830516473,1.4583081830516473,False,0.232629508502957,-4.228531961808665e-06,3.492628115783564e+18,1.0313559781363344e+17,CONVERGED
S3,S3_classical,"Classical Elastic Limit (c, d -> 0)",1.1636363636363636,632955.3843869776,3,1.870451671587741e-06,5.953832586953749e-07,-1.4582424276796662,1.4582424276796662,False,4.298398139848211,8.039945985838099e-06,3.492628115783564e+18,1.0313559781363344e+17,CONVERGED
S3,S3_classical,"Classical Elastic Limit (c, d -> 0)",1.1813131313131313,642570.5920491063,1,2.9948095774335703e-06,9.53277495735006e-07,1.324472978560349,1.324472978560349,False,0.2659430798659804,-7.964488826372002e-07,1.6014951487070892e+19,2.1568372237631187e+17,CONVERGED
S3,S3_classical,"Classical Elastic Limit (c, d -> 0)",1.1813131313131313,642570.5920491063,3,1.4804662490827708e-08,4.712470432444803e-09,-1.3244690984300256,1.3244690984300256,False,3.760188534992746,-5.56683221624475e-08,1.6014951487070892e+19,2.1568372237631187e+17,CONVERGED
S3,S3_classical,"Classical Elastic Limit (c, d -> 0)",1.1813131313131313,642570.5920491063,4,0.014330420738919889,0.004561514594371424,1.2778779037500796,1.2778779037500796,False,0.2785993396888206,-0.003992719075273546,1.6014951487070892e+19,2.1568372237631187e+17,CONVERGED
S3,S3_classical,"Classical Elastic Limit (c, d -> 0)",1.198989898989899,652185.7997112349,3,1.2674161617404648e-06,4.034310941911042e-07,-1.1541537469021281,1.1541537469021281,False,3.171338526584121,4.01940570294506e-06,1.3576676894924076e+18,5.48961050964989e+16,CONVERGED
S3,S3_classical,"Classical Elastic Limit (c, d -> 0)",1.198989898989899,652185.7997112349,4,6.647244949442573e-07,2.115883783292843e-07,1.154150506564195,1.154150506564195,False,0.315325289923959,2.09604444087886e-07,1.3576676894924076e+18,5.48961050964989e+16,CONVERGED
S3,S3_classical,"Classical Elastic Limit (c, d -> 0)",1.2166666666666666,661801.0073733634,3,1.7524229370675583e-07,5.5781354564383865e-08,-0.9260317910690979,0.9260317910690979,False,2.5244716443498025,4.4239420135352945e-07,5.139917888237527e+18,3.8356066272975955e+17,CONVERGED
S3,S3_classical,"Classical Elastic Limit (c, d -> 0)",1.2166666666666666,661801.0073733634,4,1.3324307219088004e-06,4.241258714385763e-07,0.9260327256933587,0.9260327256933587,False,0.3961221222719777,5.278052853432097e-07,5.139917888237527e+18,3.8356066272975955e+17,CONVERGED
S3,S3_classical,"Classical Elastic Limit (c, d -> 0)",1.2166666666666666,661801.0073733634,5,3.032552119575699,0.965291320028554,-10.920165087702575,10.920165087702575,False,-54951.61504087859,-6015.814723485435,5.139917888237527e+18,3.8356066272975955e+17,CONVERGED
S3,S3_classical,"Classical Elastic Limit (c, d -> 0)",1.2343434343434343,671416.215035492,3,1.7247440319373806e-06,5.490030765021599e-07,-0.5720049373593952,0.5720049373593952,False,1.7718158724970874,-3.0559288517843046e-06,2.1198053245198418e+19,1.3043319407440378e+17,CONVERGED
S3,S3_classical,"Classical Elastic Limit (c, d -> 0)",1.2343434343434343,671416.215035492,4,3.8943015004900374e-06,1.239594667386349e-06,0.5720035757808039,0.5720035757808039,False,0.5643934999640274,2.197918453787847e-06,2.1198053245198418e+19,1.3043319407440378e+17,CONVERGED
S3,S3_classical,"Classical Elastic Limit (c, d -> 0)",1.2343434343434343,671416.215035492,5,3.1033165021576714,0.9878163225940878,-10.778204751484484,10.778204751484484,False,-47928.80888283759,1835.426773407648,2.1198053245198418e+19,1.3043319407440378e+17,CONVERGED
S3,S3_classical,"Classical Elastic Limit (c, d -> 0)",1.252020202020202,681031.4226976206,4,0.5135419758352308,0.1634654878787113,3.6415914939940643e-06,3.6415914939940643e-06,True,0.8710067528499886,0.49126362915776,9.34974802813951e+18,2.4910662038407613e+17,CONVERGED
S3,S3_classical,"Classical Elastic Limit (c, d -> 0)",1.252020202020202,681031.4226976206,5,0.5135409040543241,0.16346514672025286,4.1520880060154333e-07,4.1520880060154333e-07,True,0.8710100895838117,-0.4912642806330865,9.34974802813951e+18,2.4910662038407613e+17,CONVERGED
S3,S3_classical,"Classical Elastic Limit (c, d -> 0)",1.2696969696969698,690646.6303597492,4,0.9602549550313024,0.3056586454434349,2.978555891114135e-07,2.978555891114135e-07,True,0.5733109396588949,-0.8193375194365471,8.836599706144758e+17,1.0421826873127483e+32,CONVERGED
S3,S3_classical,"Classical Elastic Limit (c, d -> 0)",1.2696969696969698,690646.6303597492,5,0.9602530344102068,0.3056580340907526,5.319394046637597e-07,5.319394046637597e-07,True,0.5733123790915968,0.8193362265285783,8.836599706144758e+17,1.0421826873127483e+32,CONVERGED
S3,S3_classical,"Classical Elastic Limit (c, d -> 0)",1.2696969696969698,690646.6303597492,6,3.1311220969774127,0.9966671183164323,-10.700893428537158,10.700893428537158,False,-44393.0680511584,-464.8371194448757,8.836599706144758e+17,1.0421826873127483e+32,CONVERGED
S3,S3_classical,"Classical Elastic Limit (c, d -> 0)",1.2873737373737373,700261.8380218776,4,1.2877195604839935,0.40989386673430095,2.615185866691965e-06,2.615185866691965e-06,True,0.279310548386266,-0.9601980978954855,1.6735347081706166e+18,1.1429772304307878e+17,CONVERGED
S3,S3_classical,"Classical Elastic Limit (c, d -> 0)",1.2873737373737373,700261.8380218776,5,1.287716856102984,0.4098930059030896,2.079616969585997e-06,2.079616969585997e-06,True,0.2793132947182192,0.9601978567818008,1.6735347081706166e+18,1.1429772304307878e+17,CONVERGED
S3,S3_classical,"Classical Elastic Limit (c, d -> 0)",1.2873737373737373,700261.8380218776,6,0.11044099246527775,0.035154459741647444,1.4066623248122108,1.4066623248122108,False,0.2434671217081861,-0.026998609177161466,1.6735347081706166e+18,1.1429772304307878e+17,CONVERGED
S3,S3_classical,"Classical Elastic Limit (c, d -> 0)",1.305050505050505,709877.0456840061,4,1.5775346349715718,0.5021448701087888,1.0731537234937763e-06,1.0731537234937763e-06,True,-0.006738249953689752,-0.9999762245585732,7.53099840656873e+17,1.1946764670336542e+17,CONVERGED
S3,S3_classical,"Classical Elastic Limit (c, d -> 0)",1.305050505050505,709877.0456840061,5,1.577532916843604,0.5021443232116709,2.2618977025631154e-07,2.2618977025631154e-07,True,-0.0067365375721635205,0.9999770830784577,7.53099840656873e+17,1.1946764670336542e+17,CONVERGED
S3,S3_classical,"Classical Elastic Limit (c, d -> 0)",1.305050505050505,709877.0456840061,6,3.0746129656394277,0.9786797031518933,-10.542005812622893,10.542005812622893,False,-37788.53369128796,2534.8560190708286,7.53099840656873e+17,1.1946764670336542e+17,CONVERGED
S3,S3_classical,"Classical Elastic Limit (c, d -> 0)",1.3227272727272728,719492.2533461349,4,1.8553184260750033,0.590566197038624,2.406482888005861e-06,2.406482888005861e-06,True,-0.2806981207154077,0.9597935986828859,9.892230348467258e+17,3.400551203246447e+17,CONVERGED
S3,S3_classical,"Classical Elastic Limit (c, d -> 0)",1.3227272727272728,719492.2533461349,5,1.8553157835614569,0.5905653559004378,1.9403275688424343e-06,1.9403275688424343e-06,True,-0.28069571529461174,-0.9597947878414627,9.892230348467258e+17,3.400551203246447e+17,CONVERGED
S3,S3_classical,"Classical Elastic Limit (c, d -> 0)",1.3227272727272728,719492.2533461349,6,3.071676797638607,0.9777450918497356,-10.482085324549525,10.482085324549525,False,-35583.56728883975,2491.917240914734,9.892230348467258e+17,3.400551203246447e+17,CONVERGED
S3,S3_classical,"Classical Elastic Limit (c, d -> 0)",1.3404040404040405,729107.4610082634,4,2.1395556505994153,0.6810417156261861,-6.827214637504608e-08,6.827214637504608e-08,True,-0.5385871439519401,0.8425698931922468,3.9973289477341286e+18,7.045446407213188e+17,CONVERGED
S3,S3_classical,"Classical Elastic Limit (c, d -> 0)",1.3404040404040405,729107.4610082634,5,2.139555399425418,0.6810416356750196,6.196122186961178e-08,6.196122186961178e-08,True,-0.5385868621782895,-0.8425699187405803,3.9973289477341286e+18,7.045446407213188e+17,CONVERGED
S3,S3_classical,"Classical Elastic Limit (c, d -> 0)",1.3404040404040405,729107.4610082634,6,3.076507314280344,0.9792826930521759,-10.426231617640505,10.426231617640505,False,-33661.56866418697,2193.9734581102744,3.9973289477341286e+18,7.045446407213188e+17,CONVERGED
S3,S3_classical,"Classical Elastic Limit (c, d -> 0)",1.358080808080808,738722.6686703919,4,2.460089529377658,0.7830708180981375,-2.0111268612546494e-07,2.0111268612546494e-07,True,-0.7766268428606183,-0.6299612283099664,1.2305384345180522e+19,1.4244855382172878e+17,CONVERGED
S3,S3_classical,"Classical Elastic Limit (c, d -> 0)",1.358080808080808,738722.6686703919,5,2.460087768783058,0.7830702576834707,6.149124474307481e-07,6.149124474307481e-07,True,-0.7766251000072182,0.6299620815689145,1.2305384345180522e+19,1.4244855382172878e+17,CONVERGED
S3,S3_classical,"Classical Elastic Limit (c, d -> 0)",1.358080808080808,738722.6686703919,6,0.1799073873370613,0.057266299986883124,1.479930819139572,1.479930819139572,False,0.2239791718578605,-0.04073595460006307,1.2305384345180522e+19,1.4244855382172878e+17,CONVERGED
S3,S3_classical,"Classical Elastic Limit (c, d -> 0)",1.3757575757575757,748337.8763325205,4,3.085856092976967,0.9822585017350555,-10.311799045056915,10.311799045056915,False,-30038.7939839697,1675.9949497961393,2.584690254330842e+18,1.4431225810252115e+17,CONVERGED
S3,S3_classical,"Classical Elastic Limit (c, d -> 0)",1.3757575757575757,748337.8763325205,5,3.009548695664159,0.9579691027814341,-1.0145099323254853e-06,1.0145099323254853e-06,True,-0.9912958615899583,-0.13166071478062596,2.584690254330842e+18,1.4431225810252115e+17,CONVERGED
S3,S3_classical,"Classical Elastic Limit (c, d -> 0)",1.3757575757575757,748337.8763325205,6,3.009548064450833,0.9579689018599922,1.1402139651422402e-06,1.1402139651422402e-06,True,-0.991293642517361,0.13166105680622672,2.584690254330842e+18,1.4431225810252115e+17,CONVERGED
S3,S3_classical,"Classical Elastic Limit (c, d -> 0)",1.3934343434343435,757953.0839946492,4,0.1720846695432147,0.0547762515762759,1.463823317629574,1.463823317629574,False,0.22793300182865198,-0.039615596809428236,1.2189178093777564e+18,3.269915546016989e+17,CONVERGED
S3,S3_classical,"Classical Elastic Limit (c, d -> 0)",1.3934343434343435,757953.0839946492,5,3.14159218307444,0.9999998502303116,-0.5903369053535384,0.5903369053535384,False,-1.804596291145073,8.490902613731891e-07,1.2189178093777564e+18,3.269915546016989e+17,CONVERGED
S3,S3_classical,"Classical Elastic Limit (c, d -> 0)",1.3934343434343435,757953.0839946492,6,3.1415911786883357,0.9999995305242849,0.5903420026475678,0.5903420026475678,False,-0.5541377357498808,8.172985540616956e-07,1.2189178093777564e+18,3.269915546016989e+17,CONVERGED
S3,S3_classical,"Classical Elastic Limit (c, d -> 0)",1.4111111111111112,767568.2916567777,4,3.1415922827629723,0.9999998819621568,0.8005948268137237,0.8005948268137237,False,-0.44906177067594094,1.665241488232475e-07,2.845736803273783e+18,2.1655951645277332e+31,CONVERGED
S3,S3_classical,"Classical Elastic Limit (c, d -> 0)",1.4111111111111112,767568.2916567777,5,3.1415925973468943,0.9999999820973293,-0.8005951894961517,0.8005951894961517,False,-2.2268659413541116,1.252453958987379e-07,2.845736803273783e+18,2.1655951645277332e+31,CONVERGED
S3,S3_classical,"Classical Elastic Limit (c, d -> 0)",1.4111111111111112,767568.2916567777,6,3.092570527008185,0.9843957724673209,-10.190659117954821,10.190659117954821,False,-26621.037134907798,1306.0662524151192,2.845736803273783e+18,2.1655951645277332e+31,CONVERGED
S3,S3_classical,"Classical Elastic Limit (c, d -> 0)",1.4287878787878787,777183.4993189061,4,3.1415926313240985,0.9999999929126093,0.9300342852422464,0.9300342852422464,False,-0.3945401832339536,8.784711223155783e-09,1.1011831987880575e+20,4.95223087058968e+17,CONVERGED
S3,S3_classical,"Classical Elastic Limit (c, d -> 0)",1.4287878787878787,777183.4993189061,5,3.141592651635869,0.9999999993780466,-0.9300332401309331,0.9300332401309331,False,-2.534593426434983,4.952403390835242e-09,1.1011831987880575e+20,4.95223087058968e+17,CONVERGED
S3,S3_classical,"Classical Elastic Limit (c, d -> 0)",1.4287878787878787,777183.4993189061,6,3.128248533377606,0.995752434614036,-10.173948494832697,10.173948494832697,False,-26209.034522652637,349.7572674681451,1.1011831987880575e+20,4.95223087058968e+17,CONVERGED
S3,S3_classical,"Classical Elastic Limit (c, d -> 0)",1.4464646464646465,786798.7069810347,4,3.1415924238777175,0.9999999268803753,1.0118145249664505,1.0118145249664505,False,-0.3635586943729807,-8.351382224635293e-08,1.3525161348875518e+19,1.2671793745015966e+17,CONVERGED
S3,S3_classical,"Classical Elastic Limit (c, d -> 0)",1.4464646464646465,786798.7069810347,5,3.141592555437817,0.9999999687572556,-1.0118147176892984,1.0118147176892984,False,-2.750588029389607,2.6997565101379296e-07,1.3525161348875518e+19,1.2671793745015966e+17,CONVERGED
S3,S3_classical,"Classical Elastic Limit (c, d -> 0)",1.4464646464646465,786798.7069810347,6,3.1012260231585556,0.9871509024618096,-10.066814209998787,10.066814209998787,False,-23529.24174601498,950.3124288696026,1.3525161348875518e+19,1.2671793745015966e+17,CONVERGED
S3,S3_classical,"Classical Elastic Limit (c, d -> 0)",1.4641414141414142,796413.9146431634,4,3.1415843288626517,0.9999973501570512,1.057944750547372,1.057944750547372,False,-0.34716859565750446,2.890083831049128e-06,1.4029137357437117e+18,1.0725976946068302e+17,CONVERGED
S3,S3_classical,"Classical Elastic Limit (c, d -> 0)",1.4641414141414142,796413.9146431634,5,3.1415903516029293,0.9999992672548234,-1.0579470118602707,1.0579470118602707,False,-2.8804513823730096,6.63076124467361e-06,1.4029137357437117e+18,1.0725976946068302e+17,CONVERGED
S3,S3_classical,"Classical Elastic Limit (c, d -> 0)",1.4641414141414142,796413.9146431634,6,0.29296604813718974,0.09325398943826381,1.5739915843379342,1.5739915843379342,False,0.1983872301516168,-0.05984268128218186,1.4029137357437117e+18,1.0725976946068302e+17,CONVERGED
S3,S3_classical,"Classical Elastic Limit (c, d -> 0)",1.4818181818181817,806029.1223052919,4,3.141589805568654,0.9999990934467154,1.0733784846671104,1.0733784846671104,False,-0.34185162377466327,9.73600650913677e-07,1.269600224403265e+18,1.1230407581061566e+17,CONVERGED
S3,S3_classical,"Classical Elastic Limit (c, d -> 0)",1.4818181818181817,806029.1223052919,5,3.0361309020424136,0.9664304818682105,-10.300771222797241,10.300771222797241,False,-29590.23813031153,-3132.259480494955,1.269600224403265e+18,1.1230407581061566e+17,CONVERGED
S3,S3_classical,"Classical Elastic Limit (c, d -> 0)",1.4818181818181817,806029.1223052919,6,3.141592128977532,0.9999998330107308,-1.0733796157485458,1.0733796157485458,False,-2.9252490306643915,1.534621509351841e-06,1.269600224403265e+18,1.1230407581061566e+17,CONVERGED
S3,S3_classical,"Classical Elastic Limit (c, d -> 0)",1.4994949494949494,815644.3299674204,4,3.141592633842834,0.9999999937143477,1.0593146149523178,1.0593146149523178,False,-0.3466933473550042,6.846139464865271e-09,1.8391151452015258e+18,1.242278331884237e+17,CONVERGED
S3,S3_classical,"Classical Elastic Limit (c, d -> 0)",1.4994949494949494,815644.3299674204,5,2.9949638457045964,0.9533266008507981,-10.436841539884098,10.436841539884098,False,-33726.95988391452,-4981.093038864668,1.8391151452015258e+18,1.242278331884237e+17,CONVERGED
S3,S3_classical,"Classical Elastic Limit (c, d -> 0)",1.4994949494949494,815644.3299674204,6,3.1415925948952506,0.9999999813169468,-1.0593147244654346,1.0593147244654346,False,-2.8843937074141466,1.6929816939426855e-07,1.8391151452015258e+18,1.242278331884237e+17,CONVERGED
S3,S3_classical,"Classical Elastic Limit (c, d -> 0)",1.5171717171717172,825259.537629549,4,3.1415920768551464,0.9999998164196603,1.0138552887689907,1.0138552887689907,False,-0.36281751349414315,-2.092494305256627e-07,9.316499744171047e+18,1.7148739808906695e+32,CONVERGED
S3,S3_classical,"Classical Elastic Limit (c, d -> 0)",1.5171717171717172,825259.537629549,5,0.3399798370009576,0.10821894322055851,1.5803954355274439,1.5803954355274439,False,0.19410859715917378,-0.06865896564522578,9.316499744171047e+18,1.7148739808906695e+32,CONVERGED
S3,S3_classical,"Classical Elastic Limit (c, d -> 0)",1.5171717171717172,825259.537629549,6,3.141592086847391,0.9999998196002906,-1.0138569566351963,1.0138569566351963,False,-2.756211127287306,1.5620617150469798e-06,9.316499744171047e+18,1.7148739808906695e+32,CONVERGED
S3,S3_classical,"Classical Elastic Limit (c, d -> 0)",1.534848484848485,834874.7452916778,4,3.1415888708024657,0.9999987959013964,0.9310524584018517,0.9310524584018517,False,-0.3941386774420741,1.4909427943405149e-06,1.693294779538108e+18,8.750786250074065e+17,CONVERGED
S3,S3_classical,"Classical Elastic Limit (c, d -> 0)",1.534848484848485,834874.7452916778,6,3.1415911927321627,0.999999534994574,-0.9310616202288594,0.9310616202288594,False,-2.5372012925773446,-3.7064898684114218e-06,1.693294779538108e+18,8.750786250074065e+17,CONVERGED
S3,S3_classical,"Classical Elastic Limit (c, d -> 0)",1.5525252525252524,844489.952953806,4,3.1415910930312023,0.9999995032587726,0.7969005291888385,0.7969005291888385,False,-0.45072380664576117,7.033809085690882e-07,4.0562476180638694e+18,6.709482518481681e+16,CONVERGED
S3,S3_classical,"Classical Elastic Limit (c, d -> 0)",1.5525252525252524,844489.952953806,6,3.1415914514393775,0.9999996173436381,-0.79690084976397,0.79690084976397,False,-2.218654319626778,-2.6671562132448077e-06,4.0562476180638694e+18,6.709482518481681e+16,CONVERGED
S3,S3_classical,"Classical Elastic Limit (c, d -> 0)",1.5702020202020202,854105.1606159348,4,3.1415913389431984,0.999999581534992,0.5713846292518483,0.5713846292518483,False,-0.5647429374960065,7.424373797164303e-07,2.326146058908505e+18,9.68492532645026e+31,CONVERGED
S3,S3_classical,"Classical Elastic Limit (c, d -> 0)",1.5702020202020202,854105.1606159348,6,3.1415919598692885,0.9999997791819052,-0.5713876117151957,0.5713876117151957,False,-1.7707224226664393,-1.2283864529315422e-06,2.326146058908505e+18,9.68492532645026e+31,CONVERGED
S3,S3_classical,"Classical Elastic Limit (c, d -> 0)",1.5702020202020202,854105.1606159348,7,0.4682523727193015,0.1490493594655708,-0.2639242517552521,0.2639242517552521,False,1.1618770238906102,-0.5876417040873896,2.326146058908505e+18,9.68492532645026e+31,CONVERGED
S3,S3_classical,"Classical Elastic Limit (c, d -> 0)",1.587878787878788,863720.3682780633,4,2.8816791971152655,0.9172669772519575,4.417069309381497e-07,4.417069309381497e-07,True,-0.9664117963018687,0.256996802616538,1.8126315731072338e+18,1.0661774666960265e+18,CONVERGED
S3,S3_classical,"Classical Elastic Limit (c, d -> 0)",1.587878787878788,863720.3682780633,6,2.88167888989813,0.917266879461706,3.2603324021861085e-07,3.2603324021861085e-07,True,-0.9664118291364181,-0.25699712924259444,1.8126315731072338e+18,1.0661774666960265e+18,CONVERGED
S3,S3_classical,"Classical Elastic Limit (c, d -> 0)",1.587878787878788,863720.3682780633,7,1.3676900812757156,0.43534927410557245,-1.584259684452518,1.584259684452518,False,0.9834866529303451,-4.77545959480645,1.8126315731072338e+18,1.0661774666960265e+18,CONVERGED
S3,S3_classical,"Classical Elastic Limit (c, d -> 0)",1.6055555555555556,873335.5759401919,4,2.39319515369168,0.761777676987198,5.287507951898537e-08,5.287507951898537e-08,True,-0.7327802163521656,0.6804653178323785,3.2909307880456585e+19,1.2161559898267732e+19,CONVERGED
S3,S3_classical,"Classical Elastic Limit (c, d -> 0)",1.6055555555555556,873335.5759401919,6,2.3931953310386977,0.7617777334385072,-6.621485583494921e-07,6.621485583494921e-07,True,-0.7327808609860985,-0.6804656744248498,3.2909307880456585e+19,1.2161559898267732e+19,CONVERGED
S3,S3_classical,"Classical Elastic Limit (c, d -> 0)",1.6055555555555556,873335.5759401919,7,0.31465016801859375,0.10015625916970919,-0.8387341682487739,0.8387341682487739,False,2.1998578423359616,-0.7159712582876768,3.2909307880456585e+19,1.2161559898267732e+19,CONVERGED
S3,S3_classical,"Classical Elastic Limit (c, d -> 0)",1.6232323232323231,882950.7836023204,4,2.059296734385519,0.6554945091409063,-1.358468367960858e-06,1.358468367960858e-06,True,-0.46930285737607286,0.8830388128497412,1.5371358556424767e+19,6.152017747478044e+16,CONVERGED
S3,S3_classical,"Classical Elastic Limit (c, d -> 0)",1.6232323232323231,882950.7836023204,6,3.122803193896531,0.9940191292235828,-9.434081383986005,9.434081383986005,False,-12505.262712662336,234.99478482771755,1.5371358556424767e+19,6.152017747478044e+16,CONVERGED
S3,S3_classical,"Classical Elastic Limit (c, d -> 0)",1.6232323232323231,882950.7836023204,7,2.0592962438644795,0.6554943530032101,-2.8420415263539612e-06,2.8420415263539612e-06,True,-0.4693031204718966,-0.883040353106554,1.5371358556424767e+19,6.152017747478044e+16,CONVERGED
S3,S3_classical,"Classical Elastic Limit (c, d -> 0)",1.6409090909090909,892565.9912644491,4,1.7505776223839453,0.5572261637369246,1.5542204095286607e-07,1.5542204095286607e-07,True,-0.17881437039890635,-0.9838826708987252,5.851752787732353e+19,2.012221956707675e+17,CONVERGED
S3,S3_classical,"Classical Elastic Limit (c, d -> 0)",1.6409090909090909,892565.9912644491,7,1.7505840699795145,0.5572282160703363,2.5931957823700636e-07,2.5931957823700636e-07,True,-0.1788206954937083,0.9838814157326707,5.851752787732353e+19,2.012221956707675e+17,CONVERGED
S3,S3_classical,"Classical Elastic Limit (c, d -> 0)",1.6585858585858586,902181.1989265776,4,1.4349136089189576,0.45674718753856575,2.7450640018046486e-06,2.7450640018046486e-06,True,0.13546457291690409,0.9907794201392699,2.317479943550594e+18,1.0651000159308735e+33,CONVERGED
S3,S3_classical,"Classical Elastic Limit (c, d -> 0)",1.6585858585858586,902181.1989265776,7,1.4349123235722931,0.45674677840001526,2.1557259410571e-06,2.1557259410571e-06,True,0.13546592624701792,-0.990779829923606,2.317479943550594e+18,1.0651000159308735e+33,CONVERGED
S3,S3_classical,"Classical Elastic Limit (c, d -> 0)",1.6585858585858586,902181.1989265776,8,3.120149346707438,0.9931743834268735,-9.270588461844872,9.270588461844872,False,-10618.558344954232,227.73191118978957,2.317479943550594e+18,1.0651000159308735e+33,CONVERGED
S3,S3_classical,"Classical Elastic Limit (c, d -> 0)",1.6762626262626263,911796.4065887061,4,1.0814492481806848,0.34423598710193976,3.64269728354305e-07,3.64269728354305e-07,True,0.47004952267908134,-0.8826396307043869,1.813294290729498e+18,1.6075847908361807e+32,CONVERGED
S3,S3_classical,"Classical Elastic Limit (c, d -> 0)",1.6762626262626263,911796.4065887061,7,1.0814493296456633,0.34423601303304785,-8.339181726374981e-07,8.339181726374981e-07,True,0.4700500139827635,0.8826407265657641,1.813294290729498e+18,1.6075847908361807e+32,CONVERGED
S3,S3_classical,"Classical Elastic Limit (c, d -> 0)",1.6939393939393939,921411.6142508347,4,0.6073513296979296,0.1933259326297219,-1.1662615103083367e-07,1.1662615103083367e-07,True,0.8211625737690077,0.5706945423721768,2.315229908178455e+18,6.564102329335777e+17,CONVERGED
S3,S3_classical,"Classical Elastic Limit (c, d -> 0)",1.6939393939393939,921411.6142508347,7,0.6073513202738757,0.19332592962995238,-2.407474655446922e-07,2.407474655446922e-07,True,0.8211626810710488,-0.5706946054688566,2.315229908178455e+18,6.564102329335777e+17,CONVERGED
S3,S3_classical,"Classical Elastic Limit (c, d -> 0)",1.6939393939393939,921411.6142508347,8,3.0312983887655625,0.9648922451170743,-9.433237092212519,9.433237092212519,False,-12420.98062543694,1375.5452107423555,2.315229908178455e+18,6.564102329335777e+17,CONVERGED
S3,S3_classical,"Classical Elastic Limit (c, d -> 0)",1.7116161616161616,931026.8219129633,4,1.40570944675008e-06,4.4745121400249733e-07,0.5989701804739112,0.5989701804739112,False,0.5493771041475252,-7.722645851288874e-07,2.82766559151146e+18,1.747377203955267e+17,CONVERGED
S3,S3_classical,"Classical Elastic Limit (c, d -> 0)",1.7116161616161616,931026.8219129633,8,1.2934801521966251e-06,4.117275200267e-07,-0.5989703644307991,0.5989703644307991,False,1.820243647588467,2.3544490303189833e-06,2.82766559151146e+18,1.747377203955267e+17,CONVERGED
S3,S3_classical,"Classical Elastic Limit (c, d -> 0)",1.7292929292929293,940642.0295750919,4,1.3091003040539227e-06,4.166995687865699e-07,1.0116117778028755,1.0116117778028755,False,0.3636324123395577,4.7603130155784824e-07,2.225188114191697e+18,1.5331349265765853e+17,CONVERGED
S3,S3_classical,"Classical Elastic Limit (c, d -> 0)",1.7292929292929293,940642.0295750919,8,1.29089285130071e-06,4.1090395657299805e-07,-1.0116128217810456,1.0116128217810456,False,2.7500327529748096,-3.549997621659965e-06,2.225188114191697e+18,1.5331349265765853e+17,CONVERGED
S3,S3_classical,"Classical Elastic Limit (c, d -> 0)",1.7292929292929293,940642.0295750919,9,2.8296463894412267,0.9007044201634111,-10.252333375419004,10.252333375419004,False,-26980.45320061418,8700.516688546966,2.225188114191697e+18,1.5331349265765853e+17,CONVERGED
S3,S3_classical,"Classical Elastic Limit (c, d -> 0)",1.7469696969696968,950257.2372372204,4,1.0344004663263059e-06,3.2925989470478643e-07,1.2773441895417752,1.2773441895417752,False,0.27877669623629203,2.8836674458783025e-07,2.603198985560921e+18,7.47138505083426e+16,CONVERGED
S3,S3_classical,"Classical Elastic Limit (c, d -> 0)",1.7469696969696968,950257.2372372204,8,5.49267026710382e-07,1.7483712475669081e-07,-1.2773447542648275,1.2773447542648275,False,3.587102430810509,-1.97027708667707e-06,2.603198985560921e+18,7.47138505083426e+16,CONVERGED
S3,S3_classical,"Classical Elastic Limit (c, d -> 0)",1.7469696969696968,950257.2372372204,9,2.997736787076886,0.954209255503406,-8.741419142641993,8.741419142641993,False,-6192.139850685215,896.9716601792405,2.603198985560921e+18,7.47138505083426e+16,CONVERGED
S3,S3_classical,"Classical Elastic Limit (c, d -> 0)",1.7646464646464646,959872.4448993491,4,2.186374017180483e-07,6.959444645639167e-08,1.479275649645058,1.479275649645058,False,0.22780263755747035,4.9806176780084395e-08,6.503073534698492e+19,5.661497366492546e+16,CONVERGED
S3,S3_classical,"Classical Elastic Limit (c, d -> 0)",1.7646464646464646,959872.4448993491,8,5.026430187084127e-07,1.599962420761518e-07,-1.4792749038325903,1.4792749038325903,False,4.389761527389599,2.2064829855373462e-06,6.503073534698492e+19,5.661497366492546e+16,CONVERGED
S3,S3_classical,"Classical Elastic Limit (c, d -> 0)",1.7646464646464646,959872.4448993491,9,2.6936149218428582,0.8574042591947605,-10.39231838543442,10.39231838543442,False,-29390.56176715652,14124.026748550124,6.503073534698492e+19,5.661497366492546e+16,CONVERGED
S3,S3_classical,"Classical Elastic Limit (c, d -> 0)",1.7823232323232323,969487.6525614776,4,1.4826397621120685e-08,4.71938893929455e-09,1.6421832769212963,1.6421832769212963,False,0.19355699212724153,-2.869752927626609e-09,3.7427725975512817e+18,1.0395033609331246e+17,CONVERGED
S3,S3_classical,"Classical Elastic Limit (c, d -> 0)",1.7823232323232323,969487.6525614776,8,2.652873693621239e-07,8.444359234765489e-08,-1.642182527890196,1.642182527890196,False,5.166433100550353,-1.3705894462304367e-06,3.7427725975512817e+18,1.0395033609331246e+17,CONVERGED
S3,S3_classical,"Classical Elastic Limit (c, d -> 0)",1.7823232323232323,969487.6525614776,9,2.7285688738014846,0.8685304476643845,-9.371080451772114,9.371080451772114,False,-10756.276526621836,4713.733078295747,3.7427725975512817e+18,1.0395033609331246e+17,CONVERGED
S3,S3_classical,"Classical Elastic Limit (c, d -> 0)",1.8,979102.8602236061,4,5.164007862832888e-07,1.6437547550705369e-07,1.777565260388594,1.777565260388594,False,0.1690492374914696,-8.72971591611931e-08,2.553495994934722e+18,6.009039618478946e+16,CONVERGED
S3,S3_classical,"Classical Elastic Limit (c, d -> 0)",1.8,979102.8602236061,8,3.6163469972170584e-07,1.151119001085255e-07,-1.777564903720813,1.777564903720813,False,5.915434214144531,-2.1392262757557557e-06,2.553495994934722e+18,6.009039618478946e+16,CONVERGED
S3,S3_classical,"Classical Elastic Limit (c, d -> 0)",1.8,979102.8602236061,9,2.7618589240090996,0.8791269997570231,-8.427239571059898,8.427239571059898,False,-4244.325873620814,1693.9274572342429,2.553495994934722e+18,6.009039618478946e+16,CONVERGED
