family_id,case_id,case_name,Omega,omega_rad_s,branch_id,kr_a,kr_a_over_pi,ki_signed,alpha_a,is_pass_band,eigval_real,eigval_imag,cond_P_equil,cond_Tcell,solver_status
S5,S5_tauq_1ps,Fast Relaxation Lag (tau_q=1ps),0.05,27197.301672877948,0,4.344946533478034e-09,1.3830394365460488e-09,3.1351272031615873,3.1351272031615873,False,0.04349422087499949,1.8898006421715697e-10,4069176605477484.0,9.753554154190731e+16,CONVERGED
S5,S5_tauq_1ps,Fast Relaxation Lag (tau_q=1ps),0.05,27197.301672877948,1,3.784105976631273e-05,1.2045183427289026e-05,3.1719796163951943,3.1719796163951943,False,0.041920529111634214,1.5863172483059763e-06,4069176605477484.0,9.753554154190731e+16,CONVERGED
S5,S5_tauq_1ps,Fast Relaxation Lag (tau_q=1ps),0.05,27197.301672877948,2,0.2164547537330524,0.06889968802470835,0.352957893484453,0.352957893484453,False,0.6862114427050299,0.15089777697512524,4069176605477484.0,9.753554154190731e+16,CONVERGED
S5,S5_tauq_1ps,Fast Relaxation Lag (tau_q=1ps),0.05,27197.301672877948,3,0.27298732039456813,0.08689456288441298,-7.295630911306442e-07,7.295630911306442e-07,True,0.9629704874551973,-0.26960953139224597,4069176605477484.0,9.753554154190731e+16,CONVERGED
S5,S5_tauq_1ps,Fast Relaxation Lag (tau_q=1ps),0.05,27197.301672877948,4,0.27299099364793117,0.08689573211727289,2.6447406367892186e-06,2.6447406367892186e-06,True,0.962966247758501,0.26961215887016093,4069176605477484.0,9.753554154190731e+16,CONVERGED
S5,S5_tauq_1ps,Fast Relaxation Lag (tau_q=1ps),0.06767676767676768,36812.509335006514,0,4.9205186478397925e-08,1.566249730759104e-08,3.141327791955883,3.141327791955883,False,0.04322536548866961,2.126912169466896e-09,1.0072835424751798e+16,6.485796644761841e+16,CONVERGED
S5,S5_tauq_1ps,Fast Relaxation Lag (tau_q=1ps),0.06767676767676768,36812.509335006514,1,0.049702169801103924,0.01582069201247683,3.467447616383722,3.467447616383722,False,0.03115803012348426,0.001549898154835058,1.0072835424751798e+16,6.485796644761841e+16,CONVERGED
S5,S5_tauq_1ps,Fast Relaxation Lag (tau_q=1ps),0.06767676767676768,36812.509335006514,2,1.0583368011035503,0.33687906670338824,0.198610832302552,0.198610832302552,False,0.402000008315703,-0.7145495103958537,1.0072835424751798e+16,6.485796644761841e+16,CONVERGED
S5,S5_tauq_1ps,Fast Relaxation Lag (tau_q=1ps),0.06767676767676768,36812.509335006514,3,0.3688157406586505,0.11739769643184551,4.214495894029305e-07,4.214495894029305e-07,True,0.9327545450695345,-0.36051090934020597,1.0072835424751798e+16,6.485796644761841e+16,CONVERGED
S5,S5_tauq_1ps,Fast Relaxation Lag (tau_q=1ps),0.06767676767676768,36812.509335006514,4,0.3688195157374775,0.11739889807675727,2.4178295520145842e-06,2.4178295520145842e-06,True,0.9327513219778792,0.36051371083650396,1.0072835424751798e+16,6.485796644761841e+16,CONVERGED
S5,S5_tauq_1ps,Fast Relaxation Lag (tau_q=1ps),0.08535353535353535,46427.71699713508,0,0.35080829212915227,0.11166574753996045,-0.4237548274919507,0.4237548274919507,False,1.4346435976063618,-0.5250003056280138,2.016126177161642e+16,8.753111686375864e+16,CONVERGED
S5,S5_tauq_1ps,Fast Relaxation Lag (tau_q=1ps),0.08535353535353535,46427.71699713508,1,4.585171015024786e-09,1.4595052639257558e-09,-3.1492662889886556,3.1492662889886556,False,23.318948933135687,1.0692136874905692e-07,2.016126177161642e+16,8.753111686375864e+16,CONVERGED
S5,S5_tauq_1ps,Fast Relaxation Lag (tau_q=1ps),0.08535353535353535,46427.71699713508,2,0.663271456288649,0.21112586176019696,-0.39194059807443327,0.39194059807443327,False,1.1660953368945222,0.9111405513465031,2.016126177161642e+16,8.753111686375864e+16,CONVERGED
S5,S5_tauq_1ps,Fast Relaxation Lag (tau_q=1ps),0.08535353535353535,46427.71699713508,3,0.4640509522698308,0.14771200580048952,5.58845324228767e-07,5.58845324228767e-07,True,0.8942462379104799,-0.4475740701749037,2.016126177161642e+16,8.753111686375864e+16,CONVERGED
S5,S5_tauq_1ps,Fast Relaxation Lag (tau_q=1ps),0.08535353535353535,46427.71699713508,4,0.46405208505978945,0.14771236637873233,4.917730833021087e-07,4.917730833021087e-07,True,0.8942457908815608,0.44757511318764026,2.016126177161642e+16,8.753111686375864e+16,CONVERGED
S5,S5_tauq_1ps,Fast Relaxation Lag (tau_q=1ps),0.10303030303030303,56042.924659263655,0,4.413417029468184e-05,1.4048342723316212e-05,-0.7242092332816826,0.7242092332816826,False,2.0630990227015236,9.105316366181926e-05,3.536241172189404e+16,6.833434947020492e+16,CONVERGED
S5,S5_tauq_1ps,Fast Relaxation Lag (tau_q=1ps),0.10303030303030303,56042.924659263655,1,4.829107963940162e-09,1.53715280637103e-09,-3.158852659985943,3.158852659985943,False,23.543567949309818,1.1369443148357839e-07,3.536241172189404e+16,6.833434947020492e+16,CONVERGED
S5,S5_tauq_1ps,Fast Relaxation Lag (tau_q=1ps),0.10303030303030303,56042.924659263655,2,6.734930435768098e-08,2.143794940465091e-08,3.158852674907752,3.158852674907752,False,0.04247444513215781,2.8606243326293223e-09,3.536241172189404e+16,6.833434947020492e+16,CONVERGED
S5,S5_tauq_1ps,Fast Relaxation Lag (tau_q=1ps),0.10303030303030303,56042.924659263655,3,0.5585600452054692,0.17779518441616587,3.3377558893389406e-07,3.3377558893389406e-07,True,0.8480188334347454,-0.5299654616944566,3.536241172189404e+16,6.833434947020492e+16,CONVERGED
S5,S5_tauq_1ps,Fast Relaxation Lag (tau_q=1ps),0.10303030303030303,56042.924659263655,4,0.5585624172692867,0.17779593946752964,1.2497161223906622e-07,1.2497161223906622e-07,True,0.8480177533899241,0.5299675839070844,3.536241172189404e+16,6.833434947020492e+16,CONVERGED
S5,S5_tauq_1ps,Fast Relaxation Lag (tau_q=1ps),0.12070707070707071,65658.13232139223,0,1.0411376338805843e-05,3.3140440174218993e-06,-0.6288007900957832,0.6288007900957832,False,1.8753602795202753,-1.9525081641639193e-05,5.675741866343831e+16,6.672892049997039e+16,CONVERGED
S5,S5_tauq_1ps,Fast Relaxation Lag (tau_q=1ps),0.12070707070707071,65658.13232139223,1,5.527230000594705e-09,1.7593719524009338e-09,-3.169983760788972,3.169983760788972,False,23.8070977448053,-1.315873048821784e-07,5.675741866343831e+16,6.672892049997039e+16,CONVERGED
S5,S5_tauq_1ps,Fast Relaxation Lag (tau_q=1ps),0.12070707070707071,65658.13232139223,2,5.660950197989973e-08,1.8019364132142957e-08,3.1699838520212418,3.1699838520212418,False,0.04200427618212859,2.3778411556964662e-09,5.675741866343831e+16,6.672892049997039e+16,CONVERGED
S5,S5_tauq_1ps,Fast Relaxation Lag (tau_q=1ps),0.12070707070707071,65658.13232139223,3,0.6522397595759294,0.2076143636351571,1.126221743295142e-06,1.126221743295142e-06,True,0.7947254358118178,-0.6069672390111072,5.675741866343831e+16,6.672892049997039e+16,CONVERGED
S5,S5_tauq_1ps,Fast Relaxation Lag (tau_q=1ps),0.12070707070707071,65658.13232139223,4,0.6522413694256672,0.2076148760662439,8.26788387387076e-08,8.26788387387076e-08,True,0.79472528801424,0.6069691517968763,5.675741866343831e+16,6.672892049997039e+16,CONVERGED
S5,S5_tauq_1ps,Fast Relaxation Lag (tau_q=1ps),0.1383838383838384,75273.3399835208,0,1.3023455479215341e-05,4.1454946313087e-06,3.1796078737218205,3.1796078737218205,False,0.04160196514339928,-5.418013409235607e-07,8.512381528194584e+16,5.768167078292074e+16,CONVERGED
S5,S5_tauq_1ps,Fast Relaxation Lag (tau_q=1ps),0.1383838383838384,75273.3399835208,1,3.631300241301777e-06,1.1558787665079403e-06,-3.111101904695616,3.111101904695616,False,22.44576387145347,-8.150730776296995e-05,8.512381528194584e+16,5.768167078292074e+16,CONVERGED
S5,S5_tauq_1ps,Fast Relaxation Lag (tau_q=1ps),0.1383838383838384,75273.3399835208,2,4.5955513382699447e-07,1.4628094234364731e-07,3.182547475856385,3.182547475856385,False,0.04147985149208983,-1.906227870357254e-08,8.512381528194584e+16,5.768167078292074e+16,CONVERGED
S5,S5_tauq_1ps,Fast Relaxation Lag (tau_q=1ps),0.1383838383838384,75273.3399835208,3,0.7449899390146191,0.23713766269581257,2.0828947094288394e-06,2.0828947094288394e-06,True,0.735093192285295,0.6779630025857402,8.512381528194584e+16,5.768167078292074e+16,CONVERGED
S5,S5_tauq_1ps,Fast Relaxation Lag (tau_q=1ps),0.1383838383838384,75273.3399835208,4,0.7449993423982898,0.23714065588579852,2.3243678446048537e-07,2.3243678446048537e-07,True,0.7350881773550523,-0.6779711694750495,8.512381528194584e+16,5.768167078292074e+16,CONVERGED
S5,S5_tauq_1ps,Fast Relaxation Lag (tau_q=1ps),0.15606060606060607,84888.54764564935,0,1.3809327734735424e-05,4.395645539518297e-06,3.176374790363705,3.176374790363705,False,0.041736685427733955,-5.763555676697708e-07,1.2153616724170086e+17,3.2318982530639085e+17,CONVERGED
S5,S5_tauq_1ps,Fast Relaxation Lag (tau_q=1ps),0.15606060606060607,84888.54764564935,1,4.17122399381613e-08,1.3277418347187092e-08,-3.1964258988888976,3.1964258988888976,False,24.44500495887135,1.0196559121339853e-06,1.2153616724170086e+17,3.2318982530639085e+17,CONVERGED
S5,S5_tauq_1ps,Fast Relaxation Lag (tau_q=1ps),0.15606060606060607,84888.54764564935,2,1.1414708640816743e-05,3.6334146082795097e-06,-3.0348971402661027,3.0348971402661027,False,20.79883842510385,0.0002374126807002955,1.2153616724170086e+17,3.2318982530639085e+17,CONVERGED
S5,S5_tauq_1ps,Fast Relaxation Lag (tau_q=1ps),0.15606060606060607,84888.54764564935,3,0.8367550957140787,0.26634741928045524,5.328013440209755e-06,5.328013440209755e-06,True,0.6698720341659852,-0.7424693945693789,1.2153616724170086e+17,3.2318982530639085e+17,CONVERGED
S5,S5_tauq_1ps,Fast Relaxation Lag (tau_q=1ps),0.15606060606060607,84888.54764564935,4,0.8367595984853881,0.26634885255707824,8.108563054730076e-07,8.108563054730076e-07,True,0.6698717168982775,0.7424757647145515,1.2153616724170086e+17,3.2318982530639085e+17,CONVERGED
S5,S5_tauq_1ps,Fast Relaxation Lag (tau_q=1ps),0.17373737373737375,94503.75530777793,0,1.3908682491405717e-05,4.4272711408058365e-06,3.1772044495482508,3.1772044495482508,False,0.04170207256370462,-5.800208865595311e-07,1.6692759382714022e+17,9.000365676190683e+16,CONVERGED
S5,S5_tauq_1ps,Fast Relaxation Lag (tau_q=1ps),0.17373737373737375,94503.75530777793,1,5.677405154029098e-07,1.807174188398269e-07,3.211499361476913,3.211499361476913,False,0.040296149460627984,-2.2877756663532077e-08,1.6692759382714022e+17,9.000365676190683e+16,CONVERGED
S5,S5_tauq_1ps,Fast Relaxation Lag (tau_q=1ps),0.17373737373737375,94503.75530777793,2,1.7576336802730825e-05,5.594721767205221e-06,-3.0012841464871625,3.0012841464871625,False,20.11134625970358,0.00035348379545329127,1.6692759382714022e+17,9.000365676190683e+16,CONVERGED
S5,S5_tauq_1ps,Fast Relaxation Lag (tau_q=1ps),0.17373737373737375,94503.75530777793,3,0.927468635925967,0.29522243594063013,1.936414063137145e-06,1.936414063137145e-06,True,0.59986009506043,0.8001024893933683,1.6692759382714022e+17,9.000365676190683e+16,CONVERGED
S5,S5_tauq_1ps,Fast Relaxation Lag (tau_q=1ps),0.17373737373737375,94503.75530777793,4,0.9274758320199411,0.295224726528484,-1.5577387075676633e-06,1.5577387075676633e-06,True,0.599856433418553,-0.8001096017225648,1.6692759382714022e+17,9.000365676190683e+16,CONVERGED
S5,S5_tauq_1ps,Fast Relaxation Lag (tau_q=1ps),0.19141414141414143,104118.96296990648,0,1.296912066409197e-05,4.128199322490963e-06,3.1781583042993207,3.1781583042993207,False,0.041662313809239494,-5.40323574967586e-07,2.2215002560986016e+17,1.6081306204182838e+17,CONVERGED
S5,S5_tauq_1ps,Fast Relaxation Lag (tau_q=1ps),0.19141414141414143,104118.96296990648,1,2.0515455059087787e-07,6.530272164866906e-08,3.227648232111705,3.227648232111705,False,0.03965063832214392,8.134508885620989e-09,2.2215002560986016e+17,1.6081306204182838e+17,CONVERGED
S5,S5_tauq_1ps,Fast Relaxation Lag (tau_q=1ps),0.19141414141414143,104118.96296990648,2,1.2835473861654652e-05,4.085658224018313e-06,-2.966479344741799,2.966479344741799,False,19.42341592487379,0.0002493087474214554,2.2215002560986016e+17,1.6081306204182838e+17,CONVERGED
S5,S5_tauq_1ps,Fast Relaxation Lag (tau_q=1ps),0.19141414141414143,104118.96296990648,3,1.0170959771742922,0.32375170473234033,2.2105689833507575e-06,2.2105689833507575e-06,True,0.5258371196565397,-0.8505826840837524,2.2215002560986016e+17,1.6081306204182838e+17,CONVERGED
S5,S5_tauq_1ps,Fast Relaxation Lag (tau_q=1ps),0.19141414141414143,104118.96296990648,4,1.0170952639053716,0.3237514776917914,-4.0184432387341335e-06,4.0184432387341335e-06,True,0.5258410018104245,0.8505876073243617,2.2215002560986016e+17,1.6081306204182838e+17,CONVERGED
S5,S5_tauq_1ps,Fast Relaxation Lag (tau_q=1ps),0.2090909090909091,113734.17063203505,0,1.3040231506430849e-05,4.150834606622285e-06,3.179062830489613,3.179062830489613,False,0.04162464619345305,-5.427950227666704e-07,2.8798617086069213e+17,1.4602526029121184e+17,CONVERGED
S5,S5_tauq_1ps,Fast Relaxation Lag (tau_q=1ps),0.2090909090909091,113734.17063203505,1,1.657758319048226e-05,5.276808618564729e-06,-2.9291696647111753,2.9291696647111753,False,18.712086735782854,0.00031020117455837597,2.8798617086069213e+17,1.4602526029121184e+17,CONVERGED
S5,S5_tauq_1ps,Fast Relaxation Lag (tau_q=1ps),0.2090909090909091,113734.17063203505,2,1.2304572220758078e-07,3.9166669831297364e-08,-3.244757725865888,3.244757725865888,False,25.655493644712152,3.1567987441056213e-06,2.8798617086069213e+17,1.4602526029121184e+17,CONVERGED
S5,S5_tauq_1ps,Fast Relaxation Lag (tau_q=1ps),0.2090909090909091,113734.17063203505,3,1.1056078797620355,0.35192591837095566,3.5403683010951626e-06,3.5403683010951626e-06,True,0.4485896433289596,-0.8937338816372931,2.8798617086069213e+17,1.4602526029121184e+17,CONVERGED
S5,S5_tauq_1ps,Fast Relaxation Lag (tau_q=1ps),0.2090909090909091,113734.17063203505,4,1.1056118766262197,0.35192719061233924,-8.010405480909854e-07,8.010405480909854e-07,True,0.4485880186922014,0.8937395546624222,2.8798617086069213e+17,1.4602526029121184e+17,CONVERGED
S5,S5_tauq_1ps,Fast Relaxation Lag (tau_q=1ps),0.22676767676767678,123349.37829416365,0,1.1724788576708903e-05,3.73211611738122e-06,3.1798409389549045,3.1798409389549045,False,0.041592270302173946,-4.876605757406644e-07,3.6530718201897126e+17,2.60066791554724e+17,CONVERGED
S5,S5_tauq_1ps,Fast Relaxation Lag (tau_q=1ps),0.22676767676767678,123349.37829416365,1,7.440325039785674e-06,2.3683290165845858e-06,-2.889145233935015,2.889145233935015,False,17.977936101917226,0.00013376168814522988,3.6530718201897126e+17,2.60066791554724e+17,CONVERGED
S5,S5_tauq_1ps,Fast Relaxation Lag (tau_q=1ps),0.22676767676767678,123349.37829416365,2,8.342909597483341e-08,2.655630604416577e-08,-3.262714797744667,3.262714797744667,False,26.12035244832548,-2.1791973913078264e-06,3.6530718201897126e+17,2.60066791554724e+17,CONVERGED
S5,S5_tauq_1ps,Fast Relaxation Lag (tau_q=1ps),0.22676767676767678,123349.37829416365,3,1.1930049060811312,0.37974525587138874,2.7322974495602937e-06,2.7322974495602937e-06,True,0.3688675291034985,-0.929479037629742,3.6530718201897126e+17,2.60066791554724e+17,CONVERGED
S5,S5_tauq_1ps,Fast Relaxation Lag (tau_q=1ps),0.22676767676767678,123349.37829416365,4,1.193004600138301,0.3797451584867613,1.599835658164345e-09,1.599835658164345e-09,True,0.368868820738762,0.9294814629066702,3.6530718201897126e+17,2.60066791554724e+17,CONVERGED
S5,S5_tauq_1ps,Fast Relaxation Lag (tau_q=1ps),0.24444444444444446,132964.58595629223,0,1.1441915403831093e-05,3.6420747899180365e-06,3.180462549417232,3.180462549417232,False,0.04156642414589123,-4.7559950873780425e-07,4.548326165924031e+17,4.214749155086901e+16,CONVERGED
S5,S5_tauq_1ps,Fast Relaxation Lag (tau_q=1ps),0.24444444444444446,132964.58595629223,1,7.967396429393817e-06,2.5361010506214862e-06,-2.8466898463330317,2.8466898463330317,False,17.2306512332767,0.00013728342911504383,4.548326165924031e+17,4.214749155086901e+16,CONVERGED
S5,S5_tauq_1ps,Fast Relaxation Lag (tau_q=1ps),0.24444444444444446,132964.58595629223,2,2.934599713668591e-08,9.34112100852834e-09,3.281414947795105,3.281414947795105,False,0.03757505243775246,-1.102677381249107e-09,4.548326165924031e+17,4.214749155086901e+16,CONVERGED
S5,S5_tauq_1ps,Fast Relaxation Lag (tau_q=1ps),0.24444444444444446,132964.58595629223,3,1.2792821079077648,0.40720814216508044,-4.822744649589771e-06,4.822744649589771e-06,True,0.2874042737752297,-0.9578144021424766,4.548326165924031e+17,4.214749155086901e+16,CONVERGED
S5,S5_tauq_1ps,Fast Relaxation Lag (tau_q=1ps),0.24444444444444446,132964.58595629223,4,1.2792829363680884,0.40720840587219176,-5.274733333698578e-06,5.274733333698578e-06,True,0.28740361016705174,0.9578150731666623,4.548326165924031e+17,4.214749155086901e+16,CONVERGED
S5,S5_tauq_1ps,Fast Relaxation Lag (tau_q=1ps),0.2621212121212121,142579.79361842075,0,1.107142461515335e-05,3.5241439091418816e-06,3.1809071112816327,3.1809071112816327,False,0.041547949405936466,-4.5999498978082586e-07,5.5730428521556883e+17,6.869994268744551e+16,CONVERGED
S5,S5_tauq_1ps,Fast Relaxation Lag (tau_q=1ps),0.2621212121212121,142579.79361842075,1,2.1185693428352357e-07,6.743615663903521e-08,-3.3007617358127526,3.3007617358127526,False,27.13329945663745,5.7483776398800916e-06,5.5730428521556883e+17,6.869994268744551e+16,CONVERGED
S5,S5_tauq_1ps,Fast Relaxation Lag (tau_q=1ps),0.2621212121212121,142579.79361842075,2,6.99726001424078e-06,2.227297038731372e-06,-2.8021658474744546,2.8021658474744546,False,16.48030196528977,0.00011531695796621789,5.5730428521556883e+17,6.869994268744551e+16,CONVERGED
S5,S5_tauq_1ps,Fast Relaxation Lag (tau_q=1ps),0.2621212121212121,142579.79361842075,3,1.3644608746189415,0.43432138570219075,2.308248985423858e-06,2.308248985423858e-06,True,0.20487399421345692,-0.9787859980648015,5.5730428521556883e+17,6.869994268744551e+16,CONVERGED
S5,S5_tauq_1ps,Fast Relaxation Lag (tau_q=1ps),0.2621212121212121,142579.79361842075,4,1.364456238995691,0.43431991013748145,-5.5905410462399315e-06,5.5905410462399315e-06,True,0.2048801497932792,0.9787927795837505,5.5730428521556883e+17,6.869994268744551e+16,CONVERGED
S5,S5_tauq_1ps,Fast Relaxation Lag (tau_q=1ps),0.27979797979797977,152195.0012805493,0,1.0372544437843568e-05,3.3016834394462973e-06,3.1810311288667648,3.1810311288667648,False,0.041542797049393274,-4.30904508482602e-07,6.733245904416687e+17,2.1113394182461066e+17,CONVERGED
S5,S5_tauq_1ps,Fast Relaxation Lag (tau_q=1ps),0.27979797979797977,152195.0012805493,1,5.726677710148485e-07,1.8228581301286154e-07,3.3206602330153134,3.3206602330153134,False,0.03612897033883324,2.0689896913003472e-08,6.733245904416687e+17,2.1113394182461066e+17,CONVERGED
S5,S5_tauq_1ps,Fast Relaxation Lag (tau_q=1ps),0.27979797979797977,152195.0012805493,2,2.7838851699133853e-06,8.861381715838725e-07,-2.7548917429742876,2.7548917429742876,False,15.719339081732146,4.3760834950587064e-05,6.733245904416687e+17,2.1113394182461066e+17,CONVERGED
S5,S5_tauq_1ps,Fast Relaxation Lag (tau_q=1ps),0.27979797979797977,152195.0012805493,3,1.448540566087395,0.4610847827238824,-1.1593162287205828e-06,1.1593162287205828e-06,True,0.12195158090577037,-0.9925372187226678,6.733245904416687e+17,2.1113394182461066e+17,CONVERGED
S5,S5_tauq_1ps,Fast Relaxation Lag (tau_q=1ps),0.27979797979797977,152195.0012805493,4,1.4485407061151696,0.46108482729610745,-4.579596986928923e-06,4.579596986928923e-06,True,0.12195185903187476,0.9925406305610814,6.733245904416687e+17,2.1113394182461066e+17,CONVERGED
S5,S5_tauq_1ps,Fast Relaxation Lag (tau_q=1ps),0.29747474747474745,161810.20894267788,0,1.1535374297645035e-05,3.6718236797708154e-06,3.1808536711353868,3.1808536711353868,False,0.041550169793539427,-4.79296760720441e-07,8.037131127171827e+17,7.752301522125437e+16,CONVERGED
S5,S5_tauq_1ps,Fast Relaxation Lag (tau_q=1ps),0.29747474747474745,161810.20894267788,1,2.8514619130500665e-07,9.076485170003808e-08,-3.341032359932077,3.341032359932077,False,28.248274043819787,-8.054887754535509e-06,8.037131127171827e+17,7.752301522125437e+16,CONVERGED
S5,S5_tauq_1ps,Fast Relaxation Lag (tau_q=1ps),0.29747474747474745,161810.20894267788,2,1.4279366165848749e-05,4.545263419027987e-06,-2.7056229391420916,2.7056229391420916,False,14.96363522034789,0.0002136712264980609,8.037131127171827e+17,7.752301522125437e+16,CONVERGED
S5,S5_tauq_1ps,Fast Relaxation Lag (tau_q=1ps),0.29747474747474745,161810.20894267788,3,1.5315854756875167,0.4875187984468404,6.365641060492186e-06,6.365641060492186e-06,True,0.039200554621546986,0.9992249923397055,8.037131127171827e+17,7.752301522125437e+16,CONVERGED
S5,S5_tauq_1ps,Fast Relaxation Lag (tau_q=1ps),0.29747474747474745,161810.20894267788,4,1.5315836655293464,0.4875182222555992,1.4585890529798742e-06,1.4585890529798742e-06,True,0.03920255574527451,-0.9992298246395509,8.037131127171827e+17,7.752301522125437e+16,CONVERGED
S5,S5_tauq_1ps,Fast Relaxation Lag (tau_q=1ps),0.3151515151515151,171425.41660480644,0,1.2964825755614097e-05,4.126832210662202e-06,3.1802706809199175,3.1802706809199175,False,0.04157440019761032,-5.39004854486386e-07,9.488097945244087e+17,8.43657976262264e+16,CONVERGED
S5,S5_tauq_1ps,Fast Relaxation Lag (tau_q=1ps),0.3151515151515151,171425.41660480644,1,1.205072679822766e-06,3.835865475575803e-07,3.3617966936446493,3.3617966936446493,False,0.0346729063567448,-4.17833721805865e-08,9.488097945244087e+17,8.43657976262264e+16,CONVERGED
S5,S5_tauq_1ps,Fast Relaxation Lag (tau_q=1ps),0.3151515151515151,171425.41660480644,2,2.597971225262635e-05,8.269599250221126e-06,-2.6540894610803054,2.6540894610803054,False,14.212039546139565,0.00036922469801472114,9.488097945244087e+17,8.43657976262264e+16,CONVERGED
S5,S5_tauq_1ps,Fast Relaxation Lag (tau_q=1ps),0.3151515151515151,171425.41660480644,3,1.6135739487403502,0.5136165399726705,6.735253025303297e-07,6.735253025303297e-07,True,-0.04276454769656502,0.9990845041389694,9.488097945244087e+17,8.43657976262264e+16,CONVERGED
S5,S5_tauq_1ps,Fast Relaxation Lag (tau_q=1ps),0.3151515151515151,171425.41660480644,4,1.6135722526100174,0.5136160000776174,-2.9721784707763596e-06,2.9721784707763596e-06,True,-0.04276300901995019,-0.9990882190448294,9.488097945244087e+17,8.43657976262264e+16,CONVERGED
S5,S5_tauq_1ps,Fast Relaxation Lag (tau_q=1ps),0.3328282828282828,181040.62426693502,0,7.802982319007482e-06,2.4837664138574026e-06,3.1792339250361796,3.1792339250361796,False,0.04161752505496965,-3.2474081217136987e-07,1.1094046716053068e+18,5.1316349405650323e+17,CONVERGED
S5,S5_tauq_1ps,Fast Relaxation Lag (tau_q=1ps),0.3328282828282828,181040.62426693502,1,2.620131523393791e-06,8.340137669980397e-07,3.38288789048986,3.38288789048986,False,0.033949271253558025,8.895155580789758e-08,1.1094046716053068e+18,5.1316349405650323e+17,CONVERGED
S5,S5_tauq_1ps,Fast Relaxation Lag (tau_q=1ps),0.3328282828282828,181040.62426693502,2,1.2017218604964012e-05,3.825199486391827e-06,-2.600500758492458,2.600500758492458,False,13.470481803549296,-0.00016187772455523422,1.1094046716053068e+18,5.1316349405650323e+17,CONVERGED
S5,S5_tauq_1ps,Fast Relaxation Lag (tau_q=1ps),0.3328282828282828,181040.62426693502,3,1.6945736332055432,0.5393995403157091,9.841059131475108e-07,9.841059131475108e-07,True,-0.12346136526820828,-0.9923483879546642,1.1094046716053068e+18,5.1316349405650323e+17,CONVERGED
S5,S5_tauq_1ps,Fast Relaxation Lag (tau_q=1ps),0.3328282828282828,181040.62426693502,4,1.6945848472313125,0.5394031098509754,-3.1685831692720914e-06,3.1685831692720914e-06,True,-0.12347300622478004,0.9923511243104599,1.1094046716053068e+18,5.1316349405650323e+17,CONVERGED
S5,S5_tauq_1ps,Fast Relaxation Lag (tau_q=1ps),0.3505050505050505,190655.83192906357,0,7.848080739882255e-06,2.4981216870731204e-06,3.1776529672132376,3.1776529672132376,False,0.04168337264417761,-3.2713447402882154e-07,1.2861656652630984e+18,9.2998507527072e+16,CONVERGED
S5,S5_tauq_1ps,Fast Relaxation Lag (tau_q=1ps),0.3505050505050505,190655.83192906357,1,8.995293002930503e-07,2.863290691952657e-07,-3.4042542814108665,3.4042542814108665,False,30.091847304927562,2.7068498350734102e-05,1.2861656652630984e+18,9.2998507527072e+16,CONVERGED
S5,S5_tauq_1ps,Fast Relaxation Lag (tau_q=1ps),0.3505050505050505,190655.83192906357,2,9.393190012113428e-06,2.9899452436585447e-06,-2.5447713128482414,2.5447713128482414,False,12.740314206164342,-0.00011967219215604936,1.2861656652630984e+18,9.2998507527072e+16,CONVERGED
S5,S5_tauq_1ps,Fast Relaxation Lag (tau_q=1ps),0.3505050505050505,190655.83192906357,3,1.7746406002855066,0.5648856474940136,1.7086459458557482e-05,1.7086459458557482e-05,True,-0.20243203859349043,-0.9792788660110326,1.2861656652630984e+18,9.2998507527072e+16,CONVERGED
S5,S5_tauq_1ps,Fast Relaxation Lag (tau_q=1ps),0.3505050505050505,190655.83192906357,4,1.7746607273232056,0.5648920541290927,-4.641664969606154e-06,4.641664969606154e-06,True,-0.2024561474797139,0.979296069491092,1.2861656652630984e+18,9.2998507527072e+16,CONVERGED
S5,S5_tauq_1ps,Fast Relaxation Lag (tau_q=1ps),0.36818181818181817,200271.03959119215,0,4.894259082080458e-06,1.5578910513710146e-06,3.1754410269821776,3.1754410269821776,False,0.041775675820801626,-2.0446098079763992e-07,1.4796312301479885e+18,1.5399285472405034e+17,CONVERGED
S5,S5_tauq_1ps,Fast Relaxation Lag (tau_q=1ps),0.36818181818181817,200271.03959119215,1,3.946709970160802e-07,1.256276801402317e-07,-3.425828075208585,3.425828075208585,False,30.74809604834243,-1.2135381723746133e-05,1.4796312301479885e+18,1.5399285472405034e+17,CONVERGED
S5,S5_tauq_1ps,Fast Relaxation Lag (tau_q=1ps),0.36818181818181817,200271.03959119215,2,2.7924050813764714e-05,8.888501436319833e-06,-2.4868855604705264,2.4868855604705264,False,12.023770435534312,-0.0003357523767021699,1.4796312301479885e+18,1.5399285472405034e+17,CONVERGED
S5,S5_tauq_1ps,Fast Relaxation Lag (tau_q=1ps),0.36818181818181817,200271.03959119215,3,1.853813503104144,0.5900871651790544,1.1854130500871708e-05,1.1854130500871708e-05,True,-0.27925074969001146,-0.9602058689768582,1.4796312301479885e+18,1.5399285472405034e+17,CONVERGED
S5,S5_tauq_1ps,Fast Relaxation Lag (tau_q=1ps),0.36818181818181817,200271.03959119215,4,1.853798813620238,0.5900824893711041,5.810945128834688e-06,5.810945128834688e-06,True,-0.27923833221513017,0.9602157736670383,1.4796312301479885e+18,1.5399285472405034e+17,CONVERGED
S5,S5_tauq_1ps,Fast Relaxation Lag (tau_q=1ps),0.38585858585858585,209886.2472533207,0,4.380205471507215e-06,1.394262705097079e-06,3.1725237437794203,3.1725237437794203,False,0.04189772523805578,1.8352064533261155e-07,1.6901816526536532e+18,1.3104423721255448e+17,CONVERGED
S5,S5_tauq_1ps,Fast Relaxation Lag (tau_q=1ps),0.38585858585858585,209886.2472533207,1,4.728844255409588e-07,1.5052378767202983e-07,-3.447564608015729,3.447564608015729,False,31.423769846550925,1.4859811352218646e-05,1.6901816526536532e+18,1.3104423721255448e+17,CONVERGED
S5,S5_tauq_1ps,Fast Relaxation Lag (tau_q=1ps),0.38585858585858585,209886.2472533207,2,8.446544895129137e-05,2.6886187442148337e-05,-2.4269390911313957,2.4269390911313957,False,11.324166694068701,-0.0009565008260884642,1.6901816526536532e+18,1.3104423721255448e+17,CONVERGED
S5,S5_tauq_1ps,Fast Relaxation Lag (tau_q=1ps),0.38585858585858585,209886.2472533207,3,1.9320845491335117,0.6150016129321486,1.5676373028987057e-05,1.5676373028987057e-05,True,-0.35347404259968296,0.9354275754721323,1.6901816526536532e+18,1.3104423721255448e+17,CONVERGED
S5,S5_tauq_1ps,Fast Relaxation Lag (tau_q=1ps),0.38585858585858585,209886.2472533207,4,1.932086054796629,0.6150020921996041,-1.113911364920484e-05,1.113911364920484e-05,True,-0.35348492978141793,-0.935452127525982,1.6901816526536532e+18,1.3104423721255448e+17,CONVERGED
S5,S5_tauq_1ps,Fast Relaxation Lag (tau_q=1ps),0.4035353535353535,219501.45491544926,0,9.867914770756278e-06,3.1410548275507777e-06,3.1687600117671764,3.1687600117671764,False,0.04205571417363893,-4.150022031022261e-07,1.9184684505735823e+18,1.5101039707753187e+17,CONVERGED
S5,S5_tauq_1ps,Fast Relaxation Lag (tau_q=1ps),0.4035353535353535,219501.45491544926,1,3.41225087844762e-06,1.0861531887492016e-06,3.469419928026791,3.469419928026791,False,0.03113508601445158,1.0624072460376695e-07,1.9184684505735823e+18,1.5101039707753187e+17,CONVERGED
S5,S5_tauq_1ps,Fast Relaxation Lag (tau_q=1ps),0.4035353535353535,219501.45491544926,2,6.510403503380537e-06,2.072325798171611e-06,-2.364649221405596,2.364649221405596,False,10.640305771083954,6.927268397008384e-05,1.9184684505735823e+18,1.5101039707753187e+17,CONVERGED
S5,S5_tauq_1ps,Fast Relaxation Lag (tau_q=1ps),0.4035353535353535,219501.45491544926,3,2.0095420582776966,0.6396571038519141,2.3612373114080067e-06,2.3612373114080067e-06,True,-0.4248033257321283,0.9052830562776768,1.9184684505735823e+18,1.5101039707753187e+17,CONVERGED
S5,S5_tauq_1ps,Fast Relaxation Lag (tau_q=1ps),0.4035353535353535,219501.45491544926,4,2.009543925262644,0.6396576981316803,2.1396929108413387e-06,2.1396929108413387e-06,True,-0.4248051099944105,-0.9052824637349227,1.9184684505735823e+18,1.5101039707753187e+17,CONVERGED
S5,S5_tauq_1ps,Fast Relaxation Lag (tau_q=1ps),0.4212121212121212,229116.66257757787,0,1.9381763097458832e-05,6.169406805593315e-06,3.164074908751545,3.164074908751545,False,0.04225321180819562,-8.189417414757436e-07,2.1639690218856123e+18,3.8434521953011885e+17,CONVERGED
S5,S5_tauq_1ps,Fast Relaxation Lag (tau_q=1ps),0.4212121212121212,229116.66257757787,1,1.6928068298658634e-07,5.388371493457465e-08,3.4913596692455386,3.4913596692455386,False,0.030459429254078303,-5.156192987512032e-09,2.1639690218856123e+18,3.8434521953011885e+17,CONVERGED
S5,S5_tauq_1ps,Fast Relaxation Lag (tau_q=1ps),0.4212121212121212,229116.66257757787,2,6.01071400635857e-05,1.913269691247313e-05,-2.300192953363718,2.300192953363718,False,9.976107174534873,0.0005996352719512442,2.1639690218856123e+18,3.8434521953011885e+17,CONVERGED
S5,S5_tauq_1ps,Fast Relaxation Lag (tau_q=1ps),0.4212121212121212,229116.66257757787,3,2.086217493887659,0.6640636530340138,5.311889946782103e-07,5.311889946782103e-07,True,-0.4929010821739365,-0.8700847434671736,2.1639690218856123e+18,3.8434521953011885e+17,CONVERGED
S5,S5_tauq_1ps,Fast Relaxation Lag (tau_q=1ps),0.4212121212121212,229116.66257757787,4,2.0862174144603975,0.6640636277515313,-1.0857339269450663e-06,1.0857339269450663e-06,True,-0.492901810049077,0.8700861894781201,2.1639690218856123e+18,3.8434521953011885e+17,CONVERGED
S5,S5_tauq_1ps,Fast Relaxation Lag (tau_q=1ps),0.4388888888888889,238731.87023970645,0,1.447471779402484e-05,4.607445773558536e-06,3.1583292248918786,3.1583292248918786,False,0.04249668419669735,-6.151275109719493e-07,2.4301949102809165e+18,9.800172631925528e+16,CONVERGED
S5,S5_tauq_1ps,Fast Relaxation Lag (tau_q=1ps),0.4388888888888889,238731.87023970645,1,4.6403223071620537e-07,1.4770604654488583e-07,-3.5133528531956375,3.5133528531956375,False,33.56060313219896,-1.557320153561667e-05,2.4301949102809165e+18,9.800172631925528e+16,CONVERGED
S5,S5_tauq_1ps,Fast Relaxation Lag (tau_q=1ps),0.4388888888888889,238731.87023970645,2,3.113220267202766e-05,9.909687889183828e-06,-2.2334059206806702,2.2334059206806702,False,9.331594683058485,0.0002905130970200489,2.4301949102809165e+18,9.800172631925528e+16,CONVERGED
S5,S5_tauq_1ps,Fast Relaxation Lag (tau_q=1ps),0.4388888888888889,238731.87023970645,3,2.1621530528862487,0.6882346921761574,4.332825045350027e-06,4.332825045350027e-06,True,-0.557485453926088,0.8301814880183005,2.4301949102809165e+18,9.800172631925528e+16,CONVERGED
S5,S5_tauq_1ps,Fast Relaxation Lag (tau_q=1ps),0.4388888888888889,238731.87023970645,4,2.1621616046173333,0.6882374142767056,9.512183401267045e-07,9.512183401267045e-07,True,-0.557494438618284,-0.8301795278581698,2.4301949102809165e+18,9.800172631925528e+16,CONVERGED
S5,S5_tauq_1ps,Fast Relaxation Lag (tau_q=1ps),0.45656565656565656,248347.077901835,0,5.59025482086669e-06,1.7794333757684631e-06,3.151352937452818,3.151352937452818,False,0.04279418982043736,-2.3923042595127625e-07,2.7120482357870034e+18,1.750475291684419e+17,CONVERGED
S5,S5_tauq_1ps,Fast Relaxation Lag (tau_q=1ps),0.45656565656565656,248347.077901835,1,1.0912740428969949e-05,3.4736331638986755e-06,3.535355979143573,3.535355979143573,False,0.029148378925617266,-3.1808869315314603e-07,2.7120482357870034e+18,1.750475291684419e+17,CONVERGED
S5,S5_tauq_1ps,Fast Relaxation Lag (tau_q=1ps),0.45656565656565656,248347.077901835,2,1.4507601746885615e-05,4.617913060850923e-06,-2.1640466978742263,2.1640466978742263,False,8.706298225993919,-0.00012630750736119785,2.7120482357870034e+18,1.750475291684419e+17,CONVERGED
S5,S5_tauq_1ps,Fast Relaxation Lag (tau_q=1ps),0.45656565656565656,248347.077901835,3,2.237399739685487,0.7121864564869302,-8.559556275976377e-06,8.559556275976377e-06,True,-0.6183253840641652,0.7859331006396075,2.7120482357870034e+18,1.750475291684419e+17,CONVERGED
S5,S5_tauq_1ps,Fast Relaxation Lag (tau_q=1ps),0.45656565656565656,248347.077901835,4,2.2374025678004297,0.7121873567038758,-1.981394016464639e-05,1.981394016464639e-05,True,-0.6183345657062532,-0.7859401971641248,2.7120482357870034e+18,1.750475291684419e+17,CONVERGED
S5,S5_tauq_1ps,Fast Relaxation Lag (tau_q=1ps),0.4742424242424242,257962.28556396352,0,7.054989197083176e-06,2.2456728083514187e-06,3.1430275139895736,3.1430275139895736,False,0.04315195678632734,3.0443658896559035e-07,3.009193843311512e+18,1.1944819203278818e+17,CONVERGED
S5,S5_tauq_1ps,Fast Relaxation Lag (tau_q=1ps),0.4742424242424242,257962.28556396352,1,1.513994136315566e-07,4.819193012135343e-08,-3.557369637850327,3.557369637850327,False,35.07082673934149,-5.309702603910258e-06,3.009193843311512e+18,1.1944819203278818e+17,CONVERGED
S5,S5_tauq_1ps,Fast Relaxation Lag (tau_q=1ps),0.4742424242424242,257962.28556396352,2,7.318569388582048e-05,2.3295729891077262e-05,-2.092199386737715,2.092199386737715,False,8.102716566725476,-0.0005930029353546737,3.009193843311512e+18,1.1944819203278818e+17,CONVERGED
S5,S5_tauq_1ps,Fast Relaxation Lag (tau_q=1ps),0.4742424242424242,257962.28556396352,3,2.312012555453498,0.7359364533818981,1.649717235300233e-06,1.649717235300233e-06,True,-0.6751844454596135,-0.7376467075642422,3.009193843311512e+18,1.1944819203278818e+17,CONVERGED
S5,S5_tauq_1ps,Fast Relaxation Lag (tau_q=1ps),0.4742424242424242,257962.28556396352,4,2.3120224250873984,0.7359395949839415,-7.876420036415542e-07,7.876420036415542e-07,True,-0.6751933714164763,0.7376418416009902,3.009193843311512e+18,1.1944819203278818e+17,CONVERGED
S5,S5_tauq_1ps,Fast Relaxation Lag (tau_q=1ps),0.49191919191919187,267577.4932260921,0,1.0520282566937463e-05,3.3487099465031813e-06,3.1330998745757985,3.1330998745757985,False,0.04358248739227174,-4.585000823536032e-07,3.33782008970422e+18,6.908914656156365e+16,CONVERGED
S5,S5_tauq_1ps,Fast Relaxation Lag (tau_q=1ps),0.49191919191919187,267577.4932260921,1,3.3265403551229835e-06,1.0588706818249836e-06,3.579348580401726,3.579348580401726,False,0.027893862947027538,-9.279006075389909e-08,3.33782008970422e+18,6.908914656156365e+16,CONVERGED
S5,S5_tauq_1ps,Fast Relaxation Lag (tau_q=1ps),0.49191919191919187,267577.4932260921,2,9.277437521256727e-06,2.953100081468458e-06,-2.0173899133460638,2.0173899133460638,False,7.518674907326856,6.975403669736688e-05,3.33782008970422e+18,6.908914656156365e+16,CONVERGED
S5,S5_tauq_1ps,Fast Relaxation Lag (tau_q=1ps),0.49191919191919187,267577.4932260921,3,2.386014137315018,0.7594918884816588,5.629860758420236e-06,5.629860758420236e-06,True,-0.7278708728645147,0.685706010457341,3.33782008970422e+18,6.908914656156365e+16,CONVERGED
S5,S5_tauq_1ps,Fast Relaxation Lag (tau_q=1ps),0.49191919191919187,267577.4932260921,4,2.3860228443483735,0.7594946600164553,3.7047934974586727e-06,3.7047934974586727e-06,True,-0.7278782445152586,-0.6857009928546417,3.33782008970422e+18,6.908914656156365e+16,CONVERGED
S5,S5_tauq_1ps,Fast Relaxation Lag (tau_q=1ps),0.5095959595959596,277192.70088822074,0,5.372105037441665e-05,1.709994143035425e-05,3.121421095053443,3.121421095053443,False,0.04409446138928363,2.3688007838052235e-06,3.6796082433931546e+18,1.0956558845672086e+17,CONVERGED
S5,S5_tauq_1ps,Fast Relaxation Lag (tau_q=1ps),0.5095959595959596,277192.70088822074,1,3.3804913844350985e-06,1.0760438278248212e-06,3.601284209549515,3.601284209549515,False,0.027288655583261604,-9.2249065092384e-08,3.6796082433931546e+18,1.0956558845672086e+17,CONVERGED
S5,S5_tauq_1ps,Fast Relaxation Lag (tau_q=1ps),0.5095959595959596,277192.70088822074,2,0.0002616627272689952,8.328983293553413e-05,-1.9397191762708883,1.9397191762708883,False,6.956796824447607,-0.0018203344716857587,3.6796082433931546e+18,1.0956558845672086e+17,CONVERGED
S5,S5_tauq_1ps,Fast Relaxation Lag (tau_q=1ps),0.5095959595959596,277192.70088822074,3,2.4594749164280825,0.7828751807201111,8.517773723259317e-06,8.517773723259317e-06,True,-0.7762327459566689,0.630432937513759,3.6796082433931546e+18,1.0956558845672086e+17,CONVERGED
S5,S5_tauq_1ps,Fast Relaxation Lag (tau_q=1ps),0.5095959595959596,277192.70088822074,4,2.459470591555503,0.7828738040704124,7.775227472427395e-07,7.775227472427395e-07,True,-0.7762360276457027,-0.6304411743696112,3.6796082433931546e+18,1.0956558845672086e+17,CONVERGED
S5,S5_tauq_1ps,Fast Relaxation Lag (tau_q=1ps),0.5272727272727272,286807.90855034924,0,2.138163832025411e-05,6.805986860143063e-06,3.1075833707079874,3.1075833707079874,False,0.044708869647112355,-9.559488806476218e-07,4.040052783959469e+18,5.576403363438066e+16,CONVERGED
S5,S5_tauq_1ps,Fast Relaxation Lag (tau_q=1ps),0.5272727272727272,286807.90855034924,1,9.984769563131924e-07,3.1782508632119e-07,-3.6231608044785357,3.6231608044785357,False,37.45577128422978,-3.739872450825326e-05,4.040052783959469e+18,5.576403363438066e+16,CONVERGED
S5,S5_tauq_1ps,Fast Relaxation Lag (tau_q=1ps),0.5272727272727272,286807.90855034924,2,5.178461047377477e-05,1.6483553465979185e-05,-1.858311396674783,1.858311396674783,False,6.412898772666404,0.00033208946524712683,4.040052783959469e+18,5.576403363438066e+16,CONVERGED
S5,S5_tauq_1ps,Fast Relaxation Lag (tau_q=1ps),0.5272727272727272,286807.90855034924,3,2.5324284834234136,0.8060970223270965,1.1073602198967916e-05,1.1073602198967916e-05,True,-0.8201174694909399,0.5721758377252808,4.040052783959469e+18,5.576403363438066e+16,CONVERGED
S5,S5_tauq_1ps,Fast Relaxation Lag (tau_q=1ps),0.5272727272727272,286807.90855034924,4,2.532433950926894,0.8060987626875069,-3.877273122886221e-06,3.877273122886221e-06,True,-0.8201328594645338,-0.5721799082481309,4.040052783959469e+18,5.576403363438066e+16,CONVERGED
S5,S5_tauq_1ps,Fast Relaxation Lag (tau_q=1ps),0.544949494949495,296423.11621247785,0,0.0002737773435400646,8.714603506193854e-05,3.0908354962994498,3.0908354962994498,False,0.045463951863235555,-1.2447000278934297e-05,4.43157471305787e+18,7.740088280365174e+16,CONVERGED
S5,S5_tauq_1ps,Fast Relaxation Lag (tau_q=1ps),0.544949494949495,296423.11621247785,1,3.762710057410447e-07,1.1977078101169238e-07,-3.6449559948946635,3.6449559948946635,False,38.28108825116914,1.440406357712978e-05,4.43157471305787e+18,7.740088280365174e+16,CONVERGED
S5,S5_tauq_1ps,Fast Relaxation Lag (tau_q=1ps),0.544949494949495,296423.11621247785,2,0.0009818835902035655,0.00031254325384342873,-1.7712898376740474,1.7712898376740474,False,5.878427861257821,0.005771933708062831,4.43157471305787e+18,7.740088280365174e+16,CONVERGED
S5,S5_tauq_1ps,Fast Relaxation Lag (tau_q=1ps),0.544949494949495,296423.11621247785,3,2.604926611292823,0.829173893157746,1.6024770268955753e-05,1.6024770268955753e-05,True,-0.8594042471430934,-0.5112653821309008,4.43157471305787e+18,7.740088280365174e+16,CONVERGED
S5,S5_tauq_1ps,Fast Relaxation Lag (tau_q=1ps),0.544949494949495,296423.11621247785,4,2.6049255212059976,0.8291735461723327,6.482259491316866e-06,6.482259491316866e-06,True,-0.8594118907270265,0.5112711977434812,4.43157471305787e+18,7.740088280365174e+16,CONVERGED
S5,S5_tauq_1ps,Fast Relaxation Lag (tau_q=1ps),0.5626262626262627,306038.32387460646,0,3.8013864403978304e-05,1.2100188851836387e-05,3.0723569784315425,3.0723569784315425,False,0.04631187000477722,1.7604931475042738e-06,4.830469349813449e+18,4.70959809146008e+17,CONVERGED
S5,S5_tauq_1ps,Fast Relaxation Lag (tau_q=1ps),0.5626262626262627,306038.32387460646,1,2.5447712256760592e-06,8.100258392087319e-07,-3.6666708599434568,3.6666708599434568,False,39.12144804474267,9.955513529125698e-05,4.830469349813449e+18,4.70959809146008e+17,CONVERGED
S5,S5_tauq_1ps,Fast Relaxation Lag (tau_q=1ps),0.5626262626262627,306038.32387460646,2,0.00016004825338617045,5.094494131926641e-05,-1.683976193844355,1.683976193844355,False,5.386932864059427,-0.0008621692033628876,4.830469349813449e+18,4.70959809146008e+17,CONVERGED
S5,S5_tauq_1ps,Fast Relaxation Lag (tau_q=1ps),0.5626262626262627,306038.32387460646,3,2.6770246021823887,0.8521233964318837,9.84957696465284e-06,9.84957696465284e-06,True,-0.8940063721863062,-0.448032261707098,4.830469349813449e+18,4.70959809146008e+17,CONVERGED
S5,S5_tauq_1ps,Fast Relaxation Lag (tau_q=1ps),0.5626262626262627,306038.32387460646,4,2.6770334851773625,0.8521262239770028,-6.414363530398945e-06,6.414363530398945e-06,True,-0.8940248922687708,0.4480316069354505,4.830469349813449e+18,4.70959809146008e+17,CONVERGED
S5,S5_tauq_1ps,Fast Relaxation Lag (tau_q=1ps),0.5803030303030303,315653.531536735,0,1.428599466018519e-05,4.54737333430579e-06,3.0501078447781333,3.0501078447781333,False,0.04735381724900912,6.764963804047516e-07,5.259598416651379e+18,1.0161998985509987e+17,CONVERGED
S5,S5_tauq_1ps,Fast Relaxation Lag (tau_q=1ps),0.5803030303030303,315653.531536735,1,4.0411469640929075e-06,1.2863370301923846e-06,3.688286375467591,3.688286375467591,False,0.025014831363602226,-1.0108860982286748e-07,5.259598416651379e+18,1.0161998985509987e+17,CONVERGED
S5,S5_tauq_1ps,Fast Relaxation Lag (tau_q=1ps),0.5803030303030303,315653.531536735,2,7.248747918017305e-05,2.307348124759078e-05,-1.590073707978899,1.590073707978899,False,4.9041103741860255,-0.0003554865992687072,5.259598416651379e+18,1.0161998985509987e+17,CONVERGED
S5,S5_tauq_1ps,Fast Relaxation Lag (tau_q=1ps),0.5803030303030303,315653.531536735,3,2.748839275768161,0.8749827170072969,-3.8056854178404864e-06,3.8056854178404864e-06,True,-0.9238622688452626,0.3827350514440584,5.259598416651379e+18,1.0161998985509987e+17,CONVERGED
S5,S5_tauq_1ps,Fast Relaxation Lag (tau_q=1ps),0.5803030303030303,315653.531536735,4,2.7488340968144884,0.8749810684951429,-7.151311922465101e-06,7.151311922465101e-06,True,-0.9238633775624047,-0.38274111658549786,5.259598416651379e+18,1.0161998985509987e+17,CONVERGED
S5,S5_tauq_1ps,Fast Relaxation Lag (tau_q=1ps),0.5979797979797981,325268.7391988636,0,1.981600624235579e-05,6.307630691621557e-06,3.0239402557018984,3.0239402557018984,False,0.048609307410944,-9.632423392179379e-07,5.699438238524706e+18,7.771406260505074e+16,CONVERGED
S5,S5_tauq_1ps,Fast Relaxation Lag (tau_q=1ps),0.5979797979797981,325268.7391988636,1,2.7061602910899862e-05,8.613975742519474e-06,-3.7097759488628865,3.7097759488628865,False,40.844654195558334,0.00110532181314304,5.699438238524706e+18,7.771406260505074e+16,CONVERGED
S5,S5_tauq_1ps,Fast Relaxation Lag (tau_q=1ps),0.5979797979797981,325268.7391988636,2,3.5464843528383954e-05,1.1288810307045842e-05,-1.4905912185249368,1.4905912185249368,False,4.439719584901949,0.00015745396045446224,5.699438238524706e+18,7.771406260505074e+16,CONVERGED
S5,S5_tauq_1ps,Fast Relaxation Lag (tau_q=1ps),0.5979797979797981,325268.7391988636,3,2.820471794031329,0.8977840557427043,-8.804672236726417e-06,8.804672236726417e-06,True,-0.9488905915793189,-0.3156331014196216,5.699438238524706e+18,7.771406260505074e+16,CONVERGED
S5,S5_tauq_1ps,Fast Relaxation Lag (tau_q=1ps),0.5979797979797981,325268.7391988636,4,2.820477785430534,0.8977859628643032,-9.07860963686113e-06,9.07860963686113e-06,True,-0.9488927425833759,0.31562750269378653,5.699438238524706e+18,7.771406260505074e+16,CONVERGED
S5,S5_tauq_1ps,Fast Relaxation Lag (tau_q=1ps),0.6156565656565657,334883.9468609921,0,4.943735368476158e-05,1.5736398424624262e-05,2.9931545256048464,2.9931545256048464,False,0.05012905359864066,-2.4782477546573573e-06,6.171944402181755e+18,7.972414580704214e+16,CONVERGED
S5,S5_tauq_1ps,Fast Relaxation Lag (tau_q=1ps),0.6156565656565657,334883.9468609921,1,4.7616771983284745e-06,1.515688927043888e-06,3.731208216133152,3.731208216133152,False,0.023963864810254434,1.1410818865167707e-07,6.171944402181755e+18,7.972414580704214e+16,CONVERGED
S5,S5_tauq_1ps,Fast Relaxation Lag (tau_q=1ps),0.6156565656565657,334883.9468609921,2,0.00011546164128633476,3.6752581896446883e-05,-1.3848722980729742,1.3848722980729742,False,3.994315763797552,0.000461190255953381,6.171944402181755e+18,7.972414580704214e+16,CONVERGED
S5,S5_tauq_1ps,Fast Relaxation Lag (tau_q=1ps),0.6156565656565657,334883.9468609921,3,2.892152474271848,0.9206007249116405,-5.234227257982288e-06,5.234227257982288e-06,True,-0.9690558439736786,0.2468627954345731,6.171944402181755e+18,7.972414580704214e+16,CONVERGED
S5,S5_tauq_1ps,Fast Relaxation Lag (tau_q=1ps),0.6156565656565657,334883.9468609921,4,2.892165899714789,0.9206049983628551,-4.977338698858329e-06,4.977338698858329e-06,True,-0.9690589091885415,-0.2468497219955082,6.171944402181755e+18,7.972414580704214e+16,CONVERGED
S5,S5_tauq_1ps,Fast Relaxation Lag (tau_q=1ps),0.6333333333333333,344499.15452312067,0,9.603355085824304e-06,3.0568428643512618e-06,2.956658597026715,2.956658597026715,False,0.05199235465513669,-4.993010435167371e-07,6.664920246476427e+18,3.409160069147636e+17,CONVERGED
S5,S5_tauq_1ps,Fast Relaxation Lag (tau_q=1ps),0.6333333333333333,344499.15452312067,1,9.488552313194901e-07,3.0203000068620125e-07,3.7524765613500763,3.7524765613500763,False,0.023459574777425076,2.2259740252097227e-08,6.664920246476427e+18,3.409160069147636e+17,CONVERGED
S5,S5_tauq_1ps,Fast Relaxation Lag (tau_q=1ps),0.6333333333333333,344499.15452312067,2,3.0784187115307477e-06,9.798911096934038e-07,-1.2715259945261668,1.2715259945261668,False,3.5662905519732027,1.0978535565984306e-05,6.664920246476427e+18,3.409160069147636e+17,CONVERGED
S5,S5_tauq_1ps,Fast Relaxation Lag (tau_q=1ps),0.6333333333333333,344499.15452312067,3,2.96441261423301,0.9436018418383029,5.466548018142053e-08,5.466548018142053e-08,True,-0.984344582812859,0.1762544551380879,6.664920246476427e+18,3.409160069147636e+17,CONVERGED
S5,S5_tauq_1ps,Fast Relaxation Lag (tau_q=1ps),0.6333333333333333,344499.15452312067,4,2.96441927518686,0.9436039620857647,5.439351403444146e-06,5.439351403444146e-06,True,-0.9843404564353437,-0.17624694942331667,6.664920246476427e+18,3.409160069147636e+17,CONVERGED
S5,S5_tauq_1ps,Fast Relaxation Lag (tau_q=1ps),0.651010101010101,354114.3621852493,0,0.00010979187403213568,3.4947838927074195e-05,2.9131055871458416,2.9131055871458416,False,0.05430681284395869,-5.9624467788083e-06,7.180589423827762e+18,5.765474584266229e+16,CONVERGED
S5,S5_tauq_1ps,Fast Relaxation Lag (tau_q=1ps),0.651010101010101,354114.3621852493,1,5.18596654581665e-07,1.6507444209518438e-07,-3.7736575169338686,3.7736575169338686,False,43.53901866854317,2.257918942527717e-05,7.180589423827762e+18,5.765474584266229e+16,CONVERGED
S5,S5_tauq_1ps,Fast Relaxation Lag (tau_q=1ps),0.651010101010101,354114.3621852493,2,0.0002464002362188336,7.843163114647606e-05,-1.149058814684808,1.149058814684808,False,3.155221767490961,0.0007774474045663197,7.180589423827762e+18,5.765474584266229e+16,CONVERGED
S5,S5_tauq_1ps,Fast Relaxation Lag (tau_q=1ps),0.651010101010101,354114.3621852493,3,3.039186190877628,0.9674030105096061,-1.8869737396920586e-05,1.8869737396920586e-05,True,-0.994779810107592,-0.1022294947128275,7.180589423827762e+18,5.765474584266229e+16,CONVERGED
S5,S5_tauq_1ps,Fast Relaxation Lag (tau_q=1ps),0.651010101010101,354114.3621852493,4,3.03921071003444,0.9674108151996202,1.568028440510558e-05,1.568028440510558e-05,True,-0.9947479472325895,0.10220157239238824,7.180589423827762e+18,5.765474584266229e+16,CONVERGED
S5,S5_tauq_1ps,Fast Relaxation Lag (tau_q=1ps),0.6686868686868687,363729.5698473778,0,1.9815516607428415e-05,6.307474835983553e-06,2.8609081506256278,2.8609081506256278,False,0.05721677520247161,1.1337799593964693e-06,7.733378323559802e+18,1.557735645531911e+17,CONVERGED
S5,S5_tauq_1ps,Fast Relaxation Lag (tau_q=1ps),0.6686868686868687,363729.5698473778,1,5.3605349274176136e-05,1.7063112626305352e-05,3.794688313064807,3.794688313064807,False,0.022489914504637543,1.2055797233222134e-06,7.733378323559802e+18,1.557735645531911e+17,CONVERGED
S5,S5_tauq_1ps,Fast Relaxation Lag (tau_q=1ps),0.6686868686868687,363729.5698473778,2,6.326821575053546e-05,2.0138898554604454e-05,-1.0160396574302695,1.0160396574302695,False,2.7622336763044935,-0.0001747615964190099,7.733378323559802e+18,1.557735645531911e+17,CONVERGED
S5,S5_tauq_1ps,Fast Relaxation Lag (tau_q=1ps),0.6686868686868687,363729.5698473778,3,3.1415576973939108,0.9999888730972673,-0.024909194163821306,0.024909194163821306,False,-1.0252220195282777,3.58378617520251e-05,7.733378323559802e+18,1.557735645531911e+17,CONVERGED
S5,S5_tauq_1ps,Fast Relaxation Lag (tau_q=1ps),0.6686868686868687,363729.5698473778,4,3.141518775962205,0.999976484020771,0.024864837989722905,0.024864837989722905,False,-0.9754417431240091,-7.206332196344004e-05,7.733378323559802e+18,1.557735645531911e+17,CONVERGED
S5,S5_tauq_1ps,Fast Relaxation Lag (tau_q=1ps),0.6863636363636364,373344.7775095064,0,5.960310275577675e-05,1.897225685439208e-05,2.7969991485517998,2.7969991485517998,False,0.06099281855609025,-3.635361236068004e-06,8.295163162811713e+18,1.3580898358951251e+17,CONVERGED
S5,S5_tauq_1ps,Fast Relaxation Lag (tau_q=1ps),0.6863636363636364,373344.7775095064,1,1.2308580980717831e-05,3.917943011056264e-06,-3.81560170755581,3.81560170755581,False,45.404068132701745,-0.0005588596494936119,8.295163162811713e+18,1.3580898358951251e+17,CONVERGED
S5,S5_tauq_1ps,Fast Relaxation Lag (tau_q=1ps),0.6863636363636364,373344.7775095064,2,0.00010516166092421806,3.347399631968624e-05,-0.8685863198741413,0.8685863198741413,False,2.383538895895698,0.0002506569100938713,8.295163162811713e+18,1.3580898358951251e+17,CONVERGED
S5,S5_tauq_1ps,Fast Relaxation Lag (tau_q=1ps),0.6863636363636364,373344.7775095064,3,3.141591943735538,0.9999997740463729,-0.04522255147962599,0.04522255147962599,False,-1.046260680862769,7.426925963896954e-07,8.295163162811713e+18,1.3580898358951251e+17,CONVERGED
S5,S5_tauq_1ps,Fast Relaxation Lag (tau_q=1ps),0.6863636363636364,373344.7775095064,4,3.1415741371716064,0.9999941060410344,0.045293831587514266,0.045293831587514266,False,-0.9557166206764522,-1.769644861860605e-05,8.295163162811713e+18,1.3580898358951251e+17,CONVERGED
S5,S5_tauq_1ps,Fast Relaxation Lag (tau_q=1ps),0.704040404040404,382959.98517163494,0,2.6753564234853697e-05,8.515923986607013e-06,2.7181165993204726,2.7181165993204726,False,0.06599893986882023,-1.7657068776339988e-06,8.920250230953403e+18,7.515544567518237e+16,CONVERGED
S5,S5_tauq_1ps,Fast Relaxation Lag (tau_q=1ps),0.704040404040404,382959.98517163494,1,0.00013616454765943696,4.334252166774272e-05,3.8364007246738696,3.8364007246738696,False,0.021571101923761445,2.9372193541173705e-06,8.920250230953403e+18,7.515544567518237e+16,CONVERGED
S5,S5_tauq_1ps,Fast Relaxation Lag (tau_q=1ps),0.704040404040404,382959.98517163494,2,3.495983996807427e-05,1.1128062681241258e-05,-0.7038757376181596,0.7038757376181596,False,2.021572627549916,7.067385557177678e-05,8.920250230953403e+18,7.515544567518237e+16,CONVERGED
S5,S5_tauq_1ps,Fast Relaxation Lag (tau_q=1ps),0.704040404040404,382959.98517163494,3,3.0633225976709557,0.9750858674088759,1.0218830460661923e-05,1.0218830460661923e-05,True,-0.9969282751253036,-0.0781893650288405,8.920250230953403e+18,7.515544567518237e+16,CONVERGED
S5,S5_tauq_1ps,Fast Relaxation Lag (tau_q=1ps),0.704040404040404,382959.98517163494,4,3.063317588168079,0.9750842728345854,1.846385913907226e-05,1.846385913907226e-05,True,-0.9969196637578421,0.0781937144308456,8.920250230953403e+18,7.515544567518237e+16,CONVERGED
S5,S5_tauq_1ps,Fast Relaxation Lag (tau_q=1ps),0.7217171717171718,392575.19283376355,0,6.540232477407671e-05,2.0818206554991674e-05,2.617131503871888,2.617131503871888,False,0.07301199720882279,-4.775154360663927e-06,9.514555925810143e+18,1.0595757080586402e+17,CONVERGED
S5,S5_tauq_1ps,Fast Relaxation Lag (tau_q=1ps),0.7217171717171718,392575.19283376355,1,3.715003766172126e-06,1.1825224259826032e-06,-3.8570672575855594,3.8570672575855594,False,47.326351644172576,0.00017581757459809633,9.514555925810143e+18,1.0595757080586402e+17,CONVERGED
S5,S5_tauq_1ps,Fast Relaxation Lag (tau_q=1ps),0.7217171717171718,392575.19283376355,2,9.828495004444833e-05,3.12850712622279e-05,-0.5135880197822573,0.5135880197822573,False,1.6712770168407884,0.0001642613786395494,9.514555925810143e+18,1.0595757080586402e+17,CONVERGED
S5,S5_tauq_1ps,Fast Relaxation Lag (tau_q=1ps),0.7217171717171718,392575.19283376355,3,2.987241231044346,0.9508684162572525,-1.154966394838111e-05,1.154966394838111e-05,True,-0.9881228628352935,0.15374104050926693,9.514555925810143e+18,1.0595757080586402e+17,CONVERGED
S5,S5_tauq_1ps,Fast Relaxation Lag (tau_q=1ps),0.7217171717171718,392575.19283376355,4,2.9872498476549727,0.9508711590096004,1.943584498961117e-08,1.943584498961117e-08,True,-0.9881127558840881,-0.15373074769695005,9.514555925810143e+18,1.0595757080586402e+17,CONVERGED
S5,S5_tauq_1ps,Fast Relaxation Lag (tau_q=1ps),0.7393939393939394,402190.40049589204,0,4.412675196537381e-05,1.40459813957585e-05,2.4840573163283297,2.4840573163283297,False,0.08340414110592137,-3.680353849854789e-06,1.0103576903585214e+19,7.193025587418426e+16,CONVERGED
S5,S5_tauq_1ps,Fast Relaxation Lag (tau_q=1ps),0.7393939393939394,402190.40049589204,1,5.992368236415852e-06,1.907430051304892e-06,-3.8776106875431817,3.8776106875431817,False,48.308652602595295,-0.00028948323540330497,1.0103576903585214e+19,7.193025587418426e+16,CONVERGED
S5,S5_tauq_1ps,Fast Relaxation Lag (tau_q=1ps),0.7393939393939394,402190.40049589204,2,5.56982872691291e-05,1.772931548126856e-05,-0.2881035353714201,0.2881035353714201,False,1.333895400261081,7.429568926754078e-05,1.0103576903585214e+19,7.193025587418426e+16,CONVERGED
S5,S5_tauq_1ps,Fast Relaxation Lag (tau_q=1ps),0.7393939393939394,402190.40049589204,3,2.9157851388296168,0.9281232356772436,-2.311630450643442e-06,2.311630450643442e-06,True,-0.9746158805352595,-0.2238939674936986,1.0103576903585214e+19,7.193025587418426e+16,CONVERGED
S5,S5_tauq_1ps,Fast Relaxation Lag (tau_q=1ps),0.7393939393939394,402190.40049589204,4,2.9157760583051253,0.9281203452565263,-4.3462984477316637e-07,4.3462984477316637e-07,True,-0.9746120180713576,0.22390239724251093,1.0103576903585214e+19,7.193025587418426e+16,CONVERGED
S5,S5_tauq_1ps,Fast Relaxation Lag (tau_q=1ps),0.7570707070707071,411805.6081580207,0,0.00020614204250291092,6.561705008679572e-05,2.296778741710296,2.296778741710296,False,0.10058232194433922,-2.0734245578988868e-05,1.0833876697767295e+19,1.2920980003831496e+17,CONVERGED
S5,S5_tauq_1ps,Fast Relaxation Lag (tau_q=1ps),0.7570707070707071,411805.6081580207,1,5.193112179961501e-07,1.6530189469432026e-07,3.898003065625278,3.898003065625278,False,0.020282373601266345,-1.0532864138727535e-08,1.0833876697767295e+19,1.2920980003831496e+17,CONVERGED
S5,S5_tauq_1ps,Fast Relaxation Lag (tau_q=1ps),0.7570707070707071,411805.6081580207,2,0.00027711346937727804,8.820795689747673e-05,-0.004659258487404245,0.004659258487404245,False,1.0046700911343664,0.0002784076216603115,1.0833876697767295e+19,1.2920980003831496e+17,CONVERGED
S5,S5_tauq_1ps,Fast Relaxation Lag (tau_q=1ps),0.7570707070707071,411805.6081580207,3,2.845625832962173,0.9057908350118439,-2.1831483499393386e-06,2.1831483499393386e-06,True,-0.9565226901274885,-0.29166540689204956,1.0833876697767295e+19,1.2920980003831496e+17,CONVERGED
S5,S5_tauq_1ps,Fast Relaxation Lag (tau_q=1ps),0.7570707070707071,411805.6081580207,4,2.8456293026629416,0.9057919394519006,-1.8635598213294961e-06,1.8635598213294961e-06,True,-0.9565233964194635,0.2916619948309383,1.0833876697767295e+19,1.2920980003831496e+17,CONVERGED
S5,S5_tauq_1ps,Fast Relaxation Lag (tau_q=1ps),0.7747474747474747,421420.81582014915,0,1.3316847731813698e-05,4.2388842858404894e-06,1.993092450298383,1.993092450298383,False,0.1362733545771707,1.8147315129149135e-06,1.1437557905679333e+19,1.2886817723931067e+17,CONVERGED
S5,S5_tauq_1ps,Fast Relaxation Lag (tau_q=1ps),0.7747474747474747,421420.81582014915,1,3.876298901652603e-06,1.233864262199393e-06,3.918299353880889,3.918299353880889,False,0.01987486613344845,7.704092176396461e-08,1.1437557905679333e+19,1.2886817723931067e+17,CONVERGED
S5,S5_tauq_1ps,Fast Relaxation Lag (tau_q=1ps),0.7747474747474747,421420.81582014915,2,2.7475668238909893e-05,8.745776829951001e-06,0.39981075360131224,0.39981075360131224,False,0.6704469134415005,-1.8420976970155213e-05,1.1437557905679333e+19,1.2886817723931067e+17,CONVERGED
S5,S5_tauq_1ps,Fast Relaxation Lag (tau_q=1ps),0.7747474747474747,421420.81582014915,3,2.776054500544785,0.8836455921084104,-2.3932661365008034e-05,2.3932661365008034e-05,True,-0.933953884293602,0.3574604991900306,1.1437557905679333e+19,1.2886817723931067e+17,CONVERGED
S5,S5_tauq_1ps,Fast Relaxation Lag (tau_q=1ps),0.7747474747474747,421420.81582014915,4,2.776044936398452,0.8836425477460796,-1.6509210741120634e-05,1.6509210741120634e-05,True,-0.9339435323369323,-0.3574667779984734,1.1437557905679333e+19,1.2886817723931067e+17,CONVERGED
S5,S5_tauq_1ps,Fast Relaxation Lag (tau_q=1ps),0.7924242424242425,431036.0234822779,0,0.4261304563720298,0.1356415370672276,1.2498098833046536,1.2498098833046536,False,0.2609328604035684,0.11844939162964815,1.2148690762554188e+19,1.2887568528421645e+17,CONVERGED
S5,S5_tauq_1ps,Fast Relaxation Lag (tau_q=1ps),0.7924242424242425,431036.0234822779,1,0.00044596077245772427,0.0001419537227234536,3.938542323241057,3.938542323241057,False,0.01947658269129719,8.685792437660703e-06,1.2148690762554188e+19,1.2887568528421645e+17,CONVERGED
S5,S5_tauq_1ps,Fast Relaxation Lag (tau_q=1ps),0.7924242424242425,431036.0234822779,2,0.4261838799438868,0.13565854231830493,1.2489376091000333,1.2489376091000333,False,0.26115423081827316,-0.11856670901447074,1.2148690762554188e+19,1.2887568528421645e+17,CONVERGED
S5,S5_tauq_1ps,Fast Relaxation Lag (tau_q=1ps),0.7924242424242425,431036.0234822779,3,2.706800257380407,0.8616012818490127,-3.863893686556651e-05,3.863893686556651e-05,True,-0.9069925537036623,-0.4212383985178135,1.2148690762554188e+19,1.2887568528421645e+17,CONVERGED
S5,S5_tauq_1ps,Fast Relaxation Lag (tau_q=1ps),0.7924242424242425,431036.0234822779,4,2.706721188205278,0.8615761133488767,9.055205140379183e-06,9.055205140379183e-06,True,-0.9069159882843204,0.4212900188088796,1.2148690762554188e+19,1.2887568528421645e+17,CONVERGED
S5,S5_tauq_1ps,Fast Relaxation Lag (tau_q=1ps),0.8101010101010101,440651.2311444063,0,1.089125510331595,0.346679417233513,1.3055702412344263,1.3055702412344263,False,0.12555191863942292,-0.24018210265551596,1.288364515011154e+19,7.580156936036264e+16,CONVERGED
S5,S5_tauq_1ps,Fast Relaxation Lag (tau_q=1ps),0.8101010101010101,440651.2311444063,1,3.045565669077985e-07,9.694336614894738e-08,3.9584792638847457,3.9584792638847457,False,0.019092126312205783,-5.814632444615621e-09,1.288364515011154e+19,7.580156936036264e+16,CONVERGED
S5,S5_tauq_1ps,Fast Relaxation Lag (tau_q=1ps),0.8101010101010101,440651.2311444063,2,1.08919586114854,0.34670181059404764,1.3048202915055678,1.3048202915055678,False,0.12562920158762717,0.2403711334291112,1.288364515011154e+19,7.580156936036264e+16,CONVERGED
S5,S5_tauq_1ps,Fast Relaxation Lag (tau_q=1ps),0.8101010101010101,440651.2311444063,3,2.6376267180151527,0.8395826604067286,-2.247017908644314e-05,2.247017908644314e-05,True,-0.8756939712718133,0.48291304605094965,1.288364515011154e+19,7.580156936036264e+16,CONVERGED
S5,S5_tauq_1ps,Fast Relaxation Lag (tau_q=1ps),0.8101010101010101,440651.2311444063,4,2.637622436050912,0.8395812974151786,-5.298992447485806e-06,5.298992447485806e-06,True,-0.8756768669073764,-0.4829085035535559,1.288364515011154e+19,7.580156936036264e+16,CONVERGED
S5,S5_tauq_1ps,Fast Relaxation Lag (tau_q=1ps),0.8277777777777778,450266.438806535,0,1.5846748707433502,0.504417677744629,1.3646062198686355,1.3646062198686355,False,-0.003545594065347516,-0.2554566553903782,1.3501478866459265e+19,8.978178664599968e+16,CONVERGED
S5,S5_tauq_1ps,Fast Relaxation Lag (tau_q=1ps),0.8277777777777778,450266.438806535,1,8.465453028931957e-06,2.6946373901335575e-06,3.978382064438807,3.978382064438807,False,0.018715895967469164,-1.5843853821077202e-07,1.3501478866459265e+19,8.978178664599968e+16,CONVERGED
S5,S5_tauq_1ps,Fast Relaxation Lag (tau_q=1ps),0.8277777777777778,450266.438806535,2,1.5846685108193386,0.5044156533179407,1.364574222249582,1.364574222249582,False,-0.003544082780755685,0.25546485207116154,1.3501478866459265e+19,8.978178664599968e+16,CONVERGED
S5,S5_tauq_1ps,Fast Relaxation Lag (tau_q=1ps),0.8277777777777778,450266.438806535,3,2.5685118925616814,0.8175827281830216,2.5114725051043863e-05,2.5114725051043863e-05,True,-0.8402134031380291,-0.5422095618841367,1.3501478866459265e+19,8.978178664599968e+16,CONVERGED
S5,S5_tauq_1ps,Fast Relaxation Lag (tau_q=1ps),0.8277777777777778,450266.438806535,4,2.5685165692144984,0.8175842168078475,3.0333535414816587e-05,3.0333535414816587e-05,True,-0.8402115539385084,0.5422028028308382,1.3501478866459265e+19,8.978178664599968e+16,CONVERGED
S5,S5_tauq_1ps,Fast Relaxation Lag (tau_q=1ps),0.8454545454545455,459881.6464686634,0,2.12566136517846,0.6766190272152367,1.4282400106136501,1.4282400106136501,False,-0.12629686808709084,-0.20376408270626287,1.4381138205073404e+19,9.773329387279773e+16,CONVERGED
S5,S5_tauq_1ps,Fast Relaxation Lag (tau_q=1ps),0.8454545454545455,459881.6464686634,1,2.7959762215971774e-05,8.899868728691826e-06,3.9982040847423725,3.9982040847423725,False,0.01834856177140689,-5.13021424267291e-07,1.4381138205073404e+19,9.773329387279773e+16,CONVERGED
S5,S5_tauq_1ps,Fast Relaxation Lag (tau_q=1ps),0.8454545454545455,459881.6464686634,2,2.125669917110674,0.6766217493798063,1.4280665429885502,1.4280665429885502,False,-0.12632052127947652,0.20379835196659934,1.4381138205073404e+19,9.773329387279773e+16,CONVERGED
S5,S5_tauq_1ps,Fast Relaxation Lag (tau_q=1ps),0.8454545454545455,459881.6464686634,3,2.499402740057677,0.7955846017152137,7.1293199995406305e-06,7.1293199995406305e-06,True,-0.8007803201986664,0.5989462582270434,1.4381138205073404e+19,9.773329387279773e+16,CONVERGED
S5,S5_tauq_1ps,Fast Relaxation Lag (tau_q=1ps),0.8454545454545455,459881.6464686634,4,2.499388514439133,0.795580073560194,2.077754123306129e-05,2.077754123306129e-05,True,-0.8007608707005432,-0.5989494751110833,1.4381138205073404e+19,9.773329387279773e+16,CONVERGED
S5,S5_tauq_1ps,Fast Relaxation Lag (tau_q=1ps),0.8631313131313132,469496.85413079214,0,3.141466325932319,0.9999597886577275,1.9091660821258358,1.9091660821258358,False,-0.1482039237973625,1.872225462145748e-05,1.5204398843403528e+19,4.460332183284526e+17,CONVERGED
S5,S5_tauq_1ps,Fast Relaxation Lag (tau_q=1ps),0.8631313131313132,469496.85413079214,1,1.5340715825439257e-05,4.8831015083734465e-06,4.017804142431512,4.017804142431512,False,0.01799243040574076,2.7601676188511413e-07,1.5204398843403528e+19,4.460332183284526e+17,CONVERGED
S5,S5_tauq_1ps,Fast Relaxation Lag (tau_q=1ps),0.8631313131313132,469496.85413079214,2,3.1414879869813537,0.9999666835837804,1.0846665230099317,1.0846665230099317,False,-0.33801448530431505,-3.537882990944532e-05,1.5204398843403528e+19,4.460332183284526e+17,CONVERGED
S5,S5_tauq_1ps,Fast Relaxation Lag (tau_q=1ps),0.8631313131313132,469496.85413079214,3,2.4301949831103404,0.7735550884782716,1.9373530824730182e-05,1.9373530824730182e-05,True,-0.757435412404096,0.6528804252887701,1.5204398843403528e+19,4.460332183284526e+17,CONVERGED
S5,S5_tauq_1ps,Fast Relaxation Lag (tau_q=1ps),0.8631313131313132,469496.85413079214,4,2.4302165925864725,0.7735619669881597,3.2487743548880516e-05,3.2487743548880516e-05,True,-0.7574395873422053,-0.6528554956118798,1.5204398843403528e+19,4.460332183284526e+17,CONVERGED
S5,S5_tauq_1ps,Fast Relaxation Lag (tau_q=1ps),0.8808080808080808,479112.06179292063,0,3.1414351269020258,0.9999498576979459,2.69885957334835,2.69885957334835,False,-0.06728219858227756,-1.0598741976049448e-05,1.6040944928003912e+19,1.0578598339544346e+17,CONVERGED
S5,S5_tauq_1ps,Fast Relaxation Lag (tau_q=1ps),0.8808080808080808,479112.06179292063,1,2.930468128081958e-06,9.327969763149941e-07,4.037361255675134,4.037361255675134,False,0.01764396896529022,5.170508870579819e-08,1.6040944928003912e+19,1.0578598339544346e+17,CONVERGED
S5,S5_tauq_1ps,Fast Relaxation Lag (tau_q=1ps),0.8808080808080808,479112.06179292063,2,3.141473822132081,0.9999621747722206,0.4452946769929885,0.4452946769929885,False,-0.6406354631585487,7.612764630756622e-05,1.6040944928003912e+19,1.0578598339544346e+17,CONVERGED
S5,S5_tauq_1ps,Fast Relaxation Lag (tau_q=1ps),0.8808080808080808,479112.06179292063,3,2.360849430148586,0.7514817134076636,-1.4544298974729715e-05,1.4544298974729715e-05,True,-0.7104009801718539,0.7038178289812613,1.6040944928003912e+19,1.0578598339544346e+17,CONVERGED
S5,S5_tauq_1ps,Fast Relaxation Lag (tau_q=1ps),0.8808080808080808,479112.06179292063,4,2.360870280917044,0.7514883504133982,1.8788200581859624e-05,1.8788200581859624e-05,True,-0.7103919756251571,-0.7037795572991635,1.6040944928003912e+19,1.0578598339544346e+17,CONVERGED
S5,S5_tauq_1ps,Fast Relaxation Lag (tau_q=1ps),0.8984848484848484,488727.2694550492,0,3.1413865466213755,0.9999343941143413,3.179962806156508,3.179962806156508,False,-0.041587200996972155,-8.571412043832058e-06,1.6980786985884996e+19,9.792849756961955e+16,CONVERGED
S5,S5_tauq_1ps,Fast Relaxation Lag (tau_q=1ps),0.8984848484848484,488727.2694550492,1,1.166088453699132e-05,3.7117748297720314e-06,4.056780863689481,4.056780863689481,False,0.01730463552830527,2.0178735685943163e-07,1.6980786985884996e+19,9.792849756961955e+16,CONVERGED
S5,S5_tauq_1ps,Fast Relaxation Lag (tau_q=1ps),0.8984848484848484,488727.2694550492,2,3.1414645995133577,0.9999592391215044,0.13126109625968893,0.13126109625968893,False,-0.8769887588187708,0.00011230198616866659,1.6980786985884996e+19,9.792849756961955e+16,CONVERGED
S5,S5_tauq_1ps,Fast Relaxation Lag (tau_q=1ps),0.8984848484848484,488727.2694550492,3,2.2913087230324964,0.7293462188404007,-3.027607967000504e-06,3.027607967000504e-06,True,-0.6597718053482954,-0.7514700393906053,1.6980786985884996e+19,9.792849756961955e+16,CONVERGED
S5,S5_tauq_1ps,Fast Relaxation Lag (tau_q=1ps),0.8984848484848484,488727.2694550492,4,2.291307873572454,0.7293459484488714,-2.669485490944989e-06,2.669485490944989e-06,True,-0.6597709307254441,0.7514703307216563,1.6980786985884996e+19,9.792849756961955e+16,CONVERGED
S5,S5_tauq_1ps,Fast Relaxation Lag (tau_q=1ps),0.9161616161616162,498342.4771171778,0,3.1415779294273745,0.9999953131535364,3.5866007375268554,3.5866007375268554,False,-0.02769230401915212,-4.077459821569642e-07,1.7837322645859348e+19,9.943808279959288e+16,CONVERGED
S5,S5_tauq_1ps,Fast Relaxation Lag (tau_q=1ps),0.9161616161616162,498342.4771171778,1,1.6706072554076258e-05,5.3177080532661625e-06,-4.076070515205683,4.076070515205683,False,58.91351464790207,0.0009842134502150487,1.7837322645859348e+19,9.943808279959288e+16,CONVERGED
S5,S5_tauq_1ps,Fast Relaxation Lag (tau_q=1ps),0.9161616161616162,498342.4771171778,2,3.1415806055673516,0.9999961649953479,-0.08651625961233761,0.08651625961233761,False,-1.0903690964733257,1.3136791344456705e-05,1.7837322645859348e+19,9.943808279959288e+16,CONVERGED
S5,S5_tauq_1ps,Fast Relaxation Lag (tau_q=1ps),0.9161616161616162,498342.4771171778,3,2.221508632810066,0.7071281600660806,1.1100838019581248e-05,1.1100838019581248e-05,True,-0.6057465831046599,0.7956436863492637,1.7837322645859348e+19,9.943808279959288e+16,CONVERGED
S5,S5_tauq_1ps,Fast Relaxation Lag (tau_q=1ps),0.9161616161616162,498342.4771171778,4,2.221467618141577,0.707115104691622,1.763211066917213e-05,1.763211066917213e-05,True,-0.6057099934631107,-0.7956633334641954,1.7837322645859348e+19,9.943808279959288e+16,CONVERGED
S5,S5_tauq_1ps,Fast Relaxation Lag (tau_q=1ps),0.9338383838383838,507957.6847793063,0,3.14133948823725,0.9999194149654463,3.973060217936841,3.973060217936841,False,-0.01881576399771194,-4.763499627615887e-06,1.897328887111083e+19,1.1748166058734091e+17,CONVERGED
S5,S5_tauq_1ps,Fast Relaxation Lag (tau_q=1ps),0.9338383838383838,507957.6847793063,1,1.5189239963766663e-05,4.834885244084851e-06,-4.095313211688705,4.095313211688705,False,60.058147118612695,-0.0009122376084339647,1.897328887111083e+19,1.1748166058734091e+17,CONVERGED
S5,S5_tauq_1ps,Fast Relaxation Lag (tau_q=1ps),0.9338383838383838,507957.6847793063,2,3.141482614713347,0.9999649735377627,-0.25335573475355905,0.25335573475355905,False,-1.288341495373436,0.00014176765120212486,1.897328887111083e+19,1.1748166058734091e+17,CONVERGED
S5,S5_tauq_1ps,Fast Relaxation Lag (tau_q=1ps),0.9338383838383838,507957.6847793063,3,2.151323210317112,0.6847874462205871,-3.2947996443556392e-06,3.2947996443556392e-06,True,-0.5484663861751163,0.8361765440724873,1.897328887111083e+19,1.1748166058734091e+17,CONVERGED
S5,S5_tauq_1ps,Fast Relaxation Lag (tau_q=1ps),0.9338383838383838,507957.6847793063,4,2.151336478808767,0.6847916697126556,4.2763979566679965e-06,4.2763979566679965e-06,True,-0.548473328312666,-0.8361629358984337,1.897328887111083e+19,1.1748166058734091e+17,CONVERGED
S5,S5_tauq_1ps,Fast Relaxation Lag (tau_q=1ps),0.9515151515151515,517572.89244143496,0,0.00010495626113575812,3.340861553639938e-05,4.114309126656466,4.114309126656466,False,0.01633722337362595,-1.7146938889317478e-06,1.980715608441065e+19,1.819443183181035e+17,CONVERGED
S5,S5_tauq_1ps,Fast Relaxation Lag (tau_q=1ps),0.9515151515151515,517572.89244143496,1,1.2353860113762228e-05,3.932355806742126e-06,-4.11439338731697,4.11439338731697,False,61.215069155529505,-0.0007562424012401644,1.980715608441065e+19,1.819443183181035e+17,CONVERGED
S5,S5_tauq_1ps,Fast Relaxation Lag (tau_q=1ps),0.9515151515151515,517572.89244143496,2,3.141537440690266,0.9999824251882357,-0.38734075485462355,0.38734075485462355,False,-1.4730583553027898,-8.133182305176099e-05,1.980715608441065e+19,1.819443183181035e+17,CONVERGED
S5,S5_tauq_1ps,Fast Relaxation Lag (tau_q=1ps),0.9515151515151515,517572.89244143496,3,2.080761638742794,0.6623270004038165,2.1649163158505962e-06,2.1649163158505962e-06,True,-0.488145915986056,0.872759551585015,1.980715608441065e+19,1.819443183181035e+17,CONVERGED
S5,S5_tauq_1ps,Fast Relaxation Lag (tau_q=1ps),0.9515151515151515,517572.89244143496,4,2.08076940612549,0.6623294728385185,1.2289058492404785e-05,1.2289058492404785e-05,True,-0.48814775292649804,-0.8727469240838751,1.980715608441065e+19,1.819443183181035e+17,CONVERGED
S5,S5_tauq_1ps,Fast Relaxation Lag (tau_q=1ps),0.9691919191919192,527188.1001035634,0,1.608954137311225e-05,5.121460083224752e-06,4.133346700070046,4.133346700070046,False,0.016029144215788365,2.5790157905776443e-07,2.0535465530081104e+19,8.524895358034718e+16,CONVERGED
S5,S5_tauq_1ps,Fast Relaxation Lag (tau_q=1ps),0.9691919191919192,527188.1001035634,1,3.665266575242594e-05,1.1666905863987224e-05,-4.133355516424216,4.133355516424216,False,62.38691237220854,0.00228664664752842,2.0535465530081104e+19,8.524895358034718e+16,CONVERGED
S5,S5_tauq_1ps,Fast Relaxation Lag (tau_q=1ps),0.9691919191919192,527188.1001035634,2,3.1415693815184675,0.9999925922696251,-0.49834389963848247,0.49834389963848247,False,-1.6459930820622224,3.830566841449534e-05,2.0535465530081104e+19,8.524895358034718e+16,CONVERGED
S5,S5_tauq_1ps,Fast Relaxation Lag (tau_q=1ps),0.9691919191919192,527188.1001035634,3,2.0097251406659766,0.6397153807860897,9.703946336356661e-06,9.703946336356661e-06,True,-0.424965939582994,-0.9051986204640406,2.0535465530081104e+19,8.524895358034718e+16,CONVERGED
S5,S5_tauq_1ps,Fast Relaxation Lag (tau_q=1ps),0.9691919191919192,527188.1001035634,4,2.0097154989853534,0.6397123117438279,2.3507235923683232e-05,2.3507235923683232e-05,True,-0.424951346160267,0.9051902231188164,2.0535465530081104e+19,8.524895358034718e+16,CONVERGED
S5,S5_tauq_1ps,Fast Relaxation Lag (tau_q=1ps),0.9868686868686869,536803.3077656921,0,2.36555686151815e-05,7.529801353511275e-06,4.152256430158194,4.152256430158194,False,0.015728885277585286,3.720757249936396e-07,2.2093981925461967e+19,4.261985431466671e+16,CONVERGED
S5,S5_tauq_1ps,Fast Relaxation Lag (tau_q=1ps),0.9868686868686869,536803.3077656921,1,2.4855482775206685e-06,7.91174589321921e-07,-4.152254913765578,4.152254913765578,False,63.57719988909305,0.00015802419967424788,2.2093981925461967e+19,4.261985431466671e+16,CONVERGED
S5,S5_tauq_1ps,Fast Relaxation Lag (tau_q=1ps),0.9868686868686869,536803.3077656921,2,3.1414264674945818,0.999947101322948,-0.5923430266706151,0.5923430266706151,False,-1.8082201390130206,0.0003005010469520409,2.2093981925461967e+19,4.261985431466671e+16,CONVERGED
S5,S5_tauq_1ps,Fast Relaxation Lag (tau_q=1ps),0.9868686868686869,536803.3077656921,3,1.9381293627917289,0.616925736879698,-9.137125129557268e-06,9.137125129557268e-06,True,-0.3591309468223332,-0.9332969717360754,2.2093981925461967e+19,4.261985431466671e+16,CONVERGED
S5,S5_tauq_1ps,Fast Relaxation Lag (tau_q=1ps),0.9868686868686869,536803.3077656921,4,1.9381206554958486,0.6169229652613374,-2.89800050532497e-06,2.89800050532497e-06,True,-0.35912057971080047,0.9332942758026463,2.2093981925461967e+19,4.261985431466671e+16,CONVERGED
S5,S5_tauq_1ps,Fast Relaxation Lag (tau_q=1ps),1.0045454545454544,546418.5154278205,0,2.797160929167297e-06,8.903639770009886e-07,4.1709975569915425,4.1709975569915425,False,0.015436853299597644,4.3179362919034416e-08,2.2262284376005386e+19,9.791963335317768e+16,CONVERGED
S5,S5_tauq_1ps,Fast Relaxation Lag (tau_q=1ps),1.0045454545454544,546418.5154278205,1,3.3778565158937804e-05,1.075205123119325e-05,-4.17102716704908,4.17102716704908,False,64.78195980184383,-0.002188241651122526,2.2262284376005386e+19,9.791963335317768e+16,CONVERGED
S5,S5_tauq_1ps,Fast Relaxation Lag (tau_q=1ps),1.0045454545454544,546418.5154278205,2,3.141579798503059,0.9999959080988048,-0.6731766930670947,0.6731766930670947,False,-1.9604552035459821,2.5201821682122667e-05,2.2262284376005386e+19,9.791963335317768e+16,CONVERGED
S5,S5_tauq_1ps,Fast Relaxation Lag (tau_q=1ps),1.0045454545454544,546418.5154278205,3,1.8658591182699906,0.5939214035715088,7.983893863355093e-07,7.983893863355093e-07,True,-0.29079969639684883,0.9567831205649495,2.2262284376005386e+19,9.791963335317768e+16,CONVERGED
S5,S5_tauq_1ps,Fast Relaxation Lag (tau_q=1ps),1.0045454545454544,546418.5154278205,4,1.865862074466797,0.5939223445581777,2.6515133745180538e-06,2.6515133745180538e-06,True,-0.2908019859421483,-0.9567804878651187,2.2262284376005386e+19,9.791963335317768e+16,CONVERGED
S5,S5_tauq_1ps,Fast Relaxation Lag (tau_q=1ps),1.0222222222222221,556033.7230899491,0,5.0761284942543624e-05,1.6157818832604028e-05,4.189690742281315,4.189690742281315,False,0.01515096968340612,-7.690826899157852e-07,2.31818700696352e+19,1.7800907116322253e+17,CONVERGED
S5,S5_tauq_1ps,Fast Relaxation Lag (tau_q=1ps),1.0222222222222221,556033.7230899491,1,3.497207769382126e-05,1.113195807033093e-05,-4.189701742952777,4.189701742952777,False,66.00310209367778,0.0023082656153943547,2.31818700696352e+19,1.7800907116322253e+17,CONVERGED
S5,S5_tauq_1ps,Fast Relaxation Lag (tau_q=1ps),1.0222222222222221,556033.7230899491,2,3.1415926484215357,0.9999999983548926,-0.743434048273511,0.743434048273511,False,-2.1031454307441733,1.086959707154064e-08,2.31818700696352e+19,1.7800907116322253e+17,CONVERGED
S5,S5_tauq_1ps,Fast Relaxation Lag (tau_q=1ps),1.0222222222222221,556033.7230899491,3,1.792821204223019,0.5706727134641157,-1.419628211532951e-05,1.419628211532951e-05,True,-0.22020837318121625,0.9754674086550434,2.31818700696352e+19,1.7800907116322253e+17,CONVERGED
S5,S5_tauq_1ps,Fast Relaxation Lag (tau_q=1ps),1.0222222222222221,556033.7230899491,4,1.7927949616159495,0.5706643601828463,6.055476627398793e-06,6.055476627398793e-06,True,-0.22017831525420634,-0.9754534323133534,2.31818700696352e+19,1.7800907116322253e+17,CONVERGED
S5,S5_tauq_1ps,Fast Relaxation Lag (tau_q=1ps),1.0398989898989899,565648.9307520777,0,1.817582184751793e-05,5.785543783580289e-06,4.208335856155216,4.208335856155216,False,0.014871095397104682,2.702943806449835e-07,2.526489414913348e+19,1.2007186748981838e+17,CONVERGED
S5,S5_tauq_1ps,Fast Relaxation Lag (tau_q=1ps),1.0398989898989899,565648.9307520777,1,6.102583620805489e-06,1.9425126977656604e-06,-4.208268229842666,4.208268229842666,False,67.23999470711152,-0.0004103376903677604,2.526489414913348e+19,1.2007186748981838e+17,CONVERGED
S5,S5_tauq_1ps,Fast Relaxation Lag (tau_q=1ps),1.0398989898989899,565648.9307520777,2,3.141554107983387,0.999987730552412,-0.8048254372457665,0.8048254372457665,False,-2.236306087333956,8.619977428971118e-05,2.526489414913348e+19,1.2007186748981838e+17,CONVERGED
S5,S5_tauq_1ps,Fast Relaxation Lag (tau_q=1ps),1.0398989898989899,565648.9307520777,3,1.7188605406171866,0.5471303030496656,-1.7347320692927338e-05,1.7347320692927338e-05,True,-0.1475263634560727,-0.9890756630959426,2.526489414913348e+19,1.2007186748981838e+17,CONVERGED
S5,S5_tauq_1ps,Fast Relaxation Lag (tau_q=1ps),1.0398989898989899,565648.9307520777,4,1.718853446111131,0.5471280447982505,-1.3232706830704557e-05,1.3232706830704557e-05,True,-0.14751873946517946,0.9890726400373625,2.526489414913348e+19,1.2007186748981838e+17,CONVERGED
S5,S5_tauq_1ps,Fast Relaxation Lag (tau_q=1ps),1.0575757575757576,575264.1384142063,0,2.2263986895364604e-05,7.086847134660914e-06,4.226744422248934,4.226744422248934,False,0.014599844186289065,-3.2505073969161246e-07,2.569000836078585e+19,8.200854226966901e+16,CONVERGED
S5,S5_tauq_1ps,Fast Relaxation Lag (tau_q=1ps),1.0575757575757576,575264.1384142063,1,8.963941181588735e-06,2.8533110972697044e-06,-4.226736363641806,4.226736363641806,False,68.49332968063003,0.0006139701786047781,2.569000836078585e+19,8.200854226966901e+16,CONVERGED
S5,S5_tauq_1ps,Fast Relaxation Lag (tau_q=1ps),1.0575757575757576,575264.1384142063,2,3.141592402178014,0.9999999199731453,-0.8588893758900475,0.8588893758900475,False,-2.360537567386898,5.934669496194242e-07,2.569000836078585e+19,8.200854226966901e+16,CONVERGED
S5,S5_tauq_1ps,Fast Relaxation Lag (tau_q=1ps),1.0575757575757576,575264.1384142063,3,1.6438136059702946,0.5232421218237711,-2.17932931090791e-05,2.17932931090791e-05,True,-0.07295400414199762,-0.9973571581012374,2.569000836078585e+19,8.200854226966901e+16,CONVERGED
S5,S5_tauq_1ps,Fast Relaxation Lag (tau_q=1ps),1.0575757575757576,575264.1384142063,4,1.6438294958535977,0.5232471797307167,-4.178736910110723e-06,4.178736910110723e-06,True,-0.07296856670140177,0.9973384309161495,2.569000836078585e+19,8.200854226966901e+16,CONVERGED
S5,S5_tauq_1ps,Fast Relaxation Lag (tau_q=1ps),1.0752525252525253,584879.3460763348,0,1.9861883438254547e-06,6.322233856626522e-07,4.245079076198077,4.245079076198077,False,0.014334600108487056,-2.8471215648913525e-08,2.712805483635688e+19,9.661077634952573e+16,CONVERGED
S5,S5_tauq_1ps,Fast Relaxation Lag (tau_q=1ps),1.0752525252525253,584879.3460763348,1,2.614588844978905e-05,8.32249477662644e-06,-4.245043298505424,4.245043298505424,False,69.75878050560691,-0.001823905293908529,2.712805483635688e+19,9.661077634952573e+16,CONVERGED
S5,S5_tauq_1ps,Fast Relaxation Lag (tau_q=1ps),1.0752525252525253,584879.3460763348,2,3.1415902164402754,0.9999992242312143,-0.9067997380030295,0.9067997380030295,False,-2.4763847586397456,6.0353199207243875e-06,2.712805483635688e+19,9.661077634952573e+16,CONVERGED
S5,S5_tauq_1ps,Fast Relaxation Lag (tau_q=1ps),1.0752525252525253,584879.3460763348,3,1.567542779523168,0.4989643637382425,-7.172486883865268e-06,7.172486883865268e-06,True,0.0032535648676906385,1.000001879694388,2.712805483635688e+19,9.661077634952573e+16,CONVERGED
S5,S5_tauq_1ps,Fast Relaxation Lag (tau_q=1ps),1.0752525252525253,584879.3460763348,4,1.5675414994941084,0.4989639562923382,5.012202379480694e-06,5.012202379480694e-06,True,0.0032548052401217037,-0.9999896908910282,2.712805483635688e+19,9.661077634952573e+16,CONVERGED
S5,S5_tauq_1ps,Fast Relaxation Lag (tau_q=1ps),1.0929292929292929,594494.5537384634,0,0.00013990414099360603,4.453287119631574e-05,4.263354179873284,4.263354179873284,False,0.01407501288280434,-1.9691525996901983e-06,2.8185829262015615e+19,8.627063683769536e+16,CONVERGED
S5,S5_tauq_1ps,Fast Relaxation Lag (tau_q=1ps),1.0929292929292929,594494.5537384634,1,3.209253218586958e-05,1.0215370267433785e-05,-4.263370985737112,4.263370985737112,False,71.04908564062914,0.002280145068481292,2.8185829262015615e+19,8.627063683769536e+16,CONVERGED
S5,S5_tauq_1ps,Fast Relaxation Lag (tau_q=1ps),1.0929292929292929,594494.5537384634,2,3.1415865801622362,0.9999980667679657,-0.9492209707285721,0.9492209707285721,False,-2.5836961001687464,-1.5691891093608383e-05,2.8185829262015615e+19,8.627063683769536e+16,CONVERGED
S5,S5_tauq_1ps,Fast Relaxation Lag (tau_q=1ps),1.0929292929292929,594494.5537384634,3,1.489717757328697,0.47419188978126947,-4.875668951455426e-06,4.875668951455426e-06,True,0.08099016204239172,-0.9967197926387308,2.8185829262015615e+19,8.627063683769536e+16,CONVERGED
S5,S5_tauq_1ps,Fast Relaxation Lag (tau_q=1ps),1.0929292929292929,594494.5537384634,4,1.489787157683386,0.47421398060027165,3.48142497201992e-05,3.48142497201992e-05,True,0.08091777745652991,0.9966858518189484,2.8185829262015615e+19,8.627063683769536e+16,CONVERGED
S5,S5_tauq_1ps,Fast Relaxation Lag (tau_q=1ps),1.1106060606060606,604109.761400592,0,8.569856044621623e-05,2.7278699021749794e-05,4.281633661652599,4.281633661652599,False,0.01382006627145217,1.1843597876341668e-06,2.8988922644025405e+19,2.249422101175809e+17,CONVERGED
S5,S5_tauq_1ps,Fast Relaxation Lag (tau_q=1ps),1.1106060606060606,604109.761400592,1,2.781549123778585e-06,8.853945850045841e-07,-4.281531500182601,4.281531500182601,False,72.35116101709015,0.00020124830853196946,2.8988922644025405e+19,2.249422101175809e+17,CONVERGED
S5,S5_tauq_1ps,Fast Relaxation Lag (tau_q=1ps),1.1106060606060606,604109.761400592,2,3.141586717635914,0.9999981105271963,-0.9869324428979185,0.9869324428979185,False,-2.6829916060781014,1.5926114432035994e-05,2.8988922644025405e+19,2.249422101175809e+17,CONVERGED
S5,S5_tauq_1ps,Fast Relaxation Lag (tau_q=1ps),1.1106060606060606,604109.761400592,3,1.410237615026525,0.4488925747311936,-2.734903658059324e-05,2.734903658059324e-05,True,0.15987412956416405,0.9871651139830808,2.8988922644025405e+19,2.249422101175809e+17,CONVERGED
S5,S5_tauq_1ps,Fast Relaxation Lag (tau_q=1ps),1.1106060606060606,604109.761400592,4,1.4103138306879242,0.44891683492969897,1.6406426454628543e-05,1.6406426454628543e-05,True,0.15979189973629543,-0.9871341025737548,2.8988922644025405e+19,2.249422101175809e+17,CONVERGED
S5,S5_tauq_1ps,Fast Relaxation Lag (tau_q=1ps),1.1282828282828283,613724.9690627207,0,9.016414928160074e-05,2.8700140095684642e-05,4.299190752329402,4.299190752329402,False,0.013579543725876818,-1.2243880109938998e-06,3.024470232446352e+19,6.653808279432067e+17,CONVERGED
S5,S5_tauq_1ps,Fast Relaxation Lag (tau_q=1ps),1.1282828282828283,613724.9690627207,1,2.7836415231385953e-05,8.8606061640672e-06,-4.299524978609026,4.299524978609026,False,73.66479300622831,0.0020505637665851045,3.024470232446352e+19,6.653808279432067e+17,CONVERGED
S5,S5_tauq_1ps,Fast Relaxation Lag (tau_q=1ps),1.1282828282828283,613724.9690627207,2,3.1415746948410437,0.9999942835527296,-1.0205918949707053,1.0205918949707053,False,-2.7748366894263174,4.9832594931538075e-05,3.024470232446352e+19,6.653808279432067e+17,CONVERGED
S5,S5_tauq_1ps,Fast Relaxation Lag (tau_q=1ps),1.1282828282828283,613724.9690627207,3,1.328625606622683,0.42291466562493607,2.1845941052448144e-05,2.1845941052448144e-05,True,0.23980532884672928,0.9707984926487492,3.024470232446352e+19,6.653808279432067e+17,CONVERGED
S5,S5_tauq_1ps,Fast Relaxation Lag (tau_q=1ps),1.1282828282828283,613724.9690627207,4,1.3286173065906044,0.42291202364266983,2.607226806484555e-05,2.607226806484555e-05,True,0.23981237296944824,-0.970792399328577,3.024470232446352e+19,6.653808279432067e+17,CONVERGED
S5,S5_tauq_1ps,Fast Relaxation Lag (tau_q=1ps),1.145959595959596,623340.1767248492,0,1.616179447443161e-05,5.144458959682143e-06,4.317593355555897,4.317593355555897,False,0.01333193017850096,-2.1546791551116513e-07,3.171182876833307e+19,4.9792945441049896e+16,CONVERGED
S5,S5_tauq_1ps,Fast Relaxation Lag (tau_q=1ps),1.145959595959596,623340.1767248492,1,2.9900601005297753e-05,9.517656902823265e-06,-4.317565652593495,4.317565652593495,False,75.00581562122679,-0.002242718966635596,3.171182876833307e+19,4.9792945441049896e+16,CONVERGED
S5,S5_tauq_1ps,Fast Relaxation Lag (tau_q=1ps),1.145959595959596,623340.1767248492,2,3.1415564720489786,0.9999884830578614,-1.050097149628192,1.050097149628192,False,-2.8579287494218875,0.00010340426573739803,3.171182876833307e+19,4.9792945441049896e+16,CONVERGED
S5,S5_tauq_1ps,Fast Relaxation Lag (tau_q=1ps),1.145959595959596,623340.1767248492,3,1.244474255534781,0.3961284586379338,-8.424753573716226e-06,8.424753573716226e-06,True,0.3205640688884878,-0.947235729576729,3.171182876833307e+19,4.9792945441049896e+16,CONVERGED
S5,S5_tauq_1ps,Fast Relaxation Lag (tau_q=1ps),1.145959595959596,623340.1767248492,4,1.2445073789284211,0.39613900214159337,2.0025331296798208e-05,2.0025331296798208e-05,True,0.3205235739980962,0.9472193983713121,3.171182876833307e+19,4.9792945441049896e+16,CONVERGED
S5,S5_tauq_1ps,Fast Relaxation Lag (tau_q=1ps),1.1636363636363636,632955.3843869776,0,0.0003007107089548336,9.571919154166009e-05,4.3356739785196705,4.3356739785196705,False,0.013093046074392375,3.937219286085718e-06,3.3248101201300648e+19,1.9499085043836014e+18,CONVERGED
S5,S5_tauq_1ps,Fast Relaxation Lag (tau_q=1ps),1.1636363636363636,632955.3843869776,1,2.95107995857819e-05,9.393579257342894e-06,-4.33556550809428,4.33556550809428,False,76.36813344520053,-0.0022536846814957957,3.3248101201300648e+19,1.9499085043836014e+18,CONVERGED
S5,S5_tauq_1ps,Fast Relaxation Lag (tau_q=1ps),1.1636363636363636,632955.3843869776,2,3.141587346538072,0.9999983107129706,-1.0764850718378758,1.0764850718378758,False,-2.934347382993508,1.5572733330431376e-05,3.3248101201300648e+19,1.9499085043836014e+18,CONVERGED
S5,S5_tauq_1ps,Fast Relaxation Lag (tau_q=1ps),1.1636363636363636,632955.3843869776,3,1.157156430350276,0.36833433164163787,-4.437596824221081e-05,4.437596824221081e-05,True,0.4019627419716043,0.9157044883267328,3.3248101201300648e+19,1.9499085043836014e+18,CONVERGED
S5,S5_tauq_1ps,Fast Relaxation Lag (tau_q=1ps),1.1636363636363636,632955.3843869776,4,1.1572298936512737,0.36835771573661713,-6.907833260972811e-06,6.907833260972811e-06,True,0.4018804122209192,-0.9156997051627257,3.3248101201300648e+19,1.9499085043836014e+18,CONVERGED
S5,S5_tauq_1ps,Fast Relaxation Lag (tau_q=1ps),1.1813131313131313,642570.5920491063,0,2.851418001302511e-05,9.076345394570142e-06,4.353389126807795,4.353389126807795,False,0.012863143792051782,-3.6678199771939604e-07,3.4239230622911435e+19,4.7256920982553464e+16,CONVERGED
S5,S5_tauq_1ps,Fast Relaxation Lag (tau_q=1ps),1.1813131313131313,642570.5920491063,1,1.2353638558559389e-05,3.932285283530727e-06,-4.3533167882338395,4.3533167882338395,False,77.73586921864904,-0.0009603208314114851,3.4239230622911435e+19,4.7256920982553464e+16,CONVERGED
S5,S5_tauq_1ps,Fast Relaxation Lag (tau_q=1ps),1.1813131313131313,642570.5920491063,2,3.141584007643233,0.9999972479097345,-1.0998095287183307,1.0998095287183307,False,-3.003593870972316,2.5968912097256097e-05,3.4239230622911435e+19,4.7256920982553464e+16,CONVERGED
S5,S5_tauq_1ps,Fast Relaxation Lag (tau_q=1ps),1.1813131313131313,642570.5920491063,3,1.065950558473631,0.33930260094528963,-5.636477424383454e-05,5.636477424383454e-05,True,0.4836997177989118,-0.875298417057837,3.4239230622911435e+19,4.7256920982553464e+16,CONVERGED
S5,S5_tauq_1ps,Fast Relaxation Lag (tau_q=1ps),1.1813131313131313,642570.5920491063,4,1.0660506652739024,0.3393344659294902,4.586474656596591e-05,4.586474656596591e-05,True,0.483562655146147,0.8752573525894529,3.4239230622911435e+19,4.7256920982553464e+16,CONVERGED
S5,S5_tauq_1ps,Fast Relaxation Lag (tau_q=1ps),1.198989898989899,652185.7997112349,0,3.354317467100314e-05,1.067712411177002e-05,4.371055927610949,4.371055927610949,False,0.012637888817145082,-4.2391491222520326e-07,3.523862464490875e+19,1.4394457563094034e+17,CONVERGED
S5,S5_tauq_1ps,Fast Relaxation Lag (tau_q=1ps),1.198989898989899,652185.7997112349,1,4.540057448971734e-05,1.4451451698500638e-05,-4.371006657764199,4.371006657764199,False,79.12324156684419,0.003592240625091532,3.523862464490875e+19,1.4394457563094034e+17,CONVERGED
S5,S5_tauq_1ps,Fast Relaxation Lag (tau_q=1ps),1.198989898989899,652185.7997112349,2,3.1415840179838472,0.9999972512012543,-1.1203036177132146,1.1203036177132146,False,-3.0657848884823506,-2.647491021326899e-05,3.523862464490875e+19,1.4394457563094034e+17,CONVERGED
S5,S5_tauq_1ps,Fast Relaxation Lag (tau_q=1ps),1.198989898989899,652185.7997112349,3,0.9696027662041409,0.3086341461539287,-6.17383247000391e-05,6.17383247000391e-05,True,0.565662080985369,-0.824712006950461,3.523862464490875e+19,1.4394457563094034e+17,CONVERGED
S5,S5_tauq_1ps,Fast Relaxation Lag (tau_q=1ps),1.198989898989899,652185.7997112349,4,0.9696266540092771,0.30864174987846277,4.9903578071264345e-06,4.9903578071264345e-06,True,0.5656046369527538,0.8246704881294932,3.523862464490875e+19,1.4394457563094034e+17,CONVERGED
S5,S5_tauq_1ps,Fast Relaxation Lag (tau_q=1ps),1.2166666666666666,661801.0073733634,0,0.0007562004167218311,0.00024070606857886116,4.389834856617224,4.389834856617224,False,0.012402773741727347,9.378984459757457e-06,3.6662531731991e+19,1.7495643440245014e+17,CONVERGED
S5,S5_tauq_1ps,Fast Relaxation Lag (tau_q=1ps),1.2166666666666666,661801.0073733634,1,2.3511991766879e-05,7.484099423269478e-06,-4.388607555334227,4.388607555334227,False,80.5282097776311,-0.0018933786056420626,3.6662531731991e+19,1.7495643440245014e+17,CONVERGED
S5,S5_tauq_1ps,Fast Relaxation Lag (tau_q=1ps),1.2166666666666666,661801.0073733634,2,3.1415770594257206,0.9999950362234089,-1.1382013852772408,1.1382013852772408,False,-3.1211495677306904,-4.867171845812892e-05,3.6662531731991e+19,1.7495643440245014e+17,CONVERGED
S5,S5_tauq_1ps,Fast Relaxation Lag (tau_q=1ps),1.2166666666666666,661801.0073733634,3,0.8664569586357782,0.275801815886508,-8.086260568840835e-05,8.086260568840835e-05,True,0.6475829064426725,0.7621011203067902,3.6662531731991e+19,1.7495643440245014e+17,CONVERGED
S5,S5_tauq_1ps,Fast Relaxation Lag (tau_q=1ps),1.2166666666666666,661801.0073733634,4,0.8664920304620014,0.27581297959552137,6.431204355914693e-06,6.431204355914693e-06,True,0.6474996525875579,-0.7620573059639284,3.6662531731991e+19,1.7495643440245014e+17,CONVERGED
S5,S5_tauq_1ps,Fast Relaxation Lag (tau_q=1ps),1.2343434343434343,671416.215035492,0,3.8217312784209025e-05,1.2164948482591903e-05,4.367340116736836,4.367340116736836,False,0.012684936175123545,-4.847841736884439e-07,3.863546648867803e+19,2.3802490190499782e+17,CONVERGED
S5,S5_tauq_1ps,Fast Relaxation Lag (tau_q=1ps),1.2343434343434343,671416.215035492,1,5.057203607728142e-05,1.6097579047842006e-05,-4.406251181603554,4.406251181603554,False,81.96162749211564,0.004144966386017599,3.863546648867803e+19,2.3802490190499782e+17,CONVERGED
S5,S5_tauq_1ps,Fast Relaxation Lag (tau_q=1ps),1.2343434343434343,671416.215035492,2,3.1415785411170383,0.9999955078604036,-1.1535675425061072,1.1535675425061072,False,-3.1694800184714342,-4.472920041145369e-05,3.863546648867803e+19,2.3802490190499782e+17,CONVERGED
S5,S5_tauq_1ps,Fast Relaxation Lag (tau_q=1ps),1.2343434343434343,671416.215035492,3,0.7535630731291619,0.23986657604005107,-0.00021580917749690343,0.00021580917749690343,True,0.7294128977067152,0.6843891701179174,3.863546648867803e+19,2.3802490190499782e+17,CONVERGED
S5,S5_tauq_1ps,Fast Relaxation Lag (tau_q=1ps),1.2343434343434343,671416.215035492,4,0.7536928706207512,0.23990789186482578,9.248545174989085e-05,9.248545174989085e-05,True,0.7290992475304688,-0.6842728501504843,3.863546648867803e+19,2.3802490190499782e+17,CONVERGED
S5,S5_tauq_1ps,Fast Relaxation Lag (tau_q=1ps),1.252020202020202,681031.4226976206,0,0.0003387868779987467,0.00010783921257634285,4.423574596530875,4.423574596530875,False,0.011991290865205994,4.062492150824306e-06,3.9921605845264564e+19,1.1629993995965997e+17,CONVERGED
S5,S5_tauq_1ps,Fast Relaxation Lag (tau_q=1ps),1.252020202020202,681031.4226976206,1,3.4948398007341004e-05,1.1124420592022533e-05,4.325829622086249,4.325829622086249,False,0.013222575795913582,-4.6210784178595965e-07,3.9921605845264564e+19,1.1629993995965997e+17,CONVERGED
S5,S5_tauq_1ps,Fast Relaxation Lag (tau_q=1ps),1.252020202020202,681031.4226976206,2,3.1415823126458364,0.9999967083753061,-1.1669677734693065,1.1669677734693065,False,-3.2122376239774972,3.3217569247149625e-05,3.9921605845264564e+19,1.1629993995965997e+17,CONVERGED
S5,S5_tauq_1ps,Fast Relaxation Lag (tau_q=1ps),1.252020202020202,681031.4226976206,3,0.6255826775060654,0.19912915087550673,-6.748715819250888e-05,6.748715819250888e-05,True,0.8106767672635753,0.5856092233263637,3.9921605845264564e+19,1.1629993995965997e+17,CONVERGED
S5,S5_tauq_1ps,Fast Relaxation Lag (tau_q=1ps),1.252020202020202,681031.4226976206,4,0.6256360532691922,0.1991461409085926,8.868319108354871e-05,8.868319108354871e-05,True,0.8105189198623338,-0.585561038570289,3.9921605845264564e+19,1.1629993995965997e+17,CONVERGED
S5,S5_tauq_1ps,Fast Relaxation Lag (tau_q=1ps),1.2696969696969698,690646.6303597492,0,5.145868488821365e-05,1.6379808129934838e-05,-4.440871116304196,4.440871116304196,False,84.84882257017125,-0.004366208827628294,4.204249514751779e+19,4.672618408247482e+17,CONVERGED
S5,S5_tauq_1ps,Fast Relaxation Lag (tau_q=1ps),1.2696969696969698,690646.6303597492,1,5.7772900631849306e-05,1.8389685424631403e-05,4.287372983955557,4.287372983955557,False,0.01374097566482169,7.938560225516229e-07,4.204249514751779e+19,4.672618408247482e+17,CONVERGED
S5,S5_tauq_1ps,Fast Relaxation Lag (tau_q=1ps),1.2696969696969698,690646.6303597492,2,3.1415728155289773,0.9999936853491196,-1.177794154930267,1.177794154930267,False,-3.2472034686314792,6.441821990078602e-05,4.204249514751779e+19,4.672618408247482e+17,CONVERGED
S5,S5_tauq_1ps,Fast Relaxation Lag (tau_q=1ps),1.2696969696969698,690646.6303597492,3,0.4708208245136997,0.14986692306391425,-4.2891436388839107e-05,4.2891436388839107e-05,True,0.8912344732307166,0.45363741057963974,4.204249514751779e+19,4.672618408247482e+17,CONVERGED
S5,S5_tauq_1ps,Fast Relaxation Lag (tau_q=1ps),1.2696969696969698,690646.6303597492,4,0.47082201780413596,0.14986730290005718,-4.209445529705293e-05,4.209445529705293e-05,True,0.8912332216125894,-0.45363811253974784,4.204249514751779e+19,4.672618408247482e+17,CONVERGED
S5,S5_tauq_1ps,Fast Relaxation Lag (tau_q=1ps),1.2873737373737373,700261.8380218776,0,1.9673007553397685e-05,6.262112795214872e-06,-4.458124684685825,4.458124684685825,False,86.32546971427115,0.001698281617958553,4.259301464903982e+19,1.0419207257923813e+17,CONVERGED
S5,S5_tauq_1ps,Fast Relaxation Lag (tau_q=1ps),1.2873737373737373,700261.8380218776,1,8.882195315751869e-05,2.827290580019176e-05,4.252380690194591,4.252380690194591,False,0.014230315521604047,1.2639644220005739e-06,4.259301464903982e+19,1.0419207257923813e+17,CONVERGED
S5,S5_tauq_1ps,Fast Relaxation Lag (tau_q=1ps),1.2873737373737373,700261.8380218776,2,3.1415785746375287,0.9999955185303071,-1.187055597695752,1.187055597695752,False,-3.277416952286064,4.6142596825721487e-05,4.259301464903982e+19,1.0419207257923813e+17,CONVERGED
S5,S5_tauq_1ps,Fast Relaxation Lag (tau_q=1ps),1.2873737373737373,700261.8380218776,3,0.24134711402299092,0.07682317239544459,-0.0002832516857297721,0.0002832516857297721,True,0.9712919621814636,0.239078623190117,4.259301464903982e+19,1.0419207257923813e+17,CONVERGED
S5,S5_tauq_1ps,Fast Relaxation Lag (tau_q=1ps),1.2873737373737373,700261.8380218776,4,0.24139714743784677,0.07683909852603274,0.0001768165894938524,0.0001768165894938524,True,0.9708332467080417,-0.23901723040019,4.259301464903982e+19,1.0419207257923813e+17,CONVERGED
S5,S5_tauq_1ps,Fast Relaxation Lag (tau_q=1ps),1.305050505050505,709877.0456840061,0,0.00018013696425337163,5.7339376588984295e-05,4.219191483625795,4.219191483625795,False,0.0147105331665268,-2.6499108158292827e-06,4.399742494993479e+19,1.7191724050237757e+17,CONVERGED
S5,S5_tauq_1ps,Fast Relaxation Lag (tau_q=1ps),1.305050505050505,709877.0456840061,1,9.974479288049824e-05,3.174975366921717e-05,4.475392214787839,4.475392214787839,False,0.011385755530299089,-1.1356698309239387e-06,4.399742494993479e+19,1.7191724050237757e+17,CONVERGED
S5,S5_tauq_1ps,Fast Relaxation Lag (tau_q=1ps),1.305050505050505,709877.0456840061,2,3.14153480553533,0.9999815863923679,-1.1943034615215284,1.1943034615215284,False,-3.3012575110756806,-0.0001909713245111774,4.399742494993479e+19,1.7191724050237757e+17,CONVERGED
S5,S5_tauq_1ps,Fast Relaxation Lag (tau_q=1ps),1.305050505050505,709877.0456840061,3,0.00010312615175695827,3.282607362832971e-05,-0.3148410572150861,0.3148410572150861,False,1.3700415281482434,0.00014128711104601372,4.399742494993479e+19,1.7191724050237757e+17,CONVERGED
S5,S5_tauq_1ps,Fast Relaxation Lag (tau_q=1ps),1.305050505050505,709877.0456840061,4,0.00012786147295944827,4.0699570905013806e-05,0.3148093228951631,0.3148093228951631,False,0.7299280355996968,-9.332967429477564e-05,4.399742494993479e+19,1.7191724050237757e+17,CONVERGED
S5,S5_tauq_1ps,Fast Relaxation Lag (tau_q=1ps),1.3227272727272728,719492.2533461349,0,0.0004429119754465682,0.00014098326049383501,4.186627128822386,4.186627128822386,False,0.015197456101073996,6.7311357436404395e-06,4.574549816107925e+19,6.344422495876345e+16,CONVERGED
S5,S5_tauq_1ps,Fast Relaxation Lag (tau_q=1ps),1.3227272727272728,719492.2533461349,1,3.8717890342229944e-05,1.2324287268111702e-05,-4.492517221906024,4.492517221906024,False,89.34606685945619,-0.0034592912209025486,4.574549816107925e+19,6.344422495876345e+16,CONVERGED
S5,S5_tauq_1ps,Fast Relaxation Lag (tau_q=1ps),1.3227272727272728,719492.2533461349,2,3.1414512745056573,0.99995499763982,-1.1993674354098827,1.1993674354098827,False,-3.3180173652882026,0.0004690982593763282,4.574549816107925e+19,6.344422495876345e+16,CONVERGED
S5,S5_tauq_1ps,Fast Relaxation Lag (tau_q=1ps),1.3227272727272728,719492.2533461349,3,4.4213570968840945e-05,1.4073616742870713e-05,-0.5000370692117584,0.5000370692117584,False,1.6487823870192793,-7.289855712815355e-05,4.574549816107925e+19,6.344422495876345e+16,CONVERGED
S5,S5_tauq_1ps,Fast Relaxation Lag (tau_q=1ps),1.3227272727272728,719492.2533461349,4,8.272367383590766e-05,2.633176320341279e-05,0.4999759218010155,0.4999759218010155,False,0.6065452619790135,5.0175652533121185e-05,4.574549816107925e+19,6.344422495876345e+16,CONVERGED
S5,S5_tauq_1ps,Fast Relaxation Lag (tau_q=1ps),1.3404040404040405,729107.4610082634,0,3.688364702028595e-05,1.174042948507033e-05,4.1573366359839765,4.1573366359839765,False,0.015649181922825165,5.771989024594642e-07,4.714732521836871e+19,1.795321981210124e+17,CONVERGED
S5,S5_tauq_1ps,Fast Relaxation Lag (tau_q=1ps),1.3404040404040405,729107.4610082634,1,8.316898878717598e-05,2.647351135486695e-05,-4.509296179046376,4.509296179046376,False,90.85784802969727,0.0075565553614319325,4.714732521836871e+19,1.795321981210124e+17,CONVERGED
S5,S5_tauq_1ps,Fast Relaxation Lag (tau_q=1ps),1.3404040404040405,729107.4610082634,2,3.141579899476179,0.9999959402395471,-1.2032950990461857,1.2032950990461857,False,-3.3310750807644216,4.2484910039630426e-05,4.714732521836871e+19,1.795321981210124e+17,CONVERGED
S5,S5_tauq_1ps,Fast Relaxation Lag (tau_q=1ps),1.3404040404040405,729107.4610082634,3,5.785632225310645e-05,1.841623935139903e-05,-0.6283192722335581,0.6283192722335581,False,1.8744574743870468,-0.00010844921580888699,4.714732521836871e+19,1.795321981210124e+17,CONVERGED
S5,S5_tauq_1ps,Fast Relaxation Lag (tau_q=1ps),1.3404040404040405,729107.4610082634,4,0.00011143710157535384,3.54715311191024e-05,0.6283158499297953,0.6283158499297953,False,0.533489517949083,5.9450525847168565e-05,4.714732521836871e+19,1.795321981210124e+17,CONVERGED
S5,S5_tauq_1ps,Fast Relaxation Lag (tau_q=1ps),1.358080808080808,738722.6686703919,0,0.00016839410641594026,5.360150884727908e-05,4.525703203461301,4.525703203461301,False,0.01082709795246136,1.8232195020160074e-06,5.0744697983123096e+19,9.300920591442238e+16,CONVERGED
S5,S5_tauq_1ps,Fast Relaxation Lag (tau_q=1ps),1.358080808080808,738722.6686703919,1,0.0001440304044512947,4.5846301647896956e-05,4.128179891855279,4.128179891855279,False,0.016112177890001557,-2.320643514135195e-06,5.0744697983123096e+19,9.300920591442238e+16,CONVERGED
S5,S5_tauq_1ps,Fast Relaxation Lag (tau_q=1ps),1.358080808080808,738722.6686703919,2,3.141547186242582,0.9999855272938841,-1.2052454263664918,1.2052454263664918,False,-3.3375781037755137,-0.00015175082259352655,5.0744697983123096e+19,9.300920591442238e+16,CONVERGED
S5,S5_tauq_1ps,Fast Relaxation Lag (tau_q=1ps),1.358080808080808,738722.6686703919,3,9.617073675262756e-06,3.0612096269940173e-06,-0.730400043962166,0.730400043962166,False,2.0759108971113163,1.9964188041415813e-05,5.0744697983123096e+19,9.300920591442238e+16,CONVERGED
S5,S5_tauq_1ps,Fast Relaxation Lag (tau_q=1ps),1.358080808080808,738722.6686703919,4,1.3739272285215105e-05,4.3733461973549296e-06,0.7304642918313877,0.7304642918313877,False,0.4816852955709448,-6.61800543204995e-06,5.0744697983123096e+19,9.300920591442238e+16,CONVERGED
S5,S5_tauq_1ps,Fast Relaxation Lag (tau_q=1ps),1.3757575757575757,748337.8763325205,0,2.10897090504022e-05,6.713062887482785e-06,-4.543100075962179,4.543100075962179,False,93.9816993678441,-0.001982046696024056,5.028632929098716e+19,1.3750465151602774e+17,CONVERGED
S5,S5_tauq_1ps,Fast Relaxation Lag (tau_q=1ps),1.3757575757575757,748337.8763325205,1,0.00012711571143106227,4.046218763779301e-05,4.100067739891623,4.100067739891623,False,0.016571552674663315,-2.106504719103068e-06,5.028632929098716e+19,1.3750465151602774e+17,CONVERGED
S5,S5_tauq_1ps,Fast Relaxation Lag (tau_q=1ps),1.3757575757575757,748337.8763325205,2,3.141521320281819,0.9999772939028576,-1.2055072965951563,1.2055072965951563,False,-3.33845222552263,0.0002381428411649397,5.028632929098716e+19,1.3750465151602774e+17,CONVERGED
S5,S5_tauq_1ps,Fast Relaxation Lag (tau_q=1ps),1.3757575757575757,748337.8763325205,3,5.591142323501421e-06,1.7797158766311123e-06,-0.816031208203007,0.816031208203007,False,2.2615065544055275,-1.264440501134437e-05,5.028632929098716e+19,1.3750465151602774e+17,CONVERGED
S5,S5_tauq_1ps,Fast Relaxation Lag (tau_q=1ps),1.3757575757575757,748337.8763325205,4,3.918684095167228e-06,1.2473558883229112e-06,0.816033446287287,0.816033446287287,False,0.44218211967896826,-1.7327720395621741e-06,5.028632929098716e+19,1.3750465151602774e+17,CONVERGED
S5,S5_tauq_1ps,Fast Relaxation Lag (tau_q=1ps),1.3934343434343435,757953.0839946492,0,0.00017332885880336256,5.517228931806466e-05,4.072369293531597,4.072369293531597,False,0.017036974800007355,-2.9529994291191368e-06,5.12887148236993e+19,1.24681932480297e+17,CONVERGED
S5,S5_tauq_1ps,Fast Relaxation Lag (tau_q=1ps),1.3934343434343435,757953.0839946492,1,0.00010399207413709539,3.310170528259516e-05,4.559488816720657,4.559488816720657,False,0.010467408283571662,1.088527502172337e-06,5.12887148236993e+19,1.24681932480297e+17,CONVERGED
S5,S5_tauq_1ps,Fast Relaxation Lag (tau_q=1ps),1.3934343434343435,757953.0839946492,2,3.1415363760733226,0.9999820863101375,-1.2043384904657346,1.2043384904657346,False,-3.3345525047565583,-0.00018766033370620853,5.12887148236993e+19,1.24681932480297e+17,CONVERGED
S5,S5_tauq_1ps,Fast Relaxation Lag (tau_q=1ps),1.3934343434343435,757953.0839946492,3,1.86005935472597e-05,5.9207528149791865e-06,-0.89017406715818,0.89017406715818,False,2.4355535638603403,4.5302741909170655e-05,5.12887148236993e+19,1.24681932480297e+17,CONVERGED
S5,S5_tauq_1ps,Fast Relaxation Lag (tau_q=1ps),1.3934343434343435,757953.0839946492,4,3.666560289807177e-05,1.167102388534529e-05,0.8902231382824191,0.8902231382824191,False,0.4105641296796934,-1.5053581349773923e-05,5.12887148236993e+19,1.24681932480297e+17,CONVERGED
S5,S5_tauq_1ps,Fast Relaxation Lag (tau_q=1ps),1.4111111111111112,767568.2916567777,0,0.0005515875900833631,0.0001755757830198267,4.044578219899377,4.044578219899377,False,0.017517088793701986,-9.662209772899851e-06,5.2749918044481946e+19,9.63500204336549e+16,CONVERGED
S5,S5_tauq_1ps,Fast Relaxation Lag (tau_q=1ps),1.4111111111111112,767568.2916567777,1,0.00022794281801500005,7.255645245876718e-05,4.576348716849056,4.576348716849056,False,0.010292408000819575,-2.3460805244994415e-06,5.2749918044481946e+19,9.63500204336549e+16,CONVERGED
S5,S5_tauq_1ps,Fast Relaxation Lag (tau_q=1ps),1.4111111111111112,767568.2916567777,2,3.1414078198843467,0.9999411656042564,-1.2013207896377618,1.2013207896377618,False,-3.3245049391988237,-0.0006144805736854507,5.2749918044481946e+19,9.63500204336549e+16,CONVERGED
S5,S5_tauq_1ps,Fast Relaxation Lag (tau_q=1ps),1.4111111111111112,767568.2916567777,3,2.0798552949842453e-07,6.620385022251896e-08,-0.9554110013619765,0.9554110013619765,False,2.599738859584918,5.407080632684073e-07,5.2749918044481946e+19,9.63500204336549e+16,CONVERGED
S5,S5_tauq_1ps,Fast Relaxation Lag (tau_q=1ps),1.4111111111111112,767568.2916567777,4,1.0372156153451724e-05,3.3015598446857226e-06,0.955385892349547,0.955385892349547,False,0.3846636771177535,-3.9897917257693506e-06,5.2749918044481946e+19,9.63500204336549e+16,CONVERGED
S5,S5_tauq_1ps,Fast Relaxation Lag (tau_q=1ps),1.4287878787878787,777183.4993189061,0,9.142874672940057e-05,2.910267396536212e-05,4.0185253690593505,4.0185253690593505,False,0.01797945839121825,-1.6438393521628917e-06,5.521082931700474e+19,6.356644607584398e+16,CONVERGED
S5,S5_tauq_1ps,Fast Relaxation Lag (tau_q=1ps),1.4287878787878787,777183.4993189061,1,0.00021283316467085147,6.774690042251472e-05,-4.592745365356385,4.592745365356385,False,98.7652026390688,-0.02102051095442634,5.521082931700474e+19,6.356644607584398e+16,CONVERGED
S5,S5_tauq_1ps,Fast Relaxation Lag (tau_q=1ps),1.4287878787878787,777183.4993189061,2,3.1415629727465024,0.9999905522941503,-1.1972614469558054,1.1972614469558054,False,-3.311037043510398,-9.827437164749144e-05,5.521082931700474e+19,6.356644607584398e+16,CONVERGED
S5,S5_tauq_1ps,Fast Relaxation Lag (tau_q=1ps),1.4287878787878787,777183.4993189061,3,4.122759246913034e-06,1.3123150266480586e-06,-1.0136029526095478,1.0136029526095478,False,2.7555111274476123,1.1360308980720768e-05,5.521082931700474e+19,6.356644607584398e+16,CONVERGED
S5,S5_tauq_1ps,Fast Relaxation Lag (tau_q=1ps),1.4287878787878787,777183.4993189061,4,2.815780086221468e-05,8.962906387637398e-06,1.0136528070647937,1.0136528070647937,False,0.3628909846968378,-1.0218212084487097e-05,5.521082931700474e+19,6.356644607584398e+16,CONVERGED
S5,S5_tauq_1ps,Fast Relaxation Lag (tau_q=1ps),1.4464646464646465,786798.7069810347,0,5.397543345042091e-05,1.7180914078324247e-05,3.9914849866481585,3.9914849866481585,False,0.018472262652004738,-9.97048384420227e-07,5.680176510311981e+19,8.820134368557579e+16,CONVERGED
S5,S5_tauq_1ps,Fast Relaxation Lag (tau_q=1ps),1.4464646464646465,786798.7069810347,1,9.061329635075402e-05,2.8843108048146607e-05,4.609412138863458,4.609412138863458,False,0.009957670274104713,-9.022973299800628e-07,5.680176510311981e+19,8.820134368557579e+16,CONVERGED
S5,S5_tauq_1ps,Fast Relaxation Lag (tau_q=1ps),1.4464646464646465,786798.7069810347,2,3.141574632574857,0.9999942637327867,-1.1913142840689646,1.1913142840689646,False,-3.2914042055147847,-5.931444435578434e-05,5.680176510311981e+19,8.820134368557579e+16,CONVERGED
S5,S5_tauq_1ps,Fast Relaxation Lag (tau_q=1ps),1.4464646464646465,786798.7069810347,3,2.1144844355978913e-05,6.7306130003256165e-06,-1.065842645028282,1.065842645028282,False,2.9032843911189903,-6.138949658050323e-05,5.680176510311981e+19,8.820134368557579e+16,CONVERGED
S5,S5_tauq_1ps,Fast Relaxation Lag (tau_q=1ps),1.4464646464646465,786798.7069810347,4,6.350537140131337e-05,2.0214387542811417e-05,1.0658449895541444,1.0658449895541444,False,0.3444366856708281,2.1873579677168258e-05,5.680176510311981e+19,8.820134368557579e+16,CONVERGED
S5,S5_tauq_1ps,Fast Relaxation Lag (tau_q=1ps),1.4641414141414142,796413.9146431634,0,0.00017366881339547882,5.528050022558885e-05,3.963923117813845,3.963923117813845,False,0.018988473669140166,-3.297705723464743e-06,6.441762570968877e+19,4.352004340746014e+16,CONVERGED
S5,S5_tauq_1ps,Fast Relaxation Lag (tau_q=1ps),1.4641414141414142,796413.9146431634,1,0.00024850770514024754,7.91024593389872e-05,4.625712843804561,4.625712843804561,False,0.009796668748819263,-2.4345477189042964e-06,6.441762570968877e+19,4.352004340746014e+16,CONVERGED
S5,S5_tauq_1ps,Fast Relaxation Lag (tau_q=1ps),1.4641414141414142,796413.9146431634,2,3.1415348316296967,0.9999815946984628,-1.1836852565811866,1.1836852565811866,False,-3.266389527566894,-0.00018886904513365008,6.441762570968877e+19,4.352004340746014e+16,CONVERGED
S5,S5_tauq_1ps,Fast Relaxation Lag (tau_q=1ps),1.4641414141414142,796413.9146431634,3,1.2193896213512819e-05,3.881437715860222e-06,-1.113008384498105,1.113008384498105,False,3.043500655788851,-3.711213112428687e-05,6.441762570968877e+19,4.352004340746014e+16,CONVERGED
S5,S5_tauq_1ps,Fast Relaxation Lag (tau_q=1ps),1.4641414141414142,796413.9146431634,4,2.1185277647533844e-05,6.743483316758503e-06,1.1129450447283975,1.1129450447283975,False,0.3285898228984387,6.96126663129884e-06,6.441762570968877e+19,4.352004340746014e+16,CONVERGED
S5,S5_tauq_1ps,Fast Relaxation Lag (tau_q=1ps),1.4818181818181817,806029.1223052919,0,0.0003359506416430242,0.00010693641050476249,3.937459824227419,3.937459824227419,False,0.019497678326915537,-6.550257790903448e-06,6.1461160244354466e+19,1.8034164339609437e+17,CONVERGED
S5,S5_tauq_1ps,Fast Relaxation Lag (tau_q=1ps),1.4818181818181817,806029.1223052919,1,0.0012479443817802161,0.00039723303412816165,-4.641490540563428,4.641490540563428,False,103.69871896501503,0.12941030090990188,6.1461160244354466e+19,1.8034164339609437e+17,CONVERGED
S5,S5_tauq_1ps,Fast Relaxation Lag (tau_q=1ps),1.4818181818181817,806029.1223052919,2,3.14147694545749,0.9999631689575761,-1.1749729405336857,1.1749729405336857,False,-3.238055300927404,-0.0003746693328370972,6.1461160244354466e+19,1.8034164339609437e+17,CONVERGED
S5,S5_tauq_1ps,Fast Relaxation Lag (tau_q=1ps),1.4818181818181817,806029.1223052919,3,1.0777869341773761e-05,3.430702363483773e-06,-1.15579527926035,1.15579527926035,False,3.1765486563409344,3.423642637715526e-05,6.1461160244354466e+19,1.8034164339609437e+17,CONVERGED
S5,S5_tauq_1ps,Fast Relaxation Lag (tau_q=1ps),1.4818181818181817,806029.1223052919,4,4.3795186912067404e-05,1.3940440961378015e-05,1.1558002820128876,1.1558002820128876,False,0.31480550258430007,-1.378696583544129e-05,6.1461160244354466e+19,1.8034164339609437e+17,CONVERGED
S5,S5_tauq_1ps,Fast Relaxation Lag (tau_q=1ps),1.4994949494949494,815644.3299674204,0,0.00023123122001737108,7.360318332586845e-05,3.9103322612121136,3.9103322612121136,False,0.020033842951014586,4.632450029761936e-06,6.243521305498353e+19,8.1697711986611e+16,CONVERGED
S5,S5_tauq_1ps,Fast Relaxation Lag (tau_q=1ps),1.4994949494949494,815644.3299674204,1,0.00035557140755299293,0.00011318189426840343,-4.65795930801314,4.65795930801314,False,105.42072459321523,0.03748459700860465,6.243521305498353e+19,8.1697711986611e+16,CONVERGED
S5,S5_tauq_1ps,Fast Relaxation Lag (tau_q=1ps),1.4994949494949494,815644.3299674204,2,3.1415120272864243,0.9999743358505513,-1.16461606471279,1.16461606471279,False,-3.204692242120052,0.00025838248947779427,6.243521305498353e+19,8.1697711986611e+16,CONVERGED
S5,S5_tauq_1ps,Fast Relaxation Lag (tau_q=1ps),1.4994949494949494,815644.3299674204,3,2.4365862917838043e-07,7.755895052146873e-08,-1.1946323485820678,1.1946323485820678,False,3.3023434360425985,8.046444747023781e-07,6.243521305498353e+19,8.1697711986611e+16,CONVERGED
S5,S5_tauq_1ps,Fast Relaxation Lag (tau_q=1ps),1.4994949494949494,815644.3299674204,4,1.5860303221190757e-06,5.048491313177638e-07,1.1946486029092644,1.1946486029092644,False,0.30281034216173436,4.802663845201658e-07,6.243521305498353e+19,8.1697711986611e+16,CONVERGED
S5,S5_tauq_1ps,Fast Relaxation Lag (tau_q=1ps),1.5171717171717172,825259.537629549,0,5.971562246822992e-05,1.900807299125648e-05,3.882144161686697,3.882144161686697,False,0.020606593873263072,1.2305355815545958e-06,6.62692706420286e+19,7.320589349656254e+16,CONVERGED
S5,S5_tauq_1ps,Fast Relaxation Lag (tau_q=1ps),1.5171717171717172,825259.537629549,1,0.0002641353819511813,8.40769033659926e-05,4.673439925044529,4.673439925044529,False,0.009340084684418324,-2.4670468929484445e-06,6.62692706420286e+19,7.320589349656254e+16,CONVERGED
S5,S5_tauq_1ps,Fast Relaxation Lag (tau_q=1ps),1.5171717171717172,825259.537629549,2,3.1415709657097066,0.9999930965333581,-1.1524939327107917,1.1524939327107917,False,-3.166079059226245,6.866554299148315e-05,6.62692706420286e+19,7.320589349656254e+16,CONVERGED
S5,S5_tauq_1ps,Fast Relaxation Lag (tau_q=1ps),1.5171717171717172,825259.537629549,3,7.1326345874788145e-06,2.27038810373095e-06,-1.229938756457768,1.229938756457768,False,3.4210200144030547,-2.4400885679602294e-05,6.62692706420286e+19,7.320589349656254e+16,CONVERGED
S5,S5_tauq_1ps,Fast Relaxation Lag (tau_q=1ps),1.5171717171717172,825259.537629549,4,1.88763425702649e-05,6.008526455107263e-06,1.2299782751210333,1.2299782751210333,False,0.29229892771863414,5.517534693193366e-06,6.62692706420286e+19,7.320589349656254e+16,CONVERGED
S5,S5_tauq_1ps,Fast Relaxation Lag (tau_q=1ps),1.534848484848485,834874.7452916778,0,0.00010368191016206046,3.3002977023003476e-05,3.8527562111980194,3.8527562111980194,False,0.02122116563013195,-2.2002509962817338e-06,6.5409489773567754e+19,1.996708110415984e+17,CONVERGED
S5,S5_tauq_1ps,Fast Relaxation Lag (tau_q=1ps),1.534848484848485,834874.7452916778,1,8.7019547348171e-05,2.7699182212161294e-05,4.689798014041144,4.689798014041144,False,0.009188541890480316,7.995827581175584e-07,6.5409489773567754e+19,1.996708110415984e+17,CONVERGED
S5,S5_tauq_1ps,Fast Relaxation Lag (tau_q=1ps),1.534848484848485,834874.7452916778,2,3.1415560001434857,0.9999883328456777,-1.1385789785774458,1.1385789785774458,False,-3.1223283137082696,-0.00011444409325260875,6.5409489773567754e+19,1.996708110415984e+17,CONVERGED
S5,S5_tauq_1ps,Fast Relaxation Lag (tau_q=1ps),1.534848484848485,834874.7452916778,3,9.126391920897422e-06,2.9050207736095253e-06,-1.2619735489161017,1.2619735489161017,False,3.5323859490660436,3.223793858794296e-05,6.5409489773567754e+19,1.996708110415984e+17,CONVERGED
S5,S5_tauq_1ps,Fast Relaxation Lag (tau_q=1ps),1.534848484848485,834874.7452916778,4,6.818957187419521e-05,2.1705414862196493e-05,1.2619785118966396,1.2619785118966396,False,0.28309336779284605,-1.9304015580138308e-05,6.5409489773567754e+19,1.996708110415984e+17,CONVERGED
S5,S5_tauq_1ps,Fast Relaxation Lag (tau_q=1ps),1.5525252525252524,844489.952953806,0,0.0004724770171262354,0.0001503941055459089,3.825617928346098,3.825617928346098,False,0.021804955032119048,-1.0302340878760063e-05,7.067567288483686e+19,6.723155491439537e+17,CONVERGED
S5,S5_tauq_1ps,Fast Relaxation Lag (tau_q=1ps),1.5525252525252524,844489.952953806,1,8.858993149719836e-05,2.8199051011903024e-05,4.705437192552293,4.705437192552293,False,0.009045958492072877,-8.013808452356952e-07,7.067567288483686e+19,6.723155491439537e+17,CONVERGED
S5,S5_tauq_1ps,Fast Relaxation Lag (tau_q=1ps),1.5525252525252524,844489.952953806,2,3.1414246698859394,0.9999465291263456,-1.1241020123690475,1.1241020123690475,False,-3.077452050410195,-0.0005169617987227443,7.067567288483686e+19,6.723155491439537e+17,CONVERGED
S5,S5_tauq_1ps,Fast Relaxation Lag (tau_q=1ps),1.5525252525252524,844489.952953806,3,1.1202210630600938e-06,3.5657743908334344e-07,-1.2910678061042045,1.2910678061042045,False,3.63666773921695,4.073871800823664e-06,7.067567288483686e+19,6.723155491439537e+17,CONVERGED
S5,S5_tauq_1ps,Fast Relaxation Lag (tau_q=1ps),1.5525252525252524,844489.952953806,4,2.0127805879109913e-05,6.40687959850891e-06,1.2910673927415477,1.2910673927415477,False,0.2749771177541974,-5.5346860481010535e-06,7.067567288483686e+19,6.723155491439537e+17,CONVERGED
S5,S5_tauq_1ps,Fast Relaxation Lag (tau_q=1ps),1.5702020202020202,854105.1606159348,0,5.845742690770969e-05,1.8607576905590333e-05,3.7953179771303356,3.7953179771303356,False,0.022475757864956165,-1.3138749740826783e-06,6.673390189693082e+19,8.264338688094058e+16,CONVERGED
S5,S5_tauq_1ps,Fast Relaxation Lag (tau_q=1ps),1.5702020202020202,854105.1606159348,1,0.0013947033100513637,0.00044394785188260567,4.721550315205376,4.721550315205376,False,0.008901359262300085,-1.2414763276808769e-05,6.673390189693082e+19,8.264338688094058e+16,CONVERGED
S5,S5_tauq_1ps,Fast Relaxation Lag (tau_q=1ps),1.5702020202020202,854105.1606159348,2,3.141571253336404,0.9999931880877795,-1.1071480999783367,1.1071480999783367,False,-3.025717034974555,-6.475111124207743e-05,6.673390189693082e+19,8.264338688094058e+16,CONVERGED
S5,S5_tauq_1ps,Fast Relaxation Lag (tau_q=1ps),1.5702020202020202,854105.1606159348,3,2.681462230909856e-05,8.535359375270498e-06,-1.3173918274992533,1.3173918274992533,False,3.7336706085928015,-0.00010011696721999363,6.673390189693082e+19,8.264338688094058e+16,CONVERGED
S5,S5_tauq_1ps,Fast Relaxation Lag (tau_q=1ps),1.5702020202020202,854105.1606159348,4,2.383711223162678e-05,7.587588481399365e-06,1.3173558907114584,1.3173558907114584,False,0.2678425714599386,-6.384593437507331e-06,6.673390189693082e+19,8.264338688094058e+16,CONVERGED
S5,S5_tauq_1ps,Fast Relaxation Lag (tau_q=1ps),1.587878787878788,863720.3682780633,0,0.00011394842780245305,3.627091108462072e-05,3.7651618434280545,3.7651618434280545,False,0.023163862862540078,-2.6394857664419807e-06,7.48291119784604e+19,6.1755242412234e+16,CONVERGED
S5,S5_tauq_1ps,Fast Relaxation Lag (tau_q=1ps),1.587878787878788,863720.3682780633,1,4.909481374792599e-05,1.5627364576316725e-05,4.736729636048952,4.736729636048952,False,0.008767271510493146,4.3042756223097876e-07,7.48291119784604e+19,6.1755242412234e+16,CONVERGED
S5,S5_tauq_1ps,Fast Relaxation Lag (tau_q=1ps),1.587878787878788,863720.3682780633,2,3.141551308544243,0.9999868394632566,-1.088886381808326,1.088886381808326,False,-2.9709637078913897,-0.00012283462990100066,7.48291119784604e+19,6.1755242412234e+16,CONVERGED
S5,S5_tauq_1ps,Fast Relaxation Lag (tau_q=1ps),1.587878787878788,863720.3682780633,3,8.150098337736075e-06,2.5942568742714714e-06,-1.3411321151751145,1.3411321151751145,False,3.8233695506749923,-3.116083782019692e-05,7.48291119784604e+19,6.1755242412234e+16,CONVERGED
S5,S5_tauq_1ps,Fast Relaxation Lag (tau_q=1ps),1.587878787878788,863720.3682780633,4,1.4706923329254005e-05,4.681359091048578e-06,1.341147837892366,1.341147837892366,False,0.2615452846007136,-3.846526448027939e-06,7.48291119784604e+19,6.1755242412234e+16,CONVERGED
S5,S5_tauq_1ps,Fast Relaxation Lag (tau_q=1ps),1.6055555555555556,873335.5759401919,0,0.0007915099829868532,0.0002519454525978793,3.733454362509742,3.733454362509742,False,0.023910091378410846,-1.8925079972252408e-05,7.759193005340012e+19,1.7242843010231984e+17,CONVERGED
S5,S5_tauq_1ps,Fast Relaxation Lag (tau_q=1ps),1.6055555555555556,873335.5759401919,1,5.638558991131122e-05,1.794809070707537e-05,4.752313041130831,4.752313041130831,False,0.00863170658868251,-4.867038684600133e-07,7.759193005340012e+19,1.7242843010231984e+17,CONVERGED
S5,S5_tauq_1ps,Fast Relaxation Lag (tau_q=1ps),1.6055555555555556,873335.5759401919,2,3.1413017365151825,0.9999073982190918,-1.068697988717056,1.068697988717056,False,-2.9115859898183976,-0.0008470301025315507,7.759193005340012e+19,1.7242843010231984e+17,CONVERGED
S5,S5_tauq_1ps,Fast Relaxation Lag (tau_q=1ps),1.6055555555555556,873335.5759401919,3,1.1149312907801505e-05,3.548936522709765e-06,-1.3624218116578308,1.3624218116578308,False,3.9056405830626697,4.354520896777835e-05,7.759193005340012e+19,1.7242843010231984e+17,CONVERGED
S5,S5_tauq_1ps,Fast Relaxation Lag (tau_q=1ps),1.6055555555555556,873335.5759401919,4,3.849129558985141e-05,1.2252159918272247e-05,1.3624097566755629,1.3624097566755629,False,0.25604303135026346,-9.855428008291784e-06,7.759193005340012e+19,1.7242843010231984e+17,CONVERGED
S5,S5_tauq_1ps,Fast Relaxation Lag (tau_q=1ps),1.6232323232323231,882950.7836023204,0,0.00017923096563452411,5.705098827173627e-05,3.7015784379681036,3.7015784379681036,False,0.024684532303693097,-4.424232608401816e-06,7.620485062401052e+19,6.796415595751904e+16,CONVERGED
S5,S5_tauq_1ps,Fast Relaxation Lag (tau_q=1ps),1.6232323232323231,882950.7836023204,1,2.096817602077062e-06,6.674377722653184e-07,4.767699130082458,4.767699130082458,False,0.008499914876336528,-1.7822771128885225e-08,7.620485062401052e+19,6.796415595751904e+16,CONVERGED
S5,S5_tauq_1ps,Fast Relaxation Lag (tau_q=1ps),1.6232323232323231,882950.7836023204,2,3.1415267143167425,0.9999790108775002,-1.047064617284631,1.047064617284631,False,-2.8492751115678896,-0.00018787912985095744,7.620485062401052e+19,6.796415595751904e+16,CONVERGED
S5,S5_tauq_1ps,Fast Relaxation Lag (tau_q=1ps),1.6232323232323231,882950.7836023204,3,1.4597817704203155e-06,4.646629691956631e-07,-1.381405758744084,1.381405758744084,False,3.980493309567381,5.8106515705906195e-06,7.620485062401052e+19,6.796415595751904e+16,CONVERGED
S5,S5_tauq_1ps,Fast Relaxation Lag (tau_q=1ps),1.6232323232323231,882950.7836023204,4,4.102534351406728e-06,1.305877242461367e-06,1.381420994952778,1.381420994952778,False,0.25122131508031065,-1.0306440749283298e-06,7.620485062401052e+19,6.796415595751904e+16,CONVERGED
S5,S5_tauq_1ps,Fast Relaxation Lag (tau_q=1ps),1.6409090909090909,892565.9912644491,0,4.5421311095670415e-05,1.44580523651814e-05,3.668069688443024,3.668069688443024,False,0.02552569493924572,-1.1594105315659847e-06,7.514698352318272e+19,1.0293761266082051e+17,CONVERGED
S5,S5_tauq_1ps,Fast Relaxation Lag (tau_q=1ps),1.6409090909090909,892565.9912644491,1,3.0719767465054495e-05,9.778405685394012e-06,-4.781770153249324,4.781770153249324,False,119.31536965422706,-0.0036653404119378736,7.514698352318272e+19,1.0293761266082051e+17,CONVERGED
S5,S5_tauq_1ps,Fast Relaxation Lag (tau_q=1ps),1.6409090909090909,892565.9912644491,2,3.1415756342641132,0.9999945825803799,-1.0234297093359808,1.0234297093359808,False,-2.782722344611244,-4.736005786439317e-05,7.514698352318272e+19,1.0293761266082051e+17,CONVERGED
S5,S5_tauq_1ps,Fast Relaxation Lag (tau_q=1ps),1.6409090909090909,892565.9912644491,3,2.7394965503989624e-06,8.720088351583809e-07,-1.3981691863296912,1.3981691863296912,False,4.047782443417868,-1.1088886040536474e-05,7.514698352318272e+19,1.0293761266082051e+17,CONVERGED
S5,S5_tauq_1ps,Fast Relaxation Lag (tau_q=1ps),1.6409090909090909,892565.9912644491,4,1.3363560490575082e-05,4.253753418765156e-06,1.3981879306304774,1.3981879306304774,False,0.2470442198315084,-3.3013903757618165e-06,7.514698352318272e+19,1.0293761266082051e+17,CONVERGED
S5,S5_tauq_1ps,Fast Relaxation Lag (tau_q=1ps),1.6585858585858586,902181.1989265776,0,0.0001625628494675654,5.174536211173344e-05,3.6316139431750147,3.6316139431750147,False,0.026473422960511323,4.303595109530702e-06,7.863186324681413e+19,3.2845525928179028e+16,CONVERGED
S5,S5_tauq_1ps,Fast Relaxation Lag (tau_q=1ps),1.6585858585858586,902181.1989265776,1,0.00011395033240861644,3.627151733959181e-05,4.798026272602672,4.798026272602672,False,0.008246006313159953,-9.396351644950798e-07,7.863186324681413e+19,3.2845525928179028e+16,CONVERGED
S5,S5_tauq_1ps,Fast Relaxation Lag (tau_q=1ps),1.6585858585858586,902181.1989265776,2,3.1415307385539815,0.9999802918319978,-0.9972428337181128,0.9972428337181128,False,-2.7107973909146903,0.00016783911775108905,7.863186324681413e+19,3.2845525928179028e+16,CONVERGED
S5,S5_tauq_1ps,Fast Relaxation Lag (tau_q=1ps),1.6585858585858586,902181.1989265776,3,2.027029165411546e-06,6.452234229333734e-07,-1.4127921623196504,1.4127921623196504,False,4.107407957658757,-8.325835724429175e-06,7.863186324681413e+19,3.2845525928179028e+16,CONVERGED
S5,S5_tauq_1ps,Fast Relaxation Lag (tau_q=1ps),1.6585858585858586,902181.1989265776,4,5.388898454581283e-06,1.7153396537337737e-06,1.4127766008208396,1.4127766008208396,False,0.24346633495186842,1.3120153561773932e-06,7.863186324681413e+19,3.2845525928179028e+16,CONVERGED
S5,S5_tauq_1ps,Fast Relaxation Lag (tau_q=1ps),1.6762626262626263,911796.4065887061,0,0.00013676086454580329,4.3532335227971456e-05,3.597121381715176,3.597121381715176,False,0.027402490075020516,-3.7475882567319814e-06,7.815952954786316e+19,7.247943232017278e+16,CONVERGED
S5,S5_tauq_1ps,Fast Relaxation Lag (tau_q=1ps),1.6762626262626263,911796.4065887061,1,0.00020986598210847766,6.680241687879898e-05,4.812970745666821,4.812970745666821,False,0.008123690218088243,1.7048862509939725e-06,7.815952954786316e+19,7.247943232017278e+16,CONVERGED
S5,S5_tauq_1ps,Fast Relaxation Lag (tau_q=1ps),1.6762626262626263,911796.4065887061,2,3.141540450144756,0.9999833831273519,-0.9703324143532608,0.9703324143532608,False,-2.6388214921215507,-0.00013775557285195303,7.815952954786316e+19,7.247943232017278e+16,CONVERGED
S5,S5_tauq_1ps,Fast Relaxation Lag (tau_q=1ps),1.6762626262626263,911796.4065887061,3,6.392783423413413e-06,2.034886163904347e-06,-1.425372609388743,1.425372609388743,False,4.159407388209965,2.659019060293417e-05,7.815952954786316e+19,7.247943232017278e+16,CONVERGED
S5,S5_tauq_1ps,Fast Relaxation Lag (tau_q=1ps),1.6762626262626263,911796.4065887061,4,2.631736133214389e-05,8.377076290292415e-06,1.4253914292978036,1.4253914292978036,False,0.24041433948879296,-6.32707104321599e-06,7.815952954786316e+19,7.247943232017278e+16,CONVERGED
S5,S5_tauq_1ps,Fast Relaxation Lag (tau_q=1ps),1.6939393939393939,921411.6142508347,0,8.559511417823276e-05,2.7245771051961836e-05,3.5589389793144215,3.5589389793144215,False,0.02846901480456861,2.4368085786899605e-06,8.447846819019475e+19,5.300514910594124e+16,CONVERGED
S5,S5_tauq_1ps,Fast Relaxation Lag (tau_q=1ps),1.6939393939393939,921411.6142508347,1,9.630656076750141e-05,3.06553303966557e-05,4.827997018194192,4.827997018194192,False,0.008002534117039646,7.706965406194069e-07,8.447846819019475e+19,5.300514910594124e+16,CONVERGED
S5,S5_tauq_1ps,Fast Relaxation Lag (tau_q=1ps),1.6939393939393939,921411.6142508347,2,3.1415587695522507,0.9999892143758664,-0.9404850091876035,0.9404850091876035,False,-2.5612233325128555,8.678458758687232e-05,8.447846819019475e+19,5.300514910594124e+16,CONVERGED
S5,S5_tauq_1ps,Fast Relaxation Lag (tau_q=1ps),1.6939393939393939,921411.6142508347,3,1.2044368107613974e-05,3.8338414414902825e-06,-1.4359559099041088,1.4359559099041088,False,4.203661410093862,-5.063044542539037e-05,8.447846819019475e+19,5.300514910594124e+16,CONVERGED
S5,S5_tauq_1ps,Fast Relaxation Lag (tau_q=1ps),1.6939393939393939,921411.6142508347,4,2.3715965167337595e-05,7.5490261731539745e-06,1.4359826126247188,1.4359826126247188,False,0.2378815037008009,5.641589456779782e-06,8.447846819019475e+19,5.300514910594124e+16,CONVERGED
S5,S5_tauq_1ps,Fast Relaxation Lag (tau_q=1ps),1.7116161616161616,931026.8219129633,0,0.00016168025105260764,5.146442231072224e-05,3.5193985729453265,3.5193985729453265,False,0.029617242036246053,-4.788523169630909e-06,8.454516993707829e+19,8.80373184140119e+16,CONVERGED
S5,S5_tauq_1ps,Fast Relaxation Lag (tau_q=1ps),1.7116161616161616,931026.8219129633,1,5.008528108107902e-05,1.594264012040143e-05,4.8424353675366,4.8424353675366,False,0.007887820888357253,-3.9506372664092316e-07,8.454516993707829e+19,8.80373184140119e+16,CONVERGED
S5,S5_tauq_1ps,Fast Relaxation Lag (tau_q=1ps),1.7116161616161616,931026.8219129633,2,3.141529534530162,0.9999799085793128,-0.9085223009517113,0.9085223009517113,False,-2.4806541584410593,-0.00015657655795848428,8.454516993707829e+19,8.80373184140119e+16,CONVERGED
S5,S5_tauq_1ps,Fast Relaxation Lag (tau_q=1ps),1.7116161616161616,931026.8219129633,3,6.1315488786481896e-06,1.9517326256928547e-06,-1.444582833075845,1.444582833075845,False,4.240082951379306,2.59982758662309e-05,8.454516993707829e+19,8.80373184140119e+16,CONVERGED
S5,S5_tauq_1ps,Fast Relaxation Lag (tau_q=1ps),1.7116161616161616,931026.8219129633,4,2.543243604482125e-05,8.095395822803587e-06,1.4445763431876901,1.4445763431876901,False,0.23584597307033955,-5.9981376278332615e-06,8.454516993707829e+19,8.80373184140119e+16,CONVERGED
S5,S5_tauq_1ps,Fast Relaxation Lag (tau_q=1ps),1.7292929292929293,940642.0295750919,0,0.00024072326202797953,7.662459413791698e-05,3.4777142456910464,3.4777142456910464,False,0.03087790885128948,7.433031086860684e-06,9.186211003406231e+19,2.0657347549132688e+17,CONVERGED
S5,S5_tauq_1ps,Fast Relaxation Lag (tau_q=1ps),1.7292929292929293,940642.0295750919,1,0.0004924072561760564,0.0001567380976694732,-4.856645888611929,4.856645888611929,False,128.59214992667154,0.06331971282877523,9.186211003406231e+19,2.0657347549132688e+17,CONVERGED
S5,S5_tauq_1ps,Fast Relaxation Lag (tau_q=1ps),1.7292929292929293,940642.0295750919,2,3.141496616076196,0.9999694303099775,-0.8740675800956477,0.8740675800956477,False,-2.3966395663179028,0.00023016730564572388,9.186211003406231e+19,2.0657347549132688e+17,CONVERGED
S5,S5_tauq_1ps,Fast Relaxation Lag (tau_q=1ps),1.7292929292929293,940642.0295750919,3,2.223781842348948e-06,7.07851745135674e-07,-1.4512944732390543,1.4512944732390543,False,4.2686365761221525,-9.492516509582675e-06,9.186211003406231e+19,2.0657347549132688e+17,CONVERGED
S5,S5_tauq_1ps,Fast Relaxation Lag (tau_q=1ps),1.7292929292929293,940642.0295750919,4,2.24630790994374e-05,7.150220151479406e-06,1.4512950872670152,1.4512950872670152,False,0.23426669567309732,5.262351316153724e-06,9.186211003406231e+19,2.0657347549132688e+17,CONVERGED
S5,S5_tauq_1ps,Fast Relaxation Lag (tau_q=1ps),1.7469696969696968,950257.2372372204,0,3.4401337771319694e-05,1.0950285910558912e-05,3.434627894278297,3.434627894278297,False,0.0322374037036575,1.1090098141174008e-06,9.7339376580289e+19,9.957659273843293e+16,CONVERGED
S5,S5_tauq_1ps,Fast Relaxation Lag (tau_q=1ps),1.7469696969696968,950257.2372372204,1,0.0003483465977122298,0.00011088216587029058,-4.870707769065065,4.870707769065065,False,130.41317874644207,0.04542898895069221,9.7339376580289e+19,9.957659273843293e+16,CONVERGED
S5,S5_tauq_1ps,Fast Relaxation Lag (tau_q=1ps),1.7469696969696968,950257.2372372204,2,3.1415793918955606,0.9999957786716183,-0.8373088396778129,0.8373088396778129,False,-2.310141642122116,3.0636392093987963e-05,9.7339376580289e+19,9.957659273843293e+16,CONVERGED
S5,S5_tauq_1ps,Fast Relaxation Lag (tau_q=1ps),1.7469696969696968,950257.2372372204,3,4.384024223802728e-07,1.3954782517056276e-07,-1.4561271005451004,1.4561271005451004,False,4.289315231682845,1.8804461879224807e-06,9.7339376580289e+19,9.957659273843293e+16,CONVERGED
S5,S5_tauq_1ps,Fast Relaxation Lag (tau_q=1ps),1.7469696969696968,950257.2372372204,4,1.2432470537062778e-05,3.957378281635784e-06,1.456163331983397,1.456163331983397,False,0.23312899964882214,2.89836941961823e-06,9.7339376580289e+19,9.957659273843293e+16,CONVERGED
S5,S5_tauq_1ps,Fast Relaxation Lag (tau_q=1ps),1.7646464646464646,959872.4448993491,0,4.2021805048656755e-07,1.3375955982275372e-07,4.886123342951899,4.886123342951899,False,0.007550637041281671,3.172913977419235e-09,9.295968406767675e+19,1.9169923138201194e+17,CONVERGED
S5,S5_tauq_1ps,Fast Relaxation Lag (tau_q=1ps),1.7646464646464646,959872.4448993491,1,0.5590346824493884,0.17794626614325637,3.1203907033412617,3.1203907033412617,False,0.03742038824764733,-0.02341040433733074,9.295968406767675e+19,1.9169923138201194e+17,CONVERGED
S5,S5_tauq_1ps,Fast Relaxation Lag (tau_q=1ps),1.7646464646464646,959872.4448993491,2,2.4402403244180806,0.7767526199266157,-1.3514625702240435,1.3514625702240435,False,-2.9512718032848775,2.492652301077023,9.295968406767675e+19,1.9169923138201194e+17,CONVERGED
S5,S5_tauq_1ps,Fast Relaxation Lag (tau_q=1ps),1.7646464646464646,959872.4448993491,3,2.1689319213433894e-06,6.903924730232048e-07,-1.4591056977050847,1.4591056977050847,False,4.302110420236714,-9.330984619610063e-06,9.295968406767675e+19,1.9169923138201194e+17,CONVERGED
S5,S5_tauq_1ps,Fast Relaxation Lag (tau_q=1ps),1.7646464646464646,959872.4448993491,4,1.3681790676761387e-05,4.355049233110366e-06,1.459115700051025,1.459115700051025,False,0.23244173206347268,-3.1802191228347257e-06,9.295968406767675e+19,1.9169923138201194e+17,CONVERGED
S5,S5_tauq_1ps,Fast Relaxation Lag (tau_q=1ps),1.7823232323232323,969487.6525614776,0,1.923914529172767e-05,6.124010148083247e-06,4.900397941268535,4.900397941268535,False,0.007443620356365255,1.432088935502422e-07,1.0430091219640967e+20,3.9785847037618694e+17,CONVERGED
S5,S5_tauq_1ps,Fast Relaxation Lag (tau_q=1ps),1.7823232323232323,969487.6525614776,1,0.5432935537582368,0.17293570926117155,3.0995096676306173,3.0995096676306173,False,0.03858151230812349,-0.02329997235090224,1.0430091219640967e+20,3.9785847037618694e+17,CONVERGED
S5,S5_tauq_1ps,Fast Relaxation Lag (tau_q=1ps),1.7823232323232323,969487.6525614776,2,2.4166917140272335,0.7692568644333188,-1.3431141840758714,1.3431141840758714,False,-2.8677194318691726,2.5401581390543146,1.0430091219640967e+20,3.9785847037618694e+17,CONVERGED
S5,S5_tauq_1ps,Fast Relaxation Lag (tau_q=1ps),1.7823232323232323,969487.6525614776,3,1.0485286097117407e-06,3.337570224177925e-07,-1.4602258844000824,1.4602258844000824,False,4.306932287289077,-4.515941723315478e-06,1.0430091219640967e+20,3.9785847037618694e+17,CONVERGED
S5,S5_tauq_1ps,Fast Relaxation Lag (tau_q=1ps),1.7823232323232323,969487.6525614776,4,3.1682418353509256e-06,1.0084826980132773e-06,1.460223605297252,1.460223605297252,False,0.2321843512727461,-7.356161752185904e-07,1.0430091219640967e+20,3.9785847037618694e+17,CONVERGED
S5,S5_tauq_1ps,Fast Relaxation Lag (tau_q=1ps),1.8,979102.8602236061,0,1.3491895416295233e-05,4.294603694364543e-06,4.914557926231377,4.914557926231377,False,0.007338961537112342,-9.901650152894106e-08,1.0532530716656381e+20,8.390474923446328e+16,CONVERGED
S5,S5_tauq_1ps,Fast Relaxation Lag (tau_q=1ps),1.8,979102.8602236061,1,0.5300390086530595,0.16871665651732462,3.0731217120441015,3.0731217120441015,False,0.039926750603048795,-0.023395854656623506,1.0532530716656381e+20,8.390474923446328e+16,CONVERGED
S5,S5_tauq_1ps,Fast Relaxation Lag (tau_q=1ps),1.8,979102.8602236061,2,2.3932193901666143,0.761785391696776,-1.334019257374112,1.334019257374112,False,-2.781895006670764,2.5831634362244396,1.0532530716656381e+20,8.390474923446328e+16,CONVERGED
S5,S5_tauq_1ps,Fast Relaxation Lag (tau_q=1ps),1.8,979102.8602236061,3,1.1510830171065961e-06,3.66401104163295e-07,-1.4595011764286856,1.4595011764286856,False,4.303812149858519,-4.954045074521358e-06,1.0532530716656381e+20,8.390474923446328e+16,CONVERGED
S5,S5_tauq_1ps,Fast Relaxation Lag (tau_q=1ps),1.8,979102.8602236061,4,2.537230188966401e-05,8.076254526719729e-06,1.4595001278572477,1.4595001278572477,False,0.2323523921187688,5.895315038888034e-06,1.0532530716656381e+20,8.390474923446328e+16,CONVERGED
S5,S5_tauq_10ps,Baseline Relaxation Lag (tau_q=10ps),0.05,27197.301672877948,0,2.1988025749428903e-08,6.999005973706973e-09,3.135127197658043,3.135127197658043,False,0.043494221114371845,-9.563520538141626e-10,4069175047042571.5,7.98851405499901e+16,CONVERGED
S5,S5_tauq_10ps,Baseline Relaxation Lag (tau_q=10ps),0.05,27197.301672877948,1,4.695486466281939e-05,1.4946197626597335e-05,3.1718803055377403,3.1718803055377403,False,0.04192469246585576,-1.9685682622113207e-06,4069175047042571.5,7.98851405499901e+16,CONVERGED
S5,S5_tauq_10ps,Baseline Relaxation Lag (tau_q=10ps),0.05,27197.301672877948,2,0.19125043663941424,0.06087690471929222,0.027681872870309016,0.027681872870309016,True,0.9549628637584847,0.18489688873028962,4069175047042571.5,7.98851405499901e+16,CONVERGED
S5,S5_tauq_10ps,Baseline Relaxation Lag (tau_q=10ps),0.05,27197.301672877948,3,0.2729950363463195,0.08689701894813676,8.26910520654012e-07,8.26910520654012e-07,True,0.9629669082986475,-0.2696165419666799,4069175047042571.5,7.98851405499901e+16,CONVERGED
S5,S5_tauq_10ps,Baseline Relaxation Lag (tau_q=10ps),0.05,27197.301672877948,4,0.27299614404807354,0.08689737154055602,1.8387560872136326e-06,1.8387560872136326e-06,True,0.9629656352703385,0.2696173358354039,4069175047042571.5,7.98851405499901e+16,CONVERGED
S5,S5_tauq_10ps,Baseline Relaxation Lag (tau_q=10ps),0.06767676767676768,36812.509335006514,0,0.021410785129019647,0.006815264577523842,-0.19593076836545997,0.19593076836545997,False,1.2161638748807608,-0.026043003087796092,1.007278466470619e+16,7.002934961883128e+16,CONVERGED
S5,S5_tauq_10ps,Baseline Relaxation Lag (tau_q=10ps),0.06767676767676768,36812.509335006514,1,1.1563846390286488e-08,3.680886628338931e-09,-3.14132774416182,3.14132774416182,False,23.134563257031576,2.67524535810679e-07,1.007278466470619e+16,7.002934961883128e+16,CONVERGED
S5,S5_tauq_10ps,Baseline Relaxation Lag (tau_q=10ps),0.06767676767676768,36812.509335006514,2,0.30292162912351583,0.09642294928891477,-0.13331363728418838,0.13331363728418838,False,1.0905842222639908,0.3408515757620867,1.007278466470619e+16,7.002934961883128e+16,CONVERGED
S5,S5_tauq_10ps,Baseline Relaxation Lag (tau_q=10ps),0.06767676767676768,36812.509335006514,3,0.3688218096474623,0.11739962825098343,-9.278338835483057e-07,9.278338835483057e-07,True,0.9327536156638702,0.3605170566498429,1.007278466470619e+16,7.002934961883128e+16,CONVERGED
S5,S5_tauq_10ps,Baseline Relaxation Lag (tau_q=10ps),0.06767676767676768,36812.509335006514,4,0.3688186764561956,0.11739863092522794,9.552487417759174e-07,9.552487417759174e-07,True,0.9327529887755845,-0.3605134552753277,1.007278466470619e+16,7.002934961883128e+16,CONVERGED
S5,S5_tauq_10ps,Baseline Relaxation Lag (tau_q=10ps),0.08535353535353535,46427.71699713508,0,0.44172116020708113,0.14060421223048797,-0.44893578914039767,0.44893578914039767,False,1.4162731960867485,-0.6697341560585303,2.016113722121108e+16,1.2998710994285942e+17,CONVERGED
S5,S5_tauq_10ps,Baseline Relaxation Lag (tau_q=10ps),0.08535353535353535,46427.71699713508,1,9.353570974118268e-09,2.977334112183594e-09,3.1492662857326503,3.1492662857326503,False,0.04288357962116502,-4.011146056108188e-10,2.016113722121108e+16,1.2998710994285942e+17,CONVERGED
S5,S5_tauq_10ps,Baseline Relaxation Lag (tau_q=10ps),0.08535353535353535,46427.71699713508,2,0.5362000234000163,0.17067776842020507,-0.4460058259454488,0.4460058259454488,False,1.342835033732108,0.7980145907920977,2.016113722121108e+16,1.2998710994285942e+17,CONVERGED
S5,S5_tauq_10ps,Baseline Relaxation Lag (tau_q=10ps),0.08535353535353535,46427.71699713508,3,0.46405178077621,0.1477122695222608,-1.2081119964712964e-07,1.2081119964712964e-07,True,0.8942464748724447,-0.4475751152607064,2.016113722121108e+16,1.2998710994285942e+17,CONVERGED
S5,S5_tauq_10ps,Baseline Relaxation Lag (tau_q=10ps),0.08535353535353535,46427.71699713508,4,0.46405077749135837,0.14771195016677385,1.6401227035720274e-07,1.6401227035720274e-07,True,0.8942466692148521,0.4475740905969156,2.016113722121108e+16,1.2998710994285942e+17,CONVERGED
S5,S5_tauq_10ps,Baseline Relaxation Lag (tau_q=10ps),0.10303030303030303,56042.924659263655,0,2.5085053881344893e-05,7.98482064588515e-06,-0.668439572242241,0.668439572242241,False,1.9511902518448339,4.8945712610549094e-05,3.5362837229609884e+16,1.014597751006236e+17,CONVERGED
S5,S5_tauq_10ps,Baseline Relaxation Lag (tau_q=10ps),0.10303030303030303,56042.924659263655,1,2.902135740421322e-08,9.237784972234221e-09,3.1588526013442157,3.1588526013442157,False,0.04247444825672838,-1.2326661434052757e-09,3.5362837229609884e+16,1.014597751006236e+17,CONVERGED
S5,S5_tauq_10ps,Baseline Relaxation Lag (tau_q=10ps),0.10303030303030303,56042.924659263655,2,4.43034380842086e-09,1.4102222334135057e-09,-3.158852672029726,3.158852672029726,False,23.54356823286345,1.0430610174860064e-07,3.5362837229609884e+16,1.014597751006236e+17,CONVERGED
S5,S5_tauq_10ps,Baseline Relaxation Lag (tau_q=10ps),0.10303030303030303,56042.924659263655,3,0.5585618980589341,0.1777957741977414,-3.6027920558678e-07,3.6027920558678e-07,True,0.8480184400560077,-0.5299674007744685,3.5362837229609884e+16,1.014597751006236e+17,CONVERGED
S5,S5_tauq_10ps,Baseline Relaxation Lag (tau_q=10ps),0.10303030303030303,56042.924659263655,4,0.5585605593283824,0.17779534806657188,-3.383583113431598e-08,3.383583113431598e-08,True,0.848018872708611,0.5299660925018517,3.5362837229609884e+16,1.014597751006236e+17,CONVERGED
S5,S5_tauq_10ps,Baseline Relaxation Lag (tau_q=10ps),0.12070707070707071,65658.13232139223,0,1.3882412563053489e-05,4.418909162901982e-06,-3.089941936197579,3.089941936197579,False,21.97580193797855,0.0003050771489265669,5.668499565097445e+16,1.1087070858752256e+17,CONVERGED
S5,S5_tauq_10ps,Baseline Relaxation Lag (tau_q=10ps),0.12070707070707071,65658.13232139223,1,3.2200039819829015e-08,1.0249591010163301e-08,3.16998379283826,3.16998379283826,False,0.04200427866806702,1.3525394457149528e-09,5.668499565097445e+16,1.1087070858752256e+17,CONVERGED
S5,S5_tauq_10ps,Baseline Relaxation Lag (tau_q=10ps),0.12070707070707071,65658.13232139223,2,4.677459413226955e-08,1.4888815734535725e-08,-3.1699837749101034,3.1699837749101034,False,23.807098080988435,1.1135673502053682e-06,5.668499565097445e+16,1.1087070858752256e+17,CONVERGED
S5,S5_tauq_10ps,Baseline Relaxation Lag (tau_q=10ps),0.12070707070707071,65658.13232139223,3,0.652241077976739,0.20761478329516875,3.089844732423636e-08,3.089844732423636e-08,True,0.7947255060659117,-0.6069689516041061,5.668499565097445e+16,1.1087070858752256e+17,CONVERGED
S5,S5_tauq_10ps,Baseline Relaxation Lag (tau_q=10ps),0.12070707070707071,65658.13232139223,4,0.6522395375471903,0.20761429296121442,-4.127108796552008e-07,4.127108796552008e-07,True,0.7947267936060168,0.6069679966413382,5.668499565097445e+16,1.1087070858752256e+17,CONVERGED
S5,S5_tauq_10ps,Baseline Relaxation Lag (tau_q=10ps),0.1383838383838384,75273.3399835208,0,1.0509702469078536e-05,3.3453421967578926e-06,-3.0627692523684753,3.0627692523684753,False,21.386700402515288,0.00022476785803403332,8.509012397136402e+16,9.847026251806722e+16,CONVERGED
S5,S5_tauq_10ps,Baseline Relaxation Lag (tau_q=10ps),0.1383838383838384,75273.3399835208,1,1.434302126359078e-05,4.565525465945271e-06,3.1752907200542686,3.1752907200542686,False,0.04178195546242354,-5.992794756730388e-07,8.509012397136402e+16,9.847026251806722e+16,CONVERGED
S5,S5_tauq_10ps,Baseline Relaxation Lag (tau_q=10ps),0.1383838383838384,75273.3399835208,2,8.096260609557255e-09,2.5771197931424777e-09,-3.1825474391155884,3.1825474391155884,False,24.10808928401774,-1.951853736418822e-07,8.509012397136402e+16,9.847026251806722e+16,CONVERGED
S5,S5_tauq_10ps,Baseline Relaxation Lag (tau_q=10ps),0.1383838383838384,75273.3399835208,3,0.7449992437950943,0.2371406244994266,1.362891436962335e-06,1.362891436962335e-06,True,0.7350874132217164,-0.6779703305778554,8.509012397136402e+16,9.847026251806722e+16,CONVERGED
S5,S5_tauq_10ps,Baseline Relaxation Lag (tau_q=10ps),0.1383838383838384,75273.3399835208,4,0.7449960510964585,0.2371396082318872,-2.768314387364641e-07,2.768314387364641e-07,True,0.7350907831171041,0.6779690953423418,8.509012397136402e+16,9.847026251806722e+16,CONVERGED
S5,S5_tauq_10ps,Baseline Relaxation Lag (tau_q=10ps),0.15606060606060607,84888.54764564935,0,2.098486066823045e-05,6.67968861088714e-06,-3.034683777246111,3.034683777246111,False,20.79440119228849,0.0004363676117635127,1.2153553263944131e+17,1.6832907647395568e+17,CONVERGED
S5,S5_tauq_10ps,Baseline Relaxation Lag (tau_q=10ps),0.15606060606060607,84888.54764564935,1,1.4733372823983787e-05,4.689778226705634e-06,3.176354753726245,3.176354753726245,False,0.04173752169839627,-6.149344679760803e-07,1.2153553263944131e+17,1.6832907647395568e+17,CONVERGED
S5,S5_tauq_10ps,Baseline Relaxation Lag (tau_q=10ps),0.15606060606060607,84888.54764564935,2,8.704608332586662e-07,2.7707628876201363e-07,3.196425769267589,3.196425769267589,False,0.040908158182149476,3.560894945832015e-08,1.2153553263944131e+17,1.6832907647395568e+17,CONVERGED
S5,S5_tauq_10ps,Baseline Relaxation Lag (tau_q=10ps),0.15606060606060607,84888.54764564935,3,0.836753348734908,0.2663468631997143,-5.905308458180161e-07,5.905308458180161e-07,True,0.6698772959302397,-0.7424726186598258,1.2153553263944131e+17,1.6832907647395568e+17,CONVERGED
S5,S5_tauq_10ps,Baseline Relaxation Lag (tau_q=10ps),0.15606060606060607,84888.54764564935,4,0.836763312701415,0.2663500348287591,-3.4200445560625976e-06,3.4200445560625976e-06,True,0.6698717933334241,0.7424813941162216,1.2153553263944131e+17,1.6832907647395568e+17,CONVERGED
S5,S5_tauq_10ps,Baseline Relaxation Lag (tau_q=10ps),0.17373737373737375,94503.75530777793,0,1.828573874788807e-05,5.8205314196267825e-06,-3.0013240785970576,3.0013240785970576,False,20.112149363971454,0.00036776550896907493,1.6693113497916925e+17,8.452860947294011e+16,CONVERGED
S5,S5_tauq_10ps,Baseline Relaxation Lag (tau_q=10ps),0.17373737373737375,94503.75530777793,1,1.3949850604321213e-05,4.440375358142369e-06,3.1772083238102757,3.1772083238102757,False,0.041701910999237576,-5.817354283917986e-07,1.6693113497916925e+17,8.452860947294011e+16,CONVERGED
S5,S5_tauq_10ps,Baseline Relaxation Lag (tau_q=10ps),0.17373737373737375,94503.75530777793,2,6.5841284469999e-07,2.0957931765839965e-07,3.2114992420743653,3.2114992420743653,False,0.040296154272088935,-2.6531505564759565e-08,1.6693113497916925e+17,8.452860947294011e+16,CONVERGED
S5,S5_tauq_10ps,Baseline Relaxation Lag (tau_q=10ps),0.17373737373737375,94503.75530777793,3,0.9274682365665191,0.29522230882056977,3.077301112574021e-06,3.077301112574021e-06,True,0.5998597302162825,0.8001013370077338,1.6693113497916925e+17,8.452860947294011e+16,CONVERGED
S5,S5_tauq_10ps,Baseline Relaxation Lag (tau_q=10ps),0.17373737373737375,94503.75530777793,4,0.927474224089198,0.2952242147082322,-2.129668526050018e-06,2.129668526050018e-06,True,0.5998580630152189,-0.8001090948000483,1.6693113497916925e+17,8.452860947294011e+16,CONVERGED
S5,S5_tauq_10ps,Baseline Relaxation Lag (tau_q=10ps),0.19141414141414143,104118.96296990648,0,1.063519799902952e-05,3.3852886646131646e-06,-2.9665268852758935,2.9665268852758935,False,19.424339346892147,0.00020658169496232635,2.2213979713109872e+17,1.2146078809912189e+17,CONVERGED
S5,S5_tauq_10ps,Baseline Relaxation Lag (tau_q=10ps),0.19141414141414143,104118.96296990648,1,1.2750712124395776e-05,4.0586777250787e-06,3.178163075915774,3.178163075915774,False,0.04166211501324874,-5.312216350561908e-07,2.2213979713109872e+17,1.2146078809912189e+17,CONVERGED
S5,S5_tauq_10ps,Baseline Relaxation Lag (tau_q=10ps),0.19141414141414143,104118.96296990648,2,2.040081418075761e-07,6.493780839933618e-08,3.227648649773426,3.227648649773426,False,0.03965062176159354,-8.08904966709785e-09,2.2213979713109872e+17,1.2146078809912189e+17,CONVERGED
S5,S5_tauq_10ps,Baseline Relaxation Lag (tau_q=10ps),0.19141414141414143,104118.96296990648,3,1.017096176275101,0.3237517681080961,-1.3419632570849959e-08,1.3419632570849959e-08,True,0.5258381197615207,0.850584680466874,2.2213979713109872e+17,1.2146078809912189e+17,CONVERGED
S5,S5_tauq_10ps,Baseline Relaxation Lag (tau_q=10ps),0.19141414141414143,104118.96296990648,4,1.0170968513911918,0.32375198300422214,-2.58042801981923e-06,2.58042801981923e-06,True,0.5258388953491185,-0.8505872189301786,2.2213979713109872e+17,1.2146078809912189e+17,CONVERGED
S5,S5_tauq_10ps,Baseline Relaxation Lag (tau_q=10ps),0.2090909090909091,113734.17063203505,0,4.289227505951e-08,1.3653035192356473e-08,-3.24475767233259,3.24475767233259,False,25.65549227128917,1.1004224312872687e-06,2.8796412336091216e+17,2.2733767710064346e+17,CONVERGED
S5,S5_tauq_10ps,Baseline Relaxation Lag (tau_q=10ps),0.2090909090909091,113734.17063203505,1,1.4083772181287853e-05,4.483003920064174e-06,3.179291088631325,3.179291088631325,False,0.04161514611275113,-5.86098237181745e-07,2.8796412336091216e+17,2.2733767710064346e+17,CONVERGED
S5,S5_tauq_10ps,Baseline Relaxation Lag (tau_q=10ps),0.2090909090909091,113734.17063203505,2,2.6203481267416347e-05,8.340827139850388e-06,-2.9313855013031724,2.9313855013031724,False,18.75359562990691,0.0004914094918974378,2.8796412336091216e+17,2.2733767710064346e+17,CONVERGED
S5,S5_tauq_10ps,Baseline Relaxation Lag (tau_q=10ps),0.2090909090909091,113734.17063203505,3,1.105603467999466,0.35192451406331426,5.23081828072085e-06,5.23081828072085e-06,True,0.4485928279419023,0.8937303917497984,2.8796412336091216e+17,2.2733767710064346e+17,CONVERGED
S5,S5_tauq_10ps,Baseline Relaxation Lag (tau_q=10ps),0.2090909090909091,113734.17063203505,4,1.105618807156152,0.3519293966685331,-1.9344782369957297e-06,1.9344782369957297e-06,True,0.44858233303252754,-0.893743676595842,2.8796412336091216e+17,2.2733767710064346e+17,CONVERGED
S5,S5_tauq_10ps,Baseline Relaxation Lag (tau_q=10ps),0.22676767676767678,123349.37829416365,0,3.65271698951579e-08,1.1626959291943698e-08,-3.2627149702618956,3.2627149702618956,False,26.12035695453676,9.54102716200534e-07,3.653146723654493e+17,3.7386352516283616e+17,CONVERGED
S5,S5_tauq_10ps,Baseline Relaxation Lag (tau_q=10ps),0.22676767676767678,123349.37829416365,1,1.3238356441903382e-05,4.2138997322827175e-06,3.1798994825790006,3.1798994825790006,False,0.04158983541042474,-5.505810655554617e-07,3.653146723654493e+17,3.7386352516283616e+17,CONVERGED
S5,S5_tauq_10ps,Baseline Relaxation Lag (tau_q=10ps),0.22676767676767678,123349.37829416365,2,2.2271832111393852e-05,7.089344344482272e-06,-2.889693950987099,2.889693950987099,False,17.987803605041346,0.00040062134201044664,3.653146723654493e+17,3.7386352516283616e+17,CONVERGED
S5,S5_tauq_10ps,Baseline Relaxation Lag (tau_q=10ps),0.22676767676767678,123349.37829416365,3,1.1929939833970171,0.37974177907305157,9.190208028610781e-06,9.190208028610781e-06,True,0.3688752993160234,-0.929469006103687,3.653146723654493e+17,3.7386352516283616e+17,CONVERGED
S5,S5_tauq_10ps,Baseline Relaxation Lag (tau_q=10ps),0.22676767676767678,123349.37829416365,4,1.1930204336937944,0.3797501984640083,-8.892257486062152e-06,8.892257486062152e-06,True,0.3688573842465607,0.9294955700593213,3.653146723654493e+17,3.7386352516283616e+17,CONVERGED
S5,S5_tauq_10ps,Baseline Relaxation Lag (tau_q=10ps),0.24444444444444446,132964.58595629223,0,1.8375334866279805e-07,5.8490507498745654e-08,3.281414763679458,3.281414763679458,False,0.037575059355907554,-6.904542982851491e-09,4.5479555057965357e+17,7.986707414704728e+16,CONVERGED
S5,S5_tauq_10ps,Baseline Relaxation Lag (tau_q=10ps),0.24444444444444446,132964.58595629223,1,1.228890488513979e-05,3.911679915312276e-06,3.180669356782289,3.180669356782289,False,0.04155782879164299,-5.107002052791328e-07,4.5479555057965357e+17,7.986707414704728e+16,CONVERGED
S5,S5_tauq_10ps,Baseline Relaxation Lag (tau_q=10ps),0.24444444444444446,132964.58595629223,2,1.360403069372046e-05,4.330297461758955e-06,-2.848551656649981,2.848551656649981,False,17.262761318630787,0.00023484313485151097,4.5479555057965357e+17,7.986707414704728e+16,CONVERGED
S5,S5_tauq_10ps,Baseline Relaxation Lag (tau_q=10ps),0.24444444444444446,132964.58595629223,3,1.2792812446128732,0.40720786736978176,4.26398901304047e-06,4.26398901304047e-06,True,0.28740248908966554,0.957805450664905,4.5479555057965357e+17,7.986707414704728e+16,CONVERGED
S5,S5_tauq_10ps,Baseline Relaxation Lag (tau_q=10ps),0.24444444444444446,132964.58595629223,4,1.2792801439219597,0.40720751700898233,-4.622869607001885e-07,4.622869607001885e-07,True,0.28740490168891936,-0.957809661185108,4.5479555057965357e+17,7.986707414704728e+16,CONVERGED
S5,S5_tauq_10ps,Baseline Relaxation Lag (tau_q=10ps),0.2621212121212121,142579.79361842075,0,8.557068328701452e-07,2.723799445775879e-07,3.300759506150798,3.300759506150798,False,0.0368551650440517,-3.1537216554759665e-08,5.576263772409091e+17,8.432448575242978e+16,CONVERGED
S5,S5_tauq_10ps,Baseline Relaxation Lag (tau_q=10ps),0.2621212121212121,142579.79361842075,1,1.1528633743945265e-05,3.669678094889826e-06,3.180913247959416,3.180913247959416,False,0.04154769444012607,-4.789881521267852e-07,5.576263772409091e+17,8.432448575242978e+16,CONVERGED
S5,S5_tauq_10ps,Baseline Relaxation Lag (tau_q=10ps),0.2621212121212121,142579.79361842075,2,1.1309334069302579e-05,3.59987284041417e-06,-2.8022180076129355,2.8022180076129355,False,16.481161601891177,0.00018639096241389587,5.576263772409091e+17,8.432448575242978e+16,CONVERGED
S5,S5_tauq_10ps,Baseline Relaxation Lag (tau_q=10ps),0.2621212121212121,142579.79361842075,3,1.364449609644645,0.4343177999495046,-2.8500392578294657e-06,2.8500392578294657e-06,True,0.20488607705828404,-0.978788738963842,5.576263772409091e+17,8.432448575242978e+16,CONVERGED
S5,S5_tauq_10ps,Baseline Relaxation Lag (tau_q=10ps),0.2621212121212121,142579.79361842075,4,1.3644486193721408,0.4343174847359765,-8.174371612963627e-06,8.174371612963627e-06,True,0.20488813721539326,0.9787937474796585,5.576263772409091e+17,8.432448575242978e+16,CONVERGED
S5,S5_tauq_10ps,Baseline Relaxation Lag (tau_q=10ps),0.27979797979797977,152195.0012805493,0,2.950822421388095e-05,9.392759491006221e-06,-2.7552895104291912,2.7552895104291912,False,15.72559296015952,0.00046403432309929867,6.734524401256123e+17,8.191813215999339e+16,CONVERGED
S5,S5_tauq_10ps,Baseline Relaxation Lag (tau_q=10ps),0.27979797979797977,152195.0012805493,1,1.368160773711955e-05,4.3549910016137945e-06,3.1810792904814633,3.1810792904814633,False,0.04154079632773436,-5.683448804790999e-07,6.734524401256123e+17,8.191813215999339e+16,CONVERGED
S5,S5_tauq_10ps,Baseline Relaxation Lag (tau_q=10ps),0.27979797979797977,152195.0012805493,2,1.0021600519950696e-07,3.189974520884924e-08,-3.320661762825168,3.320661762825168,False,27.678661208232757,-2.7738448555596548e-06,6.734524401256123e+17,8.191813215999339e+16,CONVERGED
S5,S5_tauq_10ps,Baseline Relaxation Lag (tau_q=10ps),0.27979797979797977,152195.0012805493,3,1.4485418264451118,0.4610851839082038,-1.965267942251368e-06,1.965267942251368e-06,True,0.12195042823984763,0.9925381723620139,6.734524401256123e+17,8.191813215999339e+16,CONVERGED
S5,S5_tauq_10ps,Baseline Relaxation Lag (tau_q=10ps),0.27979797979797977,152195.0012805493,4,1.448545449916507,0.46108633729497117,-4.047108302932091e-06,4.047108302932091e-06,True,0.12194708567947157,-0.992540680548484,6.734524401256123e+17,8.191813215999339e+16,CONVERGED
S5,S5_tauq_10ps,Baseline Relaxation Lag (tau_q=10ps),0.29747474747474745,161810.20894267788,0,1.7449447733933647e-05,5.554331722158423e-06,-2.7056086407402504,2.7056086407402504,False,14.96342126505558,0.00026110343731191915,8.038778865589847e+17,1.1710280646823794e+17,CONVERGED
S5,S5_tauq_10ps,Baseline Relaxation Lag (tau_q=10ps),0.29747474747474745,161810.20894267788,1,1.1864003977651906e-05,3.7764297558104183e-06,3.1808518586576056,3.1808518586576056,False,0.04155024510220748,-4.929522731881296e-07,8.038778865589847e+17,1.1710280646823794e+17,CONVERGED
S5,S5_tauq_10ps,Baseline Relaxation Lag (tau_q=10ps),0.29747474747474745,161810.20894267788,2,7.913288106476912e-06,2.5188778365122104e-06,3.3410301519418373,3.3410301519418373,False,0.03540047106630604,2.80134126658527e-07,8.038778865589847e+17,1.1710280646823794e+17,CONVERGED
S5,S5_tauq_10ps,Baseline Relaxation Lag (tau_q=10ps),0.29747474747474745,161810.20894267788,3,1.5315599146110055,0.4875106621034853,4.875617429360725e-06,4.875617429360725e-06,True,0.03922615432307246,-0.9992254788733657,8.038778865589847e+17,1.1710280646823794e+17,CONVERGED
S5,S5_tauq_10ps,Baseline Relaxation Lag (tau_q=10ps),0.29747474747474745,161810.20894267788,4,1.531572646901037,0.4875147149172761,-9.591563202539258e-06,9.591563202539258e-06,True,0.03921399920319572,0.9992404343184348,8.038778865589847e+17,1.1710280646823794e+17,CONVERGED
S5,S5_tauq_10ps,Baseline Relaxation Lag (tau_q=10ps),0.3151515151515151,171425.41660480644,0,9.932869651378677e-06,3.161730608208775e-06,-2.6541097356889107,2.6541097356889107,False,14.212327696695034,0.00014116919845859338,9.4885044762414e+17,8.18884562508047e+16,CONVERGED
S5,S5_tauq_10ps,Baseline Relaxation Lag (tau_q=10ps),0.3151515151515151,171425.41660480644,1,1.0831471418072176e-05,3.4477644342895364e-06,3.1802733051432233,3.1802733051432233,False,0.04157429109829884,-4.5031074577544666e-07,9.4885044762414e+17,8.18884562508047e+16,CONVERGED
S5,S5_tauq_10ps,Baseline Relaxation Lag (tau_q=10ps),0.3151515151515151,171425.41660480644,2,1.2392678374662826e-06,3.9447120429512485e-07,3.3617980302127353,3.3617980302127353,False,0.03467286001407423,-4.296896024843491e-08,9.4885044762414e+17,8.18884562508047e+16,CONVERGED
S5,S5_tauq_10ps,Baseline Relaxation Lag (tau_q=10ps),0.3151515151515151,171425.41660480644,3,1.6135759345752172,0.5136171720835411,-1.0211389500846403e-06,1.0211389500846403e-06,True,-0.04276660418829803,-0.9990861123277548,9.4885044762414e+17,8.18884562508047e+16,CONVERGED
S5,S5_tauq_10ps,Baseline Relaxation Lag (tau_q=10ps),0.3151515151515151,171425.41660480644,4,1.6135727454031727,0.5136161569385506,-2.9764017502774166e-06,2.9764017502774166e-06,True,-0.042763501544383124,0.9990882021908186,9.4885044762414e+17,8.18884562508047e+16,CONVERGED
S5,S5_tauq_10ps,Baseline Relaxation Lag (tau_q=10ps),0.3328282828282828,181040.62426693502,0,1.44925625910996e-06,4.6131259488843764e-07,-2.6005067524690877,2.6005067524690877,False,13.470562546502915,1.952229708426522e-05,1.1084373118402094e+18,8.095215819245992e+16,CONVERGED
S5,S5_tauq_10ps,Baseline Relaxation Lag (tau_q=10ps),0.3328282828282828,181040.62426693502,1,9.545175366314961e-06,3.0383236844560376e-06,3.179234858271502,3.179234858271502,False,0.04161748621541443,-3.972462042433907e-07,1.1084373118402094e+18,8.095215819245992e+16,CONVERGED
S5,S5_tauq_10ps,Baseline Relaxation Lag (tau_q=10ps),0.3328282828282828,181040.62426693502,2,7.516898916514181e-07,2.3927032385706886e-07,3.3828931638828283,3.3828931638828283,False,0.03394909222628869,2.5519189457247753e-08,1.1084373118402094e+18,8.095215819245992e+16,CONVERGED
S5,S5_tauq_10ps,Baseline Relaxation Lag (tau_q=10ps),0.3328282828282828,181040.62426693502,3,1.69458651633041,0.5394036411417191,1.9761702204714563e-07,1.9761702204714563e-07,True,-0.12347424691724061,-0.9923475777741659,1.1084373118402094e+18,8.095215819245992e+16,CONVERGED
S5,S5_tauq_10ps,Baseline Relaxation Lag (tau_q=10ps),0.3328282828282828,181040.62426693502,4,1.6945843632105708,0.5394029557823882,-2.8674327833780703e-07,2.8674327833780703e-07,True,-0.1234721700787004,0.9923483242807324,1.1084373118402094e+18,8.095215819245992e+16,CONVERGED
S5,S5_tauq_10ps,Baseline Relaxation Lag (tau_q=10ps),0.3505050505050505,190655.83192906357,0,5.646072875292599e-05,1.797200814319775e-05,-2.544816553038431,2.544816553038431,False,12.740890573694221,0.0007193599675164563,1.2891036914680484e+18,6.441004739987721e+16,CONVERGED
S5,S5_tauq_10ps,Baseline Relaxation Lag (tau_q=10ps),0.3505050505050505,190655.83192906357,1,1.718487508057197e-05,5.470115630979525e-06,3.177659526294568,3.177659526294568,False,0.0416830992355717,-7.16318853404899e-07,1.2891036914680484e+18,6.441004739987721e+16,CONVERGED
S5,S5_tauq_10ps,Baseline Relaxation Lag (tau_q=10ps),0.3505050505050505,190655.83192906357,2,3.1413665377026923e-06,9.999280250777126e-07,3.4042532286884244,3.4042532286884244,False,0.033231627243898276,-1.0439272181773457e-07,1.2891036914680484e+18,6.441004739987721e+16,CONVERGED
S5,S5_tauq_10ps,Baseline Relaxation Lag (tau_q=10ps),0.3505050505050505,190655.83192906357,3,1.7746461877221882,0.5648874260303478,6.204268368726305e-06,6.204268368726305e-06,True,-0.20243971322464496,0.9792883916649741,1.2891036914680484e+18,6.441004739987721e+16,CONVERGED
S5,S5_tauq_10ps,Baseline Relaxation Lag (tau_q=10ps),0.3505050505050505,190655.83192906357,4,1.774651832765004,0.564889222903284,1.0921435130026043e-06,1.0921435130026043e-06,True,-0.20244627627431483,-0.9792922551200042,1.2891036914680484e+18,6.441004739987721e+16,CONVERGED
S5,S5_tauq_10ps,Baseline Relaxation Lag (tau_q=10ps),0.36818181818181817,200271.03959119215,0,6.038689433861436e-05,1.9221745463916932e-05,-2.4868196263059295,2.4868196263059295,False,12.022977667176434,-0.000726030282905812,1.4812207040448358e+18,5.323889877838283e+16,CONVERGED
S5,S5_tauq_10ps,Baseline Relaxation Lag (tau_q=10ps),0.36818181818181817,200271.03959119215,1,1.9558596455034352e-09,6.225694611516677e-10,3.1754307309122587,3.1754307309122587,False,0.04177610594879544,-8.1708199771525e-11,1.4812207040448358e+18,5.323889877838283e+16,CONVERGED
S5,S5_tauq_10ps,Baseline Relaxation Lag (tau_q=10ps),0.36818181818181817,200271.03959119215,2,4.972176266256303e-05,1.582692861397789e-05,3.4258254704222786,3.4258254704222786,False,0.032522423566691015,1.6170722271269614e-06,1.4812207040448358e+18,5.323889877838283e+16,CONVERGED
S5,S5_tauq_10ps,Baseline Relaxation Lag (tau_q=10ps),0.36818181818181817,200271.03959119215,3,1.8537923247043029,0.5900804238850114,2.6627636578589572e-05,2.6627636578589572e-05,True,-0.27922628882181794,-0.9601975972557286,1.4812207040448358e+18,5.323889877838283e+16,CONVERGED
S5,S5_tauq_10ps,Baseline Relaxation Lag (tau_q=10ps),0.36818181818181817,200271.03959119215,4,1.8537994511259366,0.5900826922954705,-3.0404967074339546e-05,3.0404967074339546e-05,True,-0.2792490574343198,0.9602503713642365,1.4812207040448358e+18,5.323889877838283e+16,CONVERGED
S5,S5_tauq_10ps,Baseline Relaxation Lag (tau_q=10ps),0.38585858585858585,209886.2472533207,0,2.5675288093661602e-05,8.17269803082946e-06,-2.426826161409863,2.426826161409863,False,11.322887967942806,0.00029071841069306867,1.6896742116944788e+18,1.2712819967746715e+17,CONVERGED
S5,S5_tauq_10ps,Baseline Relaxation Lag (tau_q=10ps),0.38585858585858585,209886.2472533207,1,1.2996574858355988e-05,4.13693826394241e-06,3.172505482943986,3.172505482943986,False,0.0418984903293704,-5.445368660484263e-07,1.6896742116944788e+18,1.2712819967746715e+17,CONVERGED
S5,S5_tauq_10ps,Baseline Relaxation Lag (tau_q=10ps),0.38585858585858585,209886.2472533207,2,2.860395336313704e-07,9.104921139426608e-08,-3.4475663896441704,3.4475663896441704,False,31.423825832085125,8.988456485923285e-06,1.6896742116944788e+18,1.2712819967746715e+17,CONVERGED
S5,S5_tauq_10ps,Baseline Relaxation Lag (tau_q=10ps),0.38585858585858585,209886.2472533207,3,1.9320892198009663,0.6150030996517745,2.560366209721127e-07,2.560366209721127e-07,True,-0.3534838624650076,0.9354403491958794,1.6896742116944788e+18,1.2712819967746715e+17,CONVERGED
S5,S5_tauq_10ps,Baseline Relaxation Lag (tau_q=10ps),0.38585858585858585,209886.2472533207,4,1.9320816201178088,0.6150006805974937,-4.357905749578549e-06,4.357905749578549e-06,True,-0.35347838432966544,-0.935447351624436,1.6896742116944788e+18,1.2712819967746715e+17,CONVERGED
S5,S5_tauq_10ps,Baseline Relaxation Lag (tau_q=10ps),0.4035353535353535,219501.45491544926,0,1.5678265620308163e-05,4.99054694515953e-06,-2.364623208999291,2.364623208999291,False,10.64002899364464,-0.00016681720078380913,1.9140763683400274e+18,2.545744907660311e+17,CONVERGED
S5,S5_tauq_10ps,Baseline Relaxation Lag (tau_q=10ps),0.4035353535353535,219501.45491544926,1,6.072148967764036e-06,1.9328250468199922e-06,3.1687554199033885,3.1687554199033885,False,0.04205590728946558,-2.55369734039247e-07,1.9140763683400274e+18,2.545744907660311e+17,CONVERGED
S5,S5_tauq_10ps,Baseline Relaxation Lag (tau_q=10ps),0.4035353535353535,219501.45491544926,2,1.0845222288152488e-06,3.452141472179728e-07,3.4694181560383917,3.4694181560383917,False,0.031135141185674637,-3.376675271317854e-08,1.9140763683400274e+18,2.545744907660311e+17,CONVERGED
S5,S5_tauq_10ps,Baseline Relaxation Lag (tau_q=10ps),0.4035353535353535,219501.45491544926,3,2.00953969192279,0.6396563506177531,-1.123992858748146e-06,1.123992858748146e-06,True,-0.42480266404241795,0.9052872166393983,1.9140763683400274e+18,2.545744907660311e+17,CONVERGED
S5,S5_tauq_10ps,Baseline Relaxation Lag (tau_q=10ps),0.4035353535353535,219501.45491544926,4,2.0095356998042497,0.6396550798869549,-4.429810635155366e-06,4.429810635155366e-06,True,-0.42480045433572344,-0.9052919052199019,1.9140763683400274e+18,2.545744907660311e+17,CONVERGED
S5,S5_tauq_10ps,Baseline Relaxation Lag (tau_q=10ps),0.4212121212121212,229116.66257757787,0,6.509870816101031e-05,2.0721562385442998e-05,-2.300163085366081,2.300163085366081,False,9.975809209521834,0.0006494122933179497,2.1620626912267958e+18,6.234083814798897e+17,CONVERGED
S5,S5_tauq_10ps,Baseline Relaxation Lag (tau_q=10ps),0.4212121212121212,229116.66257757787,1,2.0192780648045117e-05,6.427561709813492e-06,3.1640696282269967,3.1640696282269967,False,0.042253434927228835,-8.532143432279457e-07,2.1620626912267958e+18,6.234083814798897e+17,CONVERGED
S5,S5_tauq_10ps,Baseline Relaxation Lag (tau_q=10ps),0.4212121212121212,229116.66257757787,2,3.7737185498672413e-06,1.2012119220979012e-06,3.4913626090402143,3.4913626090402143,False,0.03045933970952554,-1.1494497527909004e-07,2.1620626912267958e+18,6.234083814798897e+17,CONVERGED
S5,S5_tauq_10ps,Baseline Relaxation Lag (tau_q=10ps),0.4212121212121212,229116.66257757787,3,2.0862232323315357,0.664065479637431,7.301898289079684e-06,7.301898289079684e-06,True,-0.4929027377858432,0.8700760239158858,2.1620626912267958e+18,6.234083814798897e+17,CONVERGED
S5,S5_tauq_10ps,Baseline Relaxation Lag (tau_q=10ps),0.4212121212121212,229116.66257757787,4,2.0862244626330715,0.6640658712545728,-1.4680921551155802e-06,1.4680921551155802e-06,True,-0.4929081310219821,-0.8700830480827892,2.1620626912267958e+18,6.234083814798897e+17,CONVERGED
S5,S5_tauq_10ps,Baseline Relaxation Lag (tau_q=10ps),0.4388888888888889,238731.87023970645,0,2.7184680624332315e-05,8.653152595473919e-06,-2.233373073378317,2.233373073378317,False,9.331288171454643,-0.00025366808881709184,2.424069292530948e+18,7.29862738781191e+16,CONVERGED
S5,S5_tauq_10ps,Baseline Relaxation Lag (tau_q=10ps),0.4388888888888889,238731.87023970645,1,3.446125769780143e-06,1.0969359015537454e-06,3.158322902082925,3.158322902082925,False,0.042496952900161755,-1.4644984452696014e-07,2.424069292530948e+18,7.29862738781191e+16,CONVERGED
S5,S5_tauq_10ps,Baseline Relaxation Lag (tau_q=10ps),0.4388888888888889,238731.87023970645,2,3.828353521288156e-07,1.2186027736325472e-07,-3.513353920559857,3.513353920559857,False,33.560638953606215,-1.2848199031472508e-05,2.424069292530948e+18,7.29862738781191e+16,CONVERGED
S5,S5_tauq_10ps,Baseline Relaxation Lag (tau_q=10ps),0.4388888888888889,238731.87023970645,3,2.1621572211794486,0.6882360189850915,5.387004789342993e-06,5.387004789342993e-06,True,-0.5574883266678846,0.8301782890906644,2.424069292530948e+18,7.29862738781191e+16,CONVERGED
S5,S5_tauq_10ps,Baseline Relaxation Lag (tau_q=10ps),0.4388888888888889,238731.87023970645,4,2.162165508020089,0.6882386567683925,-1.192603838931754e-05,1.192603838931754e-05,True,-0.5575048582260573,-0.8301880422022383,2.424069292530948e+18,7.29862738781191e+16,CONVERGED
S5,S5_tauq_10ps,Baseline Relaxation Lag (tau_q=10ps),0.45656565656565656,248347.077901835,0,9.075070458830569e-05,2.8886846448602396e-05,-2.164128654790635,2.164128654790635,False,8.707011761652634,0.0007901674543978329,2.718356898650342e+18,1.6399519972501133e+17,CONVERGED
S5,S5_tauq_10ps,Baseline Relaxation Lag (tau_q=10ps),0.45656565656565656,248347.077901835,1,2.6394418731928243e-05,8.401604422447391e-06,3.151369714902047,3.151369714902047,False,0.04279347183487555,-1.1295088148649794e-06,2.718356898650342e+18,1.6399519972501133e+17,CONVERGED
S5,S5_tauq_10ps,Baseline Relaxation Lag (tau_q=10ps),0.45656565656565656,248347.077901835,2,4.0907449227975374e-07,1.3021245507826038e-07,-3.5353646874103926,3.5353646874103926,False,34.30752395517418,-1.4034332943339151e-05,2.718356898650342e+18,1.6399519972501133e+17,CONVERGED
S5,S5_tauq_10ps,Baseline Relaxation Lag (tau_q=10ps),0.45656565656565656,248347.077901835,3,2.2374181162369235,0.7121923059249264,5.805891871854437e-06,5.805891871854437e-06,True,-0.6183309440348942,-0.7859104477818,2.718356898650342e+18,1.6399519972501133e+17,CONVERGED
S5,S5_tauq_10ps,Baseline Relaxation Lag (tau_q=10ps),0.45656565656565656,248347.077901835,4,2.237412119624776,0.7121903971439962,9.837966182871444e-07,9.837966182871444e-07,True,-0.6183292128588121,0.7859179454205769,2.718356898650342e+18,1.6399519972501133e+17,CONVERGED
S5,S5_tauq_10ps,Baseline Relaxation Lag (tau_q=10ps),0.4742424242424242,257962.28556396352,0,1.353437236889133e-05,4.30812452831084e-06,-2.0921399786886825,2.0921399786886825,False,8.102235235396918,-0.00010965866870290952,3.0177011697999887e+18,1.5842023647576237e+17,CONVERGED
S5,S5_tauq_10ps,Baseline Relaxation Lag (tau_q=10ps),0.4742424242424242,257962.28556396352,1,5.547305162427162e-06,1.7657620748789444e-06,3.143014835508645,3.143014835508645,False,0.04315250389146667,-2.3938010761124675e-07,3.0177011697999887e+18,1.5842023647576237e+17,CONVERGED
S5,S5_tauq_10ps,Baseline Relaxation Lag (tau_q=10ps),0.4742424242424242,257962.28556396352,2,2.956558889769496e-06,9.411019236982029e-07,3.5573651437198692,3.5573651437198692,False,0.02851385573452697,8.430289365376628e-08,3.0177011697999887e+18,1.5842023647576237e+17,CONVERGED
S5,S5_tauq_10ps,Baseline Relaxation Lag (tau_q=10ps),0.4742424242424242,257962.28556396352,3,2.312015680527087,0.7359374481237164,-4.3264155183556084e-07,4.3264155183556084e-07,True,-0.6751881566390872,0.7376461336018711,3.0177011697999887e+18,1.5842023647576237e+17,CONVERGED
S5,S5_tauq_10ps,Baseline Relaxation Lag (tau_q=10ps),0.4742424242424242,257962.28556396352,4,2.3120023273645964,0.7359331976800838,-2.264862653124384e-06,2.264862653124384e-06,True,-0.6751795437472836,-0.7376565009818428,3.0177011697999887e+18,1.5842023647576237e+17,CONVERGED
S5,S5_tauq_10ps,Baseline Relaxation Lag (tau_q=10ps),0.49191919191919187,267577.4932260921,0,9.101427488038728e-05,2.8970743478276315e-05,-2.0173915274193592,2.0173915274193592,False,7.518687012211712,0.000684307848358545,3.335318823089541e+18,7.071695437935371e+16,CONVERGED
S5,S5_tauq_10ps,Baseline Relaxation Lag (tau_q=10ps),0.49191919191919187,267577.4932260921,1,2.8786248843426864e-05,9.162947593009481e-06,3.133100265373621,3.133100265373621,False,0.04358247034468841,-1.2545758369000062e-06,3.335318823089541e+18,7.071695437935371e+16,CONVERGED
S5,S5_tauq_10ps,Baseline Relaxation Lag (tau_q=10ps),0.49191919191919187,267577.4932260921,2,1.2320056999231971e-06,3.9215959412033426e-07,-3.5793512651061716,3.5793512651061716,False,35.85027597650547,4.416774434689675e-05,3.335318823089541e+18,7.071695437935371e+16,CONVERGED
S5,S5_tauq_10ps,Baseline Relaxation Lag (tau_q=10ps),0.49191919191919187,267577.4932260921,3,2.386020567968961,0.7594939354223835,-4.8247789089667866e-06,4.8247789089667866e-06,True,-0.727882892101103,-0.6857084985552601,3.335318823089541e+18,7.071695437935371e+16,CONVERGED
S5,S5_tauq_10ps,Baseline Relaxation Lag (tau_q=10ps),0.49191919191919187,267577.4932260921,4,2.38602781042093,0.7594962407664455,-8.11475963243423e-06,8.11475963243423e-06,True,-0.7278902530338405,0.6857054828345008,3.335318823089541e+18,7.071695437935371e+16,CONVERGED
S5,S5_tauq_10ps,Baseline Relaxation Lag (tau_q=10ps),0.5095959595959596,277192.70088822074,0,1.841838262298327e-05,5.862753276411313e-06,-1.939477765316443,1.939477765316443,False,6.95511781710811,0.00012810202115791098,3.6315091840898995e+18,1.253159478647568e+17,CONVERGED
S5,S5_tauq_10ps,Baseline Relaxation Lag (tau_q=10ps),0.5095959595959596,277192.70088822074,1,1.254896421701759e-05,3.9944593716433306e-06,3.1213631421286214,3.1213631421286214,False,0.04409701692649634,-5.533718875168692e-07,3.6315091840898995e+18,1.253159478647568e+17,CONVERGED
S5,S5_tauq_10ps,Baseline Relaxation Lag (tau_q=10ps),0.5095959595959596,277192.70088822074,2,6.603851859222131e-08,2.102071333683611e-08,3.601267021949911,3.601267021949911,False,0.027289124613934092,1.8021333631827333e-09,3.6315091840898995e+18,1.253159478647568e+17,CONVERGED
S5,S5_tauq_10ps,Baseline Relaxation Lag (tau_q=10ps),0.5095959595959596,277192.70088822074,3,2.4594598031986914,0.7828703700297837,1.7467618943402936e-05,1.7467618943402936e-05,True,-0.7762162709438498,-0.6304390264683536,3.6315091840898995e+18,1.253159478647568e+17,CONVERGED
S5,S5_tauq_10ps,Baseline Relaxation Lag (tau_q=10ps),0.5095959595959596,277192.70088822074,4,2.459474091291307,0.782874918070918,2.231354178468789e-06,2.231354178468789e-06,True,-0.776237105499777,0.6304375411941527,3.6315091840898995e+18,1.253159478647568e+17,CONVERGED
S5,S5_tauq_10ps,Baseline Relaxation Lag (tau_q=10ps),0.5272727272727272,286807.90855034924,0,3.661176244249762e-05,1.16538859360594e-05,-1.8582993309282199,1.8582993309282199,False,6.412821401022395,0.00023478469382530014,4.041134879777252e+18,9.400941185848347e+16,CONVERGED
S5,S5_tauq_10ps,Baseline Relaxation Lag (tau_q=10ps),0.5272727272727272,286807.90855034924,1,1.7496798221035747e-05,5.56940385031864e-06,3.1075800971160916,3.1075800971160916,False,0.0447090160093216,-7.82264631855984e-07,4.041134879777252e+18,9.400941185848347e+16,CONVERGED
S5,S5_tauq_10ps,Baseline Relaxation Lag (tau_q=10ps),0.5272727272727272,286807.90855034924,2,5.763613147864888e-06,1.8346150451042721e-06,3.6231561082281747,3.6231561082281747,False,0.02669828071769858,1.5387856177161906e-07,4.041134879777252e+18,9.400941185848347e+16,CONVERGED
S5,S5_tauq_10ps,Baseline Relaxation Lag (tau_q=10ps),0.5272727272727272,286807.90855034924,3,2.5324201192510225,0.8060943599283346,8.273075213442074e-06,8.273075213442074e-06,True,-0.8201149804358258,-0.57218429972449,4.041134879777252e+18,9.400941185848347e+16,CONVERGED
S5,S5_tauq_10ps,Baseline Relaxation Lag (tau_q=10ps),0.5272727272727272,286807.90855034924,4,2.5324144769855392,0.8060925639394508,-3.823108031132213e-06,3.823108031132213e-06,True,-0.8201216722890791,0.5721958483658013,4.041134879777252e+18,9.400941185848347e+16,CONVERGED
S5,S5_tauq_10ps,Baseline Relaxation Lag (tau_q=10ps),0.544949494949495,296423.11621247785,0,2.8877577104788245e-05,9.192018281488786e-06,-1.7731456182649177,1.7731456182649177,False,5.889349898766186,0.00017007015584597204,4.426367991816099e+18,1.1106186369933374e+17,CONVERGED
S5,S5_tauq_10ps,Baseline Relaxation Lag (tau_q=10ps),0.544949494949495,296423.11621247785,1,1.6040427490510695e-05,5.105826648843806e-06,3.091339636470341,3.091339636470341,False,0.04544103913244965,-7.288936933600313e-07,4.426367991816099e+18,1.1106186369933374e+17,CONVERGED
S5,S5_tauq_10ps,Baseline Relaxation Lag (tau_q=10ps),0.544949494949495,296423.11621247785,2,1.8405929299853897e-06,5.858789260543393e-07,-3.64496531290912,3.64496531290912,False,38.28144495650264,-7.046055693664318e-05,4.426367991816099e+18,1.1106186369933374e+17,CONVERGED
S5,S5_tauq_10ps,Baseline Relaxation Lag (tau_q=10ps),0.544949494949495,296423.11621247785,3,2.6049277136821867,0.8291742440591789,-1.912690597251551e-05,1.912690597251551e-05,True,-0.8594350208067225,0.5112824068502454,4.426367991816099e+18,1.1106186369933374e+17,CONVERGED
S5,S5_tauq_10ps,Baseline Relaxation Lag (tau_q=10ps),0.544949494949495,296423.11621247785,4,2.6049310972693442,0.829175321088422,-2.030024153840764e-05,2.030024153840764e-05,True,-0.8594377591786864,-0.5112800987767917,4.426367991816099e+18,1.1106186369933374e+17,CONVERGED
S5,S5_tauq_10ps,Baseline Relaxation Lag (tau_q=10ps),0.5626262626262627,306038.32387460646,0,1.801155023970904e-06,5.733254506795412e-07,-1.6840390565005536,1.6840390565005536,False,5.387271580601992,9.703311272907443e-06,4.817721194180567e+18,4.8852841991102216e+16,CONVERGED
S5,S5_tauq_10ps,Baseline Relaxation Lag (tau_q=10ps),0.5626262626262627,306038.32387460646,1,8.841212555218849e-06,2.8142453621784128e-06,3.0723743794510594,3.0723743794510594,False,0.04631106416968587,-4.0944596199324086e-07,4.817721194180567e+18,4.8852841991102216e+16,CONVERGED
S5,S5_tauq_10ps,Baseline Relaxation Lag (tau_q=10ps),0.5626262626262627,306038.32387460646,2,1.5751597840245224e-05,5.0138893157413e-06,3.6666554973038266,3.6666554973038266,False,0.025561818710969894,-4.026394884337533e-07,4.817721194180567e+18,4.8852841991102216e+16,CONVERGED
S5,S5_tauq_10ps,Baseline Relaxation Lag (tau_q=10ps),0.5626262626262627,306038.32387460646,3,2.677014355746077,0.8521201348899075,3.91070300560241e-06,3.91070300560241e-06,True,-0.8940070907850051,0.4480440829323691,4.817721194180567e+18,4.8852841991102216e+16,CONVERGED
S5,S5_tauq_10ps,Baseline Relaxation Lag (tau_q=10ps),0.5626262626262627,306038.32387460646,4,2.677044565152191,0.8521297508425293,-1.3299657839720691e-05,1.3299657839720691e-05,True,-0.8940360120726943,-0.4480247859065361,4.817721194180567e+18,4.8852841991102216e+16,CONVERGED
S5,S5_tauq_10ps,Baseline Relaxation Lag (tau_q=10ps),0.5803030303030303,315653.531536735,0,1.942699626681052e-05,6.183804970581383e-06,-1.590211747522865,1.590211747522865,False,4.904787394031882,9.528528640534381e-05,5.260632615584649e+18,1.8101424497233446e+17,CONVERGED
S5,S5_tauq_10ps,Baseline Relaxation Lag (tau_q=10ps),0.5803030303030303,315653.531536735,1,1.417433416319363e-05,4.51183069421718e-06,3.050151156504928,3.050151156504928,False,0.04735176631790398,-6.711797590523771e-07,5.260632615584649e+18,1.8101424497233446e+17,CONVERGED
S5,S5_tauq_10ps,Baseline Relaxation Lag (tau_q=10ps),0.5803030303030303,315653.531536735,2,1.769785824502198e-05,5.633403243669808e-06,3.688283395322532,3.688283395322532,False,0.025014905907826148,-4.427102588154911e-07,5.260632615584649e+18,1.8101424497233446e+17,CONVERGED
S5,S5_tauq_10ps,Baseline Relaxation Lag (tau_q=10ps),0.5803030303030303,315653.531536735,3,2.748848921428365,0.8749857873162986,1.3767683334541685e-05,1.3767683334541685e-05,True,-0.9238497252399919,0.38271941443623836,5.260632615584649e+18,1.8101424497233446e+17,CONVERGED
S5,S5_tauq_10ps,Baseline Relaxation Lag (tau_q=10ps),0.5803030303030303,315653.531536735,4,2.748842114034654,0.8749836204555813,-1.096299896741327e-05,1.096299896741327e-05,True,-0.9238699675489866,-0.38273516862100043,5.260632615584649e+18,1.8101424497233446e+17,CONVERGED
S5,S5_tauq_10ps,Baseline Relaxation Lag (tau_q=10ps),0.5979797979797981,325268.7391988636,0,5.6544431243619285e-05,1.7998651473483632e-05,-1.4905494987569672,1.4905494987569672,False,4.439534360389438,-0.00025103094566226406,5.648754457631581e+18,5.869579135351704e+16,CONVERGED
S5,S5_tauq_10ps,Baseline Relaxation Lag (tau_q=10ps),0.5979797979797981,325268.7391988636,1,1.0483194562021084e-05,3.3369044678794645e-06,3.0239267843452353,3.0239267843452353,False,0.048609962255544925,5.095876919960461e-07,5.648754457631581e+18,5.869579135351704e+16,CONVERGED
S5,S5_tauq_10ps,Baseline Relaxation Lag (tau_q=10ps),0.5979797979797981,325268.7391988636,2,1.036960514327717e-05,3.3007478329274065e-06,-3.70978963888825,3.70978963888825,False,40.84521337649781,-0.0004235487347223664,5.648754457631581e+18,5.869579135351704e+16,CONVERGED
S5,S5_tauq_10ps,Baseline Relaxation Lag (tau_q=10ps),0.5979797979797981,325268.7391988636,3,2.820503847401544,0.8977942586473292,3.9609823361426435e-05,3.9609823361426435e-05,True,-0.9488547687594314,-0.31558740674107455,5.648754457631581e+18,5.869579135351704e+16,CONVERGED
S5,S5_tauq_10ps,Baseline Relaxation Lag (tau_q=10ps),0.5979797979797981,325268.7391988636,4,2.820494074192511,0.8977911477382742,1.4449956867920695e-05,1.4449956867920695e-05,True,-0.9488755576944469,0.3156046205522268,5.648754457631581e+18,5.869579135351704e+16,CONVERGED
S5,S5_tauq_10ps,Baseline Relaxation Lag (tau_q=10ps),0.6156565656565657,334883.9468609921,0,0.00011017689666256791,3.507039543674526e-05,-1.3844129702677201,1.3844129702677201,False,3.992481487184599,-0.0004398792220206434,6.133234631107359e+18,6.6427751317504664e+16,CONVERGED
S5,S5_tauq_10ps,Baseline Relaxation Lag (tau_q=10ps),0.6156565656565657,334883.9468609921,1,3.094437563336257e-05,9.849900685884106e-06,2.9929920134059333,2.9929920134059333,False,0.0501372008806302,1.5514643777507816e-06,6.133234631107359e+18,6.6427751317504664e+16,CONVERGED
S5,S5_tauq_10ps,Baseline Relaxation Lag (tau_q=10ps),0.6156565656565657,334883.9468609921,2,2.666286583394387e-06,8.487053788936355e-07,3.7311987773113757,3.7311987773113757,False,0.023964091002157423,-6.38951343224459e-08,6.133234631107359e+18,6.6427751317504664e+16,CONVERGED
S5,S5_tauq_10ps,Baseline Relaxation Lag (tau_q=10ps),0.6156565656565657,334883.9468609921,3,2.8921552303376283,0.9206016021946254,-1.125800186881238e-05,1.125800186881238e-05,True,-0.9690623617357705,0.24686161168621448,6.133234631107359e+18,6.6427751317504664e+16,CONVERGED
S5,S5_tauq_10ps,Baseline Relaxation Lag (tau_q=10ps),0.6156565656565657,334883.9468609921,4,2.892148896710198,0.9205995861383989,-1.6192136534582238e-05,1.6192136534582238e-05,True,-0.9690655796751321,-0.24686896744294462,6.133234631107359e+18,6.6427751317504664e+16,CONVERGED
S5,S5_tauq_10ps,Baseline Relaxation Lag (tau_q=10ps),0.6333333333333333,344499.15452312067,0,3.786355225556668e-05,1.2052343008983442e-05,-1.2714605079947388,1.2714605079947388,False,3.566057013082377,0.0001350235861257001,6.670781524037308e+18,1.9853017727989795e+17,CONVERGED
S5,S5_tauq_10ps,Baseline Relaxation Lag (tau_q=10ps),0.6333333333333333,344499.15452312067,1,2.2577568212060283e-05,7.18666316788768e-06,2.956633961755103,2.956633961755103,False,0.05199363550583825,-1.1738898524255247e-06,6.670781524037308e+18,1.9853017727989795e+17,CONVERGED
S5,S5_tauq_10ps,Baseline Relaxation Lag (tau_q=10ps),0.6333333333333333,344499.15452312067,2,4.007797562476698e-06,1.2757215859596313e-06,3.7524933357732113,3.7524933357732113,False,0.02345918125971387,9.401964947088367e-08,6.670781524037308e+18,1.9853017727989795e+17,CONVERGED
S5,S5_tauq_10ps,Baseline Relaxation Lag (tau_q=10ps),0.6333333333333333,344499.15452312067,3,2.9644261618474634,0.9436061541779176,5.495592572949506e-06,5.495592572949506e-06,True,-0.9843416148044,0.17624016068854237,6.670781524037308e+18,1.9853017727989795e+17,CONVERGED
S5,S5_tauq_10ps,Baseline Relaxation Lag (tau_q=10ps),0.6333333333333333,344499.15452312067,4,2.964425230522187,0.9436058577278748,9.570538298742331e-07,9.570538298742331e-07,True,-0.9843459181490049,-0.1762418773094658,6.670781524037308e+18,1.9853017727989795e+17,CONVERGED
S5,S5_tauq_10ps,Baseline Relaxation Lag (tau_q=10ps),0.651010101010101,354114.3621852493,0,0.00016287242038746604,5.1843901596012825e-05,-1.1490793867616085,1.1490793867616085,False,3.155286731555916,0.0005139091915291981,6.964830768499867e+18,9.92596519658476e+16,CONVERGED
S5,S5_tauq_10ps,Baseline Relaxation Lag (tau_q=10ps),0.651010101010101,354114.3621852493,1,7.554810146339478e-05,2.404770757821466e-05,2.9131135435916535,2.9131135435916535,False,0.05430638092879828,-4.102743984324111e-06,6.964830768499867e+18,9.92596519658476e+16,CONVERGED
S5,S5_tauq_10ps,Baseline Relaxation Lag (tau_q=10ps),0.651010101010101,354114.3621852493,2,4.027893927331927e-05,1.2821184575694072e-05,3.7735401121982504,3.7735401121982504,False,0.0229706006566239,-9.252314294201847e-07,6.964830768499867e+18,9.92596519658476e+16,CONVERGED
S5,S5_tauq_10ps,Baseline Relaxation Lag (tau_q=10ps),0.651010101010101,354114.3621852493,3,3.03917503752076,0.9673994602858509,1.898536400314094e-05,1.898536400314094e-05,True,-0.9947410131090177,0.10223671958605514,6.964830768499867e+18,9.92596519658476e+16,CONVERGED
S5,S5_tauq_10ps,Baseline Relaxation Lag (tau_q=10ps),0.651010101010101,354114.3621852493,4,3.03916975666322,0.9673977793366884,1.854829635512669e-06,1.854829635512669e-06,True,-0.9947575137794156,-0.10224372414483734,6.964830768499867e+18,9.92596519658476e+16,CONVERGED
S5,S5_tauq_10ps,Baseline Relaxation Lag (tau_q=10ps),0.6686868686868687,363729.5698473778,0,2.2066581801756436e-06,7.024011141782398e-07,-1.0157746070783737,1.0157746070783737,False,2.761501647834028,-6.093690200771368e-06,7.808120953664304e+18,1.3498069648735522e+17,CONVERGED
S5,S5_tauq_10ps,Baseline Relaxation Lag (tau_q=10ps),0.6686868686868687,363729.5698473778,1,7.34440928950055e-06,2.3377980850280953e-06,2.8607898982422086,2.8607898982422086,False,0.05722354163226683,-4.202731107496986e-07,7.808120953664304e+18,1.3498069648735522e+17,CONVERGED
S5,S5_tauq_10ps,Baseline Relaxation Lag (tau_q=10ps),0.6686868686868687,363729.5698473778,2,5.554432441952523e-06,1.7680307584134622e-06,-3.7947030284670094,3.7947030284670094,False,44.46502959591296,0.0002469780029224579,7.808120953664304e+18,1.3498069648735522e+17,CONVERGED
S5,S5_tauq_10ps,Baseline Relaxation Lag (tau_q=10ps),0.6686868686868687,363729.5698473778,3,3.1414806000879962,0.9999643322625965,0.02486060620513063,0.02486060620513063,False,-0.9754458675301844,-0.00010930212572766544,7.808120953664304e+18,1.3498069648735522e+17,CONVERGED
S5,S5_tauq_10ps,Baseline Relaxation Lag (tau_q=10ps),0.6686868686868687,363729.5698473778,4,3.1415173787193402,0.9999760392645537,-0.024922920669274803,0.024922920669274803,False,-1.0252360900622404,7.717451400888154e-05,7.808120953664304e+18,1.3498069648735522e+17,CONVERGED
S5,S5_tauq_10ps,Baseline Relaxation Lag (tau_q=10ps),0.6863636363636364,373344.7775095064,0,0.0005559403439189534,0.0001769613075978195,-0.8688958912068033,0.8688958912068033,False,2.3842765301624667,0.0013255156507353066,8.321707695303281e+18,2.7622898220159478e+17,CONVERGED
S5,S5_tauq_10ps,Baseline Relaxation Lag (tau_q=10ps),0.6863636363636364,373344.7775095064,1,0.00027809056093377706,8.851897479961708e-05,2.797149222471094,2.797149222471094,False,0.06098366356182879,-1.6958981644876377e-05,8.321707695303281e+18,2.7622898220159478e+17,CONVERGED
S5,S5_tauq_10ps,Baseline Relaxation Lag (tau_q=10ps),0.6863636363636364,373344.7775095064,2,2.7140597695194993e-06,8.63912056331757e-07,-3.815613024949944,3.815613024949944,False,45.404581994616045,-0.0001232307493437394,8.321707695303281e+18,2.7622898220159478e+17,CONVERGED
S5,S5_tauq_10ps,Baseline Relaxation Lag (tau_q=10ps),0.6863636363636364,373344.7775095064,3,3.14158240624283,0.9999967381681545,0.04523884720703522,0.04523884720703522,False,-0.9557691717211453,9.794098319445013e-06,8.321707695303281e+18,2.7622898220159478e+17,CONVERGED
S5,S5_tauq_10ps,Baseline Relaxation Lag (tau_q=10ps),0.6863636363636364,373344.7775095064,4,3.1415902580967026,0.9999992374908669,-0.04523408428035518,0.04523408428035518,False,-1.0462727472455533,-2.5063391369397917e-06,8.321707695303281e+18,2.7622898220159478e+17,CONVERGED
S5,S5_tauq_10ps,Baseline Relaxation Lag (tau_q=10ps),0.704040404040404,382959.98517163494,0,3.68074949002501e-05,1.1716189512409066e-05,-0.7034282477779811,0.7034282477779811,False,2.02066819658083,-7.437573437433435e-05,9.104184570820995e+18,4.689295800338761e+16,CONVERGED
S5,S5_tauq_10ps,Baseline Relaxation Lag (tau_q=10ps),0.704040404040404,382959.98517163494,1,1.1066677508769002e-05,3.522632858248977e-06,2.717881307858879,2.717881307858879,False,0.0660144707024905,7.305608582063662e-07,9.104184570820995e+18,4.689295800338761e+16,CONVERGED
S5,S5_tauq_10ps,Baseline Relaxation Lag (tau_q=10ps),0.704040404040404,382959.98517163494,2,3.1121491484125895e-05,9.906278412181924e-06,3.8364032451075687,3.8364032451075687,False,0.021571047744823532,6.713231789109346e-07,9.104184570820995e+18,4.689295800338761e+16,CONVERGED
S5,S5_tauq_10ps,Baseline Relaxation Lag (tau_q=10ps),0.704040404040404,382959.98517163494,3,3.0633154145696446,0.9750835809567151,1.0545898702505523e-06,1.0545898702505523e-06,True,-0.996936849584734,-0.07819724267868508,9.104184570820995e+18,4.689295800338761e+16,CONVERGED
S5,S5_tauq_10ps,Baseline Relaxation Lag (tau_q=10ps),0.704040404040404,382959.98517163494,4,3.0633112214918463,0.9750822462585984,-4.465838291579119e-08,4.465838291579119e-08,True,-0.9969376175701802,0.07820150887459265,9.104184570820995e+18,4.689295800338761e+16,CONVERGED
S5,S5_tauq_10ps,Baseline Relaxation Lag (tau_q=10ps),0.7217171717171718,392575.19283376355,0,4.575736464729969e-05,1.4565021532952171e-05,-0.5134630271848566,0.5134630271848566,False,1.6710681389620523,-7.646367423833602e-05,9.64488057326958e+18,9.035990216061664e+16,CONVERGED
S5,S5_tauq_10ps,Baseline Relaxation Lag (tau_q=10ps),0.7217171717171718,392575.19283376355,1,1.788925319752814e-05,5.694326149218196e-06,2.617059428637503,2.617059428637503,False,0.07301725989976256,1.3062242502759123e-06,9.64488057326958e+18,9.035990216061664e+16,CONVERGED
S5,S5_tauq_10ps,Baseline Relaxation Lag (tau_q=10ps),0.7217171717171718,392575.19283376355,2,2.847940071171763e-05,9.065274799129405e-06,3.8570622723441637,3.8570622723441637,False,0.02112998255939965,-6.01769240503441e-07,9.64488057326958e+18,9.035990216061664e+16,CONVERGED
S5,S5_tauq_10ps,Baseline Relaxation Lag (tau_q=10ps),0.7217171717171718,392575.19283376355,3,2.987259501653075,0.9508742319726375,6.373443752495205e-06,6.373443752495205e-06,True,-0.9881079614886412,0.15372023170844545,9.64488057326958e+18,9.035990216061664e+16,CONVERGED
S5,S5_tauq_10ps,Baseline Relaxation Lag (tau_q=10ps),0.7217171717171718,392575.19283376355,4,2.9872183323048658,0.9508611273620948,-7.343618771709599e-06,7.343618771709599e-06,True,-0.988115186034345,-0.15376302050139748,9.64488057326958e+18,9.035990216061664e+16,CONVERGED
S5,S5_tauq_10ps,Baseline Relaxation Lag (tau_q=10ps),0.7393939393939394,402190.40049589204,0,0.0003939235788177083,0.00012538976953857623,-0.2883063279764375,0.2883063279764375,False,1.3341658303684614,-0.0005255594058197421,1.0432835487411274e+19,1.35281262734832e+17,CONVERGED
S5,S5_tauq_10ps,Baseline Relaxation Lag (tau_q=10ps),0.7393939393939394,402190.40049589204,1,0.0002427616173850949,7.72734227996425e-05,2.484186594784159,2.484186594784159,False,0.08339335706815436,2.0244706638733023e-05,1.0432835487411274e+19,1.35281262734832e+17,CONVERGED
S5,S5_tauq_10ps,Baseline Relaxation Lag (tau_q=10ps),0.7393939393939394,402190.40049589204,2,1.0179449029603974e-05,3.2402192620269396e-06,3.8776005799236217,3.8776005799236217,False,0.020700434678386226,-2.1071901970655744e-07,1.0432835487411274e+19,1.35281262734832e+17,CONVERGED
S5,S5_tauq_10ps,Baseline Relaxation Lag (tau_q=10ps),0.7393939393939394,402190.40049589204,3,2.9157805645746375,0.9281217796466618,7.4500400716711305e-06,7.4500400716711305e-06,True,-0.9746053425542889,-0.22389624002090686,1.0432835487411274e+19,1.35281262734832e+17,CONVERGED
S5,S5_tauq_10ps,Baseline Relaxation Lag (tau_q=10ps),0.7393939393939394,402190.40049589204,4,2.915777135095665,0.9281206880096005,-3.4987518952913166e-06,3.4987518952913166e-06,True,-0.974615245502265,0.22390203385148816,1.0432835487411274e+19,1.35281262734832e+17,CONVERGED
S5,S5_tauq_10ps,Baseline Relaxation Lag (tau_q=10ps),0.7570707070707071,411805.6081580207,0,0.0002132368594485332,6.787540046125157e-05,-0.004092311496228125,0.004092311496228125,False,1.004100673608739,0.00021411127745569447,1.0702692091405988e+19,4.7677752323310776e+16,CONVERGED
S5,S5_tauq_10ps,Baseline Relaxation Lag (tau_q=10ps),0.7570707070707071,411805.6081580207,1,0.0001607271056903747,5.116102671895326e-05,2.296376719613224,2.296376719613224,False,0.1006227672278263,-1.6172806282349934e-05,1.0702692091405988e+19,4.7677752323310776e+16,CONVERGED
S5,S5_tauq_10ps,Baseline Relaxation Lag (tau_q=10ps),0.7570707070707071,411805.6081580207,2,0.00011264083181631218,3.585469035509784e-05,3.897875040957579,3.897875040957579,False,0.020284970282946464,-2.2849159357039016e-06,1.0702692091405988e+19,4.7677752323310776e+16,CONVERGED
S5,S5_tauq_10ps,Baseline Relaxation Lag (tau_q=10ps),0.7570707070707071,411805.6081580207,3,2.8456374517405005,0.9057945333838509,-7.765776667432953e-07,7.765776667432953e-07,True,-0.9565247334380395,-0.29165388301517126,1.0702692091405988e+19,4.7677752323310776e+16,CONVERGED
S5,S5_tauq_10ps,Baseline Relaxation Lag (tau_q=10ps),0.7570707070707071,411805.6081580207,4,2.8456628768234347,0.9058026264391058,-3.5115695010006956e-06,3.5115695010006956e-06,True,-0.9565347645642297,0.29163036080579463,1.0702692091405988e+19,4.7677752323310776e+16,CONVERGED
S5,S5_tauq_10ps,Baseline Relaxation Lag (tau_q=10ps),0.7747474747474747,421420.81582014915,0,0.00018423732191946883,5.864456097099253e-05,0.4000967237890492,0.4000967237890492,False,0.6702552019010294,-0.00012348602479801666,1.2031137146695666e+19,1.0953319403141288e+17,CONVERGED
S5,S5_tauq_10ps,Baseline Relaxation Lag (tau_q=10ps),0.7747474747474747,421420.81582014915,1,0.00013946559535480554,4.439327778394276e-05,1.992861184430913,1.992861184430913,False,0.13630487228370303,1.900984028605864e-05,1.2031137146695666e+19,1.0953319403141288e+17,CONVERGED
S5,S5_tauq_10ps,Baseline Relaxation Lag (tau_q=10ps),0.7747474747474747,421420.81582014915,2,8.650072592787702e-05,2.7534036224917805e-05,3.918415804127439,3.918415804127439,False,0.01987255176094234,1.7189901576481997e-06,1.2031137146695666e+19,1.0953319403141288e+17,CONVERGED
S5,S5_tauq_10ps,Baseline Relaxation Lag (tau_q=10ps),0.7747474747474747,421420.81582014915,3,2.7760275544916433,0.8836370149133018,5.052354272038481e-07,5.052354272038481e-07,True,-0.933921428450572,0.3574769293402012,1.2031137146695666e+19,1.0953319403141288e+17,CONVERGED
S5,S5_tauq_10ps,Baseline Relaxation Lag (tau_q=10ps),0.7747474747474747,421420.81582014915,4,2.7760378061122073,0.8836402781054767,-1.6767178959224285e-05,1.6767178959224285e-05,True,-0.9339412243998633,-0.3574735294909059,1.2031137146695666e+19,1.0953319403141288e+17,CONVERGED
S5,S5_tauq_10ps,Baseline Relaxation Lag (tau_q=10ps),0.7924242424242425,431036.0234822779,0,0.42697705962903204,0.1359110192536068,1.249031389180371,1.249031389180371,False,0.2610356228831228,-0.1187626758306146,1.1835606200735035e+19,1.52083058519622e+17,CONVERGED
S5,S5_tauq_10ps,Baseline Relaxation Lag (tau_q=10ps),0.7924242424242425,431036.0234822779,1,0.42692874252195356,0.13589563944075192,1.2497967532321597,1.2497967532321597,False,0.2608416456109041,0.11865921094828469,1.1835606200735035e+19,1.52083058519622e+17,CONVERGED
S5,S5_tauq_10ps,Baseline Relaxation Lag (tau_q=10ps),0.7924242424242425,431036.0234822779,2,5.099076135342213e-05,1.6230863442832633e-05,3.9385554151268316,3.9385554151268316,False,0.019476329619186664,-9.931128765132511e-07,1.1835606200735035e+19,1.52083058519622e+17,CONVERGED
S5,S5_tauq_10ps,Baseline Relaxation Lag (tau_q=10ps),0.7924242424242425,431036.0234822779,3,2.7067474166342915,0.8615844621171308,-5.252450866321491e-06,5.252450866321491e-06,True,-0.9069400138406318,-0.421272259057802,1.1835606200735035e+19,1.52083058519622e+17,CONVERGED
S5,S5_tauq_10ps,Baseline Relaxation Lag (tau_q=10ps),0.7924242424242425,431036.0234822779,4,2.706762379432622,0.8615892249237644,-1.5509939992710334e-05,1.5509939992710334e-05,True,-0.90695562019066,0.42126300972869923,1.1835606200735035e+19,1.52083058519622e+17,CONVERGED
S5,S5_tauq_10ps,Baseline Relaxation Lag (tau_q=10ps),0.8101010101010101,440651.2311444063,0,1.0892234365999343,0.34671058813284245,1.30497649719395,1.30497649719395,False,0.12560295176936354,0.24033705267261576,1.2763616019521354e+19,7.720033359753354e+16,CONVERGED
S5,S5_tauq_10ps,Baseline Relaxation Lag (tau_q=10ps),0.8101010101010101,440651.2311444063,1,1.0891872236970683,0.34669906120785277,1.3054201396421266,1.3054201396421266,False,0.12555594068673853,-0.24022590601451677,1.2763616019521354e+19,7.720033359753354e+16,CONVERGED
S5,S5_tauq_10ps,Baseline Relaxation Lag (tau_q=10ps),0.8101010101010101,440651.2311444063,2,1.284031002419834e-05,4.08719762236716e-06,3.9584757472901404,3.9584757472901404,False,0.019092193450019213,2.451496829536885e-07,1.2763616019521354e+19,7.720033359753354e+16,CONVERGED
S5,S5_tauq_10ps,Baseline Relaxation Lag (tau_q=10ps),0.8101010101010101,440651.2311444063,3,2.637603768100652,0.839575355222056,9.412177333707612e-07,9.412177333707612e-07,True,-0.8756623875084741,0.48292183701843916,1.2763616019521354e+19,7.720033359753354e+16,CONVERGED
S5,S5_tauq_10ps,Baseline Relaxation Lag (tau_q=10ps),0.8101010101010101,440651.2311444063,4,2.6376298759538153,0.8395836656098249,-2.554152298503431e-07,2.554152298503431e-07,True,-0.8756760431246398,-0.4828995530420009,1.2763616019521354e+19,7.720033359753354e+16,CONVERGED
S5,S5_tauq_10ps,Baseline Relaxation Lag (tau_q=10ps),0.8277777777777778,450266.438806535,0,1.5846489494607918,0.5044094267441281,1.3641716713755363,1.3641716713755363,False,-0.0035405104892760808,-0.25556777967820243,1.3782835844952052e+19,1.7854081068645832e+18,CONVERGED
S5,S5_tauq_10ps,Baseline Relaxation Lag (tau_q=10ps),0.8277777777777778,450266.438806535,1,1.58454044732112,0.5043748894403984,1.3649881512258992,1.3649881512258992,False,-0.0035099138733675783,0.2553595812345848,1.3782835844952052e+19,1.7854081068645832e+18,CONVERGED
S5,S5_tauq_10ps,Baseline Relaxation Lag (tau_q=10ps),0.8277777777777778,450266.438806535,2,3.003604540535694e-06,9.560770194390337e-07,3.9783757659896737,3.9783757659896737,False,0.01871601384954534,5.6215504179392366e-08,1.3782835844952052e+19,1.7854081068645832e+18,CONVERGED
S5,S5_tauq_10ps,Baseline Relaxation Lag (tau_q=10ps),0.8277777777777778,450266.438806535,3,2.5685239699073334,0.8175865725215415,2.4532540499127876e-06,2.4532540499127876e-06,True,-0.840238992364858,0.5422117014724278,1.3782835844952052e+19,1.7854081068645832e+18,CONVERGED
S5,S5_tauq_10ps,Baseline Relaxation Lag (tau_q=10ps),0.8277777777777778,450266.438806535,4,2.5685302001618107,0.817588555673135,-1.0678271078871513e-06,1.0678271078871513e-06,True,-0.8402453290322186,-0.5422083757154946,1.3782835844952052e+19,1.7854081068645832e+18,CONVERGED
S5,S5_tauq_10ps,Baseline Relaxation Lag (tau_q=10ps),0.8454545454545455,459881.6464686634,0,2.1254357122713228,0.6765471996640489,1.42801708026503,1.42801708026503,False,-0.1262790332056035,-0.20383801338831004,1.4211443559386302e+19,1.1249579576652658e+17,CONVERGED
S5,S5_tauq_10ps,Baseline Relaxation Lag (tau_q=10ps),0.8454545454545455,459881.6464686634,1,2.1254064776351216,0.676537893990327,1.4282351427880637,1.4282351427880637,False,-0.12624554159836746,0.2037972596324149,1.4211443559386302e+19,1.1249579576652658e+17,CONVERGED
S5,S5_tauq_10ps,Baseline Relaxation Lag (tau_q=10ps),0.8454545454545455,459881.6464686634,2,3.029333156135108e-05,9.642666921421497e-06,3.9981167429086857,3.9981167429086857,False,0.0183501644371792,-5.558876156708263e-07,1.4211443559386302e+19,1.1249579576652658e+17,CONVERGED
S5,S5_tauq_10ps,Baseline Relaxation Lag (tau_q=10ps),0.8454545454545455,459881.6464686634,3,2.4994133413954214,0.7955879762258246,9.763269912033736e-06,9.763269912033736e-06,True,-0.8007845605560404,0.5989361912807464,1.4211443559386302e+19,1.1249579576652658e+17,CONVERGED
S5,S5_tauq_10ps,Baseline Relaxation Lag (tau_q=10ps),0.8454545454545455,459881.6464686634,4,2.4994051565211817,0.7955853708994369,8.307635358531392e-06,8.307635358531392e-06,True,-0.8007808239552029,-0.598943617423996,1.4211443559386302e+19,1.1249579576652658e+17,CONVERGED
S5,S5_tauq_10ps,Baseline Relaxation Lag (tau_q=10ps),0.8631313131313132,469496.85413079214,0,3.141201444470915,0.9998754742698958,1.084593659585383,1.084593659585383,False,-0.3380390910786558,0.00013224398171380667,1.4993509045010397e+19,7.069397028915192e+16,CONVERGED
S5,S5_tauq_10ps,Baseline Relaxation Lag (tau_q=10ps),0.8631313131313132,469496.85413079214,1,3.1411728948463913,0.9998663866421631,1.909238778732822,1.909238778732822,False,-0.14819313839342402,-6.220536920628748e-05,1.4993509045010397e+19,7.069397028915192e+16,CONVERGED
S5,S5_tauq_10ps,Baseline Relaxation Lag (tau_q=10ps),0.8631313131313132,469496.85413079214,2,0.0005381304957172409,0.00017129225684378178,4.0175776811546235,4.0175776811546235,False,0.017996502852271678,9.684467935893425e-06,1.4993509045010397e+19,7.069397028915192e+16,CONVERGED
S5,S5_tauq_10ps,Baseline Relaxation Lag (tau_q=10ps),0.8631313131313132,469496.85413079214,3,2.4301433948456848,0.7735386674236207,4.1760936287082695e-05,4.1760936287082695e-05,True,-0.7573847743582075,0.6529048821885524,1.4993509045010397e+19,7.069397028915192e+16,CONVERGED
S5,S5_tauq_10ps,Baseline Relaxation Lag (tau_q=10ps),0.8631313131313132,469496.85413079214,4,2.430239224554592,0.7735691709673559,2.445006488367152e-05,2.445006488367152e-05,True,-0.7574604507522219,-0.6528436004220807,1.4993509045010397e+19,7.069397028915192e+16,CONVERGED
S5,S5_tauq_10ps,Baseline Relaxation Lag (tau_q=10ps),0.8808080808080808,479112.06179292063,0,3.1414363281194193,0.9999502400573177,0.4449935831061331,0.4449935831061331,False,-0.6408283803167082,0.00010017779879793314,1.5881283024173554e+19,6.839136724560132e+16,CONVERGED
S5,S5_tauq_10ps,Baseline Relaxation Lag (tau_q=10ps),0.8808080808080808,479112.06179292063,1,3.141386449214872,0.9999343631088883,2.6992762973662354,2.6992762973662354,False,-0.06725416572003004,-1.3868103399690479e-05,1.5881283024173554e+19,6.839136724560132e+16,CONVERGED
S5,S5_tauq_10ps,Baseline Relaxation Lag (tau_q=10ps),0.8808080808080808,479112.06179292063,2,0.0004643856546370949,0.0001478185448729188,4.037775772189477,4.037775772189477,False,0.01763665486276192,-8.190210102802828e-06,1.5881283024173554e+19,6.839136724560132e+16,CONVERGED
S5,S5_tauq_10ps,Baseline Relaxation Lag (tau_q=10ps),0.8808080808080808,479112.06179292063,3,2.360929722957793,0.7515072714026235,-4.326431666349747e-05,4.326431666349747e-05,True,-0.7104778940371693,0.7037809989347155,1.5881283024173554e+19,6.839136724560132e+16,CONVERGED
S5,S5_tauq_10ps,Baseline Relaxation Lag (tau_q=10ps),0.8808080808080808,479112.06179292063,4,2.360855533287261,0.7514836560970405,-3.9714581214706605e-05,3.9714581214706605e-05,True,-0.7104231569827664,-0.7038312086996772,1.5881283024173554e+19,6.839136724560132e+16,CONVERGED
S5,S5_tauq_10ps,Baseline Relaxation Lag (tau_q=10ps),0.8984848484848484,488727.2694550492,0,3.141553344739926,0.9999874876044728,0.13130723392040458,0.13130723392040458,False,-0.8769483040548743,3.447182924326351e-05,1.6875288771346842e+19,8.779270990540848e+16,CONVERGED
S5,S5_tauq_10ps,Baseline Relaxation Lag (tau_q=10ps),0.8984848484848484,488727.2694550492,1,3.141549620510878,0.9999863021455484,3.179868861518132,3.179868861518132,False,-0.04159110891993924,-1.78979347341853e-06,1.6875288771346842e+19,8.779270990540848e+16,CONVERGED
S5,S5_tauq_10ps,Baseline Relaxation Lag (tau_q=10ps),0.8984848484848484,488727.2694550492,2,1.4259348076695036e-05,4.538891463347852e-06,4.056793990798588,4.056793990798588,False,0.017304408369374847,-2.4674958221691447e-07,1.6875288771346842e+19,8.779270990540848e+16,CONVERGED
S5,S5_tauq_10ps,Baseline Relaxation Lag (tau_q=10ps),0.8984848484848484,488727.2694550492,3,2.291300362644241,0.7293435576461667,8.500083212034068e-06,8.500083212034068e-06,True,-0.6597579172145865,0.751466892584596,1.6875288771346842e+19,8.779270990540848e+16,CONVERGED
S5,S5_tauq_10ps,Baseline Relaxation Lag (tau_q=10ps),0.8984848484848484,488727.2694550492,4,2.291302634721968,0.7293442808709693,1.2773815669979262e-05,1.2773815669979262e-05,True,-0.6597568049739757,-0.7514621820062067,1.6875288771346842e+19,8.779270990540848e+16,CONVERGED
S5,S5_tauq_10ps,Baseline Relaxation Lag (tau_q=10ps),0.9161616161616162,498342.4771171778,0,3.1415644890341023,0.9999910349434836,-0.08648206098467755,0.08648206098467755,False,-1.0903318076308794,3.070871092563498e-05,1.8690453645328683e+19,1.5915830286248397e+17,CONVERGED
S5,S5_tauq_10ps,Baseline Relaxation Lag (tau_q=10ps),0.9161616161616162,498342.4771171778,1,3.1415285356336993,0.9999795906206934,3.586512653041459,3.586512653041459,False,-0.027694743335008844,-1.77573033962187e-06,1.8690453645328683e+19,1.5915830286248397e+17,CONVERGED
S5,S5_tauq_10ps,Baseline Relaxation Lag (tau_q=10ps),0.9161616161616162,498342.4771171778,2,2.4663663913528713e-06,7.85068805319059e-07,4.076081191148597,4.076081191148597,False,0.016973852772966373,-4.186374001110088e-08,1.8690453645328683e+19,1.5915830286248397e+17,CONVERGED
S5,S5_tauq_10ps,Baseline Relaxation Lag (tau_q=10ps),0.9161616161616162,498342.4771171778,3,2.2214571788351996,0.7071117817571971,-1.4339035948435122e-07,1.4339035948435122e-07,True,-0.6057124540034515,-0.7956838001655411,1.8690453645328683e+19,1.5915830286248397e+17,CONVERGED
S5,S5_tauq_10ps,Baseline Relaxation Lag (tau_q=10ps),0.9161616161616162,498342.4771171778,4,2.221506299582721,0.70712741737675,3.0212910423830774e-05,3.0212910423830774e-05,True,-0.6057331497589601,0.7956298934101488,1.8690453645328683e+19,1.5915830286248397e+17,CONVERGED
S5,S5_tauq_10ps,Baseline Relaxation Lag (tau_q=10ps),0.9338383838383838,507957.6847793063,0,3.141563720063177,0.999990790172436,-0.2531153824462138,0.2531153824462138,False,-1.288031883991607,3.726730480827038e-05,1.90130563584783e+19,8.694215344410786e+16,CONVERGED
S5,S5_tauq_10ps,Baseline Relaxation Lag (tau_q=10ps),0.9338383838383838,507957.6847793063,1,3.1415816472583584,0.9999964965758937,3.9724483054311714,3.9724483054311714,False,-0.018827281724588054,-2.072193026833316e-07,1.90130563584783e+19,8.694215344410786e+16,CONVERGED
S5,S5_tauq_10ps,Baseline Relaxation Lag (tau_q=10ps),0.9338383838383838,507957.6847793063,2,0.00017025770212498111,5.4194709785316476e-05,4.095209073985818,4.095209073985818,False,0.01665226412229327,2.835176252034983e-06,1.90130563584783e+19,8.694215344410786e+16,CONVERGED
S5,S5_tauq_10ps,Baseline Relaxation Lag (tau_q=10ps),0.9338383838383838,507957.6847793063,3,2.1513475885743234,0.6847952060608654,9.274458394758315e-06,9.274458394758315e-06,True,-0.5484798765105801,-0.8361526632847494,1.90130563584783e+19,8.694215344410786e+16,CONVERGED
S5,S5_tauq_10ps,Baseline Relaxation Lag (tau_q=10ps),0.9338383838383838,507957.6847793063,4,2.1513090428850314,0.684782936586894,8.925818271004381e-06,8.925818271004381e-06,True,-0.5484478372332592,0.8361740957222712,1.90130563584783e+19,8.694215344410786e+16,CONVERGED
S5,S5_tauq_10ps,Baseline Relaxation Lag (tau_q=10ps),0.9515151515151515,517572.89244143496,0,3.141565101573372,0.9999912299207888,-0.3873133271029667,0.3873133271029667,False,-1.4730179548642441,-4.0584614891439364e-05,1.8416311032816232e+19,2.2404107408158704e+17,CONVERGED
S5,S5_tauq_10ps,Baseline Relaxation Lag (tau_q=10ps),0.9515151515151515,517572.89244143496,1,2.487766083304557e-05,7.918805388285683e-06,-4.114388321740301,4.114388321740301,False,61.21475905241712,0.0015228800139968084,1.8416311032816232e+19,2.2404107408158704e+17,CONVERGED
S5,S5_tauq_10ps,Baseline Relaxation Lag (tau_q=10ps),0.9515151515151515,517572.89244143496,2,0.0002812840357502379,8.953548940497555e-05,4.114598317970275,4.114598317970275,False,0.01633249891746133,4.5940713305519755e-06,1.8416311032816232e+19,2.2404107408158704e+17,CONVERGED
S5,S5_tauq_10ps,Baseline Relaxation Lag (tau_q=10ps),0.9515151515151515,517572.89244143496,3,2.080752000175383,0.6623239323525211,-5.847756297557858e-05,5.847756297557858e-05,True,-0.4881671065776593,0.8728171847649797,1.8416311032816232e+19,2.2404107408158704e+17,CONVERGED
S5,S5_tauq_10ps,Baseline Relaxation Lag (tau_q=10ps),0.9515151515151515,517572.89244143496,4,2.080829460535133,0.6623485887508168,5.189463254882992e-06,5.189463254882992e-06,True,-0.4882036303833653,-0.8727238030487386,1.8416311032816232e+19,2.2404107408158704e+17,CONVERGED
S5,S5_tauq_10ps,Baseline Relaxation Lag (tau_q=10ps),0.9691919191919192,527188.1001035634,0,3.1415904744516414,0.999999306358783,-0.49846302751839977,0.49846302751839977,False,-1.6461891778502973,3.5872736425408803e-06,2.2207328471582392e+19,8.781830411763053e+16,CONVERGED
S5,S5_tauq_10ps,Baseline Relaxation Lag (tau_q=10ps),0.9691919191919192,527188.1001035634,1,1.879273947210086e-05,5.981914762446055e-06,-4.1334047095939495,4.1334047095939495,False,62.38998148855724,0.0011724786679216787,2.2207328471582392e+19,8.781830411763053e+16,CONVERGED
S5,S5_tauq_10ps,Baseline Relaxation Lag (tau_q=10ps),0.9691919191919192,527188.1001035634,2,9.957262093548297e-07,3.1694949636995314e-07,4.133356859742025,4.133356859742025,False,0.01602898136783506,-1.596047685721887e-08,2.2207328471582392e+19,8.781830411763053e+16,CONVERGED
S5,S5_tauq_10ps,Baseline Relaxation Lag (tau_q=10ps),0.9691919191919192,527188.1001035634,3,2.0097332513737345,0.639717962504553,-1.6332429817834092e-06,1.6332429817834092e-06,True,-0.4249780994003469,0.9052054360869511,2.2207328471582392e+19,8.781830411763053e+16,CONVERGED
S5,S5_tauq_10ps,Baseline Relaxation Lag (tau_q=10ps),0.9691919191919192,527188.1001035634,4,2.009737619119762,0.6397193528012939,5.265605936296262e-06,5.265605936296262e-06,True,-0.42497912122687653,-0.9051973350407149,2.2207328471582392e+19,8.781830411763053e+16,CONVERGED
S5,S5_tauq_10ps,Baseline Relaxation Lag (tau_q=10ps),0.9868686868686869,536803.3077656921,0,3.1415536260880903,0.9999875771603749,-0.5924942366123139,0.5924942366123139,False,-1.8084936041438615,-7.058098725123296e-05,2.0800983260591145e+19,1.1565658623391696e+17,CONVERGED
S5,S5_tauq_10ps,Baseline Relaxation Lag (tau_q=10ps),0.9868686868686869,536803.3077656921,1,2.232973373559064e-05,7.107775003890208e-06,-4.152274957041773,4.152274957041773,False,63.57847418158647,-0.0014196904000259105,2.0800983260591145e+19,1.1565658623391696e+17,CONVERGED
S5,S5_tauq_10ps,Baseline Relaxation Lag (tau_q=10ps),0.9868686868686869,536803.3077656921,2,8.611616452652985e-06,2.741162652902431e-06,4.152246939040268,4.152246939040268,False,0.01572903456681639,1.354524128632919e-07,2.0800983260591145e+19,1.1565658623391696e+17,CONVERGED
S5,S5_tauq_10ps,Baseline Relaxation Lag (tau_q=10ps),0.9868686868686869,536803.3077656921,3,1.9381403811808788,0.6169292441418942,-8.417303427214782e-06,8.417303427214782e-06,True,-0.3591409717122013,0.9332923428305694,2.0800983260591145e+19,1.1565658623391696e+17,CONVERGED
S5,S5_tauq_10ps,Baseline Relaxation Lag (tau_q=10ps),0.9868686868686869,536803.3077656921,4,1.9381322779773127,0.6169266648120894,3.4876385439599704e-06,3.4876385439599704e-06,True,-0.35912913360562454,-0.933284142232639,2.0800983260591145e+19,1.1565658623391696e+17,CONVERGED
S5,S5_tauq_10ps,Baseline Relaxation Lag (tau_q=10ps),1.0045454545454544,546418.5154278205,0,3.1415471457600312,0.9999855144078881,-0.6732102614602149,0.6732102614602149,False,-1.9605210121134269,8.921905652595282e-05,2.13956041169379e+19,6.695921879992627e+16,CONVERGED
S5,S5_tauq_10ps,Baseline Relaxation Lag (tau_q=10ps),1.0045454545454544,546418.5154278205,1,8.215617861108605e-06,2.615112386298998e-06,-4.171011998530025,4.171011998530025,False,64.78097719767577,-0.0005322157533372685,2.13956041169379e+19,6.695921879992627e+16,CONVERGED
S5,S5_tauq_10ps,Baseline Relaxation Lag (tau_q=10ps),1.0045454545454544,546418.5154278205,2,9.962639728283085e-07,3.1712067179999003e-07,4.1710492741788245,4.1710492741788245,False,0.015436054969661099,-1.537838544887581e-08,2.13956041169379e+19,6.695921879992627e+16,CONVERGED
S5,S5_tauq_10ps,Baseline Relaxation Lag (tau_q=10ps),1.0045454545454544,546418.5154278205,3,1.8657970265050312,0.5939016391488716,-2.0445999114976507e-05,2.0445999114976507e-05,True,-0.29074646414890487,-0.9568215018587473,2.13956041169379e+19,6.695921879992627e+16,CONVERGED
S5,S5_tauq_10ps,Baseline Relaxation Lag (tau_q=10ps),1.0045454545454544,546418.5154278205,4,1.8658561603550516,0.5939204620379411,4.511215024930729e-05,4.511215024930729e-05,True,-0.29078398029521363,0.9567415829644199,2.13956041169379e+19,6.695921879992627e+16,CONVERGED
S5,S5_tauq_10ps,Baseline Relaxation Lag (tau_q=10ps),1.0222222222222221,556033.7230899491,0,3.1415885805344934,0.9999987035062311,-0.7434011240888442,0.7434011240888442,False,-2.10307618751808,-8.565945611950693e-06,2.298853528578796e+19,5.6526257265965896e+16,CONVERGED
S5,S5_tauq_10ps,Baseline Relaxation Lag (tau_q=10ps),1.0222222222222221,556033.7230899491,1,7.041782311778991e-05,2.241468926193401e-05,-4.189678939755924,4.189678939755924,False,66.0015969058295,-0.00464768878408849,2.298853528578796e+19,5.6526257265965896e+16,CONVERGED
S5,S5_tauq_10ps,Baseline Relaxation Lag (tau_q=10ps),1.0222222222222221,556033.7230899491,2,1.6615921000541337e-05,5.28901192252117e-06,4.189657208196042,4.189657208196042,False,0.015151477783263345,2.517557579113299e-07,2.298853528578796e+19,5.6526257265965896e+16,CONVERGED
S5,S5_tauq_10ps,Baseline Relaxation Lag (tau_q=10ps),1.0222222222222221,556033.7230899491,3,1.792796047539109,0.5706647058429235,2.082310808642365e-05,2.082310808642365e-05,True,-0.22017612301770031,-0.9754387881891479,2.298853528578796e+19,5.6526257265965896e+16,CONVERGED
S5,S5_tauq_10ps,Baseline Relaxation Lag (tau_q=10ps),1.0222222222222221,556033.7230899491,4,1.792808690973221,0.5706687303729967,4.307721607241362e-05,4.307721607241362e-05,True,-0.2201835558529991,0.9754142971122429,2.298853528578796e+19,5.6526257265965896e+16,CONVERGED
S5,S5_tauq_10ps,Baseline Relaxation Lag (tau_q=10ps),1.0398989898989899,565648.9307520777,0,3.141587831657759,0.999998465131363,-0.8049051905448933,0.8049051905448933,False,-2.2364844488700224,-1.0784176007967607e-05,2.5254686765932724e+19,8.496408468269074e+16,CONVERGED
S5,S5_tauq_10ps,Baseline Relaxation Lag (tau_q=10ps),1.0398989898989899,565648.9307520777,1,4.60505747481718e-05,1.4658353206788711e-05,-4.208271247244489,4.208271247244489,False,67.24019752745562,-0.003096449744508766,2.5254686765932724e+19,8.496408468269074e+16,CONVERGED
S5,S5_tauq_10ps,Baseline Relaxation Lag (tau_q=10ps),1.0398989898989899,565648.9307520777,2,3.139760841561846e-05,9.99416916121874e-06,4.20825481557514,4.20825481557514,False,0.014872300603262844,4.669546707340558e-07,2.5254686765932724e+19,8.496408468269074e+16,CONVERGED
S5,S5_tauq_10ps,Baseline Relaxation Lag (tau_q=10ps),1.0398989898989899,565648.9307520777,3,1.718823302258264,0.5471184497118753,2.3218272196725607e-07,2.3218272196725607e-07,True,-0.1474869390293121,0.989063768647112,2.5254686765932724e+19,8.496408468269074e+16,CONVERGED
S5,S5_tauq_10ps,Baseline Relaxation Lag (tau_q=10ps),1.0398989898989899,565648.9307520777,4,1.7188468977948905,0.5471259604044533,1.3333090254826029e-05,1.3333090254826029e-05,True,-0.1475083439727988,-0.989047330835806,2.5254686765932724e+19,8.496408468269074e+16,CONVERGED
S5,S5_tauq_10ps,Baseline Relaxation Lag (tau_q=10ps),1.0575757575757576,575264.1384142063,0,3.1415776271717264,0.9999952169425754,-0.8589315037417146,0.8589315037417146,False,-2.360637013591676,3.547191867346454e-05,2.5199904385977496e+19,7.507979175513718e+16,CONVERGED
S5,S5_tauq_10ps,Baseline Relaxation Lag (tau_q=10ps),1.0575757575757576,575264.1384142063,1,3.601032694573897e-05,1.1462443071539262e-05,-4.226736943363376,4.226736943363376,False,68.49336934604477,0.0024664686248324534,2.5199904385977496e+19,7.507979175513718e+16,CONVERGED
S5,S5_tauq_10ps,Baseline Relaxation Lag (tau_q=10ps),1.0575757575757576,575264.1384142063,2,1.2498868443924075e-05,3.978513391811645e-06,4.226703217379178,4.226703217379178,False,0.014600445785839652,-1.8248905110935837e-07,2.5199904385977496e+19,7.507979175513718e+16,CONVERGED
S5,S5_tauq_10ps,Baseline Relaxation Lag (tau_q=10ps),1.0575757575757576,575264.1384142063,3,1.6437781078656426,0.5232308224261195,3.170614862754127e-06,3.170614862754127e-06,True,-0.07291677949677221,-0.9973348495155472,2.5199904385977496e+19,7.507979175513718e+16,CONVERGED
S5,S5_tauq_10ps,Baseline Relaxation Lag (tau_q=10ps),1.0575757575757576,575264.1384142063,4,1.6437918631940254,0.5232352008831315,1.464535797896372e-05,1.464535797896372e-05,True,-0.07292966130430581,0.9973224023429185,2.5199904385977496e+19,7.507979175513718e+16,CONVERGED
S5,S5_tauq_10ps,Baseline Relaxation Lag (tau_q=10ps),1.0752525252525253,584879.3460763348,0,3.1415722563907185,0.9999935073698841,-0.9067956381952212,0.9067956381952212,False,-2.4763746054512,5.051110581860929e-05,3.3379192566563557e+19,1.5968547288007725e+17,CONVERGED
S5,S5_tauq_10ps,Baseline Relaxation Lag (tau_q=10ps),1.0752525252525253,584879.3460763348,1,6.929330523954763e-05,2.2056744104099074e-05,-4.24513261728755,4.24513261728755,False,69.76501140955033,0.004834248238379808,3.3379192566563557e+19,1.5968547288007725e+17,CONVERGED
S5,S5_tauq_10ps,Baseline Relaxation Lag (tau_q=10ps),1.0752525252525253,584879.3460763348,2,7.034691003668811e-06,2.239211692715955e-06,4.245099562192983,4.245099562192983,False,0.014334306452623768,1.0083741664776758e-07,3.3379192566563557e+19,1.5968547288007725e+17,CONVERGED
S5,S5_tauq_10ps,Baseline Relaxation Lag (tau_q=10ps),1.0752525252525253,584879.3460763348,3,1.5675396104148092,0.4989633549797215,-8.75479688597567e-06,8.75479688597567e-06,True,0.0032567391351569887,1.0000034516926786,3.3379192566563557e+19,1.5968547288007725e+17,CONVERGED
S5,S5_tauq_10ps,Baseline Relaxation Lag (tau_q=10ps),1.0752525252525253,584879.3460763348,4,1.5675423681809741,0.4989642328039556,-4.208640383717579e-06,4.208640383717579e-06,True,0.0032539665663858333,-0.9999989145082997,3.3379192566563557e+19,1.5968547288007725e+17,CONVERGED
S5,S5_tauq_10ps,Baseline Relaxation Lag (tau_q=10ps),1.0929292929292929,594494.5537384634,0,3.1415822427587603,0.9999966861295588,-0.9492833115054427,0.9492833115054427,False,-2.5838571747191637,-2.6900100460474232e-05,3.1037238537840734e+19,8.115056597364018e+16,CONVERGED
S5,S5_tauq_10ps,Baseline Relaxation Lag (tau_q=10ps),1.0929292929292929,594494.5537384634,1,8.31213657300162e-05,2.6458352464962696e-05,-4.263290525362994,4.263290525362994,False,71.04336902575272,-0.005905221873082141,3.1037238537840734e+19,8.115056597364018e+16,CONVERGED
S5,S5_tauq_10ps,Baseline Relaxation Lag (tau_q=10ps),1.0929292929292929,594494.5537384634,2,5.52275500002419e-07,1.7579475154786606e-07,4.263352443348781,4.263352443348781,False,0.0140750374621747,-7.773298351976101e-09,3.1037238537840734e+19,8.115056597364018e+16,CONVERGED
S5,S5_tauq_10ps,Baseline Relaxation Lag (tau_q=10ps),1.0929292929292929,594494.5537384634,3,1.4897869660734588,0.4742139196089375,-4.073647611744886e-05,4.073647611744886e-05,True,0.08092408207362244,0.9967611394972156,3.1037238537840734e+19,8.115056597364018e+16,CONVERGED
S5,S5_tauq_10ps,Baseline Relaxation Lag (tau_q=10ps),1.0929292929292929,594494.5537384634,4,1.4898179324282905,0.47422377650581954,-5.068075222779475e-06,5.068075222779475e-06,True,0.08089033069549942,-0.9967280926119165,3.1037238537840734e+19,8.115056597364018e+16,CONVERGED
S5,S5_tauq_10ps,Baseline Relaxation Lag (tau_q=10ps),1.1106060606060606,604109.761400592,0,3.141572298046711,0.9999935206293983,-0.9868909790696636,0.9868909790696636,False,-2.6828803607727143,-5.4611486776339603e-05,3.208804766692749e+19,7.68047406720108e+16,CONVERGED
S5,S5_tauq_10ps,Baseline Relaxation Lag (tau_q=10ps),1.1106060606060606,604109.761400592,1,2.4408953684539123e-05,7.769611269191066e-06,-4.281516271589747,4.281516271589747,False,72.35005919783282,-0.0017659892443842888,3.208804766692749e+19,7.68047406720108e+16,CONVERGED
S5,S5_tauq_10ps,Baseline Relaxation Lag (tau_q=10ps),1.1106060606060606,604109.761400592,2,0.00012315261796336368,3.9200695807154154e-05,4.281765593300802,4.281765593300802,False,0.013818243033555786,1.7017528138396568e-06,3.208804766692749e+19,7.68047406720108e+16,CONVERGED
S5,S5_tauq_10ps,Baseline Relaxation Lag (tau_q=10ps),1.1106060606060606,604109.761400592,3,1.4102102695405807,0.448883870392675,-0.0001333587138800215,0.0001333587138800215,True,0.15991807597921176,-0.9872653959169858,3.208804766692749e+19,7.68047406720108e+16,CONVERGED
S5,S5_tauq_10ps,Baseline Relaxation Lag (tau_q=10ps),1.1106060606060606,604109.761400592,4,1.4103134845013152,0.4489167247350789,5.294515941490342e-05,5.294515941490342e-05,True,0.1597864029695195,0.987097979287474,3.208804766692749e+19,7.68047406720108e+16,CONVERGED
S5,S5_tauq_10ps,Baseline Relaxation Lag (tau_q=10ps),1.1282828282828283,613724.9690627207,0,3.1415621848825954,0.9999903015092797,-1.0203963690213365,1.0203963690213365,False,-2.774294189046002,-8.45291573522231e-05,3.072428964893023e+19,9.052157774959301e+16,CONVERGED
S5,S5_tauq_10ps,Baseline Relaxation Lag (tau_q=10ps),1.1282828282828283,613724.9690627207,1,1.3149536946535908e-05,4.185627608821395e-06,-4.299639295939515,4.299639295939515,False,73.67321467225058,0.0009687686583586671,3.072428964893023e+19,9.052157774959301e+16,CONVERGED
S5,S5_tauq_10ps,Baseline Relaxation Lag (tau_q=10ps),1.1282828282828283,613724.9690627207,2,2.5293036893013902e-06,8.051023694657674e-07,4.2996235778283,4.2996235778283,False,0.013573667480017681,3.4331927234632235e-08,3.072428964893023e+19,9.052157774959301e+16,CONVERGED
S5,S5_tauq_10ps,Baseline Relaxation Lag (tau_q=10ps),1.1282828282828283,613724.9690627207,3,1.3286546979671008,0.4229239256874666,-1.6369024260493617e-05,1.6369024260493617e-05,True,0.2397862501600937,0.9708425685035539,3.072428964893023e+19,9.052157774959301e+16,CONVERGED
S5,S5_tauq_10ps,Baseline Relaxation Lag (tau_q=10ps),1.1282828282828283,613724.9690627207,4,1.3286625924158484,0.42292643856854895,1.4766246488349658e-05,1.4766246488349658e-05,True,0.23977112043075144,-0.9708142344189671,3.072428964893023e+19,9.052157774959301e+16,CONVERGED
S5,S5_tauq_10ps,Baseline Relaxation Lag (tau_q=10ps),1.145959595959596,623340.1767248492,0,3.1415832240943127,0.9999969984983669,-1.0501829321608611,1.0501829321608611,False,-2.8581739220474955,-2.6951138081070984e-05,2.742513310278925e+19,8.031458275147688e+16,CONVERGED
S5,S5_tauq_10ps,Baseline Relaxation Lag (tau_q=10ps),1.145959595959596,623340.1767248492,1,0.00010850378604641788,3.453782778694565e-05,-4.3175590043198,4.3175590043198,False,75.00531655570107,0.00813836085184147,2.742513310278925e+19,8.031458275147688e+16,CONVERGED
S5,S5_tauq_10ps,Baseline Relaxation Lag (tau_q=10ps),1.145959595959596,623340.1767248492,2,1.2659492457494758e-05,4.029641603289713e-06,4.317603791487362,4.317603791487362,False,0.013331791048790167,1.6877370823607128e-07,2.742513310278925e+19,8.031458275147688e+16,CONVERGED
S5,S5_tauq_10ps,Baseline Relaxation Lag (tau_q=10ps),1.145959595959596,623340.1767248492,3,1.2444934968871628,0.39613458335062046,-1.8997931386861472e-06,1.8997931386861472e-06,True,0.32054375119056844,-0.9472357167918526,2.742513310278925e+19,8.031458275147688e+16,CONVERGED
S5,S5_tauq_10ps,Baseline Relaxation Lag (tau_q=10ps),1.145959595959596,623340.1767248492,4,1.244494330598509,0.3961348487291842,5.589205621180958e-06,5.589205621180958e-06,True,0.3205405609324403,0.9472288902099388,2.742513310278925e+19,8.031458275147688e+16,CONVERGED
S5,S5_tauq_10ps,Baseline Relaxation Lag (tau_q=10ps),1.1636363636363636,632955.3843869776,0,3.141544318110034,0.9999846143389393,-1.0765492843454558,1.0765492843454558,False,-2.934535807460048,-0.0001418421962351135,3.234975574984796e+19,7.619457055212704e+16,CONVERGED
S5,S5_tauq_10ps,Baseline Relaxation Lag (tau_q=10ps),1.1636363636363636,632955.3843869776,1,3.394657588908483e-05,1.0805530707584004e-05,-4.3355035845878245,4.3355035845878245,False,76.36340459826323,-0.0025922761103395857,3.234975574984796e+19,7.619457055212704e+16,CONVERGED
S5,S5_tauq_10ps,Baseline Relaxation Lag (tau_q=10ps),1.1636363636363636,632955.3843869776,2,0.0003897472080172146,0.00012406038942440977,4.3352461984920225,4.3352461984920225,False,0.013098647813534856,-5.105161672622269e-06,3.234975574984796e+19,7.619457055212704e+16,CONVERGED
S5,S5_tauq_10ps,Baseline Relaxation Lag (tau_q=10ps),1.1636363636363636,632955.3843869776,3,1.157211388433836,0.36835182534296074,1.3107394257962682e-05,1.3107394257962682e-05,True,0.4018893133877136,0.9156739405158589,3.234975574984796e+19,7.619457055212704e+16,CONVERGED
S5,S5_tauq_10ps,Baseline Relaxation Lag (tau_q=10ps),1.1636363636363636,632955.3843869776,4,1.1571469019370382,0.3683312986535046,2.53047540914949e-05,2.53047540914949e-05,True,0.40194345847777996,-0.9156368537577426,3.234975574984796e+19,7.619457055212704e+16,CONVERGED
S5,S5_tauq_10ps,Baseline Relaxation Lag (tau_q=10ps),1.1813131313131313,642570.5920491063,0,3.1415823838843946,0.9999967310512434,-1.0998657424670353,1.0998657424670353,False,-3.0037627189430056,-3.084775821272166e-05,3.7217108900763574e+19,1.0163197891624686e+17,CONVERGED
S5,S5_tauq_10ps,Baseline Relaxation Lag (tau_q=10ps),1.1813131313131313,642570.5920491063,1,0.00017976886644365588,5.722220741706917e-05,-4.353473013789379,4.353473013789379,False,77.74801324632718,0.013976672360099232,3.7217108900763574e+19,1.0163197891624686e+17,CONVERGED
S5,S5_tauq_10ps,Baseline Relaxation Lag (tau_q=10ps),1.1813131313131313,642570.5920491063,2,3.572823550280036e-05,1.1372650576444053e-05,4.3533214825207445,4.3533214825207445,False,0.012864013936691857,4.5960851963699704e-07,3.7217108900763574e+19,1.0163197891624686e+17,CONVERGED
S5,S5_tauq_10ps,Baseline Relaxation Lag (tau_q=10ps),1.1813131313131313,642570.5920491063,3,1.0659422870450486,0.33929996806779894,-1.5829508555643273e-05,1.5829508555643273e-05,True,0.4836873509580486,-0.8752589365676016,3.7217108900763574e+19,1.0163197891624686e+17,CONVERGED
S5,S5_tauq_10ps,Baseline Relaxation Lag (tau_q=10ps),1.1813131313131313,642570.5920491063,4,1.0659430506022078,0.3393002111155914,-5.576559826570793e-06,5.576559826570793e-06,True,0.4836817234583455,0.8752503319475029,3.7217108900763574e+19,1.0163197891624686e+17,CONVERGED
S5,S5_tauq_10ps,Baseline Relaxation Lag (tau_q=10ps),1.198989898989899,652185.7997112349,0,3.141591241084408,0.9999995503855716,-1.120279620811816,1.120279620811816,False,-3.065711320138636,4.330333748699043e-06,4.229903015686477e+19,1.725182357433054e+17,CONVERGED
S5,S5_tauq_10ps,Baseline Relaxation Lag (tau_q=10ps),1.198989898989899,652185.7997112349,1,3.915197432230229e-05,1.2462460490402736e-05,-4.37104856245885,4.37104856245885,False,79.1265572924958,-0.0030979609409109076,4.229903015686477e+19,1.725182357433054e+17,CONVERGED
S5,S5_tauq_10ps,Baseline Relaxation Lag (tau_q=10ps),1.198989898989899,652185.7997112349,2,0.00014748745487003947,4.694671497321923e-05,4.3709598430814225,4.3709598430814225,False,0.012639103050730204,-1.8641091543087245e-06,4.229903015686477e+19,1.725182357433054e+17,CONVERGED
S5,S5_tauq_10ps,Baseline Relaxation Lag (tau_q=10ps),1.198989898989899,652185.7997112349,3,0.9696166395206015,0.3086385621677123,-9.631086377826791e-05,9.631086377826791e-05,True,0.5656701957571624,0.8247483676324351,4.229903015686477e+19,1.725182357433054e+17,CONVERGED
S5,S5_tauq_10ps,Baseline Relaxation Lag (tau_q=10ps),1.198989898989899,652185.7997112349,4,0.9696192041923801,0.3086393785280942,0.0001038640431651732,0.0001038640431651732,True,0.5655548593234567,-0.8245847406927197,4.229903015686477e+19,1.725182357433054e+17,CONVERGED
S5,S5_tauq_10ps,Baseline Relaxation Lag (tau_q=10ps),1.2166666666666666,661801.0073733634,0,3.1415753770725994,0.9999945007137784,-1.1381632925707774,1.1381632925707774,False,-3.121030676874532,-5.3920540156924735e-05,4.078167439017073e+19,6.472057132900918e+16,CONVERGED
S5,S5_tauq_10ps,Baseline Relaxation Lag (tau_q=10ps),1.2166666666666666,661801.0073733634,1,3.5966400342724637e-05,1.144846079953333e-05,-4.388703328547802,4.388703328547802,False,80.5359225625703,0.0028965872341050643,4.078167439017073e+19,6.472057132900918e+16,CONVERGED
S5,S5_tauq_10ps,Baseline Relaxation Lag (tau_q=10ps),1.2166666666666666,661801.0073733634,2,0.00047862488857106566,0.0001523510338057854,4.389319902232138,4.389319902232138,False,0.012409164375872533,-5.939335370193216e-06,4.078167439017073e+19,6.472057132900918e+16,CONVERGED
S5,S5_tauq_10ps,Baseline Relaxation Lag (tau_q=10ps),1.2166666666666666,661801.0073733634,3,0.8664352284508042,0.27579489895380216,-8.775497035148479e-05,8.775497035148479e-05,True,0.6476039303951532,-0.7620923006304573,4.078167439017073e+19,6.472057132900918e+16,CONVERGED
S5,S5_tauq_10ps,Baseline Relaxation Lag (tau_q=10ps),1.2166666666666666,661801.0073733634,4,0.8664956935351247,0.2758141455879103,1.571667629171098e-05,1.571667629171098e-05,True,0.6474908488255591,0.7620526017464911,4.078167439017073e+19,6.472057132900918e+16,CONVERGED
S5,S5_tauq_10ps,Baseline Relaxation Lag (tau_q=10ps),1.2343434343434343,671416.215035492,0,3.141591816772768,0.999999733632868,-1.1536579890043384,1.1536579890043384,False,-3.169766700119324,2.6525147405327046e-06,4.063254216711343e+19,1.0114871137730519e+18,CONVERGED
S5,S5_tauq_10ps,Baseline Relaxation Lag (tau_q=10ps),1.2343434343434343,671416.215035492,1,3.197520008457375e-05,1.0178022299624605e-05,4.367650208813084,4.367650208813084,False,0.012681003289516284,-4.0547761759360973e-07,4.063254216711343e+19,1.0114871137730519e+18,CONVERGED
S5,S5_tauq_10ps,Baseline Relaxation Lag (tau_q=10ps),1.2343434343434343,671416.215035492,2,0.0013875283098822822,0.00044166397839541673,4.404964548313775,4.404964548313775,False,0.012216527744240032,1.6950788971679776e-05,4.063254216711343e+19,1.0114871137730519e+18,CONVERGED
S5,S5_tauq_10ps,Baseline Relaxation Lag (tau_q=10ps),1.2343434343434343,671416.215035492,3,0.7532492336439895,0.23976667782924588,-3.40265970579537e-05,3.40265970579537e-05,True,0.729495028583663,0.6840358607423355,4.063254216711343e+19,1.0114871137730519e+18,CONVERGED
S5,S5_tauq_10ps,Baseline Relaxation Lag (tau_q=10ps),1.2343434343434343,671416.215035492,4,0.7533643886138771,0.23980333279460428,0.0002136220524303789,0.0002136220524303789,True,0.7292356370336223,-0.6839504608018568,4.063254216711343e+19,1.0114871137730519e+18,CONVERGED
S5,S5_tauq_10ps,Baseline Relaxation Lag (tau_q=10ps),1.252020202020202,681031.4226976206,0,3.1415895566475642,0.9999990142126716,-1.1669019848051805,1.1669019848051805,False,-3.212026302263064,-9.947459896558703e-06,5.523055378209915e+19,6.689676395465832e+16,CONVERGED
S5,S5_tauq_10ps,Baseline Relaxation Lag (tau_q=10ps),1.252020202020202,681031.4226976206,1,1.089554941485049e-06,3.468161094150927e-07,4.326224164806383,4.326224164806383,False,0.013217359961959729,-1.440103985994556e-08,5.523055378209915e+19,6.689676395465832e+16,CONVERGED
S5,S5_tauq_10ps,Baseline Relaxation Lag (tau_q=10ps),1.252020202020202,681031.4226976206,2,0.00023921234727357577,7.614365503440932e-05,-4.423483681889933,4.423483681889933,False,83.38626881291691,-0.019947025473596423,5.523055378209915e+19,6.689676395465832e+16,CONVERGED
S5,S5_tauq_10ps,Baseline Relaxation Lag (tau_q=10ps),1.252020202020202,681031.4226976206,3,0.6256546824833381,0.19915207077162705,-0.0001439383236574493,0.0001439383236574493,True,0.8106965747120944,0.5857123712521795,5.523055378209915e+19,6.689676395465832e+16,CONVERGED
S5,S5_tauq_10ps,Baseline Relaxation Lag (tau_q=10ps),1.252020202020202,681031.4226976206,4,0.6257887305765576,0.1991947396049229,0.0001620640059440414,0.0001620640059440414,True,0.8103700407374714,-0.585641803141707,5.523055378209915e+19,6.689676395465832e+16,CONVERGED
S5,S5_tauq_10ps,Baseline Relaxation Lag (tau_q=10ps),1.2696969696969698,690646.6303597492,0,3.1415499919620524,0.9999864203821295,-1.1778216439240612,1.1778216439240612,False,-3.247292729898278,-0.00013853479369172158,3.791098545808479e+19,6.73711003688014e+16,CONVERGED
S5,S5_tauq_10ps,Baseline Relaxation Lag (tau_q=10ps),1.2696969696969698,690646.6303597492,1,3.442974096438813e-05,1.0959326927711781e-05,4.440911111004269,4.440911111004269,False,0.011785195997930287,-4.0576124558361424e-07,3.791098545808479e+19,6.73711003688014e+16,CONVERGED
S5,S5_tauq_10ps,Baseline Relaxation Lag (tau_q=10ps),1.2696969696969698,690646.6303597492,2,0.0001238460001799041,3.9421406221583e-05,4.287456249480949,4.287456249480949,False,0.013739831480456507,-1.7016231807002055e-06,3.791098545808479e+19,6.73711003688014e+16,CONVERGED
S5,S5_tauq_10ps,Baseline Relaxation Lag (tau_q=10ps),1.2696969696969698,690646.6303597492,3,0.47068916532382277,0.14982501464216946,-0.00018960528225158137,0.00018960528225158137,True,0.8914249658316906,0.4535866099940427,3.791098545808479e+19,6.73711003688014e+16,CONVERGED
S5,S5_tauq_10ps,Baseline Relaxation Lag (tau_q=10ps),1.2696969696969698,690646.6303597492,4,0.4707811761042025,0.14985430258319982,0.00013099167175876865,0.00013099167175876865,True,0.8910974982572649,-0.45352320731222306,3.791098545808479e+19,6.73711003688014e+16,CONVERGED
S5,S5_tauq_10ps,Baseline Relaxation Lag (tau_q=10ps),1.2873737373737373,700261.8380218776,0,3.141590723021858,0.9999993854811402,-1.1870490437326937,1.1870490437326937,False,-3.2773954726055314,-6.327234611649139e-06,3.6248910709325324e+19,7.008179853749939e+16,CONVERGED
S5,S5_tauq_10ps,Baseline Relaxation Lag (tau_q=10ps),1.2873737373737373,700261.8380218776,1,6.99144506317689e-05,2.225446082320061e-05,-4.45820308631943,4.45820308631943,False,86.33223784314795,0.006035870990449405,3.6248910709325324e+19,7.008179853749939e+16,CONVERGED
S5,S5_tauq_10ps,Baseline Relaxation Lag (tau_q=10ps),1.2873737373737373,700261.8380218776,2,1.58348320235791e-05,5.040383579164907e-06,4.252365516423225,4.252365516423225,False,0.01423053150514711,2.2533807600908862e-07,3.6248910709325324e+19,7.008179853749939e+16,CONVERGED
S5,S5_tauq_10ps,Baseline Relaxation Lag (tau_q=10ps),1.2873737373737373,700261.8380218776,3,0.2405697000494016,0.07657571384199369,-0.0001936374020649073,0.0001936374020649073,True,0.9713904773517564,-0.23830209884729336,3.6248910709325324e+19,7.008179853749939e+16,CONVERGED
S5,S5_tauq_10ps,Baseline Relaxation Lag (tau_q=10ps),1.2873737373737373,700261.8380218776,4,0.2406647407248988,0.07660596622859403,0.0002887079339388525,0.0002887079339388525,True,0.9708994028120707,0.23827945866932757,3.6248910709325324e+19,7.008179853749939e+16,CONVERGED
S5,S5_tauq_10ps,Baseline Relaxation Lag (tau_q=10ps),1.305050505050505,709877.0456840061,0,3.1415189767046487,0.9999765479190753,-1.194143827000324,1.194143827000324,False,-3.300730555038687,-0.0002431875464364308,5.235643977094359e+19,2.0915398324801504e+17,CONVERGED
S5,S5_tauq_10ps,Baseline Relaxation Lag (tau_q=10ps),1.305050505050505,709877.0456840061,1,0.0005902433727154718,0.00018788030078979858,-4.475289580212104,4.475289580212104,False,87.8200123725131,0.05183518631423922,5.235643977094359e+19,2.0915398324801504e+17,CONVERGED
S5,S5_tauq_10ps,Baseline Relaxation Lag (tau_q=10ps),1.305050505050505,709877.0456840061,2,0.00022588539709568925,7.190155504010921e-05,4.218721292644954,4.218721292644954,False,0.014717451416211542,-3.324457413930066e-06,5.235643977094359e+19,2.0915398324801504e+17,CONVERGED
S5,S5_tauq_10ps,Baseline Relaxation Lag (tau_q=10ps),1.305050505050505,709877.0456840061,3,4.0637147328921236e-05,1.2935205741102852e-05,-0.3149264235994646,0.3149264235994646,False,1.370158494786621,-5.567933264726608e-05,5.235643977094359e+19,2.0915398324801504e+17,CONVERGED
S5,S5_tauq_10ps,Baseline Relaxation Lag (tau_q=10ps),1.305050505050505,709877.0456840061,4,6.05922234005922e-05,1.9287103734265322e-05,0.31491464251883544,0.31491464251883544,False,0.729851168528012,4.422330510675331e-05,5.235643977094359e+19,2.0915398324801504e+17,CONVERGED
S5,S5_tauq_10ps,Baseline Relaxation Lag (tau_q=10ps),1.3227272727272728,719492.2533461349,0,3.141535798878762,0.9999819025834027,-1.1996976835860218,1.1996976835860218,False,-3.31911334323614,0.0001887072302128462,5.270583388213768e+19,1.1600842015251264e+17,CONVERGED
S5,S5_tauq_10ps,Baseline Relaxation Lag (tau_q=10ps),1.3227272727272728,719492.2533461349,1,0.00020050215888528478,6.382181937437931e-05,4.1876791616444935,4.1876791616444935,False,0.015181477469488948,3.0439190484904916e-06,5.270583388213768e+19,1.1600842015251264e+17,CONVERGED
S5,S5_tauq_10ps,Baseline Relaxation Lag (tau_q=10ps),1.3227272727272728,719492.2533461349,2,0.00014991597094696883,4.771973564926212e-05,4.4923229439719545,4.4923229439719545,False,0.01119460900714652,-1.6782506912508353e-06,5.270583388213768e+19,1.1600842015251264e+17,CONVERGED
S5,S5_tauq_10ps,Baseline Relaxation Lag (tau_q=10ps),1.3227272727272728,719492.2533461349,3,9.909917425339904e-05,3.154424687750709e-05,-0.5002496486025431,0.5002496486025431,False,1.649132914945644,-0.00016342771064020286,5.270583388213768e+19,1.1600842015251264e+17,CONVERGED
S5,S5_tauq_10ps,Baseline Relaxation Lag (tau_q=10ps),1.3227272727272728,719492.2533461349,4,0.00018919440214737278,6.022244861414055e-05,0.5003753302221877,0.5003753302221877,False,0.6063030422906803,0.00011470914297497152,5.270583388213768e+19,1.1600842015251264e+17,CONVERGED
S5,S5_tauq_10ps,Baseline Relaxation Lag (tau_q=10ps),1.3404040404040405,729107.4610082634,0,3.141581673516661,0.999996504934171,-1.2032100538336863,1.2032100538336863,False,-3.330791800892421,3.6572337563489885e-05,3.895619480219959e+19,1.2136352618578875e+17,CONVERGED
S5,S5_tauq_10ps,Baseline Relaxation Lag (tau_q=10ps),1.3404040404040405,729107.4610082634,1,3.1829858321495716e-05,1.0131758579561484e-05,4.157039537223681,4.157039537223681,False,0.015653831968818917,4.982592539242752e-07,3.895619480219959e+19,1.2136352618578875e+17,CONVERGED
S5,S5_tauq_10ps,Baseline Relaxation Lag (tau_q=10ps),1.3404040404040405,729107.4610082634,2,3.228728469354722e-05,1.0277361915986661e-05,-4.509306878465467,4.509306878465467,False,90.85882042797179,0.002933584603097199,3.895619480219959e+19,1.2136352618578875e+17,CONVERGED
S5,S5_tauq_10ps,Baseline Relaxation Lag (tau_q=10ps),1.3404040404040405,729107.4610082634,3,4.399199527693589e-06,1.4003087009599322e-06,-0.6282801319497815,0.6282801319497815,False,1.874384112144328,-8.24578970091489e-06,3.895619480219959e+19,1.2136352618578875e+17,CONVERGED
S5,S5_tauq_10ps,Baseline Relaxation Lag (tau_q=10ps),1.3404040404040405,729107.4610082634,4,6.833872867413943e-06,2.1752892946210277e-06,0.6281573991569575,0.6281573991569575,False,0.5335740597734858,3.6463772898986944e-06,3.895619480219959e+19,1.2136352618578875e+17,CONVERGED
S5,S5_tauq_10ps,Baseline Relaxation Lag (tau_q=10ps),1.358080808080808,738722.6686703919,0,3.14158134016012,0.9999963988234885,-1.2052131846523042,1.2052131846523042,False,-3.337470499507103,-3.7758237783531526e-05,3.5437979118983737e+19,7.350999930766005e+16,CONVERGED
S5,S5_tauq_10ps,Baseline Relaxation Lag (tau_q=10ps),1.358080808080808,738722.6686703919,1,0.0003989134714068434,0.00012697810168069317,4.5258076952715145,4.5258076952715145,False,0.010825965960617965,-4.318623891759462e-06,3.5437979118983737e+19,7.350999930766005e+16,CONVERGED
S5,S5_tauq_10ps,Baseline Relaxation Lag (tau_q=10ps),1.358080808080808,738722.6686703919,2,5.267523262599007e-05,1.67670473018836e-05,4.128084631573331,4.128084631573331,False,0.016113712958499962,-8.487935793424598e-07,3.5437979118983737e+19,7.350999930766005e+16,CONVERGED
S5,S5_tauq_10ps,Baseline Relaxation Lag (tau_q=10ps),1.358080808080808,738722.6686703919,3,3.764416035360096e-05,1.1982508397639088e-05,-0.7304060105025342,0.7304060105025342,False,2.075923281779557,7.81463889379965e-05,3.5437979118983737e+19,7.350999930766005e+16,CONVERGED
S5,S5_tauq_10ps,Baseline Relaxation Lag (tau_q=10ps),1.358080808080808,738722.6686703919,4,8.3670544877018e-05,2.6633161616739354e-05,0.7304523186432408,0.7304523186432408,False,0.4816910612735051,-4.030335365319461e-05,3.5437979118983737e+19,7.350999930766005e+16,CONVERGED
S5,S5_tauq_10ps,Baseline Relaxation Lag (tau_q=10ps),1.3757575757575757,748337.8763325205,0,3.141586232080342,0.9999979559700575,-1.205627782567751,1.205627782567751,False,-3.3388544948448358,-2.1440485696181812e-05,6.302037353307515e+19,9.062979629617371e+16,CONVERGED
S5,S5_tauq_10ps,Baseline Relaxation Lag (tau_q=10ps),1.3757575757575757,748337.8763325205,1,0.00012598054401766412,4.01008526276347e-05,-4.54292706572973,4.54292706572973,False,93.96544025389431,-0.011837817344671306,6.302037353307515e+19,9.062979629617371e+16,CONVERGED
S5,S5_tauq_10ps,Baseline Relaxation Lag (tau_q=10ps),1.3757575757575757,748337.8763325205,2,1.3970591200735613e-05,4.44697729502642e-06,4.100085592890423,4.100085592890423,False,0.016571256957659566,-2.3151025665286937e-07,6.302037353307515e+19,9.062979629617371e+16,CONVERGED
S5,S5_tauq_10ps,Baseline Relaxation Lag (tau_q=10ps),1.3757575757575757,748337.8763325205,3,7.84808721409797e-06,2.4981237478799877e-06,-0.8160434869486706,0.8160434869486706,False,2.2615343230055087,-1.774871860498764e-05,6.302037353307515e+19,9.062979629617371e+16,CONVERGED
S5,S5_tauq_10ps,Baseline Relaxation Lag (tau_q=10ps),1.3757575757575757,748337.8763325205,4,1.4697182883596321e-06,4.6782586108999015e-07,0.8160604164252988,0.8160604164252988,False,0.44217019412990927,6.498656208807245e-07,6.302037353307515e+19,9.062979629617371e+16,CONVERGED
S5,S5_tauq_10ps,Baseline Relaxation Lag (tau_q=10ps),1.3934343434343435,757953.0839946492,0,3.141541857608536,0.9999838311369874,-1.2041165689353353,1.2041165689353353,False,-3.333812578845749,-0.00016934428141589637,4.603647190512265e+19,8.256864529783717e+16,CONVERGED
S5,S5_tauq_10ps,Baseline Relaxation Lag (tau_q=10ps),1.3934343434343435,757953.0839946492,1,0.00014692830917576656,4.676873337091506e-05,4.071701983354685,4.071701983354685,False,0.01704834761289762,-2.504884907028855e-06,4.603647190512265e+19,8.256864529783717e+16,CONVERGED
S5,S5_tauq_10ps,Baseline Relaxation Lag (tau_q=10ps),1.3934343434343435,757953.0839946492,2,2.4528858082140586e-05,7.807778024344525e-06,4.559827815246383,4.559827815246383,False,0.010463860502416752,2.566665493065726e-07,4.603647190512265e+19,8.256864529783717e+16,CONVERGED
S5,S5_tauq_10ps,Baseline Relaxation Lag (tau_q=10ps),1.3934343434343435,757953.0839946492,3,9.995847005195353e-06,3.181776922534318e-06,-0.8901494351181255,0.8901494351181255,False,2.43549357224591,2.434482113111763e-05,4.603647190512265e+19,8.256864529783717e+16,CONVERGED
S5,S5_tauq_10ps,Baseline Relaxation Lag (tau_q=10ps),1.3934343434343435,757953.0839946492,4,2.6990399891143725e-05,8.591311117404955e-06,0.8901451225984363,0.8901451225984363,False,0.41059616149700007,-1.1082154595263711e-05,4.603647190512265e+19,8.256864529783717e+16,CONVERGED
S5,S5_tauq_10ps,Baseline Relaxation Lag (tau_q=10ps),1.4111111111111112,767568.2916567777,0,3.1412234914031543,0.9998824920263877,-1.2014261020216346,1.2014261020216346,False,-3.324854899412874,-0.0012274107606822006,4.051169898464479e+19,1.2310352047697899e+17,CONVERGED
S5,S5_tauq_10ps,Baseline Relaxation Lag (tau_q=10ps),1.4111111111111112,767568.2916567777,1,0.0010885106764834712,0.0003464837095412947,4.044889327970187,4.044889327970187,False,0.017511632223204013,-1.9061606166026403e-05,4.051169898464479e+19,1.2310352047697899e+17,CONVERGED
S5,S5_tauq_10ps,Baseline Relaxation Lag (tau_q=10ps),1.4111111111111112,767568.2916567777,2,0.0016746925311853687,0.0005330711889944591,-4.575827108520599,4.575827108520599,False,97.10818887811284,0.162626510664979,4.051169898464479e+19,1.2310352047697899e+17,CONVERGED
S5,S5_tauq_10ps,Baseline Relaxation Lag (tau_q=10ps),1.4111111111111112,767568.2916567777,3,7.782991118433253e-06,2.4774030170779427e-06,-0.9554123868893196,0.9554123868893196,False,2.5997424615180047,2.0233772488616986e-05,4.051169898464479e+19,1.2310352047697899e+17,CONVERGED
S5,S5_tauq_10ps,Baseline Relaxation Lag (tau_q=10ps),1.4111111111111112,767568.2916567777,4,2.0510389730262014e-05,6.528659820624891e-06,0.9553852948846849,0.9553852948846849,False,0.3846639068806349,-7.88960664639336e-06,4.051169898464479e+19,1.2310352047697899e+17,CONVERGED
S5,S5_tauq_10ps,Baseline Relaxation Lag (tau_q=10ps),1.4287878787878787,777183.4993189061,0,3.1415303139672157,0.9999801566818326,-1.1970535601237127,1.1970535601237127,False,-3.3103487890757037,0.0002063658943785429,6.714800065357509e+19,9.573670619115418e+16,CONVERGED
S5,S5_tauq_10ps,Baseline Relaxation Lag (tau_q=10ps),1.4287878787878787,777183.4993189061,1,0.0001876269997582028,5.972352893803965e-05,4.0179091761976355,4.0179091761976355,False,0.017990540377705536,3.37551115470807e-06,6.714800065357509e+19,9.573670619115418e+16,CONVERGED
S5,S5_tauq_10ps,Baseline Relaxation Lag (tau_q=10ps),1.4287878787878787,777183.4993189061,2,0.00021836048656348874,6.950630162506125e-05,4.592265657075206,4.592265657075206,False,0.010129881275127355,-2.2119658392236536e-06,6.714800065357509e+19,9.573670619115418e+16,CONVERGED
S5,S5_tauq_10ps,Baseline Relaxation Lag (tau_q=10ps),1.4287878787878787,777183.4993189061,3,8.107136014212999e-06,2.58058154196065e-06,-1.013613457941233,1.013613457941233,False,2.7555400750908836,-2.2339538181865918e-05,6.714800065357509e+19,9.573670619115418e+16,CONVERGED
S5,S5_tauq_10ps,Baseline Relaxation Lag (tau_q=10ps),1.4287878787878787,777183.4993189061,4,2.728386571138126e-05,8.684724189243599e-06,1.013639301906147,1.013639301906147,False,0.362895885639043,9.90120261344527e-06,6.714800065357509e+19,9.573670619115418e+16,CONVERGED
S5,S5_tauq_10ps,Baseline Relaxation Lag (tau_q=10ps),1.4464646464646465,786798.7069810347,0,3.141500826626644,0.9999707705698114,-1.1911863049519982,1.1911863049519982,False,-3.290982988123506,-0.00030220097442444627,3.882804414390205e+19,9.024345287383826e+16,CONVERGED
S5,S5_tauq_10ps,Baseline Relaxation Lag (tau_q=10ps),1.4464646464646465,786798.7069810347,1,0.00026988148178475724,8.590594375001886e-05,3.9911063666949294,3.9911063666949294,False,0.01847925729736147,-4.987209462776523e-06,3.882804414390205e+19,9.024345287383826e+16,CONVERGED
S5,S5_tauq_10ps,Baseline Relaxation Lag (tau_q=10ps),1.4464646464646465,786798.7069810347,2,0.0002504555759428029,7.972248587244934e-05,-4.608470114849745,4.608470114849745,False,100.33053481532892,0.025128342407239494,3.882804414390205e+19,9.024345287383826e+16,CONVERGED
S5,S5_tauq_10ps,Baseline Relaxation Lag (tau_q=10ps),1.4464646464646465,786798.7069810347,3,9.958063952774796e-07,3.169750203418654e-07,-1.0658518509111663,1.0658518509111663,False,2.903311119185701,-2.891135779966293e-06,3.882804414390205e+19,9.024345287383826e+16,CONVERGED
S5,S5_tauq_10ps,Baseline Relaxation Lag (tau_q=10ps),1.4464646464646465,786798.7069810347,4,2.0867937980881492e-05,6.64247096358479e-06,1.0658617292752532,1.0658617292752532,False,0.34443092056456726,-7.187563090082633e-06,3.882804414390205e+19,9.024345287383826e+16,CONVERGED
S5,S5_tauq_10ps,Baseline Relaxation Lag (tau_q=10ps),1.4641414141414142,796413.9146431634,0,3.1411477599045345,0.9998583859416814,-1.183739701433809,1.183739701433809,False,-3.266567052688814,-0.001453275150098344,6.854479117064138e+19,6.3689753549891304e+16,CONVERGED
S5,S5_tauq_10ps,Baseline Relaxation Lag (tau_q=10ps),1.4641414141414142,796413.9146431634,1,0.0012829229040014194,0.00040836704355527004,3.9640838564519045,3.9640838564519045,False,0.0189854063953735,-2.4356826069296207e-05,6.854479117064138e+19,6.3689753549891304e+16,CONVERGED
S5,S5_tauq_10ps,Baseline Relaxation Lag (tau_q=10ps),1.4641414141414142,796413.9146431634,2,7.858606029176032e-05,2.501471990710274e-05,4.62548403964311,4.62548403964311,False,0.00979891079616455,7.700577962062014e-07,6.854479117064138e+19,6.3689753549891304e+16,CONVERGED
S5,S5_tauq_10ps,Baseline Relaxation Lag (tau_q=10ps),1.4641414141414142,796413.9146431634,3,2.0030037180291916e-07,6.375758855115815e-08,-1.1130275851288438,1.1130275851288438,False,3.0435590937083288,-6.096260180739421e-07,6.854479117064138e+19,6.3689753549891304e+16,CONVERGED
S5,S5_tauq_10ps,Baseline Relaxation Lag (tau_q=10ps),1.4641414141414142,796413.9146431634,4,6.473294861228855e-06,2.060513750511874e-06,1.1130263558169367,1.1130263558169367,False,0.32856310605530936,2.1268858660469333e-06,6.854479117064138e+19,6.3689753549891304e+16,CONVERGED
S5,S5_tauq_10ps,Baseline Relaxation Lag (tau_q=10ps),1.4818181818181817,806029.1223052919,0,3.1415528312096948,0.9999873241427233,-1.1748094303358052,1.1748094303358052,False,-3.237525908253224,-0.00012892598736575182,7.92693449602943e+19,1.0217593891265112e+17,CONVERGED
S5,S5_tauq_10ps,Baseline Relaxation Lag (tau_q=10ps),1.4818181818181817,806029.1223052919,1,0.00011264195882905525,3.5855049094395814e-05,3.9369842070858376,3.9369842070858376,False,0.019506954939650586,-2.197301624485633e-06,7.92693449602943e+19,1.0217593891265112e+17,CONVERGED
S5,S5_tauq_10ps,Baseline Relaxation Lag (tau_q=10ps),1.4818181818181817,806029.1223052919,2,6.035237281997233e-05,1.9210756923247094e-05,4.6419386425871565,4.6419386425871565,False,0.009638992922778372,-5.81736095190902e-07,7.92693449602943e+19,1.0217593891265112e+17,CONVERGED
S5,S5_tauq_10ps,Baseline Relaxation Lag (tau_q=10ps),1.4818181818181817,806029.1223052919,3,2.101417776772952e-05,6.6890205334919284e-06,-1.1557914008383712,1.1557914008383712,False,3.176536335851824,6.675229925706824e-05,7.92693449602943e+19,1.0217593891265112e+17,CONVERGED
S5,S5_tauq_10ps,Baseline Relaxation Lag (tau_q=10ps),1.4818181818181817,806029.1223052919,4,6.13802864215534e-05,1.9537951984773136e-05,1.1557808147999837,1.1557808147999837,False,0.31481163073856855,-1.932322808783665e-05,7.92693449602943e+19,1.0217593891265112e+17,CONVERGED
S5,S5_tauq_10ps,Baseline Relaxation Lag (tau_q=10ps),1.4994949494949494,815644.3299674204,0,3.1414341243482,0.9999495385751517,-1.164443859539109,1.164443859539109,False,-3.204140395202103,-0.0005079499510651912,1.1148934880326936e+20,2.4601403741080096e+17,CONVERGED
S5,S5_tauq_10ps,Baseline Relaxation Lag (tau_q=10ps),1.4994949494949494,815644.3299674204,1,0.00045133480193000505,0.00014366432943312363,3.9098344212579654,3.9098344212579654,False,0.020043817575879017,-9.046473049795397e-06,1.1148934880326936e+20,2.4601403741080096e+17,CONVERGED
S5,S5_tauq_10ps,Baseline Relaxation Lag (tau_q=10ps),1.4994949494949494,815644.3299674204,2,0.00017245542221933544,5.489426581841423e-05,-4.6574280794843705,4.6574280794843705,False,105.36474206308243,0.018170721259657956,1.1148934880326936e+20,2.4601403741080096e+17,CONVERGED
S5,S5_tauq_10ps,Baseline Relaxation Lag (tau_q=10ps),1.4994949494949494,815644.3299674204,3,7.91325949505902e-06,2.5188687292150376e-06,-1.1946353513019827,1.1946353513019827,False,3.3023533519665897,2.6132379019035066e-05,1.1148934880326936e+20,2.4601403741080096e+17,CONVERGED
S5,S5_tauq_10ps,Baseline Relaxation Lag (tau_q=10ps),1.4994949494949494,815644.3299674204,4,2.998176802281165e-05,9.543493166929992e-06,1.1946651809971593,1.1946651809971593,False,0.3028053220511615,-9.07863892453098e-06,1.1148934880326936e+20,2.4601403741080096e+17,CONVERGED
S5,S5_tauq_10ps,Baseline Relaxation Lag (tau_q=10ps),1.5171717171717172,825259.537629549,0,3.141419821925074,0.9999449859724744,-1.1523140803030194,1.1523140803030194,False,-3.1655096369539217,0.0005471003056864869,7.284313910637886e+19,6.48692139547426e+16,CONVERGED
S5,S5_tauq_10ps,Baseline Relaxation Lag (tau_q=10ps),1.5171717171717172,825259.537629549,1,0.0004920152502549823,0.0001566133183093527,3.88162965677824,3.88162965677824,False,0.020617196336130173,1.0143975833425068e-05,7.284313910637886e+19,6.48692139547426e+16,CONVERGED
S5,S5_tauq_10ps,Baseline Relaxation Lag (tau_q=10ps),1.5171717171717172,825259.537629549,2,2.627112167643617e-05,8.362357750746913e-06,4.673864895590429,4.673864895590429,False,0.009336116589278243,-2.452702549587492e-07,7.284313910637886e+19,6.48692139547426e+16,CONVERGED
S5,S5_tauq_10ps,Baseline Relaxation Lag (tau_q=10ps),1.5171717171717172,825259.537629549,3,1.8326628353148203e-05,5.833546985223236e-06,-1.2299144876901522,1.2299144876901522,False,3.420936990983285,6.269424086030671e-05,7.284313910637886e+19,6.48692139547426e+16,CONVERGED
S5,S5_tauq_10ps,Baseline Relaxation Lag (tau_q=10ps),1.5171717171717172,825259.537629549,4,1.1341057355160372e-05,3.6099706759249403e-06,1.2298800536057681,1.2298800536057681,False,0.2923276392055243,-3.315304522870617e-06,7.284313910637886e+19,6.48692139547426e+16,CONVERGED
S5,S5_tauq_10ps,Baseline Relaxation Lag (tau_q=10ps),1.534848484848485,834874.7452916778,0,3.141534724981616,0.9999815607513244,-1.1389801986506933,1.1389801986506933,False,-3.123581302706278,0.00018094471759566775,5.6835875443078775e+19,1.191411645769818e+17,CONVERGED
S5,S5_tauq_10ps,Baseline Relaxation Lag (tau_q=10ps),1.534848484848485,834874.7452916778,1,0.00017010352271494618,5.414563295485637e-05,3.8538879159245796,3.8538879159245796,False,0.021197162928385378,3.605712120458361e-06,5.6835875443078775e+19,1.191411645769818e+17,CONVERGED
S5,S5_tauq_10ps,Baseline Relaxation Lag (tau_q=10ps),1.534848484848485,834874.7452916778,2,7.235790365391674e-05,2.3032236076575927e-05,4.689771661350588,4.689771661350588,False,0.009188784047207877,6.648811519448799e-07,5.6835875443078775e+19,1.191411645769818e+17,CONVERGED
S5,S5_tauq_10ps,Baseline Relaxation Lag (tau_q=10ps),1.534848484848485,834874.7452916778,3,8.832863194132196e-06,2.8115876780012133e-06,-1.2619838201914149,1.2619838201914149,False,3.532422231370282,-3.120140231441633e-05,5.6835875443078775e+19,1.191411645769818e+17,CONVERGED
S5,S5_tauq_10ps,Baseline Relaxation Lag (tau_q=10ps),1.534848484848485,834874.7452916778,4,0.00010003833293436804,3.184319037035485e-05,1.2619951762666866,1.2619951762666866,False,0.28308864950114143,2.8319716663207248e-05,5.6835875443078775e+19,1.191411645769818e+17,CONVERGED
S5,S5_tauq_10ps,Baseline Relaxation Lag (tau_q=10ps),1.5525252525252524,844489.952953806,0,3.1415085021127163,0.9999732137529095,-1.1238487640175712,1.1238487640175712,False,-3.076672821945025,-0.0002589065630603725,7.552722051164784e+19,1.1940461569860483e+17,CONVERGED
S5,S5_tauq_10ps,Baseline Relaxation Lag (tau_q=10ps),1.5525252525252524,844489.952953806,1,0.00023184659802482016,7.379906422937958e-05,3.824910175582562,3.824910175582562,False,0.021820394860872446,-5.058984406696481e-06,7.552722051164784e+19,1.1940461569860483e+17,CONVERGED
S5,S5_tauq_10ps,Baseline Relaxation Lag (tau_q=10ps),1.5525252525252524,844489.952953806,2,5.52738047174959e-05,1.7594198488571192e-05,4.705586227350952,4.705586227350952,False,0.00904461045160225,-4.999300323568128e-07,7.552722051164784e+19,1.1940461569860483e+17,CONVERGED
S5,S5_tauq_10ps,Baseline Relaxation Lag (tau_q=10ps),1.5525252525252524,844489.952953806,3,8.271059175991575e-06,2.632759904929276e-06,-1.2910641996394403,1.2910641996394403,False,3.636654623604429,3.0078985595161504e-05,7.552722051164784e+19,1.1940461569860483e+17,CONVERGED
S5,S5_tauq_10ps,Baseline Relaxation Lag (tau_q=10ps),1.5525252525252524,844489.952953806,4,1.9801851542501293e-05,6.303125110721906e-06,1.2910608345396621,1.2910608345396621,False,0.2749789211173525,-5.4450917739946855e-06,7.552722051164784e+19,1.1940461569860483e+17,CONVERGED
S5,S5_tauq_10ps,Baseline Relaxation Lag (tau_q=10ps),1.5702020202020202,854105.1606159348,0,0.008805968995866758,0.0028030269888123373,-3.251914532180591,3.251914532180591,False,25.83876178255512,0.22754121674721375,5.711051732093521e+19,4.029101702972058e+16,CONVERGED
S5,S5_tauq_10ps,Baseline Relaxation Lag (tau_q=10ps),1.5702020202020202,854105.1606159348,1,3.140236386536584,0.9995682867886582,3.075968999360095,3.075968999360095,False,-0.046144849898591134,6.258477796683234e-05,5.711051732093521e+19,4.029101702972058e+16,CONVERGED
S5,S5_tauq_10ps,Baseline Relaxation Lag (tau_q=10ps),1.5702020202020202,854105.1606159348,2,2.347077845345353e-05,7.47098081816376e-06,4.721217461489011,4.721217461489011,False,0.008904331263850538,2.089915864083721e-07,5.711051732093521e+19,4.029101702972058e+16,CONVERGED
S5,S5_tauq_10ps,Baseline Relaxation Lag (tau_q=10ps),1.5702020202020202,854105.1606159348,3,1.763702589753219e-06,5.614039706064041e-07,-1.317416975039581,1.317416975039581,False,3.7337645037421217,-6.585250124785451e-06,5.711051732093521e+19,4.029101702972058e+16,CONVERGED
S5,S5_tauq_10ps,Baseline Relaxation Lag (tau_q=10ps),1.5702020202020202,854105.1606159348,4,2.340967089301985e-05,7.451529677557146e-06,1.3174154028419613,1.3174154028419613,False,0.26782663205487484,6.269733313935838e-06,5.711051732093521e+19,4.029101702972058e+16,CONVERGED
S5,S5_tauq_10ps,Baseline Relaxation Lag (tau_q=10ps),1.587878787878788,863720.3682780633,0,3.1415833293891913,0.9999970320147676,-1.0888364314759473,1.0888364314759473,False,-2.9708153133829964,-2.770047793430327e-05,2.678957175261419e+20,1.654550347236601e+17,CONVERGED
S5,S5_tauq_10ps,Baseline Relaxation Lag (tau_q=10ps),1.587878787878788,863720.3682780633,1,2.1016281433436336e-05,6.6896901510836335e-06,3.7650212084205834,3.7650212084205834,False,0.023167120886934876,-4.868867326339479e-07,2.678957175261419e+20,1.654550347236601e+17,CONVERGED
S5,S5_tauq_10ps,Baseline Relaxation Lag (tau_q=10ps),1.587878787878788,863720.3682780633,2,0.0002811753761959158,8.95009019946065e-05,4.736753434922431,4.736753434922431,False,0.008767062525795946,-2.4650821687865883e-06,2.678957175261419e+20,1.654550347236601e+17,CONVERGED
S5,S5_tauq_10ps,Baseline Relaxation Lag (tau_q=10ps),1.587878787878788,863720.3682780633,3,7.281043471802259e-07,2.3176281188086091e-07,-1.3411401035829016,1.3411401035829016,False,3.823400093558047,2.7838342291293884e-06,2.678957175261419e+20,1.654550347236601e+17,CONVERGED
S5,S5_tauq_10ps,Baseline Relaxation Lag (tau_q=10ps),1.587878787878788,863720.3682780633,4,1.4506981769480135e-05,4.617715715913548e-06,1.3411512624602406,1.3411512624602406,False,0.2615443889234317,-3.794219682288213e-06,2.678957175261419e+20,1.654550347236601e+17,CONVERGED
S5,S5_tauq_10ps,Baseline Relaxation Lag (tau_q=10ps),1.6055555555555556,873335.5759401919,0,3.1415735287218713,0.9999939123654685,-1.0687978903157793,1.0687978903157793,False,-2.9118769991309232,5.568926301943475e-05,9.46533641280883e+19,1.9391591442228707e+17,CONVERGED
S5,S5_tauq_10ps,Baseline Relaxation Lag (tau_q=10ps),1.6055555555555556,873335.5759401919,1,5.5531249701803804e-05,1.767614577222483e-05,3.7337299143611133,3.7337299143611133,False,0.023903511266890116,1.3273918542759905e-06,9.46533641280883e+19,1.9391591442228707e+17,CONVERGED
S5,S5_tauq_10ps,Baseline Relaxation Lag (tau_q=10ps),1.6055555555555556,873335.5759401919,2,3.4964309863384625e-05,1.112948549310875e-05,-4.7478858377754705,4.7478858377754705,False,115.3401786591401,0.004032789747979683,9.46533641280883e+19,1.9391591442228707e+17,CONVERGED
S5,S5_tauq_10ps,Baseline Relaxation Lag (tau_q=10ps),1.6055555555555556,873335.5759401919,3,4.189208436532421e-06,1.3334664606328108e-06,-1.3624212073570294,1.3624212073570294,False,3.905638223090127,-1.636153259430837e-05,9.46533641280883e+19,1.9391591442228707e+17,CONVERGED
S5,S5_tauq_10ps,Baseline Relaxation Lag (tau_q=10ps),1.6055555555555556,873335.5759401919,4,1.6645180564153226e-05,5.298325530884258e-06,1.3624189398412896,1.3624189398412896,False,0.25604068022967225,4.26184335458511e-06,9.46533641280883e+19,1.9391591442228707e+17,CONVERGED
S5,S5_tauq_10ps,Baseline Relaxation Lag (tau_q=10ps),1.6232323232323231,882950.7836023204,0,3.141588509637698,0.9999986809390802,-1.047047461654569,1.047047461654569,False,-2.849226237047158,-1.1807057035048844e-05,1.2104542254179443e+20,8.678765427170454e+16,CONVERGED
S5,S5_tauq_10ps,Baseline Relaxation Lag (tau_q=10ps),1.6232323232323231,882950.7836023204,1,8.995497949100616e-06,2.8633559283447396e-06,3.7015310855131474,3.7015310855131474,False,0.024685701600071813,-2.2206017812154542e-07,1.2104542254179443e+20,8.678765427170454e+16,CONVERGED
S5,S5_tauq_10ps,Baseline Relaxation Lag (tau_q=10ps),1.6232323232323231,882950.7836023204,2,0.0004050105905250806,0.00012891887497326827,-4.767456484966083,4.767456484966083,False,117.61968406339855,0.04763722030459172,1.2104542254179443e+20,8.678765427170454e+16,CONVERGED
S5,S5_tauq_10ps,Baseline Relaxation Lag (tau_q=10ps),1.6232323232323231,882950.7836023204,3,5.430891492001939e-07,1.7287064526956543e-07,-1.3814131191244237,1.3814131191244237,False,3.980522607623555,2.1617786363466264e-06,1.2104542254179443e+20,8.678765427170454e+16,CONVERGED
S5,S5_tauq_10ps,Baseline Relaxation Lag (tau_q=10ps),1.6232323232323231,882950.7836023204,4,2.568802606879584e-05,8.176752654244652e-06,1.3815012583769688,1.3815012583769688,False,0.25120115192575543,-6.45286174059971e-06,1.2104542254179443e+20,8.678765427170454e+16,CONVERGED
S5,S5_tauq_10ps,Baseline Relaxation Lag (tau_q=10ps),1.6409090909090909,892565.9912644491,0,3.1414876110595014,0.9999665639241384,-1.0235419017616127,1.0235419017616127,False,-2.7830345475440144,-0.0002923369918390006,6.270790575056346e+19,1.1788302961035592e+17,CONVERGED
S5,S5_tauq_10ps,Baseline Relaxation Lag (tau_q=10ps),1.6409090909090909,892565.9912644491,1,0.00027610560721617894,8.788714440768833e-05,3.6683631586205685,3.6683631586205685,False,0.025518204061751336,-7.0457194065780615e-06,6.270790575056346e+19,1.1788302961035592e+17,CONVERGED
S5,S5_tauq_10ps,Baseline Relaxation Lag (tau_q=10ps),1.6409090909090909,892565.9912644491,2,0.0002192828573088492,6.97999013520362e-05,4.783008266119299,4.783008266119299,False,0.008370779319428208,1.8355684364871269e-06,6.270790575056346e+19,1.1788302961035592e+17,CONVERGED
S5,S5_tauq_10ps,Baseline Relaxation Lag (tau_q=10ps),1.6409090909090909,892565.9912644491,3,2.3235453924767773e-06,7.396074694221542e-07,-1.3981619457421182,1.3981619457421182,False,4.047753135204977,9.40513814720588e-06,6.270790575056346e+19,1.1788302961035592e+17,CONVERGED
S5,S5_tauq_10ps,Baseline Relaxation Lag (tau_q=10ps),1.6409090909090909,892565.9912644491,4,6.766649633320742e-06,2.1538914746279144e-06,1.3981656497087003,1.3981656497087003,False,0.24704972428217145,-1.6716989262514603e-06,6.270790575056346e+19,1.1788302961035592e+17,CONVERGED
S5,S5_tauq_10ps,Baseline Relaxation Lag (tau_q=10ps),1.6585858585858586,902181.1989265776,0,3.1415239190536393,0.99997812111762,-0.9976265222684569,0.9976265222684569,False,-2.711837691190932,-0.00018639690612249452,7.591188166838821e+19,9.605775785215579e+16,CONVERGED
S5,S5_tauq_10ps,Baseline Relaxation Lag (tau_q=10ps),1.6585858585858586,902181.1989265776,1,0.0001762255924449403,5.609434827382003e-05,3.632619596015461,3.632619596015461,False,0.02644681320860465,-4.660605374212774e-06,7.591188166838821e+19,9.605775785215579e+16,CONVERGED
S5,S5_tauq_10ps,Baseline Relaxation Lag (tau_q=10ps),1.6585858585858586,902181.1989265776,2,5.752755556837042e-05,1.8311589665399684e-05,4.7979159998609795,4.7979159998609795,False,0.008246915712917517,4.744249024658867e-07,7.591188166838821e+19,9.605775785215579e+16,CONVERGED
S5,S5_tauq_10ps,Baseline Relaxation Lag (tau_q=10ps),1.6585858585858586,902181.1989265776,3,6.3865729391316105e-06,2.0329093053594603e-06,-1.41278838059027,1.41278838059027,False,4.107392424507449,-2.6232161309110104e-05,7.591188166838821e+19,9.605775785215579e+16,CONVERGED
S5,S5_tauq_10ps,Baseline Relaxation Lag (tau_q=10ps),1.6585858585858586,902181.1989265776,4,4.41510675511686e-05,1.4053721287105332e-05,1.4128815695679768,1.4128815695679768,False,0.24344077970324404,-1.0748170316370946e-05,7.591188166838821e+19,9.605775785215579e+16,CONVERGED
S5,S5_tauq_10ps,Baseline Relaxation Lag (tau_q=10ps),1.6762626262626263,911796.4065887061,0,3.1415672674708888,0.999991919347381,-0.970200099371577,0.970200099371577,False,-2.6384723623473882,-6.69805731316349e-05,7.044007859535026e+19,5.246655561679977e+16,CONVERGED
S5,S5_tauq_10ps,Baseline Relaxation Lag (tau_q=10ps),1.6762626262626263,911796.4065887061,1,6.268922802790024e-05,1.9954601038510627e-05,3.596781739081289,3.596781739081289,False,0.027411798912125168,-1.7184245149082638e-06,7.044007859535026e+19,5.246655561679977e+16,CONVERGED
S5,S5_tauq_10ps,Baseline Relaxation Lag (tau_q=10ps),1.6762626262626263,911796.4065887061,2,4.0515984298119594e-05,1.2896638350558699e-05,4.812983481545225,4.812983481545225,False,0.008123586928645192,-3.291351206254949e-07,7.044007859535026e+19,5.246655561679977e+16,CONVERGED
S5,S5_tauq_10ps,Baseline Relaxation Lag (tau_q=10ps),1.6762626262626263,911796.4065887061,3,2.1394662250872114e-07,6.810132506015745e-08,-1.4253693707217316,1.4253693707217316,False,4.1593939173811805,-8.898882803070359e-07,7.044007859535026e+19,5.246655561679977e+16,CONVERGED
S5,S5_tauq_10ps,Baseline Relaxation Lag (tau_q=10ps),1.6762626262626263,911796.4065887061,4,2.154826261983262e-05,6.859025021977352e-06,1.4253881434180815,1.4253881434180815,False,0.24041512949013435,-5.180528348836302e-06,7.044007859535026e+19,5.246655561679977e+16,CONVERGED
S5,S5_tauq_10ps,Baseline Relaxation Lag (tau_q=10ps),1.6939393939393939,921411.6142508347,0,3.141558889023896,0.9999892524048722,-0.9404878703198649,0.9404878703198649,False,-2.5612306605323942,8.647884144796069e-05,1.3592912654427457e+20,1.5690285479339286e+17,CONVERGED
S5,S5_tauq_10ps,Baseline Relaxation Lag (tau_q=10ps),1.6939393939393939,921411.6142508347,1,8.719815739766783e-05,2.7756035556687914e-05,3.5589542459066092,3.5589542459066092,False,0.028468580179104377,2.482407741637348e-06,1.3592912654427457e+20,1.5690285479339286e+17,CONVERGED
S5,S5_tauq_10ps,Baseline Relaxation Lag (tau_q=10ps),1.6939393939393939,921411.6142508347,2,0.00019856138169024648,6.320405080631857e-05,-4.827666876405109,4.827666876405109,False,124.91916607145635,0.024804122540722656,1.3592912654427457e+20,1.5690285479339286e+17,CONVERGED
S5,S5_tauq_10ps,Baseline Relaxation Lag (tau_q=10ps),1.6939393939393939,921411.6142508347,3,8.1819263508029e-07,2.604388045488229e-07,-1.43594143564779,1.43594143564779,False,4.203600565964969,3.4393550238926436e-06,1.3592912654427457e+20,1.5690285479339286e+17,CONVERGED
S5,S5_tauq_10ps,Baseline Relaxation Lag (tau_q=10ps),1.6939393939393939,921411.6142508347,4,1.6533464483185713e-06,5.26276519786659e-07,1.4359621606030037,1.4359621606030037,False,0.23788636897480583,3.933085832482548e-07,1.3592912654427457e+20,1.5690285479339286e+17,CONVERGED
S5,S5_tauq_10ps,Baseline Relaxation Lag (tau_q=10ps),1.7116161616161616,931026.8219129633,0,3.141525548275512,0.9999786397150487,-0.908711719006868,0.908711719006868,False,-2.481124082988035,-0.0001664966116098908,8.97448371697591e+19,1.6023961058386218e+17,CONVERGED
S5,S5_tauq_10ps,Baseline Relaxation Lag (tau_q=10ps),1.7116161616161616,931026.8219129633,1,0.00016633543225481488,5.294621250936175e-05,3.5198701753953054,3.5198701753953054,False,0.029603277742789424,-4.924074044918453e-06,8.97448371697591e+19,1.6023961058386218e+17,CONVERGED
S5,S5_tauq_10ps,Baseline Relaxation Lag (tau_q=10ps),1.7116161616161616,931026.8219129633,2,0.00026352883396911454,8.388383314685592e-05,4.842677925882812,4.842677925882812,False,0.007885907599649756,2.078164082631609e-06,8.97448371697591e+19,1.6023961058386218e+17,CONVERGED
S5,S5_tauq_10ps,Baseline Relaxation Lag (tau_q=10ps),1.7116161616161616,931026.8219129633,3,3.2701031201535935e-06,1.0409061519853492e-06,-1.4445722301131831,1.4445722301131831,False,4.240037994233463,1.3865361474562055e-05,8.97448371697591e+19,1.6023961058386218e+17,CONVERGED
S5,S5_tauq_10ps,Baseline Relaxation Lag (tau_q=10ps),1.7116161616161616,931026.8219129633,4,1.6724568005802584e-05,5.3235953384000875e-06,1.4445524532370553,1.4445524532370553,False,0.23585160752958662,3.944516249774207e-06,8.97448371697591e+19,1.6023961058386218e+17,CONVERGED
S5,S5_tauq_10ps,Baseline Relaxation Lag (tau_q=10ps),1.7292929292929293,940642.0295750919,0,3.141585820854171,0.9999978250727017,-0.8741152274475912,0.8741152274475912,False,-2.3967537735642805,-1.6376384887203875e-05,8.610227868349766e+19,1.008265463499458e+17,CONVERGED
S5,S5_tauq_10ps,Baseline Relaxation Lag (tau_q=10ps),1.7292929292929293,940642.0295750919,1,1.16567058999267e-05,3.7104447282835893e-06,3.477839369686658,3.477839369686658,False,0.03087404641810253,-3.5988967905280703e-07,8.610227868349766e+19,1.008265463499458e+17,CONVERGED
S5,S5_tauq_10ps,Baseline Relaxation Lag (tau_q=10ps),1.7292929292929293,940642.0295750919,2,0.00010040257177305386,3.195913119364065e-05,-4.856323054220402,4.856323054220402,False,128.55065759511456,0.012906816669036576,8.610227868349766e+19,1.008265463499458e+17,CONVERGED
S5,S5_tauq_10ps,Baseline Relaxation Lag (tau_q=10ps),1.7292929292929293,940642.0295750919,3,1.2217143317825122e-05,3.8888374989879735e-06,-1.4512955574541753,1.4512955574541753,False,4.268641203936972,5.21506013634662e-05,8.610227868349766e+19,1.008265463499458e+17,CONVERGED
S5,S5_tauq_10ps,Baseline Relaxation Lag (tau_q=10ps),1.7292929292929293,940642.0295750919,4,1.6569907161772378e-05,5.274365262739744e-06,1.4512584282242067,1.4512584282242067,False,0.23427528385028326,-3.881919704052341e-06,8.610227868349766e+19,1.008265463499458e+17,CONVERGED
S5,S5_tauq_10ps,Baseline Relaxation Lag (tau_q=10ps),1.7469696969696968,950257.2372372204,0,3.141587377731787,0.9999983206422386,-0.8371944168434784,0.8371944168434784,False,-2.309877324460971,1.2186584775392367e-05,9.000370811690004e+19,2.4676509319683366e+17,CONVERGED
S5,S5_tauq_10ps,Baseline Relaxation Lag (tau_q=10ps),1.7469696969696968,950257.2372372204,1,1.7788622913419942e-05,5.662294534937072e-06,3.4343487160913884,3.4343487160913884,False,0.03224640495396918,5.736191381000989e-07,9.000370811690004e+19,2.4676509319683366e+17,CONVERGED
S5,S5_tauq_10ps,Baseline Relaxation Lag (tau_q=10ps),1.7469696969696968,950257.2372372204,2,1.8028379379982156e-05,5.738611388520319e-06,4.8717211898062605,4.8717211898062605,False,0.0076601693281697445,1.381004387781091e-07,9.000370811690004e+19,2.4676509319683366e+17,CONVERGED
S5,S5_tauq_10ps,Baseline Relaxation Lag (tau_q=10ps),1.7469696969696968,950257.2372372204,3,4.861004523302235e-06,1.5473057965512262e-06,-1.456126716593763,1.456126716593763,False,4.289313584744577,-2.085037273746934e-05,9.000370811690004e+19,2.4676509319683366e+17,CONVERGED
S5,S5_tauq_10ps,Baseline Relaxation Lag (tau_q=10ps),1.7469696969696968,950257.2372372204,4,1.915672762564708e-05,6.0977757901736e-06,1.4561353661215597,1.4561353661215597,False,0.23313551936862073,-4.466113644954761e-06,9.000370811690004e+19,2.4676509319683366e+17,CONVERGED
S5,S5_tauq_10ps,Baseline Relaxation Lag (tau_q=10ps),1.7646464646464646,959872.4448993491,0,2.4405071195988226,0.776837543470232,-1.3520309852846417,1.3520309852846417,False,-2.9536151281251932,2.4932816434075717,7.703108489878007e+19,1.0857321780881526e+17,CONVERGED
S5,S5_tauq_10ps,Baseline Relaxation Lag (tau_q=10ps),1.7646464646464646,959872.4448993491,1,0.5604394114146194,0.17839340526029815,3.1245247097305455,3.1245247097305455,False,0.037233225077951196,-0.02336615096917628,7.703108489878007e+19,1.0857321780881526e+17,CONVERGED
S5,S5_tauq_10ps,Baseline Relaxation Lag (tau_q=10ps),1.7646464646464646,959872.4448993491,2,8.466992562311718e-06,2.6951274388284453e-06,4.886125033201491,4.886125033201491,False,0.0075506242785612935,-6.393107960891649e-08,7.703108489878007e+19,1.0857321780881526e+17,CONVERGED
S5,S5_tauq_10ps,Baseline Relaxation Lag (tau_q=10ps),1.7646464646464646,959872.4448993491,3,7.638935423720231e-07,2.4315486652897136e-07,-1.4591016985579919,1.4591016985579919,False,4.3020932155076,-3.2863412260093873e-06,7.703108489878007e+19,1.0857321780881526e+17,CONVERGED
S5,S5_tauq_10ps,Baseline Relaxation Lag (tau_q=10ps),1.7646464646464646,959872.4448993491,4,1.4106725238467005e-05,4.49031010508244e-06,1.459094148370554,1.459094148370554,False,0.23244674162601994,3.2790623169127053e-06,7.703108489878007e+19,1.0857321780881526e+17,CONVERGED
S5,S5_tauq_10ps,Baseline Relaxation Lag (tau_q=10ps),1.7823232323232323,969487.6525614776,0,2.416882946371081,0.7693177355789235,-1.3432380231690473,1.3432380231690473,False,-2.8685603577429473,2.539924214338605,1.1943782116921336e+20,1.201239242061706e+17,CONVERGED
S5,S5_tauq_10ps,Baseline Relaxation Lag (tau_q=10ps),1.7823232323232323,969487.6525614776,1,0.5444240931331844,0.17329557112093738,3.1005415972734416,3.1005415972734416,False,0.03851538044472501,-0.02331949886772054,1.1943782116921336e+20,1.201239242061706e+17,CONVERGED
S5,S5_tauq_10ps,Baseline Relaxation Lag (tau_q=10ps),1.7823232323232323,969487.6525614776,2,3.674977677721683e-05,1.1697817263235604e-05,4.900441400349335,4.900441400349335,False,0.007443296866847289,-2.735394984663379e-07,1.1943782116921336e+20,1.201239242061706e+17,CONVERGED
S5,S5_tauq_10ps,Baseline Relaxation Lag (tau_q=10ps),1.7823232323232323,969487.6525614776,3,1.6233257776731888e-06,5.167206435303662e-07,-1.4602270448160841,1.4602270448160841,False,4.306937285121815,-6.991562317766163e-06,1.1943782116921336e+20,1.201239242061706e+17,CONVERGED
S5,S5_tauq_10ps,Baseline Relaxation Lag (tau_q=10ps),1.7823232323232323,969487.6525614776,4,8.153770931577294e-06,2.5954258971990692e-06,1.4602139694821201,1.4602139694821201,False,0.2321865885624575,-1.8931962565646187e-06,1.1943782116921336e+20,1.201239242061706e+17,CONVERGED
S5,S5_tauq_10ps,Baseline Relaxation Lag (tau_q=10ps),1.8,979102.8602236061,0,2.3930896922411304,0.7617441075648769,-1.3345174931928496,1.3345174931928496,False,-2.782946170438243,2.5848117455324395,6.937386108478461e+19,9.706618637295941e+16,CONVERGED
S5,S5_tauq_10ps,Baseline Relaxation Lag (tau_q=10ps),1.8,979102.8602236061,1,0.5286567833892931,0.16827668055093478,3.0762951938397984,3.0762951938397984,False,0.03983244247375977,-0.02326669085819591,6.937386108478461e+19,9.706618637295941e+16,CONVERGED
S5,S5_tauq_10ps,Baseline Relaxation Lag (tau_q=10ps),1.8,979102.8602236061,2,6.835923157339926e-05,2.175941922174011e-05,4.914548407818542,4.914548407818542,False,0.007339031376230865,-5.016905461536729e-07,6.937386108478461e+19,9.706618637295941e+16,CONVERGED
S5,S5_tauq_10ps,Baseline Relaxation Lag (tau_q=10ps),1.8,979102.8602236061,3,5.6467766618419785e-06,1.7974248365362058e-06,-1.4595012531415597,1.4595012531415597,False,4.303812479950566,2.430266786898741e-05,6.937386108478461e+19,9.706618637295941e+16,CONVERGED
S5,S5_tauq_10ps,Baseline Relaxation Lag (tau_q=10ps),1.8,979102.8602236061,4,6.642712409281847e-05,2.1144410309501585e-05,1.4595256947153055,1.4595256947153055,False,0.23234645123624498,-1.543410657149736e-05,6.937386108478461e+19,9.706618637295941e+16,CONVERGED
S5,S5_tauq_1ns,Extended Relaxation Lag (tau_q=1ns),0.05,27197.301672877948,0,2.5500318900357687e-08,8.117003606823221e-09,3.1351271950267106,3.1351271950267106,False,0.04349422122881961,-1.1091165116576074e-09,4067751116254129.0,6.293822065845585e+16,CONVERGED
S5,S5_tauq_1ns,Extended Relaxation Lag (tau_q=1ns),0.05,27197.301672877948,1,2.0566963180937354e-05,6.546667709270383e-06,3.1719735617728295,3.1719735617728295,False,0.041920782946523585,-8.621831994987849e-07,4067751116254129.0,6.293822065845585e+16,CONVERGED
S5,S5_tauq_1ns,Extended Relaxation Lag (tau_q=1ns),0.05,27197.301672877948,2,0.259256020579627,0.08252375440316356,0.021896763820638345,0.021896763820638345,True,0.9456460183656626,-0.2508090316601091,4067751116254129.0,6.293822065845585e+16,CONVERGED
S5,S5_tauq_1ns,Extended Relaxation Lag (tau_q=1ns),0.05,27197.301672877948,3,0.2729934445148441,0.086896512252441,-5.054156574976975e-07,5.054156574976975e-07,True,0.9629686204689724,0.26961536830067784,4067751116254129.0,6.293822065845585e+16,CONVERGED
S5,S5_tauq_1ns,Extended Relaxation Lag (tau_q=1ns),0.05,27197.301672877948,4,0.2729958105457496,0.08689726538346924,8.04667094142231e-08,8.04667094142231e-08,True,0.9629674183621874,-0.2696174887492615,4067751116254129.0,6.293822065845585e+16,CONVERGED
S5,S5_tauq_1ns,Extended Relaxation Lag (tau_q=1ns),0.06767676767676768,36812.509335006514,0,1.6673469116473602e-08,5.307330056753661e-09,3.141327738407129,3.141327738407129,False,0.04322536780333419,7.20716835117105e-10,1.0077481768312014e+16,8.472597170162941e+17,CONVERGED
S5,S5_tauq_1ns,Extended Relaxation Lag (tau_q=1ns),0.06767676767676768,36812.509335006514,1,0.13957897759904056,0.04442936847320047,-0.05124227101188021,0.05124227101188021,False,1.0423411930087882,0.14644115859519297,1.0077481768312014e+16,8.472597170162941e+17,CONVERGED
S5,S5_tauq_1ns,Extended Relaxation Lag (tau_q=1ns),0.06767676767676768,36812.509335006514,2,0.15129014174712277,0.048157147800256206,-0.0518673599708017,0.0518673599708017,False,1.041205399945934,-0.1587370599618119,1.0077481768312014e+16,8.472597170162941e+17,CONVERGED
S5,S5_tauq_1ns,Extended Relaxation Lag (tau_q=1ns),0.06767676767676768,36812.509335006514,3,0.36881744259250426,0.11739823817421678,-1.933744846441678e-06,1.933744846441678e-06,True,0.9327561283219188,0.3605133459042478,1.0077481768312014e+16,8.472597170162941e+17,CONVERGED
S5,S5_tauq_1ns,Extended Relaxation Lag (tau_q=1ns),0.06767676767676768,36812.509335006514,4,0.36881907265294206,0.11739875703856921,8.456160253788572e-07,8.456160253788572e-07,True,0.9327529482014871,-0.3605138643531109,1.0077481768312014e+16,8.472597170162941e+17,CONVERGED
S5,S5_tauq_1ns,Extended Relaxation Lag (tau_q=1ns),0.08535353535353535,46427.71699713508,0,7.910160600489168e-08,2.5178823204372126e-08,3.149266265042247,3.149266265042247,False,0.04288358050844344,-3.3921600894579525e-09,2.0186062586118988e+16,1.1724007622680882e+17,CONVERGED
S5,S5_tauq_1ns,Extended Relaxation Lag (tau_q=1ns),0.08535353535353535,46427.71699713508,1,0.46404950770990494,0.14771154598278394,-1.4788631764052923e-06,1.4788631764052923e-06,True,0.8942487066734471,0.44757369040594197,2.0186062586118988e+16,1.1724007622680882e+17,CONVERGED
S5,S5_tauq_1ns,Extended Relaxation Lag (tau_q=1ns),0.08535353535353535,46427.71699713508,2,0.4640507444268861,0.14771193964202545,-1.390056238971459e-06,1.390056238971459e-06,True,0.8942480737353438,-0.44757475659041546,2.0186062586118988e+16,1.1724007622680882e+17,CONVERGED
S5,S5_tauq_1ns,Extended Relaxation Lag (tau_q=1ns),0.08535353535353535,46427.71699713508,3,0.3809697735527669,0.12126644525904574,-0.6102766002696607,0.6102766002696607,False,1.7089533627757214,-0.6845001460536329,2.0186062586118988e+16,1.1724007622680882e+17,CONVERGED
S5,S5_tauq_1ns,Extended Relaxation Lag (tau_q=1ns),0.08535353535353535,46427.71699713508,4,0.5494018721137336,0.17488004738168406,-0.6680440118978929,0.6680440118978929,False,1.6633891469381437,1.0184641517043171,2.0186062586118988e+16,1.1724007622680882e+17,CONVERGED
S5,S5_tauq_1ns,Extended Relaxation Lag (tau_q=1ns),0.10303030303030303,56042.924659263655,0,9.39664630387345e-08,2.991045415495295e-08,3.158852672874479,3.158852672874479,False,0.04247444521851987,3.991173386716812e-09,3.53662090652487e+16,4.921822766562997e+16,CONVERGED
S5,S5_tauq_1ns,Extended Relaxation Lag (tau_q=1ns),0.10303030303030303,56042.924659263655,1,0.5585585100531893,0.1777946957620184,1.578137570365297e-06,1.578137570365297e-06,True,0.8480185917686812,-0.5299635003889448,3.53662090652487e+16,4.921822766562997e+16,CONVERGED
S5,S5_tauq_1ns,Extended Relaxation Lag (tau_q=1ns),0.10303030303030303,56042.924659263655,2,0.5585612936157249,0.1777955817974923,1.6954233276117043e-08,1.6954233276117043e-08,True,0.8480184404900764,0.5299666882741904,3.53662090652487e+16,4.921822766562997e+16,CONVERGED
S5,S5_tauq_1ns,Extended Relaxation Lag (tau_q=1ns),0.10303030303030303,56042.924659263655,3,0.00045777410494731466,0.00014571402324366637,-0.8188651543248616,0.8188651543248616,False,2.267924394488236,0.0010381971322955715,3.53662090652487e+16,4.921822766562997e+16,CONVERGED
S5,S5_tauq_1ns,Extended Relaxation Lag (tau_q=1ns),0.10303030303030303,56042.924659263655,4,4.9775905810399584e-09,1.5844162913203376e-09,-3.1588526635663023,3.1588526635663023,False,23.543568033604252,1.1719024248814197e-07,3.53662090652487e+16,4.921822766562997e+16,CONVERGED
S5,S5_tauq_1ns,Extended Relaxation Lag (tau_q=1ns),0.12070707070707071,65658.13232139223,0,5.09491022134828e-09,1.6217602926740028e-09,3.1699837747168944,3.1699837747168944,False,0.04200427942924195,-2.1400803260441412e-10,5.682309868667772e+16,7.483301770450962e+16,CONVERGED
S5,S5_tauq_1ns,Extended Relaxation Lag (tau_q=1ns),0.12070707070707071,65658.13232139223,1,0.6522397367536661,0.20761435637060505,8.907808907288101e-07,8.907808907288101e-07,True,0.7947256367750432,0.6069673637785706,5.682309868667772e+16,7.483301770450962e+16,CONVERGED
S5,S5_tauq_1ns,Extended Relaxation Lag (tau_q=1ns),0.12070707070707071,65658.13232139223,2,0.6522397343919883,0.2076143556188597,5.670359426182988e-07,5.670359426182988e-07,True,0.7947258954969566,-0.6069675584043337,5.682309868667772e+16,7.483301770450962e+16,CONVERGED
S5,S5_tauq_1ns,Extended Relaxation Lag (tau_q=1ns),0.12070707070707071,65658.13232139223,3,8.550254714688315e-05,2.721630605074857e-05,-3.089574900614692,3.089574900614692,False,21.96773743857735,0.0018782975106295238,5.682309868667772e+16,7.483301770450962e+16,CONVERGED
S5,S5_tauq_1ns,Extended Relaxation Lag (tau_q=1ns),0.12070707070707071,65658.13232139223,4,3.4810695114943706e-08,1.108058840001637e-08,-3.169983751153131,3.169983751153131,False,23.807097515403882,-8.287416131804588e-07,5.682309868667772e+16,7.483301770450962e+16,CONVERGED
S5,S5_tauq_1ns,Extended Relaxation Lag (tau_q=1ns),0.1383838383838384,75273.3399835208,0,1.3456931231102037e-07,4.283474248555188e-08,3.1825473902142436,3.1825473902142436,False,0.0414798550445173,5.581915568101537e-09,8.576557460950128e+16,2.625266532442524e+17,CONVERGED
S5,S5_tauq_1ns,Extended Relaxation Lag (tau_q=1ns),0.1383838383838384,75273.3399835208,1,0.7449958074272136,0.23713953066955762,4.462236021740053e-07,4.462236021740053e-07,True,0.7350904168062763,-0.6779684260146404,8.576557460950128e+16,2.625266532442524e+17,CONVERGED
S5,S5_tauq_1ns,Extended Relaxation Lag (tau_q=1ns),0.1383838383838384,75273.3399835208,2,0.7449973566193052,0.23714002379271595,-1.1050622550088875e-06,1.1050622550088875e-06,True,0.7350905068366927,0.6779706165355004,8.576557460950128e+16,2.625266532442524e+17,CONVERGED
S5,S5_tauq_1ns,Extended Relaxation Lag (tau_q=1ns),0.1383838383838384,75273.3399835208,3,9.237720402319116e-05,2.940457729859879e-05,-3.0616458765668004,3.0616458765668004,False,21.362688500504948,0.0019734254397084654,8.576557460950128e+16,2.625266532442524e+17,CONVERGED
S5,S5_tauq_1ns,Extended Relaxation Lag (tau_q=1ns),0.1383838383838384,75273.3399835208,4,1.9759585009669303e-05,6.2896712554667725e-06,3.175187904504044,3.175187904504044,False,0.04178625151415138,-8.256789891367565e-07,8.576557460950128e+16,2.625266532442524e+17,CONVERGED
S5,S5_tauq_1ns,Extended Relaxation Lag (tau_q=1ns),0.15606060606060607,84888.54764564935,0,0.0001023913819796707,3.259218914415002e-05,-3.0328498728284137,3.0328498728284137,False,20.756301090399457,0.0021252663608592403,1.222356623147989e+17,2.1942753767976618e+17,CONVERGED
S5,S5_tauq_1ns,Extended Relaxation Lag (tau_q=1ns),0.15606060606060607,84888.54764564935,1,0.836758922071391,0.2663486372478159,6.560462337014899e-07,6.560462337014899e-07,True,0.6698723228220983,-0.7424754265464413,1.222356623147989e+17,2.1942753767976618e+17,CONVERGED
S5,S5_tauq_1ns,Extended Relaxation Lag (tau_q=1ns),0.15606060606060607,84888.54764564935,2,0.8367593718388239,0.26634878041323623,3.774392025690975e-07,3.774392025690975e-07,True,0.6698721755118361,0.7424759346921082,1.222356623147989e+17,2.1942753767976618e+17,CONVERGED
S5,S5_tauq_1ns,Extended Relaxation Lag (tau_q=1ns),0.15606060606060607,84888.54764564935,3,6.487230996477347e-08,2.0649497601366636e-08,-3.1964259908048662,3.1964259908048662,False,24.445007205757737,1.585804084543039e-06,1.222356623147989e+17,2.1942753767976618e+17,CONVERGED
S5,S5_tauq_1ns,Extended Relaxation Lag (tau_q=1ns),0.15606060606060607,84888.54764564935,4,2.0055803797029204e-05,6.383960623956803e-06,3.1761825955777967,3.1761825955777967,False,0.04174470776754065,-8.372236686623699e-07,1.222356623147989e+17,2.1942753767976618e+17,CONVERGED
S5,S5_tauq_1ns,Extended Relaxation Lag (tau_q=1ns),0.17373737373737375,94503.75530777793,0,0.00010542851277181704,3.35589379009234e-05,-3.0013260915843554,3.0013260915843554,False,20.11218974110062,0.0021203982608450312,1.6865158140037277e+17,3.5713965672416845e+17,CONVERGED
S5,S5_tauq_1ns,Extended Relaxation Lag (tau_q=1ns),0.17373737373737375,94503.75530777793,1,0.9274709284525093,0.2952231656744929,-9.224072920203261e-08,9.224072920203261e-08,True,0.59985947770923,-0.800105487722641,1.6865158140037277e+17,3.5713965672416845e+17,CONVERGED
S5,S5_tauq_1ns,Extended Relaxation Lag (tau_q=1ns),0.17373737373737375,94503.75530777793,2,0.9274756657139355,0.2952246735916383,-1.5314147692160275e-06,1.5314147692160275e-06,True,0.5998565506909895,0.8001094809007935,1.6865158140037277e+17,3.5713965672416845e+17,CONVERGED
S5,S5_tauq_1ns,Extended Relaxation Lag (tau_q=1ns),0.17373737373737375,94503.75530777793,3,3.0890682002534494e-08,9.832809472366427e-09,-3.211499503600307,3.211499503600307,False,24.81627042554796,7.665915182045035e-07,1.6865158140037277e+17,3.5713965672416845e+17,CONVERGED
S5,S5_tauq_1ns,Extended Relaxation Lag (tau_q=1ns),0.17373737373737375,94503.75530777793,4,1.9850547373084418e-05,6.3186254750124464e-06,3.177208276411914,3.177208276411914,False,0.04170191297168124,-8.278057991013328e-07,1.6865158140037277e+17,3.5713965672416845e+17,CONVERGED
S5,S5_tauq_1ns,Extended Relaxation Lag (tau_q=1ns),0.19141414141414143,104118.96296990648,0,0.00011033403248812903,3.5120413323495014e-05,-2.9689086975950865,2.9689086975950865,False,19.470659501427054,0.002148276386713169,2.2432595708507443e+17,3.9167789453147904e+17,CONVERGED
S5,S5_tauq_1ns,Extended Relaxation Lag (tau_q=1ns),0.19141414141414143,104118.96296990648,1,1.0170948853772583,0.3237513572025507,-3.5674482248414135e-07,3.5674482248414135e-07,True,0.5258393983128917,-0.850584293689835,2.2432595708507443e+17,3.9167789453147904e+17,CONVERGED
S5,S5_tauq_1ns,Extended Relaxation Lag (tau_q=1ns),0.19141414141414143,104118.96296990648,2,1.0170931433980615,0.3237508027133508,-1.3225061324812173e-06,1.3225061324812173e-06,True,0.5258413878492612,0.8505841991481654,2.2432595708507443e+17,3.9167789453147904e+17,CONVERGED
S5,S5_tauq_1ns,Extended Relaxation Lag (tau_q=1ns),0.19141414141414143,104118.96296990648,3,1.8078248670690704e-07,5.7544852767698236e-08,3.22764827247842,3.22764827247842,False,0.03965063672157811,-7.168140706039173e-09,2.2432595708507443e+17,3.9167789453147904e+17,CONVERGED
S5,S5_tauq_1ns,Extended Relaxation Lag (tau_q=1ns),0.19141414141414143,104118.96296990648,4,1.9937744097378693e-05,6.346381054398156e-06,3.178400179672827,3.178400179672827,False,0.0416522379353514,-8.304516611482039e-07,2.2432595708507443e+17,3.9167789453147904e+17,CONVERGED
S5,S5_tauq_1ns,Extended Relaxation Lag (tau_q=1ns),0.2090909090909091,113734.17063203505,0,1.6507996212857326e-07,5.254658395637063e-08,-3.2447574373799557,3.2447574373799557,False,25.655486243464058,-4.235206697461218e-06,3.0106479377381856e+17,8.70945664580164e+16,CONVERGED
S5,S5_tauq_1ns,Extended Relaxation Lag (tau_q=1ns),0.2090909090909091,113734.17063203505,1,1.105610835208467,0.3519268591187729,2.3565482433508766e-06,2.3565482433508766e-06,True,0.4485875329909942,0.8937362654383415,3.0106479377381856e+17,8.70945664580164e+16,CONVERGED
S5,S5_tauq_1ns,Extended Relaxation Lag (tau_q=1ns),0.2090909090909091,113734.17063203505,2,1.1056114679593532,0.35192706052963546,7.51631075979107e-07,7.51631075979107e-07,True,0.44858768742399324,-0.8937379836566037,3.0106479377381856e+17,8.70945664580164e+16,CONVERGED
S5,S5_tauq_1ns,Extended Relaxation Lag (tau_q=1ns),0.2090909090909091,113734.17063203505,3,0.00012652009194754005,4.0272596067784205e-05,-2.9316501332384917,2.9316501332384917,False,18.758558943231066,0.0023733346149645306,3.0106479377381856e+17,8.70945664580164e+16,CONVERGED
S5,S5_tauq_1ns,Extended Relaxation Lag (tau_q=1ns),0.2090909090909091,113734.17063203505,4,2.144421699415565e-05,6.825906270710195e-06,3.1793183297256893,3.1793183297256893,False,0.0416140124806285,-8.923799137688873e-07,3.0106479377381856e+17,8.70945664580164e+16,CONVERGED
S5,S5_tauq_1ns,Extended Relaxation Lag (tau_q=1ns),0.22676767676767678,123349.37829416365,0,3.6132125881126547e-07,1.1501212876799789e-07,-3.262715030871132,3.262715030871132,False,26.120358537670004,-9.437840827432922e-06,3.737046509111692e+17,9.384301002120418e+16,CONVERGED
S5,S5_tauq_1ns,Extended Relaxation Lag (tau_q=1ns),0.22676767676767678,123349.37829416365,1,1.193006362398521,0.37974571943161134,3.5464253430514913e-06,3.5464253430514913e-06,True,0.3688658751825013,-0.9294788181020133,3.737046509111692e+17,9.384301002120418e+16,CONVERGED
S5,S5_tauq_1ns,Extended Relaxation Lag (tau_q=1ns),0.22676767676767678,123349.37829416365,2,1.1930022237112154,0.3797444020465262,3.3333293701758097e-06,3.3333293701758097e-06,True,0.36886980060618807,0.9294774895414266,3.737046509111692e+17,9.384301002120418e+16,CONVERGED
S5,S5_tauq_1ns,Extended Relaxation Lag (tau_q=1ns),0.22676767676767678,123349.37829416365,3,0.00012082980905723088,3.846132276861632e-05,-2.8894122838415432,2.8894122838415432,False,17.982737618409185,0.0021728507633330912,3.737046509111692e+17,9.384301002120418e+16,CONVERGED
S5,S5_tauq_1ns,Extended Relaxation Lag (tau_q=1ns),0.22676767676767678,123349.37829416365,4,2.0827161113257158e-05,6.629491283492357e-06,3.179869172129323,3.179869172129323,False,0.04159109603076703,-8.662244580349827e-07,3.737046509111692e+17,9.384301002120418e+16,CONVERGED
S5,S5_tauq_1ns,Extended Relaxation Lag (tau_q=1ns),0.24444444444444446,132964.58595629223,0,7.364310417825676e-07,2.344132810920195e-07,3.281415223635321,3.281415223635321,False,0.03757504207303313,-2.76714273788726e-08,4.5414896113743034e+17,3.952580800129994e+16,CONVERGED
S5,S5_tauq_1ns,Extended Relaxation Lag (tau_q=1ns),0.24444444444444446,132964.58595629223,1,1.279282393604729,0.4072082331052486,1.5650726784024809e-06,1.5650726784024809e-06,True,0.2874021642521625,0.9578083659285479,4.5414896113743034e+17,3.952580800129994e+16,CONVERGED
S5,S5_tauq_1ns,Extended Relaxation Lag (tau_q=1ns),0.24444444444444446,132964.58595629223,2,1.2792778071794004,0.4072067732007243,-2.562427533038905e-06,2.562427533038905e-06,True,0.28740774343876263,-0.9578110011268594,4.5414896113743034e+17,3.952580800129994e+16,CONVERGED
S5,S5_tauq_1ns,Extended Relaxation Lag (tau_q=1ns),0.24444444444444446,132964.58595629223,3,0.00013812639860287008,4.396699821825648e-05,-2.8468356173169065,2.8468356173169065,False,17.233162981489333,0.0023803547543076054,4.5414896113743034e+17,3.952580800129994e+16,CONVERGED
S5,S5_tauq_1ns,Extended Relaxation Lag (tau_q=1ns),0.24444444444444446,132964.58595629223,4,2.2756072743666715e-05,7.243482925026614e-06,3.1804784092213145,3.1804784092213145,False,0.04156576490773416,-9.458735700498177e-07,4.5414896113743034e+17,3.952580800129994e+16,CONVERGED
S5,S5_tauq_1ns,Extended Relaxation Lag (tau_q=1ns),0.2621212121212121,142579.79361842075,0,2.5810458494788478e-06,8.215724105827574e-07,3.3007610848553486,3.3007610848553486,False,0.036855106860571606,9.512472059478899e-08,5.771150015385932e+17,6.1560888011632104e+16,CONVERGED
S5,S5_tauq_1ns,Extended Relaxation Lag (tau_q=1ns),0.2621212121212121,142579.79361842075,1,1.364452060853924,0.43431858019365116,1.050070165464906e-06,1.050070165464906e-06,True,0.20488287877442518,-0.9787854238018558,5.771150015385932e+17,6.1560888011632104e+16,CONVERGED
S5,S5_tauq_1ns,Extended Relaxation Lag (tau_q=1ns),0.2621212121212121,142579.79361842075,2,1.3644637138086702,0.43432228944435014,-2.1453037286265384e-06,2.1453037286265384e-06,True,0.20487212766026747,0.9787909388243319,5.771150015385932e+17,6.1560888011632104e+16,CONVERGED
S5,S5_tauq_1ns,Extended Relaxation Lag (tau_q=1ns),0.2621212121212121,142579.79361842075,3,0.00014487870781551836,4.611632499521231e-05,-2.8021656180807266,2.8021656180807266,False,16.480298012256334,0.0023876442971357773,5.771150015385932e+17,6.1560888011632104e+16,CONVERGED
S5,S5_tauq_1ns,Extended Relaxation Lag (tau_q=1ns),0.2621212121212121,142579.79361842075,4,2.3685573233993484e-05,7.539352120310305e-06,3.180906832254333,3.180906832254333,False,0.04154796098984228,-9.840872729320401e-07,5.771150015385932e+17,6.1560888011632104e+16,CONVERGED
S5,S5_tauq_1ns,Extended Relaxation Lag (tau_q=1ns),0.27979797979797977,152195.0012805493,0,1.2501612298970282e-06,3.979386787999108e-07,3.320660937217531,3.320660937217531,False,0.036128944896718855,4.516700618698754e-08,6.699227665872067e+17,1.0310093732342267e+17,CONVERGED
S5,S5_tauq_1ns,Extended Relaxation Lag (tau_q=1ns),0.27979797979797977,152195.0012805493,1,1.4485386046190256,0.46108415836910904,4.124810812020341e-06,4.124810812020341e-06,True,0.12195288331966456,-0.9925317348389543,6.699227665872067e+17,1.0310093732342267e+17,CONVERGED
S5,S5_tauq_1ns,Extended Relaxation Lag (tau_q=1ns),0.27979797979797977,152195.0012805493,2,1.4485454696323103,0.4610863435707063,-4.328604753055385e-06,4.328604753055385e-06,True,0.12194710043840565,0.9925409623494867,6.699227665872067e+17,1.0310093732342267e+17,CONVERGED
S5,S5_tauq_1ns,Extended Relaxation Lag (tau_q=1ns),0.27979797979797977,152195.0012805493,3,0.0001369533594807598,4.359360826880842e-05,-2.7551136832419023,2.7551136832419023,False,15.722828075841338,0.002153294138987436,6.699227665872067e+17,1.0310093732342267e+17,CONVERGED
S5,S5_tauq_1ns,Extended Relaxation Lag (tau_q=1ns),0.27979797979797977,152195.0012805493,4,2.325626926549711e-05,7.402700422959974e-06,3.1810576030999407,3.1810576030999407,False,0.04154169724125638,-9.661048969625906e-07,6.699227665872067e+17,1.0310093732342267e+17,CONVERGED
S5,S5_tauq_1ns,Extended Relaxation Lag (tau_q=1ns),0.29747474747474745,161810.20894267788,0,1.6628088081815883e-07,5.29288482477686e-08,-3.341033280670613,3.341033280670613,False,28.248300053107016,4.6971522144463205e-06,7.388674659763142e+17,9.909711869625486e+16,CONVERGED
S5,S5_tauq_1ns,Extended Relaxation Lag (tau_q=1ns),0.29747474747474745,161810.20894267788,1,1.5315705601000653,0.4875140506678963,4.318758077901545e-06,4.318758077901545e-06,True,0.03921553891447995,-0.9992264528267826,7.388674659763142e+17,9.909711869625486e+16,CONVERGED
S5,S5_tauq_1ns,Extended Relaxation Lag (tau_q=1ns),0.29747474747474745,161810.20894267788,2,1.531585918335799,0.4875189393461647,-2.014344735474988e-05,2.014344735474988e-05,True,0.039201151489333834,0.9992514985868911,7.388674659763142e+17,9.909711869625486e+16,CONVERGED
S5,S5_tauq_1ns,Extended Relaxation Lag (tau_q=1ns),0.29747474747474745,161810.20894267788,3,0.0001873864377298317,5.964695566616871e-05,-2.7061242177138114,2.7061242177138114,False,14.971137789066194,0.002805388211891415,7.388674659763142e+17,9.909711869625486e+16,CONVERGED
S5,S5_tauq_1ns,Extended Relaxation Lag (tau_q=1ns),0.29747474747474745,161810.20894267788,4,2.975260380433732e-05,9.47054793063003e-06,3.1809165236090347,3.1809165236090347,False,0.041547558329031245,-1.236148042366015e-06,7.388674659763142e+17,9.909711869625486e+16,CONVERGED
S5,S5_tauq_1ns,Extended Relaxation Lag (tau_q=1ns),0.3151515151515151,171425.41660480644,0,1.7762029061467984e-06,5.653829448949056e-07,3.3617988696823797,3.3617988696823797,False,0.03467283090724492,-6.158598302184973e-08,9.333272105875081e+17,2.5506363459494586e+17,CONVERGED
S5,S5_tauq_1ns,Extended Relaxation Lag (tau_q=1ns),0.3151515151515151,171425.41660480644,1,1.6135735559337117,0.5136164149384341,-7.183567972185329e-08,7.183567972185329e-08,True,-0.04276418712428081,0.999085265615988,9.333272105875081e+17,2.5506363459494586e+17,CONVERGED
S5,S5_tauq_1ns,Extended Relaxation Lag (tau_q=1ns),0.3151515151515151,171425.41660480644,2,1.6135709791529707,0.5136155947236498,-4.453117585414881e-06,4.453117585414881e-06,True,-0.04276180005155816,-0.9990897530908732,9.333272105875081e+17,2.5506363459494586e+17,CONVERGED
S5,S5_tauq_1ns,Extended Relaxation Lag (tau_q=1ns),0.3151515151515151,171425.41660480644,3,0.00021931951892699224,6.981157110753462e-05,-2.654374599983506,2.654374599983506,False,14.216092192205169,0.0031178665506070946,9.333272105875081e+17,2.5506363459494586e+17,CONVERGED
S5,S5_tauq_1ns,Extended Relaxation Lag (tau_q=1ns),0.3151515151515151,171425.41660480644,4,3.4754551277712525e-05,1.106271726157739e-05,3.180308045886229,3.180308045886229,False,0.04157284677895545,-1.444845635721426e-06,9.333272105875081e+17,2.5506363459494586e+17,CONVERGED
S5,S5_tauq_1ns,Extended Relaxation Lag (tau_q=1ns),0.3328282828282828,181040.62426693502,0,5.305300857930392e-06,1.68872971225859e-06,3.3828917578676854,3.3828917578676854,False,0.03394913995879183,1.8011040135106703e-07,1.6608794729982182e+18,4.836574318686382e+16,CONVERGED
S5,S5_tauq_1ns,Extended Relaxation Lag (tau_q=1ns),0.3328282828282828,181040.62426693502,1,1.694573304640269,0.539399435730134,7.1217616411927595e-06,7.1217616411927595e-06,True,-0.12346028145795204,-0.9923423378454027,1.6608794729982182e+18,4.836574318686382e+16,CONVERGED
S5,S5_tauq_1ns,Extended Relaxation Lag (tau_q=1ns),0.3328282828282828,181040.62426693502,2,1.694577660224284,0.5394008221555862,-2.0915020341826196e-06,2.0915020341826196e-06,True,-0.12346574120439358,0.992350942843139,1.6608794729982182e+18,4.836574318686382e+16,CONVERGED
S5,S5_tauq_1ns,Extended Relaxation Lag (tau_q=1ns),0.3328282828282828,181040.62426693502,3,0.00015685802055044596,4.9929458668427155e-05,-2.6005115538076384,2.6005115538076384,False,13.470627057684979,0.0021129759131712725,1.6608794729982182e+18,4.836574318686382e+16,CONVERGED
S5,S5_tauq_1ns,Extended Relaxation Lag (tau_q=1ns),0.3328282828282828,181040.62426693502,4,2.750006845223203e-05,8.75354365907643e-06,3.179235069049788,3.179235069049788,False,0.04161747742951215,-1.1444834784093122e-06,1.6608794729982182e+18,4.836574318686382e+16,CONVERGED
S5,S5_tauq_1ns,Extended Relaxation Lag (tau_q=1ns),0.3505050505050505,190655.83192906357,0,1.7850995513363056e-08,5.6821483501259525e-09,3.4042541878518238,3.4042541878518238,False,0.03323159536951696,-5.932170598431438e-10,1.4263317467665946e+18,1.98318369222836e+17,CONVERGED
S5,S5_tauq_1ns,Extended Relaxation Lag (tau_q=1ns),0.3505050505050505,190655.83192906357,1,1.7746465538091931,0.5648875425594606,4.97371639812789e-07,4.97371639812789e-07,True,-0.20244122703726528,-0.9792939062676034,1.4263317467665946e+18,1.98318369222836e+17,CONVERGED
S5,S5_tauq_1ns,Extended Relaxation Lag (tau_q=1ns),0.3505050505050505,190655.83192906357,2,1.7746472958419803,0.5648877787558326,-4.6209497955205154e-07,4.6209497955205154e-07,True,-0.20244214794178644,0.9792946956494261,1.4263317467665946e+18,1.98318369222836e+17,CONVERGED
S5,S5_tauq_1ns,Extended Relaxation Lag (tau_q=1ns),0.3505050505050505,190655.83192906357,3,0.00022460956227849407,7.14954442046585e-05,-2.544730860360604,2.544730860360604,False,12.7397985183895,0.0028614806168517195,1.4263317467665946e+18,1.98318369222836e+17,CONVERGED
S5,S5_tauq_1ns,Extended Relaxation Lag (tau_q=1ns),0.3505050505050505,190655.83192906357,4,3.808529425032816e-05,1.2122925678098135e-05,3.1776466617674366,3.1776466617674366,False,0.04168363544830613,-1.5875335222397157e-06,1.4263317467665946e+18,1.98318369222836e+17,CONVERGED
S5,S5_tauq_1ns,Extended Relaxation Lag (tau_q=1ns),0.36818181818181817,200271.03959119215,0,7.771054750677446e-07,2.4736035532161436e-07,-3.42582886750818,3.42582886750818,False,30.748120410049246,-2.3894532718696343e-05,2.052167797272034e+18,9.029382293913202e+16,CONVERGED
S5,S5_tauq_1ns,Extended Relaxation Lag (tau_q=1ns),0.36818181818181817,200271.03959119215,1,1.8538061122306686,0.5900848125909596,5.180267996940916e-06,5.180267996940916e-06,True,-0.27924551656226004,-0.9602143411746946,2.052167797272034e+18,9.029382293913202e+16,CONVERGED
S5,S5_tauq_1ns,Extended Relaxation Lag (tau_q=1ns),0.36818181818181817,200271.03959119215,2,1.8537959143006812,0.590081566489026,1.8203487213504293e-07,1.8203487213504293e-07,True,-0.27923712003785056,0.9602219882523463,2.052167797272034e+18,9.029382293913202e+16,CONVERGED
S5,S5_tauq_1ns,Extended Relaxation Lag (tau_q=1ns),0.36818181818181817,200271.03959119215,3,0.0001418209377620928,4.514300655753022e-05,-2.4868514451852266,2.4868514451852266,False,12.023360131946022,0.0017051642203960353,2.052167797272034e+18,9.029382293913202e+16,CONVERGED
S5,S5_tauq_1ns,Extended Relaxation Lag (tau_q=1ns),0.36818181818181817,200271.03959119215,4,2.7207734105117924e-05,8.660490746318926e-06,3.1754355061135726,3.1754355061135726,False,0.041775906444493194,-1.1366277548225202e-06,2.052167797272034e+18,9.029382293913202e+16,CONVERGED
S5,S5_tauq_1ns,Extended Relaxation Lag (tau_q=1ns),0.38585858585858585,209886.2472533207,0,1.3726883906573565e-06,4.3694028539595394e-07,-3.4475649412587903,3.4475649412587903,False,31.42378031827985,-4.313505843349697e-05,1.4461027820796915e+18,6.438030883224109e+16,CONVERGED
S5,S5_tauq_1ns,Extended Relaxation Lag (tau_q=1ns),0.38585858585858585,209886.2472533207,1,1.9320698559364717,0.6149969359422712,6.962262666752348e-06,6.962262666752348e-06,True,-0.3534633782453115,0.9354409205348161,1.4461027820796915e+18,6.438030883224109e+16,CONVERGED
S5,S5_tauq_1ns,Extended Relaxation Lag (tau_q=1ns),0.38585858585858585,209886.2472533207,2,1.932095008474819,0.6150049422438897,-3.87532691147455e-06,3.87532691147455e-06,True,-0.3534907378139019,-0.9354421676210896,1.4461027820796915e+18,6.438030883224109e+16,CONVERGED
S5,S5_tauq_1ns,Extended Relaxation Lag (tau_q=1ns),0.38585858585858585,209886.2472533207,3,0.00019532450834064874,6.217372201881678e-05,-2.4268330624136847,2.4268330624136847,False,11.322965895242737,0.002211652774572299,1.4461027820796915e+18,6.438030883224109e+16,CONVERGED
S5,S5_tauq_1ns,Extended Relaxation Lag (tau_q=1ns),0.38585858585858585,209886.2472533207,4,3.6786294303646615e-05,1.1709441152917181e-05,3.1725063040180865,3.1725063040180865,False,0.041898455902808655,-1.5412889304043191e-06,1.4461027820796915e+18,6.438030883224109e+16,CONVERGED
S5,S5_tauq_1ns,Extended Relaxation Lag (tau_q=1ns),0.4035353535353535,219501.45491544926,0,2.422648287553355e-07,7.711529006744638e-08,-3.4694235272740768,3.4694235272740768,False,32.118221828060875,7.781115511101198e-06,1.543232870785198e+18,1.747903203622612e+17,CONVERGED
S5,S5_tauq_1ns,Extended Relaxation Lag (tau_q=1ns),0.4035353535353535,219501.45491544926,1,2.0095461396295793,0.6396584029865673,3.4651905325984655e-06,3.4651905325984655e-06,True,-0.42480655154047686,-0.9052803231106031,1.543232870785198e+18,1.747903203622612e+17,CONVERGED
S5,S5_tauq_1ns,Extended Relaxation Lag (tau_q=1ns),0.4035353535353535,219501.45491544926,2,2.009545984293377,0.6396583535415185,-3.0754273192111233e-06,3.0754273192111233e-06,True,-0.4248091894231456,0.9052863102108664,1.543232870785198e+18,1.747903203622612e+17,CONVERGED
S5,S5_tauq_1ns,Extended Relaxation Lag (tau_q=1ns),0.4035353535353535,219501.45491544926,3,0.00013323148904829208,4.240890011505881e-05,-2.3646241494447713,2.3646241494447713,False,10.64003890689053,0.0014175882354844817,1.543232870785198e+18,1.747903203622612e+17,CONVERGED
S5,S5_tauq_1ns,Extended Relaxation Lag (tau_q=1ns),0.4035353535353535,219501.45491544926,4,2.8072286991968698e-05,8.935686477332265e-06,3.1687553084893003,3.1687553084893003,False,0.042055911959290586,-1.1806056305403006e-06,1.543232870785198e+18,1.747903203622612e+17,CONVERGED
S5,S5_tauq_1ns,Extended Relaxation Lag (tau_q=1ns),0.4212121212121212,229116.66257757787,0,1.649379800394873e-06,5.250138965375354e-07,-3.4913623773792253,3.4913623773792253,False,32.83064498006264,-5.415020266409976e-05,3.8973396903637647e+18,1.1566535537976341e+17,CONVERGED
S5,S5_tauq_1ns,Extended Relaxation Lag (tau_q=1ns),0.4212121212121212,229116.66257757787,1,2.086209650360936,0.6640611563619153,7.10774740378103e-06,7.10774740378103e-06,True,-0.49289101608862224,0.8700828873534737,3.8973396903637647e+18,1.1566535537976341e+17,CONVERGED
S5,S5_tauq_1ns,Extended Relaxation Lag (tau_q=1ns),0.4212121212121212,229116.66257757787,2,2.086244669260982,0.6640723032240032,-1.1662627554885862e-05,1.1662627554885862e-05,True,-0.4929307375399944,-0.8700819579300693,3.8973396903637647e+18,1.1566535537976341e+17,CONVERGED
S5,S5_tauq_1ns,Extended Relaxation Lag (tau_q=1ns),0.4212121212121212,229116.66257757787,3,0.00019893266057757197,6.33222325466856e-05,-2.300155162416098,2.300155162416098,False,9.975729995744528,0.001984498535435266,3.8973396903637647e+18,1.1566535537976341e+17,CONVERGED
S5,S5_tauq_1ns,Extended Relaxation Lag (tau_q=1ns),0.4212121212121212,229116.66257757787,4,4.0840409226591404e-05,1.2999906012615745e-05,3.164067933102521,3.164067933102521,False,0.04225350652549752,-1.7256504987191956e-06,3.8973396903637647e+18,1.1566535537976341e+17,CONVERGED
S5,S5_tauq_1ns,Extended Relaxation Lag (tau_q=1ns),0.4388888888888889,238731.87023970645,0,6.021757245302244e-08,1.9167848633785743e-08,-3.5133534445124193,3.5133534445124193,False,33.56062297715623,-2.0209392456954775e-06,2.6094161083716833e+18,9.398201239815306e+16,CONVERGED
S5,S5_tauq_1ns,Extended Relaxation Lag (tau_q=1ns),0.4388888888888889,238731.87023970645,1,2.162183964501434,0.6882445316488688,5.26688867020586e-06,5.26688867020586e-06,True,-0.5575105951598183,0.8301634794199784,2.6094161083716833e+18,9.398201239815306e+16,CONVERGED
S5,S5_tauq_1ns,Extended Relaxation Lag (tau_q=1ns),0.4388888888888889,238731.87023970645,2,2.1621880622689376,0.6882458360087764,-2.657181138065496e-06,2.657181138065496e-06,True,-0.5575184147694007,-0.8301677731455323,2.6094161083716833e+18,9.398201239815306e+16,CONVERGED
S5,S5_tauq_1ns,Extended Relaxation Lag (tau_q=1ns),0.4388888888888889,238731.87023970645,3,0.0002162063624949862,6.882062263799045e-05,-2.2334750819183413,2.2334750819183413,False,9.33223987641832,0.0020176896690501612,2.6094161083716833e+18,9.398201239815306e+16,CONVERGED
S5,S5_tauq_1ns,Extended Relaxation Lag (tau_q=1ns),0.4388888888888889,238731.87023970645,4,4.607030858189235e-05,1.4664634681154269e-05,3.1583421496671478,3.1583421496671478,False,0.042496134899507335,-1.957810049743161e-06,2.6094161083716833e+18,9.398201239815306e+16,CONVERGED
S5,S5_tauq_1ns,Extended Relaxation Lag (tau_q=1ns),0.45656565656565656,248347.077901835,0,1.4382632310799404e-07,4.578134053873869e-08,-3.5353641498572643,3.5353641498572643,False,34.30750551306483,-4.934322372951384e-06,2.2545622265245975e+18,7.924690627369104e+16,CONVERGED
S5,S5_tauq_1ns,Extended Relaxation Lag (tau_q=1ns),0.45656565656565656,248347.077901835,1,2.237413517361425,0.7121908420573899,2.3734192893842154e-06,2.3734192893842154e-06,True,-0.6183294521193017,0.7859159890309725,2.2545622265245975e+18,7.924690627369104e+16,CONVERGED
S5,S5_tauq_1ns,Extended Relaxation Lag (tau_q=1ns),0.45656565656565656,248347.077901835,2,2.23741207501204,0.7121903829433214,1.5875326512637368e-06,1.5875326512637368e-06,True,-0.61832880448937,-0.7859174985190777,2.2545622265245975e+18,7.924690627369104e+16,CONVERGED
S5,S5_tauq_1ns,Extended Relaxation Lag (tau_q=1ns),0.45656565656565656,248347.077901835,3,0.00023657221226326645,7.530327395976791e-05,-2.164131736002945,2.164131736002945,False,8.707038382049177,0.0020598433707298934,2.2545622265245975e+18,7.924690627369104e+16,CONVERGED
S5,S5_tauq_1ns,Extended Relaxation Lag (tau_q=1ns),0.45656565656565656,248347.077901835,4,5.276939014957436e-05,1.679701857249906e-05,3.151370145295247,3.151370145295247,False,0.04279345337218508,-2.258184438940506e-06,2.2545622265245975e+18,7.924690627369104e+16,CONVERGED
S5,S5_tauq_1ns,Extended Relaxation Lag (tau_q=1ns),0.4742424242424242,257962.28556396352,0,8.062674453591138e-07,2.566428987659552e-07,3.557364257824485,3.557364257824485,False,0.02851388099494669,2.2989813987074436e-08,1.058832554853727e+19,3.741590800416702e+17,CONVERGED
S5,S5_tauq_1ns,Extended Relaxation Lag (tau_q=1ns),0.4742424242424242,257962.28556396352,1,2.312001983000313,0.735933088065528,1.3242795109830742e-06,1.3242795109830742e-06,True,-0.6751768664145832,0.737654085939385,1.058832554853727e+19,3.741590800416702e+17,CONVERGED
S5,S5_tauq_1ns,Extended Relaxation Lag (tau_q=1ns),0.4742424242424242,257962.28556396352,2,2.3120129389130235,0.7359365754408559,-6.344895810129492e-06,6.344895810129492e-06,True,-0.6751901261794341,-0.7376523458797755,1.058832554853727e+19,3.741590800416702e+17,CONVERGED
S5,S5_tauq_1ns,Extended Relaxation Lag (tau_q=1ns),0.4742424242424242,257962.28556396352,3,0.0005752623701019388,0.0001831116995529658,-2.0924209417992197,2.0924209417992197,False,8.10451064417947,0.004662220515971647,1.058832554853727e+19,3.741590800416702e+17,CONVERGED
S5,S5_tauq_1ns,Extended Relaxation Lag (tau_q=1ns),0.4742424242424242,257962.28556396352,4,0.00012694286446688168,4.040716874029747e-05,3.1430741445679216,3.1430741445679216,False,0.04314994428594403,-5.47757755866688e-06,1.058832554853727e+19,3.741590800416702e+17,CONVERGED
S5,S5_tauq_1ns,Extended Relaxation Lag (tau_q=1ns),0.49191919191919187,267577.4932260921,0,3.3287066678705607e-06,1.0595602405891033e-06,-3.5793505276243285,3.5793505276243285,False,35.850249537416204,0.00011933496468046156,4.372925911413233e+18,6.379592432655359e+17,CONVERGED
S5,S5_tauq_1ns,Extended Relaxation Lag (tau_q=1ns),0.49191919191919187,267577.4932260921,1,2.3860452578744464,0.7595017944633885,1.1408097520031889e-05,1.1408097520031889e-05,True,-0.7278880061453059,0.6856793963471984,4.372925911413233e+18,6.379592432655359e+17,CONVERGED
S5,S5_tauq_1ns,Extended Relaxation Lag (tau_q=1ns),0.49191919191919187,267577.4932260921,2,2.3860223339714755,0.759494497558443,-2.809208138933888e-06,2.809208138933888e-06,True,-0.7278826359624573,-0.6857058310211501,4.372925911413233e+18,6.379592432655359e+17,CONVERGED
S5,S5_tauq_1ns,Extended Relaxation Lag (tau_q=1ns),0.49191919191919187,267577.4932260921,3,0.00026648549844029615,8.482496867816139e-05,-2.017352317929322,2.017352317929322,False,7.518391978289855,0.002003542481230966,4.372925911413233e+18,6.379592432655359e+17,CONVERGED
S5,S5_tauq_1ns,Extended Relaxation Lag (tau_q=1ns),0.49191919191919187,267577.4932260921,4,6.576920910775885e-05,2.093498946548865e-05,3.133091044884448,3.133091044884448,False,0.043582872122033635,-2.8664110342437157e-06,4.372925911413233e+18,6.379592432655359e+17,CONVERGED
S5,S5_tauq_1ns,Extended Relaxation Lag (tau_q=1ns),0.5095959595959596,277192.70088822074,0,1.8737874945596219e-06,5.964450841258836e-07,3.6012803625148293,3.6012803625148293,False,0.027288760563976097,-5.113333828687003e-08,6.437084152119178e+18,8.307816570895264e+16,CONVERGED
S5,S5_tauq_1ns,Extended Relaxation Lag (tau_q=1ns),0.5095959595959596,277192.70088822074,1,2.459471480804946,0.7828740871273014,4.872685742954593e-06,4.872685742954593e-06,True,-0.7762334094560157,0.6304379023506514,6.437084152119178e+18,8.307816570895264e+16,CONVERGED
S5,S5_tauq_1ns,Extended Relaxation Lag (tau_q=1ns),0.5095959595959596,277192.70088822074,2,2.459470819148339,0.7828738765154623,8.851393089543797e-07,8.851393089543797e-07,True,-0.7762360875937142,-0.6304409298579469,6.437084152119178e+18,8.307816570895264e+16,CONVERGED
S5,S5_tauq_1ns,Extended Relaxation Lag (tau_q=1ns),0.5095959595959596,277192.70088822074,3,0.00015778749202927233,5.0225318629063456e-05,-1.9394892908335575,1.9394892908335575,False,6.955197893497817,0.0010974432412899407,6.437084152119178e+18,8.307816570895264e+16,CONVERGED
S5,S5_tauq_1ns,Extended Relaxation Lag (tau_q=1ns),0.5095959595959596,277192.70088822074,4,4.373172523733692e-05,1.392024048291752e-05,3.1213654031137197,3.1213654031137197,False,0.04409691718521614,-1.9284342673868263e-06,6.437084152119178e+18,8.307816570895264e+16,CONVERGED
S5,S5_tauq_1ns,Extended Relaxation Lag (tau_q=1ns),0.5272727272727272,286807.90855034924,0,2.0232122337830843e-06,6.440084558611465e-07,-3.623158441173793,3.623158441173793,False,37.45568276487449,-7.578079559469568e-05,2.8693226970050125e+18,7.0354746434028584e+16,CONVERGED
S5,S5_tauq_1ns,Extended Relaxation Lag (tau_q=1ns),0.5272727272727272,286807.90855034924,1,2.5324176002702186,0.8060935581118416,-5.25830922968246e-07,5.25830922968246e-07,True,-0.8201207552457553,0.5721914002128403,2.8693226970050125e+18,7.0354746434028584e+16,CONVERGED
S5,S5_tauq_1ns,Extended Relaxation Lag (tau_q=1ns),0.5272727272727272,286807.90855034924,2,2.5324189907624928,0.8060940007192792,-1.3182764632615079e-06,1.3182764632615079e-06,True,-0.8201222007746067,-0.5721907132705125,2.8693226970050125e+18,7.0354746434028584e+16,CONVERGED
S5,S5_tauq_1ns,Extended Relaxation Lag (tau_q=1ns),0.5272727272727272,286807.90855034924,3,0.0003230642781775483,0.00010283455361674389,-1.8582746451961214,1.8582746451961214,False,6.412662767436538,0.002071702340232814,2.8693226970050125e+18,7.0354746434028584e+16,CONVERGED
S5,S5_tauq_1ns,Extended Relaxation Lag (tau_q=1ns),0.5272727272727272,286807.90855034924,4,8.828698268897598e-05,2.8102619411238243e-05,3.1075735182778157,3.1075735182778157,False,0.044709309976273134,-3.947250086167021e-06,2.8693226970050125e+18,7.0354746434028584e+16,CONVERGED
S5,S5_tauq_1ns,Extended Relaxation Lag (tau_q=1ns),0.544949494949495,296423.11621247785,0,1.4873600424410562e-05,4.734414058237307e-06,3.64495772984409,3.64495772984409,False,0.026122514030432642,-3.8853583579836496e-07,1.5296036422537272e+18,9.463093477365714e+16,CONVERGED
S5,S5_tauq_1ns,Extended Relaxation Lag (tau_q=1ns),0.544949494949495,296423.11621247785,1,2.604885363922138,0.829160763711878,-2.515556917192135e-06,2.515556917192135e-06,True,-0.8593990914519258,0.5113103096340762,1.5296036422537272e+18,9.463093477365714e+16,CONVERGED
S5,S5_tauq_1ns,Extended Relaxation Lag (tau_q=1ns),0.544949494949495,296423.11621247785,2,2.6048727889529655,0.8291567609748719,-4.1658645527649096e-05,4.1658645527649096e-05,True,-0.8594263016140848,-0.5113411315902264,1.5296036422537272e+18,9.463093477365714e+16,CONVERGED
S5,S5_tauq_1ns,Extended Relaxation Lag (tau_q=1ns),0.544949494949495,296423.11621247785,3,0.00022527670034181072,7.170780084566169e-05,-1.773129024536204,1.773129024536204,False,5.889252026319478,0.0013267112864139268,1.5296036422537272e+18,9.463093477365714e+16,CONVERGED
S5,S5_tauq_1ns,Extended Relaxation Lag (tau_q=1ns),0.544949494949495,296423.11621247785,4,6.759528397333574e-05,2.151624714811351e-05,3.091334895149494,3.091334895149494,False,0.04544125448553916,-3.07161450573283e-06,1.5296036422537272e+18,9.463093477365714e+16,CONVERGED
S5,S5_tauq_1ns,Extended Relaxation Lag (tau_q=1ns),0.5626262626262627,306038.32387460646,0,2.441002076052021e-05,7.769950930025156e-06,3.666638015500262,3.666638015500262,False,0.025562265577124935,-6.239754335474825e-07,5.4859820373784e+18,5.3169369529780397e+17,CONVERGED
S5,S5_tauq_1ns,Extended Relaxation Lag (tau_q=1ns),0.5626262626262627,306038.32387460646,1,2.677019767979726,0.8521218576573844,1.0722082392257478e-05,1.0722082392257478e-05,True,-0.8940034262739255,0.44803619259566724,5.4859820373784e+18,5.3169369529780397e+17,CONVERGED
S5,S5_tauq_1ns,Extended Relaxation Lag (tau_q=1ns),0.5626262626262627,306038.32387460646,2,2.6770058230491873,0.8521174188481317,-9.773308303322799e-06,9.773308303322799e-06,True,-0.8940155013626356,-0.4480578423942139,5.4859820373784e+18,5.3169369529780397e+17,CONVERGED
S5,S5_tauq_1ns,Extended Relaxation Lag (tau_q=1ns),0.5626262626262627,306038.32387460646,3,0.0002971608516572612,9.458923686930112e-05,-1.6839893454440946,1.6839893454440946,False,5.387003542456872,0.0016008066076766815,5.4859820373784e+18,5.3169369529780397e+17,CONVERGED
S5,S5_tauq_1ns,Extended Relaxation Lag (tau_q=1ns),0.5626262626262627,306038.32387460646,4,9.288291541361136e-05,2.956555023372529e-05,3.072360601974634,3.072360601974634,False,0.046311702025715114,-4.301565914285079e-06,5.4859820373784e+18,5.3169369529780397e+17,CONVERGED
S5,S5_tauq_1ns,Extended Relaxation Lag (tau_q=1ns),0.5803030303030303,315653.531536735,0,1.3892836690484325e-05,4.422227265718057e-06,3.68828777371685,3.68828777371685,False,0.025014796384447455,3.4752648103720506e-07,4.448511187481726e+18,1.1082492833720432e+17,CONVERGED
S5,S5_tauq_1ns,Extended Relaxation Lag (tau_q=1ns),0.5803030303030303,315653.531536735,1,2.7488468882580332,0.8749851401380817,-5.081738237400596e-06,5.081738237400596e-06,True,-0.9238663612867195,-0.38272850692228266,4.448511187481726e+18,1.1082492833720432e+17,CONVERGED
S5,S5_tauq_1ns,Extended Relaxation Lag (tau_q=1ns),0.5803030303030303,315653.531536735,2,2.7488337415906274,0.8749809554238761,-2.5722741853685516e-05,2.5722741853685516e-05,True,-0.923880399224347,0.3827485528857167,4.448511187481726e+18,1.1082492833720432e+17,CONVERGED
S5,S5_tauq_1ns,Extended Relaxation Lag (tau_q=1ns),0.5803030303030303,315653.531536735,3,0.00018135694928295715,5.772770988489759e-05,-1.5899935800661011,1.5899935800661011,False,4.903717366041227,0.0008893232314011437,4.448511187481726e+18,1.1082492833720432e+17,CONVERGED
S5,S5_tauq_1ns,Extended Relaxation Lag (tau_q=1ns),0.5803030303030303,315653.531536735,4,6.32753174482332e-05,2.0141159095190332e-05,3.050082897689224,3.050082897689224,False,0.04735499851366701,-2.9964025677118557e-06,4.448511187481726e+18,1.1082492833720432e+17,CONVERGED
S5,S5_tauq_1ns,Extended Relaxation Lag (tau_q=1ns),0.5979797979797981,325268.7391988636,0,4.854794694654121e-06,1.5453291467010243e-06,3.7098017878220393,3.7098017878220393,False,0.024482375495431984,1.1885690666868704e-07,7.52074658017421e+18,1.081646155715195e+17,CONVERGED
S5,S5_tauq_1ns,Extended Relaxation Lag (tau_q=1ns),0.5979797979797981,325268.7391988636,1,2.8204678627211117,0.8977828043677964,1.429113554729749e-05,1.429113554729749e-05,True,-0.9488674356073716,-0.31562954199704607,7.52074658017421e+18,1.081646155715195e+17,CONVERGED
S5,S5_tauq_1ns,Extended Relaxation Lag (tau_q=1ns),0.5979797979797981,325268.7391988636,2,2.820482134633544,0.8977873472586184,5.029607515044631e-07,5.029607515044631e-07,True,-0.9488850234502866,0.31562035161052593,7.52074658017421e+18,1.081646155715195e+17,CONVERGED
S5,S5_tauq_1ns,Extended Relaxation Lag (tau_q=1ns),0.5979797979797981,325268.7391988636,3,0.00025473060164489763,8.108326881711589e-05,-1.4907023346926498,1.4907023346926498,False,4.440212795671925,0.0011310581013367943,7.52074658017421e+18,1.081646155715195e+17,CONVERGED
S5,S5_tauq_1ns,Extended Relaxation Lag (tau_q=1ns),0.5979797979797981,325268.7391988636,4,9.221201597202677e-05,2.9351996308833727e-05,3.023976933286829,3.023976933286829,False,0.04860752437452554,-4.482197826688556e-06,7.52074658017421e+18,1.081646155715195e+17,CONVERGED
S5,S5_tauq_1ns,Extended Relaxation Lag (tau_q=1ns),0.6156565656565657,334883.9468609921,0,1.0089695577589807e-05,3.211649850931708e-06,3.731191053158599,3.731191053158599,False,0.023964276104037743,-2.417922506352557e-07,3.768694562008746e+18,2.1934974322128656e+17,CONVERGED
S5,S5_tauq_1ns,Extended Relaxation Lag (tau_q=1ns),0.6156565656565657,334883.9468609921,1,2.8921552157272084,0.9206015975439843,1.0930829968306305e-05,1.0930829968306305e-05,True,-0.9690408560058688,-0.24685614833428976,3.768694562008746e+18,2.1934974322128656e+17,CONVERGED
S5,S5_tauq_1ns,Extended Relaxation Lag (tau_q=1ns),0.6156565656565657,334883.9468609921,2,2.8921632320549926,0.9206041492203689,8.732672112152302e-06,8.732672112152302e-06,True,-0.9690449649659949,0.2468489227895225,3.768694562008746e+18,2.1934974322128656e+17,CONVERGED
S5,S5_tauq_1ns,Extended Relaxation Lag (tau_q=1ns),0.6156565656565657,334883.9468609921,3,1.6835535536667964e-05,5.358917400519943e-06,-1.3848986807396597,1.3848986807396597,False,3.9944211719486233,6.724821959511345e-05,3.768694562008746e+18,2.1934974322128656e+17,CONVERGED
S5,S5_tauq_1ns,Extended Relaxation Lag (tau_q=1ns),0.6156565656565657,334883.9468609921,4,1.4445129357113882e-05,4.598027481573053e-06,2.993164070309011,2.993164070309011,False,0.05012857518996587,-7.241137531572315e-07,3.768694562008746e+18,2.1934974322128656e+17,CONVERGED
S5,S5_tauq_1ns,Extended Relaxation Lag (tau_q=1ns),0.6333333333333333,344499.15452312067,0,4.331389421522053e-05,1.3787240737823597e-05,3.7524305448584814,3.7524305448584814,False,0.02346065430759242,1.016172299534394e-06,4.3068929598714214e+18,1.3632898919352925e+17,CONVERGED
S5,S5_tauq_1ns,Extended Relaxation Lag (tau_q=1ns),0.6333333333333333,344499.15452312067,1,2.9644022781889356,0.9435985517732899,1.0349603198249686e-05,1.0349603198249686e-05,True,-0.9843326272912072,-0.1762628147336244,4.3068929598714214e+18,1.3632898919352925e+17,CONVERGED
S5,S5_tauq_1ns,Extended Relaxation Lag (tau_q=1ns),0.6333333333333333,344499.15452312067,2,2.964408933286666,0.9436006701566909,-1.3806424077805034e-05,1.3806424077805034e-05,True,-0.9843575781969848,0.17626052160243036,4.3068929598714214e+18,1.3632898919352925e+17,CONVERGED
S5,S5_tauq_1ns,Extended Relaxation Lag (tau_q=1ns),0.6333333333333333,344499.15452312067,3,2.3472358093863225e-05,7.471483633322781e-06,-1.2715382304457428,1.2715382304457428,False,3.566334188119011,8.371027316128984e-05,4.3068929598714214e+18,1.3632898919352925e+17,CONVERGED
S5,S5_tauq_1ns,Extended Relaxation Lag (tau_q=1ns),0.6333333333333333,344499.15452312067,4,1.7649780911604736e-05,5.618099753141745e-06,2.956663424135598,2.956663424135598,False,0.05199210367728475,-9.176492391328019e-07,4.3068929598714214e+18,1.3632898919352925e+17,CONVERGED
S5,S5_tauq_1ns,Extended Relaxation Lag (tau_q=1ns),0.651010101010101,354114.3621852493,0,0.00017007806158951492,5.413752842691824e-05,3.7735282798555336,3.7735282798555336,False,0.022970872140651154,-3.906841444373017e-06,4.0287948231677655e+18,5.935350386908155e+16,CONVERGED
S5,S5_tauq_1ns,Extended Relaxation Lag (tau_q=1ns),0.651010101010101,354114.3621852493,1,3.039179257770589,0.9674008036330937,1.5924441545751343e-05,1.5924441545751343e-05,True,-0.9947444893957447,0.10223283445585382,4.0287948231677655e+18,5.935350386908155e+16,CONVERGED
S5,S5_tauq_1ns,Extended Relaxation Lag (tau_q=1ns),0.651010101010101,354114.3621852493,2,3.039135624827594,0.967386914835975,-1.3625327088118163e-05,1.3625327088118163e-05,True,-0.9947694225013665,-0.10227926027194638,4.0287948231677655e+18,5.935350386908155e+16,CONVERGED
S5,S5_tauq_1ns,Extended Relaxation Lag (tau_q=1ns),0.651010101010101,354114.3621852493,3,0.00042373789385867337,0.0001348799607659135,-1.1490069870930861,1.1490069870930861,False,3.155058056708241,0.001336917735967611,4.0287948231677655e+18,5.935350386908155e+16,CONVERGED
S5,S5_tauq_1ns,Extended Relaxation Lag (tau_q=1ns),0.651010101010101,354114.3621852493,4,0.00018432080407137155,5.867113416526306e-05,2.9130839958022197,2.9130839958022197,False,0.054307984818461566,-1.0010091542596155e-05,4.0287948231677655e+18,5.935350386908155e+16,CONVERGED
S5,S5_tauq_1ns,Extended Relaxation Lag (tau_q=1ns),0.6686868686868687,363729.5698473778,0,5.790558552307138e-07,1.843192033725461e-07,3.794695061760141,3.794695061760141,False,0.02248976275987738,1.302282880885811e-08,1.215131129380422e+18,1.640152076662722e+17,CONVERGED
S5,S5_tauq_1ns,Extended Relaxation Lag (tau_q=1ns),0.6686868686868687,363729.5698473778,1,3.1415644426126317,0.9999910201670706,0.02492260203761216,0.02492260203761216,False,-0.9753854015614309,2.7516575294577956e-05,1.215131129380422e+18,1.640152076662722e+17,CONVERGED
S5,S5_tauq_1ns,Extended Relaxation Lag (tau_q=1ns),0.6686868686868687,363729.5698473778,2,3.1415772830563156,0.9999951074072382,-0.024935293164105983,0.024935293164105983,False,-1.025248777652514,-1.5758620660980595e-05,1.215131129380422e+18,1.640152076662722e+17,CONVERGED
S5,S5_tauq_1ns,Extended Relaxation Lag (tau_q=1ns),0.6686868686868687,363729.5698473778,3,0.00042007046732720773,0.00013371258264409527,-1.0155459001115414,1.0155459001115414,False,2.7608699018017675,0.001159759978096263,1.215131129380422e+18,1.640152076662722e+17,CONVERGED
S5,S5_tauq_1ns,Extended Relaxation Lag (tau_q=1ns),0.6686868686868687,363729.5698473778,4,0.00019746195902485084,6.285409370282861e-05,2.860688201079638,2.860688201079638,False,0.05722936028582702,-1.130062174265343e-05,1.215131129380422e+18,1.640152076662722e+17,CONVERGED
S5,S5_tauq_1ns,Extended Relaxation Lag (tau_q=1ns),0.6863636363636364,373344.7775095064,0,1.1938446715207356e-05,3.8001256151289033e-06,-3.815628031966289,3.815628031966289,False,45.405263383964495,-0.0005420683175251689,2.2636067514063552e+18,5.6796203413145944e+16,CONVERGED
S5,S5_tauq_1ns,Extended Relaxation Lag (tau_q=1ns),0.6863636363636364,373344.7775095064,1,3.1415753624200153,0.999994496049716,0.04523371187168304,0.04523371187168304,False,-0.9557740798362652,-1.6526451885216658e-05,2.2636067514063552e+18,5.6796203413145944e+16,CONVERGED
S5,S5_tauq_1ns,Extended Relaxation Lag (tau_q=1ns),0.6863636363636364,373344.7775095064,2,3.141538878619735,0.9999828828954013,-0.045246318109223464,0.045246318109223464,False,-1.0462855457357942,-5.626397394847267e-05,2.2636067514063552e+18,5.6796203413145944e+16,CONVERGED
S5,S5_tauq_1ns,Extended Relaxation Lag (tau_q=1ns),0.6863636363636364,373344.7775095064,3,0.00028104730546148806,8.946013581370731e-05,-0.8686456420962018,0.8686456420962018,False,2.3836802159533916,0.000669926919414196,2.2636067514063552e+18,5.6796203413145944e+16,CONVERGED
S5,S5_tauq_1ns,Extended Relaxation Lag (tau_q=1ns),0.6863636363636364,373344.7775095064,4,0.0001468960892007285,4.675847743432785e-05,2.797027776564256,2.797027776564256,False,0.06099107192820394,-8.959350006856489e-06,2.2636067514063552e+18,5.6796203413145944e+16,CONVERGED
S5,S5_tauq_1ns,Extended Relaxation Lag (tau_q=1ns),0.704040404040404,382959.98517163494,0,0.0001488028600767815,4.7365421454862855e-05,3.836290213090418,3.836290213090418,False,0.02157348587327004,-3.210196423462326e-06,1.9872372052409416e+18,2.2215323784436918e+17,CONVERGED
S5,S5_tauq_1ns,Extended Relaxation Lag (tau_q=1ns),0.704040404040404,382959.98517163494,1,3.063290936040135,0.975075789198773,1.7282372453645828e-05,1.7282372453645828e-05,True,-0.9969187572204293,-0.07822037684977812,1.9872372052409416e+18,2.2215323784436918e+17,CONVERGED
S5,S5_tauq_1ns,Extended Relaxation Lag (tau_q=1ns),0.704040404040404,382959.98517163494,2,3.063337331311657,0.9750905572723706,1.7247105092912064e-05,1.7247105092912064e-05,True,-0.9969224203619281,0.07817412720617781,1.9872372052409416e+18,2.2215323784436918e+17,CONVERGED
S5,S5_tauq_1ns,Extended Relaxation Lag (tau_q=1ns),0.704040404040404,382959.98517163494,3,0.00027066498954143593,8.615534201487137e-05,-0.7032020280042349,0.7032020280042349,False,2.0202110605475396,0.0005468004189273748,1.9872372052409416e+18,2.2215323784436918e+17,CONVERGED
S5,S5_tauq_1ns,Extended Relaxation Lag (tau_q=1ns),0.704040404040404,382959.98517163494,4,0.0001544111879711222,4.915060766859182e-05,2.7177620153829847,2.7177620153829847,False,0.06602234541884366,-1.0194588869785993e-05,1.9872372052409416e+18,2.2215323784436918e+17,CONVERGED
S5,S5_tauq_1ns,Extended Relaxation Lag (tau_q=1ns),0.7217171717171718,392575.19283376355,0,2.6539605293907534e-05,8.447818740466436e-06,-3.8570582388454087,3.8570582388454087,False,47.32592480568906,-0.0012560113648070262,3.0116812814925737e+18,4.72122432900539e+16,CONVERGED
S5,S5_tauq_1ns,Extended Relaxation Lag (tau_q=1ns),0.7217171717171718,392575.19283376355,1,2.9872450910250454,0.9508696449272697,1.0051191553755836e-06,1.0051191553755836e-06,True,-0.9881110506675831,0.15373529624752677,3.0116812814925737e+18,4.72122432900539e+16,CONVERGED
S5,S5_tauq_1ns,Extended Relaxation Lag (tau_q=1ns),0.7217171717171718,392575.19283376355,2,2.9872414584395335,0.9508684886393888,1.1723236719328412e-06,1.1723236719328412e-06,True,-0.9881103269879306,-0.15373885993856523,3.0116812814925737e+18,4.72122432900539e+16,CONVERGED
S5,S5_tauq_1ns,Extended Relaxation Lag (tau_q=1ns),0.7217171717171718,392575.19283376355,3,0.0003564794198469566,0.00011347092355834849,-0.5136022563821463,0.5136022563821463,False,1.6713007121922472,0.000595784333509041,3.0116812814925737e+18,4.72122432900539e+16,CONVERGED
S5,S5_tauq_1ns,Extended Relaxation Lag (tau_q=1ns),0.7217171717171718,392575.19283376355,4,0.00021861372622183453,6.958691031188652e-05,2.6171393089092567,2.6171393089092567,False,0.07301142576115233,-1.59613000966883e-05,3.0116812814925737e+18,4.72122432900539e+16,CONVERGED
S5,S5_tauq_1ns,Extended Relaxation Lag (tau_q=1ns),0.7393939393939394,402190.40049589204,0,5.974841630924681e-05,1.9018511595058095e-05,3.877526585783982,3.877526585783982,False,0.020701966410031518,-1.236909708958477e-06,4.3148564577246776e+18,2.7070084568898982e+17,CONVERGED
S5,S5_tauq_1ns,Extended Relaxation Lag (tau_q=1ns),0.7393939393939394,402190.40049589204,1,2.9157579587108122,0.9281145839767205,9.73791181866596e-06,9.73791181866596e-06,True,-0.9745980511794559,-0.22391775946365225,4.3148564577246776e+18,2.7070084568898982e+17,CONVERGED
S5,S5_tauq_1ns,Extended Relaxation Lag (tau_q=1ns),0.7393939393939394,402190.40049589204,2,2.9157923267010992,0.9281255236477971,1.8744845282106705e-05,1.8744845282106705e-05,True,-0.9745969680376823,0.22388224785346963,4.3148564577246776e+18,2.7070084568898982e+17,CONVERGED
S5,S5_tauq_1ns,Extended Relaxation Lag (tau_q=1ns),0.7393939393939394,402190.40049589204,3,0.0007385124624645072,0.00023507581787238829,-0.2881985280942846,0.2881985280942846,False,1.334021754916654,0.0009851918703128258,4.3148564577246776e+18,2.7070084568898982e+17,CONVERGED
S5,S5_tauq_1ns,Extended Relaxation Lag (tau_q=1ns),0.7393939393939394,402190.40049589204,4,0.0004842556447944997,0.00015414335917839536,2.4841177223620767,2.4841177223620767,False,0.08339909344722651,-4.038648492948788e-05,4.3148564577246776e+18,2.7070084568898982e+17,CONVERGED
S5,S5_tauq_1ns,Extended Relaxation Lag (tau_q=1ns),0.7570707070707071,411805.6081580207,0,8.41464803114642e-06,2.678465657070875e-06,3.898004867361402,3.898004867361402,False,0.020282337057098754,-1.7066872758859223e-07,3.772230204003502e+18,4.674290026726673e+16,CONVERGED
S5,S5_tauq_1ns,Extended Relaxation Lag (tau_q=1ns),0.7570707070707071,411805.6081580207,1,2.8456267258211283,0.9057911192176763,-1.3651383977477791e-05,1.3651383977477791e-05,True,-0.9565339202366591,-0.2916678977490798,3.772230204003502e+18,4.674290026726673e+16,CONVERGED
S5,S5_tauq_1ns,Extended Relaxation Lag (tau_q=1ns),0.7570707070707071,411805.6081580207,2,2.845614541499453,0.9057872408276306,-1.0403205070813185e-05,1.0403205070813185e-05,True,-0.9565272594134545,0.29167860501857584,3.772230204003502e+18,4.674290026726673e+16,CONVERGED
S5,S5_tauq_1ns,Extended Relaxation Lag (tau_q=1ns),0.7570707070707071,411805.6081580207,3,0.001204992124484766,0.00038356090599711,-0.004095038725373623,0.004095038725373623,False,1.0041027058713379,0.0012099364383605265,3.772230204003502e+18,4.674290026726673e+16,CONVERGED
S5,S5_tauq_1ns,Extended Relaxation Lag (tau_q=1ns),0.7570707070707071,411805.6081580207,4,0.00087093563581982,0.00027722742311121426,2.2963791148413484,2.2963791148413484,False,0.10062248935078977,-8.763573389858268e-05,3.772230204003502e+18,4.674290026726673e+16,CONVERGED
S5,S5_tauq_1ns,Extended Relaxation Lag (tau_q=1ns),0.7747474747474747,421420.81582014915,0,0.00010821014897645438,3.444436020462623e-05,3.918442506439633,3.918442506439633,False,0.019872021082945637,2.1503543702419355e-06,4.310881848882854e+18,1.524740255227699e+17,CONVERGED
S5,S5_tauq_1ns,Extended Relaxation Lag (tau_q=1ns),0.7747474747474747,421420.81582014915,1,2.7760133810514467,0.8836325033671659,-5.222994506299966e-05,5.222994506299966e-05,True,-0.9339656132254156,-0.3575090189893448,4.310881848882854e+18,1.524740255227699e+17,CONVERGED
S5,S5_tauq_1ns,Extended Relaxation Lag (tau_q=1ns),0.7747474747474747,421420.81582014915,2,2.776020463958798,0.8836347579265988,3.0432963348542623e-05,3.0432963348542623e-05,True,-0.9338909440728713,0.35747285282140934,4.310881848882854e+18,1.524740255227699e+17,CONVERGED
S5,S5_tauq_1ns,Extended Relaxation Lag (tau_q=1ns),0.7747474747474747,421420.81582014915,3,0.00028072537361174664,8.93576617232572e-05,0.39993517292598707,0.39993517292598707,False,0.6703634759168536,0.00018818804217592296,4.310881848882854e+18,1.524740255227699e+17,CONVERGED
S5,S5_tauq_1ns,Extended Relaxation Lag (tau_q=1ns),0.7747474747474747,421420.81582014915,4,0.00024237680215464323,7.715093230743564e-05,1.9929917778911923,1.9929917778911923,False,0.13628707024328504,-3.3032824907447104e-05,4.310881848882854e+18,1.524740255227699e+17,CONVERGED
S5,S5_tauq_1ns,Extended Relaxation Lag (tau_q=1ns),0.7924242424242425,431036.0234822779,0,1.19492059480233e-06,3.8035503853019715e-07,3.9384447134501754,3.9384447134501754,False,0.019478485826183566,2.32752438692831e-08,2.495690387121638e+18,2.4379655335169894e+17,CONVERGED
S5,S5_tauq_1ns,Extended Relaxation Lag (tau_q=1ns),0.7924242424242425,431036.0234822779,1,2.706766905074395,0.8615906654802821,1.6405152755927325e-07,1.6405152755927325e-07,True,-0.9069433111336715,-0.4212523024113826,2.495690387121638e+18,2.4379655335169894e+17,CONVERGED
S5,S5_tauq_1ns,Extended Relaxation Lag (tau_q=1ns),0.7924242424242425,431036.0234822779,2,2.7067614951521795,0.8615889434485573,7.0216789552178925e-06,7.0216789552178925e-06,True,-0.9069348127358382,0.4212543200829009,2.495690387121638e+18,2.4379655335169894e+17,CONVERGED
S5,S5_tauq_1ns,Extended Relaxation Lag (tau_q=1ns),0.7924242424242425,431036.0234822779,3,0.42516002038833756,0.13533263769970985,1.2480303073397234,1.2480303073397234,False,0.2615126528572745,0.11840664349529008,2.495690387121638e+18,2.4379655335169894e+17,CONVERGED
S5,S5_tauq_1ns,Extended Relaxation Lag (tau_q=1ns),0.7924242424242425,431036.0234822779,4,0.42504789317091135,0.1352969464978928,1.2506125434867508,1.2506125434867508,False,0.2608514772866082,-0.11807203619722426,2.495690387121638e+18,2.4379655335169894e+17,CONVERGED
S5,S5_tauq_1ns,Extended Relaxation Lag (tau_q=1ns),0.8101010101010101,440651.2311444063,0,8.259986834495807e-05,2.62923546916797e-05,3.9584426672212176,3.9584426672212176,False,0.019092824967982026,-1.577064832275277e-06,2.2014490149524147e+18,1.157336151934035e+17,CONVERGED
S5,S5_tauq_1ns,Extended Relaxation Lag (tau_q=1ns),0.8101010101010101,440651.2311444063,1,2.637582602508974,0.839568618004978,-2.9314184706192678e-06,2.9314184706192678e-06,True,-0.875655557074766,-0.4829422410787951,2.2014490149524147e+18,1.157336151934035e+17,CONVERGED
S5,S5_tauq_1ns,Extended Relaxation Lag (tau_q=1ns),0.8101010101010101,440651.2311444063,2,2.637669943668788,0.8395964195596174,1.8439454625362784e-05,1.8439454625362784e-05,True,-0.8756790202450281,0.4828554393123014,2.2014490149524147e+18,1.157336151934035e+17,CONVERGED
S5,S5_tauq_1ns,Extended Relaxation Lag (tau_q=1ns),0.8101010101010101,440651.2311444063,3,1.089410140874632,0.3467700179492715,1.3045526543505503,1.3045526543505503,False,0.12561130579738322,0.24046239576153428,2.2014490149524147e+18,1.157336151934035e+17,CONVERGED
S5,S5_tauq_1ns,Extended Relaxation Lag (tau_q=1ns),0.8101010101010101,440651.2311444063,4,1.0892844319575112,0.34673000355817046,1.3058782218739668,1.3058782218739668,False,0.1254750970717986,-0.2401280863463521,2.2014490149524147e+18,1.157336151934035e+17,CONVERGED
S5,S5_tauq_1ns,Extended Relaxation Lag (tau_q=1ns),0.8277777777777778,450266.438806535,0,8.493056349063512e-06,2.7034237998229275e-06,3.9783478137870523,3.9783478137870523,False,0.018716537010077847,1.589606034897459e-07,2.497991935583672e+18,6.808408924912662e+16,CONVERGED
S5,S5_tauq_1ns,Extended Relaxation Lag (tau_q=1ns),0.8277777777777778,450266.438806535,1,2.5684898869826602,0.817575723589668,1.6665438585705965e-05,1.6665438585705965e-05,True,-0.840208570432146,0.5422326325947799,2.497991935583672e+18,6.808408924912662e+16,CONVERGED
S5,S5_tauq_1ns,Extended Relaxation Lag (tau_q=1ns),0.8277777777777778,450266.438806535,2,2.568559281057113,0.8175978124096089,3.7087423541801775e-05,3.7087423541801775e-05,True,-0.8402290368208023,-0.5421632536302965,2.497991935583672e+18,6.808408924912662e+16,CONVERGED
S5,S5_tauq_1ns,Extended Relaxation Lag (tau_q=1ns),0.8277777777777778,450266.438806535,3,1.583680051170708,0.5041010168396879,1.3629746144573194,1.3629746144573194,False,-0.003296833818017554,0.2558772064376261,2.497991935583672e+18,6.808408924912662e+16,CONVERGED
S5,S5_tauq_1ns,Extended Relaxation Lag (tau_q=1ns),0.8277777777777778,450266.438806535,4,1.5833407659240246,0.5039930189914322,1.3659233232748629,1.3659233232748629,False,-0.0032005668013070218,-0.25512491097084417,2.497991935583672e+18,6.808408924912662e+16,CONVERGED
S5,S5_tauq_1ns,Extended Relaxation Lag (tau_q=1ns),0.8454545454545455,459881.6464686634,0,2.0752363822605983e-06,6.605682566418326e-07,3.998157951056906,3.998157951056906,False,0.018349408284843285,3.807935966571549e-08,3.024514023690832e+18,1.5027755935381437e+17,CONVERGED
S5,S5_tauq_1ns,Extended Relaxation Lag (tau_q=1ns),0.8454545454545455,459881.6464686634,1,2.4994185312269313,0.7955896282005017,-1.3384882984531466e-06,1.3384882984531466e-06,True,-0.8007965591236005,-0.5989386845712855,3.024514023690832e+18,1.5027755935381437e+17,CONVERGED
S5,S5_tauq_1ns,Extended Relaxation Lag (tau_q=1ns),0.8454545454545455,459881.6464686634,2,2.4994158465504626,0.7955887736414405,7.897908902745555e-06,7.897908902745555e-06,True,-0.8007875547380346,0.5989353024189065,3.024514023690832e+18,1.5027755935381437e+17,CONVERGED
S5,S5_tauq_1ns,Extended Relaxation Lag (tau_q=1ns),0.8454545454545455,459881.6464686634,3,2.125593026594798,0.6765972743684494,1.4275607382329036,1.4275607382329036,False,-0.1263687524993731,0.20391117737767783,3.024514023690832e+18,1.5027755935381437e+17,CONVERGED
S5,S5_tauq_1ns,Extended Relaxation Lag (tau_q=1ns),0.8454545454545455,459881.6464686634,4,2.1254911845342592,0.6765648570337505,1.4287194474136062,1.4287194474136062,False,-0.12620166932438423,-0.20368789415216165,3.024514023690832e+18,1.5027755935381437e+17,CONVERGED
S5,S5_tauq_1ns,Extended Relaxation Lag (tau_q=1ns),0.8631313131313132,469496.85413079214,0,1.2826173837017402e-06,4.082697934234523e-07,4.017820985013881,4.017820985013881,False,0.017992127371403918,-2.3077015336351215e-08,4.5573067201201265e+18,2.2828143093274083e+17,CONVERGED
S5,S5_tauq_1ns,Extended Relaxation Lag (tau_q=1ns),0.8631313131313132,469496.85413079214,1,2.430217513558584,0.7735622601426877,-5.374992878509324e-06,5.374992878509324e-06,True,-0.7574688679047437,-0.6528795173679783,4.5573067201201265e+18,2.2828143093274083e+17,CONVERGED
S5,S5_tauq_1ns,Extended Relaxation Lag (tau_q=1ns),0.8631313131313132,469496.85413079214,2,2.4302046982678784,0.7735581809089618,5.411324628140534e-07,5.411324628140534e-07,True,-0.7574560197837239,0.6528853619350482,4.5573067201201265e+18,2.2828143093274083e+17,CONVERGED
S5,S5_tauq_1ns,Extended Relaxation Lag (tau_q=1ns),0.8631313131313132,469496.85413079214,3,3.1393693404829155,0.9992922974579989,1.0852029734424247,1.0852029734424247,False,-0.3378323727911365,0.0007511083799611965,4.5573067201201265e+18,2.2828143093274083e+17,CONVERGED
S5,S5_tauq_1ns,Extended Relaxation Lag (tau_q=1ns),0.8631313131313132,469496.85413079214,4,3.139149154883236,0.9992222102048256,1.9085847260531696,1.9085847260531696,False,-0.14828966658455375,-0.00036234632964745624,4.5573067201201265e+18,2.2828143093274083e+17,CONVERGED
S5,S5_tauq_1ns,Extended Relaxation Lag (tau_q=1ns),0.8808080808080808,479112.06179292063,0,0.0005702778089592791,0.00018152506446296967,4.037369311309058,4.037369311309058,False,0.01764382396354932,1.006188236236048e-05,1.0934323495033336e+19,6.354194949120927e+16,CONVERGED
S5,S5_tauq_1ns,Extended Relaxation Lag (tau_q=1ns),0.8808080808080808,479112.06179292063,1,2.360923056530799,0.7515051494130058,-2.0202336037191848e-05,2.0202336037191848e-05,True,-0.7104568175864384,-0.7037695047622512,1.0934323495033336e+19,6.354194949120927e+16,CONVERGED
S5,S5_tauq_1ns,Extended Relaxation Lag (tau_q=1ns),0.8808080808080808,479112.06179292063,2,2.3608216769804193,0.7514728792998632,-3.425597898478338e-06,3.425597898478338e-06,True,-0.7103735482486553,0.7038297188723149,1.0934323495033336e+19,6.354194949120927e+16,CONVERGED
S5,S5_tauq_1ns,Extended Relaxation Lag (tau_q=1ns),0.8808080808080808,479112.06179292063,3,3.141274277084828,0.999898657610941,0.44481086314674806,0.44481086314674806,False,-0.6409454584978501,0.00020406198184466987,1.0934323495033336e+19,6.354194949120927e+16,CONVERGED
S5,S5_tauq_1ns,Extended Relaxation Lag (tau_q=1ns),0.8808080808080808,479112.06179292063,4,3.1411714887719535,0.9998659390747688,2.6995306818371767,2.6995306818371767,False,-0.06723705494675773,-2.8317883673056346e-05,1.0934323495033336e+19,6.354194949120927e+16,CONVERGED
S5,S5_tauq_1ns,Extended Relaxation Lag (tau_q=1ns),0.8984848484848484,488727.2694550492,0,1.1058787951969002e-05,3.520121534321929e-06,4.056782815152535,4.056782815152535,False,0.017304601759099668,1.9136792145495424e-07,1.0819362044403933e+18,6.412938653625689e+16,CONVERGED
S5,S5_tauq_1ns,Extended Relaxation Lag (tau_q=1ns),0.8984848484848484,488727.2694550492,1,2.2912941076062725,0.7293415666057429,3.994354702105473e-07,3.994354702105473e-07,True,-0.6597585611977866,0.7514771068073898,1.0819362044403933e+18,6.412938653625689e+16,CONVERGED
S5,S5_tauq_1ns,Extended Relaxation Lag (tau_q=1ns),0.8984848484848484,488727.2694550492,2,2.2913078996390492,0.7293459567461262,1.800300835522872e-06,1.800300835522872e-06,True,-0.6597680012851351,-0.751466954619449,1.0819362044403933e+18,6.412938653625689e+16,CONVERGED
S5,S5_tauq_1ns,Extended Relaxation Lag (tau_q=1ns),0.8984848484848484,488727.2694550492,3,3.1413445377755886,0.9999210222834202,0.1314071813277866,0.1314071813277866,False,-0.8768606334125071,0.00021756299446779018,1.0819362044403933e+18,6.412938653625689e+16,CONVERGED
S5,S5_tauq_1ns,Extended Relaxation Lag (tau_q=1ns),0.8984848484848484,488727.2694550492,4,3.1411879467445023,0.9998711778101377,3.1797126103280684,3.1797126103280684,False,-0.041597604719871575,-1.6834836296944407e-05,1.0819362044403933e+18,6.412938653625689e+16,CONVERGED
S5,S5_tauq_1ns,Extended Relaxation Lag (tau_q=1ns),0.9161616161616162,498342.4771171778,0,0.0003813599836022735,0.00012139065297549196,4.075954773453524,4.075954773453524,False,0.01697599746954517,6.4739664304660305e-06,1.1084751272602821e+18,1.1124690444071174e+17,CONVERGED
S5,S5_tauq_1ns,Extended Relaxation Lag (tau_q=1ns),0.9161616161616162,498342.4771171778,1,2.2215156921744312,0.7071304071315482,1.7823498235659254e-05,1.7823498235659254e-05,True,-0.6057481275757266,-0.7956340613481656,1.1084751272602821e+18,1.1124690444071174e+17,CONVERGED
S5,S5_tauq_1ns,Extended Relaxation Lag (tau_q=1ns),0.9161616161616162,498342.4771171778,2,2.2214599845778356,0.7071126748528163,1.0799693624290367e-05,1.0799693624290367e-05,True,-0.6057080581346131,0.7956733935207414,1.1084751272602821e+18,1.1124690444071174e+17,CONVERGED
S5,S5_tauq_1ns,Extended Relaxation Lag (tau_q=1ns),0.9161616161616162,498342.4771171778,3,3.1414856937995506,0.9999659536413417,-0.08659209990599256,0.08659209990599256,False,-1.0904517873631807,0.00011663449489080644,1.1084751272602821e+18,1.1124690444071174e+17,CONVERGED
S5,S5_tauq_1ns,Extended Relaxation Lag (tau_q=1ns),0.9161616161616162,498342.4771171778,4,3.1414261568578263,0.9999470024441977,3.5866774208372805,3.5866774208372805,False,-0.027690180182224144,-4.610324550514154e-06,1.1084751272602821e+18,1.1124690444071174e+17,CONVERGED
S5,S5_tauq_1ns,Extended Relaxation Lag (tau_q=1ns),0.9338383838383838,507957.6847793063,0,0.00034709161159622435,0.00011048269138254265,4.09524198073671,4.09524198073671,False,0.01665171539771159,5.779670965330685e-06,3.1515720510859715e+18,1.2055352537822506e+17,CONVERGED
S5,S5_tauq_1ns,Extended Relaxation Lag (tau_q=1ns),0.9338383838383838,507957.6847793063,1,2.1513004777710494,0.6847802102264372,3.500970217569782e-05,3.500970217569782e-05,True,-0.5484263700103698,-0.8361569827037258,3.1515720510859715e+18,1.2055352537822506e+17,CONVERGED
S5,S5_tauq_1ns,Extended Relaxation Lag (tau_q=1ns),0.9338383838383838,507957.6847793063,2,2.151301292613214,0.6847804695987538,-2.4954359293648858e-05,2.4954359293648858e-05,True,-0.5484599382455778,0.8362066766677393,3.1515720510859715e+18,1.2055352537822506e+17,CONVERGED
S5,S5_tauq_1ns,Extended Relaxation Lag (tau_q=1ns),0.9338383838383838,507957.6847793063,3,3.1414935117257596,0.9999684421645435,-0.25325113533588095,0.25325113533588095,False,-1.2882067441190987,0.00012771521829108576,3.1515720510859715e+18,1.2055352537822506e+17,CONVERGED
S5,S5_tauq_1ns,Extended Relaxation Lag (tau_q=1ns),0.9338383838383838,507957.6847793063,4,3.1413507551100457,0.9999230013224436,3.9727065504064516,3.9727065504064516,False,-0.01882241975187485,-4.5531148119583705e-06,3.1515720510859715e+18,1.2055352537822506e+17,CONVERGED
S5,S5_tauq_1ns,Extended Relaxation Lag (tau_q=1ns),0.9515151515151515,517572.89244143496,0,8.839826189746115e-06,2.813804068342578e-06,4.114395901863972,4.114395901863972,False,0.016335805858522845,-1.4440568446253967e-07,2.93455135895508e+18,5.8476782272376984e+16,CONVERGED
S5,S5_tauq_1ns,Extended Relaxation Lag (tau_q=1ns),0.9515151515151515,517572.89244143496,1,2.080782503073641,0.6623336417265938,3.2067506182310813e-06,3.2067506182310813e-06,True,-0.4881636168379728,-0.8727484572974041,2.93455135895508e+18,5.8476782272376984e+16,CONVERGED
S5,S5_tauq_1ns,Extended Relaxation Lag (tau_q=1ns),0.9515151515151515,517572.89244143496,2,2.0807779577151715,0.6623321948940567,-8.435863741157805e-06,8.435863741157805e-06,True,-0.4881653333659722,0.8727608373257246,2.93455135895508e+18,5.8476782272376984e+16,CONVERGED
S5,S5_tauq_1ns,Extended Relaxation Lag (tau_q=1ns),0.9515151515151515,517572.89244143496,3,3.1415073462038716,0.9999728458156967,-0.38724598282101025,0.38724598282101025,False,-1.4729187540675275,0.00012565084888938952,2.93455135895508e+18,5.8476782272376984e+16,CONVERGED
S5,S5_tauq_1ns,Extended Relaxation Lag (tau_q=1ns),0.9515151515151515,517572.89244143496,4,1.9574492369579968e-06,6.230754438266479e-07,-4.114376063768713,4.114376063768713,False,61.21400870706422,-0.00011982331463493607,2.93455135895508e+18,5.8476782272376984e+16,CONVERGED
S5,S5_tauq_1ns,Extended Relaxation Lag (tau_q=1ns),0.9691919191919192,527188.1001035634,0,0.00014495147743575476,4.61394882847474e-05,4.133190026622748,4.133190026622748,False,0.016031655587465485,-2.3238121794194472e-06,3.4137934406627057e+18,9.442366732028667e+16,CONVERGED
S5,S5_tauq_1ns,Extended Relaxation Lag (tau_q=1ns),0.9691919191919192,527188.1001035634,1,2.0097439801568426,0.6397213775822831,1.6456408035296922e-05,1.6456408035296922e-05,True,-0.424980123317025,0.9051845019171486,3.4137934406627057e+18,9.442366732028667e+16,CONVERGED
S5,S5_tauq_1ns,Extended Relaxation Lag (tau_q=1ns),0.9691919191919192,527188.1001035634,2,2.009713608166448,0.6397117098774774,9.284052977077679e-06,9.284052977077679e-06,True,-0.42495567878810053,-0.9052039014123706,3.4137934406627057e+18,9.442366732028667e+16,CONVERGED
S5,S5_tauq_1ns,Extended Relaxation Lag (tau_q=1ns),0.9691919191919192,527188.1001035634,3,3.1415498026895117,0.9999863601348086,-0.4984375942220495,0.4984375942220495,False,-1.6461473088580856,7.053889422357496e-05,3.4137934406627057e+18,9.442366732028667e+16,CONVERGED
S5,S5_tauq_1ns,Extended Relaxation Lag (tau_q=1ns),0.9691919191919192,527188.1001035634,4,9.626333794165416e-06,3.0641572143879714e-06,-4.1333914130136415,4.1333914130136415,False,62.389151928799414,-0.0006005788016200734,3.4137934406627057e+18,9.442366732028667e+16,CONVERGED
S5,S5_tauq_1ns,Extended Relaxation Lag (tau_q=1ns),0.9868686868686869,536803.3077656921,0,1.0788487807212874e-06,3.4340823260091436e-07,4.152253008378882,4.152253008378882,False,0.01572893910284331,-1.696914677314847e-08,3.7952825723518085e+18,9.886040335357283e+16,CONVERGED
S5,S5_tauq_1ns,Extended Relaxation Lag (tau_q=1ns),0.9868686868686869,536803.3077656921,1,1.9381351368743343,0.6169275748272749,-5.550901493417738e-06,5.550901493417738e-06,True,-0.35913504780925015,-0.9332915510705428,3.7952825723518085e+18,9.886040335357283e+16,CONVERGED
S5,S5_tauq_1ns,Extended Relaxation Lag (tau_q=1ns),0.9868686868686869,536803.3077656921,2,1.9381315964340937,0.616926447870145,-9.085540122258676e-06,9.085540122258676e-06,True,-0.3591330129472127,0.9332961214195614,3.7952825723518085e+18,9.886040335357283e+16,CONVERGED
S5,S5_tauq_1ns,Extended Relaxation Lag (tau_q=1ns),0.9868686868686869,536803.3077656921,3,3.1415475345775916,0.9999856381723614,-0.5924980474268872,0.5924980474268872,False,-1.8085004955272754,-8.159775597960479e-05,3.7952825723518085e+18,9.886040335357283e+16,CONVERGED
S5,S5_tauq_1ns,Extended Relaxation Lag (tau_q=1ns),0.9868686868686869,536803.3077656921,4,1.3733270777148576e-05,4.371435858005342e-06,-4.152228575780815,4.152228575780815,False,63.57552541002346,0.0008730999053102316,3.7952825723518085e+18,9.886040335357283e+16,CONVERGED
S5,S5_tauq_1ns,Extended Relaxation Lag (tau_q=1ns),1.0045454545454544,546418.5154278205,0,2.3769489394189228e-05,7.566063463711193e-06,4.171045414561305,4.171045414561305,False,0.015436114542691316,3.6690856097909106e-07,1.6465723296371566e+18,1.115368336609073e+17,CONVERGED
S5,S5_tauq_1ns,Extended Relaxation Lag (tau_q=1ns),1.0045454545454544,546418.5154278205,1,1.8658725595676935,0.5939256820694507,-1.1824363041164526e-05,1.1824363041164526e-05,True,-0.290816227655415,0.95679128901657,1.6465723296371566e+18,1.115368336609073e+17,CONVERGED
S5,S5_tauq_1ns,Extended Relaxation Lag (tau_q=1ns),1.0045454545454544,546418.5154278205,2,1.8658725237899578,0.5939256706810437,-1.4071356953105286e-05,1.4071356953105286e-05,True,-0.2908168468865394,-0.9567934493279556,1.6465723296371566e+18,1.115368336609073e+17,CONVERGED
S5,S5_tauq_1ns,Extended Relaxation Lag (tau_q=1ns),1.0045454545454544,546418.5154278205,3,3.141558024355094,0.9999889771722442,-0.6732455441464678,0.6732455441464678,False,-1.9605901866360989,-6.789373774967786e-05,1.6465723296371566e+18,1.115368336609073e+17,CONVERGED
S5,S5_tauq_1ns,Extended Relaxation Lag (tau_q=1ns),1.0045454545454544,546418.5154278205,4,1.696265968568349e-05,5.3993822739242865e-06,-4.171018285702402,4.171018285702402,False,64.78138448099294,-0.001098864579023894,1.6465723296371566e+18,1.115368336609073e+17,CONVERGED
S5,S5_tauq_1ns,Extended Relaxation Lag (tau_q=1ns),1.0222222222222221,556033.7230899491,0,8.570633829136813e-05,2.7281174786754848e-05,4.189159499273964,4.189159499273964,False,0.015159020632284742,-1.2992241536576087e-06,1.8453989122436209e+18,1.272687974963282e+17,CONVERGED
S5,S5_tauq_1ns,Extended Relaxation Lag (tau_q=1ns),1.0222222222222221,556033.7230899491,1,1.7927735294982254,0.5706575381278929,7.162095619747918e-05,7.162095619747918e-05,True,-0.22014297491793083,-0.9753941966920457,1.8453989122436209e+18,1.272687974963282e+17,CONVERGED
S5,S5_tauq_1ns,Extended Relaxation Lag (tau_q=1ns),1.0222222222222221,556033.7230899491,2,1.7928009900132804,0.5706662790813145,6.115232126705621e-05,6.115232126705621e-05,True,-0.22017206455084865,0.9753983621207238,1.8453989122436209e+18,1.272687974963282e+17,CONVERGED
S5,S5_tauq_1ns,Extended Relaxation Lag (tau_q=1ns),1.0222222222222221,556033.7230899491,3,3.141580934856008,0.9999962698111826,-0.7435150263884446,0.7435150263884446,False,-2.1033157462479903,-2.4648197297643946e-05,1.8453989122436209e+18,1.272687974963282e+17,CONVERGED
S5,S5_tauq_1ns,Extended Relaxation Lag (tau_q=1ns),1.0222222222222221,556033.7230899491,4,7.781965826466986e-06,2.477076656508855e-06,-4.189686614178202,4.189686614178202,False,66.0021035935416,-0.0005136261146502428,1.8453989122436209e+18,1.272687974963282e+17,CONVERGED
S5,S5_tauq_1ns,Extended Relaxation Lag (tau_q=1ns),1.0398989898989899,565648.9307520777,0,4.603317943577553e-05,1.4652816106879722e-05,4.208260684418412,4.208260684418412,False,0.014872213311890715,-6.846152644769735e-07,2.8984973345763686e+18,9.215015989086931e+16,CONVERGED
S5,S5_tauq_1ns,Extended Relaxation Lag (tau_q=1ns),1.0398989898989899,565648.9307520777,1,1.7188195247644786,0.5471172472982584,2.992823535145918e-05,2.992823535145918e-05,True,-0.14747882324209555,-0.9890349549008804,2.8984973345763686e+18,9.215015989086931e+16,CONVERGED
S5,S5_tauq_1ns,Extended Relaxation Lag (tau_q=1ns),1.0398989898989899,565648.9307520777,2,1.7188414801166032,0.5471242359038943,6.867958711965698e-06,6.867958711965698e-06,True,-0.14750393925967234,0.9890545243209761,2.8984973345763686e+18,9.215015989086931e+16,CONVERGED
S5,S5_tauq_1ns,Extended Relaxation Lag (tau_q=1ns),1.0398989898989899,565648.9307520777,3,3.141555540785783,0.9999881866275796,-0.8047793898153708,0.8047793898153708,False,-2.236203113677119,-8.29917679232166e-05,2.8984973345763686e+18,9.215015989086931e+16,CONVERGED
S5,S5_tauq_1ns,Extended Relaxation Lag (tau_q=1ns),1.0398989898989899,565648.9307520777,4,3.219612267033322e-05,1.0248344142753131e-05,-4.208246976926769,4.208246976926769,False,67.23856564274728,0.002164821108359155,2.8984973345763686e+18,9.215015989086931e+16,CONVERGED
S5,S5_tauq_1ns,Extended Relaxation Lag (tau_q=1ns),1.0575757575757576,575264.1384142063,0,0.00040073530409440573,0.00012755800903611704,4.227012164757584,4.227012164757584,False,0.014595934542282337,5.849106580443861e-06,3.9725566375258363e+18,4.2159013570007456e+17,CONVERGED
S5,S5_tauq_1ns,Extended Relaxation Lag (tau_q=1ns),1.0575757575757576,575264.1384142063,1,1.6438365535736716,0.5232494262727901,-2.507441446192474e-05,2.507441446192474e-05,True,-0.07297713052570481,0.997358756168828,3.9725566375258363e+18,4.2159013570007456e+17,CONVERGED
S5,S5_tauq_1ns,Extended Relaxation Lag (tau_q=1ns),1.0575757575757576,575264.1384142063,2,1.6438236483350834,0.523245318407764,-3.591882194071489e-05,3.591882194071489e-05,True,-0.07296505062537222,-0.9973705137066684,3.9725566375258363e+18,4.2159013570007456e+17,CONVERGED
S5,S5_tauq_1ns,Extended Relaxation Lag (tau_q=1ns),1.0575757575757576,575264.1384142063,3,3.1415300114503193,0.9999800603877138,-0.8589879653821142,0.8589879653821142,False,-2.360770298427327,-0.00014788370249363563,3.9725566375258363e+18,4.2159013570007456e+17,CONVERGED
S5,S5_tauq_1ns,Extended Relaxation Lag (tau_q=1ns),1.0575757575757576,575264.1384142063,4,0.00017425529937156124,5.546718450988403e-05,-4.226660497498089,4.226660497498089,False,68.48813251587801,0.011934420155749342,3.9725566375258363e+18,4.2159013570007456e+17,CONVERGED
S5,S5_tauq_1ns,Extended Relaxation Lag (tau_q=1ns),1.0752525252525253,584879.3460763348,0,3.720992783967647e-05,1.1844287895554481e-05,4.244940483641723,4.244940483641723,False,0.014336586905138728,5.3346336445367e-07,4.752990126424342e+18,5.503365827181048e+16,CONVERGED
S5,S5_tauq_1ns,Extended Relaxation Lag (tau_q=1ns),1.0752525252525253,584879.3460763348,1,1.567517329821595,0.49895626284663136,2.4729833232611583e-05,2.4729833232611583e-05,True,0.003278910009539657,-0.9999698946997321,4.752990126424342e+18,5.503365827181048e+16,CONVERGED
S5,S5_tauq_1ns,Extended Relaxation Lag (tau_q=1ns),1.0752525252525253,584879.3460763348,2,1.5675087288929461,0.4989535250860121,1.3669175997808743e-05,1.3669175997808743e-05,True,0.003287547041363405,0.9999809268461797,4.752990126424342e+18,5.503365827181048e+16,CONVERGED
S5,S5_tauq_1ns,Extended Relaxation Lag (tau_q=1ns),1.0752525252525253,584879.3460763348,3,3.141590341691634,0.9999992640999601,-0.9068849978947192,0.9068849978947192,False,-2.4765959039377705,5.725637511730563e-06,4.752990126424342e+18,5.503365827181048e+16,CONVERGED
S5,S5_tauq_1ns,Extended Relaxation Lag (tau_q=1ns),1.0752525252525253,584879.3460763348,4,8.125298191835531e-05,2.5863627426525282e-05,-4.245227423534318,4.245227423534318,False,69.77162581916811,-0.005669152663575123,4.752990126424342e+18,5.503365827181048e+16,CONVERGED
S5,S5_tauq_1ns,Extended Relaxation Lag (tau_q=1ns),1.0929292929292929,594494.5537384634,0,2.7639865772792915e-05,8.798042528272964e-06,4.263382364551999,4.263382364551999,False,0.014074616321044883,-3.8902050601630666e-07,2.625719931937342e+18,2.1852052440995296e+17,CONVERGED
S5,S5_tauq_1ns,Extended Relaxation Lag (tau_q=1ns),1.0929292929292929,594494.5537384634,1,1.4897560668124132,0.47420408406867093,-5.176178126726451e-06,5.176178126726451e-06,True,0.08095200248911982,-0.9967231941230428,2.625719931937342e+18,2.1852052440995296e+17,CONVERGED
S5,S5_tauq_1ns,Extended Relaxation Lag (tau_q=1ns),1.0929292929292929,594494.5537384634,2,1.4898145523360784,0.4742227005890522,-3.373712303810155e-06,3.373712303810155e-06,True,0.0808935626647319,0.9967261303722195,2.625719931937342e+18,2.1852052440995296e+17,CONVERGED
S5,S5_tauq_1ns,Extended Relaxation Lag (tau_q=1ns),1.0929292929292929,594494.5537384634,3,3.141539874467889,0.9999831998837139,-0.9491960716162224,0.9491960716162224,False,-2.5836317656792875,-0.00013636181604299342,2.625719931937342e+18,2.1852052440995296e+17,CONVERGED
S5,S5_tauq_1ns,Extended Relaxation Lag (tau_q=1ns),1.0929292929292929,594494.5537384634,4,6.29700314749558e-05,2.0043983551782896e-05,-4.263353994656035,4.263353994656035,False,71.04787834583719,0.004473887141579521,2.625719931937342e+18,2.1852052440995296e+17,CONVERGED
S5,S5_tauq_1ns,Extended Relaxation Lag (tau_q=1ns),1.1106060606060606,604109.761400592,0,0.0005524619594392728,0.0001758541034299889,4.281408552999953,4.281408552999953,False,0.013823175579379926,-7.636779443208574e-06,1.5591190749586221e+19,8.339663521966058e+16,CONVERGED
S5,S5_tauq_1ns,Extended Relaxation Lag (tau_q=1ns),1.1106060606060606,604109.761400592,1,1.4102866415737056,0.4489081803658467,5.586596092663614e-05,5.586596092663614e-05,True,0.1598124327304748,0.9870908066964725,1.5591190749586221e+19,8.339663521966058e+16,CONVERGED
S5,S5_tauq_1ns,Extended Relaxation Lag (tau_q=1ns),1.1106060606060606,604109.761400592,2,1.4102070318252402,0.4488828397958735,-1.7400111847034607e-05,1.7400111847034607e-05,True,0.1599027292906419,-0.987150402924819,1.5591190749586221e+19,8.339663521966058e+16,CONVERGED
S5,S5_tauq_1ns,Extended Relaxation Lag (tau_q=1ns),1.1106060606060606,604109.761400592,3,3.141548026440315,0.9999857947371289,-0.9870270717693926,0.9870270717693926,False,-2.683245503934248,-0.000119745598270204,1.5591190749586221e+19,8.339663521966058e+16,CONVERGED
S5,S5_tauq_1ns,Extended Relaxation Lag (tau_q=1ns),1.1106060606060606,604109.761400592,4,9.61221904174405e-05,3.059664349151214e-05,-4.281623008365197,4.281623008365197,False,72.35778170928388,0.0069551884930641435,1.5591190749586221e+19,8.339663521966058e+16,CONVERGED
S5,S5_tauq_1ns,Extended Relaxation Lag (tau_q=1ns),1.1282828282828283,613724.9690627207,0,0.0004426130943743472,0.00014088812369375387,4.299799312957814,4.299799312957814,False,0.013571280990082736,6.006827065902804e-06,7.133967144158771e+18,1.0750250708494354e+17,CONVERGED
S5,S5_tauq_1ns,Extended Relaxation Lag (tau_q=1ns),1.1282828282828283,613724.9690627207,1,1.3286979984871647,0.4229377086710799,2.3211294920802632e-05,2.3211294920802632e-05,True,0.2397347229825571,-0.9708145245535559,7.133967144158771e+18,1.0750250708494354e+17,CONVERGED
S5,S5_tauq_1ns,Extended Relaxation Lag (tau_q=1ns),1.1282828282828283,613724.9690627207,2,1.3286504659899823,0.4229225786073117,-4.854800424004008e-05,4.854800424004008e-05,True,0.2397980750747864,0.970872794918509,7.133967144158771e+18,1.0750250708494354e+17,CONVERGED
S5,S5_tauq_1ns,Extended Relaxation Lag (tau_q=1ns),1.1282828282828283,613724.9690627207,3,3.1415239941253943,0.9999781450137017,-1.0204488240787373,1.0204488240787373,False,-2.7744397133720735,-0.00019049154502605862,7.133967144158771e+18,1.0750250708494354e+17,CONVERGED
S5,S5_tauq_1ns,Extended Relaxation Lag (tau_q=1ns),1.1282828282828283,613724.9690627207,4,0.00017899487458581837,5.697583815689373e-05,-4.299630314815523,4.299630314815523,False,73.67255183311177,-0.013187009316618634,7.133967144158771e+18,1.0750250708494354e+17,CONVERGED
S5,S5_tauq_1ns,Extended Relaxation Lag (tau_q=1ns),1.145959595959596,623340.1767248492,0,3.145773776645065e-05,1.001330892803844e-05,4.317617660744297,4.317617660744297,False,0.0133316061425088,-4.193821701749832e-07,4.88149320529927e+18,1.0858525114067834e+17,CONVERGED
S5,S5_tauq_1ns,Extended Relaxation Lag (tau_q=1ns),1.145959595959596,623340.1767248492,1,1.2445231687558604,0.39614402819976846,2.1560469062381534e-06,2.1560469062381534e-06,True,0.3205143448381006,0.9472413856396308,4.88149320529927e+18,1.0858525114067834e+17,CONVERGED
S5,S5_tauq_1ns,Extended Relaxation Lag (tau_q=1ns),1.145959595959596,623340.1767248492,2,1.24450131367067,0.3961370715100889,-1.8916420055592732e-06,1.8916420055592732e-06,True,0.3205363442315127,-0.9472382146629563,4.88149320529927e+18,1.0858525114067834e+17,CONVERGED
S5,S5_tauq_1ns,Extended Relaxation Lag (tau_q=1ns),1.145959595959596,623340.1767248492,3,3.1415002501374,0.9999705870675857,-1.050118650097145,1.050118650097145,False,-2.8579901865601807,-0.0002640881608963089,4.88149320529927e+18,1.0858525114067834e+17,CONVERGED
S5,S5_tauq_1ns,Extended Relaxation Lag (tau_q=1ns),1.145959595959596,623340.1767248492,4,3.380735458094609e-05,1.0761215188836005e-05,-4.317629438165819,4.317629438165819,False,75.01060005335664,0.0025359099542994904,4.88149320529927e+18,1.0858525114067834e+17,CONVERGED
S5,S5_tauq_1ns,Extended Relaxation Lag (tau_q=1ns),1.1636363636363636,632955.3843869776,0,1.332751915825653e-05,4.242281106376926e-06,4.335505922083901,4.335505922083901,False,0.013095247220871083,1.7452715822859826e-07,6.478028206972129e+18,1.830084942417348e+17,CONVERGED
S5,S5_tauq_1ns,Extended Relaxation Lag (tau_q=1ns),1.1636363636363636,632955.3843869776,1,1.1571959058140429,0.36834689707201657,8.758121464970272e-06,8.758121464970272e-06,True,0.401905238362737,0.9156717006040266,6.478028206972129e+18,1.830084942417348e+17,CONVERGED
S5,S5_tauq_1ns,Extended Relaxation Lag (tau_q=1ns),1.1636363636363636,632955.3843869776,2,1.1571791190498932,0.3683415536790307,-5.877849702863518e-06,5.877849702863518e-06,True,0.40192649201248554,-0.9156783555305005,6.478028206972129e+18,1.830084942417348e+17,CONVERGED
S5,S5_tauq_1ns,Extended Relaxation Lag (tau_q=1ns),1.1636363636363636,632955.3843869776,3,3.1415641294344923,0.9999909204793727,-1.076497736304565,1.076497736304565,False,-2.9343845440210887,-8.370084046927207e-05,6.478028206972129e+18,1.830084942417348e+17,CONVERGED
S5,S5_tauq_1ns,Extended Relaxation Lag (tau_q=1ns),1.1636363636363636,632955.3843869776,4,9.813772080954393e-05,3.123820674122255e-05,-4.335515436233004,4.335515436233004,False,76.3643093118695,0.007494219291120877,6.478028206972129e+18,1.830084942417348e+17,CONVERGED
S5,S5_tauq_1ns,Extended Relaxation Lag (tau_q=1ns),1.1813131313131313,642570.5920491063,0,1.506074885771084e-05,4.793985254740593e-06,4.3527463620775695,4.3527463620775695,False,0.012871414428724774,-1.9385314016919646e-07,9.428212202430855e+18,7.567944910814493e+16,CONVERGED
S5,S5_tauq_1ns,Extended Relaxation Lag (tau_q=1ns),1.1813131313131313,642570.5920491063,1,1.065922272903619,0.33929359736871845,3.967969017050088e-05,3.967969017050088e-05,True,0.4836780190928503,-0.8752006727687929,9.428212202430855e+18,7.567944910814493e+16,CONVERGED
S5,S5_tauq_1ns,Extended Relaxation Lag (tau_q=1ns),1.1813131313131313,642570.5920491063,2,1.0659284459111014,0.33929556229802754,2.094817530120902e-05,2.094817530120902e-05,True,0.48368167646899396,0.8752200525440336,9.428212202430855e+18,7.567944910814493e+16,CONVERGED
S5,S5_tauq_1ns,Extended Relaxation Lag (tau_q=1ns),1.1813131313131313,642570.5920491063,3,3.1415382907968947,0.9999826957855799,-1.0999473663423058,1.0999473663423058,False,-3.0040079034225307,-0.0001633062596797812,9.428212202430855e+18,7.567944910814493e+16,CONVERGED
S5,S5_tauq_1ns,Extended Relaxation Lag (tau_q=1ns),1.1813131313131313,642570.5920491063,4,0.0001846422000165031,5.877343767197781e-05,-4.35319429404587,4.35319429404587,False,77.72634629063461,-0.014351563741442058,9.428212202430855e+18,7.567944910814493e+16,CONVERGED
S5,S5_tauq_1ns,Extended Relaxation Lag (tau_q=1ns),1.198989898989899,652185.7997112349,0,0.0003949925668590467,0.0001257300390003465,4.3718293608174035,4.3718293608174035,False,0.012628117055276101,-4.988012629668476e-06,1.5392525217590133e+19,9.648674270457498e+16,CONVERGED
S5,S5_tauq_1ns,Extended Relaxation Lag (tau_q=1ns),1.198989898989899,652185.7997112349,1,0.9696870325920636,0.3086609689782775,-8.791138237045406e-06,8.791138237045406e-06,True,0.5655626377320147,0.8247160027746819,1.5392525217590133e+19,9.648674270457498e+16,CONVERGED
S5,S5_tauq_1ns,Extended Relaxation Lag (tau_q=1ns),1.198989898989899,652185.7997112349,2,0.969631816058729,0.3086433930098363,-8.101878262170722e-05,8.101878262170722e-05,True,0.5656490288499777,-0.8247443402989292,1.5392525217590133e+19,9.648674270457498e+16,CONVERGED
S5,S5_tauq_1ns,Extended Relaxation Lag (tau_q=1ns),1.198989898989899,652185.7997112349,3,3.141487232738161,0.9999664435007155,-1.1203134884206654,1.1203134884206654,False,-3.065815133175704,-0.00032320084348417595,1.5392525217590133e+19,9.648674270457498e+16,CONVERGED
S5,S5_tauq_1ns,Extended Relaxation Lag (tau_q=1ns),1.198989898989899,652185.7997112349,4,7.364753511072976e-05,2.3442738518813117e-05,-4.370976760879934,4.370976760879934,False,79.12087593077733,-0.005827057498638858,1.5392525217590133e+19,9.648674270457498e+16,CONVERGED
S5,S5_tauq_1ns,Extended Relaxation Lag (tau_q=1ns),1.2166666666666666,661801.0073733634,0,5.1334394723683244e-05,1.63402453418094e-05,4.388536503072652,4.388536503072652,False,0.012418890919757078,6.37516249065174e-07,3.4651680825127373e+18,6.0786365317739736e+16,CONVERGED
S5,S5_tauq_1ns,Extended Relaxation Lag (tau_q=1ns),1.2166666666666666,661801.0073733634,1,0.8663936570312893,0.2757816663599879,9.246047982939959e-06,9.246047982939959e-06,True,0.647572792827275,-0.761991460624655,3.4651680825127373e+18,6.0786365317739736e+16,CONVERGED
S5,S5_tauq_1ns,Extended Relaxation Lag (tau_q=1ns),1.2166666666666666,661801.0073733634,2,0.8663886654834934,0.27578007750097705,2.0069585343557167e-06,2.0069585343557167e-06,True,0.6475812842178772,0.7619937443455241,3.4651680825127373e+18,6.0786365317739736e+16,CONVERGED
S5,S5_tauq_1ns,Extended Relaxation Lag (tau_q=1ns),1.2166666666666666,661801.0073733634,3,3.141530586160627,0.9999802433236864,-1.138244664667881,1.138244664667881,False,-3.121284646472591,-0.00019373011395142225,3.4651680825127373e+18,6.0786365317739736e+16,CONVERGED
S5,S5_tauq_1ns,Extended Relaxation Lag (tau_q=1ns),1.2166666666666666,661801.0073733634,4,1.8466146134167919e-06,5.877956874220236e-07,-4.388802668487619,4.388802668487619,False,80.54392344562302,0.0001487335860567799,3.4651680825127373e+18,6.0786365317739736e+16,CONVERGED
S5,S5_tauq_1ns,Extended Relaxation Lag (tau_q=1ns),1.2343434343434343,671416.215035492,0,6.665714832055763e-06,2.1217629295252755e-06,4.4061600155043665,4.4061600155043665,False,0.012201943757766974,8.133467748726216e-08,4.3349485844655055e+19,7.073267755078859e+16,CONVERGED
S5,S5_tauq_1ns,Extended Relaxation Lag (tau_q=1ns),1.2343434343434343,671416.215035492,1,0.7535159189885642,0.2398515664109243,8.353738339262157e-06,8.353738339262157e-06,True,0.7292816724485519,0.6842013847497925,4.3349485844655055e+19,7.073267755078859e+16,CONVERGED
S5,S5_tauq_1ns,Extended Relaxation Lag (tau_q=1ns),1.2343434343434343,671416.215035492,2,0.7535134674671973,0.23985078606743704,-1.0484042283854166e-05,1.0484042283854166e-05,True,0.729297087989828,-0.6842124858214418,4.3349485844655055e+19,7.073267755078859e+16,CONVERGED
S5,S5_tauq_1ns,Extended Relaxation Lag (tau_q=1ns),1.2343434343434343,671416.215035492,3,3.14146151261296,0.9999582565305902,-1.1536969540018929,1.1536969540018929,False,-3.1698901852206496,-0.0004157024977261856,4.3349485844655055e+19,7.073267755078859e+16,CONVERGED
S5,S5_tauq_1ns,Extended Relaxation Lag (tau_q=1ns),1.2343434343434343,671416.215035492,4,3.3803941773013376e-05,1.0760128858331375e-05,4.36776411616564,4.36776411616564,False,0.012679558911505353,-4.2861907131528176e-07,4.3349485844655055e+19,7.073267755078859e+16,CONVERGED
S5,S5_tauq_1ns,Extended Relaxation Lag (tau_q=1ns),1.252020202020202,681031.4226976206,0,2.090327053077928e-05,6.653717663521338e-06,-4.423710822110778,4.423710822110778,False,83.40521370776148,0.0017434417460647287,1.350904241906026e+18,2.522502444667996e+17,CONVERGED
S5,S5_tauq_1ns,Extended Relaxation Lag (tau_q=1ns),1.252020202020202,681031.4226976206,1,0.6256962892272525,0.19916531460954692,-9.57625827061433e-06,9.57625827061433e-06,True,0.8105632881512896,0.5856674044210769,1.350904241906026e+18,2.522502444667996e+17,CONVERGED
S5,S5_tauq_1ns,Extended Relaxation Lag (tau_q=1ns),1.252020202020202,681031.4226976206,2,0.6256832251521265,0.19916115618528046,-2.2976701986712654e-05,2.2976701986712654e-05,True,0.8105818013681182,-0.5856646632251803,1.350904241906026e+18,2.522502444667996e+17,CONVERGED
S5,S5_tauq_1ns,Extended Relaxation Lag (tau_q=1ns),1.252020202020202,681031.4226976206,3,3.1414394046118077,0.9999512193352597,-1.166794068784792,1.166794068784792,False,-3.2116796541717365,-0.0004921866284711652,1.350904241906026e+18,2.522502444667996e+17,CONVERGED
S5,S5_tauq_1ns,Extended Relaxation Lag (tau_q=1ns),1.252020202020202,681031.4226976206,4,0.00012981449334090216,4.132123660034902e-05,4.3258338015071764,4.3258338015071764,False,0.013222520429982345,-1.7164747999497841e-06,1.350904241906026e+18,2.522502444667996e+17,CONVERGED
S5,S5_tauq_1ns,Extended Relaxation Lag (tau_q=1ns),1.2696969696969698,690646.6303597492,0,9.361955030516499e-05,2.9800028402214733e-05,4.287726828524987,4.287726828524987,False,0.013736114318056382,1.285968849153786e-06,4.090878416423382e+18,1.6856957815698198e+17,CONVERGED
S5,S5_tauq_1ns,Extended Relaxation Lag (tau_q=1ns),1.2696969696969698,690646.6303597492,1,0.47065503814027304,0.14981415162225797,3.074575991937163e-05,3.074575991937163e-05,True,0.8912440367551693,-0.45345625733809924,4.090878416423382e+18,1.6856957815698198e+17,CONVERGED
S5,S5_tauq_1ns,Extended Relaxation Lag (tau_q=1ns),1.2696969696969698,690646.6303597492,2,0.470641547774502,0.14980985750546483,-2.668871595152466e-05,2.668871595152466e-05,True,0.8913013439203259,0.45347027816861873,4.090878416423382e+18,1.6856957815698198e+17,CONVERGED
S5,S5_tauq_1ns,Extended Relaxation Lag (tau_q=1ns),1.2696969696969698,690646.6303597492,3,3.1415006221833033,0.9999707054934749,-1.1778993153851227,1.1778993153851227,False,-3.2475449508668754,-0.00029887613031184384,4.090878416423382e+18,1.6856957815698198e+17,CONVERGED
S5,S5_tauq_1ns,Extended Relaxation Lag (tau_q=1ns),1.2696969696969698,690646.6303597492,4,0.0005130488200652029,0.00016330851152168284,4.44062159597392,4.44062159597392,False,0.011788606938760127,6.048131410804575e-06,4.090878416423382e+18,1.6856957815698198e+17,CONVERGED
S5,S5_tauq_1ns,Extended Relaxation Lag (tau_q=1ns),1.2873737373737373,700261.8380218776,0,7.783573212147613e-05,2.4775883032619088e-05,4.252744648108424,4.252744648108424,False,0.014225137241073924,-1.1072239739234662e-06,1.9603926565425772e+18,2.2956661743641568e+17,CONVERGED
S5,S5_tauq_1ns,Extended Relaxation Lag (tau_q=1ns),1.2873737373737373,700261.8380218776,1,0.24062322486271084,0.07659275131922616,0.00015452734779766527,0.00015452734779766527,True,0.9710395802714623,-0.23827111995185213,1.9603926565425772e+18,2.2956661743641568e+17,CONVERGED
S5,S5_tauq_1ns,Extended Relaxation Lag (tau_q=1ns),1.2873737373737373,700261.8380218776,2,0.24059282846785823,0.07658307584624023,-8.370421277675762e-05,8.370421277675762e-05,True,0.9712781839635245,0.2382983671694874,1.9603926565425772e+18,2.2956661743641568e+17,CONVERGED
S5,S5_tauq_1ns,Extended Relaxation Lag (tau_q=1ns),1.2873737373737373,700261.8380218776,3,3.141441430176377,0.9999518640924873,-1.1871645371630675,1.1871645371630675,False,-3.2777739746375336,-0.000495676172630094,1.9603926565425772e+18,2.2956661743641568e+17,CONVERGED
S5,S5_tauq_1ns,Extended Relaxation Lag (tau_q=1ns),1.2873737373737373,700261.8380218776,4,3.1295634300723075e-05,9.961709792312697e-06,4.458207195359907,4.458207195359907,False,0.01158311093303394,3.6250080394328387e-07,1.9603926565425772e+18,2.2956661743641568e+17,CONVERGED
S5,S5_tauq_1ns,Extended Relaxation Lag (tau_q=1ns),1.305050505050505,709877.0456840061,0,0.0005714987103981664,0.0001819136894610235,4.220055281712485,4.220055281712485,False,0.014697829560886876,-8.399791554186397e-06,1.2111736453955763e+18,1.1785552021464322e+17,CONVERGED
S5,S5_tauq_1ns,Extended Relaxation Lag (tau_q=1ns),1.305050505050505,709877.0456840061,1,0.00017789097790860416,5.662445693121101e-05,0.3153424042098573,0.3153424042098573,False,0.7295390227185719,-0.00012977841154284873,1.2111736453955763e+18,1.1785552021464322e+17,CONVERGED
S5,S5_tauq_1ns,Extended Relaxation Lag (tau_q=1ns),1.305050505050505,709877.0456840061,2,0.00011419658945241373,3.634990339117489e-05,-0.3152107442892377,0.3152107442892377,False,1.3705481067758993,0.00015651192015462035,1.2111736453955763e+18,1.1785552021464322e+17,CONVERGED
S5,S5_tauq_1ns,Extended Relaxation Lag (tau_q=1ns),1.305050505050505,709877.0456840061,3,3.141275491751187,0.9998990442512515,-1.1945710673197796,1.1945710673197796,False,-3.302140904385221,-0.001047313115688569,1.2111736453955763e+18,1.1785552021464322e+17,CONVERGED
S5,S5_tauq_1ns,Extended Relaxation Lag (tau_q=1ns),1.305050505050505,709877.0456840061,4,1.2264484012534142e-05,3.903906510132663e-06,4.475330126199748,4.475330126199748,False,0.011386462533516512,1.3964908770863415e-07,1.2111736453955763e+18,1.1785552021464322e+17,CONVERGED
S5,S5_tauq_1ns,Extended Relaxation Lag (tau_q=1ns),1.3227272727272728,719492.2533461349,0,9.40167978425886e-06,2.9926476220638838e-06,4.187621603269057,4.187621603269057,False,0.015182351620319903,1.4273960831047704e-07,1.3992874447037548e+18,2.361082674374936e+17,CONVERGED
S5,S5_tauq_1ns,Extended Relaxation Lag (tau_q=1ns),1.3227272727272728,719492.2533461349,1,3.057484587541038e-05,9.73227571068882e-06,0.5002248993751105,0.5002248993751105,False,0.606394266400772,-1.854041124071347e-05,1.3992874447037548e+18,2.361082674374936e+17,CONVERGED
S5,S5_tauq_1ns,Extended Relaxation Lag (tau_q=1ns),1.3227272727272728,719492.2533461349,2,2.2005335878550508e-05,7.004515958937498e-06,-0.5001654412865072,0.5001654412865072,False,1.6489940594336647,3.628666814542936e-05,1.3992874447037548e+18,2.361082674374936e+17,CONVERGED
S5,S5_tauq_1ns,Extended Relaxation Lag (tau_q=1ns),1.3227272727272728,719492.2533461349,3,3.141454561927226,0.9999560440586054,-1.199683299393592,1.199683299393592,False,-3.3190655745327136,-0.0004583352862705728,1.3992874447037548e+18,2.361082674374936e+17,CONVERGED
S5,S5_tauq_1ns,Extended Relaxation Lag (tau_q=1ns),1.3227272727272728,719492.2533461349,4,1.3127398021995062e-05,4.1785805702705675e-06,4.492475765870241,4.492475765870241,False,0.011192898481277892,1.4693363339195923e-07,1.3992874447037548e+18,2.361082674374936e+17,CONVERGED
S5,S5_tauq_1ns,Extended Relaxation Lag (tau_q=1ns),1.3404040404040405,729107.4610082634,0,0.0003833728796999179,0.00012203137770323293,4.157213994249164,4.157213994249164,False,0.015651100143826462,6.000207626570254e-06,1.4829606796486728e+18,1.0519979728155042e+17,CONVERGED
S5,S5_tauq_1ns,Extended Relaxation Lag (tau_q=1ns),1.3404040404040405,729107.4610082634,1,5.945290527504078e-05,1.892444751139392e-05,0.6285053205431609,0.6285053205431609,False,0.533388449307388,3.171149298883602e-05,1.4829606796486728e+18,1.0519979728155042e+17,CONVERGED
S5,S5_tauq_1ns,Extended Relaxation Lag (tau_q=1ns),1.3404040404040405,729107.4610082634,2,1.3705903034247172e-05,4.362724434877289e-06,-0.628435906797856,0.628435906797856,False,1.874676116629589,-2.5694129076753085e-05,1.4829606796486728e+18,1.0519979728155042e+17,CONVERGED
S5,S5_tauq_1ns,Extended Relaxation Lag (tau_q=1ns),1.3404040404040405,729107.4610082634,3,3.141576843180667,0.9999949673904707,-1.2032625172749263,1.2032625172749263,False,-3.3309665500607606,-5.26639439464537e-05,1.4829606796486728e+18,1.0519979728155042e+17,CONVERGED
S5,S5_tauq_1ns,Extended Relaxation Lag (tau_q=1ns),1.3404040404040405,729107.4610082634,4,0.00014567689523242052,4.637039594103977e-05,4.5089220290041645,4.5089220290041645,False,0.01101032247256625,1.6039496046574087e-06,1.4829606796486728e+18,1.0519979728155042e+17,CONVERGED
S5,S5_tauq_1ns,Extended Relaxation Lag (tau_q=1ns),1.358080808080808,738722.6686703919,0,0.0004622231864106159,0.00014713020985787222,4.128515549874618,4.128515549874618,False,0.01610676906228956,7.44492264895467e-06,5.133035440643594e+18,9.697238715887179e+16,CONVERGED
S5,S5_tauq_1ns,Extended Relaxation Lag (tau_q=1ns),1.358080808080808,738722.6686703919,1,9.446844768352995e-05,3.0070240830103803e-05,0.7303661977591567,0.7303661977591567,False,0.48173254625660045,4.5508525978872394e-05,5.133035440643594e+18,9.697238715887179e+16,CONVERGED
S5,S5_tauq_1ns,Extended Relaxation Lag (tau_q=1ns),1.358080808080808,738722.6686703919,2,4.693803605986309e-05,1.4940840915905685e-05,-0.7303569168697287,0.7303569168697287,False,2.0758213688499696,-9.743497833646981e-05,5.133035440643594e+18,9.697238715887179e+16,CONVERGED
S5,S5_tauq_1ns,Extended Relaxation Lag (tau_q=1ns),1.358080808080808,738722.6686703919,3,3.1415791728670412,0.9999957089526752,-1.205359919058465,1.205359919058465,False,-3.3379602571005145,4.4998116785640246e-05,5.133035440643594e+18,9.697238715887179e+16,CONVERGED
S5,S5_tauq_1ns,Extended Relaxation Lag (tau_q=1ns),1.358080808080808,738722.6686703919,4,0.0007504908107603163,0.00023888864455509707,4.526414354316571,4.526414354316571,False,0.010819398096127742,-8.119860373568718e-06,5.133035440643594e+18,9.697238715887179e+16,CONVERGED
S5,S5_tauq_1ns,Extended Relaxation Lag (tau_q=1ns),1.3757575757575757,748337.8763325205,0,5.5841900387505184e-05,1.777502895663335e-05,4.099847043568436,4.099847043568436,False,0.016575210467083077,9.255912527668824e-07,1.0980799229705198e+19,5.2136890867384776e+16,CONVERGED
S5,S5_tauq_1ns,Extended Relaxation Lag (tau_q=1ns),1.3757575757575757,748337.8763325205,1,2.858139116818508e-05,9.097739369719393e-06,0.8161299872053327,0.8161299872053327,False,0.4421394328945302,1.2636960085879112e-05,1.0980799229705198e+19,5.2136890867384776e+16,CONVERGED
S5,S5_tauq_1ns,Extended Relaxation Lag (tau_q=1ns),1.3757575757575757,748337.8763325205,2,1.1444245398002596e-05,3.6428164500975763e-06,-0.8160727847254948,0.8160727847254948,False,2.261600581825546,-2.5882312051806938e-05,1.0980799229705198e+19,5.2136890867384776e+16,CONVERGED
S5,S5_tauq_1ns,Extended Relaxation Lag (tau_q=1ns),1.3757575757575757,748337.8763325205,3,3.141471822164437,0.9999615381627475,-1.2055470465639442,1.2055470465639442,False,-3.338584915653943,-0.000403405975994034,1.0980799229705198e+19,5.2136890867384776e+16,CONVERGED
S5,S5_tauq_1ns,Extended Relaxation Lag (tau_q=1ns),1.3757575757575757,748337.8763325205,4,4.670064108245838e-05,1.4865275747667387e-05,4.543105942219967,4.543105942219967,False,0.010640306987135754,4.969091579746456e-07,1.0980799229705198e+19,5.2136890867384776e+16,CONVERGED
S5,S5_tauq_1ns,Extended Relaxation Lag (tau_q=1ns),1.3934343434343435,757953.0839946492,0,0.0005770682135750368,0.00018368651738335338,4.072185576740645,4.072185576740645,False,0.017040102484601333,-9.833302591446363e-06,7.261866325927123e+18,8.613450206130451e+16,CONVERGED
S5,S5_tauq_1ns,Extended Relaxation Lag (tau_q=1ns),1.3934343434343435,757953.0839946492,1,8.353234563644563e-07,2.6589171432202073e-07,0.8901691439307589,0.8901691439307589,False,0.41058629869802443,3.429723661644026e-07,7.261866325927123e+18,8.613450206130451e+16,CONVERGED
S5,S5_tauq_1ns,Extended Relaxation Lag (tau_q=1ns),1.3934343434343435,757953.0839946492,2,4.3079951990264945e-06,1.37127746148244e-06,-0.8901543916871193,0.8901543916871193,False,2.4355056440668257,-1.0492146621906723e-05,7.261866325927123e+18,8.613450206130451e+16,CONVERGED
S5,S5_tauq_1ns,Extended Relaxation Lag (tau_q=1ns),1.3934343434343435,757953.0839946492,3,3.1412528260133312,0.9998918295228143,-1.2042841922410024,1.2042841922410024,False,-3.3343712621398094,-0.0011331113486563107,7.261866325927123e+18,8.613450206130451e+16,CONVERGED
S5,S5_tauq_1ns,Extended Relaxation Lag (tau_q=1ns),1.3934343434343435,757953.0839946492,4,0.00014737113899946893,4.690969048169655e-05,-4.559426175699977,4.559426175699977,False,95.52864640288485,-0.014078165529388379,7.261866325927123e+18,8.613450206130451e+16,CONVERGED
S5,S5_tauq_1ns,Extended Relaxation Lag (tau_q=1ns),1.4111111111111112,767568.2916567777,0,0.0008125868796451854,0.0002586544371743006,4.044878797661785,4.044878797661785,False,0.01751182122004711,-1.4229879294086837e-05,1.216131540345665e+19,1.8976872295335082e+17,CONVERGED
S5,S5_tauq_1ns,Extended Relaxation Lag (tau_q=1ns),1.4111111111111112,767568.2916567777,1,2.7072302451270193e-05,8.617381511996972e-06,0.9554398566193493,0.9554398566193493,False,0.384642919463122,-1.0413169453989172e-05,1.216131540345665e+19,1.8976872295335082e+17,CONVERGED
S5,S5_tauq_1ns,Extended Relaxation Lag (tau_q=1ns),1.4111111111111112,767568.2916567777,2,9.849192054308885e-06,3.1350952018093566e-06,-0.9554264406734504,0.9554264406734504,False,2.5997789979467347,2.560572265036407e-05,1.216131540345665e+19,1.8976872295335082e+17,CONVERGED
S5,S5_tauq_1ns,Extended Relaxation Lag (tau_q=1ns),1.4111111111111112,767568.2916567777,3,3.1411722819857975,0.9998661915625773,-1.2014241275892787,1.2014241275892787,False,-3.324848267503849,-0.001397671881581964,1.216131540345665e+19,1.8976872295335082e+17,CONVERGED
S5,S5_tauq_1ns,Extended Relaxation Lag (tau_q=1ns),1.4111111111111112,767568.2916567777,4,0.00012047111359261935,3.8347146456101184e-05,-4.576123522906616,4.576123522906616,False,97.13711291896668,-0.011702216221132477,1.216131540345665e+19,1.8976872295335082e+17,CONVERGED
S5,S5_tauq_1ns,Extended Relaxation Lag (tau_q=1ns),1.4287878787878787,777183.4993189061,0,0.000494878206348561,0.00015752462553764892,4.018610307692185,4.018610307692185,False,0.01797792917916174,-8.896886072340662e-06,8.509407039451416e+18,1.3824663329308219e+17,CONVERGED
S5,S5_tauq_1ns,Extended Relaxation Lag (tau_q=1ns),1.4287878787878787,777183.4993189061,1,0.00010645984184033498,3.388722013934138e-05,1.013643650285389,1.013643650285389,False,0.36289430571214154,-3.863367053682688e-05,8.509407039451416e+18,1.3824663329308219e+17,CONVERGED
S5,S5_tauq_1ns,Extended Relaxation Lag (tau_q=1ns),1.4287878787878787,777183.4993189061,2,2.4574329471892276e-05,7.822252017241003e-06,-1.0136062085305104,1.0136062085305104,False,2.7555200983800523,6.771505877764341e-05,8.509407039451416e+18,1.3824663329308219e+17,CONVERGED
S5,S5_tauq_1ns,Extended Relaxation Lag (tau_q=1ns),1.4287878787878787,777183.4993189061,3,3.1412795428701332,0.9999003337624621,-1.1972961069899224,1.1972961069899224,False,-3.3111516453047165,-0.00103675710844607,8.509407039451416e+18,1.3824663329308219e+17,CONVERGED
S5,S5_tauq_1ns,Extended Relaxation Lag (tau_q=1ns),1.4287878787878787,777183.4993189061,4,3.95615170096839e-05,1.2592821976610582e-05,4.5929263047191515,4.5929263047191515,False,0.010123191436484503,4.004888104157049e-07,8.509407039451416e+18,1.3824663329308219e+17,CONVERGED
S5,S5_tauq_1ns,Extended Relaxation Lag (tau_q=1ns),1.4464646464646465,786798.7069810347,0,0.0005341291168094843,0.0001700185783790756,3.9912247563500025,3.9912247563500025,False,0.018477067711162858,9.869140796327742e-06,2.0344219779096356e+18,1.332755717942517e+17,CONVERGED
S5,S5_tauq_1ns,Extended Relaxation Lag (tau_q=1ns),1.4464646464646465,786798.7069810347,1,0.0001430028910406742,4.5519233971110026e-05,1.0658514123058442,1.0658514123058442,False,0.34443447061935173,4.925512540838438e-05,2.0344219779096356e+18,1.332755717942517e+17,CONVERGED
S5,S5_tauq_1ns,Extended Relaxation Lag (tau_q=1ns),1.4464646464646465,786798.7069810347,2,2.4203134858979193e-05,7.704097102252604e-06,-1.0658424516390148,1.0658424516390148,False,2.903283829453679,-7.026857007188186e-05,2.0344219779096356e+18,1.332755717942517e+17,CONVERGED
S5,S5_tauq_1ns,Extended Relaxation Lag (tau_q=1ns),1.4464646464646465,786798.7069810347,3,3.1415666774022823,0.9999917315227099,-1.1912278182037117,1.1912278182037117,False,-3.291119623129787,8.54907404707992e-05,2.0344219779096356e+18,1.332755717942517e+17,CONVERGED
S5,S5_tauq_1ns,Extended Relaxation Lag (tau_q=1ns),1.4464646464646465,786798.7069810347,4,2.125160294855726e-05,6.764595315778372e-06,4.609355451830062,4.609355451830062,False,0.009958234799525146,2.116284520598734e-07,2.0344219779096356e+18,1.332755717942517e+17,CONVERGED
S5,S5_tauq_1ns,Extended Relaxation Lag (tau_q=1ns),1.4641414141414142,796413.9146431634,0,0.00019616930244585555,6.244262833429389e-05,3.9640813323948043,3.9640813323948043,False,0.018985469574387206,-3.7243663707887317e-06,8.087949222817293e+18,3.738804212255249e+17,CONVERGED
S5,S5_tauq_1ns,Extended Relaxation Lag (tau_q=1ns),1.4641414141414142,796413.9146431634,1,4.618684105358095e-05,1.4701728118954183e-05,1.1131022501284888,1.1131022501284888,False,0.32853817058726353,-1.5174140275738153e-05,8.087949222817293e+18,3.738804212255249e+17,CONVERGED
S5,S5_tauq_1ns,Extended Relaxation Lag (tau_q=1ns),1.4641414141414142,796413.9146431634,2,3.84140865643825e-06,1.2227583522162876e-06,-1.1130478503028767,1.1130478503028767,False,3.0436207725656117,-1.1691791182706326e-05,8.087949222817293e+18,3.738804212255249e+17,CONVERGED
S5,S5_tauq_1ns,Extended Relaxation Lag (tau_q=1ns),1.4641414141414142,796413.9146431634,3,3.1413719620610214,0.999929751704595,-1.1837393554780078,1.1837393554780078,False,-3.266566166328903,-0.0007209034927846344,8.087949222817293e+18,3.738804212255249e+17,CONVERGED
S5,S5_tauq_1ns,Extended Relaxation Lag (tau_q=1ns),1.4641414141414142,796413.9146431634,4,8.016848629675502e-05,2.5518421748646872e-05,-4.62558424301515,4.62558424301515,False,102.06238457462152,0.00818218689671362,8.087949222817293e+18,3.738804212255249e+17,CONVERGED
S5,S5_tauq_1ns,Extended Relaxation Lag (tau_q=1ns),1.4818181818181817,806029.1223052919,0,0.00010604346169157846,3.37546822215815e-05,3.9371884971541413,3.9371884971541413,False,0.019502970283593043,-2.068162489892503e-06,1.6400574683083556e+18,1.6960173402639075e+17,CONVERGED
S5,S5_tauq_1ns,Extended Relaxation Lag (tau_q=1ns),1.4818181818181817,806029.1223052919,1,0.00020835570099552442,6.63216794696293e-05,1.1558376783311868,1.1558376783311868,False,0.3147937237066077,-6.558906792100137e-05,1.6400574683083556e+18,1.6960173402639075e+17,CONVERGED
S5,S5_tauq_1ns,Extended Relaxation Lag (tau_q=1ns),1.4818181818181817,806029.1223052919,2,3.0391953386211812e-05,9.674059223268153e-06,-1.1558013032141679,1.1558013032141679,False,3.1765677904984226,9.654210024669429e-05,1.6400574683083556e+18,1.6960173402639075e+17,CONVERGED
S5,S5_tauq_1ns,Extended Relaxation Lag (tau_q=1ns),1.4818181818181817,806029.1223052919,3,3.1414102901790293,0.9999419519234757,-1.174876765920099,1.174876765920099,False,-3.2377438650210566,-0.0005904460209508736,1.6400574683083556e+18,1.6960173402639075e+17,CONVERGED
S5,S5_tauq_1ns,Extended Relaxation Lag (tau_q=1ns),1.4818181818181817,806029.1223052919,4,1.9659147685468082e-05,6.257701062231677e-06,-4.641620558766619,4.641620558766619,False,103.7122833015631,-0.0020388950944852,1.6400574683083556e+18,1.6960173402639075e+17,CONVERGED
S5,S5_tauq_1ns,Extended Relaxation Lag (tau_q=1ns),1.4994949494949494,815644.3299674204,0,0.0006685999536717915,0.00021282197515575568,3.9082985266616075,3.9082985266616075,False,0.020074623978189526,1.3421894661774383e-05,9.65630730439318e+18,9.369919093425542e+16,CONVERGED
S5,S5_tauq_1ns,Extended Relaxation Lag (tau_q=1ns),1.4994949494949494,815644.3299674204,1,3.3033990566333015e-06,1.0515045777365877e-06,1.1946113336181017,1.1946113336181017,False,0.3028216278975765,1.0003406799286535e-06,9.65630730439318e+18,9.369919093425542e+16,CONVERGED
S5,S5_tauq_1ns,Extended Relaxation Lag (tau_q=1ns),1.4994949494949494,815644.3299674204,2,3.857145927441974e-08,1.2277676811583265e-08,-1.194627734288714,1.194627734288714,False,3.3023281980964807,1.273756176036464e-07,9.65630730439318e+18,9.369919093425542e+16,CONVERGED
S5,S5_tauq_1ns,Extended Relaxation Lag (tau_q=1ns),1.4994949494949494,815644.3299674204,3,3.141514452573703,0.9999751078434689,-1.1639022413742999,1.1639022413742999,False,-3.2024054748929642,0.00025043136257993706,9.65630730439318e+18,9.369919093425542e+16,CONVERGED
S5,S5_tauq_1ns,Extended Relaxation Lag (tau_q=1ns),1.4994949494949494,815644.3299674204,4,6.481965314648831e-05,2.0632736415531486e-05,4.657858543310299,4.657858543310299,False,0.009486756122346481,-6.149282421970482e-07,9.65630730439318e+18,9.369919093425542e+16,CONVERGED
S5,S5_tauq_1ns,Extended Relaxation Lag (tau_q=1ns),1.5171717171717172,825259.537629549,0,0.0007231422549304769,0.00023018332886160983,3.8808924018477495,3.8808924018477495,False,0.020632399172980206,1.4920162263331665e-05,1.614246350121576e+18,1.2215509490328427e+17,CONVERGED
S5,S5_tauq_1ns,Extended Relaxation Lag (tau_q=1ns),1.5171717171717172,825259.537629549,1,1.3062552097343723e-05,4.157939471375317e-06,1.2299343190407708,1.2299343190407708,False,0.29231177634328565,3.81833780736843e-06,1.614246350121576e+18,1.2215509490328427e+17,CONVERGED
S5,S5_tauq_1ns,Extended Relaxation Lag (tau_q=1ns),1.5171717171717172,825259.537629549,2,1.0420411564551762e-05,3.3169200191007273e-06,-1.229919352866113,1.229919352866113,False,3.4209536348729417,-3.5647744819915656e-05,1.614246350121576e+18,1.2215509490328427e+17,CONVERGED
S5,S5_tauq_1ns,Extended Relaxation Lag (tau_q=1ns),1.5171717171717172,825259.537629549,3,3.14149899915086,0.9999701888662027,-1.1520587851080226,1.1520587851080226,False,-3.1647016340891843,0.00029638835679824505,1.614246350121576e+18,1.2215509490328427e+17,CONVERGED
S5,S5_tauq_1ns,Extended Relaxation Lag (tau_q=1ns),1.5171717171717172,825259.537629549,4,4.340922702929945e-05,1.3817586115022639e-05,4.673738382080062,4.673738382080062,False,0.009337297803304445,-4.053248804384145e-07,1.614246350121576e+18,1.2215509490328427e+17,CONVERGED
S5,S5_tauq_1ns,Extended Relaxation Lag (tau_q=1ns),1.534848484848485,834874.7452916778,0,0.00031228544298772624,9.94035438142778e-05,3.8536261718075986,3.8536261718075986,False,0.021202711160135463,6.621298262424898e-06,4.956445071669907e+18,1.318908562786936e+17,CONVERGED
S5,S5_tauq_1ns,Extended Relaxation Lag (tau_q=1ns),1.534848484848485,834874.7452916778,1,3.703081860892586e-05,1.1787275656699789e-05,1.2619281804253706,1.2619281804253706,False,0.283107617121223,-1.0483706821213281e-05,4.956445071669907e+18,1.318908562786936e+17,CONVERGED
S5,S5_tauq_1ns,Extended Relaxation Lag (tau_q=1ns),1.534848484848485,834874.7452916778,2,1.0612530912601645e-05,3.37807350691219e-06,-1.261971178642631,1.261971178642631,False,3.532377576303453,3.748746622490862e-05,4.956445071669907e+18,1.318908562786936e+17,CONVERGED
S5,S5_tauq_1ns,Extended Relaxation Lag (tau_q=1ns),1.534848484848485,834874.7452916778,3,3.1415434285397557,0.9999843311799251,-1.1388877743238048,1.1388877743238048,False,-3.123292622604118,-0.00015374423575343976,4.956445071669907e+18,1.318908562786936e+17,CONVERGED
S5,S5_tauq_1ns,Extended Relaxation Lag (tau_q=1ns),1.534848484848485,834874.7452916778,4,7.52808494868831e-05,2.3962638631988836e-05,4.689718769008238,4.689718769008238,False,0.009189270074390214,6.917760586713013e-07,4.956445071669907e+18,1.318908562786936e+17,CONVERGED
S5,S5_tauq_1ns,Extended Relaxation Lag (tau_q=1ns),1.5525252525252524,844489.952953806,0,0.00020933897253509612,6.663466452147813e-05,3.8254689655152148,3.8254689655152148,False,0.021808205358208967,-4.5653073692100355e-06,1.5787821931149676e+18,1.4084037083872717e+17,CONVERGED
S5,S5_tauq_1ns,Extended Relaxation Lag (tau_q=1ns),1.5525252525252524,844489.952953806,1,1.1651617402910637e-05,3.70882500937756e-06,1.2911332159403985,1.2911332159403985,False,0.2749590185134115,-3.2037172853430723e-06,1.5787821931149676e+18,1.4084037083872717e+17,CONVERGED
S5,S5_tauq_1ns,Extended Relaxation Lag (tau_q=1ns),1.5525252525252524,844489.952953806,2,2.5035281042578992e-06,7.968977459242532e-07,-1.291079344103894,1.291079344103894,False,3.6367096993211483,9.10460493929681e-06,1.5787821931149676e+18,1.4084037083872717e+17,CONVERGED
S5,S5_tauq_1ns,Extended Relaxation Lag (tau_q=1ns),1.5525252525252524,844489.952953806,3,3.1413501054968442,0.9999227945441393,-1.124050341791967,1.124050341791967,False,-3.077292993695317,-0.0007463915617031324,1.5787821931149676e+18,1.4084037083872717e+17,CONVERGED
S5,S5_tauq_1ns,Extended Relaxation Lag (tau_q=1ns),1.5525252525252524,844489.952953806,4,0.00018992584567314774,6.045527431957985e-05,4.705677858923203,4.705677858923203,False,0.009043781568398227,1.7176478831141587e-06,1.5787821931149676e+18,1.4084037083872717e+17,CONVERGED
S5,S5_tauq_1ns,Extended Relaxation Lag (tau_q=1ns),1.5702020202020202,854105.1606159348,0,7.721091364399548e-05,2.4576997134166692e-05,3.795452431017074,3.795452431017074,False,0.0224727360865132,-1.7351404887680993e-06,8.612623881552786e+18,1.4542346897415114e+17,CONVERGED
S5,S5_tauq_1ns,Extended Relaxation Lag (tau_q=1ns),1.5702020202020202,854105.1606159348,1,7.35950521527618e-05,2.3426032674435747e-05,1.3174877572813475,1.3174877572813475,False,0.267807253658229,-1.9709288835448628e-05,8.612623881552786e+18,1.4542346897415114e+17,CONVERGED
S5,S5_tauq_1ns,Extended Relaxation Lag (tau_q=1ns),1.5702020202020202,854105.1606159348,2,1.541558897041242e-05,4.906934370628076e-06,-1.317407039054746,1.317407039054746,False,3.733727404861106,5.7557607005462785e-05,8.612623881552786e+18,1.4542346897415114e+17,CONVERGED
S5,S5_tauq_1ns,Extended Relaxation Lag (tau_q=1ns),1.5702020202020202,854105.1606159348,3,3.141393792545524,0.9999367005636324,-1.107196262340417,1.107196262340417,False,-3.025862705026174,-0.000601726225267843,8.612623881552786e+18,1.4542346897415114e+17,CONVERGED
S5,S5_tauq_1ns,Extended Relaxation Lag (tau_q=1ns),1.5702020202020202,854105.1606159348,4,5.622328098801257e-05,1.7896426172173563e-05,4.721217727945442,4.721217727945442,False,0.00890432887961357,-5.006305851356963e-07,8.612623881552786e+18,1.4542346897415114e+17,CONVERGED
S5,S5_tauq_1ns,Extended Relaxation Lag (tau_q=1ns),1.587878787878788,863720.3682780633,0,0.00011329537462357884,3.6063037801581306e-05,3.764500627733019,3.764500627733019,False,0.023179184238750795,2.6260943730342696e-06,1.4976370381694316e+18,1.6777003913905862e+17,CONVERGED
S5,S5_tauq_1ns,Extended Relaxation Lag (tau_q=1ns),1.587878787878788,863720.3682780633,1,7.742558924454096e-06,2.464533050014276e-06,1.3411174515414874,1.3411174515414874,False,0.2615532321486961,-2.025091311833167e-06,1.4976370381694316e+18,1.6777003913905862e+17,CONVERGED
S5,S5_tauq_1ns,Extended Relaxation Lag (tau_q=1ns),1.587878787878788,863720.3682780633,2,1.877601414374142e-06,5.976590925079576e-07,-1.341129180275929,1.341129180275929,False,3.8233583296075215,7.178743007338675e-06,1.4976370381694316e+18,1.6777003913905862e+17,CONVERGED
S5,S5_tauq_1ns,Extended Relaxation Lag (tau_q=1ns),1.587878787878788,863720.3682780633,3,3.141461950064874,0.9999583957758592,-1.0886511978168174,1.0886511978168174,False,-2.9702650441133187,-0.0003882241134213541,1.4976370381694316e+18,1.6777003913905862e+17,CONVERGED
S5,S5_tauq_1ns,Extended Relaxation Lag (tau_q=1ns),1.587878787878788,863720.3682780633,4,0.0001259188999275739,4.008123070433418e-05,4.7370764645365835,4.7370764645365835,False,0.008764231239302374,1.1035823621964749e-06,1.4976370381694316e+18,1.6777003913905862e+17,CONVERGED
S5,S5_tauq_1ns,Extended Relaxation Lag (tau_q=1ns),1.6055555555555556,873335.5759401919,0,0.0003846067754409468,0.00012242413891612252,3.7337663373110384,3.7337663373110384,False,0.02390263891533848,9.193117331046868e-06,3.8116529316615404e+18,1.59707833217109e+17,CONVERGED
S5,S5_tauq_1ns,Extended Relaxation Lag (tau_q=1ns),1.6055555555555556,873335.5759401919,1,8.53029203671766e-06,2.7152762873220946e-06,1.3624377733047233,1.3624377733047233,False,0.25603585816844565,-2.184060642101439e-06,3.8116529316615404e+18,1.59707833217109e+17,CONVERGED
S5,S5_tauq_1ns,Extended Relaxation Lag (tau_q=1ns),1.6055555555555556,873335.5759401919,2,5.881089138030236e-07,1.8720088141631323e-07,-1.3624328567679331,1.3624328567679331,False,3.90568372177324,-2.2969674112704757e-06,3.8116529316615404e+18,1.59707833217109e+17,CONVERGED
S5,S5_tauq_1ns,Extended Relaxation Lag (tau_q=1ns),1.6055555555555556,873335.5759401919,3,3.1415615077458607,0.9999900859699627,-1.0688069638660325,1.0688069638660325,False,-2.9119034194332367,-9.069368947757854e-05,3.8116529316615404e+18,1.59707833217109e+17,CONVERGED
S5,S5_tauq_1ns,Extended Relaxation Lag (tau_q=1ns),1.6055555555555556,873335.5759401919,4,8.345444302191324e-05,2.6564374259836848e-05,4.7522887308133495,4.7522887308133495,False,0.00863191641442351,7.203717782498021e-07,3.8116529316615404e+18,1.59707833217109e+17,CONVERGED
S5,S5_tauq_1ns,Extended Relaxation Lag (tau_q=1ns),1.6232323232323231,882950.7836023204,0,0.00010081786409268244,3.209132284463463e-05,3.701298206703516,3.701298206703516,False,0.024691450921825536,2.4893393517218277e-06,9.963523828289245e+17,8.28920899254432e+16,CONVERGED
S5,S5_tauq_1ns,Extended Relaxation Lag (tau_q=1ns),1.6232323232323231,882950.7836023204,1,1.3620189471406002e-05,4.335440960444909e-06,1.3814078894924566,1.3814078894924566,False,0.2512246074516733,3.4217267535829744e-06,9.963523828289245e+17,8.28920899254432e+16,CONVERGED
S5,S5_tauq_1ns,Extended Relaxation Lag (tau_q=1ns),1.6232323232323231,882950.7836023204,2,5.250281990707061e-06,1.6712166628947707e-06,-1.3814117315138328,1.3814117315138328,False,3.980517084157785,-2.0898837160847432e-05,9.963523828289245e+17,8.28920899254432e+16,CONVERGED
S5,S5_tauq_1ns,Extended Relaxation Lag (tau_q=1ns),1.6232323232323231,882950.7836023204,3,3.1414513564797555,0.9999550237329858,-1.0469689835202183,1.0469689835202183,False,-2.8490026154459076,-0.0004025558387316302,9.963523828289245e+17,8.28920899254432e+16,CONVERGED
S5,S5_tauq_1ns,Extended Relaxation Lag (tau_q=1ns),1.6232323232323231,882950.7836023204,4,0.001539978676029649,0.0004901904370924622,-4.767003837432172,4.767003837432172,False,117.56632608718357,-0.18104977831535468,9.963523828289245e+17,8.28920899254432e+16,CONVERGED
S5,S5_tauq_1ns,Extended Relaxation Lag (tau_q=1ns),1.6409090909090909,892565.9912644491,0,0.00020634448564495683,6.568148974029904e-05,3.6680353241046246,3.6680353241046246,False,0.025526571610832497,5.267267364073041e-06,9.562674570934721e+17,2.3692363379098445e+17,CONVERGED
S5,S5_tauq_1ns,Extended Relaxation Lag (tau_q=1ns),1.6409090909090909,892565.9912644491,1,4.2038606879835e-05,1.3381304171245399e-05,1.398148290734254,1.398148290734254,False,0.24705401263659826,1.0385806521433829e-05,9.562674570934721e+17,2.3692363379098445e+17,CONVERGED
S5,S5_tauq_1ns,Extended Relaxation Lag (tau_q=1ns),1.6409090909090909,892565.9912644491,2,1.6264630767524794e-06,5.177192768432197e-07,-1.3981629433570348,1.3981629433570348,False,4.04775717331147,6.583527586056897e-06,9.562674570934721e+17,2.3692363379098445e+17,CONVERGED
S5,S5_tauq_1ns,Extended Relaxation Lag (tau_q=1ns),1.6409090909090909,892565.9912644491,3,3.1414867285692836,0.9999662830187775,-1.0234112948515781,1.0234112948515781,False,-2.7826710874779037,-0.00029475449311534927,9.562674570934721e+17,2.3692363379098445e+17,CONVERGED
S5,S5_tauq_1ns,Extended Relaxation Lag (tau_q=1ns),1.6409090909090909,892565.9912644491,4,0.0008788647258064277,0.0002797513308423924,-4.782561531129679,4.782561531129679,False,119.4097845108466,0.1049450745427019,9.562674570934721e+17,2.3692363379098445e+17,CONVERGED
S5,S5_tauq_1ns,Extended Relaxation Lag (tau_q=1ns),1.6585858585858586,902181.1989265776,0,0.0006690974204268348,0.00021298032374193374,3.6327499164777097,3.6327499164777097,False,0.026443361363623425,1.7693187516177524e-05,1.4226056699617894e+18,6.197556354324485e+17,CONVERGED
S5,S5_tauq_1ns,Extended Relaxation Lag (tau_q=1ns),1.6585858585858586,902181.1989265776,1,3.159022419450438e-06,1.005548066787312e-06,1.41278478465814,1.41278478465814,False,0.24346434247346843,7.691093162130047e-07,1.4226056699617894e+18,6.197556354324485e+17,CONVERGED
S5,S5_tauq_1ns,Extended Relaxation Lag (tau_q=1ns),1.6585858585858586,902181.1989265776,2,1.9073196617967698e-06,6.071187044626359e-07,-1.4127927166640455,1.4127927166640455,False,4.107410234578935,-7.834144299487185e-06,1.4226056699617894e+18,6.197556354324485e+17,CONVERGED
S5,S5_tauq_1ns,Extended Relaxation Lag (tau_q=1ns),1.6585858585858586,902181.1989265776,3,3.1415285974409293,0.9999796102945457,-0.9976736611203273,0.9976736611203273,False,-2.711965527961549,0.00017371806781088427,1.4226056699617894e+18,6.197556354324485e+17,CONVERGED
S5,S5_tauq_1ns,Extended Relaxation Lag (tau_q=1ns),1.6585858585858586,902181.1989265776,4,2.21871635485175e-05,7.062393503869754e-06,4.797937767576215,4.797937767576215,False,0.008246736209974669,-1.8297168506221317e-07,1.4226056699617894e+18,6.197556354324485e+17,CONVERGED
S5,S5_tauq_1ns,Extended Relaxation Lag (tau_q=1ns),1.6762626262626263,911796.4065887061,0,0.00026156528542702604,8.325881623390739e-05,3.5959979616672633,3.5959979616672633,False,0.027433291198282972,7.1755968061244385e-06,1.4930268986331244e+18,5.4145476213979816e+16,CONVERGED
S5,S5_tauq_1ns,Extended Relaxation Lag (tau_q=1ns),1.6762626262626263,911796.4065887061,1,4.6782390058968346e-06,1.4891297255075915e-06,1.4253445795096664,1.4253445795096664,False,0.24042560319413916,-1.124768434887302e-06,1.4930268986331244e+18,5.4145476213979816e+16,CONVERGED
S5,S5_tauq_1ns,Extended Relaxation Lag (tau_q=1ns),1.6762626262626263,911796.4065887061,2,1.1394663027133032e-06,3.627033891269363e-07,-1.4253567317756144,1.4253567317756144,False,4.159341347355189,-4.739429306795437e-06,1.4930268986331244e+18,5.4145476213979816e+16,CONVERGED
S5,S5_tauq_1ns,Extended Relaxation Lag (tau_q=1ns),1.6762626262626263,911796.4065887061,3,3.1415038827074957,0.9999717433505595,-0.9698921059369005,0.9698921059369005,False,-2.63765984576924,-0.00023414739232514395,1.4930268986331244e+18,5.4145476213979816e+16,CONVERGED
S5,S5_tauq_1ns,Extended Relaxation Lag (tau_q=1ns),1.6762626262626263,911796.4065887061,4,7.276446246221412e-05,2.3161647764572088e-05,4.813066558329776,4.813066558329776,False,0.008122912060359857,5.910593307430753e-07,1.4930268986331244e+18,5.4145476213979816e+16,CONVERGED
S5,S5_tauq_1ns,Extended Relaxation Lag (tau_q=1ns),1.6939393939393939,921411.6142508347,0,1.0263214305722234e-05,3.2668825775342968e-06,3.559377833145758,3.559377833145758,False,0.02845652391215324,2.9205540331659236e-07,1.3227745992673993e+19,8.457680100786422e+16,CONVERGED
S5,S5_tauq_1ns,Extended Relaxation Lag (tau_q=1ns),1.6939393939393939,921411.6142508347,1,8.20594155478575e-06,2.61203232233469e-06,1.4359554475535863,1.4359554475535863,False,0.2378879659154324,1.952094744932719e-06,1.3227745992673993e+19,8.457680100786422e+16,CONVERGED
S5,S5_tauq_1ns,Extended Relaxation Lag (tau_q=1ns),1.6939393939393939,921411.6142508347,2,2.0454252973438058e-07,6.51079093594953e-08,-1.43594862548797,1.43594862548797,False,4.203630789291189,-8.598212757109627e-07,1.3227745992673993e+19,8.457680100786422e+16,CONVERGED
S5,S5_tauq_1ns,Extended Relaxation Lag (tau_q=1ns),1.6939393939393939,921411.6142508347,3,3.141403600086632,0.999939822400926,-0.9406610870107472,0.9406610870107472,False,-2.5616743025393482,-0.0004842935066227935,1.3227745992673993e+19,8.457680100786422e+16,CONVERGED
S5,S5_tauq_1ns,Extended Relaxation Lag (tau_q=1ns),1.6939393939393939,921411.6142508347,4,1.0994076928816753e-05,3.4995233759074996e-06,4.827713657874812,4.827713657874812,False,0.00800480207560558,8.800540982270549e-08,1.3227745992673993e+19,8.457680100786422e+16,CONVERGED
S5,S5_tauq_1ns,Extended Relaxation Lag (tau_q=1ns),1.7116161616161616,931026.8219129633,0,5.257992582819911e-05,1.6736710205926214e-05,3.5209898439347596,3.5209898439347596,False,0.02957015080149026,1.5547963373038422e-06,2.386993788758154e+18,8.161953046902128e+16,CONVERGED
S5,S5_tauq_1ns,Extended Relaxation Lag (tau_q=1ns),1.7116161616161616,931026.8219129633,1,1.1394685736428551e-06,3.6270411198626353e-07,1.4445755911722211,1.4445755911722211,False,0.23584615050634686,-2.6873927671674147e-07,2.386993788758154e+18,8.161953046902128e+16,CONVERGED
S5,S5_tauq_1ns,Extended Relaxation Lag (tau_q=1ns),1.7116161616161616,931026.8219129633,2,1.312998439022735e-06,4.179403836848216e-07,-1.4445743218410132,1.4445743218410132,False,4.240046863267228,5.567174912856313e-06,2.386993788758154e+18,8.161953046902128e+16,CONVERGED
S5,S5_tauq_1ns,Extended Relaxation Lag (tau_q=1ns),1.7116161616161616,931026.8219129633,3,3.1414158334554156,0.9999437164031513,-0.9091544141270503,0.9091544141270503,False,-2.482222674457176,-0.00043890695142687975,2.386993788758154e+18,8.161953046902128e+16,CONVERGED
S5,S5_tauq_1ns,Extended Relaxation Lag (tau_q=1ns),1.7116161616161616,931026.8219129633,4,2.8886583168435702e-05,9.194885000583372e-06,4.842631279389037,4.842631279389037,False,0.007886275728719668,-2.2780755979024006e-07,2.386993788758154e+18,8.161953046902128e+16,CONVERGED
S5,S5_tauq_1ns,Extended Relaxation Lag (tau_q=1ns),1.7292929292929293,940642.0295750919,0,0.0008246451714053804,0.0002624927106520592,3.476892569008982,3.476892569008982,False,0.030903281323144533,2.54842475004798e-05,2.5921791969097884e+19,1.0678298837317984e+17,CONVERGED
S5,S5_tauq_1ns,Extended Relaxation Lag (tau_q=1ns),1.7292929292929293,940642.0295750919,1,1.992184791718553e-07,6.341321143090114e-08,1.4512447926879914,1.4512447926879914,False,0.2342784783733371,-4.6672602164233226e-08,2.5921791969097884e+19,1.0678298837317984e+17,CONVERGED
S5,S5_tauq_1ns,Extended Relaxation Lag (tau_q=1ns),1.7292929292929293,940642.0295750919,2,1.2104754742902315e-06,3.853063104495936e-07,-1.4512865883315464,1.4512865883315464,False,4.268602918457686,-5.167039142279258e-06,2.5921791969097884e+19,1.0678298837317984e+17,CONVERGED
S5,S5_tauq_1ns,Extended Relaxation Lag (tau_q=1ns),1.7292929292929293,940642.0295750919,3,3.141462241399821,0.999958488510653,-0.8737367447061277,0.8737367447061277,False,-2.395846794952743,0.0003124476291380961,2.5921791969097884e+19,1.0678298837317984e+17,CONVERGED
S5,S5_tauq_1ns,Extended Relaxation Lag (tau_q=1ns),1.7292929292929293,940642.0295750919,4,3.1039491630838476e-05,9.880177048214919e-06,4.857275724856223,4.857275724856223,False,0.007771627124931504,2.4122735517977886e-07,2.5921791969097884e+19,1.0678298837317984e+17,CONVERGED
S5,S5_tauq_1ns,Extended Relaxation Lag (tau_q=1ns),1.7469696969696968,950257.2372372204,0,0.0010157777416337857,0.0003233320973274783,3.4346034898417526,3.4346034898417526,False,0.03223817383625443,-3.274683067656358e-05,1.6339899228551273e+18,2.0156785260115293e+17,CONVERGED
S5,S5_tauq_1ns,Extended Relaxation Lag (tau_q=1ns),1.7469696969696968,950257.2372372204,1,4.446072202113301e-06,1.4152287366196004e-06,1.4561292757352158,1.4561292757352158,False,0.23313693929880208,-1.03654366510901e-06,1.6339899228551273e+18,2.0156785260115293e+17,CONVERGED
S5,S5_tauq_1ns,Extended Relaxation Lag (tau_q=1ns),1.7469696969696968,950257.2372372204,2,1.9165140069134e-06,6.10045355410245e-07,-1.4561273904875274,1.4561273904875274,False,4.289316475330028,8.220535105064479e-06,1.6339899228551273e+18,2.0156785260115293e+17,CONVERGED
S5,S5_tauq_1ns,Extended Relaxation Lag (tau_q=1ns),1.7469696969696968,950257.2372372204,3,3.140967449916658,0.9998009914899627,-0.8373035602682886,0.8373035602682886,False,-2.310128994682406,-0.0014443013210747925,1.6339899228551273e+18,2.0156785260115293e+17,CONVERGED
S5,S5_tauq_1ns,Extended Relaxation Lag (tau_q=1ns),1.7469696969696968,950257.2372372204,4,3.177478097799826e-05,1.0114226916621503e-05,4.871724084450901,4.871724084450901,False,0.007660147152111619,2.4339949809949884e-07,1.6339899228551273e+18,2.0156785260115293e+17,CONVERGED
S5,S5_tauq_1ns,Extended Relaxation Lag (tau_q=1ns),1.7646464646464646,959872.4448993491,0,0.5620901742144958,0.17891885937924323,3.1226521409773373,3.1226521409773373,False,0.037264317094726815,-0.023471493186407726,2.2058311025952502e+18,1.3736971157411885e+17,CONVERGED
S5,S5_tauq_1ns,Extended Relaxation Lag (tau_q=1ns),1.7646464646464646,959872.4448993491,1,1.3813830275053303e-06,4.397078742614419e-07,1.4591034880284763,1.4591034880284763,False,0.23244457068601246,-3.210949847816249e-07,2.2058311025952502e+18,1.3736971157411885e+17,CONVERGED
S5,S5_tauq_1ns,Extended Relaxation Lag (tau_q=1ns),1.7646464646464646,959872.4448993491,2,1.0026523530017078e-06,3.1915415636588354e-07,-1.4591027415139246,1.4591027415139246,False,4.3020977024026745,-4.313508384158728e-06,2.2058311025952502e+18,1.3736971157411885e+17,CONVERGED
S5,S5_tauq_1ns,Extended Relaxation Lag (tau_q=1ns),1.7646464646464646,959872.4448993491,3,2.440854671971987,0.7769481728265769,-1.3517000597699995,1.3517000597699995,False,-2.95350394412022,2.491430342592247,2.2058311025952502e+18,1.3736971157411885e+17,CONVERGED
S5,S5_tauq_1ns,Extended Relaxation Lag (tau_q=1ns),1.7646464646464646,959872.4448993491,4,1.112523142062498e-05,3.5412711472674696e-06,4.886123915328549,4.886123915328549,False,0.007550632719007963,8.40025363745721e-08,2.2058311025952502e+18,1.3736971157411885e+17,CONVERGED
S5,S5_tauq_1ns,Extended Relaxation Lag (tau_q=1ns),1.7823232323232323,969487.6525614776,0,0.5439063320683317,0.17313076265531374,3.099651379739455,3.099651379739455,False,0.03856176229183076,-0.023320304885040024,1.4223663362246766e+18,7.574402076213942e+16,CONVERGED
S5,S5_tauq_1ns,Extended Relaxation Lag (tau_q=1ns),1.7823232323232323,969487.6525614776,1,7.961080345469019e-06,2.5340905786662566e-06,1.460229358811697,1.460229358811697,False,0.23218301539437766,-1.848427640446961e-06,1.4223663362246766e+18,7.574402076213942e+16,CONVERGED
S5,S5_tauq_1ns,Extended Relaxation Lag (tau_q=1ns),1.7823232323232323,969487.6525614776,2,4.692838506499543e-06,1.4937768908827797e-06,-1.4602275235430868,1.4602275235430868,False,4.306939346927734,2.0211770812568837e-05,1.4223663362246766e+18,7.574402076213942e+16,CONVERGED
S5,S5_tauq_1ns,Extended Relaxation Lag (tau_q=1ns),1.7823232323232323,969487.6525614776,3,2.4169300688218716,0.7693327351208713,-1.3430782189962964,1.3430782189962964,False,-2.8682216515981738,2.539383201466251,1.4223663362246766e+18,7.574402076213942e+16,CONVERGED
S5,S5_tauq_1ns,Extended Relaxation Lag (tau_q=1ns),1.7823232323232323,969487.6525614776,4,8.802763323805966e-06,2.802006591703524e-06,4.900371603358145,4.900371603358145,False,0.007443816409442207,-6.552615407987538e-08,1.4223663362246766e+18,7.574402076213942e+16,CONVERGED
S5,S5_tauq_1ns,Extended Relaxation Lag (tau_q=1ns),1.8,979102.8602236061,0,0.5282903123108462,0.16816002918366468,3.0756229887726345,3.0756229887726345,False,0.03986775667084337,-0.0232677272864891,1.582386928984186e+18,7.478189475431419e+16,CONVERGED
S5,S5_tauq_1ns,Extended Relaxation Lag (tau_q=1ns),1.8,979102.8602236061,1,1.0135249485768933e-05,3.226150110259432e-06,1.4594873160792075,1.4594873160792075,False,0.23235536904796883,-2.354979634739714e-06,1.582386928984186e+18,7.478189475431419e+16,CONVERGED
S5,S5_tauq_1ns,Extended Relaxation Lag (tau_q=1ns),1.8,979102.8602236061,2,1.414550116088354e-06,4.502652864533519e-07,-1.4594997547211919,1.4594997547211919,False,4.3038060310994295,-6.087949320917517e-06,1.582386928984186e+18,7.478189475431419e+16,CONVERGED
S5,S5_tauq_1ns,Extended Relaxation Lag (tau_q=1ns),1.8,979102.8602236061,3,2.393163659470442,0.7617676520652205,-1.3343716012260571,1.3343716012260571,False,-2.7827313464231174,2.584228845911854,1.582386928984186e+18,7.478189475431419e+16,CONVERGED
S5,S5_tauq_1ns,Extended Relaxation Lag (tau_q=1ns),1.8,979102.8602236061,4,1.4011296711247574e-05,4.4599342614445355e-06,4.9145077630417955,4.9145077630417955,False,0.007339329692012675,-1.0283352598318816e-07,1.582386928984186e+18,7.478189475431419e+16,CONVERGED
S5,S5_tauth_01ps,Fast Retardation Lag (tau_theta=0.1ps),0.05,27197.301672877948,0,2.4510923293982424e-08,7.80206920396717e-09,3.1351271957219216,3.1351271957219216,False,0.04349422119858195,-1.0660835195299466e-09,4069179079853356.5,1.013096248843475e+17,CONVERGED
S5,S5_tauth_01ps,Fast Retardation Lag (tau_theta=0.1ps),0.05,27197.301672877948,1,0.27299466298399305,0.08689690010321713,-1.5037076740736124e-06,1.5037076740736124e-06,True,0.9629692532742871,0.2696168108042086,4069179079853356.5,1.013096248843475e+17,CONVERGED
S5,S5_tauth_01ps,Fast Retardation Lag (tau_theta=0.1ps),0.05,27197.301672877948,2,0.272995086902649,0.08689703504071625,1.2678020403625665e-06,1.2678020403625665e-06,True,0.9629664701039795,-0.2696164717791097,4069179079853356.5,1.013096248843475e+17,CONVERGED
S5,S5_tauth_01ps,Fast Retardation Lag (tau_theta=0.1ps),0.05,27197.301672877948,3,0.30864029929840275,0.09824325854140567,0.1914786830752977,0.1914786830752977,False,0.7867190604998253,-0.25082880229429144,4069179079853356.5,1.013096248843475e+17,CONVERGED
S5,S5_tauth_01ps,Fast Retardation Lag (tau_theta=0.1ps),0.05,27197.301672877948,4,0.32499620794651995,0.10344950596162034,0.10849444950420431,0.10849444950420431,False,0.8502180368462711,0.2864754696246993,4069179079853356.5,1.013096248843475e+17,CONVERGED
S5,S5_tauth_01ps,Fast Retardation Lag (tau_theta=0.1ps),0.06767676767676768,36812.509335006514,0,0.016110212524412332,0.005128039915042368,3.4585578452964407,3.4585578452964407,False,0.03147103687559311,-0.0005070489595062166,1.0072910742642794e+16,1.6079972840591232e+17,CONVERGED
S5,S5_tauth_01ps,Fast Retardation Lag (tau_theta=0.1ps),0.06767676767676768,36812.509335006514,1,0.36881881248892384,0.11739867422579019,1.5682674500181824e-07,1.5682674500181824e-07,True,0.932753684464709,-0.36051387000234725,1.0072910742642794e+16,1.6079972840591232e+17,CONVERGED
S5,S5_tauth_01ps,Fast Retardation Lag (tau_theta=0.1ps),0.06767676767676768,36812.509335006514,2,0.3688175192814491,0.1173982625850661,2.8549052922555656e-06,2.8549052922555656e-06,True,0.9327516340425916,0.3605116910678371,1.0072910742642794e+16,1.6079972840591232e+17,CONVERGED
S5,S5_tauth_01ps,Fast Retardation Lag (tau_theta=0.1ps),0.06767676767676768,36812.509335006514,3,2.191313480970066e-08,6.975167447205879e-09,3.1413277936403436,3.1413277936403436,False,0.04322536541585825,-9.472032595562747e-10,1.0072910742642794e+16,1.6079972840591232e+17,CONVERGED
S5,S5_tauth_01ps,Fast Retardation Lag (tau_theta=0.1ps),0.06767676767676768,36812.509335006514,4,1.0514957799014841,0.3347015020231776,0.05891422316502519,0.05891422316502519,False,0.4678800645221915,0.8184966523968362,1.0072910742642794e+16,1.6079972840591232e+17,CONVERGED
S5,S5_tauth_01ps,Fast Retardation Lag (tau_theta=0.1ps),0.08535353535353535,46427.71699713508,0,1.2127467731726954e-08,3.860292873383601e-09,-3.149266308802888,3.149266308802888,False,23.318949395182766,-2.827998063278528e-07,2.0160220767251308e+16,7.224382499973275e+16,CONVERGED
S5,S5_tauth_01ps,Fast Retardation Lag (tau_theta=0.1ps),0.08535353535353535,46427.71699713508,1,0.4640512948204923,0.1477121148377516,-5.551182951590772e-09,5.551182951590772e-09,True,0.8942465893031427,0.44757462910900386,2.0160220767251308e+16,7.224382499973275e+16,CONVERGED
S5,S5_tauth_01ps,Fast Retardation Lag (tau_theta=0.1ps),0.08535353535353535,46427.71699713508,2,0.46405003653357857,0.1477117143125873,3.228697530660237e-06,3.228697530660237e-06,True,0.894244260266708,-0.4475720563281803,2.0160220767251308e+16,7.224382499973275e+16,CONVERGED
S5,S5_tauth_01ps,Fast Retardation Lag (tau_theta=0.1ps),0.08535353535353535,46427.71699713508,3,0.4062204985771184,0.12930400066760525,-0.4381960656432919,0.4381960656432919,False,1.4237784471652368,-0.6124313041711879,2.0160220767251308e+16,7.224382499973275e+16,CONVERGED
S5,S5_tauth_01ps,Fast Retardation Lag (tau_theta=0.1ps),0.08535353535353535,46427.71699713508,4,0.5803472821727343,0.1847302773354753,-0.4282089823756333,0.4282089823756333,False,1.2832654445361664,0.8413921264223927,2.0160220767251308e+16,7.224382499973275e+16,CONVERGED
S5,S5_tauth_01ps,Fast Retardation Lag (tau_theta=0.1ps),0.10303030303030303,56042.924659263655,0,1.635977955479135e-08,5.20747956807754e-09,-3.158852648727764,3.158852648727764,False,23.543567684252114,-3.851675772476741e-07,3.53619536910644e+16,6.445021603822559e+16,CONVERGED
S5,S5_tauth_01ps,Fast Retardation Lag (tau_theta=0.1ps),0.10303030303030303,56042.924659263655,1,0.5585637746084164,0.17779637152199354,-1.3372039607913768e-05,1.3372039607913768e-05,True,0.8480284798160689,0.5299758879965099,3.53619536910644e+16,6.445021603822559e+16,CONVERGED
S5,S5_tauth_01ps,Fast Retardation Lag (tau_theta=0.1ps),0.10303030303030303,56042.924659263655,2,0.5585508521054252,0.1777922581615372,5.523242670302823e-07,5.523242670302823e-07,True,0.8480235200899806,-0.5299575499285526,3.53619536910644e+16,6.445021603822559e+16,CONVERGED
S5,S5_tauth_01ps,Fast Retardation Lag (tau_theta=0.1ps),0.10303030303030303,56042.924659263655,3,1.329432186250793e-05,4.231714078945579e-06,-3.119843995655737,3.119843995655737,False,22.642846983130454,0.000301021295694987,3.53619536910644e+16,6.445021603822559e+16,CONVERGED
S5,S5_tauth_01ps,Fast Retardation Lag (tau_theta=0.1ps),0.10303030303030303,56042.924659263655,4,9.673694116719376e-07,3.0792324732697504e-07,3.158851650876404,3.158851650876404,False,0.042474488627323594,4.1088521074493247e-08,3.53619536910644e+16,6.445021603822559e+16,CONVERGED
S5,S5_tauth_01ps,Fast Retardation Lag (tau_theta=0.1ps),0.12070707070707071,65658.13232139223,0,2.7030501710206906e-08,8.60407592286672e-09,-3.1699837754090296,3.1699837754090296,False,23.807098092866436,6.435178057142899e-07,5.668144200053116e+16,2.4108031683326944e+17,CONVERGED
S5,S5_tauth_01ps,Fast Retardation Lag (tau_theta=0.1ps),0.12070707070707071,65658.13232139223,1,0.6522410170997778,0.20761476391743014,-1.3714404955800631e-06,1.3714404955800631e-06,True,0.7947266574916949,0.6069697544003582,5.668144200053116e+16,2.4108031683326944e+17,CONVERGED
S5,S5_tauth_01ps,Fast Retardation Lag (tau_theta=0.1ps),0.12070707070707071,65658.13232139223,2,0.6522388359926238,0.2076140696494602,-2.6377487577229853e-07,2.6377487577229853e-07,True,0.7947271010635036,-0.6069673486976794,5.668144200053116e+16,2.4108031683326944e+17,CONVERGED
S5,S5_tauth_01ps,Fast Retardation Lag (tau_theta=0.1ps),0.12070707070707071,65658.13232139223,3,1.3268545204274621e-05,4.2235091137971366e-06,-3.092011177103715,3.092011177103715,False,22.021322246477034,0.000292190909702426,5.668144200053116e+16,2.4108031683326944e+17,CONVERGED
S5,S5_tauth_01ps,Fast Retardation Lag (tau_theta=0.1ps),0.12070707070707071,65658.13232139223,4,1.6047058215087354e-07,5.107937274029119e-08,3.1699837505418733,3.1699837505418733,False,0.042004280444695764,6.7404513357889405e-09,5.668144200053116e+16,2.4108031683326944e+17,CONVERGED
S5,S5_tauth_01ps,Fast Retardation Lag (tau_theta=0.1ps),0.1383838383838384,75273.3399835208,0,1.4581259742226701e-05,4.64135912896447e-06,3.1752229248034807,3.1752229248034807,False,0.04178478817644975,-6.092748497179169e-07,8.509310338678186e+16,4.4859281317158304e+17,CONVERGED
S5,S5_tauth_01ps,Fast Retardation Lag (tau_theta=0.1ps),0.1383838383838384,75273.3399835208,1,0.7449961079559914,0.23713962633083865,4.592392657866415e-08,4.592392657866415e-08,True,0.7350905073136533,0.677968918321118,8.509310338678186e+16,4.4859281317158304e+17,CONVERGED
S5,S5_tauth_01ps,Fast Retardation Lag (tau_theta=0.1ps),0.1383838383838384,75273.3399835208,2,0.7449956774364322,0.2371394892922068,1.092324572423903e-06,1.092324572423903e-06,True,0.7350900299933805,-0.6779678924238024,8.509310338678186e+16,4.4859281317158304e+17,CONVERGED
S5,S5_tauth_01ps,Fast Retardation Lag (tau_theta=0.1ps),0.1383838383838384,75273.3399835208,3,1.3112436095948577e-05,4.17381804129362e-06,-3.0620268283924688,3.0620268283924688,False,21.370828295357086,0.0002802236203564196,8.509310338678186e+16,4.4859281317158304e+17,CONVERGED
S5,S5_tauth_01ps,Fast Retardation Lag (tau_theta=0.1ps),0.1383838383838384,75273.3399835208,4,4.4526892074340645e-08,1.4173349948301302e-08,3.1825474123042254,3.1825474123042254,False,0.04147985412822839,1.84696898802702e-09,8.509310338678186e+16,4.4859281317158304e+17,CONVERGED
S5,S5_tauth_01ps,Fast Retardation Lag (tau_theta=0.1ps),0.15606060606060607,84888.54764564935,0,1.3749523891462953e-05,4.376609384972883e-06,3.1763554897223614,3.1763554897223614,False,0.04173749098033849,-5.73870629440047e-07,1.2152383263622694e+17,8.3063042919289e+16,CONVERGED
S5,S5_tauth_01ps,Fast Retardation Lag (tau_theta=0.1ps),0.15606060606060607,84888.54764564935,1,0.8367622398126414,0.2663496933176557,2.709664318738752e-07,2.709664318738752e-07,True,0.6698701174304639,0.7424779349185938,1.2152383263622694e+17,8.3063042919289e+16,CONVERGED
S5,S5_tauth_01ps,Fast Retardation Lag (tau_theta=0.1ps),0.15606060606060607,84888.54764564935,2,0.8367572621669619,0.26634810888382593,4.261502420381957e-06,4.261502420381957e-06,True,0.6698711400640244,-0.7424716376675975,1.2152383263622694e+17,8.3063042919289e+16,CONVERGED
S5,S5_tauth_01ps,Fast Retardation Lag (tau_theta=0.1ps),0.15606060606060607,84888.54764564935,3,1.0969240314117523e-05,3.491617635909397e-06,-3.0346911116633013,3.0346911116633013,False,20.794553710988904,0.0002281004568898103,1.2152383263622694e+17,8.3063042919289e+16,CONVERGED
S5,S5_tauth_01ps,Fast Retardation Lag (tau_theta=0.1ps),0.15606060606060607,84888.54764564935,4,5.477218714909736e-07,1.7434528657466465e-07,3.196425764852936,3.196425764852936,False,0.04090815836275414,2.2406293057699063e-08,1.2152383263622694e+17,8.3063042919289e+16,CONVERGED
S5,S5_tauth_01ps,Fast Retardation Lag (tau_theta=0.1ps),0.17373737373737375,94503.75530777793,0,1.3099591920328713e-05,4.169729613213937e-06,3.177177024728546,3.177177024728546,False,0.04170321625166429,-5.462951146932706e-07,1.6690508421920915e+17,5.46099914662029e+16,CONVERGED
S5,S5_tauth_01ps,Fast Retardation Lag (tau_theta=0.1ps),0.17373737373737375,94503.75530777793,1,0.9274731724431314,0.29522387995889243,-4.979162702560702e-07,4.979162702560702e-07,True,0.5998579256261477,-0.8001071583835077,1.6690508421920915e+17,5.46099914662029e+16,CONVERGED
S5,S5_tauth_01ps,Fast Retardation Lag (tau_theta=0.1ps),0.17373737373737375,94503.75530777793,2,0.9274711658566234,0.29522324124256943,1.5719544801757953e-06,1.5719544801757953e-06,True,0.5998582894787563,0.8001042986008776,1.6690508421920915e+17,5.46099914662029e+16,CONVERGED
S5,S5_tauth_01ps,Fast Retardation Lag (tau_theta=0.1ps),0.17373737373737375,94503.75530777793,3,5.2987673975276445e-08,1.6866500472214053e-08,-3.2114995056324434,3.2114995056324434,False,24.816270475977976,1.3149564492634006e-06,1.6690508421920915e+17,5.46099914662029e+16,CONVERGED
S5,S5_tauth_01ps,Fast Retardation Lag (tau_theta=0.1ps),0.17373737373737375,94503.75530777793,4,9.641471796666284e-06,3.068975790241073e-06,-3.001000319536841,3.001000319536841,False,20.105638929784575,0.00019384795070148024,1.6690508421920915e+17,5.46099914662029e+16,CONVERGED
S5,S5_tauth_01ps,Fast Retardation Lag (tau_theta=0.1ps),0.19141414141414143,104118.96296990648,0,1.2578661201484468e-05,4.0039122153889845e-06,3.17820859717101,3.17820859717101,False,0.04166021854473348,-5.240297746816405e-07,2.2215051898933597e+17,6.044525133691792e+16,CONVERGED
S5,S5_tauth_01ps,Fast Retardation Lag (tau_theta=0.1ps),0.19141414141414143,104118.96296990648,1,1.017093775437729,0.32375100389782546,-4.826829158111347e-06,4.826829158111347e-06,True,0.5258426929656298,-0.8505875122287931,2.2215051898933597e+17,6.044525133691792e+16,CONVERGED
S5,S5_tauth_01ps,Fast Retardation Lag (tau_theta=0.1ps),0.19141414141414143,104118.96296990648,2,1.017096862959987,0.32375198668668403,6.120897319851245e-07,6.120897319851245e-07,True,0.5258372067615524,0.8505845095030203,2.2215051898933597e+17,6.044525133691792e+16,CONVERGED
S5,S5_tauth_01ps,Fast Retardation Lag (tau_theta=0.1ps),0.19141414141414143,104118.96296990648,3,3.644166495986469e-07,1.1599742225722362e-07,3.2276477121650853,3.2276477121650853,False,0.03965065893836284,-1.4449360284697466e-08,2.2215051898933597e+17,6.044525133691792e+16,CONVERGED
S5,S5_tauth_01ps,Fast Retardation Lag (tau_theta=0.1ps),0.19141414141414143,104118.96296990648,4,9.198357638219889e-06,2.9279281728995745e-06,-2.9669833234308616,2.9669833234308616,False,19.433207380482443,0.00017875359154841323,2.2215051898933597e+17,6.044525133691792e+16,CONVERGED
S5,S5_tauth_01ps,Fast Retardation Lag (tau_theta=0.1ps),0.2090909090909091,113734.17063203505,0,1.3047420254151897e-05,4.1531228560911755e-06,3.179098775708626,3.179098775708626,False,0.04162315001331581,-5.430747305561563e-07,2.879964864960343e+17,2.1893767216745494e+17,CONVERGED
S5,S5_tauth_01ps,Fast Retardation Lag (tau_theta=0.1ps),0.2090909090909091,113734.17063203505,1,1.1056233878378448,0.3519308547448014,-4.6947468779406545e-06,4.6947468779406545e-06,True,0.448579477270679,-0.8937481983810662,2.879964864960343e+17,2.1893767216745494e+17,CONVERGED
S5,S5_tauth_01ps,Fast Retardation Lag (tau_theta=0.1ps),0.2090909090909091,113734.17063203505,2,1.1056100943278684,0.35192662328915386,-1.7741585253862806e-06,1.7741585253862806e-06,True,0.4485900481328515,0.8937396248569893,2.879964864960343e+17,2.1893767216745494e+17,CONVERGED
S5,S5_tauth_01ps,Fast Retardation Lag (tau_theta=0.1ps),0.2090909090909091,113734.17063203505,3,1.7341438926808882e-05,5.519951451055692e-06,-2.92951788163224,2.92951788163224,False,18.718603735369143,0.00032460752350457983,2.879964864960343e+17,2.1893767216745494e+17,CONVERGED
S5,S5_tauth_01ps,Fast Retardation Lag (tau_theta=0.1ps),0.2090909090909091,113734.17063203505,4,1.928413088312449e-07,6.138329506560679e-08,-3.244757426483865,3.244757426483865,False,25.655485963919432,-4.947437491983917e-06,2.879964864960343e+17,2.1893767216745494e+17,CONVERGED
S5,S5_tauth_01ps,Fast Retardation Lag (tau_theta=0.1ps),0.22676767676767678,123349.37829416365,0,1.2288798516520328e-05,3.911646057129121e-06,3.179861907593746,3.179861907593746,False,0.04159139817774138,-5.111083122523628e-07,3.651184558308133e+17,4.5820348625705005e+17,CONVERGED
S5,S5_tauth_01ps,Fast Retardation Lag (tau_theta=0.1ps),0.22676767676767678,123349.37829416365,1,1.1930107518742374,0.37974711664512706,1.3832948564016389e-05,1.3832948564016389e-05,True,0.36885800096833965,-0.9294708761479349,3.651184558308133e+17,4.5820348625705005e+17,CONVERGED
S5,S5_tauth_01ps,Fast Retardation Lag (tau_theta=0.1ps),0.22676767676767678,123349.37829416365,2,1.1930090313259922,0.37974656897761094,1.3567127298919135e-05,1.3567127298919135e-05,True,0.368859698218017,0.9294704885815612,3.651184558308133e+17,4.5820348625705005e+17,CONVERGED
S5,S5_tauth_01ps,Fast Retardation Lag (tau_theta=0.1ps),0.22676767676767678,123349.37829416365,3,1.3415021558398753e-05,4.270133985407005e-06,-2.88934227914936,2.88934227914936,False,17.981478916105566,0.00024122192732591914,3.651184558308133e+17,4.5820348625705005e+17,CONVERGED
S5,S5_tauth_01ps,Fast Retardation Lag (tau_theta=0.1ps),0.22676767676767678,123349.37829416365,4,2.3118419680721995e-07,7.358821537319725e-08,-3.262714954027487,3.262714954027487,False,26.120356530487538,-6.038613644819091e-06,3.651184558308133e+17,4.5820348625705005e+17,CONVERGED
S5,S5_tauth_01ps,Fast Retardation Lag (tau_theta=0.1ps),0.24444444444444446,132964.58595629223,0,1.1262113031960151e-05,3.5848419173922214e-06,3.1804740299596284,3.1804740299596284,False,0.04156594694362067,-4.681203927793059e-07,4.54990652773242e+17,1.9016736736476106e+17,CONVERGED
S5,S5_tauth_01ps,Fast Retardation Lag (tau_theta=0.1ps),0.24444444444444446,132964.58595629223,1,1.2792833465665607,0.4072085364424208,3.4829615921539257e-06,3.4829615921539257e-06,True,0.28740070029407155,0.9578068028425957,4.54990652773242e+17,1.9016736736476106e+17,CONVERGED
S5,S5_tauth_01ps,Fast Retardation Lag (tau_theta=0.1ps),0.24444444444444446,132964.58595629223,2,1.2792890557659136,0.407210353737017,-4.319521630285938e-06,4.319521630285938e-06,True,0.28739747438463276,-0.957815916968345,4.54990652773242e+17,1.9016736736476106e+17,CONVERGED
S5,S5_tauth_01ps,Fast Retardation Lag (tau_theta=0.1ps),0.24444444444444446,132964.58595629223,3,5.977212932570073e-06,1.9026059682626616e-06,-2.8467936080038965,2.8467936080038965,False,17.23243920743785,0.00010300195849165174,4.54990652773242e+17,1.9016736736476106e+17,CONVERGED
S5,S5_tauth_01ps,Fast Retardation Lag (tau_theta=0.1ps),0.24444444444444446,132964.58595629223,4,1.391216075275767e-06,4.428378305780893e-07,3.2814148958296934,3.2814148958296934,False,0.037575054390319225,-5.227501969720711e-08,4.54990652773242e+17,1.9016736736476106e+17,CONVERGED
S5,S5_tauth_01ps,Fast Retardation Lag (tau_theta=0.1ps),0.2621212121212121,142579.79361842075,0,1.535535439438904e-05,4.887761109589745e-06,3.1809393462168924,3.1809393462168924,False,0.041546610129711246,-6.379629224773709e-07,5.571456922284326e+17,6.355168096899642e+16,CONVERGED
S5,S5_tauth_01ps,Fast Retardation Lag (tau_theta=0.1ps),0.2621212121212121,142579.79361842075,1,1.3644524932495719,0.43431871782946063,4.394260593234047e-06,4.394260593234047e-06,True,0.20488177038704758,-0.9787822391525612,5.571456922284326e+17,6.355168096899642e+16,CONVERGED
S5,S5_tauth_01ps,Fast Retardation Lag (tau_theta=0.1ps),0.2621212121212121,142579.79361842075,2,1.3644505135090699,0.4343180876584868,-1.5126105469682017e-06,1.5126105469682017e-06,True,0.20488491834672437,0.9787876150931447,5.571456922284326e+17,6.355168096899642e+16,CONVERGED
S5,S5_tauth_01ps,Fast Retardation Lag (tau_theta=0.1ps),0.2621212121212121,142579.79361842075,3,4.5270631076157476e-05,1.4410089425320064e-05,-2.8024443870543463,2.8024443870543463,False,16.484893004552593,0.0007462815100488468,5.571456922284326e+17,6.355168096899642e+16,CONVERGED
S5,S5_tauth_01ps,Fast Retardation Lag (tau_theta=0.1ps),0.2621212121212121,142579.79361842075,4,8.734942057608204e-07,2.7804184121792736e-07,3.3007602751521343,3.3007602751521343,False,0.03685513670239087,3.219274836206956e-08,5.571456922284326e+17,6.355168096899642e+16,CONVERGED
S5,S5_tauth_01ps,Fast Retardation Lag (tau_theta=0.1ps),0.27979797979797977,152195.0012805493,0,9.722321945968231e-06,3.094711192063318e-06,3.181045662466317,3.181045662466317,False,0.041542193287675507,-4.038865774971473e-07,6.733677073835756e+17,3.42269144403905e+17,CONVERGED
S5,S5_tauth_01ps,Fast Retardation Lag (tau_theta=0.1ps),0.27979797979797977,152195.0012805493,1,1.4485395943965642,0.4610844734250847,3.4867717973558274e-06,3.4867717973558274e-06,True,0.12195197874408287,-0.992532488818942,6.733677073835756e+17,3.42269144403905e+17,CONVERGED
S5,S5_tauth_01ps,Fast Retardation Lag (tau_theta=0.1ps),0.27979797979797977,152195.0012805493,2,1.4485440423766573,0.4610858892611219,6.656626080373833e-07,6.656626080373833e-07,True,0.12194790800600319,0.9925358312971021,6.733677073835756e+17,3.42269144403905e+17,CONVERGED
S5,S5_tauth_01ps,Fast Retardation Lag (tau_theta=0.1ps),0.27979797979797977,152195.0012805493,3,2.8767831017769597e-06,9.157085017020764e-07,-2.7550115057926243,2.7550115057926243,False,15.721221786815615,-4.522654517572371e-05,6.733677073835756e+17,3.42269144403905e+17,CONVERGED
S5,S5_tauth_01ps,Fast Retardation Lag (tau_theta=0.1ps),0.27979797979797977,152195.0012805493,4,1.2941507058388316e-06,4.119409638802309e-07,3.320660529352226,3.320660529352226,False,0.036128959632462966,4.6756318609600706e-08,6.733677073835756e+17,3.42269144403905e+17,CONVERGED
S5,S5_tauth_01ps,Fast Retardation Lag (tau_theta=0.1ps),0.29747474747474745,161810.20894267788,0,1.0942457249889293e-05,3.483092321783256e-06,3.1808571009573745,3.1808571009573745,False,0.04155002728437475,-4.54659397309151e-07,8.043660621655264e+17,5.330553413522996e+16,CONVERGED
S5,S5_tauth_01ps,Fast Retardation Lag (tau_theta=0.1ps),0.29747474747474745,161810.20894267788,1,1.5315798442301052,0.4875170058982726,5.922028080757676e-06,5.922028080757676e-06,True,0.03920619910628936,0.999225214836784,8.043660621655264e+17,5.330553413522996e+16,CONVERGED
S5,S5_tauth_01ps,Fast Retardation Lag (tau_theta=0.1ps),0.29747474747474745,161810.20894267788,2,1.5315722837640762,0.48751459932719143,-6.876052702468306e-06,6.876052702468306e-06,True,0.03921425557746013,-0.9992377066341478,8.043660621655264e+17,5.330553413522996e+16,CONVERGED
S5,S5_tauth_01ps,Fast Retardation Lag (tau_theta=0.1ps),0.29747474747474745,161810.20894267788,3,9.443208176740145e-06,3.005866519947997e-06,-2.7056509786928986,2.7056509786928986,False,14.964054800698673,0.0001413086846553457,8.043660621655264e+17,5.330553413522996e+16,CONVERGED
S5,S5_tauth_01ps,Fast Retardation Lag (tau_theta=0.1ps),0.29747474747474745,161810.20894267788,4,5.674038139121295e-07,1.806102434266187e-07,-3.341032763919009,3.341032763919009,False,28.248285455752274,1.6028184904074097e-05,8.043660621655264e+17,5.330553413522996e+16,CONVERGED
S5,S5_tauth_01ps,Fast Retardation Lag (tau_theta=0.1ps),0.3151515151515151,171425.41660480644,0,7.921219098596236e-06,2.521402349711037e-06,3.180311074240903,3.180311074240903,False,0.04157272090562438,-3.293066308251304e-07,9.489347577476261e+17,7.309886629798669e+16,CONVERGED
S5,S5_tauth_01ps,Fast Retardation Lag (tau_theta=0.1ps),0.3151515151515151,171425.41660480644,1,1.61357021070545,0.5136153501192069,7.814529662579354e-08,7.814529662579354e-08,True,-0.042760838542462265,0.9990852588225714,9.489347577476261e+17,7.309886629798669e+16,CONVERGED
S5,S5_tauth_01ps,Fast Retardation Lag (tau_theta=0.1ps),0.3151515151515151,171425.41660480644,2,1.6135805386002657,0.5136186375902303,-2.027801786109341e-06,2.027801786109341e-06,True,-0.04277124706153484,-0.9990869211618163,9.489347577476261e+17,7.309886629798669e+16,CONVERGED
S5,S5_tauth_01ps,Fast Retardation Lag (tau_theta=0.1ps),0.3151515151515151,171425.41660480644,3,1.2720369892553365e-05,4.04901949271438e-06,-2.6543935555897775,2.6543935555897775,False,14.216362010166348,-0.00018083738330551308,9.489347577476261e+17,7.309886629798669e+16,CONVERGED
S5,S5_tauth_01ps,Fast Retardation Lag (tau_theta=0.1ps),0.3151515151515151,171425.41660480644,4,7.046612055642226e-07,2.2430062814128043e-07,-3.361799232366522,3.361799232366522,False,28.84103594994984,-2.0323159162216103e-05,9.489347577476261e+17,7.309886629798669e+16,CONVERGED
S5,S5_tauth_01ps,Fast Retardation Lag (tau_theta=0.1ps),0.3328282828282828,181040.62426693502,0,1.179898465803839e-05,3.7557334635844924e-06,3.179235772245904,3.179235772245904,False,0.04161744817711373,-4.910436325712597e-07,1.1101728950479931e+18,7.0784143111265016e+16,CONVERGED
S5,S5_tauth_01ps,Fast Retardation Lag (tau_theta=0.1ps),0.3328282828282828,181040.62426693502,1,1.6945894091258797,0.5394045619471158,5.93764811888672e-06,5.93764811888672e-06,True,-0.12347640881484118,0.9923415244967145,1.1101728950479931e+18,7.0784143111265016e+16,CONVERGED
S5,S5_tauth_01ps,Fast Retardation Lag (tau_theta=0.1ps),0.3328282828282828,181040.62426693502,2,1.694592914869579,0.5394056778599938,2.8975453507320886e-06,2.8975453507320886e-06,True,-0.12348026310124838,-0.9923441084374596,1.1101728950479931e+18,7.0784143111265016e+16,CONVERGED
S5,S5_tauth_01ps,Fast Retardation Lag (tau_theta=0.1ps),0.3328282828282828,181040.62426693502,3,1.8482109315812848e-05,5.883038112752765e-06,-2.600514068263853,2.600514068263853,False,13.470661092447791,0.000248966230895235,1.1101728950479931e+18,7.0784143111265016e+16,CONVERGED
S5,S5_tauth_01ps,Fast Retardation Lag (tau_theta=0.1ps),0.3328282828282828,181040.62426693502,4,3.3836172493115933e-07,1.0770388215178841e-07,-3.38289334312668,3.38289334312668,False,29.455873888409062,-9.966740298237167e-06,1.1101728950479931e+18,7.0784143111265016e+16,CONVERGED
S5,S5_tauth_01ps,Fast Retardation Lag (tau_theta=0.1ps),0.3505050505050505,190655.83192906357,0,1.646890045445002e-05,5.242213829228164e-06,3.1776506488261824,3.1776506488261824,False,0.04168346927811209,-6.864809061994172e-07,1.290787080319374e+18,4.803320017955402e+16,CONVERGED
S5,S5_tauth_01ps,Fast Retardation Lag (tau_theta=0.1ps),0.3505050505050505,190655.83192906357,1,1.7746383607674927,0.5648849346332895,-1.662220280179838e-05,1.662220280179838e-05,True,-0.20243666923462367,0.9793123301109797,1.290787080319374e+18,4.803320017955402e+16,CONVERGED
S5,S5_tauth_01ps,Fast Retardation Lag (tau_theta=0.1ps),0.3505050505050505,190655.83192906357,2,1.7746340078812142,0.5648835490665536,-2.821321544182438e-05,2.821321544182438e-05,True,-0.20243475280768164,-0.9793245625830986,1.290787080319374e+18,4.803320017955402e+16,CONVERGED
S5,S5_tauth_01ps,Fast Retardation Lag (tau_theta=0.1ps),0.3505050505050505,190655.83192906357,3,5.082367442215396e-05,1.617767802075786e-05,-2.5447567291579953,2.5447567291579953,False,12.740128390831023,0.0006475001379895437,1.290787080319374e+18,4.803320017955402e+16,CONVERGED
S5,S5_tauth_01ps,Fast Retardation Lag (tau_theta=0.1ps),0.3505050505050505,190655.83192906357,4,5.879563494659765e-06,1.8715231867955205e-06,3.4042519633818453,3.4042519633818453,False,0.03323166929171103,-1.953877096364016e-07,1.290787080319374e+18,4.803320017955402e+16,CONVERGED
S5,S5_tauth_01ps,Fast Retardation Lag (tau_theta=0.1ps),0.36818181818181817,200271.03959119215,0,7.112415540823535e-06,2.2639521812913636e-06,3.1754478710104945,3.1754478710104945,False,0.041775389907315455,-2.9712393240576327e-07,1.47494461605172e+18,1.0884162078440723e+17,CONVERGED
S5,S5_tauth_01ps,Fast Retardation Lag (tau_theta=0.1ps),0.36818181818181817,200271.03959119215,1,1.8537814351545383,0.5900769576336652,8.51796859577986e-07,8.51796859577986e-07,True,-0.2792230298010491,0.9602253881440828,1.47494461605172e+18,1.0884162078440723e+17,CONVERGED
S5,S5_tauth_01ps,Fast Retardation Lag (tau_theta=0.1ps),0.36818181818181817,200271.03959119215,2,1.8538062314301194,0.5900848505333233,-2.2502117076384966e-05,2.2502117076384966e-05,True,-0.279253361311364,-0.9602408892789159,1.47494461605172e+18,1.0884162078440723e+17,CONVERGED
S5,S5_tauth_01ps,Fast Retardation Lag (tau_theta=0.1ps),0.36818181818181817,200271.03959119215,3,1.279375910402043e-05,4.072380004263579e-06,-2.4869297438595894,2.4869297438595894,False,12.024301701901795,-0.00015383601937658776,1.47494461605172e+18,1.0884162078440723e+17,CONVERGED
S5,S5_tauth_01ps,Fast Retardation Lag (tau_theta=0.1ps),0.36818181818181817,200271.03959119215,4,1.081201929440308e-05,3.441572631018393e-06,3.425825009863692,3.425825009863692,False,0.032522438583476816,-3.5163323347929244e-07,1.47494461605172e+18,1.0884162078440723e+17,CONVERGED
S5,S5_tauth_01ps,Fast Retardation Lag (tau_theta=0.1ps),0.38585858585858585,209886.2472533207,0,1.691849304411798e-05,5.385323595274449e-06,3.1725156422612115,3.1725156422612115,False,0.04189806466902025,-7.088521157324572e-07,1.696011155227353e+18,5.2111659813367704e+16,CONVERGED
S5,S5_tauth_01ps,Fast Retardation Lag (tau_theta=0.1ps),0.38585858585858585,209886.2472533207,1,1.9320883624416787,0.6150028267458373,1.7698731002933077e-05,1.7698731002933077e-05,True,-0.3534768948131865,0.9354243357951002,1.696011155227353e+18,5.2111659813367704e+16,CONVERGED
S5,S5_tauth_01ps,Fast Retardation Lag (tau_theta=0.1ps),0.38585858585858585,209886.2472533207,2,1.9320855461810318,0.6150019303022313,-2.6941840888455484e-06,2.6941840888455484e-06,True,-0.35348146885711973,-0.9354444075183239,1.696011155227353e+18,5.2111659813367704e+16,CONVERGED
S5,S5_tauth_01ps,Fast Retardation Lag (tau_theta=0.1ps),0.38585858585858585,209886.2472533207,3,5.066221442284222e-05,1.6126283706753705e-05,-2.4268884145340617,2.4268884145340617,False,11.323592864235337,0.0005736782902156691,1.696011155227353e+18,5.2111659813367704e+16,CONVERGED
S5,S5_tauth_01ps,Fast Retardation Lag (tau_theta=0.1ps),0.38585858585858585,209886.2472533207,4,2.2331454834820496e-05,7.1083228467901744e-06,3.4475650676615803,3.4475650676615803,False,0.03182302903146281,-7.106545356414261e-07,1.696011155227353e+18,5.2111659813367704e+16,CONVERGED
S5,S5_tauth_01ps,Fast Retardation Lag (tau_theta=0.1ps),0.4035353535353535,219501.45491544926,0,1.080527448445303e-05,3.439425691330862e-06,3.1687489807628815,3.1687489807628815,False,0.04205617809255385,-4.544285480747701e-07,1.9184662356713262e+18,5.3526911671012e+16,CONVERGED
S5,S5_tauth_01ps,Fast Retardation Lag (tau_theta=0.1ps),0.4035353535353535,219501.45491544926,1,2.009535885894633,0.6396551391213635,1.8399456748201454e-06,1.8399456748201454e-06,True,-0.4247979594137978,-0.9052861502272608,1.9184662356713262e+18,5.3526911671012e+16,CONVERGED
S5,S5_tauth_01ps,Fast Retardation Lag (tau_theta=0.1ps),0.4035353535353535,219501.45491544926,2,2.009533323526039,0.6396543234941081,-3.917149504191004e-06,3.917149504191004e-06,True,-0.42479808533157287,0.9052924505530389,1.9184662356713262e+18,5.3526911671012e+16,CONVERGED
S5,S5_tauth_01ps,Fast Retardation Lag (tau_theta=0.1ps),0.4035353535353535,219501.45491544926,3,1.2105004304737199e-05,3.853142542495194e-06,-2.364585289958839,2.364585289958839,False,10.63962554213226,0.00012879271299459356,1.9184662356713262e+18,5.3526911671012e+16,CONVERGED
S5,S5_tauth_01ps,Fast Retardation Lag (tau_theta=0.1ps),0.4035353535353535,219501.45491544926,4,8.311741293503503e-07,2.6457094251242134e-07,3.4694199668465613,3.4694199668465613,False,0.031135084805965222,-2.5878677005853424e-08,1.9184662356713262e+18,5.3526911671012e+16,CONVERGED
S5,S5_tauth_01ps,Fast Retardation Lag (tau_theta=0.1ps),0.4212121212121212,229116.66257757787,0,3.0277196836844328e-05,9.637531079100145e-06,3.164078049527818,3.164078049527818,False,0.04225307908908829,-1.2793047929339938e-06,2.1647661398653476e+18,2.5494407478908016e+17,CONVERGED
S5,S5_tauth_01ps,Fast Retardation Lag (tau_theta=0.1ps),0.4212121212121212,229116.66257757787,1,2.0862224017461424,0.6640652152538891,3.596241805864985e-06,3.596241805864985e-06,True,-0.4929038416421687,-0.8700796575237499,2.1647661398653476e+18,2.5494407478908016e+17,CONVERGED
S5,S5_tauth_01ps,Fast Retardation Lag (tau_theta=0.1ps),0.4212121212121212,229116.66257757787,2,2.0862199557067465,0.6640644366553673,-4.272431744212753e-06,4.272431744212753e-06,True,-0.49290559188950844,0.8700877095925728,2.1647661398653476e+18,2.5494407478908016e+17,CONVERGED
S5,S5_tauth_01ps,Fast Retardation Lag (tau_theta=0.1ps),0.4212121212121212,229116.66257757787,3,0.00012274385063068582,3.907058112401381e-05,-2.300210493990328,2.300210493990328,False,9.976282106110446,0.0012245272868316019,2.1647661398653476e+18,2.5494407478908016e+17,CONVERGED
S5,S5_tauth_01ps,Fast Retardation Lag (tau_theta=0.1ps),0.4212121212121212,229116.66257757787,4,3.7868225724349985e-06,1.2053830620299938e-06,3.491362076596671,3.491362076596671,False,0.03045935592740711,1.1534417656828836e-07,2.1647661398653476e+18,2.5494407478908016e+17,CONVERGED
S5,S5_tauth_01ps,Fast Retardation Lag (tau_theta=0.1ps),0.4388888888888889,238731.87023970645,0,1.5745130043260342e-05,5.011830552019183e-06,3.1583243105787155,3.1583243105787155,False,0.0424968930384093,-6.691191073795731e-07,2.4415453195455345e+18,8.138229749713733e+16,CONVERGED
S5,S5_tauth_01ps,Fast Retardation Lag (tau_theta=0.1ps),0.4388888888888889,238731.87023970645,1,2.162167764763725,0.6882393751122025,-1.2131618985824524e-06,1.2131618985824524e-06,True,-0.5575007592774496,-0.8301778904137401,2.4415453195455345e+18,8.138229749713733e+16,CONVERGED
S5,S5_tauth_01ps,Fast Retardation Lag (tau_theta=0.1ps),0.4388888888888889,238731.87023970645,2,2.1621616860921913,0.6882374402109583,-1.0763052465644166e-05,1.0763052465644166e-05,True,-0.5575010369369111,0.8301892074406222,2.4415453195455345e+18,8.138229749713733e+16,CONVERGED
S5,S5_tauth_01ps,Fast Retardation Lag (tau_theta=0.1ps),0.4388888888888889,238731.87023970645,3,3.816189682512062e-05,1.2147309034961708e-05,-2.2333807385612117,2.2333807385612117,False,9.33135969441245,0.00035610238606912455,2.4415453195455345e+18,8.138229749713733e+16,CONVERGED
S5,S5_tauth_01ps,Fast Retardation Lag (tau_theta=0.1ps),0.4388888888888889,238731.87023970645,4,6.013809289332239e-07,1.9142549504183681e-07,-3.513352771126365,3.513352771126365,False,33.56060037790233,-2.018270503082204e-05,2.4415453195455345e+18,8.138229749713733e+16,CONVERGED
S5,S5_tauth_01ps,Fast Retardation Lag (tau_theta=0.1ps),0.45656565656565656,248347.077901835,0,1.4360849999700086e-05,4.571200528907025e-06,3.151353888982683,3.151353888982683,False,0.04279414909676297,-6.145603560856617e-07,2.7171042214858885e+18,8.891631199210256e+16,CONVERGED
S5,S5_tauth_01ps,Fast Retardation Lag (tau_theta=0.1ps),0.45656565656565656,248347.077901835,1,2.23741143977423,0.7121901807408465,8.982298426743757e-06,8.982298426743757e-06,True,-0.6183237328686509,-0.7859120796475176,2.7171042214858885e+18,8.891631199210256e+16,CONVERGED
S5,S5_tauth_01ps,Fast Retardation Lag (tau_theta=0.1ps),0.45656565656565656,248347.077901835,2,2.237418139159949,0.7121923132215521,-2.849152715810276e-06,2.849152715810276e-06,True,-0.6183363137555453,0.7859172357270648,2.7171042214858885e+18,8.891631199210256e+16,CONVERGED
S5,S5_tauth_01ps,Fast Retardation Lag (tau_theta=0.1ps),0.45656565656565656,248347.077901835,3,2.9867105255193857e-05,9.506994874420053e-06,-2.164050370273351,2.164050370273351,False,8.706330196087611,0.0002600328804303415,2.7171042214858885e+18,8.891631199210256e+16,CONVERGED
S5,S5_tauth_01ps,Fast Retardation Lag (tau_theta=0.1ps),0.45656565656565656,248347.077901835,4,3.2633502425875194e-07,1.0387566442958791e-07,-3.535362782884671,3.535362782884671,False,34.30745861567563,1.1195725339603032e-05,2.7171042214858885e+18,8.891631199210256e+16,CONVERGED
S5,S5_tauth_01ps,Fast Retardation Lag (tau_theta=0.1ps),0.4742424242424242,257962.28556396352,0,7.1666090050460825e-06,2.281202496719948e-06,3.14302024488252,3.14302024488252,False,0.04315227046362663,-3.0925545009810517e-07,3.0198200414976973e+18,3.04246867205386e+17,CONVERGED
S5,S5_tauth_01ps,Fast Retardation Lag (tau_theta=0.1ps),0.4742424242424242,257962.28556396352,1,2.312017316984952,0.7359379690244332,-5.993354281182274e-07,5.993354281182274e-07,True,-0.6751894763149417,0.7376451516448335,3.0198200414976973e+18,3.04246867205386e+17,CONVERGED
S5,S5_tauth_01ps,Fast Retardation Lag (tau_theta=0.1ps),0.4742424242424242,257962.28556396352,2,2.3120060888737224,0.7359343950056256,-3.361348417265893e-06,3.361348417265893e-06,True,-0.6751830587723736,-0.7376547701101196,3.0198200414976973e+18,3.04246867205386e+17,CONVERGED
S5,S5_tauth_01ps,Fast Retardation Lag (tau_theta=0.1ps),0.4742424242424242,257962.28556396352,3,5.579116112361999e-06,1.7758878147321006e-06,-2.0921662802239864,2.0921662802239864,False,8.102448340041475,-4.520450008397514e-05,3.0198200414976973e+18,3.04246867205386e+17,CONVERGED
S5,S5_tauth_01ps,Fast Retardation Lag (tau_theta=0.1ps),0.4742424242424242,257962.28556396352,4,1.1184427333058333e-05,3.5601137914166756e-06,3.55734859769088,3.55734859769088,False,0.02851432752785488,-3.189164241996157e-07,3.0198200414976973e+18,3.04246867205386e+17,CONVERGED
S5,S5_tauth_01ps,Fast Retardation Lag (tau_theta=0.1ps),0.49191919191919187,267577.4932260921,0,7.740078135849808e-06,2.463743390475999e-06,3.1330884695119305,3.1330884695119305,False,0.0435829844572648,-3.3733570509949377e-07,3.369864331218389e+18,4.1850741686427064e+16,CONVERGED
S5,S5_tauth_01ps,Fast Retardation Lag (tau_theta=0.1ps),0.49191919191919187,267577.4932260921,1,2.3860309201191114,0.7594972306141198,3.514340673208623e-06,3.514340673208623e-06,True,-0.7278839206830716,0.6856952452470373,3.369864331218389e+18,4.1850741686427064e+16,CONVERGED
S5,S5_tauth_01ps,Fast Retardation Lag (tau_theta=0.1ps),0.49191919191919187,267577.4932260921,2,2.386021021766049,0.759494079870483,-9.756538331817533e-06,9.756538331817533e-06,True,-0.7278867930272462,-0.6857115500001117,3.369864331218389e+18,4.1850741686427064e+16,CONVERGED
S5,S5_tauth_01ps,Fast Retardation Lag (tau_theta=0.1ps),0.49191919191919187,267577.4932260921,3,2.817495650812914e-06,8.968367199335839e-07,-2.0173381041891174,2.0173381041891174,False,7.518285381502861,-2.1182736364010672e-05,3.369864331218389e+18,4.1850741686427064e+16,CONVERGED
S5,S5_tauth_01ps,Fast Retardation Lag (tau_theta=0.1ps),0.49191919191919187,267577.4932260921,4,5.242758602465793e-07,1.6688218940399763e-07,-3.579350752490133,3.579350752490133,False,35.850257599106016,1.8795424642834495e-05,3.369864331218389e+18,4.1850741686427064e+16,CONVERGED
S5,S5_tauth_01ps,Fast Retardation Lag (tau_theta=0.1ps),0.5095959595959596,277192.70088822074,0,1.826306829104588e-05,5.813315189089611e-06,3.1213398866187907,3.1213398866187907,False,0.0440980424331493,-8.053655605475852e-07,3.6804995203306527e+18,3.897221183096125e+17,CONVERGED
S5,S5_tauth_01ps,Fast Retardation Lag (tau_theta=0.1ps),0.5095959595959596,277192.70088822074,1,2.4594687511654842,0.7828732182560751,1.073132560108018e-05,1.073132560108018e-05,True,-0.7762271409363591,-0.6304363276754319,3.6804995203306527e+18,3.897221183096125e+17,CONVERGED
S5,S5_tauth_01ps,Fast Retardation Lag (tau_theta=0.1ps),0.5095959595959596,277192.70088822074,2,2.4594502154531788,0.7828673181556008,-8.522123648426027e-06,8.522123648426027e-06,True,-0.7762304001853623,0.6304628539578071,3.6804995203306527e+18,3.897221183096125e+17,CONVERGED
S5,S5_tauth_01ps,Fast Retardation Lag (tau_theta=0.1ps),0.5095959595959596,277192.70088822074,3,4.1893693739564743e-05,1.3335176886059438e-05,-1.9393816644236987,1.9393816644236987,False,6.954449451269088,0.00029134757560919753,3.6804995203306527e+18,3.897221183096125e+17,CONVERGED
S5,S5_tauth_01ps,Fast Retardation Lag (tau_theta=0.1ps),0.5095959595959596,277192.70088822074,4,1.8448122416557194e-05,5.872219746718958e-06,3.6012629947871844,3.6012629947871844,False,0.027289234507257225,5.0343513890113e-07,3.6804995203306527e+18,3.897221183096125e+17,CONVERGED
S5,S5_tauth_01ps,Fast Retardation Lag (tau_theta=0.1ps),0.5272727272727272,286807.90855034924,0,7.046691060024788e-06,2.243031429288826e-06,3.107585548209242,3.107585548209242,False,0.04470877230270843,-3.15048906095394e-07,3.9860032825741404e+18,2.0799379234475667e+17,CONVERGED
S5,S5_tauth_01ps,Fast Retardation Lag (tau_theta=0.1ps),0.5272727272727272,286807.90855034924,1,2.532413256427122,0.8060921754236399,7.115229638482863e-06,7.115229638482863e-06,True,-0.8201120031789291,0.5721905905236644,3.9860032825741404e+18,2.0799379234475667e+17,CONVERGED
S5,S5_tauth_01ps,Fast Retardation Lag (tau_theta=0.1ps),0.5272727272727272,286807.90855034924,2,2.5324301670291884,0.806097558235459,-8.591854656065462e-06,8.591854656065462e-06,True,-0.8201345609705618,-0.5721857091526987,3.9860032825741404e+18,2.0799379234475667e+17,CONVERGED
S5,S5_tauth_01ps,Fast Retardation Lag (tau_theta=0.1ps),0.5272727272727272,286807.90855034924,3,4.678775588939622e-06,1.4893005251948694e-06,-1.8583197855076172,1.8583197855076172,False,6.412952578156277,-3.000476597592395e-05,3.9860032825741404e+18,2.0799379234475667e+17,CONVERGED
S5,S5_tauth_01ps,Fast Retardation Lag (tau_theta=0.1ps),0.5272727272727272,286807.90855034924,4,3.011216369209249e-06,9.584999397577634e-07,-3.6231554980165375,3.6231554980165375,False,37.45557252697907,-0.0001127868331116845,3.9860032825741404e+18,2.0799379234475667e+17,CONVERGED
S5,S5_tauth_01ps,Fast Retardation Lag (tau_theta=0.1ps),0.544949494949495,296423.11621247785,0,7.527705836844549e-06,2.3961431881510452e-06,3.0913443468004926,3.0913443468004926,False,0.04544082509521539,3.4206516430674634e-07,4.375053826183507e+18,8.510343518789357e+16,CONVERGED
S5,S5_tauth_01ps,Fast Retardation Lag (tau_theta=0.1ps),0.544949494949495,296423.11621247785,1,2.604893525347662,0.8291633615743076,3.1749752804877205e-06,3.1749752804877205e-06,True,-0.8593983739962833,0.5113003861157787,4.375053826183507e+18,8.510343518789357e+16,CONVERGED
S5,S5_tauth_01ps,Fast Retardation Lag (tau_theta=0.1ps),0.544949494949495,296423.11621247785,2,2.6049130435292343,0.8291695744044624,-3.295291179133592e-05,3.295291179133592e-05,True,-0.8594394026551693,-0.5113020840551552,4.375053826183507e+18,8.510343518789357e+16,CONVERGED
S5,S5_tauth_01ps,Fast Retardation Lag (tau_theta=0.1ps),0.544949494949495,296423.11621247785,3,5.8088473913015205e-05,1.8490135519841965e-05,-1.773161340968643,1.773161340968643,False,5.8894424885170755,-0.00034210872674121667,4.375053826183507e+18,8.510343518789357e+16,CONVERGED
S5,S5_tauth_01ps,Fast Retardation Lag (tau_theta=0.1ps),0.544949494949495,296423.11621247785,4,6.133932493451056e-06,1.952491353849461e-06,3.6449517620835747,3.6449517620835747,False,0.026122669926203646,-1.6023469387804685e-07,4.375053826183507e+18,8.510343518789357e+16,CONVERGED
S5,S5_tauth_01ps,Fast Retardation Lag (tau_theta=0.1ps),0.5626262626262627,306038.32387460646,0,7.121899597875066e-06,2.2669710504119967e-06,3.072404444759992,3.072404444759992,False,0.0463096718348007,-3.2981283322356955e-07,4.770859811442529e+18,9.613956846866952e+16,CONVERGED
S5,S5_tauth_01ps,Fast Retardation Lag (tau_theta=0.1ps),0.5626262626262627,306038.32387460646,1,2.6770205784743735,0.8521221156458433,6.717358264088417e-06,6.717358264088417e-06,True,-0.8940073696502828,-0.4480372622725701,4.770859811442529e+18,9.613956846866952e+16,CONVERGED
S5,S5_tauth_01ps,Fast Retardation Lag (tau_theta=0.1ps),0.5626262626262627,306038.32387460646,2,2.6770320868375763,0.8521257788716246,-4.414370809121093e-07,4.414370809121093e-07,True,-0.8940189258422392,0.44803018102627906,4.770859811442529e+18,9.613956846866952e+16,CONVERGED
S5,S5_tauth_01ps,Fast Retardation Lag (tau_theta=0.1ps),0.5626262626262627,306038.32387460646,3,3.5477121715241378e-06,1.1292718575306973e-06,-1.6841395340653118,1.6841395340653118,False,5.387812907701097,-1.911440943062623e-05,4.770859811442529e+18,9.613956846866952e+16,CONVERGED
S5,S5_tauth_01ps,Fast Retardation Lag (tau_theta=0.1ps),0.5626262626262627,306038.32387460646,4,7.237945055416145e-06,2.3039094667940437e-06,3.666664561095245,3.666664561095245,False,0.025561587027528317,1.8501336243771887e-07,4.770859811442529e+18,9.613956846866952e+16,CONVERGED
S5,S5_tauth_01ps,Fast Retardation Lag (tau_theta=0.1ps),0.5803030303030303,315653.531536735,0,2.3178470784758627e-05,7.377936397410836e-06,3.050108085481632,3.050108085481632,False,0.047353805842893,1.0975888054731844e-06,5.234429278968786e+18,2.547985023504379e+17,CONVERGED
S5,S5_tauth_01ps,Fast Retardation Lag (tau_theta=0.1ps),0.5803030303030303,315653.531536735,1,2.7488246039902684,0.8749780468353459,-3.267294633434173e-06,3.267294633434173e-06,True,-0.923856155946386,-0.38274840003660915,5.234429278968786e+18,2.547985023504379e+17,CONVERGED
S5,S5_tauth_01ps,Fast Retardation Lag (tau_theta=0.1ps),0.5803030303030303,315653.531536735,2,2.7488396666193284,0.8749828414190876,-8.501017690160174e-06,8.501017690160174e-06,True,-0.9238667562888458,0.3827364874221454,5.234429278968786e+18,2.547985023504379e+17,CONVERGED
S5,S5_tauth_01ps,Fast Retardation Lag (tau_theta=0.1ps),0.5803030303030303,315653.531536735,3,0.00010148980160417813,3.230520719744144e-05,-1.5900731618806112,1.5900731618806112,False,4.90410768368804,-0.0004977169175718827,5.234429278968786e+18,2.547985023504379e+17,CONVERGED
S5,S5_tauth_01ps,Fast Retardation Lag (tau_theta=0.1ps),0.5803030303030303,315653.531536735,4,1.0866667644589557e-06,3.458967741146383e-07,3.6882766507226723,3.6882766507226723,False,0.02501507462782875,-2.718305020853268e-08,5.234429278968786e+18,2.547985023504379e+17,CONVERGED
S5,S5_tauth_01ps,Fast Retardation Lag (tau_theta=0.1ps),0.5979797979797981,325268.7391988636,0,5.927255627377363e-06,1.8867040641327214e-06,3.0239241034131736,3.0239241034131736,False,0.0486100925775431,-2.881244447809511e-07,5.758154149014456e+18,1.2924967777577464e+18,CONVERGED
S5,S5_tauth_01ps,Fast Retardation Lag (tau_theta=0.1ps),0.5979797979797981,325268.7391988636,1,2.820456205718094,0.8977790938284926,8.536923724959896e-06,8.536923724959896e-06,True,-0.9488692162271325,-0.3156424191942754,5.758154149014456e+18,1.2924967777577464e+18,CONVERGED
S5,S5_tauth_01ps,Fast Retardation Lag (tau_theta=0.1ps),0.5979797979797981,325268.7391988636,2,2.8204933207956375,0.8977909079246013,-2.490803196667491e-06,2.490803196667491e-06,True,-0.9488913947239285,0.31561068207156634,5.758154149014456e+18,1.2924967777577464e+18,CONVERGED
S5,S5_tauth_01ps,Fast Retardation Lag (tau_theta=0.1ps),0.5979797979797981,325268.7391988636,3,6.638928169469341e-06,2.1132364700061477e-06,-1.4905417909468148,1.4905417909468148,False,4.43950014843261,-2.9473522594225595e-05,5.758154149014456e+18,1.2924967777577464e+18,CONVERGED
S5,S5_tauth_01ps,Fast Retardation Lag (tau_theta=0.1ps),0.5979797979797981,325268.7391988636,4,1.0122489686929307e-05,3.2220885401430626e-06,3.70979225327796,3.70979225327796,False,0.02448260892386734,-2.47824956349435e-07,5.758154149014456e+18,1.2924967777577464e+18,CONVERGED
S5,S5_tauth_01ps,Fast Retardation Lag (tau_theta=0.1ps),0.6156565656565657,334883.9468609921,0,1.5536755537519033e-06,4.945502886813063e-07,2.9931258692643476,2.9931258692643476,False,0.05013049019565255,7.788651711464751e-08,6.078860763134756e+18,1.2302172062682885e+17,CONVERGED
S5,S5_tauth_01ps,Fast Retardation Lag (tau_theta=0.1ps),0.6156565656565657,334883.9468609921,1,2.8921587015440253,0.9206027071139385,3.860463690446817e-06,3.860463690446817e-06,True,-0.9690485679993901,-0.24685451577955145,6.078860763134756e+18,1.2302172062682885e+17,CONVERGED
S5,S5_tauth_01ps,Fast Retardation Lag (tau_theta=0.1ps),0.6156565656565657,334883.9468609921,2,2.89214806793448,0.9205993223308945,-6.760583717406473e-06,6.760583717406473e-06,True,-0.9690562353276263,0.2468674422265811,6.078860763134756e+18,1.2302172062682885e+17,CONVERGED
S5,S5_tauth_01ps,Fast Retardation Lag (tau_theta=0.1ps),0.6156565656565657,334883.9468609921,3,2.6578672761170068e-05,8.460254301524263e-06,-1.3847933382126805,1.3847933382126805,False,3.994000410846202,-0.00010615522995285694,6.078860763134756e+18,1.2302172062682885e+17,CONVERGED
S5,S5_tauth_01ps,Fast Retardation Lag (tau_theta=0.1ps),0.6156565656565657,334883.9468609921,4,1.62595748757255e-05,5.175583428089006e-06,3.731200526838924,3.731200526838924,False,0.023964049073274176,3.8964525026679905e-07,6.078860763134756e+18,1.2302172062682885e+17,CONVERGED
S5,S5_tauth_01ps,Fast Retardation Lag (tau_theta=0.1ps),0.6333333333333333,344499.15452312067,0,2.5719294410087725e-05,8.186705676402428e-06,2.956674981516494,2.956674981516494,False,0.05199150277911366,-1.3371847670937596e-06,6.542135392113826e+18,1.7080163669296993e+18,CONVERGED
S5,S5_tauth_01ps,Fast Retardation Lag (tau_theta=0.1ps),0.6333333333333333,344499.15452312067,1,2.9644152632014458,0.9436026850311441,2.1252142978855215e-05,2.1252142978855215e-05,True,-0.9843241842909995,0.17624811158476283,6.542135392113826e+18,1.7080163669296993e+18,CONVERGED
S5,S5_tauth_01ps,Fast Retardation Lag (tau_theta=0.1ps),0.6333333333333333,344499.15452312067,2,2.9643870098411917,0.9435936917072574,-1.3392636553855316e-05,1.3392636553855316e-05,True,-0.9843533064092893,-0.1762820291264431,6.542135392113826e+18,1.7080163669296993e+18,CONVERGED
S5,S5_tauth_01ps,Fast Retardation Lag (tau_theta=0.1ps),0.6333333333333333,344499.15452312067,3,4.552967353510609e-05,1.4492545200944766e-05,-1.271567749327371,1.271567749327371,False,3.5664394611555004,0.00016237882446133075,6.542135392113826e+18,1.7080163669296993e+18,CONVERGED
S5,S5_tauth_01ps,Fast Retardation Lag (tau_theta=0.1ps),0.6333333333333333,344499.15452312067,4,8.764034506708152e-05,2.7896788263410862e-05,3.7524415571646084,3.7524415571646084,False,0.023460395885017075,-2.0560771960373626e-06,6.542135392113826e+18,1.7080163669296993e+18,CONVERGED
S5,S5_tauth_01ps,Fast Retardation Lag (tau_theta=0.1ps),0.651010101010101,354114.3621852493,0,3.002446145330855e-05,9.557082907932256e-06,2.913168922922919,2.913168922922919,False,0.05430337369150506,-1.63042955067513e-06,6.885684364084151e+18,7.303158619905984e+16,CONVERGED
S5,S5_tauth_01ps,Fast Retardation Lag (tau_theta=0.1ps),0.651010101010101,354114.3621852493,1,3.039188423301862,0.9674037211123099,2.0155049453316414e-06,2.0155049453316414e-06,True,-0.9947592623194936,0.10222513892292201,6.885684364084151e+18,7.303158619905984e+16,CONVERGED
S5,S5_tauth_01ps,Fast Retardation Lag (tau_theta=0.1ps),0.651010101010101,354114.3621852493,2,3.0391987259759685,0.9674070005553322,-4.5183045301074585e-06,4.5183045301074585e-06,True,-0.9947668150545995,-0.10221555809180267,6.885684364084151e+18,7.303158619905984e+16,CONVERGED
S5,S5_tauth_01ps,Fast Retardation Lag (tau_theta=0.1ps),0.651010101010101,354114.3621852493,3,5.2833047553678355e-05,1.6817281353554158e-05,-1.1492137660988058,1.1492137660988058,False,3.155710802837749,0.00016672581906711228,6.885684364084151e+18,7.303158619905984e+16,CONVERGED
S5,S5_tauth_01ps,Fast Retardation Lag (tau_theta=0.1ps),0.651010101010101,354114.3621852493,4,3.639683549320113e-06,1.1585472563291004e-06,-3.773652093299199,3.773652093299199,False,43.538782529169865,-0.00015846739052954525,6.885684364084151e+18,7.303158619905984e+16,CONVERGED
S5,S5_tauth_01ps,Fast Retardation Lag (tau_theta=0.1ps),0.6686868686868687,363729.5698473778,0,0.00020882787974529855,6.647197863372832e-05,2.861088505323074,2.861088505323074,False,0.057206455582674176,-1.194630300072922e-05,8.006267328165703e+18,1.2193617866342109e+17,CONVERGED
S5,S5_tauth_01ps,Fast Retardation Lag (tau_theta=0.1ps),0.6686868686868687,363729.5698473778,1,3.1415352412347857,0.9999817250798121,0.02496545566930408,0.02496545566930408,False,-0.9753436024309421,5.5996773218692874e-05,8.006267328165703e+18,1.2193617866342109e+17,CONVERGED
S5,S5_tauth_01ps,Fast Retardation Lag (tau_theta=0.1ps),0.6686868686868687,363729.5698473778,2,3.1415650468176333,0.9999912124914959,-0.02495755443872126,0.02495755443872126,False,-1.0252716009815575,-2.8304439497764014e-05,8.006267328165703e+18,1.2193617866342109e+17,CONVERGED
S5,S5_tauth_01ps,Fast Retardation Lag (tau_theta=0.1ps),0.6686868686868687,363729.5698473778,3,0.0004485833143265666,0.000142788503727237,-1.0164443493010527,1.0164443493010527,False,2.763351483542319,0.0012395934502832022,8.006267328165703e+18,1.2193617866342109e+17,CONVERGED
S5,S5_tauth_01ps,Fast Retardation Lag (tau_theta=0.1ps),0.6686868686868687,363729.5698473778,4,6.63754922801638e-06,2.1127975393092017e-06,-3.794694058592104,3.794694058592104,False,44.46463075165502,-0.00029513617552401545,8.006267328165703e+18,1.2193617866342109e+17,CONVERGED
S5,S5_tauth_01ps,Fast Retardation Lag (tau_theta=0.1ps),0.6863636363636364,373344.7775095064,0,1.567630368624377e-05,4.989922442150792e-06,2.797086532770454,2.797086532770454,False,0.06098748907999723,-9.560583999578283e-07,8.166791193803529e+18,1.464935304066931e+17,CONVERGED
S5,S5_tauth_01ps,Fast Retardation Lag (tau_theta=0.1ps),0.6863636363636364,373344.7775095064,1,3.141584567961092,0.9999974262644484,0.04519679501718306,0.04519679501718306,False,-0.9558093647718456,-7.728319633034861e-06,8.166791193803529e+18,1.464935304066931e+17,CONVERGED
S5,S5_tauth_01ps,Fast Retardation Lag (tau_theta=0.1ps),0.6863636363636364,373344.7775095064,2,3.141588814573135,0.9999987780030446,-0.045262316061734045,0.045262316061734045,False,-1.0463022858012692,-4.016771904473038e-06,8.166791193803529e+18,1.464935304066931e+17,CONVERGED
S5,S5_tauth_01ps,Fast Retardation Lag (tau_theta=0.1ps),0.6863636363636364,373344.7775095064,3,1.510319983234044e-05,4.807497819643332e-06,-0.868766463518738,0.868766463518738,False,2.383968326866972,3.600555003737987e-05,8.166791193803529e+18,1.464935304066931e+17,CONVERGED
S5,S5_tauth_01ps,Fast Retardation Lag (tau_theta=0.1ps),0.6863636363636364,373344.7775095064,4,3.2602285466352588e-06,1.0377629776126146e-06,-3.8156231480481195,3.8156231480481195,False,45.40504163190959,-0.0001480308128900385,8.166791193803529e+18,1.464935304066931e+17,CONVERGED
S5,S5_tauth_01ps,Fast Retardation Lag (tau_theta=0.1ps),0.704040404040404,382959.98517163494,0,0.00020842849248752296,6.63448497211625e-05,2.7180622058092685,2.7180622058092685,False,0.06600252847049665,1.3756807708680179e-05,9.202837037105694e+18,4.469975083819232e+17,CONVERGED
S5,S5_tauth_01ps,Fast Retardation Lag (tau_theta=0.1ps),0.704040404040404,382959.98517163494,1,3.0633270868092826,0.9750872963459858,-5.007279972973795e-06,5.007279972973795e-06,True,-0.9969438055790512,0.07818608013995118,9.202837037105694e+18,4.469975083819232e+17,CONVERGED
S5,S5_tauth_01ps,Fast Retardation Lag (tau_theta=0.1ps),0.704040404040404,382959.98517163494,2,3.0633157396617814,0.9750836844367562,-1.7661242852484042e-05,1.7661242852484042e-05,True,-0.9969555336843836,-0.07819838211649374,9.202837037105694e+18,4.469975083819232e+17,CONVERGED
S5,S5_tauth_01ps,Fast Retardation Lag (tau_theta=0.1ps),0.704040404040404,382959.98517163494,3,0.0004108170029590351,0.00013076711345425646,-0.7037735417752367,0.7037735417752367,False,2.0213658724491554,-0.0008304115163195905,9.202837037105694e+18,4.469975083819232e+17,CONVERGED
S5,S5_tauth_01ps,Fast Retardation Lag (tau_theta=0.1ps),0.704040404040404,382959.98517163494,4,9.804797798812088e-06,3.120964071394957e-06,3.836400953706592,3.836400953706592,False,0.021571097182209478,2.115002461768666e-07,9.202837037105694e+18,4.469975083819232e+17,CONVERGED
S5,S5_tauth_01ps,Fast Retardation Lag (tau_theta=0.1ps),0.7217171717171718,392575.19283376355,0,9.046416111961642e-05,2.8795636829697206e-05,2.6171193639919466,2.6171193639919466,False,0.07301288342847824,-6.6050492682996835e-06,9.25752988686171e+18,9.25439524345187e+16,CONVERGED
S5,S5_tauth_01ps,Fast Retardation Lag (tau_theta=0.1ps),0.7217171717171718,392575.19283376355,1,2.9872850561414515,0.9508823662189242,-2.5043166999438584e-05,2.5043166999438584e-05,True,-0.9881429330221312,-0.15369980971608327,9.25752988686171e+18,9.25439524345187e+16,CONVERGED
S5,S5_tauth_01ps,Fast Retardation Lag (tau_theta=0.1ps),0.7217171717171718,392575.19283376355,2,2.9872071333644814,0.9508575626286557,-4.995019395909053e-05,4.995019395909053e-05,True,-0.9881555650169633,0.15378063826156418,9.25752988686171e+18,9.25439524345187e+16,CONVERGED
S5,S5_tauth_01ps,Fast Retardation Lag (tau_theta=0.1ps),0.7217171717171718,392575.19283376355,3,0.00014135285511191888,4.499401122242875e-05,-0.5135671138045373,0.5135671138045373,False,1.6712420689017393,0.00023623483959578473,9.25752988686171e+18,9.25439524345187e+16,CONVERGED
S5,S5_tauth_01ps,Fast Retardation Lag (tau_theta=0.1ps),0.7217171717171718,392575.19283376355,4,1.738871919706673e-06,5.535001228500206e-07,-3.857063635171457,3.857063635171457,False,47.32618020909448,8.229416583265502e-05,9.25752988686171e+18,9.25439524345187e+16,CONVERGED
S5,S5_tauth_01ps,Fast Retardation Lag (tau_theta=0.1ps),0.7393939393939394,402190.40049589204,0,1.7029236873403822e-05,5.420574450969982e-06,2.483923631771651,2.483923631771651,False,0.08341529176598146,1.420498762484302e-06,9.90361243467041e+18,6.820948873156693e+16,CONVERGED
S5,S5_tauth_01ps,Fast Retardation Lag (tau_theta=0.1ps),0.7393939393939394,402190.40049589204,1,2.9157545805619622,0.9281135086785446,3.054310439419206e-05,3.054310439419206e-05,True,-0.9745770182729011,-0.2239163931275186,9.90361243467041e+18,6.820948873156693e+16,CONVERGED
S5,S5_tauth_01ps,Fast Retardation Lag (tau_theta=0.1ps),0.7393939393939394,402190.40049589204,2,2.9157532397164334,0.9281130818741569,-9.623004643290163e-06,9.623004643290163e-06,True,-0.9746158637756133,0.22392669396793105,9.90361243467041e+18,6.820948873156693e+16,CONVERGED
S5,S5_tauth_01ps,Fast Retardation Lag (tau_theta=0.1ps),0.7393939393939394,402190.40049589204,3,4.0524641163660406e-05,1.2899393916443702e-05,-0.28789322015671825,0.28789322015671825,False,1.3336148922358484,-5.4044264987956063e-05,9.90361243467041e+18,6.820948873156693e+16,CONVERGED
S5,S5_tauth_01ps,Fast Retardation Lag (tau_theta=0.1ps),0.7393939393939394,402190.40049589204,4,4.820386051775842e-05,1.5343765355027004e-05,3.8775543587368126,3.8775543587368126,False,0.0207013914761786,-9.97886988014127e-07,9.90361243467041e+18,6.820948873156693e+16,CONVERGED
S5,S5_tauth_01ps,Fast Retardation Lag (tau_theta=0.1ps),0.7570707070707071,411805.6081580207,0,0.00015324738323032526,4.878015711400859e-05,2.2962095796224964,2.2962095796224964,False,0.10063958683994675,-1.5422753453336142e-05,1.0833940383890553e+19,5.580010995833575e+16,CONVERGED
S5,S5_tauth_01ps,Fast Retardation Lag (tau_theta=0.1ps),0.7570707070707071,411805.6081580207,1,2.845628388985683,0.9057916486193963,-1.6052822279479426e-06,1.6052822279479426e-06,True,-0.9565228828856722,-0.2916627934545172,1.0833940383890553e+19,5.580010995833575e+16,CONVERGED
S5,S5_tauth_01ps,Fast Retardation Lag (tau_theta=0.1ps),0.7570707070707071,411805.6081580207,2,2.8456717919805814,0.9058054642217626,-7.871254274521014e-06,7.871254274521014e-06,True,-0.9565415346671858,0.2916231045184999,1.0833940383890553e+19,5.580010995833575e+16,CONVERGED
S5,S5_tauth_01ps,Fast Retardation Lag (tau_theta=0.1ps),0.7570707070707071,411805.6081580207,3,0.00020319343369075128,6.467847875139666e-05,-0.0038559436741499977,0.0038559436741499977,False,1.003863366665859,0.00020397844723645182,1.0833940383890553e+19,5.580010995833575e+16,CONVERGED
S5,S5_tauth_01ps,Fast Retardation Lag (tau_theta=0.1ps),0.7570707070707071,411805.6081580207,4,0.00023069317678180666,7.343191884479399e-05,3.8979075979318076,3.8979075979318076,False,0.02028430946536663,-4.6794518724031485e-06,1.0833940383890553e+19,5.580010995833575e+16,CONVERGED
S5,S5_tauth_01ps,Fast Retardation Lag (tau_theta=0.1ps),0.7747474747474747,421420.81582014915,0,0.00020120251237849886,6.404474881509271e-05,1.9930822304431788,1.9930822304431788,False,0.1362747445319548,-2.74188213435611e-05,1.1284959021007133e+19,1.7136543969432218e+17,CONVERGED
S5,S5_tauth_01ps,Fast Retardation Lag (tau_theta=0.1ps),0.7747474747474747,421420.81582014915,1,2.776049417655786,0.8836439741745916,-4.419342650892379e-06,4.419342650892379e-06,True,-0.9339338430229537,0.3574582711041108,1.1284959021007133e+19,1.7136543969432218e+17,CONVERGED
S5,S5_tauth_01ps,Fast Retardation Lag (tau_theta=0.1ps),0.7747474747474747,421420.81582014915,2,2.776051290059371,0.8836445701791636,-7.830785804266229e-06,7.830785804266229e-06,True,-0.9339376983973972,-0.35745774184709445,1.1284959021007133e+19,1.7136543969432218e+17,CONVERGED
S5,S5_tauth_01ps,Fast Retardation Lag (tau_theta=0.1ps),0.7747474747474747,421420.81582014915,3,0.0002373140261174627,7.553940064326669e-05,0.39982323703896844,0.39982323703896844,False,0.6704385253856946,0.00015910446871034628,1.1284959021007133e+19,1.7136543969432218e+17,CONVERGED
S5,S5_tauth_01ps,Fast Retardation Lag (tau_theta=0.1ps),0.7747474747474747,421420.81582014915,4,9.744416583331594e-06,3.1017441335677223e-06,3.91829480886748,3.91829480886748,False,0.019874956464392527,1.9366985537074988e-07,1.1284959021007133e+19,1.7136543969432218e+17,CONVERGED
S5,S5_tauth_01ps,Fast Retardation Lag (tau_theta=0.1ps),0.7924242424242425,431036.0234822779,0,0.4222306052209377,0.13440017589118974,1.2515352541505729,1.2515352541505729,False,0.2609421993018984,0.11722845700395239,1.2357020601217729e+19,8.448338655638326e+16,CONVERGED
S5,S5_tauth_01ps,Fast Retardation Lag (tau_theta=0.1ps),0.7924242424242425,431036.0234822779,1,2.7067408427824566,0.8615823695951015,3.783975714885468e-05,3.783975714885468e-05,True,-0.9068981633532788,-0.4212600677203741,1.2357020601217729e+19,8.448338655638326e+16,CONVERGED
S5,S5_tauth_01ps,Fast Retardation Lag (tau_theta=0.1ps),0.7924242424242425,431036.0234822779,2,2.7067670278987124,0.8615907045764766,4.4601533672535607e-07,4.4601533672535607e-07,True,-0.906943107148522,0.4212520722388306,1.2357020601217729e+19,8.448338655638326e+16,CONVERGED
S5,S5_tauth_01ps,Fast Retardation Lag (tau_theta=0.1ps),0.7924242424242425,431036.0234822779,3,0.422471878459078,0.13447697554816138,1.2468323381550663,1.2468323381550663,False,0.2621438537068828,-0.11784432274549043,1.2357020601217729e+19,8.448338655638326e+16,CONVERGED
S5,S5_tauth_01ps,Fast Retardation Lag (tau_theta=0.1ps),0.7924242424242425,431036.0234822779,4,0.0001656143285541376,5.271667807247246e-05,3.9384180982760433,3.9384180982760433,False,0.019479003989252498,-3.2260021960777966e-06,1.2357020601217729e+19,8.448338655638326e+16,CONVERGED
S5,S5_tauth_01ps,Fast Retardation Lag (tau_theta=0.1ps),0.8101010101010101,440651.2311444063,0,1.0893880247167889,0.3467629781575856,1.3054583153696757,1.3054583153696757,False,0.125502909292572,-0.24024194134622534,1.2827698351104416e+19,1.0335081380826616e+17,CONVERGED
S5,S5_tauth_01ps,Fast Retardation Lag (tau_theta=0.1ps),0.8101010101010101,440651.2311444063,1,2.637619665885366,0.8395804156440988,4.622178401079362e-06,4.622178401079362e-06,True,-0.8756668414840812,-0.48290613830352136,1.2827698351104416e+19,1.0335081380826616e+17,CONVERGED
S5,S5_tauth_01ps,Fast Retardation Lag (tau_theta=0.1ps),0.8101010101010101,440651.2311444063,2,2.637618087426008,0.8395799132048802,-5.798091538724588e-06,5.798091538724588e-06,True,-0.8756752039597412,0.48291255256037724,1.2827698351104416e+19,1.0335081380826616e+17,CONVERGED
S5,S5_tauth_01ps,Fast Retardation Lag (tau_theta=0.1ps),0.8101010101010101,440651.2311444063,3,1.0894282306761571,0.34677577611193605,1.3049843878978022,1.3049843878978022,False,0.12555273882770232,0.2403608737490174,1.2827698351104416e+19,1.0335081380826616e+17,CONVERGED
S5,S5_tauth_01ps,Fast Retardation Lag (tau_theta=0.1ps),0.8101010101010101,440651.2311444063,4,8.232023938160245e-06,2.6203346028180277e-06,3.958462078999051,3.958462078999051,False,0.019092454410387264,-1.5716954174809135e-07,1.2827698351104416e+19,1.0335081380826616e+17,CONVERGED
S5,S5_tauth_01ps,Fast Retardation Lag (tau_theta=0.1ps),0.8277777777777778,450266.438806535,0,1.5840458209754669,0.5042174449846102,1.3647066951092977,1.3647066951092977,False,-0.0033845583432670317,0.2554331692042701,1.334374762204732e+19,2.083257980489406e+17,CONVERGED
S5,S5_tauth_01ps,Fast Retardation Lag (tau_theta=0.1ps),0.8277777777777778,450266.438806535,1,2.568531641300435,0.8175890144018065,3.7147927496854282e-06,3.7147927496854282e-06,True,-0.8402420918606553,0.5422045716403818,1.334374762204732e+19,2.083257980489406e+17,CONVERGED
S5,S5_tauth_01ps,Fast Retardation Lag (tau_theta=0.1ps),0.8277777777777778,450266.438806535,2,2.568523416045182,0.8175863962217432,5.280866377636005e-07,5.280866377636005e-07,True,-0.8402403096558951,-0.5422132106991194,1.334374762204732e+19,2.083257980489406e+17,CONVERGED
S5,S5_tauth_01ps,Fast Retardation Lag (tau_theta=0.1ps),0.8277777777777778,450266.438806535,3,1.5841022076144282,0.5042353934092402,1.3643290638534147,1.3643290638534147,False,-0.0034002451522006077,-0.2555294556459402,1.334374762204732e+19,2.083257980489406e+17,CONVERGED
S5,S5_tauth_01ps,Fast Retardation Lag (tau_theta=0.1ps),0.8277777777777778,450266.438806535,4,8.174975919383454e-07,2.6021756544541767e-07,3.978374294453987,3.978374294453987,False,0.018716041390926072,1.530031876770387e-08,1.334374762204732e+19,2.083257980489406e+17,CONVERGED
S5,S5_tauth_01ps,Fast Retardation Lag (tau_theta=0.1ps),0.8454545454545455,459881.6464686634,0,2.1258143996039105,0.6766677395857841,1.4285303421248474,1.4285303421248474,False,-0.12629137783759184,-0.20368560761599222,1.4788736803799607e+19,1.491299357980403e+17,CONVERGED
S5,S5_tauth_01ps,Fast Retardation Lag (tau_theta=0.1ps),0.8454545454545455,459881.6464686634,1,2.4994175203269084,0.7955893064210305,1.899485905619976e-06,1.899485905619976e-06,True,-0.8007933607036187,0.5989375547487474,1.4788736803799607e+19,1.491299357980403e+17,CONVERGED
S5,S5_tauth_01ps,Fast Retardation Lag (tau_theta=0.1ps),0.8454545454545455,459881.6464686634,2,2.4993940688216147,0.7955818415750497,-3.5163154395786555e-06,3.5163154395786555e-06,True,-0.8007836513696094,-0.598959578231089,1.4788736803799607e+19,1.491299357980403e+17,CONVERGED
S5,S5_tauth_01ps,Fast Retardation Lag (tau_theta=0.1ps),0.8454545454545455,459881.6464686634,3,2.1258788793285617,0.6766882641195989,1.4278114979852998,1.4278114979852998,False,-0.12639533706551262,0.20382392894707102,1.4788736803799607e+19,1.491299357980403e+17,CONVERGED
S5,S5_tauth_01ps,Fast Retardation Lag (tau_theta=0.1ps),0.8454545454545455,459881.6464686634,4,5.768771276984362e-06,1.836256928597213e-06,3.9981495533617997,3.9981495533617997,False,0.01834956237796065,-1.0585442839238648e-07,1.4788736803799607e+19,1.491299357980403e+17,CONVERGED
S5,S5_tauth_01ps,Fast Retardation Lag (tau_theta=0.1ps),0.8631313131313132,469496.85413079214,0,3.1403587764397156,0.999607244704794,1.9089378061236488,1.9089378061236488,False,-0.1482376473986929,0.00018290713872899664,1.543234727689452e+19,2.2389495340322762e+17,CONVERGED
S5,S5_tauth_01ps,Fast Retardation Lag (tau_theta=0.1ps),0.8631313131313132,469496.85413079214,1,2.430214280626187,0.7735612310683444,3.1933248544085206e-07,3.1933248544085206e-07,True,-0.757462443935555,0.6528782484984542,1.543234727689452e+19,2.2389495340322762e+17,CONVERGED
S5,S5_tauth_01ps,Fast Retardation Lag (tau_theta=0.1ps),0.8631313131313132,469496.85413079214,2,2.430213069424227,0.7735608455307863,-7.570946392349825e-06,7.570946392349825e-06,True,-0.7574676297748464,-0.6528843173569878,1.543234727689452e+19,2.2389495340322762e+17,CONVERGED
S5,S5_tauth_01ps,Fast Retardation Lag (tau_theta=0.1ps),0.8631313131313132,469496.85413079214,3,3.1404874961413385,0.9996482174583672,1.0848823560762229,1.0848823560762229,False,-0.33794133394873166,-0.00037347853440645827,1.543234727689452e+19,2.2389495340322762e+17,CONVERGED
S5,S5_tauth_01ps,Fast Retardation Lag (tau_theta=0.1ps),0.8631313131313132,469496.85413079214,4,1.5522659385763247e-05,4.941015942352049e-06,4.017813299426835,4.017813299426835,False,0.017992265649843513,2.792878112831208e-07,1.543234727689452e+19,2.2389495340322762e+17,CONVERGED
S5,S5_tauth_01ps,Fast Retardation Lag (tau_theta=0.1ps),0.8808080808080808,479112.06179292063,0,3.1412929078808016,0.9999045879774868,2.698954872512266,2.698954872512266,False,-0.06727578476295515,-2.0165628405688286e-05,1.503171456728807e+19,6.187321172895268e+16,CONVERGED
S5,S5_tauth_01ps,Fast Retardation Lag (tau_theta=0.1ps),0.8808080808080808,479112.06179292063,1,2.3608636693809784,0.7514862458961057,1.848249594748463e-06,1.848249594748463e-06,True,-0.7103993565740587,-0.7037961762376987,1.503171456728807e+19,6.187321172895268e+16,CONVERGED
S5,S5_tauth_01ps,Fast Retardation Lag (tau_theta=0.1ps),0.8808080808080808,479112.06179292063,2,2.3608500750309203,0.751481918680086,-6.379278461617949e-06,6.379278461617949e-06,True,-0.7103956336327893,0.703811624196263,1.503171456728807e+19,6.187321172895268e+16,CONVERGED
S5,S5_tauth_01ps,Fast Retardation Lag (tau_theta=0.1ps),0.8808080808080808,479112.06179292063,3,3.141370789808643,0.9999293785650738,0.4452293743669101,0.4452293743669101,False,-0.6406772884579286,0.00014214308804656327,1.503171456728807e+19,6.187321172895268e+16,CONVERGED
S5,S5_tauth_01ps,Fast Retardation Lag (tau_theta=0.1ps),0.8808080808080808,479112.06179292063,4,1.7256261904867435e-05,5.492838762896036e-06,4.037366734052158,4.037366734052158,False,0.01764387230268957,3.04467281501469e-07,1.503171456728807e+19,6.187321172895268e+16,CONVERGED
S5,S5_tauth_01ps,Fast Retardation Lag (tau_theta=0.1ps),0.8984848484848484,488727.2694550492,0,3.1409052551074916,0.9997811942673357,3.179946223887778,3.179946223887778,False,-0.041587881670675356,-2.858745124523882e-05,1.7863107292990882e+19,4.0596818457403656e+16,CONVERGED
S5,S5_tauth_01ps,Fast Retardation Lag (tau_theta=0.1ps),0.8984848484848484,488727.2694550492,1,2.291313897482358,0.7293478659189472,6.636917991901555e-06,6.636917991901555e-06,True,-0.6597693173949967,0.7514593628908042,1.7863107292990882e+19,4.0596818457403656e+16,CONVERGED
S5,S5_tauth_01ps,Fast Retardation Lag (tau_theta=0.1ps),0.8984848484848484,488727.2694550492,2,2.2913104548882393,0.7293467701072051,-7.108000171909275e-06,7.108000171909275e-06,True,-0.6597757989235434,-0.7514719630539729,1.7863107292990882e+19,4.0596818457403656e+16,CONVERGED
S5,S5_tauth_01ps,Fast Retardation Lag (tau_theta=0.1ps),0.8984848484848484,488727.2694550492,3,3.1411765973756403,0.9998675651938269,0.1312723104551466,0.1312723104551466,False,-0.8769788554371007,0.0003648725235387678,1.7863107292990882e+19,4.0596818457403656e+16,CONVERGED
S5,S5_tauth_01ps,Fast Retardation Lag (tau_theta=0.1ps),0.8984848484848484,488727.2694550492,4,1.5230096386350198e-06,4.847890247307294e-07,4.0567955920090295,4.0567955920090295,False,0.01730438066313683,2.6354738540587226e-08,1.7863107292990882e+19,4.0596818457403656e+16,CONVERGED
S5,S5_tauth_01ps,Fast Retardation Lag (tau_theta=0.1ps),0.9161616161616162,498342.4771171778,0,3.1409401189572215,0.9997922917753751,3.5868933369723224,3.5868933369723224,False,-0.027684196560681752,-1.8064899594785222e-05,1.7182518048789004e+19,1.2223195035769907e+17,CONVERGED
S5,S5_tauth_01ps,Fast Retardation Lag (tau_theta=0.1ps),0.9161616161616162,498342.4771171778,1,2.221493628361556,0.707123384001783,2.8739596208481182e-05,2.8739596208481182e-05,True,-0.6057239605290514,0.7956387409499869,1.7182518048789004e+19,1.2223195035769907e+17,CONVERGED
S5,S5_tauth_01ps,Fast Retardation Lag (tau_theta=0.1ps),0.9161616161616162,498342.4771171778,2,2.2214770523749054,0.707118107701359,2.6299482266414717e-05,2.6299482266414717e-05,True,-0.6057122499537908,-0.7956507227890168,1.7182518048789004e+19,1.2223195035769907e+17,CONVERGED
S5,S5_tauth_01ps,Fast Retardation Lag (tau_theta=0.1ps),0.9161616161616162,498342.4771171778,3,3.141263446096648,0.9998952100003261,-0.08665876933970218,0.08665876933970218,False,-1.0905244367336306,0.0003590088290003058,1.7182518048789004e+19,1.2223195035769907e+17,CONVERGED
S5,S5_tauth_01ps,Fast Retardation Lag (tau_theta=0.1ps),0.9161616161616162,498342.4771171778,4,1.1559673884889586e-05,3.6795584786209415e-06,4.076042976672877,4.076042976672877,False,0.016974501431162557,1.962197009115707e-07,1.7182518048789004e+19,1.2223195035769907e+17,CONVERGED
S5,S5_tauth_01ps,Fast Retardation Lag (tau_theta=0.1ps),0.9338383838383838,507957.6847793063,0,3.1414122661943447,0.9999425809086858,3.9722896189121233,3.9722896189121233,False,-0.018830269292225074,-3.3967432700591564e-06,1.9132818807774278e+19,1.0715619763288522e+17,CONVERGED
S5,S5_tauth_01ps,Fast Retardation Lag (tau_theta=0.1ps),0.9338383838383838,507957.6847793063,1,2.1513339104181806,0.6847908521685404,2.634411255455881e-06,2.634411255455881e-06,True,-0.5484720813009679,-0.8361657175612701,1.9132818807774278e+19,1.0715619763288522e+17,CONVERGED
S5,S5_tauth_01ps,Fast Retardation Lag (tau_theta=0.1ps),0.9338383838383838,507957.6847793063,2,2.1513285521064893,0.6847891465649558,1.309177386892166e-07,1.309177386892166e-07,True,-0.5484689739433554,0.8361707497790627,1.9132818807774278e+19,1.0715619763288522e+17,CONVERGED
S5,S5_tauth_01ps,Fast Retardation Lag (tau_theta=0.1ps),0.9338383838383838,507957.6847793063,3,3.141513741997023,0.9999748816598868,-0.2530536260985444,0.2530536260985444,False,-1.2879523388319363,0.00010163437068037838,1.9132818807774278e+19,1.0715619763288522e+17,CONVERGED
S5,S5_tauth_01ps,Fast Retardation Lag (tau_theta=0.1ps),0.9338383838383838,507957.6847793063,4,1.821921546975146e-05,5.7993564025345455e-06,-4.095298031720264,4.095298031720264,False,60.05723544171472,-0.0010941957131512634,1.9132818807774278e+19,1.0715619763288522e+17,CONVERGED
S5,S5_tauth_01ps,Fast Retardation Lag (tau_theta=0.1ps),0.9515151515151515,517572.89244143496,0,2.6141839437540704e-06,8.321205935998513e-07,4.114395077074526,4.114395077074526,False,0.01633581933271111,4.2704836607738e-08,1.922255511883601e+19,3.936991437430736e+16,CONVERGED
S5,S5_tauth_01ps,Fast Retardation Lag (tau_theta=0.1ps),0.9515151515151515,517572.89244143496,1,2.0807618636086174,0.6623270719808312,1.661456142879213e-06,1.661456142879213e-06,True,-0.48814635800202666,0.8727598812173898,1.922255511883601e+19,3.936991437430736e+16,CONVERGED
S5,S5_tauth_01ps,Fast Retardation Lag (tau_theta=0.1ps),0.9515151515151515,517572.89244143496,2,2.0807734197240237,0.6623307504066109,-2.003004580160635e-06,2.003004580160635e-06,True,-0.4881582325167333,-0.8727574382629594,1.922255511883601e+19,3.936991437430736e+16,CONVERGED
S5,S5_tauth_01ps,Fast Retardation Lag (tau_theta=0.1ps),0.9515151515151515,517572.89244143496,3,3.1411628470384385,0.9998631883255573,-0.38761944992228736,0.38761944992228736,False,-1.473468812759269,-0.0006333065879386059,1.922255511883601e+19,3.936991437430736e+16,CONVERGED
S5,S5_tauth_01ps,Fast Retardation Lag (tau_theta=0.1ps),0.9515151515151515,517572.89244143496,4,1.0695911229897548e-05,3.4046142862206173e-06,-4.114391514509052,4.114391514509052,False,61.214954512740235,-0.0006547497194354542,1.922255511883601e+19,3.936991437430736e+16,CONVERGED
S5,S5_tauth_01ps,Fast Retardation Lag (tau_theta=0.1ps),0.9691919191919192,527188.1001035634,0,2.051339908210374e-05,6.529617727067118e-06,4.133381794594495,4.133381794594495,False,0.0160285816891679,3.288006929561213e-07,2.0135943643647664e+19,2.6116525460114547e+17,CONVERGED
S5,S5_tauth_01ps,Fast Retardation Lag (tau_theta=0.1ps),0.9691919191919192,527188.1001035634,1,2.009734948567952,0.6397185027382513,4.038314788819186e-06,4.038314788819186e-06,True,-0.4249772254194465,0.9051995809089989,2.0135943643647664e+19,2.6116525460114547e+17,CONVERGED
S5,S5_tauth_01ps,Fast Retardation Lag (tau_theta=0.1ps),0.9691919191919192,527188.1001035634,2,2.009731799601812,0.6397175003911976,-7.323551115332462e-06,7.323551115332462e-06,True,-0.42497920350380053,-0.9052112039732911,2.0135943643647664e+19,2.6116525460114547e+17,CONVERGED
S5,S5_tauth_01ps,Fast Retardation Lag (tau_theta=0.1ps),0.9691919191919192,527188.1001035634,3,3.141557241223681,0.9999887278937735,-0.4983974032016619,0.4983974032016619,False,-1.646081150326687,-5.829162836963426e-05,2.0135943643647664e+19,2.6116525460114547e+17,CONVERGED
S5,S5_tauth_01ps,Fast Retardation Lag (tau_theta=0.1ps),0.9691919191919192,527188.1001035634,4,4.3199805414737614e-05,1.3750925144727035e-05,-4.133368471064796,4.133368471064796,False,62.387720561161906,-0.002695137390187795,2.0135943643647664e+19,2.6116525460114547e+17,CONVERGED
S5,S5_tauth_01ps,Fast Retardation Lag (tau_theta=0.1ps),0.9868686868686869,536803.3077656921,0,9.036649650406442e-06,2.8764549217036664e-06,4.152235768720896,4.152235768720896,False,0.015729210266078212,1.4213936245599417e-07,2.5535397927054344e+19,3.2118377167341485e+17,CONVERGED
S5,S5_tauth_01ps,Fast Retardation Lag (tau_theta=0.1ps),0.9868686868686869,536803.3077656921,1,1.9381165050091498,0.6169216441203886,3.274908648698966e-05,3.274908648698966e-05,True,-0.3591039048459321,-0.9332624976373948,2.5535397927054344e+19,3.2118377167341485e+17,CONVERGED
S5,S5_tauth_01ps,Fast Retardation Lag (tau_theta=0.1ps),0.9868686868686869,536803.3077656921,2,1.9381303880679523,0.616926063235256,4.757024100136943e-06,4.757024100136943e-06,True,-0.35912691391174034,0.9332836362549638,2.5535397927054344e+19,3.2118377167341485e+17,CONVERGED
S5,S5_tauth_01ps,Fast Retardation Lag (tau_theta=0.1ps),0.9868686868686869,536803.3077656921,3,3.141563072466441,0.9999905840359926,-0.5924271553716629,0.5924271553716629,False,-1.8083722928041146,5.349368387593264e-05,2.5535397927054344e+19,3.2118377167341485e+17,CONVERGED
S5,S5_tauth_01ps,Fast Retardation Lag (tau_theta=0.1ps),0.9868686868686869,536803.3077656921,4,3.425785703224305e-06,1.090461457283386e-06,-4.152253974055579,4.152253974055579,False,63.57714014481403,-0.00021780165776084397,2.5535397927054344e+19,3.2118377167341485e+17,CONVERGED
S5,S5_tauth_01ps,Fast Retardation Lag (tau_theta=0.1ps),1.0045454545454544,546418.5154278205,0,7.130270568495897e-06,2.2696356131175616e-06,4.171020997573689,4.171020997573689,False,0.01543649145467872,1.1006636070199938e-07,2.233203478593291e+19,8.135310228918306e+16,CONVERGED
S5,S5_tauth_01ps,Fast Retardation Lag (tau_theta=0.1ps),1.0045454545454544,546418.5154278205,1,1.8658738080811907,0.59392607948364,-1.0052762846206945e-05,1.0052762846206945e-05,True,-0.2908169070102813,-0.9567892308783493,2.233203478593291e+19,8.135310228918306e+16,CONVERGED
S5,S5_tauth_01ps,Fast Retardation Lag (tau_theta=0.1ps),1.0045454545454544,546418.5154278205,2,1.8658518474869263,0.5939190892093791,-1.0120905884541377e-05,1.0120905884541377e-05,True,-0.2907959150957778,0.9567956823586973,2.233203478593291e+19,8.135310228918306e+16,CONVERGED
S5,S5_tauth_01ps,Fast Retardation Lag (tau_theta=0.1ps),1.0045454545454544,546418.5154278205,3,3.141588215298734,0.9999985872480781,-0.6731783392300822,0.6731783392300822,False,-1.96045843092011,8.70108512568048e-06,2.233203478593291e+19,8.135310228918306e+16,CONVERGED
S5,S5_tauth_01ps,Fast Retardation Lag (tau_theta=0.1ps),1.0045454545454544,546418.5154278205,4,1.140725539741393e-05,3.63104216722026e-06,-4.171025944333065,4.171025944333065,False,64.78188062469543,0.0007389834574427354,2.233203478593291e+19,8.135310228918306e+16,CONVERGED
S5,S5_tauth_01ps,Fast Retardation Lag (tau_theta=0.1ps),1.0222222222222221,556033.7230899491,0,4.363460612652245e-05,1.3889326509807896e-05,4.189728612766188,4.189728612766188,False,0.015150395924798409,6.610815592590112e-07,2.3764132677092864e+19,9.899705138850842e+16,CONVERGED
S5,S5_tauth_01ps,Fast Retardation Lag (tau_theta=0.1ps),1.0222222222222221,556033.7230899491,1,1.7928147312945184,0.5706706530669814,-1.5395152157175816e-05,1.5395152157175816e-05,True,-0.22020232303962214,0.9754700034887257,2.3764132677092864e+19,9.899705138850842e+16,CONVERGED
S5,S5_tauth_01ps,Fast Retardation Lag (tau_theta=0.1ps),1.0222222222222221,556033.7230899491,2,1.7928188693297555,0.5706719702445068,-2.164274310763726e-05,2.164274310763726e-05,True,-0.22020773533054103,-0.9754751866263128,2.3764132677092864e+19,9.899705138850842e+16,CONVERGED
S5,S5_tauth_01ps,Fast Retardation Lag (tau_theta=0.1ps),1.0222222222222221,556033.7230899491,3,3.1415817413444893,0.9999965265244394,-0.7435633185177725,0.7435633185177725,False,-2.1034173223158628,2.2953005798429894e-05,2.3764132677092864e+19,9.899705138850842e+16,CONVERGED
S5,S5_tauth_01ps,Fast Retardation Lag (tau_theta=0.1ps),1.0222222222222221,556033.7230899491,4,2.723018971781147e-05,8.667638589839596e-06,-4.189710492435604,4.189710492435604,False,66.00367960510492,0.0017972927181648714,2.3764132677092864e+19,9.899705138850842e+16,CONVERGED
S5,S5_tauth_01ps,Fast Retardation Lag (tau_theta=0.1ps),1.0398989898989899,565648.9307520777,0,1.378126921176007e-05,4.386714234263527e-06,4.2082104298163285,4.2082104298163285,False,0.014872960742179135,2.049682759768856e-07,2.811091283632719e+19,1.9755423391274525e+17,CONVERGED
S5,S5_tauth_01ps,Fast Retardation Lag (tau_theta=0.1ps),1.0398989898989899,565648.9307520777,1,1.718852869893927,0.5471278613826178,3.7999757192884524e-05,3.7999757192884524e-05,True,-0.1475106120187668,-0.9890220537052513,2.811091283632719e+19,1.9755423391274525e+17,CONVERGED
S5,S5_tauth_01ps,Fast Retardation Lag (tau_theta=0.1ps),1.0398989898989899,565648.9307520777,2,1.7188253142799161,0.5471190901582583,-2.0873766013604735e-05,2.0873766013604735e-05,True,-0.1474920419733574,0.9890843472414256,2.811091283632719e+19,1.9755423391274525e+17,CONVERGED
S5,S5_tauth_01ps,Fast Retardation Lag (tau_theta=0.1ps),1.0398989898989899,565648.9307520777,3,3.1413755451838266,0.9999308922480072,-0.8048781092455072,0.8048781092455072,False,-2.2364238301030923,-0.0004855464204482029,2.811091283632719e+19,1.9755423391274525e+17,CONVERGED
S5,S5_tauth_01ps,Fast Retardation Lag (tau_theta=0.1ps),1.0398989898989899,565648.9307520777,4,2.1763809917023273e-06,6.927635857613333e-07,-4.208260979466033,4.208260979466033,False,67.23950719468519,-0.00014633878535017577,2.811091283632719e+19,1.9755423391274525e+17,CONVERGED
S5,S5_tauth_01ps,Fast Retardation Lag (tau_theta=0.1ps),1.0575757575757576,575264.1384142063,0,0.0001364298056550952,4.342695591015004e-05,4.2267662675287125,4.2267662675287125,False,0.014599525119838933,-1.9918103871142226e-06,2.6232682233174094e+19,1.1872996788925888e+17,CONVERGED
S5,S5_tauth_01ps,Fast Retardation Lag (tau_theta=0.1ps),1.0575757575757576,575264.1384142063,1,1.6437872951074282,0.5232337468160067,-4.116464629934671e-06,4.116464629934671e-06,True,-0.07292647366917294,-0.9973414472493008,2.6232682233174094e+19,1.1872996788925888e+17,CONVERGED
S5,S5_tauth_01ps,Fast Retardation Lag (tau_theta=0.1ps),1.0575757575757576,575264.1384142063,2,1.6438522903604489,0.5232544354475981,-8.43076837146739e-06,8.43076837146739e-06,True,-0.0729916108821054,0.997341008090881,2.6232682233174094e+19,1.1872996788925888e+17,CONVERGED
S5,S5_tauth_01ps,Fast Retardation Lag (tau_theta=0.1ps),1.0575757575757576,575264.1384142063,3,3.1415899678383243,0.9999991450987556,-0.8589141491049835,0.8589141491049835,False,-2.3605960462073314,-6.33997429866088e-06,2.6232682233174094e+19,1.1872996788925888e+17,CONVERGED
S5,S5_tauth_01ps,Fast Retardation Lag (tau_theta=0.1ps),1.0575757575757576,575264.1384142063,4,2.9268520745633916e-06,9.316459507310649e-07,-4.226717031333302,4.226717031333302,False,68.49200556170777,-0.00020046596856986416,2.6232682233174094e+19,1.1872996788925888e+17,CONVERGED
S5,S5_tauth_01ps,Fast Retardation Lag (tau_theta=0.1ps),1.0752525252525253,584879.3460763348,0,6.938675466569091e-07,2.2086489980298683e-07,4.245028925958059,4.245028925958059,False,0.01433531901017427,9.946812632135369e-09,3.321766833986202e+19,1.0571069296970864e+17,CONVERGED
S5,S5_tauth_01ps,Fast Retardation Lag (tau_theta=0.1ps),1.0752525252525253,584879.3460763348,1,1.567543626120965,0.4989646332186909,2.515306777120863e-05,2.515306777120863e-05,True,0.003252613124078345,0.9999695573554502,3.321766833986202e+19,1.0571069296970864e+17,CONVERGED
S5,S5_tauth_01ps,Fast Retardation Lag (tau_theta=0.1ps),1.0752525252525253,584879.3460763348,2,1.5675402511958763,0.49896355894667005,-1.0900467764584473e-05,1.0900467764584473e-05,True,0.0032561053384002198,-1.0000055994599213,3.321766833986202e+19,1.0571069296970864e+17,CONVERGED
S5,S5_tauth_01ps,Fast Retardation Lag (tau_theta=0.1ps),1.0752525252525253,584879.3460763348,3,3.1415848958391868,0.9999975306312875,-0.9067850855126074,0.9067850855126074,False,-2.476348473634459,-1.921089387303833e-05,3.321766833986202e+19,1.0571069296970864e+17,CONVERGED
S5,S5_tauth_01ps,Fast Retardation Lag (tau_theta=0.1ps),1.0752525252525253,584879.3460763348,4,2.42331804290844e-07,7.71366090425312e-08,-4.245100972500941,4.245100972500941,False,69.76280391306541,-1.6905746144641825e-05,3.321766833986202e+19,1.0571069296970864e+17,CONVERGED
S5,S5_tauth_01ps,Fast Retardation Lag (tau_theta=0.1ps),1.0929292929292929,594494.5537384634,0,3.2280546607428796e-06,1.027521711656121e-06,4.2633595577832955,4.2633595577832955,False,0.014074937326527408,-4.543466703671854e-08,2.9281307014390993e+19,9.80482973511289e+16,CONVERGED
S5,S5_tauth_01ps,Fast Retardation Lag (tau_theta=0.1ps),1.0929292929292929,594494.5537384634,1,1.4897999758659934,0.4742180607545185,1.1856198994994297e-05,1.1856198994994297e-05,True,0.08090685919108756,-0.9967097712067341,2.9281307014390993e+19,9.80482973511289e+16,CONVERGED
S5,S5_tauth_01ps,Fast Retardation Lag (tau_theta=0.1ps),1.0929292929292929,594494.5537384634,2,1.4897721408712825,0.47420920060052013,-2.2357663615557054e-05,2.2357663615557054e-05,True,0.08093737170369494,0.996741620576102,2.9281307014390993e+19,9.80482973511289e+16,CONVERGED
S5,S5_tauth_01ps,Fast Retardation Lag (tau_theta=0.1ps),1.0929292929292929,594494.5537384634,3,3.141589936155428,0.9999991350137766,-0.9491830156185311,0.9491830156185311,False,-2.583598037598063,7.020758093366182e-06,2.9281307014390993e+19,9.80482973511289e+16,CONVERGED
S5,S5_tauth_01ps,Fast Retardation Lag (tau_theta=0.1ps),1.0929292929292929,594494.5537384634,4,5.678133994660354e-05,1.80740618557665e-05,-4.263394170987384,4.263394170987384,False,71.05073287260856,-0.004034355821030656,2.9281307014390993e+19,9.80482973511289e+16,CONVERGED
S5,S5_tauth_01ps,Fast Retardation Lag (tau_theta=0.1ps),1.1106060606060606,604109.761400592,0,0.0009458879389395166,0.0003010854821864579,4.281588312779882,4.281588312779882,False,0.013820686878126383,1.3072824924649172e-05,2.6898316131507225e+19,9.020272319325338e+16,CONVERGED
S5,S5_tauth_01ps,Fast Retardation Lag (tau_theta=0.1ps),1.1106060606060606,604109.761400592,1,1.410331981036245,0.44892261236500713,6.930903307574887e-05,6.930903307574887e-05,True,0.1597655306455847,-0.9870847819505797,2.6898316131507225e+19,9.020272319325338e+16,CONVERGED
S5,S5_tauth_01ps,Fast Retardation Lag (tau_theta=0.1ps),1.1106060606060606,604109.761400592,2,1.4102241013808556,0.4488882732041787,-8.453072765779992e-05,8.453072765779992e-05,True,0.1598966126464363,0.9872194026715664,2.6898316131507225e+19,9.020272319325338e+16,CONVERGED
S5,S5_tauth_01ps,Fast Retardation Lag (tau_theta=0.1ps),1.1106060606060606,604109.761400592,3,3.141591908081917,0.9999997626974727,-0.9869075776409016,0.9869075776409016,False,-2.6829248936781784,-2.000141640061709e-06,2.6898316131507225e+19,9.020272319325338e+16,CONVERGED
S5,S5_tauth_01ps,Fast Retardation Lag (tau_theta=0.1ps),1.1106060606060606,604109.761400592,4,4.637186578363267e-06,1.4760623319718132e-06,-4.281515749006667,4.281515749006667,False,72.35002140970103,0.0003355005482277654,2.6898316131507225e+19,9.020272319325338e+16,CONVERGED
S5,S5_tauth_01ps,Fast Retardation Lag (tau_theta=0.1ps),1.1282828282828283,613724.9690627207,0,6.444129887797593e-05,2.0512302511384157e-05,4.29965477366596,4.29965477366596,False,0.01357324401655602,8.746774756253371e-07,2.75445871399565e+19,1.9980225705024077e+17,CONVERGED
S5,S5_tauth_01ps,Fast Retardation Lag (tau_theta=0.1ps),1.1282828282828283,613724.9690627207,1,1.3287124731638882,0.4229423161037803,3.446823928686075e-06,3.446823928686075e-06,True,0.2397254087301069,-0.9708371824281798,2.75445871399565e+19,1.9980225705024077e+17,CONVERGED
S5,S5_tauth_01ps,Fast Retardation Lag (tau_theta=0.1ps),1.1282828282828283,613724.9690627207,2,1.3286644585613485,0.4229270325811107,-5.2155703667359e-05,5.2155703667359e-05,True,0.23978535511636906,0.9708796528507926,2.75445871399565e+19,1.9980225705024077e+17,CONVERGED
S5,S5_tauth_01ps,Fast Retardation Lag (tau_theta=0.1ps),1.1282828282828283,613724.9690627207,3,3.141542014687133,0.9999838811366578,-1.0203743423163838,1.0203743423163838,False,-2.7742330788901906,0.00014048411895901917,2.75445871399565e+19,1.9980225705024077e+17,CONVERGED
S5,S5_tauth_01ps,Fast Retardation Lag (tau_theta=0.1ps),1.1282828282828283,613724.9690627207,4,4.664837369109089e-05,1.4848638520270075e-05,-4.2996125316949,4.2996125316949,False,73.67124281691065,-0.0034366436677031363,2.75445871399565e+19,1.9980225705024077e+17,CONVERGED
S5,S5_tauth_01ps,Fast Retardation Lag (tau_theta=0.1ps),1.145959595959596,623340.1767248492,0,7.058598289744671e-06,2.246821618225726e-06,4.317626533682471,4.317626533682471,False,0.013331487858780765,-9.410161740130459e-08,3.7522701215856976e+19,1.9665578932234355e+17,CONVERGED
S5,S5_tauth_01ps,Fast Retardation Lag (tau_theta=0.1ps),1.145959595959596,623340.1767248492,1,1.2445449766483636,0.39615096986754905,2.48482941568334e-05,2.48482941568334e-05,True,0.3204864147840932,0.9472268802063102,3.7522701215856976e+19,1.9665578932234355e+17,CONVERGED
S5,S5_tauth_01ps,Fast Retardation Lag (tau_theta=0.1ps),1.145959595959596,623340.1767248492,2,1.2444835737312563,0.39613142471199325,-4.5968817040135734e-05,4.5968817040135734e-05,True,0.32056727751822045,-0.9472742804726783,3.7522701215856976e+19,1.9665578932234355e+17,CONVERGED
S5,S5_tauth_01ps,Fast Retardation Lag (tau_theta=0.1ps),1.145959595959596,623340.1767248492,3,3.141571860242439,0.9999933812719703,-1.0501279170330209,1.0501279170330209,False,-2.8580166830782816,-5.942773364379476e-05,3.7522701215856976e+19,1.9665578932234355e+17,CONVERGED
S5,S5_tauth_01ps,Fast Retardation Lag (tau_theta=0.1ps),1.145959595959596,623340.1767248492,4,1.868138342163836e-05,5.946469030697461e-06,-4.317572297858762,4.317572297858762,False,75.00631407686542,0.0014012217124767597,3.7522701215856976e+19,1.9665578932234355e+17,CONVERGED
S5,S5_tauth_01ps,Fast Retardation Lag (tau_theta=0.1ps),1.1636363636363636,632955.3843869776,0,0.00019670182741175115,6.261213629557815e-05,4.3361111002572335,4.3361111002572335,False,0.01308732440857818,2.5743006602990216e-06,2.9522471881757872e+19,8.189988475688757e+16,CONVERGED
S5,S5_tauth_01ps,Fast Retardation Lag (tau_theta=0.1ps),1.1636363636363636,632955.3843869776,1,1.1571800174384328,0.36834183964498446,-6.903462457020976e-06,6.903462457020976e-06,True,0.401926081597687,-0.9156796557485372,2.9522471881757872e+19,8.189988475688757e+16,CONVERGED
S5,S5_tauth_01ps,Fast Retardation Lag (tau_theta=0.1ps),1.1636363636363636,632955.3843869776,2,1.1571933587246872,0.36834608630829363,-5.4809750556306074e-05,5.4809750556306074e-05,True,0.40193311988013736,0.9157288859989996,2.9522471881757872e+19,8.189988475688757e+16,CONVERGED
S5,S5_tauth_01ps,Fast Retardation Lag (tau_theta=0.1ps),1.1636363636363636,632955.3843869776,3,3.141577889742995,0.9999953005216061,-1.0764987700707893,1.0764987700707893,False,-2.934387578364231,-4.3322848656090026e-05,2.9522471881757872e+19,8.189988475688757e+16,CONVERGED
S5,S5_tauth_01ps,Fast Retardation Lag (tau_theta=0.1ps),1.1636363636363636,632955.3843869776,4,7.29969337983148e-05,2.3235645689107288e-05,-4.335477629689138,4.335477629689138,False,76.36142246010508,-0.005574149709966155,2.9522471881757872e+19,8.189988475688757e+16,CONVERGED
S5,S5_tauth_01ps,Fast Retardation Lag (tau_theta=0.1ps),1.1813131313131313,642570.5920491063,0,0.0002476870060295218,7.884122269846096e-05,4.353544780765764,4.353544780765764,False,0.012861141359345943,3.185537662561878e-06,3.5118956508464685e+19,1.9822867971265926e+17,CONVERGED
S5,S5_tauth_01ps,Fast Retardation Lag (tau_theta=0.1ps),1.1813131313131313,642570.5920491063,1,1.0659828103542768,0.33931286703774716,-6.373561456537794e-06,6.373561456537794e-06,True,0.4836473088073868,-0.8752702599126342,3.5118956508464685e+19,1.9822867971265926e+17,CONVERGED
S5,S5_tauth_01ps,Fast Retardation Lag (tau_theta=0.1ps),1.1813131313131313,642570.5920491063,2,1.0659535928612782,0.3393035668208762,-2.5447479847595922e-05,2.5447479847595922e-05,True,0.4836821074286978,0.8752728233003692,3.5118956508464685e+19,1.9822867971265926e+17,CONVERGED
S5,S5_tauth_01ps,Fast Retardation Lag (tau_theta=0.1ps),1.1813131313131313,642570.5920491063,3,3.1415904680330713,0.9999993043156886,-1.0998490490497237,1.0998490490497237,False,-3.0037125764481827,-6.564784212649309e-06,3.5118956508464685e+19,1.9822867971265926e+17,CONVERGED
S5,S5_tauth_01ps,Fast Retardation Lag (tau_theta=0.1ps),1.1813131313131313,642570.5920491063,4,0.00011016533594117778,3.5066715544835365e-05,-4.3533044953433855,4.3533044953433855,False,77.73491316021855,-0.008563692857297895,3.5118956508464685e+19,1.9822867971265926e+17,CONVERGED
S5,S5_tauth_01ps,Fast Retardation Lag (tau_theta=0.1ps),1.198989898989899,652185.7997112349,0,0.0008104189319427298,0.00025796435798787953,4.371584910282851,4.371584910282851,False,0.012631201219975479,1.0236566842899848e-05,2.8885241804209852e+19,1.1474998409893082e+17,CONVERGED
S5,S5_tauth_01ps,Fast Retardation Lag (tau_theta=0.1ps),1.198989898989899,652185.7997112349,1,0.9696971730725942,0.308664196793481,2.1833992880158305e-05,2.1833992880158305e-05,True,0.5655369547777646,-0.8246964809845893,2.8885241804209852e+19,1.1474998409893082e+17,CONVERGED
S5,S5_tauth_01ps,Fast Retardation Lag (tau_theta=0.1ps),1.198989898989899,652185.7997112349,2,0.9696133884240108,0.3086375273115265,-9.776439052258002e-05,9.776439052258002e-05,True,0.565673699312032,0.8247477273716394,2.8885241804209852e+19,1.1474998409893082e+17,CONVERGED
S5,S5_tauth_01ps,Fast Retardation Lag (tau_theta=0.1ps),1.198989898989899,652185.7997112349,3,3.1415883593670326,0.9999986331064419,-1.1202573381857697,1.1202573381857697,False,-3.065643008775597,1.316455398377979e-05,2.8885241804209852e+19,1.1474998409893082e+17,CONVERGED
S5,S5_tauth_01ps,Fast Retardation Lag (tau_theta=0.1ps),1.198989898989899,652185.7997112349,4,5.7486757319304827e-05,1.8298603179383116e-05,-4.371046115172989,4.371046115172989,False,79.12636357732782,0.004548718065539682,2.8885241804209852e+19,1.1474998409893082e+17,CONVERGED
S5,S5_tauth_01ps,Fast Retardation Lag (tau_theta=0.1ps),1.2166666666666666,661801.0073733634,0,0.0003276494856618724,0.00010429407048920815,4.3881291391783295,4.3881291391783295,False,0.012423950307582176,-4.070701073836895e-06,3.312537885736039e+19,9.38848576264426e+16,CONVERGED
S5,S5_tauth_01ps,Fast Retardation Lag (tau_theta=0.1ps),1.2166666666666666,661801.0073733634,1,0.8663095174821769,0.27575488390968633,6.656138598490638e-05,6.656138598490638e-05,True,0.6475997856885646,-0.7618933020210891,3.312537885736039e+19,9.38848576264426e+16,CONVERGED
S5,S5_tauth_01ps,Fast Retardation Lag (tau_theta=0.1ps),1.2166666666666666,661801.0073733634,2,0.8662983622885282,0.27575133310126565,4.6490709407609205e-05,4.6490709407609205e-05,True,0.6476212827824658,0.7619013695951835,3.312537885736039e+19,9.38848576264426e+16,CONVERGED
S5,S5_tauth_01ps,Fast Retardation Lag (tau_theta=0.1ps),1.2166666666666666,661801.0073733634,3,3.141547380646903,0.9999855891747015,-1.1381556262935146,1.1381556262935146,False,-3.121006747547038,-0.00014129716033849202,3.312537885736039e+19,9.38848576264426e+16,CONVERGED
S5,S5_tauth_01ps,Fast Retardation Lag (tau_theta=0.1ps),1.2166666666666666,661801.0073733634,4,9.013917993127696e-05,2.8692192104625e-05,-4.388854867249022,4.388854867249022,False,80.54812752130448,0.007260542179434448,3.312537885736039e+19,9.38848576264426e+16,CONVERGED
S5,S5_tauth_01ps,Fast Retardation Lag (tau_theta=0.1ps),1.2343434343434343,671416.215035492,0,1.666322427124168e-05,5.304069021233917e-06,4.367701989604037,4.367701989604037,False,0.012680346678857904,-2.1129546056646018e-07,3.695134279693101e+19,1.8012059568330992e+17,CONVERGED
S5,S5_tauth_01ps,Fast Retardation Lag (tau_theta=0.1ps),1.2343434343434343,671416.215035492,1,0.7535505430357333,0.23986258758743795,7.511584697221614e-06,7.511584697221614e-06,True,0.7292585963379218,0.6842272112468905,3.695134279693101e+19,1.8012059568330992e+17,CONVERGED
S5,S5_tauth_01ps,Fast Retardation Lag (tau_theta=0.1ps),1.2343434343434343,671416.215035492,2,0.753531082720863,0.23985639317682647,-2.587538546501951e-05,2.587538546501951e-05,True,0.7292962600628172,-0.6842358636964391,3.695134279693101e+19,1.8012059568330992e+17,CONVERGED
S5,S5_tauth_01ps,Fast Retardation Lag (tau_theta=0.1ps),1.2343434343434343,671416.215035492,3,3.1415835667600334,0.9999971075722534,-1.1536310917855768,1.1536310917855768,False,-3.169681443227806,2.880235566871779e-05,3.695134279693101e+19,1.8012059568330992e+17,CONVERGED
S5,S5_tauth_01ps,Fast Retardation Lag (tau_theta=0.1ps),1.2343434343434343,671416.215035492,4,2.819323724897789e-05,8.97418613987476e-06,-4.4061913922112605,4.4061913922112605,False,81.95672727494204,0.002310625456824425,3.695134279693101e+19,1.8012059568330992e+17,CONVERGED
S5,S5_tauth_01ps,Fast Retardation Lag (tau_theta=0.1ps),1.252020202020202,681031.4226976206,0,0.0015002004720451544,0.00047752864150956217,4.423581431023212,4.423581431023212,False,0.011991196105540974,1.798921155343585e-05,4.2339693843205325e+19,2.1404961328548058e+17,CONVERGED
S5,S5_tauth_01ps,Fast Retardation Lag (tau_theta=0.1ps),1.252020202020202,681031.4226976206,1,0.6257194472261441,0.19917268602953836,8.199831789292212e-05,8.199831789292212e-05,True,0.8104755026997998,-0.5856325437801712,4.2339693843205325e+19,2.1404961328548058e+17,CONVERGED
S5,S5_tauth_01ps,Fast Retardation Lag (tau_theta=0.1ps),1.252020202020202,681031.4226976206,2,0.6256266367605565,0.1991431435408005,-0.00010720388611034308,0.00010720388611034308,True,0.8106832205809351,0.5856681198663052,4.2339693843205325e+19,2.1404961328548058e+17,CONVERGED
S5,S5_tauth_01ps,Fast Retardation Lag (tau_theta=0.1ps),1.252020202020202,681031.4226976206,3,3.141585924497764,0.9999978580634822,-1.1668373933341443,1.1668373933341443,False,-3.211818839402116,-2.1612624550950076e-05,4.2339693843205325e+19,2.1404961328548058e+17,CONVERGED
S5,S5_tauth_01ps,Fast Retardation Lag (tau_theta=0.1ps),1.252020202020202,681031.4226976206,4,2.4076195331444112e-05,7.663690995690687e-06,4.325988290452118,4.325988290452118,False,0.0132204779620961,-3.1829880985197994e-07,4.2339693843205325e+19,2.1404961328548058e+17,CONVERGED
S5,S5_tauth_01ps,Fast Retardation Lag (tau_theta=0.1ps),1.2696969696969698,690646.6303597492,0,0.0003682755115394842,0.00011722573616241051,-4.441019471230171,4.441019471230171,False,84.86140560234898,-0.031252378971052,3.863440234856252e+19,6.362382251187592e+16,CONVERGED
S5,S5_tauth_01ps,Fast Retardation Lag (tau_theta=0.1ps),1.2696969696969698,690646.6303597492,1,0.47087325858106194,0.14988361334592848,0.00011231257328261656,0.00011231257328261656,True,0.891072377212425,-0.4536137328705689,3.863440234856252e+19,6.362382251187592e+16,CONVERGED
S5,S5_tauth_01ps,Fast Retardation Lag (tau_theta=0.1ps),1.2696969696969698,690646.6303597492,2,0.47080067827353034,0.14986051031649888,-0.00017612918799320926,0.00017612918799320926,True,0.8913623673442519,0.4536798987267397,3.863440234856252e+19,6.362382251187592e+16,CONVERGED
S5,S5_tauth_01ps,Fast Retardation Lag (tau_theta=0.1ps),1.2696969696969698,690646.6303597492,3,3.1415670323736085,0.9999918445135924,-1.177822160330313,1.177822160330313,False,-3.2472944087102014,-8.319963207885815e-05,3.863440234856252e+19,6.362382251187592e+16,CONVERGED
S5,S5_tauth_01ps,Fast Retardation Lag (tau_theta=0.1ps),1.2696969696969698,690646.6303597492,4,7.565790478725365e-05,2.408265906173478e-05,4.287455155572232,4.287455155572232,False,0.013739846576631626,-1.0395280060697291e-06,3.863440234856252e+19,6.362382251187592e+16,CONVERGED
S5,S5_tauth_01ps,Fast Retardation Lag (tau_theta=0.1ps),1.2873737373737373,700261.8380218776,0,0.0004941169895373237,0.00015728232270110278,-4.4584232050322,4.4584232050322,False,86.35123294550833,0.042667614738326254,3.4330538774748574e+19,4.611961091188142e+17,CONVERGED
S5,S5_tauth_01ps,Fast Retardation Lag (tau_theta=0.1ps),1.2873737373737373,700261.8380218776,1,0.24058726928827084,0.07658130630441849,0.00033553278350510534,0.00033553278350510534,True,0.9708723977321112,-0.23819308736617528,3.4330538774748574e+19,4.611961091188142e+17,CONVERGED
S5,S5_tauth_01ps,Fast Retardation Lag (tau_theta=0.1ps),1.2873737373737373,700261.8380218776,2,0.24052068486811506,0.07656011182521709,-0.0002440380277641375,0.0002440380277641375,True,0.971451117115759,0.23826649415847487,3.4330538774748574e+19,4.611961091188142e+17,CONVERGED
S5,S5_tauth_01ps,Fast Retardation Lag (tau_theta=0.1ps),1.2873737373737373,700261.8380218776,3,3.1415768825315165,0.999994979916235,-1.1871991719043116,1.1871991719043116,False,-3.277887538529547,-5.169575539921447e-05,3.4330538774748574e+19,4.611961091188142e+17,CONVERGED
S5,S5_tauth_01ps,Fast Retardation Lag (tau_theta=0.1ps),1.2873737373737373,700261.8380218776,4,5.158990353129262e-05,1.6421576321278496e-05,4.252843720121077,4.252843720121077,False,0.014223728022064779,-7.338007571646735e-07,3.4330538774748574e+19,4.611961091188142e+17,CONVERGED
S5,S5_tauth_01ps,Fast Retardation Lag (tau_theta=0.1ps),1.305050505050505,709877.0456840061,0,0.00021727960794580483,6.91622472752878e-05,4.219157615705848,4.219157615705848,False,0.014711031281547797,3.1964071596344262e-06,4.992038437631411e+19,7.137149140575879e+16,CONVERGED
S5,S5_tauth_01ps,Fast Retardation Lag (tau_theta=0.1ps),1.305050505050505,709877.0456840061,1,1.385286650994983e-05,4.409504362101376e-06,0.31499531841806155,0.31499531841806155,False,0.7297922907734427,-1.0109715184721682e-05,4.992038437631411e+19,7.137149140575879e+16,CONVERGED
S5,S5_tauth_01ps,Fast Retardation Lag (tau_theta=0.1ps),1.305050505050505,709877.0456840061,2,1.6744738065049277e-05,5.3300156676632225e-06,-0.31498285625780953,0.31498285625780953,False,1.3702358195939017,2.2944239888592415e-05,4.992038437631411e+19,7.137149140575879e+16,CONVERGED
S5,S5_tauth_01ps,Fast Retardation Lag (tau_theta=0.1ps),1.305050505050505,709877.0456840061,3,3.1415436660125806,0.9999844067698731,-1.194285872238818,1.194285872238818,False,-3.301199446397174,0.00016171776290462245,4.992038437631411e+19,7.137149140575879e+16,CONVERGED
S5,S5_tauth_01ps,Fast Retardation Lag (tau_theta=0.1ps),1.305050505050505,709877.0456840061,4,0.00014643541869776227,4.6611841458960444e-05,4.475213921245233,4.475213921245233,False,0.011387785652519774,1.667575171986559e-06,4.992038437631411e+19,7.137149140575879e+16,CONVERGED
S5,S5_tauth_01ps,Fast Retardation Lag (tau_theta=0.1ps),1.3227272727272728,719492.2533461349,0,4.844104621582082e-05,1.541926390758167e-05,4.187272192024979,4.187272192024979,False,0.015187657414440702,7.357060152984291e-07,5.933425446849283e+19,4.7655520874922456e+16,CONVERGED
S5,S5_tauth_01ps,Fast Retardation Lag (tau_theta=0.1ps),1.3227272727272728,719492.2533461349,1,1.4140593970081267e-05,4.5010908571877645e-06,0.4999537463686796,0.4999537463686796,False,0.606558714546325,8.57710050198569e-06,5.933425446849283e+19,4.7655520874922456e+16,CONVERGED
S5,S5_tauth_01ps,Fast Retardation Lag (tau_theta=0.1ps),1.3227272727272728,719492.2533461349,2,3.381228316955082e-05,1.0762784007313822e-05,-0.500035492954131,0.500035492954131,False,1.6487797887845637,-5.574900912386125e-05,5.933425446849283e+19,4.7655520874922456e+16,CONVERGED
S5,S5_tauth_01ps,Fast Retardation Lag (tau_theta=0.1ps),1.3227272727272728,719492.2533461349,3,3.1415775340224688,0.9999951872922458,-1.19957856426014,1.19957856426014,False,-3.318718001223847,5.017758025476742e-05,5.933425446849283e+19,4.7655520874922456e+16,CONVERGED
S5,S5_tauth_01ps,Fast Retardation Lag (tau_theta=0.1ps),1.3227272727272728,719492.2533461349,4,0.0001950299972569776,6.207997622929354e-05,-4.4923449693301905,4.4923449693301905,False,89.33067646274893,0.017422161806387722,5.933425446849283e+19,4.7655520874922456e+16,CONVERGED
S5,S5_tauth_01ps,Fast Retardation Lag (tau_theta=0.1ps),1.3404040404040405,729107.4610082634,0,2.760421965521444e-05,8.786696016643666e-06,4.509390996336605,4.509390996336605,False,0.011005160314151316,-3.0378886272984334e-07,4.21752245405426e+19,2.7460314808098262e+17,CONVERGED
S5,S5_tauth_01ps,Fast Retardation Lag (tau_theta=0.1ps),1.3404040404040405,729107.4610082634,1,9.645482512865931e-05,3.070252440858098e-05,0.6284665573146674,0.6284665573146674,False,0.5334091240278729,-5.144988393969506e-05,4.21752245405426e+19,2.7460314808098262e+17,CONVERGED
S5,S5_tauth_01ps,Fast Retardation Lag (tau_theta=0.1ps),1.3404040404040405,729107.4610082634,2,5.2872535128334004e-05,1.682985063894847e-05,-0.6283978339000453,0.6283978339000453,False,1.8746047411919102,9.911510512276968e-05,4.21752245405426e+19,2.7460314808098262e+17,CONVERGED
S5,S5_tauth_01ps,Fast Retardation Lag (tau_theta=0.1ps),1.3404040404040405,729107.4610082634,3,3.1415802068012213,0.9999960380641464,-1.2032922896648668,1.2032922896648668,False,-3.3310657225303624,-4.1461070770116955e-05,4.21752245405426e+19,2.7460314808098262e+17,CONVERGED
S5,S5_tauth_01ps,Fast Retardation Lag (tau_theta=0.1ps),1.3404040404040405,729107.4610082634,4,5.4728120491792334e-05,1.7420501804795202e-05,4.157324355573568,4.157324355573568,False,0.01564937408959024,-8.564608316513087e-07,4.21752245405426e+19,2.7460314808098262e+17,CONVERGED
S5,S5_tauth_01ps,Fast Retardation Lag (tau_theta=0.1ps),1.358080808080808,738722.6686703919,0,2.1416285056029485e-06,6.817015258664362e-07,4.526312638205435,4.526312638205435,False,0.01082050170642402,-2.3173494899438456e-08,5.075364920921086e+19,5.719192446007612e+16,CONVERGED
S5,S5_tauth_01ps,Fast Retardation Lag (tau_theta=0.1ps),1.358080808080808,738722.6686703919,1,8.858348343892733e-05,2.8196998531208665e-05,0.7304561331085838,0.7304561331085838,False,0.48168922367932965,4.266970948011788e-05,5.075364920921086e+19,5.719192446007612e+16,CONVERGED
S5,S5_tauth_01ps,Fast Retardation Lag (tau_theta=0.1ps),1.358080808080808,738722.6686703919,2,3.710189607765524e-05,1.180990031768127e-05,-0.7303947474902723,0.7303947474902723,False,2.0758999008039205,-7.701982242258244e-05,5.075364920921086e+19,5.719192446007612e+16,CONVERGED
S5,S5_tauth_01ps,Fast Retardation Lag (tau_theta=0.1ps),1.358080808080808,738722.6686703919,3,3.1415754636726687,0.9999945282794366,-1.2053105598396079,1.2053105598396079,False,-3.3377955018659122,5.7376428060902765e-05,5.075364920921086e+19,5.719192446007612e+16,CONVERGED
S5,S5_tauth_01ps,Fast Retardation Lag (tau_theta=0.1ps),1.358080808080808,738722.6686703919,4,7.467134168068248e-05,2.3768626271568984e-05,4.128391741292155,4.128391741292155,False,0.01610876501789844,1.2028630989409646e-06,5.075364920921086e+19,5.719192446007612e+16,CONVERGED
S5,S5_tauth_01ps,Fast Retardation Lag (tau_theta=0.1ps),1.3757575757575757,748337.8763325205,0,0.0002727207759840592,8.680971916344096e-05,-4.54281729145794,4.54281729145794,False,93.95512308380957,0.025623514710357828,4.551347494237054e+19,9.575274602066483e+16,CONVERGED
S5,S5_tauth_01ps,Fast Retardation Lag (tau_theta=0.1ps),1.3757575757575757,748337.8763325205,1,1.6338870522329018e-05,5.200824016334243e-06,0.8161018277499571,0.8161018277499571,False,0.44215188359703844,7.224262377938763e-06,4.551347494237054e+19,9.575274602066483e+16,CONVERGED
S5,S5_tauth_01ps,Fast Retardation Lag (tau_theta=0.1ps),1.3757575757575757,748337.8763325205,2,9.812368413920407e-06,3.1233738730284277e-06,-0.816057868249154,0.816057868249154,False,2.2615668470048034,-2.219132709623171e-05,4.551347494237054e+19,9.575274602066483e+16,CONVERGED
S5,S5_tauth_01ps,Fast Retardation Lag (tau_theta=0.1ps),1.3757575757575757,748337.8763325205,3,3.141590750519874,0.9999993942340307,-1.2057130884782008,1.2057130884782008,False,-3.3391393310791084,6.354615616008949e-06,4.551347494237054e+19,9.575274602066483e+16,CONVERGED
S5,S5_tauth_01ps,Fast Retardation Lag (tau_theta=0.1ps),1.3757575757575757,748337.8763325205,4,6.226179993839307e-06,1.9818546451987844e-06,4.1003363291705135,4.1003363291705135,False,0.01656710246449223,1.0314976192164027e-07,4.551347494237054e+19,9.575274602066483e+16,CONVERGED
S5,S5_tauth_01ps,Fast Retardation Lag (tau_theta=0.1ps),1.3934343434343435,757953.0839946492,0,1.2682600436125362e-05,4.036997101337558e-06,-4.559760526908654,4.559760526908654,False,95.5605928914958,0.0012119568171470633,4.41922087955458e+19,1.0999649644753376e+17,CONVERGED
S5,S5_tauth_01ps,Fast Retardation Lag (tau_theta=0.1ps),1.3934343434343435,757953.0839946492,1,0.00010032231904361337,3.193358595646651e-05,0.8902118764935675,0.8902118764935675,False,0.4105687516021464,4.118920942575244e-05,4.41922087955458e+19,1.0999649644753376e+17,CONVERGED
S5,S5_tauth_01ps,Fast Retardation Lag (tau_theta=0.1ps),1.3934343434343435,757953.0839946492,2,2.3443399405570726e-05,7.462265796548364e-06,-0.8901636844867898,0.8901636844867898,False,2.4355282761913593,-5.7097062152775255e-05,4.41922087955458e+19,1.0999649644753376e+17,CONVERGED
S5,S5_tauth_01ps,Fast Retardation Lag (tau_theta=0.1ps),1.3934343434343435,757953.0839946492,3,3.141486617603121,0.999966247697151,-1.204388327491251,1.204388327491251,False,-3.334718679609575,0.0003536001867915694,4.41922087955458e+19,1.0999649644753376e+17,CONVERGED
S5,S5_tauth_01ps,Fast Retardation Lag (tau_theta=0.1ps),1.3934343434343435,757953.0839946492,4,0.00033758433707349,0.00010745643191129302,4.072523777031156,4.072523777031156,False,0.01703434235703937,5.75052739053348e-06,4.41922087955458e+19,1.0999649644753376e+17,CONVERGED
S5,S5_tauth_01ps,Fast Retardation Lag (tau_theta=0.1ps),1.4111111111111112,767568.2916567777,0,0.0004176414661980005,0.00013293940757111702,4.044240506318006,4.044240506318006,False,0.017523006688979832,-7.318334631281608e-06,4.30164536615227e+19,1.9735549798649338e+17,CONVERGED
S5,S5_tauth_01ps,Fast Retardation Lag (tau_theta=0.1ps),1.4111111111111112,767568.2916567777,1,2.064688201616134e-05,6.5721066646144705e-06,0.9553568138661432,0.9553568138661432,False,0.38467486265543366,-7.942336504958395e-06,4.30164536615227e+19,1.9735549798649338e+17,CONVERGED
S5,S5_tauth_01ps,Fast Retardation Lag (tau_theta=0.1ps),1.4111111111111112,767568.2916567777,2,5.288107704836932e-06,1.6832569616542706e-06,-0.9554041876806502,0.9554041876806502,False,2.5997211458168517,1.3747605421749738e-05,4.30164536615227e+19,1.9735549798649338e+17,CONVERGED
S5,S5_tauth_01ps,Fast Retardation Lag (tau_theta=0.1ps),1.4111111111111112,767568.2916567777,3,3.1414515187382235,0.9999550753814603,-1.2012099159592728,1.2012099159592728,False,-3.3241363832155795,-0.00046915149815761575,4.30164536615227e+19,1.9735549798649338e+17,CONVERGED
S5,S5_tauth_01ps,Fast Retardation Lag (tau_theta=0.1ps),1.4111111111111112,767568.2916567777,4,4.779607556967858e-06,1.5213963374616246e-06,4.576522824131553,4.576522824131553,False,0.010290616440843819,-4.918510810688933e-08,4.30164536615227e+19,1.9735549798649338e+17,CONVERGED
S5,S5_tauth_01ps,Fast Retardation Lag (tau_theta=0.1ps),1.4287878787878787,777183.4993189061,0,1.4969062507902346e-05,4.764800583168444e-06,4.018099044547628,4.018099044547628,False,0.017987125182340604,2.6925040121203144e-07,4.976139213429129e+19,7.888935317677322e+16,CONVERGED
S5,S5_tauth_01ps,Fast Retardation Lag (tau_theta=0.1ps),1.4287878787878787,777183.4993189061,1,3.904757998295938e-05,1.2429230740128263e-05,1.0136342874188562,1.0136342874188562,False,0.3628977052388267,1.4170277178147372e-05,4.976139213429129e+19,7.888935317677322e+16,CONVERGED
S5,S5_tauth_01ps,Fast Retardation Lag (tau_theta=0.1ps),1.4287878787878787,777183.4993189061,2,1.044825019471356e-05,3.3257813302990423e-06,-1.013610536170658,1.013610536170658,False,2.7555320239868855,-2.8790488007208073e-05,4.976139213429129e+19,7.888935317677322e+16,CONVERGED
S5,S5_tauth_01ps,Fast Retardation Lag (tau_theta=0.1ps),1.4287878787878787,777183.4993189061,3,3.1415884320891094,0.9999986562545978,-1.1971188022733443,1.1971188022733443,False,-3.3105647767955064,1.3975551468913343e-05,4.976139213429129e+19,7.888935317677322e+16,CONVERGED
S5,S5_tauth_01ps,Fast Retardation Lag (tau_theta=0.1ps),1.4287878787878787,777183.4993189061,4,8.943999311076238e-05,2.8469634027365794e-05,4.5927879103585525,4.5927879103585525,False,0.01012459249346695,-9.055434852795959e-07,4.976139213429129e+19,7.888935317677322e+16,CONVERGED
S5,S5_tauth_01ps,Fast Retardation Lag (tau_theta=0.1ps),1.4464646464646465,786798.7069810347,0,0.0005098487985991611,0.00016228991305304138,3.9913184939993767,3.9913184939993767,False,0.018475336029599908,-9.419628694604952e-06,5.08004647983639e+19,4.344997250058882e+16,CONVERGED
S5,S5_tauth_01ps,Fast Retardation Lag (tau_theta=0.1ps),1.4464646464646465,786798.7069810347,1,7.790882001106489e-06,2.47991476304355e-06,1.0658635106385235,1.0658635106385235,False,0.34443030707306427,2.6834158800654096e-06,5.08004647983639e+19,4.344997250058882e+16,CONVERGED
S5,S5_tauth_01ps,Fast Retardation Lag (tau_theta=0.1ps),1.4464646464646465,786798.7069810347,2,5.086657535801423e-06,1.6191333812768722e-06,-1.065847686514442,1.065847686514442,False,2.9032990286354403,-1.4768087882820785e-05,5.08004647983639e+19,4.344997250058882e+16,CONVERGED
S5,S5_tauth_01ps,Fast Retardation Lag (tau_theta=0.1ps),1.4464646464646465,786798.7069810347,3,3.1414162492617925,0.9999438487584318,-1.1912586585997857,1.1912586585997857,False,-3.291221074029134,-0.0005805856478877349,5.08004647983639e+19,4.344997250058882e+16,CONVERGED
S5,S5_tauth_01ps,Fast Retardation Lag (tau_theta=0.1ps),1.4464646464646465,786798.7069810347,4,0.00011145899132539112,3.547849884294536e-05,4.6093969000419905,4.6093969000419905,False,0.009957821997447602,1.1098888002293903e-06,5.08004647983639e+19,4.344997250058882e+16,CONVERGED
S5,S5_tauth_01ps,Fast Retardation Lag (tau_theta=0.1ps),1.4641414141414142,796413.9146431634,0,0.00024390753192437759,7.763817872621793e-05,3.9640607395512397,3.9640607395512397,False,0.018985860343785594,-4.630794429743678e-06,5.514389147100652e+19,4.331664766198861e+16,CONVERGED
S5,S5_tauth_01ps,Fast Retardation Lag (tau_theta=0.1ps),1.4641414141414142,796413.9146431634,1,5.324412297505266e-05,1.6948130724144767e-05,1.113025055394872,1.113025055394872,False,0.32856353286745554,-1.7494077165644092e-05,5.514389147100652e+19,4.331664766198861e+16,CONVERGED
S5,S5_tauth_01ps,Fast Retardation Lag (tau_theta=0.1ps),1.4641414141414142,796413.9146431634,2,1.2597531868278997e-05,4.009918935188564e-06,-1.113030082723918,1.113030082723918,False,3.0435666950545794,3.8341428436210884e-05,5.514389147100652e+19,4.331664766198861e+16,CONVERGED
S5,S5_tauth_01ps,Fast Retardation Lag (tau_theta=0.1ps),1.4641414141414142,796413.9146431634,3,3.141507301794988,0.99997283167991,-1.1837310699811436,1.1837310699811436,False,-3.2665391689670344,-0.00027880498155056057,5.514389147100652e+19,4.331664766198861e+16,CONVERGED
S5,S5_tauth_01ps,Fast Retardation Lag (tau_theta=0.1ps),1.4641414141414142,796413.9146431634,4,0.00215513457958249,0.000686000642737654,-4.624686834566684,4.624686834566684,False,101.97059753434895,0.21976070108095758,5.514389147100652e+19,4.331664766198861e+16,CONVERGED
S5,S5_tauth_01ps,Fast Retardation Lag (tau_theta=0.1ps),1.4818181818181817,806029.1223052919,0,6.452991632566785e-06,2.054051032107287e-06,3.9374890768789133,3.9374890768789133,False,0.0194971090763122,-1.2581468173043092e-07,7.273158382979926e+19,5.959064169810353e+16,CONVERGED
S5,S5_tauth_01ps,Fast Retardation Lag (tau_theta=0.1ps),1.4818181818181817,806029.1223052919,1,2.5076295041091095e-05,7.982032620440861e-06,1.1558560106074383,1.1558560106074383,False,0.3147879596078292,7.893715752163568e-06,7.273158382979926e+19,5.959064169810353e+16,CONVERGED
S5,S5_tauth_01ps,Fast Retardation Lag (tau_theta=0.1ps),1.4818181818181817,806029.1223052919,2,4.867090529438168e-06,1.5492430324716688e-06,-1.1558113394834792,1.1558113394834792,False,3.176599672977679,-1.5460798184288122e-05,7.273158382979926e+19,5.959064169810353e+16,CONVERGED
S5,S5_tauth_01ps,Fast Retardation Lag (tau_theta=0.1ps),1.4818181818181817,806029.1223052919,3,3.1415897166996123,0.9999990651588208,-1.1749831827346084,1.1749831827346084,False,-3.2380884875726372,-9.509910284079178e-06,7.273158382979926e+19,5.959064169810353e+16,CONVERGED
S5,S5_tauth_01ps,Fast Retardation Lag (tau_theta=0.1ps),1.4818181818181817,806029.1223052919,4,8.759602059826591e-05,2.7882679346787007e-05,4.64200505066811,4.64200505066811,False,0.00963835281758529,-8.442813541019633e-07,7.273158382979926e+19,5.959064169810353e+16,CONVERGED
S5,S5_tauth_01ps,Fast Retardation Lag (tau_theta=0.1ps),1.4994949494949494,815644.3299674204,0,0.0006417259434864117,0.0002042677120323454,3.9101327665006145,3.9101327665006145,False,0.02003783640519275,-1.2858801237685753e-05,4.217535217623211e+19,1.0281979832186699e+17,CONVERGED
S5,S5_tauth_01ps,Fast Retardation Lag (tau_theta=0.1ps),1.4994949494949494,815644.3299674204,1,5.282020348021018e-06,1.6813192957990368e-06,1.1946570735643782,1.1946570735643782,False,0.30280777716678137,-1.5994368405488281e-06,4.217535217623211e+19,1.0281979832186699e+17,CONVERGED
S5,S5_tauth_01ps,Fast Retardation Lag (tau_theta=0.1ps),1.4994949494949494,815644.3299674204,2,4.351870358610117e-06,1.3852433585357988e-06,-1.1946261983666535,1.1946261983666535,False,3.3023231259503776,-1.4371282126466877e-05,4.217535217623211e+19,1.0281979832186699e+17,CONVERGED
S5,S5_tauth_01ps,Fast Retardation Lag (tau_theta=0.1ps),1.4994949494949494,815644.3299674204,3,3.1413665965694633,0.9999280438155878,-1.164546811778892,1.164546811778892,False,-3.2044702440030983,-0.0007243930074344378,4.217535217623211e+19,1.0281979832186699e+17,CONVERGED
S5,S5_tauth_01ps,Fast Retardation Lag (tau_theta=0.1ps),1.4994949494949494,815644.3299674204,4,0.000582116006355125,0.00018529327972866263,-4.657620732329449,4.657620732329449,False,105.38502654763421,-0.06134631771278935,4.217535217623211e+19,1.0281979832186699e+17,CONVERGED
S5,S5_tauth_01ps,Fast Retardation Lag (tau_theta=0.1ps),1.5171717171717172,825259.537629549,0,1.4232081595116782e-05,4.530212272700045e-06,3.881929472072175,3.881929472072175,False,0.02061101840454967,2.9333769571181e-07,7.952946633393018e+19,1.0388280697643038e+17,CONVERGED
S5,S5_tauth_01ps,Fast Retardation Lag (tau_theta=0.1ps),1.5171717171717172,825259.537629549,1,5.344322626875297e-06,1.701150727090133e-06,1.229943149687455,1.229943149687455,False,0.2923091950734283,1.562194645289501e-06,7.952946633393018e+19,1.0388280697643038e+17,CONVERGED
S5,S5_tauth_01ps,Fast Retardation Lag (tau_theta=0.1ps),1.5171717171717172,825259.537629549,2,3.6589808980429073e-07,1.164689793204702e-07,-1.229928596529648,1.229928596529648,False,3.4209852573489683,-1.2517319709126832e-06,7.952946633393018e+19,1.0388280697643038e+17,CONVERGED
S5,S5_tauth_01ps,Fast Retardation Lag (tau_theta=0.1ps),1.5171717171717172,825259.537629549,3,3.1415890423104202,0.9999988504940739,-1.1524202148025733,1.1524202148025733,False,-3.1658456718271997,1.1432753172849743e-05,7.952946633393018e+19,1.0388280697643038e+17,CONVERGED
S5,S5_tauth_01ps,Fast Retardation Lag (tau_theta=0.1ps),1.5171717171717172,825259.537629549,4,0.00023770300225169376,7.566321559228198e-05,4.673531163590827,4.673531163590827,False,0.00933923260948532,2.2199636718129072e-06,7.952946633393018e+19,1.0388280697643038e+17,CONVERGED
S5,S5_tauth_01ps,Fast Retardation Lag (tau_theta=0.1ps),1.534848484848485,834874.7452916778,0,0.00018597450136329698,5.9197522362038284e-05,3.853658026269361,3.853658026269361,False,0.02120203643712303,3.9430381997390595e-06,1.857621743022496e+20,7.522290554925498e+16,CONVERGED
S5,S5_tauth_01ps,Fast Retardation Lag (tau_theta=0.1ps),1.534848484848485,834874.7452916778,1,3.892421359573486e-05,1.238996199945192e-05,1.2619504796239214,1.2619504796239214,False,0.28310130409828843,-1.101949563551806e-05,1.857621743022496e+20,7.522290554925498e+16,CONVERGED
S5,S5_tauth_01ps,Fast Retardation Lag (tau_theta=0.1ps),1.534848484848485,834874.7452916778,2,9.985155922495955e-06,3.178373845217091e-06,-1.2619711162778495,1.2619711162778495,False,3.5323773560303278,3.527133867822905e-05,1.857621743022496e+20,7.522290554925498e+16,CONVERGED
S5,S5_tauth_01ps,Fast Retardation Lag (tau_theta=0.1ps),1.534848484848485,834874.7452916778,3,3.14152810247863,0.9999794527431527,-1.138898414884642,1.138898414884642,False,-3.123325853642959,0.00020161415465733007,1.857621743022496e+20,7.522290554925498e+16,CONVERGED
S5,S5_tauth_01ps,Fast Retardation Lag (tau_theta=0.1ps),1.534848484848485,834874.7452916778,4,8.907330354463616e-05,2.8352913113307374e-05,4.690119003803659,4.690119003803659,False,0.009185592934257468,8.181911098344379e-07,1.857621743022496e+20,7.522290554925498e+16,CONVERGED
S5,S5_tauth_01ps,Fast Retardation Lag (tau_theta=0.1ps),1.5525252525252524,844489.952953806,0,0.00018932141828224554,6.0262879105575404e-05,3.825024537191399,3.825024537191399,False,0.021817899783477087,4.13059578029821e-06,4.448053135555703e+19,1.2593022001015762e+17,CONVERGED
S5,S5_tauth_01ps,Fast Retardation Lag (tau_theta=0.1ps),1.5525252525252524,844489.952953806,1,3.0593448932116765e-05,9.7381972475517e-06,1.2910745544289803,1.2910745544289803,False,0.2749751483880981,8.412438162437075e-06,4.448053135555703e+19,1.2593022001015762e+17,CONVERGED
S5,S5_tauth_01ps,Fast Retardation Lag (tau_theta=0.1ps),1.5525252525252524,844489.952953806,2,5.292790313731274e-06,1.6847474823584718e-06,-1.291074835178459,1.291074835178459,False,3.6366933016657113,1.924825508124742e-05,4.448053135555703e+19,1.2593022001015762e+17,CONVERGED
S5,S5_tauth_01ps,Fast Retardation Lag (tau_theta=0.1ps),1.5525252525252524,844489.952953806,3,3.1415271074385456,0.9999791360120566,-1.1238918063309635,1.1238918063309635,False,-3.076805256195576,0.00020167274297064574,4.448053135555703e+19,1.2593022001015762e+17,CONVERGED
S5,S5_tauth_01ps,Fast Retardation Lag (tau_theta=0.1ps),1.5525252525252524,844489.952953806,4,5.7272969712343184e-06,1.823055247054365e-06,4.705537967702842,4.705537967702842,False,0.009045046965521357,-5.1803670090869045e-08,4.448053135555703e+19,1.2593022001015762e+17,CONVERGED
S5,S5_tauth_01ps,Fast Retardation Lag (tau_theta=0.1ps),1.5702020202020202,854105.1606159348,0,3.138508578413373,0.9990183083816114,3.0754952951681815,3.0754952951681815,False,-0.04616653698871182,-0.0001423815221300068,4.636546311663917e+19,1.6386700559976963e+17,CONVERGED
S5,S5_tauth_01ps,Fast Retardation Lag (tau_theta=0.1ps),1.5702020202020202,854105.1606159348,1,2.969031282568965e-05,9.450720096306413e-06,1.317416332503332,1.317416332503332,False,0.26782638302225636,-7.951849097240324e-06,4.636546311663917e+19,1.6386700559976963e+17,CONVERGED
S5,S5_tauth_01ps,Fast Retardation Lag (tau_theta=0.1ps),1.5702020202020202,854105.1606159348,2,5.125776375845806e-06,1.6315852947990415e-06,-1.317407988404735,1.317407988404735,False,3.7337309498714513,-1.9138269896783015e-05,4.636546311663917e+19,1.6386700559976963e+17,CONVERGED
S5,S5_tauth_01ps,Fast Retardation Lag (tau_theta=0.1ps),1.5702020202020202,854105.1606159348,3,0.020040339953507343,0.006379038329685395,-3.2487064155675367,3.2487064155675367,False,25.751827475456455,-0.5161444760423576,4.636546311663917e+19,1.6386700559976963e+17,CONVERGED
S5,S5_tauth_01ps,Fast Retardation Lag (tau_theta=0.1ps),1.5702020202020202,854105.1606159348,4,4.382547027018376e-05,1.3950080453653295e-05,4.721235600041832,4.721235600041832,False,0.00890416974753391,3.902294268010512e-07,4.636546311663917e+19,1.6386700559976963e+17,CONVERGED
S5,S5_tauth_01ps,Fast Retardation Lag (tau_theta=0.1ps),1.587878787878788,863720.3682780633,0,2.3079496059900317e-05,7.346431764006116e-06,3.765087354814961,3.765087354814961,False,0.023165588515047263,-5.346501089532348e-07,9.353898108193707e+19,7.548396905233128e+16,CONVERGED
S5,S5_tauth_01ps,Fast Retardation Lag (tau_theta=0.1ps),1.587878787878788,863720.3682780633,1,8.780487664573715e-05,2.7949160291486372e-05,1.3411568347301805,1.3411568347301805,False,0.2615429305508687,-2.2964744813600693e-05,9.353898108193707e+19,7.548396905233128e+16,CONVERGED
S5,S5_tauth_01ps,Fast Retardation Lag (tau_theta=0.1ps),1.587878787878788,863720.3682780633,2,1.0772376001768772e-05,3.428953779052016e-06,-1.3411251671867097,1.3411251671867097,False,3.823342985945115,4.118648822991927e-05,9.353898108193707e+19,7.548396905233128e+16,CONVERGED
S5,S5_tauth_01ps,Fast Retardation Lag (tau_theta=0.1ps),1.587878787878788,863720.3682780633,3,3.1415815424517275,0.999996463214907,-1.0888585750853474,1.0888585750853474,False,-2.970881098631012,-3.300987006452641e-05,9.353898108193707e+19,7.548396905233128e+16,CONVERGED
S5,S5_tauth_01ps,Fast Retardation Lag (tau_theta=0.1ps),1.587878787878788,863720.3682780633,4,0.00024090791292634406,7.668337034435914e-05,4.736720026283949,4.736720026283949,False,0.008767355518469022,2.1121253606978448e-06,9.353898108193707e+19,7.548396905233128e+16,CONVERGED
S5,S5_tauth_01ps,Fast Retardation Lag (tau_theta=0.1ps),1.6055555555555556,873335.5759401919,0,0.00014548625403823517,4.63097129642167e-05,3.733726103802152,3.733726103802152,False,0.02390360213668391,-3.477645557422735e-06,1.0000125624336096e+20,7.313907926090405e+16,CONVERGED
S5,S5_tauth_01ps,Fast Retardation Lag (tau_theta=0.1ps),1.6055555555555556,873335.5759401919,1,2.322916310761136e-05,7.394072264928482e-06,1.3624245894375124,1.3624245894375124,False,0.25603923367368925,5.947577122023706e-06,1.0000125624336096e+20,7.313907926090405e+16,CONVERGED
S5,S5_tauth_01ps,Fast Retardation Lag (tau_theta=0.1ps),1.6055555555555556,873335.5759401919,2,9.837942295315128e-06,3.131514292304459e-06,-1.3624235962851083,1.3624235962851083,False,3.9056475532353554,-3.8423535255807756e-05,1.0000125624336096e+20,7.313907926090405e+16,CONVERGED
S5,S5_tauth_01ps,Fast Retardation Lag (tau_theta=0.1ps),1.6055555555555556,873335.5759401919,3,3.141537422522519,0.9999824194052622,-1.068797049537304,1.068797049537304,False,-2.911874546979679,-0.00016082593916117962,1.0000125624336096e+20,7.313907926090405e+16,CONVERGED
S5,S5_tauth_01ps,Fast Retardation Lag (tau_theta=0.1ps),1.6055555555555556,873335.5759401919,4,0.00039812456529825024,0.0001267269850670572,4.752545025031487,4.752545025031487,False,0.00862970373376566,-3.435697229181109e-06,1.0000125624336096e+20,7.313907926090405e+16,CONVERGED
S5,S5_tauth_01ps,Fast Retardation Lag (tau_theta=0.1ps),1.6232323232323231,882950.7836023204,0,0.00012059795830443709,3.8387522381882905e-05,3.7011210330727726,3.7011210330727726,False,0.024695825929315768,-2.9782662001557623e-06,7.077487349008861e+19,4.893558611752476e+16,CONVERGED
S5,S5_tauth_01ps,Fast Retardation Lag (tau_theta=0.1ps),1.6232323232323231,882950.7836023204,1,0.00011950402830897712,3.803931364953501e-05,1.3814453507113007,1.3814453507113007,False,0.2512151946774221,3.002122787928903e-05,7.077487349008861e+19,4.893558611752476e+16,CONVERGED
S5,S5_tauth_01ps,Fast Retardation Lag (tau_theta=0.1ps),1.6232323232323231,882950.7836023204,2,1.558182798091577e-05,4.959849891140703e-06,-1.3814215043852671,1.3814215043852671,False,3.9805559850012155,-6.202433863171337e-05,7.077487349008861e+19,4.893558611752476e+16,CONVERGED
S5,S5_tauth_01ps,Fast Retardation Lag (tau_theta=0.1ps),1.6232323232323231,882950.7836023204,3,3.141545982646933,0.9999851441774901,-1.0468961711407394,1.0468961711407394,False,-2.8487952056736767,-0.00013295595836120463,7.077487349008861e+19,4.893558611752476e+16,CONVERGED
S5,S5_tauth_01ps,Fast Retardation Lag (tau_theta=0.1ps),1.6232323232323231,882950.7836023204,4,0.00015789310805311587,5.0258937253592275e-05,4.767498498103109,4.767498498103109,False,0.008501620296213253,-1.3423472632115724e-06,7.077487349008861e+19,4.893558611752476e+16,CONVERGED
S5,S5_tauth_01ps,Fast Retardation Lag (tau_theta=0.1ps),1.6409090909090909,892565.9912644491,0,0.0010657448069320188,0.0003392371081954969,3.667567149183738,3.667567149183738,False,0.025538511349679185,2.721754615236758e-05,5.192810057074083e+19,1.0469885201289302e+17,CONVERGED
S5,S5_tauth_01ps,Fast Retardation Lag (tau_theta=0.1ps),1.6409090909090909,892565.9912644491,1,3.3195080122156166e-05,1.0566322175545341e-05,1.3981539664541456,1.3981539664541456,False,0.24705261051338961,8.200931203392048e-06,5.192810057074083e+19,1.0469885201289302e+17,CONVERGED
S5,S5_tauth_01ps,Fast Retardation Lag (tau_theta=0.1ps),1.6409090909090909,892565.9912644491,2,2.9687564171278247e-07,9.44984517243356e-08,-1.3981631868103304,1.3981631868103304,False,4.047758158756589,-1.2016808008790486e-06,5.192810057074083e+19,1.0469885201289302e+17,CONVERGED
S5,S5_tauth_01ps,Fast Retardation Lag (tau_theta=0.1ps),1.6409090909090909,892565.9912644491,3,3.1411933048126257,0.9998728833361922,-1.0232412366272263,1.0232412366272263,False,-2.7821977053652707,0.0011110673105399218,5.192810057074083e+19,1.0469885201289302e+17,CONVERGED
S5,S5_tauth_01ps,Fast Retardation Lag (tau_theta=0.1ps),1.6409090909090909,892565.9912644491,4,1.6142225245170998e-05,5.138229880543493e-06,4.782818116083813,4.782818116083813,False,0.008372371374955539,1.3514870458249294e-07,5.192810057074083e+19,1.0469885201289302e+17,CONVERGED
S5,S5_tauth_01ps,Fast Retardation Lag (tau_theta=0.1ps),1.6585858585858586,902181.1989265776,0,0.00015029284203315805,4.783969744181297e-05,3.6327801336382692,3.6327801336382692,False,0.026442567952812537,-3.9741287182055605e-06,4.007111235131664e+20,7.06597323546166e+16,CONVERGED
S5,S5_tauth_01ps,Fast Retardation Lag (tau_theta=0.1ps),1.6585858585858586,902181.1989265776,1,5.017070558988245e-05,1.5969831586075953e-05,1.4128001843284745,1.4128001843284745,False,0.24346059292653224,1.2214589740703714e-05,4.007111235131664e+20,7.06597323546166e+16,CONVERGED
S5,S5_tauth_01ps,Fast Retardation Lag (tau_theta=0.1ps),1.6585858585858586,902181.1989265776,2,8.033215244309404e-06,2.5570518301060185e-06,-1.4127941073475616,1.4127941073475616,False,4.107415946565554,-3.299575639737972e-05,4.007111235131664e+20,7.06597323546166e+16,CONVERGED
S5,S5_tauth_01ps,Fast Retardation Lag (tau_theta=0.1ps),1.6585858585858586,902181.1989265776,3,3.1415334873839558,0.999981166811754,-0.9976867620563018,0.9976867620563018,False,-2.712001058298089,-0.00016045881303340995,4.007111235131664e+20,7.06597323546166e+16,CONVERGED
S5,S5_tauth_01ps,Fast Retardation Lag (tau_theta=0.1ps),1.6585858585858586,902181.1989265776,4,0.00033682373058261875,0.00010721432334575315,4.798118593348925,4.798118593348925,False,0.008245244656661758,-2.7771941698476527e-06,4.007111235131664e+20,7.06597323546166e+16,CONVERGED
S5,S5_tauth_01ps,Fast Retardation Lag (tau_theta=0.1ps),1.6762626262626263,911796.4065887061,0,0.0003637370089541295,0.0001157810859210214,3.596402937093938,3.596402937093938,False,0.02742218276279382,-9.974463177021275e-06,8.535276951871698e+19,2.6844063023692256e+17,CONVERGED
S5,S5_tauth_01ps,Fast Retardation Lag (tau_theta=0.1ps),1.6762626262626263,911796.4065887061,1,8.94491924169116e-07,2.8472562257459124e-07,1.4253881175190675,1.4253881175190675,False,0.24041513577236878,2.1504939739646276e-07,8.535276951871698e+19,2.6844063023692256e+17,CONVERGED
S5,S5_tauth_01ps,Fast Retardation Lag (tau_theta=0.1ps),1.6762626262626263,911796.4065887061,2,2.43108317478928e-06,7.738378086705043e-07,-1.4253667167526554,1.4253667167526554,False,4.1593828784808,1.01118057334012e-05,8.535276951871698e+19,2.6844063023692256e+17,CONVERGED
S5,S5_tauth_01ps,Fast Retardation Lag (tau_theta=0.1ps),1.6762626262626263,911796.4065887061,3,3.1414505495706506,0.9999547668858405,-0.9700528302830617,0.9700528302830617,False,-2.638083799751867,-0.00037488231330272994,8.535276951871698e+19,2.6844063023692256e+17,CONVERGED
S5,S5_tauth_01ps,Fast Retardation Lag (tau_theta=0.1ps),1.6762626262626263,911796.4065887061,4,7.175465611091517e-05,2.2840216419822447e-05,4.813076990384464,4.813076990384464,False,0.00812282732273173,5.828506821912748e-07,8.535276951871698e+19,2.6844063023692256e+17,CONVERGED
S5,S5_tauth_01ps,Fast Retardation Lag (tau_theta=0.1ps),1.6939393939393939,921411.6142508347,0,0.0001447690044963011,4.608140534415828e-05,3.5589623532391115,3.5589623532391115,False,0.028468349185703668,-4.1213346000591364e-06,1.365089939298108e+20,5.478210343922393e+16,CONVERGED
S5,S5_tauth_01ps,Fast Retardation Lag (tau_theta=0.1ps),1.6939393939393939,921411.6142508347,1,6.0693255454238834e-05,1.9319263235762495e-05,1.4359471969578053,1.4359471969578053,False,0.23788992821083246,-1.443831420061926e-05,1.365089939298108e+20,5.478210343922393e+16,CONVERGED
S5,S5_tauth_01ps,Fast Retardation Lag (tau_theta=0.1ps),1.6939393939393939,921411.6142508347,2,4.283136751002951e-06,1.3633647717213603e-06,-1.4359460284780965,1.4359460284780965,False,4.203619872396229,1.800467876281672e-05,1.365089939298108e+20,5.478210343922393e+16,CONVERGED
S5,S5_tauth_01ps,Fast Retardation Lag (tau_theta=0.1ps),1.6939393939393939,921411.6142508347,3,3.1415332021680134,0.9999810760246998,-0.9404910834122823,0.9404910834122823,False,-2.5612388869500813,-0.00015226929352626337,1.365089939298108e+20,5.478210343922393e+16,CONVERGED
S5,S5_tauth_01ps,Fast Retardation Lag (tau_theta=0.1ps),1.6939393939393939,921411.6142508347,4,0.0004360757758962438,0.00013880723059304158,-4.827958211904572,4.827958211904572,False,124.95555534333671,-0.05449009420287489,1.365089939298108e+20,5.478210343922393e+16,CONVERGED
S5,S5_tauth_01ps,Fast Retardation Lag (tau_theta=0.1ps),1.7116161616161616,931026.8219129633,0,2.426839267099408e-05,7.724869308967666e-06,3.519486996826174,3.519486996826174,False,0.029614623658896926,-7.186993158989159e-07,9.586863716981952e+19,2.529521625760059e+17,CONVERGED
S5,S5_tauth_01ps,Fast Retardation Lag (tau_theta=0.1ps),1.7116161616161616,931026.8219129633,1,5.2518579601248324e-05,1.6717183095407704e-05,1.4445320920865348,1.4445320920865348,False,0.23585640949627373,1.2386843627983142e-05,9.586863716981952e+19,2.529521625760059e+17,CONVERGED
S5,S5_tauth_01ps,Fast Retardation Lag (tau_theta=0.1ps),1.7116161616161616,931026.8219129633,2,4.154541115217719e-06,1.322431509530831e-06,-1.4445683356086985,1.4445683356086985,False,4.240021481404712,-1.7615343574003564e-05,9.586863716981952e+19,2.529521625760059e+17,CONVERGED
S5,S5_tauth_01ps,Fast Retardation Lag (tau_theta=0.1ps),1.7116161616161616,931026.8219129633,3,3.1415809653660927,0.9999962795228442,-0.9085608827734821,0.9085608827734821,False,-2.480749873216216,-2.899555946503964e-05,9.586863716981952e+19,2.529521625760059e+17,CONVERGED
S5,S5_tauth_01ps,Fast Retardation Lag (tau_theta=0.1ps),1.7116161616161616,931026.8219129633,4,0.001490547556523282,0.0004744560230684532,-4.841858974110118,4.841858974110118,False,126.7045328897174,0.1888592717641098,9.586863716981952e+19,2.529521625760059e+17,CONVERGED
S5,S5_tauth_01ps,Fast Retardation Lag (tau_theta=0.1ps),1.7292929292929293,940642.0295750919,0,5.145476623040901e-06,1.637856078241505e-06,3.4779708364919055,3.4779708364919055,False,0.03086998777433793,-1.5884080044781605e-07,3.0541626837345134e+20,1.009293813067695e+17,CONVERGED
S5,S5_tauth_01ps,Fast Retardation Lag (tau_theta=0.1ps),1.7292929292929293,940642.0295750919,1,5.8774646713315987e-05,1.870855110580812e-05,1.451302286348751,1.451302286348751,False,0.23426500882855225,-1.3768843147044644e-05,3.0541626837345134e+20,1.009293813067695e+17,CONVERGED
S5,S5_tauth_01ps,Fast Retardation Lag (tau_theta=0.1ps),1.7292929292929293,940642.0295750919,2,1.8749465145472993e-06,5.968140116462459e-07,-1.451283597005221,1.451283597005221,False,4.268590149688125,-8.003378223198062e-06,3.0541626837345134e+20,1.009293813067695e+17,CONVERGED
S5,S5_tauth_01ps,Fast Retardation Lag (tau_theta=0.1ps),1.7292929292929293,940642.0295750919,3,3.141588771375477,0.9999987642528029,-0.8741659407248998,0.8741659407248998,False,-2.3968753239230094,-9.30518369748684e-06,3.0541626837345134e+20,1.009293813067695e+17,CONVERGED
S5,S5_tauth_01ps,Fast Retardation Lag (tau_theta=0.1ps),1.7292929292929293,940642.0295750919,4,4.318680164354513e-05,1.3746785915798795e-05,4.857777757618643,4.857777757618643,False,0.007767726489200103,-3.3546326331895353e-07,3.0541626837345134e+20,1.009293813067695e+17,CONVERGED
S5,S5_tauth_01ps,Fast Retardation Lag (tau_theta=0.1ps),1.7469696969696968,950257.2372372204,0,0.0002623302276820645,8.350230491604585e-05,3.433523916322883,3.433523916322883,False,0.032273011647492904,8.46618668767901e-06,7.713881739036284e+19,1.1545308354832362e+17,CONVERGED
S5,S5_tauth_01ps,Fast Retardation Lag (tau_theta=0.1ps),1.7469696969696968,950257.2372372204,1,1.4831298728897094e-05,4.720949010353034e-06,1.456112018735929,1.456112018735929,False,0.2331409625541746,-3.4577832618371077e-06,7.713881739036284e+19,1.1545308354832362e+17,CONVERGED
S5,S5_tauth_01ps,Fast Retardation Lag (tau_theta=0.1ps),1.7469696969696968,950257.2372372204,2,2.0380172781504487e-06,6.487210478486682e-07,-1.4561178355204598,1.4561178355204598,False,4.289275491247135,-8.741617561921018e-06,7.713881739036284e+19,1.1545308354832362e+17,CONVERGED
S5,S5_tauth_01ps,Fast Retardation Lag (tau_theta=0.1ps),1.7469696969696968,950257.2372372204,3,3.1414876663872096,0.9999665815354949,-0.836858797598035,0.836858797598035,False,-2.309102202560641,0.00024242618161737518,7.713881739036284e+19,1.1545308354832362e+17,CONVERGED
S5,S5_tauth_01ps,Fast Retardation Lag (tau_theta=0.1ps),1.7469696969696968,950257.2372372204,4,0.00021681764160251621,6.901519882113485e-05,4.8716361648146025,4.8716361648146025,False,0.007660820482870196,1.661001055863991e-06,7.713881739036284e+19,1.1545308354832362e+17,CONVERGED
S5,S5_tauth_01ps,Fast Retardation Lag (tau_theta=0.1ps),1.7646464646464646,959872.4448993491,0,0.5586238489030957,0.17781549376389547,3.120043624460961,3.120043624460961,False,0.03744299628705112,-0.023403150140996497,9.245999530351092e+19,7.74157777938939e+16,CONVERGED
S5,S5_tauth_01ps,Fast Retardation Lag (tau_theta=0.1ps),1.7646464646464646,959872.4448993491,1,7.96519542961698e-05,2.5354004506330305e-05,1.45921788350874,1.45921788350874,False,0.23241798086152032,1.8512546428340426e-05,9.245999530351092e+19,7.74157777938939e+16,CONVERGED
S5,S5_tauth_01ps,Fast Retardation Lag (tau_theta=0.1ps),1.7646464646464646,959872.4448993491,2,8.707641740903e-07,2.771728451476059e-07,-1.4591181557559216,1.4591181557559216,False,4.3021640164893755,3.746170296620326e-06,9.245999530351092e+19,7.74157777938939e+16,CONVERGED
S5,S5_tauth_01ps,Fast Retardation Lag (tau_theta=0.1ps),1.7646464646464646,959872.4448993491,3,2.440187467588943,0.7767357950753488,-1.3514169631782087,1.3514169631782087,False,-2.9510054557552894,2.492694605434787,9.245999530351092e+19,7.74157777938939e+16,CONVERGED
S5,S5_tauth_01ps,Fast Retardation Lag (tau_theta=0.1ps),1.7646464646464646,959872.4448993491,4,2.7559382488701632e-05,8.77242390327417e-06,4.88604657523143,4.88604657523143,False,0.007551216705858033,-2.0810686950450217e-07,9.245999530351092e+19,7.74157777938939e+16,CONVERGED
S5,S5_tauth_01ps,Fast Retardation Lag (tau_theta=0.1ps),1.7823232323232323,969487.6525614776,0,0.5444538315213393,0.17330503714388626,3.099649759445771,3.099649759445771,False,0.03854905111948062,-0.023341451752526752,9.389178658392764e+19,1.202777075255892e+17,CONVERGED
S5,S5_tauth_01ps,Fast Retardation Lag (tau_theta=0.1ps),1.7823232323232323,969487.6525614776,1,2.3243846506529513e-05,7.3987461359669094e-06,1.4602117212613963,1.4602117212613963,False,0.23218711051474028,5.396921558571171e-06,9.389178658392764e+19,1.202777075255892e+17,CONVERGED
S5,S5_tauth_01ps,Fast Retardation Lag (tau_theta=0.1ps),1.7823232323232323,969487.6525614776,2,1.4186101000606747e-06,4.5155761948948927e-07,-1.4602263209534367,1.4602263209534367,False,4.306934167493258,6.109860310306449e-06,9.389178658392764e+19,1.202777075255892e+17,CONVERGED
S5,S5_tauth_01ps,Fast Retardation Lag (tau_theta=0.1ps),1.7823232323232323,969487.6525614776,3,2.416863733341537,0.7693116198816761,-1.3431117313884493,1.3431117313884493,False,-2.8681493110171203,2.5396585693477363,9.389178658392764e+19,1.202777075255892e+17,CONVERGED
S5,S5_tauth_01ps,Fast Retardation Lag (tau_theta=0.1ps),1.7823232323232323,969487.6525614776,4,9.646158199643144e-06,3.0704675186392483e-06,4.900398130444446,4.900398130444446,False,0.007443618949243026,-7.180232596448673e-08,9.389178658392764e+19,1.202777075255892e+17,CONVERGED
S5,S5_tauth_01ps,Fast Retardation Lag (tau_theta=0.1ps),1.8,979102.8602236061,0,0.5290389059591886,0.16839831394266647,3.0735752348224787,3.0735752348224787,False,0.03993201470339982,-0.023345322075555598,6.851159210209157e+19,5.153155464095729e+16,CONVERGED
S5,S5_tauth_01ps,Fast Retardation Lag (tau_theta=0.1ps),1.8,979102.8602236061,1,2.2938554616803583e-06,7.301568709295415e-07,1.4595389710572235,1.4595389710572235,False,0.23234336705779526,5.329621015116627e-07,6.851159210209157e+19,5.153155464095729e+16,CONVERGED
S5,S5_tauth_01ps,Fast Retardation Lag (tau_theta=0.1ps),1.8,979102.8602236061,2,2.4726404722492963e-06,7.870659072951079e-07,-1.4595018302678056,1.4595018302678056,False,4.303814963849883,-1.064178706470905e-05,6.851159210209157e+19,5.153155464095729e+16,CONVERGED
S5,S5_tauth_01ps,Fast Retardation Lag (tau_theta=0.1ps),1.8,979102.8602236061,3,2.3930796830540864,0.7617409215416882,-1.3341113846504067,1.3341113846504067,False,-2.7817903601827907,2.5837900881115186,6.851159210209157e+19,5.153155464095729e+16,CONVERGED
S5,S5_tauth_01ps,Fast Retardation Lag (tau_theta=0.1ps),1.8,979102.8602236061,4,2.9013073102591256e-05,9.235147997127822e-06,4.914563400420002,4.914563400420002,False,0.007338921359941696,-2.1292466196990058e-07,6.851159210209157e+19,5.153155464095729e+16,CONVERGED
S5,S5_tauth_100ps,Extended Retardation Lag (tau_theta=100ps),0.05,27197.301672877948,0,1.669882318350888e-08,5.315400506945957e-09,3.1351272247574484,3.1351272247574484,False,0.043494219935704334,-7.263022882109737e-10,4069276912373784.0,9.084115500207152e+16,CONVERGED
S5,S5_tauth_100ps,Extended Retardation Lag (tau_theta=100ps),0.05,27197.301672877948,1,2.0959570586581297e-05,6.67163852787582e-06,3.171975069255336,3.171975069255336,False,0.041920719751382556,-8.786402847980587e-07,4069276912373784.0,9.084115500207152e+16,CONVERGED
S5,S5_tauth_100ps,Extended Retardation Lag (tau_theta=100ps),0.05,27197.301672877948,2,0.0439174297494471,0.01397935206503113,0.15492664213442575,0.15492664213442575,False,0.8556521753589331,-0.03760222238844845,4069276912373784.0,9.084115500207152e+16,CONVERGED
S5,S5_tauth_100ps,Extended Retardation Lag (tau_theta=100ps),0.05,27197.301672877948,3,0.27299015815364847,0.08689546617118286,1.9345089425196195e-06,1.9345089425196195e-06,True,0.9629671569471348,0.26961154580386937,4069276912373784.0,9.084115500207152e+16,CONVERGED
S5,S5_tauth_100ps,Extended Retardation Lag (tau_theta=100ps),0.05,27197.301672877948,4,0.2729943583465779,0.08689680313411619,-1.0571319213618926e-06,1.0571319213618926e-06,True,0.9629689053709509,-0.26961639704355955,4069276912373784.0,9.084115500207152e+16,CONVERGED
S5,S5_tauth_100ps,Extended Retardation Lag (tau_theta=100ps),0.06767676767676768,36812.509335006514,0,7.4294429607875184e-09,2.3648651432572397e-09,3.141327712869638,3.141327712869638,False,0.043225368907201654,-3.21140412755053e-10,1.0072885303919196e+16,8.735823523864395e+16,CONVERGED
S5,S5_tauth_100ps,Extended Retardation Lag (tau_theta=100ps),0.06767676767676768,36812.509335006514,1,0.15673221366661355,0.049889413093553325,-9.226526952052951e-07,9.226526952052951e-07,True,0.9877435406383118,0.15609145791613527,1.0072885303919196e+16,8.735823523864395e+16,CONVERGED
S5,S5_tauth_100ps,Extended Retardation Lag (tau_theta=100ps),0.06767676767676768,36812.509335006514,2,0.15673224742135564,0.04988942383802143,9.259433118671051e-07,9.259433118671051e-07,True,0.9877417094324166,-0.15609120270732288,1.0072885303919196e+16,8.735823523864395e+16,CONVERGED
S5,S5_tauth_100ps,Extended Retardation Lag (tau_theta=100ps),0.06767676767676768,36812.509335006514,3,0.36881962982678557,0.11739893439251192,1.8437186899719277e-06,1.8437186899719277e-06,True,0.932751816349909,0.36051402422841233,1.0072885303919196e+16,8.735823523864395e+16,CONVERGED
S5,S5_tauth_100ps,Extended Retardation Lag (tau_theta=100ps),0.06767676767676768,36812.509335006514,4,0.36881893490036843,0.11739871319056318,-4.418334048945754e-06,4.418334048945754e-06,True,0.9327579078413263,-0.36051563359528976,1.0072885303919196e+16,8.735823523864395e+16,CONVERGED
S5,S5_tauth_100ps,Extended Retardation Lag (tau_theta=100ps),0.08535353535353535,46427.71699713508,0,1.0871736125011018e-09,3.4605810885724626e-10,3.149266264155724,3.149266264155724,False,0.042883580546460874,-4.6621897179677846e-11,2.0162791014048144e+16,8.247483574833363e+16,CONVERGED
S5,S5_tauth_100ps,Extended Retardation Lag (tau_theta=100ps),0.08535353535353535,46427.71699713508,1,0.3913144708424044,0.12455926467591602,-0.21803136206096335,0.21803136206096335,False,1.149618527509169,0.4743237738143855,2.0162791014048144e+16,8.247483574833363e+16,CONVERGED
S5,S5_tauth_100ps,Extended Retardation Lag (tau_theta=100ps),0.08535353535353535,46427.71699713508,2,0.4458569157846182,0.14192066411765777,-0.18662177949442285,0.18662177949442285,False,1.087355593430218,-0.5197074797762227,2.0162791014048144e+16,8.247483574833363e+16,CONVERGED
S5,S5_tauth_100ps,Extended Retardation Lag (tau_theta=100ps),0.08535353535353535,46427.71699713508,3,0.464051619732696,0.14771221826051817,9.267624376434589e-07,9.267624376434589e-07,True,0.8942456101628853,0.4475745023806109,2.0162791014048144e+16,8.247483574833363e+16,CONVERGED
S5,S5_tauth_100ps,Extended Retardation Lag (tau_theta=100ps),0.08535353535353535,46427.71699713508,4,0.4640484521535872,0.14771120998877257,2.0789014417502155e-07,2.0789014417502155e-07,True,0.8942476707356853,-0.44757199153164107,2.0162791014048144e+16,8.247483574833363e+16,CONVERGED
S5,S5_tauth_100ps,Extended Retardation Lag (tau_theta=100ps),0.10303030303030303,56042.924659263655,0,1.6240728858654466e-07,5.1695845545401076e-08,3.158852609681605,3.158852609681605,False,0.042474447902601825,-6.898159918072072e-09,3.5379670682870976e+16,1.0984473307888184e+17,CONVERGED
S5,S5_tauth_100ps,Extended Retardation Lag (tau_theta=100ps),0.10303030303030303,56042.924659263655,1,8.682127934900027e-06,2.7636071547911373e-06,-3.1375945839536272,3.1375945839536272,False,23.04835923200926,0.00020010880354686655,3.5379670682870976e+16,1.0984473307888184e+17,CONVERGED
S5,S5_tauth_100ps,Extended Retardation Lag (tau_theta=100ps),0.10303030303030303,56042.924659263655,2,1.7102410467276374e-08,5.443866329307213e-09,-3.1588526451420345,3.1588526451420345,False,23.54356759983125,-4.026517569563829e-07,3.5379670682870976e+16,1.0984473307888184e+17,CONVERGED
S5,S5_tauth_100ps,Extended Retardation Lag (tau_theta=100ps),0.10303030303030303,56042.924659263655,3,0.5585648746593155,0.17779672167907,-6.977572705701383e-07,6.977572705701383e-07,True,0.8480171487382218,-0.5299701038373877,3.5379670682870976e+16,1.0984473307888184e+17,CONVERGED
S5,S5_tauth_100ps,Extended Retardation Lag (tau_theta=100ps),0.10303030303030303,56042.924659263655,4,0.5585595129665608,0.17779501499925954,-1.8789007134176182e-06,1.8789007134176182e-06,True,0.8480209918967409,0.5299661829880801,3.5379670682870976e+16,1.0984473307888184e+17,CONVERGED
S5,S5_tauth_100ps,Extended Retardation Lag (tau_theta=100ps),0.12070707070707071,65658.13232139223,0,1.2149195548004158e-08,3.86720905210982e-09,3.1699837809805866,3.1699837809805866,False,0.04200427916614007,5.103182014423928e-10,5.674864034505956e+16,9.037029270896949e+16,CONVERGED
S5,S5_tauth_100ps,Extended Retardation Lag (tau_theta=100ps),0.12070707070707071,65658.13232139223,1,5.945061354718513e-06,1.8923718031761024e-06,-3.091466685350327,3.091466685350327,False,22.0093350834159,0.00013084684744900775,5.674864034505956e+16,9.037029270896949e+16,CONVERGED
S5,S5_tauth_100ps,Extended Retardation Lag (tau_theta=100ps),0.12070707070707071,65658.13232139223,2,3.8979875377313406e-08,1.2407679694810975e-08,-3.1699837565792026,3.1699837565792026,False,23.80709764458289,9.27997699281373e-07,5.674864034505956e+16,9.037029270896949e+16,CONVERGED
S5,S5_tauth_100ps,Extended Retardation Lag (tau_theta=100ps),0.12070707070707071,65658.13232139223,3,0.6522460779925754,0.20761637484964054,-2.9907343919793682e-06,2.9907343919793682e-06,True,0.7947248725647525,-0.6069747592887292,5.674864034505956e+16,9.037029270896949e+16,CONVERGED
S5,S5_tauth_100ps,Extended Retardation Lag (tau_theta=100ps),0.12070707070707071,65658.13232139223,4,0.6522403577374635,0.2076145540358869,-3.441789583384556e-07,3.441789583384556e-07,True,0.7947262413123845,0.6069686068715937,5.674864034505956e+16,9.037029270896949e+16,CONVERGED
S5,S5_tauth_100ps,Extended Retardation Lag (tau_theta=100ps),0.1383838383838384,75273.3399835208,0,4.6487229033570415e-09,1.4797344582675608e-09,3.182547461814264,3.182547461814264,False,0.041479852074559315,-1.9282833836686598e-10,8.516768647049736e+16,1.2115749997470429e+17,CONVERGED
S5,S5_tauth_100ps,Extended Retardation Lag (tau_theta=100ps),0.1383838383838384,75273.3399835208,1,3.6618359115001566e-06,1.1655985722133323e-06,-3.0752085719215083,3.0752085719215083,False,21.654397939779575,7.929485201815427e-05,8.516768647049736e+16,1.2115749997470429e+17,CONVERGED
S5,S5_tauth_100ps,Extended Retardation Lag (tau_theta=100ps),0.1383838383838384,75273.3399835208,2,1.3901751556747291e-05,4.425064955783565e-06,3.1764201148897433,3.1764201148897433,False,0.04173479377506456,-5.801867343704063e-07,8.516768647049736e+16,1.2115749997470429e+17,CONVERGED
S5,S5_tauth_100ps,Extended Retardation Lag (tau_theta=100ps),0.1383838383838384,75273.3399835208,3,0.7449998627036294,0.23714082150413196,-3.0355175300329867e-06,3.0355175300329867e-06,True,0.7350902268402864,-0.67797376752894,8.516768647049736e+16,1.2115749997470429e+17,CONVERGED
S5,S5_tauth_100ps,Extended Retardation Lag (tau_theta=100ps),0.1383838383838384,75273.3399835208,4,0.7450006675292967,0.23714107768809853,2.6636004545837835e-06,2.6636004545837835e-06,True,0.7350854918384738,0.6779704953033497,8.516768647049736e+16,1.2115749997470429e+17,CONVERGED
S5,S5_tauth_100ps,Extended Retardation Lag (tau_theta=100ps),0.15606060606060607,84888.54764564935,0,1.5368107420394932e-07,4.89182052384618e-08,3.196425842065364,3.196425842065364,False,0.04090815520414168,-6.286809235474422e-09,1.2162262936850821e+17,1.2796683341563818e+17,CONVERGED
S5,S5_tauth_100ps,Extended Retardation Lag (tau_theta=100ps),0.15606060606060607,84888.54764564935,1,5.458387873202204e-06,1.737458822665977e-06,-3.0336301289745755,3.0336301289745755,False,20.77250275033483,0.00011338437710961313,1.2162262936850821e+17,1.2796683341563818e+17,CONVERGED
S5,S5_tauth_100ps,Extended Retardation Lag (tau_theta=100ps),0.15606060606060607,84888.54764564935,2,1.3475057698484203e-05,4.2892440823245195e-06,3.1762560502188646,3.1762560502188646,False,0.04174164154223622,-5.624710282451222e-07,1.2162262936850821e+17,1.2796683341563818e+17,CONVERGED
S5,S5_tauth_100ps,Extended Retardation Lag (tau_theta=100ps),0.15606060606060607,84888.54764564935,3,0.8367610969091002,0.2663493295201595,-1.4092132026402426e-06,1.4092132026402426e-06,True,0.6698720915151879,-0.7424784168172465,1.2162262936850821e+17,1.2796683341563818e+17,CONVERGED
S5,S5_tauth_100ps,Extended Retardation Lag (tau_theta=100ps),0.15606060606060607,84888.54764564935,4,0.8367575198925589,0.2663481909204314,6.461540236549924e-07,6.461540236549924e-07,True,0.6698733705312944,0.7424744946096337,1.2162262936850821e+17,1.2796683341563818e+17,CONVERGED
S5,S5_tauth_100ps,Extended Retardation Lag (tau_theta=100ps),0.17373737373737375,94503.75530777793,0,6.015632309685521e-07,1.914835235819532e-07,3.2114989208092077,3.2114989208092077,False,0.04029616721784281,2.4240692547217496e-08,1.6730147746414317e+17,9.944450463492523e+16,CONVERGED
S5,S5_tauth_100ps,Extended Retardation Lag (tau_theta=100ps),0.17373737373737375,94503.75530777793,1,6.192216197258718e-06,1.9710436329748474e-06,-3.00231019928223,3.00231019928223,False,20.13199215554648,0.0001246616479102537,1.6730147746414317e+17,9.944450463492523e+16,CONVERGED
S5,S5_tauth_100ps,Extended Retardation Lag (tau_theta=100ps),0.17373737373737375,94503.75530777793,2,1.3065497733763118e-05,4.158877096568713e-06,3.177303568483448,3.177303568483448,False,0.04169793930399633,-5.448043315099568e-07,1.6730147746414317e+17,9.944450463492523e+16,CONVERGED
S5,S5_tauth_100ps,Extended Retardation Lag (tau_theta=100ps),0.17373737373737375,94503.75530777793,3,0.9274706098419566,0.29522306425760414,-8.424522016119054e-07,8.424522016119054e-07,True,0.5998601826530733,0.8001058968494384,1.6730147746414317e+17,9.944450463492523e+16,CONVERGED
S5,S5_tauth_100ps,Extended Retardation Lag (tau_theta=100ps),0.17373737373737375,94503.75530777793,4,0.9274649574876007,0.2952212650573324,6.028516470327456e-07,6.028516470327456e-07,True,0.5998638381394016,-0.8001013498239449,1.6730147746414317e+17,9.944450463492523e+16,CONVERGED
S5,S5_tauth_100ps,Extended Retardation Lag (tau_theta=100ps),0.19141414141414143,104118.96296990648,0,1.701690168693978e-06,5.416648039170557e-07,3.227647599572447,3.227647599572447,False,0.03965066340268061,-6.747314409460083e-08,2.218631801339947e+17,4.955920948815936e+16,CONVERGED
S5,S5_tauth_100ps,Extended Retardation Lag (tau_theta=100ps),0.19141414141414143,104118.96296990648,1,7.939552433770983e-06,2.52723803154388e-06,-2.976704264635962,2.976704264635962,False,19.623037616488332,-0.00015579813606924315,2.218631801339947e+17,4.955920948815936e+16,CONVERGED
S5,S5_tauth_100ps,Extended Retardation Lag (tau_theta=100ps),0.19141414141414143,104118.96296990648,2,1.1171831696932e-05,3.5561044759148904e-06,3.179173445363048,3.179173445363048,False,0.04162004214406691,-4.6497210607207676e-07,2.218631801339947e+17,4.955920948815936e+16,CONVERGED
S5,S5_tauth_100ps,Extended Retardation Lag (tau_theta=100ps),0.19141414141414143,104118.96296990648,3,1.0170985899417924,0.3237525364020659,-4.318831731490643e-06,4.318831731490643e-06,True,0.5258383306779149,-0.8505896117932734,2.218631801339947e+17,4.955920948815936e+16,CONVERGED
S5,S5_tauth_100ps,Extended Retardation Lag (tau_theta=100ps),0.19141414141414143,104118.96296990648,4,1.0170931146564306,0.32375079356460557,9.565997373247536e-07,9.565997373247536e-07,True,0.5258402138495544,0.8505822454654285,2.218631801339947e+17,4.955920948815936e+16,CONVERGED
S5,S5_tauth_100ps,Extended Retardation Lag (tau_theta=100ps),0.2090909090909091,113734.17063203505,0,4.438313414332938e-07,1.412759037764309e-07,3.244757065903917,3.244757065903917,False,0.03897803230023574,1.729967236224502e-08,2.8800545934990432e+17,9.311916735039056e+16,CONVERGED
S5,S5_tauth_100ps,Extended Retardation Lag (tau_theta=100ps),0.2090909090909091,113734.17063203505,1,6.4458536717709615e-06,2.051778948618784e-06,-2.9291986331048343,2.9291986331048343,False,18.71262880491149,0.00012061886709229631,2.8800545934990432e+17,9.311916735039056e+16,CONVERGED
S5,S5_tauth_100ps,Extended Retardation Lag (tau_theta=100ps),0.2090909090909091,113734.17063203505,2,1.227306686624151e-05,3.906638517319387e-06,3.179065856099009,3.179065856099009,False,0.0416245202541271,-5.108605203797759e-07,2.8800545934990432e+17,9.311916735039056e+16,CONVERGED
S5,S5_tauth_100ps,Extended Retardation Lag (tau_theta=100ps),0.2090909090909091,113734.17063203505,3,1.1056094711205047,0.35192642491608883,-1.6978039536274997e-06,1.6978039536274997e-06,True,0.4485905708659376,0.8937392770511121,2.8800545934990432e+17,9.311916735039056e+16,CONVERGED
S5,S5_tauth_100ps,Extended Retardation Lag (tau_theta=100ps),0.2090909090909091,113734.17063203505,4,1.105607509295505,0.35192580044779653,1.70004368210728e-06,1.70004368210728e-06,True,0.4485907999793524,-0.8937353602114558,2.8800545934990432e+17,9.311916735039056e+16,CONVERGED
S5,S5_tauth_100ps,Extended Retardation Lag (tau_theta=100ps),0.22676767676767678,123349.37829416365,0,4.417243129774961e-07,1.4060521578847994e-07,3.262714593760447,3.262714593760447,False,0.03828433042633954,1.6911119555379383e-08,3.6644083720704064e+17,1.465870808935213e+17,CONVERGED
S5,S5_tauth_100ps,Extended Retardation Lag (tau_theta=100ps),0.22676767676767678,123349.37829416365,1,8.180100484616035e-06,2.603806854230101e-06,-2.889234703223489,2.889234703223489,False,17.979544646921234,-0.00014707448188273645,3.6644083720704064e+17,1.465870808935213e+17,CONVERGED
S5,S5_tauth_100ps,Extended Retardation Lag (tau_theta=100ps),0.22676767676767678,123349.37829416365,2,1.0325216485674988e-05,3.2866184843782046e-06,3.179850533963008,3.179850533963008,False,0.041591871226559704,-4.294450744738065e-07,3.6644083720704064e+17,1.465870808935213e+17,CONVERGED
S5,S5_tauth_100ps,Extended Retardation Lag (tau_theta=100ps),0.22676767676767678,123349.37829416365,3,1.1930061812017667,0.3797456617548931,-2.9750794748065176e-06,2.9750794748065176e-06,True,0.3688684491705646,0.9294848128846186,3.6644083720704064e+17,1.465870808935213e+17,CONVERGED
S5,S5_tauth_100ps,Extended Retardation Lag (tau_theta=100ps),0.22676767676767678,123349.37829416365,4,1.1930041979309811,0.3797450304601951,-1.380160457115801e-06,1.380160457115801e-06,True,0.3688697042721388,-0.9294825988661158,3.6644083720704064e+17,1.465870808935213e+17,CONVERGED
S5,S5_tauth_100ps,Extended Retardation Lag (tau_theta=100ps),0.24444444444444446,132964.58595629223,0,3.213844888069697e-06,1.0229986005338228e-06,-2.846795208377773,2.846795208377773,False,17.232466786024293,-5.53824752892857e-05,4.544804202348371e+17,7.536330874602824e+16,CONVERGED
S5,S5_tauth_100ps,Extended Retardation Lag (tau_theta=100ps),0.24444444444444446,132964.58595629223,1,1.9540479783502864e-07,6.21992789586346e-08,-3.28141577118609,3.28141577118609,False,26.61342456003023,-5.200390845850559e-06,4.544804202348371e+17,7.536330874602824e+16,CONVERGED
S5,S5_tauth_100ps,Extended Retardation Lag (tau_theta=100ps),0.24444444444444446,132964.58595629223,2,1.0486568986842066e-05,3.337978580660167e-06,3.180474182581666,3.180474182581666,False,0.04156594060009219,-4.35884103621824e-07,4.544804202348371e+17,7.536330874602824e+16,CONVERGED
S5,S5_tauth_100ps,Extended Retardation Lag (tau_theta=100ps),0.24444444444444446,132964.58595629223,3,1.2792810917383675,0.40720781870831524,-2.0739010641612e-06,2.0739010641612e-06,True,0.2874044570457811,0.9578114772130005,4.544804202348371e+17,7.536330874602824e+16,CONVERGED
S5,S5_tauth_100ps,Extended Retardation Lag (tau_theta=100ps),0.24444444444444446,132964.58595629223,4,1.2792924113352582,0.40721142184791315,2.5159461358819706e-06,2.5159461358819706e-06,True,0.287392295897797,-0.9578103342410653,4.544804202348371e+17,7.536330874602824e+16,CONVERGED
S5,S5_tauth_100ps,Extended Retardation Lag (tau_theta=100ps),0.2621212121212121,142579.79361842075,0,1.9957779198451285e-05,6.352758425140254e-06,-2.8052164828640427,2.8052164828640427,False,16.530654118794118,-0.00032991514495266545,5.5486192389337504e+17,9.324670187310162e+16,CONVERGED
S5,S5_tauth_100ps,Extended Retardation Lag (tau_theta=100ps),0.2621212121212121,142579.79361842075,1,2.3642734927135392e-06,7.52571626373e-07,3.3007594564361127,3.3007594564361127,False,0.036855166876205166,-8.713569411510828e-08,5.5486192389337504e+17,9.324670187310162e+16,CONVERGED
S5,S5_tauth_100ps,Extended Retardation Lag (tau_theta=100ps),0.2621212121212121,142579.79361842075,2,8.408561393089638e-06,2.676528220003779e-06,3.1812598270050825,3.1812598270050825,False,0.04153329737613386,-3.492352808529011e-07,5.5486192389337504e+17,9.324670187310162e+16,CONVERGED
S5,S5_tauth_100ps,Extended Retardation Lag (tau_theta=100ps),0.2621212121212121,142579.79361842075,3,1.3644577403899494,0.434320388046117,-8.15249963067381e-06,8.15249963067381e-06,True,0.20487920513055466,-0.9787955948190923,5.5486192389337504e+17,9.324670187310162e+16,CONVERGED
S5,S5_tauth_100ps,Extended Retardation Lag (tau_theta=100ps),0.2621212121212121,142579.79361842075,4,1.3644509370848907,0.43431822248685814,3.906636584461918e-06,3.906636584461918e-06,True,0.20488339343918774,0.9787823975992813,5.5486192389337504e+17,9.324670187310162e+16,CONVERGED
S5,S5_tauth_100ps,Extended Retardation Lag (tau_theta=100ps),0.27979797979797977,152195.0012805493,0,2.5366537288668856e-07,8.074419597233066e-08,-3.320660890096084,3.320660890096084,False,27.678637052269913,-7.021111788859512e-06,6.702936571590372e+17,1.553843830232822e+17,CONVERGED
S5,S5_tauth_100ps,Extended Retardation Lag (tau_theta=100ps),0.27979797979797977,152195.0012805493,1,1.497128580880174e-05,4.7655082818246825e-06,-2.7549930484449914,2.7549930484449914,False,15.720931615740978,-0.0002353625604174702,6.702936571590372e+17,1.553843830232822e+17,CONVERGED
S5,S5_tauth_100ps,Extended Retardation Lag (tau_theta=100ps),0.27979797979797977,152195.0012805493,2,8.517490878435164e-06,2.7112015520861726e-06,3.181043361519166,3.181043361519166,False,0.041542288874633224,-3.5383606656756376e-07,6.702936571590372e+17,1.553843830232822e+17,CONVERGED
S5,S5_tauth_100ps,Extended Retardation Lag (tau_theta=100ps),0.27979797979797977,152195.0012805493,3,1.4485448223787127,0.4610861375434873,-1.2065226182876982e-06,1.2065226182876982e-06,True,0.12194736213381359,-0.9925377846292566,6.702936571590372e+17,1.553843830232822e+17,CONVERGED
S5,S5_tauth_100ps,Extended Retardation Lag (tau_theta=100ps),0.27979797979797977,152195.0012805493,4,1.4485383262968472,0.4610840697764081,4.953968761402641e-06,4.953968761402641e-06,True,0.1219530584448647,0.9925308779315151,6.702936571590372e+17,1.553843830232822e+17,CONVERGED
S5,S5_tauth_100ps,Extended Retardation Lag (tau_theta=100ps),0.29747474747474745,161810.20894267788,0,4.913006939917212e-07,1.5638586798652218e-07,-3.341032879529936,3.341032879529936,False,28.248288721564062,1.3878403852984052e-05,8.030984034330431e+17,1.4767223538046464e+17,CONVERGED
S5,S5_tauth_100ps,Extended Retardation Lag (tau_theta=100ps),0.29747474747474745,161810.20894267788,1,8.851230380216692e-05,2.8174341349132853e-05,-2.708013680133423,2.708013680133423,False,14.999452136715373,0.0013276360678581025,8.030984034330431e+17,1.4767223538046464e+17,CONVERGED
S5,S5_tauth_100ps,Extended Retardation Lag (tau_theta=100ps),0.29747474747474745,161810.20894267788,2,2.1014676438814985e-05,6.689179265428385e-06,3.1811543878156083,3.1811543878156083,False,0.04153767683652168,-8.72900838868059e-07,8.030984034330431e+17,1.4767223538046464e+17,CONVERGED
S5,S5_tauth_100ps,Extended Retardation Lag (tau_theta=100ps),0.29747474747474745,161810.20894267788,3,1.531581326142242,0.48751747760555625,4.298176604184309e-07,4.298176604184309e-07,True,0.03920493366342697,0.9992307609063559,8.030984034330431e+17,1.4767223538046464e+17,CONVERGED
S5,S5_tauth_100ps,Extended Retardation Lag (tau_theta=100ps),0.29747474747474745,161810.20894267788,4,1.5315731663905414,0.48751488027592116,4.800586200911886e-06,4.800586200911886e-06,True,0.039212915746069124,-0.9992260735751349,8.030984034330431e+17,1.4767223538046464e+17,CONVERGED
S5,S5_tauth_100ps,Extended Retardation Lag (tau_theta=100ps),0.3151515151515151,171425.41660480644,0,3.5672940373225723e-07,1.1355049590042631e-07,-3.3618000826317145,3.3618000826317145,False,28.841060472494572,-1.0288454305359398e-05,9.499034660404626e+17,5.9240397573462536e+16,CONVERGED
S5,S5_tauth_100ps,Extended Retardation Lag (tau_theta=100ps),0.3151515151515151,171425.41660480644,1,1.1402805277128898e-05,3.6296256499388273e-06,-2.6541553676082974,2.6541553676082974,False,14.212976247061102,-0.00016206780056072023,9.499034660404626e+17,5.9240397573462536e+16,CONVERGED
S5,S5_tauth_100ps,Extended Retardation Lag (tau_theta=100ps),0.3151515151515151,171425.41660480644,2,8.356849845632051e-06,2.660067923218167e-06,3.1802795371641777,3.1802795371641777,False,0.04157403200823993,-3.474279429784496e-07,9.499034660404626e+17,5.9240397573462536e+16,CONVERGED
S5,S5_tauth_100ps,Extended Retardation Lag (tau_theta=100ps),0.3151515151515151,171425.41660480644,3,1.6135756574099718,0.5136170838591033,-3.799649804878406e-06,3.799649804878406e-06,True,-0.04276644610321855,-0.9990889001566302,9.499034660404626e+17,5.9240397573462536e+16,CONVERGED
S5,S5_tauth_100ps,Extended Retardation Lag (tau_theta=100ps),0.3151515151515151,171425.41660480644,4,1.6135734982474224,0.513616396576318,-3.5942838486710546e-06,3.5942838486710546e-06,True,-0.04276428012545396,0.9990887873151649,9.499034660404626e+17,5.9240397573462536e+16,CONVERGED
S5,S5_tauth_100ps,Extended Retardation Lag (tau_theta=100ps),0.3328282828282828,181040.62426693502,0,7.003926458460737e-08,2.2294190338322775e-08,-3.382894469206742,3.382894469206742,False,29.45590705810165,2.0630700680219886e-06,1.0626122366556543e+18,1.340572849885641e+17,CONVERGED
S5,S5_tauth_100ps,Extended Retardation Lag (tau_theta=100ps),0.3328282828282828,181040.62426693502,1,2.760566411299003e-05,8.787155801833812e-06,-2.600555442624995,2.600555442624995,False,13.471218441142387,-0.00037188193157336094,1.0626122366556543e+18,1.340572849885641e+17,CONVERGED
S5,S5_tauth_100ps,Extended Retardation Lag (tau_theta=100ps),0.3328282828282828,181040.62426693502,2,5.958759278077346e-06,1.8967319876014068e-06,3.1792414813662044,3.1792414813662044,False,0.04161721058093176,-2.4798693967976093e-07,1.0626122366556543e+18,1.340572849885641e+17,CONVERGED
S5,S5_tauth_100ps,Extended Retardation Lag (tau_theta=100ps),0.3328282828282828,181040.62426693502,3,1.6946003275925745,0.5394080374030068,-2.963694480651289e-06,2.963694480651289e-06,True,-0.12348834286252065,0.9923490094637052,1.0626122366556543e+18,1.340572849885641e+17,CONVERGED
S5,S5_tauth_100ps,Extended Retardation Lag (tau_theta=100ps),0.3328282828282828,181040.62426693502,4,1.6945835194473347,0.5394026872042086,1.8473540657594362e-05,1.8473540657594362e-05,True,-0.12346901643608986,-0.9923298118980022,1.0626122366556543e+18,1.340572849885641e+17,CONVERGED
S5,S5_tauth_100ps,Extended Retardation Lag (tau_theta=100ps),0.3505050505050505,190655.83192906357,0,8.952161459277346e-07,2.8495614952014894e-07,3.4042553628069205,3.4042553628069205,False,0.03323155632389425,-2.974942577546499e-08,1.2984040776751716e+18,6.289134969407969e+16,CONVERGED
S5,S5_tauth_100ps,Extended Retardation Lag (tau_theta=100ps),0.3505050505050505,190655.83192906357,1,1.841813844562388e-05,5.862675552343837e-06,-2.5447553832875767,2.5447553832875767,False,12.74011125857387,0.00023464913299959823,1.2984040776751716e+18,6.289134969407969e+16,CONVERGED
S5,S5_tauth_100ps,Extended Retardation Lag (tau_theta=100ps),0.3505050505050505,190655.83192906357,2,1.2049634207707461e-05,3.835517693211673e-06,3.177650695355498,3.177650695355498,False,0.04168346734123555,-5.022705339951175e-07,1.2984040776751716e+18,6.289134969407969e+16,CONVERGED
S5,S5_tauth_100ps,Extended Retardation Lag (tau_theta=100ps),0.3505050505050505,190655.83192906357,3,1.7746493668704624,0.564888437984673,-2.083545506517977e-06,2.083545506517977e-06,True,-0.20244450434204145,-0.9792958642623794,1.2984040776751716e+18,6.289134969407969e+16,CONVERGED
S5,S5_tauth_100ps,Extended Retardation Lag (tau_theta=100ps),0.3505050505050505,190655.83192906357,4,1.774647245072104,0.5648877625952792,2.2005502548123676e-06,2.2005502548123676e-06,True,-0.20244155919234533,0.9792920984164772,1.2984040776751716e+18,6.289134969407969e+16,CONVERGED
S5,S5_tauth_100ps,Extended Retardation Lag (tau_theta=100ps),0.36818181818181817,200271.03959119215,0,2.7334279971903065e-06,8.700771546772334e-07,3.4258279786059753,3.4258279786059753,False,0.032522342034660985,-8.889748025196289e-08,1.4977454624666184e+18,2.4010312406495242e+17,CONVERGED
S5,S5_tauth_100ps,Extended Retardation Lag (tau_theta=100ps),0.36818181818181817,200271.03959119215,1,3.757130950601247e-06,1.1959319252634803e-06,-2.4868482340535367,2.4868482340535367,False,12.023321644244017,-4.517319387883563e-05,1.4977454624666184e+18,2.4010312406495242e+17,CONVERGED
S5,S5_tauth_100ps,Extended Retardation Lag (tau_theta=100ps),0.36818181818181817,200271.03959119215,2,8.792295903069303e-06,2.798674708200199e-06,3.175435273073426,3.175435273073426,False,0.041775916193805496,-3.6730621680722744e-07,1.4977454624666184e+18,2.4010312406495242e+17,CONVERGED
S5,S5_tauth_100ps,Extended Retardation Lag (tau_theta=100ps),0.36818181818181817,200271.03959119215,3,1.853812808985094,0.5900869442340986,-8.6279746471974e-07,8.6279746471974e-07,True,-0.27925363441853124,-0.9602182737588676,1.4977454624666184e+18,2.4010312406495242e+17,CONVERGED
S5,S5_tauth_100ps,Extended Retardation Lag (tau_theta=100ps),0.36818181818181817,200271.03959119215,4,1.853800143252467,0.5900829126061876,1.9142678451970535e-05,1.9142678451970535e-05,True,-0.27923588622553835,0.9602026011315576,1.4977454624666184e+18,2.4010312406495242e+17,CONVERGED
S5,S5_tauth_100ps,Extended Retardation Lag (tau_theta=100ps),0.38585858585858585,209886.2472533207,0,1.7038430344905236e-07,5.423500823837231e-08,-3.4475656041960216,3.4475656041960216,False,31.423801150309817,-5.354122470717121e-06,1.7483851369545224e+18,1.0883184875732354e+17,CONVERGED
S5,S5_tauth_100ps,Extended Retardation Lag (tau_theta=100ps),0.38585858585858585,209886.2472533207,1,3.57636878253543e-05,1.1383935401201147e-05,-2.426846540795414,2.426846540795414,False,11.323118720284427,-0.00040495648329432957,1.7483851369545224e+18,1.0883184875732354e+17,CONVERGED
S5,S5_tauth_100ps,Extended Retardation Lag (tau_theta=100ps),0.38585858585858585,209886.2472533207,2,3.467635548214685e-06,1.103782676679083e-06,3.1725087495719424,3.1725087495719424,False,0.041898353466100755,-1.4528821989129727e-07,1.7483851369545224e+18,1.0883184875732354e+17,CONVERGED
S5,S5_tauth_100ps,Extended Retardation Lag (tau_theta=100ps),0.38585858585858585,209886.2472533207,3,1.9320821183420092,0.6150008391871822,-1.383760273929624e-06,1.383760273929624e-06,True,-0.35347779909617005,-0.9354443933609871,1.7483851369545224e+18,1.0883184875732354e+17,CONVERGED
S5,S5_tauth_100ps,Extended Retardation Lag (tau_theta=100ps),0.38585858585858585,209886.2472533207,4,1.9320869131317884,0.615002365416171,-8.957283760381955e-07,8.957283760381955e-07,True,-0.3534821118407351,0.9354422419727317,1.7483851369545224e+18,1.0883184875732354e+17,CONVERGED
S5,S5_tauth_100ps,Extended Retardation Lag (tau_theta=100ps),0.4035353535353535,219501.45491544926,0,2.72116696146473e-07,8.661743457909299e-08,-3.469423045578168,3.469423045578168,False,32.11820635684831,8.739900199976426e-06,1.8742097013019246e+18,1.5424231643627203e+17,CONVERGED
S5,S5_tauth_100ps,Extended Retardation Lag (tau_theta=100ps),0.4035353535353535,219501.45491544926,1,3.490082277765434e-05,1.1109276926075802e-05,-2.364655764570633,2.364655764570633,False,10.640375386333577,0.00037135785579692313,1.8742097013019246e+18,1.5424231643627203e+17,CONVERGED
S5,S5_tauth_100ps,Extended Retardation Lag (tau_theta=100ps),0.4035353535353535,219501.45491544926,2,1.4998168023556817e-05,4.774065156543739e-06,3.1687612100380975,3.1687612100380975,False,0.04205566377684725,-6.307579117146625e-07,1.8742097013019246e+18,1.5424231643627203e+17,CONVERGED
S5,S5_tauth_100ps,Extended Retardation Lag (tau_theta=100ps),0.4035353535353535,219501.45491544926,3,2.009541464673061,0.6396569149016901,1.591221240699046e-06,1.591221240699046e-06,True,-0.4248031154569346,0.9052840055257051,1.8742097013019246e+18,1.5424231643627203e+17,CONVERGED
S5,S5_tauth_100ps,Extended Retardation Lag (tau_theta=100ps),0.4035353535353535,219501.45491544926,4,2.0095403836562173,0.6396565708033416,3.916619245627608e-06,3.916619245627608e-06,True,-0.42480114899653526,-0.9052823596002586,1.8742097013019246e+18,1.5424231643627203e+17,CONVERGED
S5,S5_tauth_100ps,Extended Retardation Lag (tau_theta=100ps),0.4212121212121212,229116.66257757787,0,1.2729592364706845e-05,4.0519550967758865e-06,3.4913399706888653,3.4913399706888653,False,0.030460029264313907,3.87743755972701e-07,2.194584632252558e+18,7.856342252203365e+16,CONVERGED
S5,S5_tauth_100ps,Extended Retardation Lag (tau_theta=100ps),0.4212121212121212,229116.66257757787,1,2.423755692879949e-05,7.715053987379313e-06,-2.300153469645888,2.300153469645888,False,9.97571330360055,0.00024178691914874742,2.194584632252558e+18,7.856342252203365e+16,CONVERGED
S5,S5_tauth_100ps,Extended Retardation Lag (tau_theta=100ps),0.4212121212121212,229116.66257757787,2,1.3220988775711372e-05,4.208371432433861e-06,3.1640679239042444,3.1640679239042444,False,0.04225350694570227,-5.586331410961209e-07,2.194584632252558e+18,7.856342252203365e+16,CONVERGED
S5,S5_tauth_100ps,Extended Retardation Lag (tau_theta=100ps),0.4212121212121212,229116.66257757787,3,2.086200163437127,0.6640581365802775,1.1902472467151678e-06,1.1902472467151678e-06,True,-0.49288567829883134,0.8700927120923614,2.194584632252558e+18,7.856342252203365e+16,CONVERGED
S5,S5_tauth_100ps,Extended Retardation Lag (tau_theta=100ps),0.4212121212121212,229116.66257757787,4,2.0862177844565437,0.6640637455249624,1.4175648776481728e-05,1.4175648776481728e-05,True,-0.4928946096669094,-0.8700727284920763,2.194584632252558e+18,7.856342252203365e+16,CONVERGED
S5,S5_tauth_100ps,Extended Retardation Lag (tau_theta=100ps),0.4388888888888889,238731.87023970645,0,8.798724176062471e-07,2.8007208910450126e-07,-3.5133548135051917,3.5133548135051917,False,33.56066892142505,2.9529106900384718e-05,2.4260451085976724e+18,9.058565892220854e+16,CONVERGED
S5,S5_tauth_100ps,Extended Retardation Lag (tau_theta=100ps),0.4388888888888889,238731.87023970645,1,1.4312587727129283e-05,4.555838170418041e-06,-2.2333466614926807,2.2333466614926807,False,9.331041720285405,0.00013355135321620754,2.4260451085976724e+18,9.058565892220854e+16,CONVERGED
S5,S5_tauth_100ps,Extended Retardation Lag (tau_theta=100ps),0.4388888888888889,238731.87023970645,2,1.1505962883592769e-05,3.662461735911334e-06,3.1583180078373387,3.1583180078373387,False,0.04249716088863419,-4.889707558642731e-07,2.4260451085976724e+18,9.058565892220854e+16,CONVERGED
S5,S5_tauth_100ps,Extended Retardation Lag (tau_theta=100ps),0.4388888888888889,238731.87023970645,3,2.1621544669532797,0.6882351422876731,-7.223288114299923e-07,7.223288114299923e-07,True,-0.5574894460456025,0.8301848963974433,2.4260451085976724e+18,9.058565892220854e+16,CONVERGED
S5,S5_tauth_100ps,Extended Retardation Lag (tau_theta=100ps),0.4388888888888889,238731.87023970645,4,2.1621611084854417,0.6882372563530197,4.1406591098131063e-07,4.1406591098131063e-07,True,-0.5574943261990267,-0.8301802503820566,2.4260451085976724e+18,9.058565892220854e+16,CONVERGED
S5,S5_tauth_100ps,Extended Retardation Lag (tau_theta=100ps),0.45656565656565656,248347.077901835,0,1.9858365488047215e-05,6.321114058296426e-06,3.5353584323124094,3.5353584323124094,False,0.029148307415798377,-5.788377420969703e-07,2.6282768981609385e+18,1.244738329210391e+17,CONVERGED
S5,S5_tauth_100ps,Extended Retardation Lag (tau_theta=100ps),0.45656565656565656,248347.077901835,1,7.264861252355823e-06,2.312477158378413e-06,-2.164054947431729,2.164054947431729,False,8.70637005008449,6.325057042664278e-05,2.6282768981609385e+18,1.244738329210391e+17,CONVERGED
S5,S5_tauth_100ps,Extended Retardation Lag (tau_theta=100ps),0.45656565656565656,248347.077901835,2,1.0244720847213262e-05,3.260995926861161e-06,3.1513548291506956,3.1513548291506956,False,0.04279410886525885,-4.38413699245169e-07,2.6282768981609385e+18,1.244738329210391e+17,CONVERGED
S5,S5_tauth_100ps,Extended Retardation Lag (tau_theta=100ps),0.45656565656565656,248347.077901835,3,2.23741087729809,0.7121900016991303,-5.045691628846731e-06,5.045691628846731e-06,True,-0.618331964705573,-0.7859234522887849,2.6282768981609385e+18,1.244738329210391e+17,CONVERGED
S5,S5_tauth_100ps,Extended Retardation Lag (tau_theta=100ps),0.45656565656565656,248347.077901835,4,2.2373962149685895,0.7121853345346958,2.8269279663672994e-05,2.8269279663672994e-05,True,-0.6182998421858702,0.7859063355081666,2.6282768981609385e+18,1.244738329210391e+17,CONVERGED
S5,S5_tauth_100ps,Extended Retardation Lag (tau_theta=100ps),0.4742424242424242,257962.28556396352,0,5.105335992526981e-06,1.6250789187112733e-06,3.5573606972906764,3.5573606972906764,False,0.028513982519402396,-1.4557346124785498e-07,2.892780635432493e+18,1.1590149955442078e+17,CONVERGED
S5,S5_tauth_100ps,Extended Retardation Lag (tau_theta=100ps),0.4742424242424242,257962.28556396352,1,3.860957586970197e-05,1.2289809700689266e-05,-2.09211034309929,2.09211034309929,False,8.101995119141492,-0.000312814595403886,2.892780635432493e+18,1.1590149955442078e+17,CONVERGED
S5,S5_tauth_100ps,Extended Retardation Lag (tau_theta=100ps),0.4742424242424242,257962.28556396352,2,4.934928109095521e-07,1.5708364047313847e-07,3.143008126511343,3.143008126511343,False,0.04315279340312871,-2.1295593315110894e-08,2.892780635432493e+18,1.1590149955442078e+17,CONVERGED
S5,S5_tauth_100ps,Extended Retardation Lag (tau_theta=100ps),0.4742424242424242,257962.28556396352,3,2.3120145760682864,0.7359370965635613,7.763165098809613e-07,7.763165098809613e-07,True,-0.675186525666225,-0.7376459875353202,2.892780635432493e+18,1.1590149955442078e+17,CONVERGED
S5,S5_tauth_100ps,Extended Retardation Lag (tau_theta=100ps),0.4742424242424242,257962.28556396352,4,2.312022700828538,0.7359396827550723,2.9115817514228488e-06,2.9115817514228488e-06,True,-0.6751910771271613,0.7376389267258849,2.892780635432493e+18,1.1590149955442078e+17,CONVERGED
S5,S5_tauth_100ps,Extended Retardation Lag (tau_theta=100ps),0.49191919191919187,267577.4932260921,0,2.0155145979016106e-06,6.415582222598303e-07,3.57934929740768,3.57934929740768,False,0.027893842947066583,-5.622044765146371e-08,3.445635866422968e+18,2.1918658608024355e+17,CONVERGED
S5,S5_tauth_100ps,Extended Retardation Lag (tau_theta=100ps),0.49191919191919187,267577.4932260921,1,3.5094542231167315e-05,1.1170939743275104e-05,-2.0174330365996576,2.0174330365996576,False,7.518999139735877,0.00026387583295390366,3.445635866422968e+18,2.1918658608024355e+17,CONVERGED
S5,S5_tauth_100ps,Extended Retardation Lag (tau_theta=100ps),0.49191919191919187,267577.4932260921,2,1.6413664020948836e-05,5.224631526367204e-06,3.133109852665001,3.133109852665001,False,0.04358205252103552,-7.153411674878629e-07,3.445635866422968e+18,2.1918658608024355e+17,CONVERGED
S5,S5_tauth_100ps,Extended Retardation Lag (tau_theta=100ps),0.49191919191919187,267577.4932260921,3,2.3860271261736052,0.7594960229637575,1.4594828266874766e-06,1.4594828266874766e-06,True,-0.7278828148816154,-0.6856994158074096,3.445635866422968e+18,2.1918658608024355e+17,CONVERGED
S5,S5_tauth_100ps,Extended Retardation Lag (tau_theta=100ps),0.49191919191919187,267577.4932260921,4,2.386006697347604,0.7594895202664782,5.49237556073122e-06,5.49237556073122e-06,True,-0.7278658712847729,0.685711520049116,3.445635866422968e+18,2.1918658608024355e+17,CONVERGED
S5,S5_tauth_100ps,Extended Retardation Lag (tau_theta=100ps),0.5095959595959596,277192.70088822074,0,6.826086367205704e-06,2.1728107746259727e-06,3.601283464076435,3.601283464076435,False,0.027288675925747467,1.8627485871873245e-07,3.713664130304988e+18,1.707273692986619e+17,CONVERGED
S5,S5_tauth_100ps,Extended Retardation Lag (tau_theta=100ps),0.5095959595959596,277192.70088822074,1,0.000111836248884795,3.559858365374118e-05,-1.9395233830555771,1.9395233830555771,False,6.955435058777923,0.0007778697695785454,3.713664130304988e+18,1.707273692986619e+17,CONVERGED
S5,S5_tauth_100ps,Extended Retardation Lag (tau_theta=100ps),0.5095959595959596,277192.70088822074,2,3.496229577285135e-05,1.1128844388180339e-05,3.1213740250665016,3.1213740250665016,False,0.044096537000532926,-1.5417161697992938e-06,3.713664130304988e+18,1.707273692986619e+17,CONVERGED
S5,S5_tauth_100ps,Extended Retardation Lag (tau_theta=100ps),0.5095959595959596,277192.70088822074,3,2.459467940695791,0.7828729602755593,-1.2602976004630907e-05,1.2602976004630907e-05,True,-0.776244742904191,0.6304516677615251,3.713664130304988e+18,1.707273692986619e+17,CONVERGED
S5,S5_tauth_100ps,Extended Retardation Lag (tau_theta=100ps),0.5095959595959596,277192.70088822074,4,2.459467884729698,0.7828729424609986,-2.6271253235709932e-06,2.6271253235709932e-06,True,-0.7762369639576026,-0.6304454219441477,3.713664130304988e+18,1.707273692986619e+17,CONVERGED
S5,S5_tauth_100ps,Extended Retardation Lag (tau_theta=100ps),0.5272727272727272,286807.90855034924,0,5.859963291838395e-06,1.8652842484662709e-06,3.6231600190603666,3.6231600190603666,False,0.0266981763053921,1.5645033311041812e-07,3.7356851986481434e+18,1.3464211059666488e+17,CONVERGED
S5,S5_tauth_100ps,Extended Retardation Lag (tau_theta=100ps),0.5272727272727272,286807.90855034924,1,1.1115699907362117e-05,3.538237172365608e-06,-1.8581954082916177,1.8581954082916177,False,6.412155002243458,-7.127559076736471e-05,3.7356851986481434e+18,1.3464211059666488e+17,CONVERGED
S5,S5_tauth_100ps,Extended Retardation Lag (tau_theta=100ps),0.5272727272727272,286807.90855034924,2,5.588234090933313e-06,1.7787901574533619e-06,3.107552546448195,3.107552546448195,False,0.04471024779568742,-2.498513309485373e-07,3.7356851986481434e+18,1.3464211059666488e+17,CONVERGED
S5,S5_tauth_100ps,Extended Retardation Lag (tau_theta=100ps),0.5272727272727272,286807.90855034924,3,2.5324192111181327,0.8060940708606579,-3.383423272557523e-06,3.383423272557523e-06,True,-0.8201240205347929,-0.5721917142106191,3.7356851986481434e+18,1.3464211059666488e+17,CONVERGED
S5,S5_tauth_100ps,Extended Retardation Lag (tau_theta=100ps),0.5272727272727272,286807.90855034924,4,2.5324282484364953,0.8060969475284372,-7.998215828088475e-07,7.998215828088475e-07,True,-0.8201270726955597,0.5721828241709612,3.7356851986481434e+18,1.3464211059666488e+17,CONVERGED
S5,S5_tauth_100ps,Extended Retardation Lag (tau_theta=100ps),0.544949494949495,296423.11621247785,0,2.1225367712047667e-05,6.756244380630998e-06,3.644954332237525,3.644954332237525,False,0.026122602781613727,5.544618497187753e-07,3.985532432115265e+18,1.1163027637666925e+17,CONVERGED
S5,S5_tauth_100ps,Extended Retardation Lag (tau_theta=100ps),0.544949494949495,296423.11621247785,1,2.7739934659912864e-05,8.829895444342654e-06,-1.7731018442463022,1.7731018442463022,False,5.889092104086145,0.00016336303021546126,3.985532432115265e+18,1.1163027637666925e+17,CONVERGED
S5,S5_tauth_100ps,Extended Retardation Lag (tau_theta=100ps),0.544949494949495,296423.11621247785,2,1.580881877100429e-05,5.032103303698549e-06,3.0913284410212207,3.0913284410212207,False,0.04544154786830659,-7.183771949838204e-07,3.985532432115265e+18,1.1163027637666925e+17,CONVERGED
S5,S5_tauth_100ps,Extended Retardation Lag (tau_theta=100ps),0.544949494949495,296423.11621247785,3,2.6048925247454857,0.8291630430727427,-3.8777910876761975e-05,3.8777910876761975e-05,True,-0.8594339173645583,0.5113226970443357,3.985532432115265e+18,1.1163027637666925e+17,CONVERGED
S5,S5_tauth_100ps,Extended Retardation Lag (tau_theta=100ps),0.544949494949495,296423.11621247785,4,2.604889585345081,0.8291621074325344,1.445467261614197e-05,1.445467261614197e-05,True,-0.8593866657886166,-0.5112980048243524,3.985532432115265e+18,1.1163027637666925e+17,CONVERGED
S5,S5_tauth_100ps,Extended Retardation Lag (tau_theta=100ps),0.5626262626262627,306038.32387460646,0,5.656592298009746e-07,1.8005492505675894e-07,-3.6666707176978384,3.6666707176978384,False,39.12144248000892,2.2129405021947337e-05,4.955176085799059e+18,6.3226446325903656e+16,CONVERGED
S5,S5_tauth_100ps,Extended Retardation Lag (tau_theta=100ps),0.5626262626262627,306038.32387460646,1,2.570033554827693e-06,8.180670883257259e-07,-1.6840518209091717,1.6840518209091717,False,5.3873403463676075,-1.384564546147228e-05,4.955176085799059e+18,6.3226446325903656e+16,CONVERGED
S5,S5_tauth_100ps,Extended Retardation Lag (tau_theta=100ps),0.5626262626262627,306038.32387460646,2,7.57761503374578e-06,2.4120297789362007e-06,3.0723790343417847,3.0723790343417847,False,0.04631084859772491,-3.5092578256636173e-07,4.955176085799059e+18,6.3226446325903656e+16,CONVERGED
S5,S5_tauth_100ps,Extended Retardation Lag (tau_theta=100ps),0.5626262626262627,306038.32387460646,3,2.6770421331021357,0.8521289766969531,-9.96805978498543e-06,9.96805978498543e-06,True,-0.8940319438912983,-0.4480254676022807,4.955176085799059e+18,6.3226446325903656e+16,CONVERGED
S5,S5_tauth_100ps,Extended Retardation Lag (tau_theta=100ps),0.5626262626262627,306038.32387460646,4,2.677024626241364,0.8521234040900934,7.88470019598442e-06,7.88470019598442e-06,True,-0.8940081395796016,0.4480331205272262,4.955176085799059e+18,6.3226446325903656e+16,CONVERGED
S5,S5_tauth_100ps,Extended Retardation Lag (tau_theta=100ps),0.5803030303030303,315653.531536735,0,1.54504824134862e-05,4.918041298521451e-06,3.688277424872324,3.688277424872324,False,0.025015055259453946,-3.8649467138933294e-07,4.907741876298481e+18,1.0063811605487035e+17,CONVERGED
S5,S5_tauth_100ps,Extended Retardation Lag (tau_theta=100ps),0.5803030303030303,315653.531536735,1,7.80926818211258e-05,2.4857672662269533e-05,-1.590059728633761,1.590059728633761,False,4.90404181634411,0.00038296977797976593,4.907741876298481e+18,1.0063811605487035e+17,CONVERGED
S5,S5_tauth_100ps,Extended Retardation Lag (tau_theta=100ps),0.5803030303030303,315653.531536735,2,3.236654362056106e-05,1.0302590816023487e-05,3.050104040178329,3.050104040178329,False,0.047353997391704046,-1.5326852227217336e-06,4.907741876298481e+18,1.0063811605487035e+17,CONVERGED
S5,S5_tauth_100ps,Extended Retardation Lag (tau_theta=100ps),0.5803030303030303,315653.531536735,3,2.748826028155636,0.8749785001612619,-1.3994796956070739e-05,1.3994796956070739e-05,True,-0.9238666117705298,0.38275119025453824,4.907741876298481e+18,1.0063811605487035e+17,CONVERGED
S5,S5_tauth_100ps,Extended Retardation Lag (tau_theta=100ps),0.5803030303030303,315653.531536735,4,2.7488344523815527,0.8749811816756546,-1.2123398324381558e-05,1.2123398324381558e-05,True,-0.9238681071931145,-0.38274269111508397,4.907741876298481e+18,1.0063811605487035e+17,CONVERGED
S5,S5_tauth_100ps,Extended Retardation Lag (tau_theta=100ps),0.5979797979797981,325268.7391988636,0,6.495560612006845e-05,2.0676011591078124e-05,3.7097810625394443,3.7097810625394443,False,0.024482882853479857,1.59030049755103e-06,5.10733159720521e+18,1.4887328320452746e+17,CONVERGED
S5,S5_tauth_100ps,Extended Retardation Lag (tau_theta=100ps),0.5979797979797981,325268.7391988636,1,5.05032668340209e-05,1.6075689117846802e-05,-1.4906971715159443,1.4906971715159443,False,4.440190008522117,-0.00022424410098479682,5.10733159720521e+18,1.4887328320452746e+17,CONVERGED
S5,S5_tauth_100ps,Extended Retardation Lag (tau_theta=100ps),0.5979797979797981,325268.7391988636,2,8.484972917314425e-06,2.700850763582901e-06,3.023975753066458,3.023975753066458,False,0.048607581947056576,4.1243401640681426e-07,5.10733159720521e+18,1.4887328320452746e+17,CONVERGED
S5,S5_tauth_100ps,Extended Retardation Lag (tau_theta=100ps),0.5979797979797981,325268.7391988636,3,2.820410560980344,0.8977645646572144,-3.78701546241419e-05,3.78701546241419e-05,True,-0.9488988424243927,0.31570038014431573,5.10733159720521e+18,1.4887328320452746e+17,CONVERGED
S5,S5_tauth_100ps,Extended Retardation Lag (tau_theta=100ps),0.5979797979797981,325268.7391988636,4,2.8204767496027108,0.8977856331500668,1.1895975687966063e-05,1.1895975687966063e-05,True,-0.9488725132309049,-0.31562186547594645,5.10733159720521e+18,1.4887328320452746e+17,CONVERGED
S5,S5_tauth_100ps,Extended Retardation Lag (tau_theta=100ps),0.6156565656565657,334883.9468609921,0,5.180430561489567e-05,1.648982262410775e-05,3.731198743791463,3.731198743791463,False,0.02396409177336081,1.2414431351211384e-06,5.7204089027984e+18,1.2034666038912608e+17,CONVERGED
S5,S5_tauth_100ps,Extended Retardation Lag (tau_theta=100ps),0.6156565656565657,334883.9468609921,1,0.0002810112947098714,8.944867323545884e-05,-1.3849910336749942,1.3849910336749942,False,3.9947899283408224,-0.0011225811194060936,5.7204089027984e+18,1.2034666038912608e+17,CONVERGED
S5,S5_tauth_100ps,Extended Retardation Lag (tau_theta=100ps),0.6156565656565657,334883.9468609921,2,9.156423639259318e-05,2.914580166463204e-05,2.9931971258296124,2.9931971258296124,False,0.0501269179863001,4.589832980956781e-06,5.7204089027984e+18,1.2034666038912608e+17,CONVERGED
S5,S5_tauth_100ps,Extended Retardation Lag (tau_theta=100ps),0.6156565656565657,334883.9468609921,3,2.8921451490753953,0.9205983932291915,-2.289813171728395e-05,2.289813171728395e-05,True,-0.9690711530582873,0.2468742546771149,5.7204089027984e+18,1.2034666038912608e+17,CONVERGED
S5,S5_tauth_100ps,Extended Retardation Lag (tau_theta=100ps),0.6156565656565657,334883.9468609921,4,2.892160502722901,0.9206032804469815,3.3670751041608124e-05,3.3670751041608124e-05,True,-0.9690201254280035,-0.2468454117070057,5.7204089027984e+18,1.2034666038912608e+17,CONVERGED
S5,S5_tauth_100ps,Extended Retardation Lag (tau_theta=100ps),0.6333333333333333,344499.15452312067,0,0.00020137941445642915,6.410105849538437e-05,3.752384406439888,3.752384406439888,False,0.023461736316331156,-4.724710785382026e-06,7.568592300259771e+18,1.1282667568331725e+17,CONVERGED
S5,S5_tauth_100ps,Extended Retardation Lag (tau_theta=100ps),0.6333333333333333,344499.15452312067,1,0.00012262544807982605,3.9032892421525765e-05,-1.2715347352024582,1.2715347352024582,False,3.566321697104218,0.00043732179829621316,7.568592300259771e+18,1.1282667568331725e+17,CONVERGED
S5,S5_tauth_100ps,Extended Retardation Lag (tau_theta=100ps),0.6333333333333333,344499.15452312067,2,5.5185761354384066e-05,1.7566173415679827e-05,2.9566624273054147,2.9566624273054147,False,0.05199215543353675,-2.869226684967915e-06,7.568592300259771e+18,1.1282667568331725e+17,CONVERGED
S5,S5_tauth_100ps,Extended Retardation Lag (tau_theta=100ps),0.6333333333333333,344499.15452312067,3,2.964394343884626,0.9435960262057882,-1.5032547098907452e-05,1.5032547098907452e-05,True,-0.9843562134976853,-0.17627509890695467,7.568592300259771e+18,1.1282667568331725e+17,CONVERGED
S5,S5_tauth_100ps,Extended Retardation Lag (tau_theta=100ps),0.6333333333333333,344499.15452312067,4,2.9644234158472513,0.9436052800989025,3.688883388257167e-05,3.688883388257167e-05,True,-0.984310229671565,0.1762373309422581,7.568592300259771e+18,1.1282667568331725e+17,CONVERGED
S5,S5_tauth_100ps,Extended Retardation Lag (tau_theta=100ps),0.651010101010101,354114.3621852493,0,1.3966582180709316e-06,4.4457011843181414e-07,-3.773647811079443,3.773647811079443,False,43.53859608718028,6.0808538028470786e-05,5.917534207440903e+18,2.5548062151848384e+17,CONVERGED
S5,S5_tauth_100ps,Extended Retardation Lag (tau_theta=100ps),0.651010101010101,354114.3621852493,1,4.5274291295591286e-05,1.4411254509351448e-05,-1.1492740838316986,1.1492740838316986,False,3.1559011550699165,0.00014288118829235252,5.917534207440903e+18,2.5548062151848384e+17,CONVERGED
S5,S5_tauth_100ps,Extended Retardation Lag (tau_theta=100ps),0.651010101010101,354114.3621852493,2,2.685594156987547e-05,8.548511704465594e-06,2.9131941262199335,2.9131941262199335,False,0.054302005089589135,-1.4583314761636892e-06,5.917534207440903e+18,2.5548062151848384e+17,CONVERGED
S5,S5_tauth_100ps,Extended Retardation Lag (tau_theta=100ps),0.651010101010101,354114.3621852493,3,3.039190213271052,0.9674042908771991,-3.715664337916572e-06,3.715664337916572e-06,True,-0.9947651464488634,-0.10222394419537732,5.917534207440903e+18,2.5548062151848384e+17,CONVERGED
S5,S5_tauth_100ps,Extended Retardation Lag (tau_theta=100ps),0.651010101010101,354114.3621852493,4,3.0391762586129283,0.96739984897156,-2.104833628116658e-06,2.104833628116658e-06,True,-0.9947621174571553,0.10223766110525875,5.917534207440903e+18,2.5548062151848384e+17,CONVERGED
S5,S5_tauth_100ps,Extended Retardation Lag (tau_theta=100ps),0.6686868686868687,363729.5698473778,0,1.3053644317034419e-06,4.155104036838912e-07,-3.794694744515727,3.794694744515727,False,44.46466125194773,-5.804258726606777e-05,1.2279487761009928e+19,3.710681763310243e+17,CONVERGED
S5,S5_tauth_100ps,Extended Retardation Lag (tau_theta=100ps),0.6686868686868687,363729.5698473778,1,2.832661281376492e-05,9.016640900721818e-06,-1.0158412682631295,1.0158412682631295,False,2.7616857378401147,7.822920263001724e-05,1.2279487761009928e+19,3.710681763310243e+17,CONVERGED
S5,S5_tauth_100ps,Extended Retardation Lag (tau_theta=100ps),0.6686868686868687,363729.5698473778,2,2.0714710597578245e-05,6.593697172645294e-06,2.8608197417362184,2.8608197417362184,False,0.05722183389659363,-1.185333729200172e-06,1.2279487761009928e+19,3.710681763310243e+17,CONVERGED
S5,S5_tauth_100ps,Extended Retardation Lag (tau_theta=100ps),0.6686868686868687,363729.5698473778,3,3.141571124816713,0.9999931471786911,-0.024959816879934496,0.024959816879934496,False,-1.0252739207540031,-2.207288958868432e-05,1.2279487761009928e+19,3.710681763310243e+17,CONVERGED
S5,S5_tauth_100ps,Extended Retardation Lag (tau_theta=100ps),0.6686868686868687,363729.5698473778,4,3.1415706970548523,0.999993011017862,0.024951788098889864,0.024951788098889864,False,-0.9753569344717757,2.1415458615280396e-05,1.2279487761009928e+19,3.710681763310243e+17,CONVERGED
S5,S5_tauth_100ps,Extended Retardation Lag (tau_theta=100ps),0.6863636363636364,373344.7775095064,0,5.782925270367387e-06,1.84076228462001e-06,3.815599212319828,3.815599212319828,False,0.022024513138865262,-1.2736611359970225e-07,1.1048775524505516e+19,2.2853519648196842e+17,CONVERGED
S5,S5_tauth_100ps,Extended Retardation Lag (tau_theta=100ps),0.6863636363636364,373344.7775095064,1,6.2151546794825e-05,1.9783451786407286e-05,-0.8686799703569595,0.8686799703569595,False,2.383762134493718,0.0001481545040404827,1.1048775524505516e+19,2.2853519648196842e+17,CONVERGED
S5,S5_tauth_100ps,Extended Retardation Lag (tau_theta=100ps),0.6863636363636364,373344.7775095064,2,3.833414295330943e-05,1.2202136680421087e-05,2.7970448673573745,2.7970448673573745,False,0.06099003016454196,-2.3380005361994412e-06,1.1048775524505516e+19,2.2853519648196842e+17,CONVERGED
S5,S5_tauth_100ps,Extended Retardation Lag (tau_theta=100ps),0.6863636363636364,373344.7775095064,3,3.1415897499662813,0.9999990757479305,-0.04522805775628309,0.04522805775628309,False,-1.0462664418752472,-3.0379638404370526e-06,1.1048775524505516e+19,2.2853519648196842e+17,CONVERGED
S5,S5_tauth_100ps,Extended Retardation Lag (tau_theta=100ps),0.6863636363636364,373344.7775095064,4,3.14156058996655,0.9999897938317348,0.045255931806788496,0.045255931806788496,False,-0.9557528424857634,-3.064489906576758e-05,1.1048775524505516e+19,2.2853519648196842e+17,CONVERGED
S5,S5_tauth_100ps,Extended Retardation Lag (tau_theta=100ps),0.704040404040404,382959.98517163494,0,1.0996361151575952e-05,3.5002504665939987e-06,3.8364064404364226,3.8364064404364226,False,0.021570978827484454,2.3720227358957826e-07,8.754447934236041e+18,9.867721239985542e+16,CONVERGED
S5,S5_tauth_100ps,Extended Retardation Lag (tau_theta=100ps),0.704040404040404,382959.98517163494,1,0.00013941938994008535,4.43785701436421e-05,-0.7034645475361483,0.7034645475361483,False,2.0207415294084985,-0.0002817305530821321,8.754447934236041e+18,9.867721239985542e+16,CONVERGED
S5,S5_tauth_100ps,Extended Retardation Lag (tau_theta=100ps),0.704040404040404,382959.98517163494,2,6.544664178502269e-05,2.0832313097701892e-05,2.717900479478271,2.717900479478271,False,0.066013204972982,4.320342585116419e-06,8.754447934236041e+18,9.867721239985542e+16,CONVERGED
S5,S5_tauth_100ps,Extended Retardation Lag (tau_theta=100ps),0.704040404040404,382959.98517163494,3,3.063316485711198,0.975083921911661,-1.4206447274904215e-05,1.4206447274904215e-05,True,-0.9969521477521428,0.078197368181989,8.754447934236041e+18,9.867721239985542e+16,CONVERGED
S5,S5_tauth_100ps,Extended Retardation Lag (tau_theta=100ps),0.704040404040404,382959.98517163494,4,3.063322250559255,0.9750857569197899,3.5562011689971813e-07,3.5562011689971813e-07,True,-0.9969380809462998,-0.07819048227967512,8.754447934236041e+18,9.867721239985542e+16,CONVERGED
S5,S5_tauth_100ps,Extended Retardation Lag (tau_theta=100ps),0.7217171717171718,392575.19283376355,0,4.571304810140017e-06,1.4550915138270837e-06,3.8570700402704503,3.8570700402704503,False,0.021129818432238358,-9.659084063734921e-08,1.109834072674784e+19,7.697220643282851e+16,CONVERGED
S5,S5_tauth_100ps,Extended Retardation Lag (tau_theta=100ps),0.7217171717171718,392575.19283376355,1,9.517872243570192e-05,3.0296328305626882e-05,-0.5137278054789293,0.5137278054789293,False,1.6715106542943314,-0.00015909224909380366,1.109834072674784e+19,7.697220643282851e+16,CONVERGED
S5,S5_tauth_100ps,Extended Retardation Lag (tau_theta=100ps),0.7217171717171718,392575.19283376355,2,4.653644153977681e-05,1.4813009409924985e-05,2.6172121670587876,2.6172121670587876,False,0.07300610814305576,3.397444486098486e-06,1.109834072674784e+19,7.697220643282851e+16,CONVERGED
S5,S5_tauth_100ps,Extended Retardation Lag (tau_theta=100ps),0.7217171717171718,392575.19283376355,3,2.9872425928631436,0.9508688497376391,-6.546535433976749e-06,6.546535433976749e-06,True,-0.9881181285074648,0.1537389256873086,1.109834072674784e+19,7.697220643282851e+16,CONVERGED
S5,S5_tauth_100ps,Extended Retardation Lag (tau_theta=100ps),0.7217171717171718,392575.19283376355,4,2.987238478689445,0.9508675401554773,-1.4456426316128594e-06,1.4456426316128594e-06,True,-0.9881124557218894,-0.15374220675110684,1.109834072674784e+19,7.697220643282851e+16,CONVERGED
S5,S5_tauth_100ps,Extended Retardation Lag (tau_theta=100ps),0.7393939393939394,402190.40049589204,0,3.374647031704254e-08,1.0741835125722481e-08,-3.877600700862856,3.877600700862856,False,48.308170162801076,1.6302302304696074e-06,1.2928688359805915e+19,1.065387893613157e+17,CONVERGED
S5,S5_tauth_100ps,Extended Retardation Lag (tau_theta=100ps),0.7393939393939394,402190.40049589204,1,5.95280066906424e-05,1.8948353034446314e-05,-0.28835516186798255,0.28835516186798255,False,1.3342310856249737,7.942411708576184e-05,1.2928688359805915e+19,1.065387893613157e+17,CONVERGED
S5,S5_tauth_100ps,Extended Retardation Lag (tau_theta=100ps),0.7393939393939394,402190.40049589204,2,4.618749448422783e-05,1.4701936112389021e-05,2.4842176618084233,2.4842176618084233,False,0.08339076869324483,-3.851610671793625e-06,1.2928688359805915e+19,1.065387893613157e+17,CONVERGED
S5,S5_tauth_100ps,Extended Retardation Lag (tau_theta=100ps),0.7393939393939394,402190.40049589204,3,2.9157822060393648,0.9281223021411124,-1.6109042018520239e-06,1.6109042018520239e-06,True,-0.9746145409587921,-0.22389666894636182,1.2928688359805915e+19,1.065387893613157e+17,CONVERGED
S5,S5_tauth_100ps,Extended Retardation Lag (tau_theta=100ps),0.7393939393939394,402190.40049589204,4,2.9157780052520934,0.9281209649889941,1.8023265698909425e-06,1.8023265698909425e-06,True,-0.9746102738324615,0.22389999886907427,1.2928688359805915e+19,1.065387893613157e+17,CONVERGED
S5,S5_tauth_100ps,Extended Retardation Lag (tau_theta=100ps),0.7570707070707071,411805.6081580207,0,0.0005733794758467224,0.00018251235569689177,3.8977196214979424,3.8977196214979424,False,0.020288120000778103,1.163279288677618e-05,1.0111317796931412e+19,1.2044880839750614e+17,CONVERGED
S5,S5_tauth_100ps,Extended Retardation Lag (tau_theta=100ps),0.7570707070707071,411805.6081580207,1,0.00045643980945029065,0.0001452893037958731,-0.00405936240511477,0.00405936240511477,False,1.004067508184289,-0.0004582964139376112,1.0111317796931412e+19,1.2044880839750614e+17,CONVERGED
S5,S5_tauth_100ps,Extended Retardation Lag (tau_theta=100ps),0.7570707070707071,411805.6081580207,2,0.0003163527992501309,0.00010069822352323275,2.2963532517442977,2.2963532517442977,False,0.10062512492194621,3.183304100589243e-05,1.0111317796931412e+19,1.2044880839750614e+17,CONVERGED
S5,S5_tauth_100ps,Extended Retardation Lag (tau_theta=100ps),0.7570707070707071,411805.6081580207,3,2.8455825129819807,0.9057770458338794,2.3948221579523496e-05,2.3948221579523496e-05,True,-0.9564850596988309,0.29169922056251907,1.0111317796931412e+19,1.2044880839750614e+17,CONVERGED
S5,S5_tauth_100ps,Extended Retardation Lag (tau_theta=100ps),0.7570707070707071,411805.6081580207,4,2.8457091092217643,0.9058173426685562,4.281894697002443e-05,4.281894697002443e-05,True,-0.9565039299652918,-0.29157262857448046,1.0111317796931412e+19,1.2044880839750614e+17,CONVERGED
S5,S5_tauth_100ps,Extended Retardation Lag (tau_theta=100ps),0.7747474747474747,421420.81582014915,0,2.303202780725056e-05,7.331322149907828e-06,3.918210389386059,3.918210389386059,False,0.019876634364405083,-4.5779919547648015e-07,1.602239831868302e+19,2.6545963362879443e+17,CONVERGED
S5,S5_tauth_100ps,Extended Retardation Lag (tau_theta=100ps),0.7747474747474747,421420.81582014915,1,0.0003871247288259301,0.00012322562837151265,0.40027388505682976,0.40027388505682976,False,0.6701364303156212,-0.0002594263968220055,1.602239831868302e+19,2.6545963362879443e+17,CONVERGED
S5,S5_tauth_100ps,Extended Retardation Lag (tau_theta=100ps),0.7747474747474747,421420.81582014915,2,0.0003042047813560935,9.683138933002306e-05,1.9927184508264832,1.9927184508264832,False,0.13632432397598743,4.147051244786718e-05,1.602239831868302e+19,2.6545963362879443e+17,CONVERGED
S5,S5_tauth_100ps,Extended Retardation Lag (tau_theta=100ps),0.7747474747474747,421420.81582014915,3,2.7760720215978005,0.8836511692328016,-7.914294856565283e-06,7.914294856565283e-06,True,-0.9339451868384813,0.35743840965433504,1.602239831868302e+19,2.6545963362879443e+17,CONVERGED
S5,S5_tauth_100ps,Extended Retardation Lag (tau_theta=100ps),0.7747474747474747,421420.81582014915,4,2.776068293858953,0.8836499826566734,-1.611082141407307e-06,1.611082141407307e-06,True,-0.9339379675667216,-0.3574396381304334,1.602239831868302e+19,2.6545963362879443e+17,CONVERGED
S5,S5_tauth_100ps,Extended Retardation Lag (tau_theta=100ps),0.7924242424242425,431036.0234822779,0,3.963480873863478e-05,1.2616151458511149e-05,3.938437099907527,3.938437099907527,False,0.019478634111744914,7.720319379131231e-07,1.1845304558649434e+19,7.1573718405593336e+16,CONVERGED
S5,S5_tauth_100ps,Extended Retardation Lag (tau_theta=100ps),0.7924242424242425,431036.0234822779,1,0.42582176220271667,0.13554327666132793,1.248990411751007,1.248990411751007,False,0.2611833572659355,-0.11846587718507763,1.1845304558649434e+19,7.1573718405593336e+16,CONVERGED
S5,S5_tauth_100ps,Extended Retardation Lag (tau_theta=100ps),0.7924242424242425,431036.0234822779,2,0.4257759076096318,0.13552868069102209,1.2497217889569399,1.2497217889569399,False,0.2609978315086375,0.11836729779463327,1.1845304558649434e+19,7.1573718405593336e+16,CONVERGED
S5,S5_tauth_100ps,Extended Retardation Lag (tau_theta=100ps),0.7924242424242425,431036.0234822779,3,2.706742103174581,0.8615827707903752,2.2282879793840782e-06,2.2282879793840782e-06,True,-0.906930990875383,-0.4212739265890636,1.1845304558649434e+19,7.1573718405593336e+16,CONVERGED
S5,S5_tauth_100ps,Extended Retardation Lag (tau_theta=100ps),0.7924242424242425,431036.0234822779,4,2.7067506283447615,0.861585484436325,2.1294199415218587e-05,2.1294199415218587e-05,True,-0.906917290904757,0.42125816308532094,1.1845304558649434e+19,7.1573718405593336e+16,CONVERGED
S5,S5_tauth_100ps,Extended Retardation Lag (tau_theta=100ps),0.8101010101010101,440651.2311444063,0,8.558847806875996e-06,2.724365871271085e-06,3.9584776235479486,3.9584776235479486,False,0.019092157629050383,1.6340687145591875e-07,2.0502728106406097e+19,8.39055852723544e+16,CONVERGED
S5,S5_tauth_100ps,Extended Retardation Lag (tau_theta=100ps),0.8101010101010101,440651.2311444063,1,1.089642024111749,0.34684382867608615,1.3051690030615495,1.3051690030615495,False,0.12547818106835637,0.24034333548676112,2.0502728106406097e+19,8.39055852723544e+16,CONVERGED
S5,S5_tauth_100ps,Extended Retardation Lag (tau_theta=100ps),0.8101010101010101,440651.2311444063,2,1.0896353243109198,0.3468416960632467,1.3053233106530389,1.3053233106530389,False,0.12546043032745202,-0.24030541099227015,2.0502728106406097e+19,8.39055852723544e+16,CONVERGED
S5,S5_tauth_100ps,Extended Retardation Lag (tau_theta=100ps),0.8101010101010101,440651.2311444063,3,2.637629905316709,0.8395836749563242,-1.8447245112822726e-06,1.8447245112822726e-06,True,-0.8756774490251591,-0.48290029480692853,2.0502728106406097e+19,8.39055852723544e+16,CONVERGED
S5,S5_tauth_100ps,Extended Retardation Lag (tau_theta=100ps),0.8101010101010101,440651.2311444063,4,2.6376072053264057,0.8395764493249944,-1.3449600678774733e-06,1.3449600678774733e-06,True,-0.8756660493406716,0.48291993120584087,2.0502728106406097e+19,8.39055852723544e+16,CONVERGED
S5,S5_tauth_100ps,Extended Retardation Lag (tau_theta=100ps),0.8277777777777778,450266.438806535,0,3.303677159308606e-06,1.0515931005675112e-06,3.9783662008509526,3.9783662008509526,False,0.01871619287165259,6.183225889951816e-08,1.0243244015376255e+19,9.02134777250834e+16,CONVERGED
S5,S5_tauth_100ps,Extended Retardation Lag (tau_theta=100ps),0.8277777777777778,450266.438806535,1,1.584672410811079,0.5044168947238677,1.3643193211040228,1.3643193211040228,False,-0.003545982851443157,0.2555299648273118,1.0243244015376255e+19,9.02134777250834e+16,CONVERGED
S5,S5_tauth_100ps,Extended Retardation Lag (tau_theta=100ps),0.8277777777777778,450266.438806535,2,1.5846171531817783,0.5043993056741742,1.3648555020764266,1.3648555020764266,False,-0.0035299696558961425,-0.2553931866945518,1.0243244015376255e+19,9.02134777250834e+16,CONVERGED
S5,S5_tauth_100ps,Extended Retardation Lag (tau_theta=100ps),0.8277777777777778,450266.438806535,3,2.568524920922618,0.8175868752391086,-3.0195709863318532e-05,3.0195709863318532e-05,True,-0.8402669414133028,-0.5422286053052331,1.0243244015376255e+19,9.02134777250834e+16,CONVERGED
S5,S5_tauth_100ps,Extended Retardation Lag (tau_theta=100ps),0.8277777777777778,450266.438806535,4,2.568556064910407,0.8175967886783169,-1.0220540253779227e-05,1.0220540253779227e-05,True,-0.8402670435225058,0.5421916053014609,1.0243244015376255e+19,9.02134777250834e+16,CONVERGED
S5,S5_tauth_100ps,Extended Retardation Lag (tau_theta=100ps),0.8454545454545455,459881.6464686634,0,6.165019259526143e-06,1.962386578820644e-06,3.998144910297187,3.998144910297187,False,0.01834964757631879,1.1312593071495576e-07,1.4242478721875261e+19,7.8724731652189e+16,CONVERGED
S5,S5_tauth_100ps,Extended Retardation Lag (tau_theta=100ps),0.8454545454545455,459881.6464686634,1,2.126513647934638,0.6768903172423522,1.4275353590822941,1.4275353590822941,False,-0.12655963583796892,-0.2037999254154337,1.4242478721875261e+19,7.8724731652189e+16,CONVERGED
S5,S5_tauth_100ps,Extended Retardation Lag (tau_theta=100ps),0.8454545454545455,459881.6464686634,2,2.126359147727426,0.6768411382989792,1.4289296390674147,1.4289296390674147,False,-0.1263518544629625,0.20353549307849664,1.4242478721875261e+19,7.8724731652189e+16,CONVERGED
S5,S5_tauth_100ps,Extended Retardation Lag (tau_theta=100ps),0.8454545454545455,459881.6464686634,3,2.4994132582232895,0.7955879497513128,-6.002420443137009e-06,6.002420443137009e-06,True,-0.800797135761396,-0.5989457006017231,1.4242478721875261e+19,7.8724731652189e+16,CONVERGED
S5,S5_tauth_100ps,Extended Retardation Lag (tau_theta=100ps),0.8454545454545455,459881.6464686634,4,2.4994196435964353,0.795589982278712,-2.737166208385968e-06,2.737166208385968e-06,True,-0.8007983454224055,0.5989386315108909,1.4242478721875261e+19,7.8724731652189e+16,CONVERGED
S5,S5_tauth_100ps,Extended Retardation Lag (tau_theta=100ps),0.8631313131313132,469496.85413079214,0,5.654685148330446e-06,1.799942185970236e-06,4.017830916049008,4.017830916049008,False,0.017991948691569355,1.0173880505682502e-07,7.858410091634666e+18,2.867337810595448e+17,CONVERGED
S5,S5_tauth_100ps,Extended Retardation Lag (tau_theta=100ps),0.8631313131313132,469496.85413079214,1,3.1415894627041374,0.9999989843095501,1.0842600144674022,1.0842600144674022,False,-0.33815192086270796,-1.0790041137227298e-06,7.858410091634666e+18,2.867337810595448e+17,CONVERGED
S5,S5_tauth_100ps,Extended Retardation Lag (tau_theta=100ps),0.8631313131313132,469496.85413079214,2,3.1415846277109667,0.9999974452834243,1.9096215154817744,1.9096215154817744,False,-0.14813644333210582,1.1889251439774764e-06,7.858410091634666e+18,2.867337810595448e+17,CONVERGED
S5,S5_tauth_100ps,Extended Retardation Lag (tau_theta=100ps),0.8631313131313132,469496.85413079214,3,2.430206829869164,0.7735588594187244,-6.440210373731923e-06,6.440210373731923e-06,True,-0.7574626995616125,-0.6528883053605224,7.858410091634666e+18,2.867337810595448e+17,CONVERGED
S5,S5_tauth_100ps,Extended Retardation Lag (tau_theta=100ps),0.8631313131313132,469496.85413079214,4,2.4302054016208894,0.7735584047931786,3.419519522859576e-06,3.419519522859576e-06,True,-0.7574542987426316,0.6528829499233754,7.858410091634666e+18,2.867337810595448e+17,CONVERGED
S5,S5_tauth_100ps,Extended Retardation Lag (tau_theta=100ps),0.8808080808080808,479112.06179292063,0,2.80707239410869e-05,8.93518894278398e-06,4.037366398815118,4.037366398815118,False,0.017643878213245687,-4.952764347042642e-07,1.6982790635031982e+19,1.120683051357308e+17,CONVERGED
S5,S5_tauth_100ps,Extended Retardation Lag (tau_theta=100ps),0.8808080808080808,479112.06179292063,1,3.1415046118201744,0.9999719754343332,0.4452282645833161,0.4452282645833161,False,-0.6406780127566252,5.640642614483053e-05,1.6982790635031982e+19,1.120683051357308e+17,CONVERGED
S5,S5_tauth_100ps,Extended Retardation Lag (tau_theta=100ps),0.8808080808080808,479112.06179292063,2,3.141493960410762,0.9999685849854155,2.6989495775322996,2.6989495775322996,False,-0.06727614368248072,-6.639696514546215e-06,1.6982790635031982e+19,1.120683051357308e+17,CONVERGED
S5,S5_tauth_100ps,Extended Retardation Lag (tau_theta=100ps),0.8808080808080808,479112.06179292063,3,2.3608769365981646,0.7514904689824982,-9.961361609714826e-06,9.961361609714826e-06,True,-0.7104170836282726,0.7037950626501852,1.6982790635031982e+19,1.120683051357308e+17,CONVERGED
S5,S5_tauth_100ps,Extended Retardation Lag (tau_theta=100ps),0.8808080808080808,479112.06179292063,4,2.3608875445064275,0.75149384558457,3.838521239453851e-06,3.838521239453851e-06,True,-0.7104147456738525,-0.7037778144529315,1.6982790635031982e+19,1.120683051357308e+17,CONVERGED
S5,S5_tauth_100ps,Extended Retardation Lag (tau_theta=100ps),0.8984848484848484,488727.2694550492,0,0.0006158205943895043,0.00019602178330975744,4.056462838236006,4.056462838236006,False,0.01731013643692774,-1.0659939857093072e-05,1.0935506179007162e+19,1.64032821174087e+17,CONVERGED
S5,S5_tauth_100ps,Extended Retardation Lag (tau_theta=100ps),0.8984848484848484,488727.2694550492,1,3.1411890310592767,0.9998715229582501,0.1310963691557605,0.1310963691557605,False,-0.8771331702805532,-0.0003540307290139307,1.0935506179007162e+19,1.64032821174087e+17,CONVERGED
S5,S5_tauth_100ps,Extended Retardation Lag (tau_theta=100ps),0.8984848484848484,488727.2694550492,2,3.1409061855105316,0.9997814904238215,3.1802367153856332,3.1802367153856332,False,-0.04157580252574159,2.8540465786737174e-05,1.0935506179007162e+19,1.64032821174087e+17,CONVERGED
S5,S5_tauth_100ps,Extended Retardation Lag (tau_theta=100ps),0.8984848484848484,488727.2694550492,3,2.291228244975296,0.7293206018791729,2.0965626922335883e-05,2.0965626922335883e-05,True,-0.6596954979440438,-0.751505102855342,1.0935506179007162e+19,1.64032821174087e+17,CONVERGED
S5,S5_tauth_100ps,Extended Retardation Lag (tau_theta=100ps),0.8984848484848484,488727.2694550492,4,2.291360716166766,0.7293627687690524,5.553238031928306e-05,5.553238031928306e-05,True,-0.6597722383533182,0.7513917319914266,1.0935506179007162e+19,1.64032821174087e+17,CONVERGED
S5,S5_tauth_100ps,Extended Retardation Lag (tau_theta=100ps),0.9161616161616162,498342.4771171778,0,3.3522334516078224e-05,1.0670490484427817e-05,-4.076101569994145,4.076101569994145,False,58.91534419816383,-0.001974979877080529,4.179556246758371e+19,1.0625756509255075e+17,CONVERGED
S5,S5_tauth_100ps,Extended Retardation Lag (tau_theta=100ps),0.9161616161616162,498342.4771171778,1,3.141587052946812,0.9999982172599702,-0.08646189482334761,0.08646189482334761,False,-1.0903098204607868,6.106436043061954e-06,4.179556246758371e+19,1.0625756509255075e+17,CONVERGED
S5,S5_tauth_100ps,Extended Retardation Lag (tau_theta=100ps),0.9161616161616162,498342.4771171778,2,3.141585700187959,0.9999977866634535,3.586478785429342,3.586478785429342,False,-0.02769568136197761,1.9257920159093808e-07,4.179556246758371e+19,1.0625756509255075e+17,CONVERGED
S5,S5_tauth_100ps,Extended Retardation Lag (tau_theta=100ps),0.9161616161616162,498342.4771171778,3,2.2214911844436336,0.7071226060785474,-2.2506828974852885e-08,2.2506828974852885e-08,True,-0.6057394381410484,0.7956631059023825,4.179556246758371e+19,1.0625756509255075e+17,CONVERGED
S5,S5_tauth_100ps,Extended Retardation Lag (tau_theta=100ps),0.9161616161616162,498342.4771171778,4,2.2214790552404886,0.7071187452332748,1.369487896212446e-06,1.369487896212446e-06,True,-0.6057289441649626,-0.7956693454122499,4.179556246758371e+19,1.0625756509255075e+17,CONVERGED
S5,S5_tauth_100ps,Extended Retardation Lag (tau_theta=100ps),0.9338383838383838,507957.6847793063,0,2.032611577506606e-06,6.47000359891983e-07,-4.095307218780619,4.095307218780619,False,60.05778720353969,-0.00012207415358951097,8.344903947969316e+19,9.09754321463633e+16,CONVERGED
S5,S5_tauth_100ps,Extended Retardation Lag (tau_theta=100ps),0.9338383838383838,507957.6847793063,1,3.1415417623593096,0.999983800818217,-0.2532049348156217,0.2532049348156217,False,-1.2881472343347011,-6.555539785573165e-05,8.344903947969316e+19,9.09754321463633e+16,CONVERGED
S5,S5_tauth_100ps,Extended Retardation Lag (tau_theta=100ps),0.9338383838383838,507957.6847793063,2,3.1414443153552987,0.9999527824734614,3.9726757095118583,3.9726757095118583,False,-0.018823000604710004,2.792170698072588e-06,8.344903947969316e+19,9.09754321463633e+16,CONVERGED
S5,S5_tauth_100ps,Extended Retardation Lag (tau_theta=100ps),0.9338383838383838,507957.6847793063,3,2.151325533719347,0.684788185782488,-2.100322042225313e-05,2.100322042225313e-05,True,-0.5484780415420368,-0.836190077236832,8.344903947969316e+19,9.09754321463633e+16,CONVERGED
S5,S5_tauth_100ps,Extended Retardation Lag (tau_theta=100ps),0.9338383838383838,507957.6847793063,4,2.15133815763514,0.6847922040996873,1.7891670801662815e-05,1.7891670801662815e-05,True,-0.5484672645019927,0.8361506306092904,8.344903947969316e+19,9.09754321463633e+16,CONVERGED
S5,S5_tauth_100ps,Extended Retardation Lag (tau_theta=100ps),0.9515151515151515,517572.89244143496,0,4.690310231130608e-06,1.492972115837853e-06,-4.114466657543965,4.114466657543965,False,61.2195545658616,0.0002871387031276248,1.0171576572764207e+19,7.865510329229277e+16,CONVERGED
S5,S5_tauth_100ps,Extended Retardation Lag (tau_theta=100ps),0.9515151515151515,517572.89244143496,1,3.1415647651125846,0.999991122821994,-0.38716681404310777,0.38716681404310777,False,-1.4728021542918994,4.1074209323328344e-05,1.0171576572764207e+19,7.865510329229277e+16,CONVERGED
S5,S5_tauth_100ps,Extended Retardation Lag (tau_theta=100ps),0.9515151515151515,517572.89244143496,2,4.5672279551647265e-05,1.4537938105839112e-05,4.1144044673084785,4.1144044673084785,False,0.016335665919284058,7.46087101046627e-07,1.0171576572764207e+19,7.865510329229277e+16,CONVERGED
S5,S5_tauth_100ps,Extended Retardation Lag (tau_theta=100ps),0.9515151515151515,517572.89244143496,3,2.080765363371135,0.6623281859898398,-4.974073871130246e-06,4.974073871130246e-06,True,-0.4881526515921807,0.8727639640479826,1.0171576572764207e+19,7.865510329229277e+16,CONVERGED
S5,S5_tauth_100ps,Extended Retardation Lag (tau_theta=100ps),0.9515151515151515,517572.89244143496,4,2.0807819334289563,0.6623334604030591,-2.5145963691329146e-06,2.5145963691329146e-06,True,-0.4881659126399577,-0.8727537286897042,1.0171576572764207e+19,7.865510329229277e+16,CONVERGED
S5,S5_tauth_100ps,Extended Retardation Lag (tau_theta=100ps),0.9691919191919192,527188.1001035634,0,2.650458898707416e-05,8.436672703823728e-06,-4.133351823953165,4.133351823953165,False,62.3866820307585,-0.0016535333658797377,2.635743068512167e+19,3.625025018511918e+17,CONVERGED
S5,S5_tauth_100ps,Extended Retardation Lag (tau_theta=100ps),0.9691919191919192,527188.1001035634,1,3.141590441358767,0.9999992958249939,-0.4983542770619498,0.4983542770619498,False,-1.646010163759792,-3.6413547536973653e-06,2.635743068512167e+19,3.625025018511918e+17,CONVERGED
S5,S5_tauth_100ps,Extended Retardation Lag (tau_theta=100ps),0.9691919191919192,527188.1001035634,2,7.822863403152467e-05,2.490094759488803e-05,4.133368543221595,4.133368543221595,False,0.01602879404561482,-1.2539106659189437e-06,2.635743068512167e+19,3.625025018511918e+17,CONVERGED
S5,S5_tauth_100ps,Extended Retardation Lag (tau_theta=100ps),0.9691919191919192,527188.1001035634,3,2.0097523200107794,0.6397240322402404,-2.1197966221203677e-05,2.1197966221203677e-05,True,-0.4250036753549373,0.905215042277777,2.635743068512167e+19,3.625025018511918e+17,CONVERGED
S5,S5_tauth_100ps,Extended Retardation Lag (tau_theta=100ps),0.9691919191919192,527188.1001035634,4,2.0097301348358876,0.6397169704797456,2.033443589083445e-06,2.033443589083445e-06,True,-0.42497372004299305,-0.9052034414394984,2.635743068512167e+19,3.625025018511918e+17,CONVERGED
S5,S5_tauth_100ps,Extended Retardation Lag (tau_theta=100ps),0.9868686868686869,536803.3077656921,0,1.3023400337353827e-05,4.145477079109038e-06,-4.15225629475419,4.15225629475419,False,63.57728768334744,0.0008279924699101601,1.5572611502424965e+19,7.530964738353202e+16,CONVERGED
S5,S5_tauth_100ps,Extended Retardation Lag (tau_theta=100ps),0.9868686868686869,536803.3077656921,1,3.141556711713587,0.9999885593454757,-0.59247960711794,0.59247960711794,False,-1.8084671471995564,-6.49997023555467e-05,1.5572611502424965e+19,7.530964738353202e+16,CONVERGED
S5,S5_tauth_100ps,Extended Retardation Lag (tau_theta=100ps),0.9868686868686869,536803.3077656921,2,0.0004052126399303621,0.0001289831892964669,4.152731328816506,4.152731328816506,False,0.015721416138139023,6.370516885452971e-06,1.5572611502424965e+19,7.530964738353202e+16,CONVERGED
S5,S5_tauth_100ps,Extended Retardation Lag (tau_theta=100ps),0.9868686868686869,536803.3077656921,3,1.9381417253675712,0.6169296720098073,-5.6879467771033146e-05,5.6879467771033146e-05,True,-0.35915963146235885,-0.9333370905166888,1.5572611502424965e+19,7.530964738353202e+16,CONVERGED
S5,S5_tauth_100ps,Extended Retardation Lag (tau_theta=100ps),0.9868686868686869,536803.3077656921,4,1.9381109579040634,0.6169198784219999,-1.7971954026912738e-05,1.7971954026912738e-05,True,-0.35911694225830854,0.9333118269566107,1.5572611502424965e+19,7.530964738353202e+16,CONVERGED
S5,S5_tauth_100ps,Extended Retardation Lag (tau_theta=100ps),1.0045454545454544,546418.5154278205,0,3.723018643616543e-05,1.1850736407097126e-05,-4.171052802779844,4.171052802779844,False,64.78362054807182,0.002411906272128882,4.315970793801407e+19,7.134071219188949e+16,CONVERGED
S5,S5_tauth_100ps,Extended Retardation Lag (tau_theta=100ps),1.0045454545454544,546418.5154278205,1,3.1415613331199435,0.9999900303848069,-0.6731933513832804,0.6731933513832804,False,-1.9604878609010417,6.140340095832119e-05,4.315970793801407e+19,7.134071219188949e+16,CONVERGED
S5,S5_tauth_100ps,Extended Retardation Lag (tau_theta=100ps),1.0045454545454544,546418.5154278205,2,7.931137483813277e-06,2.5245594697806003e-06,4.171030460137531,4.171030460137531,False,0.015436345386490836,1.2242777751045263e-07,4.315970793801407e+19,7.134071219188949e+16,CONVERGED
S5,S5_tauth_100ps,Extended Retardation Lag (tau_theta=100ps),1.0045454545454544,546418.5154278205,3,1.8658521135080084,0.5939191738865195,-1.5346027990589947e-05,1.5346027990589947e-05,True,-0.29079768907305414,0.9568006043877473,4.315970793801407e+19,7.134071219188949e+16,CONVERGED
S5,S5_tauth_100ps,Extended Retardation Lag (tau_theta=100ps),1.0045454545454544,546418.5154278205,4,1.86584644197289,0.5939173685808214,1.538150553876459e-05,1.538150553876459e-05,True,-0.29078332734842977,-0.9567728539200279,4.315970793801407e+19,7.134071219188949e+16,CONVERGED
S5,S5_tauth_100ps,Extended Retardation Lag (tau_theta=100ps),1.0222222222222221,556033.7230899491,0,7.09290484231077e-05,2.257741733068399e-05,-4.189753678004442,4.189753678004442,False,66.00652993153747,-0.004681780365606565,1.8848528160988824e+19,6.6886210051664824e+16,CONVERGED
S5,S5_tauth_100ps,Extended Retardation Lag (tau_theta=100ps),1.0222222222222221,556033.7230899491,1,3.1415731064399526,0.999993777948959,-0.7434386405782589,0.7434386405782589,False,-2.1031550886492987,4.111068766117451e-05,1.8848528160988824e+19,6.6886210051664824e+16,CONVERGED
S5,S5_tauth_100ps,Extended Retardation Lag (tau_theta=100ps),1.0222222222222221,556033.7230899491,2,8.703096878023193e-06,2.7702817766900667e-06,4.18948224266666,4.18948224266666,False,0.015154129003041781,-1.3188785281886356e-07,1.8848528160988824e+19,6.6886210051664824e+16,CONVERGED
S5,S5_tauth_100ps,Extended Retardation Lag (tau_theta=100ps),1.0222222222222221,556033.7230899491,3,1.792786498191162,0.5706616661910655,9.533139683697651e-06,9.533139683697651e-06,True,-0.22016929389361195,-0.9754519034420822,1.8848528160988824e+19,6.6886210051664824e+16,CONVERGED
S5,S5_tauth_100ps,Extended Retardation Lag (tau_theta=100ps),1.0222222222222221,556033.7230899491,4,1.7927859507915316,0.5706614919483514,1.9145370224882534e-05,1.9145370224882534e-05,True,-0.2201666436288603,0.9754426477378533,1.8848528160988824e+19,6.6886210051664824e+16,CONVERGED
S5,S5_tauth_100ps,Extended Retardation Lag (tau_theta=100ps),1.0398989898989899,565648.9307520777,0,2.2535188459325524e-05,7.173173273618181e-06,-4.20832943923218,4.20832943923218,False,67.24411053627907,0.0015153587039712832,1.3994183151004776e+19,5.577562434552594e+16,CONVERGED
S5,S5_tauth_100ps,Extended Retardation Lag (tau_theta=100ps),1.0398989898989899,565648.9307520777,1,3.1415913855598947,0.9999995963735474,-0.8048584823985228,0.8048584823985228,False,-2.236379989290806,-2.8357966905132622e-06,1.3994183151004776e+19,5.577562434552594e+16,CONVERGED
S5,S5_tauth_100ps,Extended Retardation Lag (tau_theta=100ps),1.0398989898989899,565648.9307520777,2,1.5612429840079317e-06,4.969590765448065e-07,4.208269896566117,4.208269896566117,False,0.014872076323235282,2.3218924817300426e-08,1.3994183151004776e+19,5.577562434552594e+16,CONVERGED
S5,S5_tauth_100ps,Extended Retardation Lag (tau_theta=100ps),1.0398989898989899,565648.9307520777,3,1.7188573243663092,0.5471292792852148,-8.889426875789375e-06,8.889426875789375e-06,True,-0.14752193460970509,0.9890677721070514,1.3994183151004776e+19,5.577562434552594e+16,CONVERGED
S5,S5_tauth_100ps,Extended Retardation Lag (tau_theta=100ps),1.0398989898989899,565648.9307520777,4,1.7188547057411794,0.5471284457509479,-5.334466646521758e-06,5.334466646521758e-06,True,-0.14751882018700527,-0.9890646423165881,1.3994183151004776e+19,5.577562434552594e+16,CONVERGED
S5,S5_tauth_100ps,Extended Retardation Lag (tau_theta=100ps),1.0575757575757576,575264.1384142063,0,8.704960400566216e-05,2.7708749543386373e-05,-4.226711477911259,4.226711477911259,False,68.49162493854159,0.005962168843664091,1.0121981328148916e+19,7.249677471329758e+16,CONVERGED
S5,S5_tauth_100ps,Extended Retardation Lag (tau_theta=100ps),1.0575757575757576,575264.1384142063,1,3.1415824789178477,0.9999967613013311,-0.8589445896983283,0.8589445896983283,False,-2.3606679051316566,-2.4019021508233476e-05,1.0121981328148916e+19,7.249677471329758e+16,CONVERGED
S5,S5_tauth_100ps,Extended Retardation Lag (tau_theta=100ps),1.0575757575757576,575264.1384142063,2,3.6147846297266086e-07,1.1506216840671927e-07,4.226723756151653,4.226723756151653,False,0.014600145914824612,-5.277638304467604e-09,1.0121981328148916e+19,7.249677471329758e+16,CONVERGED
S5,S5_tauth_100ps,Extended Retardation Lag (tau_theta=100ps),1.0575757575757576,575264.1384142063,3,1.6438079090323572,0.5232403084321046,-9.562524157587953e-06,9.562524157587953e-06,True,-0.07294743005036401,-0.9973453753240386,1.0121981328148916e+19,7.249677471329758e+16,CONVERGED
S5,S5_tauth_100ps,Extended Retardation Lag (tau_theta=100ps),1.0575757575757576,575264.1384142063,4,1.6438211396792775,0.52324451987782,9.032807415009922e-06,9.032807415009922e-06,True,-0.07295926885408734,0.9973258643174904,1.0121981328148916e+19,7.249677471329758e+16,CONVERGED
S5,S5_tauth_100ps,Extended Retardation Lag (tau_theta=100ps),1.0752525252525253,584879.3460763348,0,8.828604139159314e-06,2.8102319786975443e-06,-4.245096438628113,4.245096438628113,False,69.7624876153846,0.0006159053869352369,7.975852623490957e+18,7.149617807060984e+16,CONVERGED
S5,S5_tauth_100ps,Extended Retardation Lag (tau_theta=100ps),1.0752525252525253,584879.3460763348,1,3.141587632752192,0.9999984018177546,-0.9067617611043893,0.9067617611043893,False,-2.476290714988669,1.2433053533662916e-05,7.975852623490957e+18,7.149617807060984e+16,CONVERGED
S5,S5_tauth_100ps,Extended Retardation Lag (tau_theta=100ps),1.0752525252525253,584879.3460763348,2,2.119513629921083e-05,6.746621423051729e-06,4.245105521310449,4.245105521310449,False,0.014334221030197302,3.038157685235409e-07,7.975852623490957e+18,7.149617807060984e+16,CONVERGED
S5,S5_tauth_100ps,Extended Retardation Lag (tau_theta=100ps),1.0752525252525253,584879.3460763348,3,1.567516692410841,0.4989560599524868,-1.863223415603819e-05,1.863223415603819e-05,True,0.0032796896121421596,1.0000132543115061,7.975852623490957e+18,7.149617807060984e+16,CONVERGED
S5,S5_tauth_100ps,Extended Retardation Lag (tau_theta=100ps),1.0752525252525253,584879.3460763348,4,1.567550340483192,0.49896677046656723,9.372366573298203e-06,9.372366573298203e-06,True,0.003245950189146967,-0.9999853595177803,7.975852623490957e+18,7.149617807060984e+16,CONVERGED
S5,S5_tauth_100ps,Extended Retardation Lag (tau_theta=100ps),1.0929292929292929,594494.5537384634,0,4.1912411786487693e-07,1.3341135025445066e-07,-4.263368740647208,4.263368740647208,False,71.04892616580493,2.9778318504491507e-05,3.8944371689600434e+19,9.550367474448442e+16,CONVERGED
S5,S5_tauth_100ps,Extended Retardation Lag (tau_theta=100ps),1.0929292929292929,594494.5537384634,1,3.141498099420953,0.9999699024732783,-0.94931029920856,0.94931029920856,False,-2.583926896619702,0.0002443210607819449,3.8944371689600434e+19,9.550367474448442e+16,CONVERGED
S5,S5_tauth_100ps,Extended Retardation Lag (tau_theta=100ps),1.0929292929292929,594494.5537384634,2,4.021366028400864e-06,1.2800405628036413e-06,4.263351124347995,4.263351124347995,False,0.014075056027060762,5.660095215536608e-08,3.8944371689600434e+19,9.550367474448442e+16,CONVERGED
S5,S5_tauth_100ps,Extended Retardation Lag (tau_theta=100ps),1.0929292929292929,594494.5537384634,3,1.4897624914581828,0.4742061290969346,-1.8843744163549352e-06,1.8843744163549352e-06,True,0.08094533243741252,-0.9967204331769923,3.8944371689600434e+19,9.550367474448442e+16,CONVERGED
S5,S5_tauth_100ps,Extended Retardation Lag (tau_theta=100ps),1.0929292929292929,594494.5537384634,4,1.4897865166902933,0.47421377656583324,4.620231205331973e-06,4.620231205331973e-06,True,0.08092085961430705,0.9967158943548377,3.8944371689600434e+19,9.550367474448442e+16,CONVERGED
S5,S5_tauth_100ps,Extended Retardation Lag (tau_theta=100ps),1.1106060606060606,604109.761400592,0,2.171947753131067e-06,6.913524420962899e-07,-4.28154215804088,4.28154215804088,False,72.35193212972902,-0.00015714461642410353,1.708931214376777e+19,1.485764695286012e+17,CONVERGED
S5,S5_tauth_100ps,Extended Retardation Lag (tau_theta=100ps),1.1106060606060606,604109.761400592,1,3.1415824976121725,0.9999967672519194,-0.9868623003901121,0.9868623003901121,False,-2.682803420827302,-2.7246491503636483e-05,1.708931214376777e+19,1.485764695286012e+17,CONVERGED
S5,S5_tauth_100ps,Extended Retardation Lag (tau_theta=100ps),1.1106060606060606,604109.761400592,2,0.0008487694670838331,0.00027017171246373155,4.281354140047877,4.281354140047877,False,0.013823924889818514,1.1733328179339116e-05,1.708931214376777e+19,1.485764695286012e+17,CONVERGED
S5,S5_tauth_100ps,Extended Retardation Lag (tau_theta=100ps),1.1106060606060606,604109.761400592,3,1.4101886802477912,0.4488769983073444,-5.279445255699673e-05,5.279445255699673e-05,True,0.15992650542383585,0.987182408343432,1.708931214376777e+19,1.485764695286012e+17,CONVERGED
S5,S5_tauth_100ps,Extended Retardation Lag (tau_theta=100ps),1.1106060606060606,604109.761400592,4,1.410309341730382,0.4489154060501347,7.092655780250807e-05,7.092655780250807e-05,True,0.15978761905829728,-0.9870795680900061,1.708931214376777e+19,1.485764695286012e+17,CONVERGED
S5,S5_tauth_100ps,Extended Retardation Lag (tau_theta=100ps),1.1282828282828283,613724.9690627207,0,9.883161077023917e-05,3.145907877563553e-05,-4.299735388774966,4.299735388774966,False,73.68029412702623,-0.00728194217430824,2.3382188487727464e+19,7.184769792476301e+16,CONVERGED
S5,S5_tauth_100ps,Extended Retardation Lag (tau_theta=100ps),1.1282828282828283,613724.9690627207,1,3.1415805214299324,0.9999961382135756,-1.0204777292732912,1.0204777292732912,False,-2.774519916586337,-3.366091916738775e-05,2.3382188487727464e+19,7.184769792476301e+16,CONVERGED
S5,S5_tauth_100ps,Extended Retardation Lag (tau_theta=100ps),1.1282828282828283,613724.9690627207,2,6.977860305381214e-05,2.221121919612285e-05,4.299629177216119,4.299629177216119,False,0.013573591443000283,9.471462508529731e-07,2.3382188487727464e+19,7.184769792476301e+16,CONVERGED
S5,S5_tauth_100ps,Extended Retardation Lag (tau_theta=100ps),1.1282828282828283,613724.9690627207,3,1.3286510050351525,0.4229227501907185,-4.537125767275011e-06,4.537125767275011e-06,True,0.23978699826178865,0.9708301961503395,2.3382188487727464e+19,7.184769792476301e+16,CONVERGED
S5,S5_tauth_100ps,Extended Retardation Lag (tau_theta=100ps),1.1282828282828283,613724.9690627207,4,1.328653937433687,0.42292368360216226,9.236318352058586e-07,9.236318352058586e-07,True,0.23978284200016078,-0.9708255978394686,2.3382188487727464e+19,7.184769792476301e+16,CONVERGED
S5,S5_tauth_100ps,Extended Retardation Lag (tau_theta=100ps),1.145959595959596,623340.1767248492,0,0.00012226817767574275,3.8919169719865174e-05,-4.31765435951369,4.31765435951369,False,75.01246892407589,-0.009171637924008864,1.507497789325032e+19,1.494685745499412e+17,CONVERGED
S5,S5_tauth_100ps,Extended Retardation Lag (tau_theta=100ps),1.145959595959596,623340.1767248492,1,3.1415051704927013,0.9999721532653217,-1.0502151587068622,1.0502151587068622,False,-2.858266021794567,0.00025004996453666854,1.507497789325032e+19,1.494685745499412e+17,CONVERGED
S5,S5_tauth_100ps,Extended Retardation Lag (tau_theta=100ps),1.145959595959596,623340.1767248492,2,2.171493509979064e-06,6.91207852010276e-07,4.317620435892368,4.317620435892368,False,0.01333156915194402,-2.8949415891329035e-08,1.507497789325032e+19,1.494685745499412e+17,CONVERGED
S5,S5_tauth_100ps,Extended Retardation Lag (tau_theta=100ps),1.145959595959596,623340.1767248492,3,1.24448549052123,0.3961320348451916,-2.4013540042277307e-06,2.4013540042277307e-06,True,0.3205514958721133,0.9472336254661212,1.507497789325032e+19,1.494685745499412e+17,CONVERGED
S5,S5_tauth_100ps,Extended Retardation Lag (tau_theta=100ps),1.145959595959596,623340.1767248492,4,1.2444928850309627,0.396134388590743,3.809933392160348e-06,3.809933392160348e-06,True,0.32054250054731,-0.9472301122246508,1.507497789325032e+19,1.494685745499412e+17,CONVERGED
S5,S5_tauth_100ps,Extended Retardation Lag (tau_theta=100ps),1.1636363636363636,632955.3843869776,0,2.383652889454308e-05,7.587402799438646e-06,-4.335565896014802,4.335565896014802,False,76.36816308153102,0.001820351926260855,1.7096717850828972e+19,4.8832991543886376e+16,CONVERGED
S5,S5_tauth_100ps,Extended Retardation Lag (tau_theta=100ps),1.1636363636363636,632955.3843869776,1,3.1415798115099562,0.9999959122390287,-1.0765059018833019,1.0765059018833019,False,-2.934408506018743,3.7683908311300866e-05,1.7096717850828972e+19,4.8832991543886376e+16,CONVERGED
S5,S5_tauth_100ps,Extended Retardation Lag (tau_theta=100ps),1.1636363636363636,632955.3843869776,2,0.00013189025392569453,4.1981971715839076e-05,4.335680943244761,4.335680943244761,False,0.013092955363345066,1.726833217522142e-06,1.7096717850828972e+19,4.8832991543886376e+16,CONVERGED
S5,S5_tauth_100ps,Extended Retardation Lag (tau_theta=100ps),1.1636363636363636,632955.3843869776,3,1.15713624393678,0.3683279061066555,-5.552197587271542e-07,5.552197587271542e-07,True,0.401963611946865,0.9156562483327267,1.7096717850828972e+19,4.8832991543886376e+16,CONVERGED
S5,S5_tauth_100ps,Extended Retardation Lag (tau_theta=100ps),1.1636363636363636,632955.3843869776,4,1.1571480374270613,0.36833166009120466,3.075129293471705e-06,3.075129293471705e-06,True,0.4019513539094804,-0.9156576646600308,1.7096717850828972e+19,4.8832991543886376e+16,CONVERGED
S5,S5_tauth_100ps,Extended Retardation Lag (tau_theta=100ps),1.1813131313131313,642570.5920491063,0,9.397145582192807e-06,2.991204340720304e-06,-4.353312715850397,4.353312715850397,False,77.73555265152639,0.00073049230520011,3.1968146765051093e+19,1.2822842663522813e+18,CONVERGED
S5,S5_tauth_100ps,Extended Retardation Lag (tau_theta=100ps),1.1813131313131313,642570.5920491063,1,3.1415806194938116,0.9999961694282778,-1.0997792833876585,1.0997792833876585,False,-3.0035030275510604,3.6144443716829404e-05,3.1968146765051093e+19,1.2822842663522813e+18,CONVERGED
S5,S5_tauth_100ps,Extended Retardation Lag (tau_theta=100ps),1.1813131313131313,642570.5920491063,2,0.0002380882723623643,7.578585087735954e-05,4.353270704443543,4.353270704443543,False,0.0128646668067568,-3.0629263524132214e-06,3.1968146765051093e+19,1.2822842663522813e+18,CONVERGED
S5,S5_tauth_100ps,Extended Retardation Lag (tau_theta=100ps),1.1813131313131313,642570.5920491063,3,1.0659264384120315,0.3392949232912271,-3.928157775265801e-05,3.928157775265801e-05,True,0.48371256648254335,-0.8752717973684185,3.1968146765051093e+19,1.2822842663522813e+18,CONVERGED
S5,S5_tauth_100ps,Extended Retardation Lag (tau_theta=100ps),1.1813131313131313,642570.5920491063,4,1.0659748914295923,0.33931034636573215,2.7896647227667703e-05,2.7896647227667703e-05,True,0.48363766534376335,0.8752364348693418,3.1968146765051093e+19,1.2822842663522813e+18,CONVERGED
S5,S5_tauth_100ps,Extended Retardation Lag (tau_theta=100ps),1.198989898989899,652185.7997112349,0,4.306910653370328e-05,1.3709322398780646e-05,-4.371039285570773,4.371039285570773,False,79.12582323494262,-0.003407878512579863,1.1316630987187038e+19,4.843011660094392e+17,CONVERGED
S5,S5_tauth_100ps,Extended Retardation Lag (tau_theta=100ps),1.198989898989899,652185.7997112349,1,3.141562856536184,0.9999905153032571,-1.1202472421362648,1.1202472421362648,False,-3.0656120567155978,9.134620682621967e-05,1.1316630987187038e+19,4.843011660094392e+17,CONVERGED
S5,S5_tauth_100ps,Extended Retardation Lag (tau_theta=100ps),1.198989898989899,652185.7997112349,2,0.0005284151925554749,0.00016819977980011904,4.370941665674541,4.370941665674541,False,0.012639331171812174,6.678815236550977e-06,1.1316630987187038e+19,4.843011660094392e+17,CONVERGED
S5,S5_tauth_100ps,Extended Retardation Lag (tau_theta=100ps),1.198989898989899,652185.7997112349,3,0.9695551077597421,0.3086189759999164,-9.383777576181948e-05,9.383777576181948e-05,True,0.5657195438296438,0.8247115198012341,1.1316630987187038e+19,4.843011660094392e+17,CONVERGED
S5,S5_tauth_100ps,Extended Retardation Lag (tau_theta=100ps),1.198989898989899,652185.7997112349,4,0.9696511574628939,0.30864954956999463,9.468803437574385e-05,9.468803437574385e-05,True,0.5655337001738562,-0.8246103781965343,1.1316630987187038e+19,4.843011660094392e+17,CONVERGED
S5,S5_tauth_100ps,Extended Retardation Lag (tau_theta=100ps),1.2166666666666666,661801.0073733634,0,1.5125239272699976e-05,4.814513191395731e-06,-4.388622135607263,4.388622135607263,False,80.52938392252373,0.0012180262004041738,2.2963876830427374e+19,7.590677383458886e+16,CONVERGED
S5,S5_tauth_100ps,Extended Retardation Lag (tau_theta=100ps),1.2166666666666666,661801.0073733634,1,3.141566672623002,0.9999917300014177,-1.138202078402094,1.138202078402094,False,-3.1211517304038683,-8.109053947629793e-05,2.2963876830427374e+19,7.590677383458886e+16,CONVERGED
S5,S5_tauth_100ps,Extended Retardation Lag (tau_theta=100ps),1.2166666666666666,661801.0073733634,2,5.451973111597994e-05,1.7354169406298448e-05,4.388778814520565,4.388778814520565,False,0.012415882042780777,-6.769105512108149e-07,2.2963876830427374e+19,7.590677383458886e+16,CONVERGED
S5,S5_tauth_100ps,Extended Retardation Lag (tau_theta=100ps),1.2166666666666666,661801.0073733634,3,0.8663890658862005,0.27578020495311717,-1.6950723733994015e-05,1.6950723733994015e-05,True,0.6475932558642813,0.7620084494159025,2.2963876830427374e+19,7.590677383458886e+16,CONVERGED
S5,S5_tauth_100ps,Extended Retardation Lag (tau_theta=100ps),1.2166666666666666,661801.0073733634,4,0.8664070194721907,0.2757859197570303,1.0850893328702613e-05,1.0850893328702613e-05,True,0.6475615714665938,-0.7619988908184449,2.2963876830427374e+19,7.590677383458886e+16,CONVERGED
S5,S5_tauth_100ps,Extended Retardation Lag (tau_theta=100ps),1.2343434343434343,671416.215035492,0,0.00035578577638834365,0.00011325012998798528,-4.406044973264364,4.406044973264364,False,81.94472298185674,-0.029154768117198703,5.921892484584434e+19,2.2051095533831334e+17,CONVERGED
S5,S5_tauth_100ps,Extended Retardation Lag (tau_theta=100ps),1.2343434343434343,671416.215035492,1,3.141470898870574,0.999961244269183,-1.153809837255298,1.153809837255298,False,-3.170248036697501,-0.0003859926614715695,5.921892484584434e+19,2.2051095533831334e+17,CONVERGED
S5,S5_tauth_100ps,Extended Retardation Lag (tau_theta=100ps),1.2343434343434343,671416.215035492,2,0.00042979262722075474,0.00013680724225327082,4.3681389658550644,4.3681389658550644,False,0.012674805710076826,-5.447538381072735e-06,5.921892484584434e+19,2.2051095533831334e+17,CONVERGED
S5,S5_tauth_100ps,Extended Retardation Lag (tau_theta=100ps),1.2343434343434343,671416.215035492,3,0.7534742938415685,0.23983831671512174,-4.368621967336263e-06,4.368621967336263e-06,True,0.7293194304055118,-0.684179732025938,5.921892484584434e+19,2.2051095533831334e+17,CONVERGED
S5,S5_tauth_100ps,Extended Retardation Lag (tau_theta=100ps),1.2343434343434343,671416.215035492,4,0.753496820598841,0.23984548720466525,2.5178604519768264e-05,2.5178604519768264e-05,True,0.7292824692770689,0.684175945253854,5.921892484584434e+19,2.2051095533831334e+17,CONVERGED
S5,S5_tauth_100ps,Extended Retardation Lag (tau_theta=100ps),1.252020202020202,681031.4226976206,0,8.126504456226862e-05,2.5867467085336403e-05,4.325885183781515,4.325885183781515,False,0.013221841112011868,-1.0744735095281568e-06,2.2332135763443237e+19,1.2950063081143523e+17,CONVERGED
S5,S5_tauth_100ps,Extended Retardation Lag (tau_theta=100ps),1.252020202020202,681031.4226976206,1,3.1415791651055476,0.999995706482115,-1.1667985370048206,1.1667985370048206,False,-3.211694042116705,-4.33208844917295e-05,2.2332135763443237e+19,1.2950063081143523e+17,CONVERGED
S5,S5_tauth_100ps,Extended Retardation Lag (tau_theta=100ps),1.252020202020202,681031.4226976206,2,0.0010224982627541192,0.0003254713056403874,4.422219590632279,4.422219590632279,False,0.012007544560414406,1.2277697731755401e-05,2.2332135763443237e+19,1.2950063081143523e+17,CONVERGED
S5,S5_tauth_100ps,Extended Retardation Lag (tau_theta=100ps),1.252020202020202,681031.4226976206,3,0.6254461847220286,0.19908570387295504,-2.761002441066179e-05,2.761002441066179e-05,True,0.81072436113659,0.585475218803618,2.2332135763443237e+19,1.2950063081143523e+17,CONVERGED
S5,S5_tauth_100ps,Extended Retardation Lag (tau_theta=100ps),1.252020202020202,681031.4226976206,4,0.6255157925930659,0.19910786074646242,0.00014449708487009825,0.00014449708487009825,True,0.8105440930830142,-0.5854308846937326,2.2332135763443237e+19,1.2950063081143523e+17,CONVERGED
S5,S5_tauth_100ps,Extended Retardation Lag (tau_theta=100ps),1.2696969696969698,690646.6303597492,0,0.0002403701796751498,7.651220453437425e-05,4.287553520792498,4.287553520792498,False,0.013738494762496167,-3.3023245181276825e-06,2.4948916559234527e+19,2.830775969618909e+17,CONVERGED
S5,S5_tauth_100ps,Extended Retardation Lag (tau_theta=100ps),1.2696969696969698,690646.6303597492,1,3.1415278816856955,0.9999793824625788,-1.1778531448256118,1.1778531448256118,False,-3.2473950203011333,-0.00021033995911686195,2.4948916559234527e+19,2.830775969618909e+17,CONVERGED
S5,S5_tauth_100ps,Extended Retardation Lag (tau_theta=100ps),1.2696969696969698,690646.6303597492,2,0.0002577531120830077,8.204536377066002e-05,4.440486950315012,4.440486950315012,False,0.011790195490425934,-3.038959647023778e-06,2.4948916559234527e+19,2.830775969618909e+17,CONVERGED
S5,S5_tauth_100ps,Extended Retardation Lag (tau_theta=100ps),1.2696969696969698,690646.6303597492,3,0.47048985218208533,0.1497615712987081,-0.0003454364292779927,0.0003454364292779927,True,0.8916542905823668,0.4534795890139209,2.4948916559234527e+19,2.830775969618909e+17,CONVERGED
S5,S5_tauth_100ps,Extended Retardation Lag (tau_theta=100ps),1.2696969696969698,690646.6303597492,4,0.4706604420846765,0.149815871751186,0.00038891909068673085,0.00038891909068673085,True,0.8909224244833078,-0.45329868498497594,2.4948916559234527e+19,2.830775969618909e+17,CONVERGED
S5,S5_tauth_100ps,Extended Retardation Lag (tau_theta=100ps),1.2873737373737373,700261.8380218776,0,0.00032553796434705825,0.00010362195237981502,4.253729021401418,4.253729021401418,False,0.014211140575672954,-4.6262659374772485e-06,1.544690073506888e+19,1.0366085816289317e+17,CONVERGED
S5,S5_tauth_100ps,Extended Retardation Lag (tau_theta=100ps),1.2873737373737373,700261.8380218776,1,3.1414997115361913,0.9999704156254964,-1.1874927644500937,1.1874927644500937,False,-3.2788500294079954,-0.0003047430560637629,1.544690073506888e+19,1.0366085816289317e+17,CONVERGED
S5,S5_tauth_100ps,Extended Retardation Lag (tau_theta=100ps),1.2873737373737373,700261.8380218776,2,0.00010637515051421556,3.386026205296356e-05,4.458263985645248,4.458263985645248,False,0.011582453083677528,1.2320851947473282e-06,1.544690073506888e+19,1.0366085816289317e+17,CONVERGED
S5,S5_tauth_100ps,Extended Retardation Lag (tau_theta=100ps),1.2873737373737373,700261.8380218776,3,0.24066706219418793,0.07660670517521924,-0.00012661408380328342,0.00012661408380328342,True,0.9713021690681891,0.23838069677722754,1.544690073506888e+19,1.0366085816289317e+17,CONVERGED
S5,S5_tauth_100ps,Extended Retardation Lag (tau_theta=100ps),1.2873737373737373,700261.8380218776,4,0.24071248250695318,0.07662116290980597,0.0001726003428482016,0.0001726003428482016,True,0.9710007598340239,-0.23835348390773156,1.544690073506888e+19,1.0366085816289317e+17,CONVERGED
S5,S5_tauth_100ps,Extended Retardation Lag (tau_theta=100ps),1.305050505050505,709877.0456840061,0,0.0005453319372631898,0.00017358454688263205,4.219313821209418,4.219313821209418,False,0.014708731677075154,8.021141935271426e-06,9.256788207413633e+19,1.1392194872175446e+17,CONVERGED
S5,S5_tauth_100ps,Extended Retardation Lag (tau_theta=100ps),1.305050505050505,709877.0456840061,1,3.141404554951167,0.9999401263437475,-1.1943407227615581,1.1943407227615581,False,-3.3013804694365945,0.0006209851792120778,9.256788207413633e+19,1.1392194872175446e+17,CONVERGED
S5,S5_tauth_100ps,Extended Retardation Lag (tau_theta=100ps),1.305050505050505,709877.0456840061,2,5.532167158494085e-05,1.760943498569957e-05,4.475054391754437,4.475054391754437,False,0.0113896025897682,-6.300918545969442e-07,9.256788207413633e+19,1.1392194872175446e+17,CONVERGED
S5,S5_tauth_100ps,Extended Retardation Lag (tau_theta=100ps),1.305050505050505,709877.0456840061,3,9.606500086838321e-05,3.0578439492660815e-05,-0.31499252903861036,0.31499252903861036,False,1.3702490675181702,-0.0001316329782659586,9.256788207413633e+19,1.1392194872175446e+17,CONVERGED
S5,S5_tauth_100ps,Extended Retardation Lag (tau_theta=100ps),1.305050505050505,709877.0456840061,4,0.00013709546045709547,4.363884041441244e-05,0.31502497128518325,0.31502497128518325,False,0.7297706438724074,0.00010004824307656649,9.256788207413633e+19,1.1392194872175446e+17,CONVERGED
S5,S5_tauth_100ps,Extended Retardation Lag (tau_theta=100ps),1.3227272727272728,719492.2533461349,0,0.000614056940683739,0.00019546039489940766,4.187630175723984,4.187630175723984,False,0.015182218609174682,-9.322747883705088e-06,8.652607747155698e+19,2.020275681208638e+17,CONVERGED
S5,S5_tauth_100ps,Extended Retardation Lag (tau_theta=100ps),1.3227272727272728,719492.2533461349,1,3.141404582462075,0.9999401351007416,-1.1996940937250442,1.1996940937250442,False,-3.3191013747669325,-0.0006242271459224115,8.652607747155698e+19,2.020275681208638e+17,CONVERGED
S5,S5_tauth_100ps,Extended Retardation Lag (tau_theta=100ps),1.3227272727272728,719492.2533461349,2,8.725425306830916e-05,2.7773891363225157e-05,-4.491771762458015,4.491771762458015,False,89.27948753591008,0.007790015019036504,8.652607747155698e+19,2.020275681208638e+17,CONVERGED
S5,S5_tauth_100ps,Extended Retardation Lag (tau_theta=100ps),1.3227272727272728,719492.2533461349,3,4.066207316967869e-06,1.2943139882637393e-06,-0.5001679270859527,0.5001679270859527,False,1.6489981588928968,6.705168379393796e-06,8.652607747155698e+19,2.020275681208638e+17,CONVERGED
S5,S5_tauth_100ps,Extended Retardation Lag (tau_theta=100ps),1.3227272727272728,719492.2533461349,4,3.129980502471318e-06,9.963037374991292e-07,0.5002051808897342,0.5002051808897342,False,0.606406223975606,-1.8980396576270998e-06,8.652607747155698e+19,2.020275681208638e+17,CONVERGED
S5,S5_tauth_100ps,Extended Retardation Lag (tau_theta=100ps),1.3404040404040405,729107.4610082634,0,3.4746785780856014e-05,1.1060245427156834e-05,4.157213630796522,4.157213630796522,False,0.01565110697297197,-5.438256614419795e-07,6.0756096833994785e+19,1.8303121602064227e+17,CONVERGED
S5,S5_tauth_100ps,Extended Retardation Lag (tau_theta=100ps),1.3404040404040405,729107.4610082634,1,3.1415874536511263,0.9999983448081148,-1.2032690951581748,1.2032690951581748,False,-3.3309884612131833,1.7320935697864412e-05,6.0756096833994785e+19,1.8303121602064227e+17,CONVERGED
S5,S5_tauth_100ps,Extended Retardation Lag (tau_theta=100ps),1.3404040404040405,729107.4610082634,2,3.833083717929917e-05,1.2201084419872132e-05,-4.509489355756057,4.509489355756057,False,90.87540159275638,-0.003483330223761334,6.0756096833994785e+19,1.8303121602064227e+17,CONVERGED
S5,S5_tauth_100ps,Extended Retardation Lag (tau_theta=100ps),1.3404040404040405,729107.4610082634,3,2.7259973247113347e-05,8.677118981661829e-06,-0.6283701617362643,0.6283701617362643,False,1.8745528694638836,5.1100261084542666e-05,6.0756096833994785e+19,1.8303121602064227e+17,CONVERGED
S5,S5_tauth_100ps,Extended Retardation Lag (tau_theta=100ps),1.3404040404040405,729107.4610082634,4,3.3572275103317286e-05,1.0686387067067834e-05,0.628357043392465,0.628357043392465,False,0.5334675451328997,-1.790971919062171e-05,6.0756096833994785e+19,1.8303121602064227e+17,CONVERGED
S5,S5_tauth_100ps,Extended Retardation Lag (tau_theta=100ps),1.358080808080808,738722.6686703919,0,0.00019797643607604077,6.301785683443704e-05,4.526334623306382,4.526334623306382,False,0.010820263607193192,2.1421572543424416e-06,1.7018059448398363e+19,1.0633584698425587e+17,CONVERGED
S5,S5_tauth_100ps,Extended Retardation Lag (tau_theta=100ps),1.358080808080808,738722.6686703919,1,3.141462144405795,0.9999584576364956,-1.2051786274574372,1.2051786274574372,False,-3.3373551396730523,0.0004355554984633754,1.7018059448398363e+19,1.0633584698425587e+17,CONVERGED
S5,S5_tauth_100ps,Extended Retardation Lag (tau_theta=100ps),1.358080808080808,738722.6686703919,2,0.00036766130672876714,0.00011703022869901762,4.12796607514615,4.12796607514615,False,0.016115622389130047,5.925091053309336e-06,1.7018059448398363e+19,1.0633584698425587e+17,CONVERGED
S5,S5_tauth_100ps,Extended Retardation Lag (tau_theta=100ps),1.358080808080808,738722.6686703919,3,2.376379229179859e-05,7.564250019697652e-06,-0.7303263877775367,0.7303263877775367,False,2.0757579985758996,-4.9327881935482676e-05,1.7018059448398363e+19,1.0633584698425587e+17,CONVERGED
S5,S5_tauth_100ps,Extended Retardation Lag (tau_theta=100ps),1.358080808080808,738722.6686703919,4,6.222696442889368e-05,1.9807457964923937e-05,0.7302878731568089,0.7302878731568089,False,0.4817702804613893,2.9979102143863983e-05,1.7018059448398363e+19,1.0633584698425587e+17,CONVERGED
S5,S5_tauth_100ps,Extended Retardation Lag (tau_theta=100ps),1.3757575757575757,748337.8763325205,0,3.389338847499761e-05,1.0788600627859491e-05,-4.542795108941866,4.542795108941866,False,93.95304238588741,0.003184386965212166,1.4702468433945782e+19,9.642663335926835e+16,CONVERGED
S5,S5_tauth_100ps,Extended Retardation Lag (tau_theta=100ps),1.3757575757575757,748337.8763325205,1,3.1415918880651166,0.9999997563259273,-1.2055003087727754,1.2055003087727754,False,-3.338428905585679,-2.555649708065089e-06,1.4702468433945782e+19,9.642663335926835e+16,CONVERGED
S5,S5_tauth_100ps,Extended Retardation Lag (tau_theta=100ps),1.3757575757575757,748337.8763325205,2,4.295477447470714e-05,1.3672929374094427e-05,4.099690587519306,4.099690587519306,False,0.016577803972458435,-7.120958313608219e-07,1.4702468433945782e+19,9.642663335926835e+16,CONVERGED
S5,S5_tauth_100ps,Extended Retardation Lag (tau_theta=100ps),1.3757575757575757,748337.8763325205,3,2.4630254316126073e-05,7.84005344804391e-06,-0.8159707997558595,0.8159707997558595,False,2.261369943782018,5.56981168294579e-05,1.4702468433945782e+19,9.642663335926835e+16,CONVERGED
S5,S5_tauth_100ps,Extended Retardation Lag (tau_theta=100ps),1.3757575757575757,748337.8763325205,4,6.903762613890995e-05,2.1975358918675517e-05,0.8159022300744414,0.8159022300744414,False,0.44224014389843985,-3.053120976658412e-05,1.4702468433945782e+19,9.642663335926835e+16,CONVERGED
S5,S5_tauth_100ps,Extended Retardation Lag (tau_theta=100ps),1.3934343434343435,757953.0839946492,0,3.9679177286262863e-05,1.2630274405856784e-05,-4.559724067568866,4.559724067568866,False,95.55710881134277,0.0037916274634778742,4.105842337429313e+19,8.265929240339538e+16,CONVERGED
S5,S5_tauth_100ps,Extended Retardation Lag (tau_theta=100ps),1.3934343434343435,757953.0839946492,1,3.1415844780897246,0.9999973976575037,-1.2042548325147444,1.2042548325147444,False,-3.3342735597635604,2.7259353716652825e-05,4.105842337429313e+19,8.265929240339538e+16,CONVERGED
S5,S5_tauth_100ps,Extended Retardation Lag (tau_theta=100ps),1.3934343434343435,757953.0839946492,2,6.655891316479045e-06,2.1186360074001254e-06,4.072063674726597,4.072063674726597,False,0.0170421826712394,-1.1343091565702701e-07,4.105842337429313e+19,8.265929240339538e+16,CONVERGED
S5,S5_tauth_100ps,Extended Retardation Lag (tau_theta=100ps),1.3934343434343435,757953.0839946492,3,2.8688479348355455e-07,9.131826596161054e-08,-0.8901332582986046,0.8901332582986046,False,2.435454174146188,-6.986947677886092e-07,4.105842337429313e+19,8.265929240339538e+16,CONVERGED
S5,S5_tauth_100ps,Extended Retardation Lag (tau_theta=100ps),1.3934343434343435,757953.0839946492,4,1.768241909545912e-05,5.628488809729679e-06,0.8901199010161528,0.8901199010161528,False,0.4106065175978374,7.260516528248681e-06,4.105842337429313e+19,8.265929240339538e+16,CONVERGED
S5,S5_tauth_100ps,Extended Retardation Lag (tau_theta=100ps),1.4111111111111112,767568.2916567777,0,0.0003084857650840131,9.81940687732118e-05,-4.576298163427593,4.576298163427593,False,97.15407455862001,0.029970649971948808,1.98709566710422e+19,7.372389010818798e+16,CONVERGED
S5,S5_tauth_100ps,Extended Retardation Lag (tau_theta=100ps),1.4111111111111112,767568.2916567777,1,3.1415537543181764,0.9999876179772791,-1.2014790793948305,1.2014790793948305,False,-3.3250312702107414,-0.00012934129457933024,1.98709566710422e+19,7.372389010818798e+16,CONVERGED
S5,S5_tauth_100ps,Extended Retardation Lag (tau_theta=100ps),1.4111111111111112,767568.2916567777,2,0.00015821520744564675,5.036146467456865e-05,4.045043780407276,4.045043780407276,False,0.01750893787143122,-2.7701802605958633e-06,1.98709566710422e+19,7.372389010818798e+16,CONVERGED
S5,S5_tauth_100ps,Extended Retardation Lag (tau_theta=100ps),1.4111111111111112,767568.2916567777,3,2.7172131703656546e-05,8.649158149961886e-06,-0.9554406830531672,0.9554406830531672,False,2.599816024416427,7.064254343810562e-05,1.98709566710422e+19,7.372389010818798e+16,CONVERGED
S5,S5_tauth_100ps,Extended Retardation Lag (tau_theta=100ps),1.4111111111111112,767568.2916567777,4,3.9374115187623064e-05,1.2533170123959762e-05,0.9554789593923247,0.9554789593923247,False,0.3846278789952269,-1.5144382419755426e-05,1.98709566710422e+19,7.372389010818798e+16,CONVERGED
S5,S5_tauth_100ps,Extended Retardation Lag (tau_theta=100ps),1.4287878787878787,777183.4993189061,0,1.5681154856519976e-05,4.99146661760927e-06,4.5929010936860895,4.5929010936860895,False,0.01012344666249316,-1.587473348092875e-07,1.6979029094029083e+20,1.5842923533450547e+17,CONVERGED
S5,S5_tauth_100ps,Extended Retardation Lag (tau_theta=100ps),1.4287878787878787,777183.4993189061,1,3.1413353022820156,0.9999180825345121,-1.1973398523937524,1.1973398523937524,False,-3.3112965488027384,-0.0008521665160861032,1.6979029094029083e+20,1.5842923533450547e+17,CONVERGED
S5,S5_tauth_100ps,Extended Retardation Lag (tau_theta=100ps),1.4287878787878787,777183.4993189061,2,0.000793645244915381,0.0002526251275793216,4.018744975038155,4.018744975038155,False,0.01797550484216243,-1.4266176938227896e-05,1.6979029094029083e+20,1.5842923533450547e+17,CONVERGED
S5,S5_tauth_100ps,Extended Retardation Lag (tau_theta=100ps),1.4287878787878787,777183.4993189061,3,1.7177575218767473e-06,5.467792012799378e-07,-1.0136055986042138,1.0136055986042138,False,2.7555184185443564,4.733312490129143e-06,1.6979029094029083e+20,1.5842923533450547e+17,CONVERGED
S5,S5_tauth_100ps,Extended Retardation Lag (tau_theta=100ps),1.4287878787878787,777183.4993189061,4,1.1707503098330608e-07,3.726613978725993e-08,1.0136327005766412,1.0136327005766412,False,0.36289828137733743,4.24863275360405e-08,1.6979029094029083e+20,1.5842923533450547e+17,CONVERGED
S5,S5_tauth_100ps,Extended Retardation Lag (tau_theta=100ps),1.4464646464646465,786798.7069810347,0,0.0006743094793402366,0.00021463937362144187,-4.60849362632697,4.60849362632697,False,100.33287409863915,-0.06765541834831774,1.839161906502213e+19,9.334414052691363e+16,CONVERGED
S5,S5_tauth_100ps,Extended Retardation Lag (tau_theta=100ps),1.4464646464646465,786798.7069810347,1,3.1414357286988923,0.999950049255838,-1.1915477794059879,1.1915477794059879,False,-3.2921727827788203,0.000516623859005618,1.839161906502213e+19,9.334414052691363e+16,CONVERGED
S5,S5_tauth_100ps,Extended Retardation Lag (tau_theta=100ps),1.4464646464646465,786798.7069810347,2,0.0004249386846990004,0.00013526218436162854,3.992176056875707,3.992176056875707,False,0.018459499791455006,7.844156033729665e-06,1.839161906502213e+19,9.334414052691363e+16,CONVERGED
S5,S5_tauth_100ps,Extended Retardation Lag (tau_theta=100ps),1.4464646464646465,786798.7069810347,3,1.002729034591718e-05,3.1917856487407207e-06,-1.0658620065193898,1.0658620065193898,False,2.903340604081176,-2.9112639211188255e-05,1.839161906502213e+19,9.334414052691363e+16,CONVERGED
S5,S5_tauth_100ps,Extended Retardation Lag (tau_theta=100ps),1.4464646464646465,786798.7069810347,4,4.252850015537983e-05,1.3537242044026279e-05,1.0659318921760923,1.0659318921760923,False,0.3444067549033397,1.4647102738251155e-05,1.839161906502213e+19,9.334414052691363e+16,CONVERGED
S5,S5_tauth_100ps,Extended Retardation Lag (tau_theta=100ps),1.4641414141414142,796413.9146431634,0,3.6711167954185885e-07,1.1685527693170933e-07,4.625661088550835,4.625661088550835,False,0.009797176093533895,-3.5966577704647374e-09,1.3418126870702637e+19,1.8134515162949382e+17,CONVERGED
S5,S5_tauth_100ps,Extended Retardation Lag (tau_theta=100ps),1.4641414141414142,796413.9146431634,1,3.141480656598744,0.9999643502505262,-1.1835783092544838,1.1835783092544838,False,-3.266040199594628,-0.0003657866765305457,1.3418126870702637e+19,1.8134515162949382e+17,CONVERGED
S5,S5_tauth_100ps,Extended Retardation Lag (tau_theta=100ps),1.4641414141414142,796413.9146431634,2,0.00036726085004962363,0.00011690275937905791,3.9636146532098757,3.9636146532098757,False,0.01899433085008381,-6.975874407762123e-06,1.3418126870702637e+19,1.8134515162949382e+17,CONVERGED
S5,S5_tauth_100ps,Extended Retardation Lag (tau_theta=100ps),1.4641414141414142,796413.9146431634,3,1.020589558676675e-05,3.2486374626273756e-06,-1.1130180607090296,1.1130180607090296,False,3.043530105553392,3.1061950473537576e-05,1.3418126870702637e+19,1.8134515162949382e+17,CONVERGED
S5,S5_tauth_100ps,Extended Retardation Lag (tau_theta=100ps),1.4641414141414142,796413.9146431634,4,2.604229593686942e-05,8.289520255629499e-06,1.11294156108698,1.11294156108698,False,0.328590967551862,-8.557263221102363e-06,1.3418126870702637e+19,1.8134515162949382e+17,CONVERGED
S5,S5_tauth_100ps,Extended Retardation Lag (tau_theta=100ps),1.4818181818181817,806029.1223052919,0,6.062285172346379e-05,1.9296853032232578e-05,4.641681086215227,4.641681086215227,False,0.009641475826396998,5.844937601350559e-07,8.84097887136708e+19,1.583948452655187e+17,CONVERGED
S5,S5_tauth_100ps,Extended Retardation Lag (tau_theta=100ps),1.4818181818181817,806029.1223052919,1,3.1415893376427957,0.9999989445012887,-1.1748925608502727,1.1748925608502727,False,-3.2377950591841285,-1.0736356805016217e-05,8.84097887136708e+19,1.583948452655187e+17,CONVERGED
S5,S5_tauth_100ps,Extended Retardation Lag (tau_theta=100ps),1.4818181818181817,806029.1223052919,2,4.87637998050144e-05,1.552199956582329e-05,3.9372247613532,3.9372247613532,False,0.01950226312328667,-9.510044554424666e-07,8.84097887136708e+19,1.583948452655187e+17,CONVERGED
S5,S5_tauth_100ps,Extended Retardation Lag (tau_theta=100ps),1.4818181818181817,806029.1223052919,3,2.4925014316059256e-05,7.933878470074175e-06,-1.1557976963649184,1.1557976963649184,False,3.1765563335982523,7.917571210710127e-05,8.84097887136708e+19,1.583948452655187e+17,CONVERGED
S5,S5_tauth_100ps,Extended Retardation Lag (tau_theta=100ps),1.4818181818181817,806029.1223052919,4,7.979402456199486e-05,2.539922687647518e-05,1.1558329423402602,1.1558329423402602,False,0.3147952204011535,-2.5118777601999368e-05,8.84097887136708e+19,1.583948452655187e+17,CONVERGED
S5,S5_tauth_100ps,Extended Retardation Lag (tau_theta=100ps),1.4994949494949494,815644.3299674204,0,0.001538046750318239,0.0004895754860391477,-4.657813710867835,4.657813710867835,False,105.40525874442126,0.16211834351338927,2.6697263532597146e+19,7.42834435232373e+16,CONVERGED
S5,S5_tauth_100ps,Extended Retardation Lag (tau_theta=100ps),1.4994949494949494,815644.3299674204,1,3.141556151039377,0.9999883808773317,-1.1643864513409103,1.1643864513409103,False,-3.2039564946806984,-0.00011695258353024962,2.6697263532597146e+19,7.42834435232373e+16,CONVERGED
S5,S5_tauth_100ps,Extended Retardation Lag (tau_theta=100ps),1.4994949494949494,815644.3299674204,2,0.00014488016468178729,4.611678873014856e-05,3.909675480482624,3.909675480482624,False,0.020047005440396552,-2.9044134699028047e-06,2.6697263532597146e+19,7.42834435232373e+16,CONVERGED
S5,S5_tauth_100ps,Extended Retardation Lag (tau_theta=100ps),1.4994949494949494,815644.3299674204,3,7.922528391762558e-06,2.52181911066979e-06,-1.1946387873631088,1.1946387873631088,False,3.302364699073819,2.6163078088914133e-05,2.6697263532597146e+19,7.42834435232373e+16,CONVERGED
S5,S5_tauth_100ps,Extended Retardation Lag (tau_theta=100ps),1.4994949494949494,815644.3299674204,4,6.347106178048499e-05,2.0203466451310522e-05,1.1946617334875855,1.1946617334875855,False,0.3028063655033658,-1.921944155819724e-05,2.6697263532597146e+19,7.42834435232373e+16,CONVERGED
S5,S5_tauth_100ps,Extended Retardation Lag (tau_theta=100ps),1.5171717171717172,825259.537629549,0,2.8376553501433036e-05,9.032537515329397e-06,4.673905189533974,4.673905189533974,False,0.009335740407365362,-2.649161372161995e-07,3.2336833885248463e+19,8.887804244028986e+16,CONVERGED
S5,S5_tauth_100ps,Extended Retardation Lag (tau_theta=100ps),1.5171717171717172,825259.537629549,1,3.1415155516656768,0.9999754576953099,-1.1524774843051355,1.1524774843051355,False,-3.1660269740358706,0.00024410677198695793,3.2336833885248463e+19,8.887804244028986e+16,CONVERGED
S5,S5_tauth_100ps,Extended Retardation Lag (tau_theta=100ps),1.5171717171717172,825259.537629549,2,0.00018016711577061953,5.734897411500774e-05,3.8820878631604487,3.8820878631604487,False,0.020607753729063667,3.712839592049789e-06,3.2336833885248463e+19,8.887804244028986e+16,CONVERGED
S5,S5_tauth_100ps,Extended Retardation Lag (tau_theta=100ps),1.5171717171717172,825259.537629549,3,4.024256758896889e-06,1.2809607108988192e-06,-1.2299246575970795,1.2299246575970795,False,3.420971782317789,-1.3766868817062216e-05,3.2336833885248463e+19,8.887804244028986e+16,CONVERGED
S5,S5_tauth_100ps,Extended Retardation Lag (tau_theta=100ps),1.5171717171717172,825259.537629549,4,4.2214067868094594e-05,1.3437155138448005e-05,1.229945509360911,1.229945509360911,False,0.2923085050637171,1.233953107851082e-05,3.2336833885248463e+19,8.887804244028986e+16,CONVERGED
S5,S5_tauth_100ps,Extended Retardation Lag (tau_theta=100ps),1.534848484848485,834874.7452916778,0,6.228870768577735e-05,1.9827111453995198e-05,4.6897866610516346,4.6897866610516346,False,0.009188646225456783,5.723488995057146e-07,2.4872597220706644e+19,1.089467361596577e+17,CONVERGED
S5,S5_tauth_100ps,Extended Retardation Lag (tau_theta=100ps),1.534848484848485,834874.7452916778,1,3.1413216639015893,0.9999137413031909,-1.1392723272904703,1.1392723272904703,False,-3.1244938140765464,-0.0008467056251980734,2.4872597220706644e+19,1.089467361596577e+17,CONVERGED
S5,S5_tauth_100ps,Extended Retardation Lag (tau_theta=100ps),1.534848484848485,834874.7452916778,2,0.0008068701751711445,0.00025683475362382226,3.854710439128801,3.854710439128801,False,0.02117972835045723,-1.7089294832812714e-05,2.4872597220706644e+19,1.089467361596577e+17,CONVERGED
S5,S5_tauth_100ps,Extended Retardation Lag (tau_theta=100ps),1.534848484848485,834874.7452916778,3,1.6044762638137448e-06,5.107206569191468e-07,-1.2619825547586438,1.2619825547586438,False,3.5324177614635097,5.667680452147147e-06,2.4872597220706644e+19,1.089467361596577e+17,CONVERGED
S5,S5_tauth_100ps,Extended Retardation Lag (tau_theta=100ps),1.534848484848485,834874.7452916778,4,4.061503641419198e-06,1.2928167618351964e-06,1.2619924722800662,1.2619924722800662,False,0.2830894163842945,-1.14976869549837e-06,2.4872597220706644e+19,1.089467361596577e+17,CONVERGED
S5,S5_tauth_100ps,Extended Retardation Lag (tau_theta=100ps),1.5525252525252524,844489.952953806,0,4.916596146230591e-05,1.5650011597183233e-05,4.705591260287966,4.705591260287966,False,0.009044564933646847,-4.446847313293152e-07,5.779216530032641e+19,1.6460662298668074e+17,CONVERGED
S5,S5_tauth_100ps,Extended Retardation Lag (tau_theta=100ps),1.5525252525252524,844489.952953806,1,3.1414767794342464,0.9999631161107363,-1.1239564767620658,1.1239564767620658,False,-3.07700422690473,0.0003565452680021666,5.779216530032641e+19,1.6460662298668074e+17,CONVERGED
S5,S5_tauth_100ps,Extended Retardation Lag (tau_theta=100ps),1.5525252525252524,844489.952953806,2,0.00028239060665518674,8.98877218637841e-05,3.825207922940673,3.825207922940673,False,0.021813898579591578,6.160040217148598e-06,5.779216530032641e+19,1.6460662298668074e+17,CONVERGED
S5,S5_tauth_100ps,Extended Retardation Lag (tau_theta=100ps),1.5525252525252524,844489.952953806,3,8.291118605510359e-06,2.639145019656312e-06,-1.2910670175552892,1.2910670175552892,False,3.6366648714049647,-3.0152019778002548e-05,5.779216530032641e+19,1.6460662298668074e+17,CONVERGED
S5,S5_tauth_100ps,Extended Retardation Lag (tau_theta=100ps),1.5525252525252524,844489.952953806,4,5.1367177218181175e-06,1.6350680333901855e-06,1.2910252612174198,1.2910252612174198,False,0.2749887032553983,-1.4125393453242117e-06,5.779216530032641e+19,1.6460662298668074e+17,CONVERGED
S5,S5_tauth_100ps,Extended Retardation Lag (tau_theta=100ps),1.5702020202020202,854105.1606159348,0,0.001275769643674024,0.00040609009007461374,4.718218020081006,4.718218020081006,False,0.008931072112802804,-1.139399686855634e-05,6.014796263026128e+19,8.498460954476904e+16,CONVERGED
S5,S5_tauth_100ps,Extended Retardation Lag (tau_theta=100ps),1.5702020202020202,854105.1606159348,1,0.0030080270300624286,0.0009574847415769375,-3.253879002524333,3.253879002524333,False,25.890457859397742,0.07787943195215195,6.014796263026128e+19,8.498460954476904e+16,CONVERGED
S5,S5_tauth_100ps,Extended Retardation Lag (tau_theta=100ps),1.5702020202020202,854105.1606159348,2,3.141133889587881,0.9998539708827662,3.0762648647778428,3.0762648647778428,False,-0.046131236826571165,2.1163352304433145e-05,6.014796263026128e+19,8.498460954476904e+16,CONVERGED
S5,S5_tauth_100ps,Extended Retardation Lag (tau_theta=100ps),1.5702020202020202,854105.1606159348,3,1.1959252046523443e-06,3.8067481577721433e-07,-1.3174477726184344,1.3174477726184344,False,3.7338794964227215,-4.465440600908664e-06,6.014796263026128e+19,8.498460954476904e+16,CONVERGED
S5,S5_tauth_100ps,Extended Retardation Lag (tau_theta=100ps),1.5702020202020202,854105.1606159348,4,0.00032341200098346643,0.0001029452372235192,1.317650991473098,1.317650991473098,False,0.2677635286470827,-8.65979416093933e-05,6.014796263026128e+19,8.498460954476904e+16,CONVERGED
S5,S5_tauth_100ps,Extended Retardation Lag (tau_theta=100ps),1.587878787878788,863720.3682780633,0,8.643250594512976e-05,2.7512321129974067e-05,4.736855660124236,4.736855660124236,False,0.008766166670646924,7.576817547634622e-07,2.3747179769460326e+19,1.4847480871735056e+17,CONVERGED
S5,S5_tauth_100ps,Extended Retardation Lag (tau_theta=100ps),1.587878787878788,863720.3682780633,1,3.1414447589757746,0.9999529236822445,-1.0889358177936967,1.0889358177936967,False,-2.9711105540863922,0.0004394112518066938,2.3747179769460326e+19,1.4847480871735056e+17,CONVERGED
S5,S5_tauth_100ps,Extended Retardation Lag (tau_theta=100ps),1.587878787878788,863720.3682780633,2,0.0003633291286287623,0.00011565125358107716,3.765298789217707,3.765298789217707,False,0.02316068950791148,8.414953507631348e-06,2.3747179769460326e+19,1.4847480871735056e+17,CONVERGED
S5,S5_tauth_100ps,Extended Retardation Lag (tau_theta=100ps),1.587878787878788,863720.3682780633,3,3.3320778460759807e-06,1.0606333199399759e-06,-1.3411359421364855,1.3411359421364855,False,3.823384182696325,-1.2739813732246893e-05,2.3747179769460326e+19,1.4847480871735056e+17,CONVERGED
S5,S5_tauth_100ps,Extended Retardation Lag (tau_theta=100ps),1.587878787878788,863720.3682780633,4,7.745177738987674e-07,2.465366644570396e-07,1.3411413073383596,1.3411413073383596,False,0.261546992670104,-2.0257279453280672e-07,2.3747179769460326e+19,1.4847480871735056e+17,CONVERGED
S5,S5_tauth_100ps,Extended Retardation Lag (tau_theta=100ps),1.6055555555555556,873335.5759401919,0,2.7591236449108886e-05,8.782563333785906e-06,4.752057270175262,4.752057270175262,False,0.008633914621325484,2.3822037985886033e-07,1.4452311987154123e+19,8.653384749860754e+16,CONVERGED
S5,S5_tauth_100ps,Extended Retardation Lag (tau_theta=100ps),1.6055555555555556,873335.5759401919,1,3.141587081395579,0.999998226315494,-1.0688442169055674,1.0688442169055674,False,-2.912011900074232,-1.6226295860816603e-05,1.4452311987154123e+19,8.653384749860754e+16,CONVERGED
S5,S5_tauth_100ps,Extended Retardation Lag (tau_theta=100ps),1.6055555555555556,873335.5759401919,2,5.7495121162740733e-05,1.8301265473435257e-05,3.733849933474639,3.733849933474639,False,0.02390064255815832,-1.3741703412628635e-06,1.4452311987154123e+19,8.653384749860754e+16,CONVERGED
S5,S5_tauth_100ps,Extended Retardation Lag (tau_theta=100ps),1.6055555555555556,873335.5759401919,3,1.4260620464476016e-06,4.5392964769575967e-07,-1.3624392178537807,1.3624392178537807,False,3.9057085662384114,5.569782750801652e-06,1.4452311987154123e+19,8.653384749860754e+16,CONVERGED
S5,S5_tauth_100ps,Extended Retardation Lag (tau_theta=100ps),1.6055555555555556,873335.5759401919,4,2.348326844256867e-06,7.474956505177436e-07,1.362498746204136,1.362498746204136,False,0.2560202474043502,6.012192196540252e-07,1.4452311987154123e+19,8.653384749860754e+16,CONVERGED
S5,S5_tauth_100ps,Extended Retardation Lag (tau_theta=100ps),1.6232323232323231,882950.7836023204,0,1.7611428506979138e-05,5.605891803590496e-06,4.767632065625679,4.767632065625679,False,0.008500484936326009,-1.497056827462363e-07,4.083008166754146e+19,6.807253850159735e+16,CONVERGED
S5,S5_tauth_100ps,Extended Retardation Lag (tau_theta=100ps),1.6232323232323231,882950.7836023204,1,3.1413406033283784,0.9999197699099764,-1.0468680988673607,1.0468680988673607,False,-2.848715147252365,0.000718019412766837,4.083008166754146e+19,6.807253850159735e+16,CONVERGED
S5,S5_tauth_100ps,Extended Retardation Lag (tau_theta=100ps),1.6232323232323231,882950.7836023204,2,0.0006332528066663357,0.00020157062881552733,3.701043125393717,3.701043125393717,False,0.02469774522633427,1.563991857348964e-05,4.083008166754146e+19,6.807253850159735e+16,CONVERGED
S5,S5_tauth_100ps,Extended Retardation Lag (tau_theta=100ps),1.6232323232323231,882950.7836023204,3,8.038848475975123e-06,2.5588449434363804e-06,-1.3814057641397828,1.3814057641397828,False,3.9804933309205492,3.1998582747589077e-05,4.083008166754146e+19,6.807253850159735e+16,CONVERGED
S5,S5_tauth_100ps,Extended Retardation Lag (tau_theta=100ps),1.6232323232323231,882950.7836023204,4,6.157958446778988e-05,1.9601390523187323e-05,1.38143462283843,1.38143462283843,False,0.25121789101408293,-1.546989335907593e-05,4.083008166754146e+19,6.807253850159735e+16,CONVERGED
S5,S5_tauth_100ps,Extended Retardation Lag (tau_theta=100ps),1.6409090909090909,892565.9912644491,0,0.00012216918833354056,3.8887660433615384e-05,4.782925500831692,4.782925500831692,False,0.008371472296854757,1.0227359807516838e-06,7.203266728445022e+18,8.038587026678838e+16,CONVERGED
S5,S5_tauth_100ps,Extended Retardation Lag (tau_theta=100ps),1.6409090909090909,892565.9912644491,1,3.1413981628921492,0.9999380916881692,-1.0231118829898669,1.0231118829898669,False,-2.7818380104568092,0.0005410416222078394,7.203266728445022e+18,8.038587026678838e+16,CONVERGED
S5,S5_tauth_100ps,Extended Retardation Lag (tau_theta=100ps),1.6409090909090909,892565.9912644491,2,0.00047330387261159583,0.00015065730182134442,3.667226331216016,3.667226331216016,False,0.025547228463544704,1.2091603069195336e-05,7.203266728445022e+18,8.038587026678838e+16,CONVERGED
S5,S5_tauth_100ps,Extended Retardation Lag (tau_theta=100ps),1.6409090909090909,892565.9912644491,3,2.704505765197522e-06,8.60870922303429e-07,-1.3981620544051998,1.3981620544051998,False,4.047753575042453,1.0947172879827885e-05,7.203266728445022e+18,8.038587026678838e+16,CONVERGED
S5,S5_tauth_100ps,Extended Retardation Lag (tau_theta=100ps),1.6409090909090909,892565.9912644491,4,2.5779185581500364e-05,8.205769628358199e-06,1.3981351706034897,1.3981351706034897,False,0.24705725417502594,6.368934806044759e-06,7.203266728445022e+18,8.038587026678838e+16,CONVERGED
S5,S5_tauth_100ps,Extended Retardation Lag (tau_theta=100ps),1.6585858585858586,902181.1989265776,0,6.966188870460867e-05,2.217406786491188e-05,4.797921574759721,4.797921574759721,False,0.008246869730961707,-5.744925222889554e-07,4.113780970159108e+19,6.512687043395279e+16,CONVERGED
S5,S5_tauth_100ps,Extended Retardation Lag (tau_theta=100ps),1.6585858585858586,902181.1989265776,1,3.1415860654865275,0.9999979029415994,-0.9975299242487284,0.9975299242487284,False,-2.7115757520385384,1.786414106733922e-05,4.113780970159108e+19,6.512687043395279e+16,CONVERGED
S5,S5_tauth_100ps,Extended Retardation Lag (tau_theta=100ps),1.6585858585858586,902181.1989265776,2,2.7114140422606687e-05,8.630698951891253e-06,3.6323608925986495,3.6323608925986495,False,0.026453656375671975,-7.172681538371275e-07,4.113780970159108e+19,6.512687043395279e+16,CONVERGED
S5,S5_tauth_100ps,Extended Retardation Lag (tau_theta=100ps),1.6585858585858586,902181.1989265776,3,1.6353272108114704e-05,5.20540818346655e-06,-1.4127971043016303,1.4127971043016303,False,4.1074282559042405,6.716989193934878e-05,4.113780970159108e+19,6.512687043395279e+16,CONVERGED
S5,S5_tauth_100ps,Extended Retardation Lag (tau_theta=100ps),1.6585858585858586,902181.1989265776,4,9.133892536465299e-05,2.9074082936972445e-05,1.4127657489688057,1.4127657489688057,False,0.24346897601477502,-2.2238194690664956e-05,4.113780970159108e+19,6.512687043395279e+16,CONVERGED
S5,S5_tauth_100ps,Extended Retardation Lag (tau_theta=100ps),1.6762626262626263,911796.4065887061,0,0.00024644030949234316,7.84443868656059e-05,-4.812586939095196,4.812586939095196,False,123.04952403019638,0.03032436339878188,7.701962936487227e+19,6.8891725947897416e+16,CONVERGED
S5,S5_tauth_100ps,Extended Retardation Lag (tau_theta=100ps),1.6762626262626263,911796.4065887061,1,3.1415797620473196,0.9999958964945825,-0.9700909012802611,0.9700909012802611,False,-2.6381842625625973,-3.401026447578784e-05,7.701962936487227e+19,6.8891725947897416e+16,CONVERGED
S5,S5_tauth_100ps,Extended Retardation Lag (tau_theta=100ps),1.6762626262626263,911796.4065887061,2,7.78010617391631e-05,2.4764847107171076e-05,3.596496567922806,3.596496567922806,False,0.027419617052175414,-2.1332753234447507e-06,7.701962936487227e+19,6.8891725947897416e+16,CONVERGED
S5,S5_tauth_100ps,Extended Retardation Lag (tau_theta=100ps),1.6762626262626263,911796.4065887061,3,6.780901147652114e-06,2.1584278725326802e-06,-1.4253666559194256,1.4253666559194256,False,4.159382625368779,2.8204362418319703e-05,7.701962936487227e+19,6.8891725947897416e+16,CONVERGED
S5,S5_tauth_100ps,Extended Retardation Lag (tau_theta=100ps),1.6762626262626263,911796.4065887061,4,5.337307769032638e-05,1.698917828488641e-05,1.4253729112126818,1.4253729112126818,False,0.24041879128403648,-1.2831890837601916e-05,7.701962936487227e+19,6.8891725947897416e+16,CONVERGED
S5,S5_tauth_100ps,Extended Retardation Lag (tau_theta=100ps),1.6939393939393939,921411.6142508347,0,8.267654725348639e-05,2.6316762346326044e-05,4.827704703457805,4.827704703457805,False,0.008004873727387814,6.61815322488497e-07,3.1240323400563745e+19,6.111794244449946e+16,CONVERGED
S5,S5_tauth_100ps,Extended Retardation Lag (tau_theta=100ps),1.6939393939393939,921411.6142508347,1,3.141493196596117,0.9999683418556627,-0.9404976979718875,0.9404976979718875,False,-2.561255820332157,0.00025473480476640126,3.1240323400563745e+19,6.111794244449946e+16,CONVERGED
S5,S5_tauth_100ps,Extended Retardation Lag (tau_theta=100ps),1.6939393939393939,921411.6142508347,2,0.0002117535806022494,6.740325814051216e-05,3.5589700309673606,3.5589700309673606,False,0.02846813027436294,6.028228608748727e-06,3.1240323400563745e+19,6.111794244449946e+16,CONVERGED
S5,S5_tauth_100ps,Extended Retardation Lag (tau_theta=100ps),1.6939393939393939,921411.6142508347,3,1.0719249673464592e-05,3.4120431435361494e-06,-1.4359560653005903,1.4359560653005903,False,4.203662063391506,-4.5060103202090725e-05,3.1240323400563745e+19,6.111794244449946e+16,CONVERGED
S5,S5_tauth_100ps,Extended Retardation Lag (tau_theta=100ps),1.6939393939393939,921411.6142508347,4,3.4951201305528485e-05,1.1125312909549528e-05,1.4360646846542944,1.4360646846542944,False,0.23786198100574296,-8.31356198444876e-06,3.1240323400563745e+19,6.111794244449946e+16,CONVERGED
S5,S5_tauth_100ps,Extended Retardation Lag (tau_theta=100ps),1.7116161616161616,931026.8219129633,0,4.367440539089164e-06,1.3901995009119452e-06,4.842579623135894,4.842579623135894,False,0.007886683117912243,-3.444461956833906e-08,2.3077171270011237e+20,5.831487988202194e+16,CONVERGED
S5,S5_tauth_100ps,Extended Retardation Lag (tau_theta=100ps),1.7116161616161616,931026.8219129633,1,3.1415067339407963,0.9999726509263068,-0.9084620560531649,0.9084620560531649,False,-2.480504711969978,0.00021312409471272229,2.3077171270011237e+20,5.831487988202194e+16,CONVERGED
S5,S5_tauth_100ps,Extended Retardation Lag (tau_theta=100ps),1.7116161616161616,931026.8219129633,2,0.00017295217666520667,5.505238766954079e-05,3.519248681380514,3.519248681380514,False,0.02962168168786356,5.123134375481739e-06,2.3077171270011237e+20,5.831487988202194e+16,CONVERGED
S5,S5_tauth_100ps,Extended Retardation Lag (tau_theta=100ps),1.7116161616161616,931026.8219129633,3,3.5998885767108246e-07,1.1458801231271509e-07,-1.4445717714284112,1.4445717714284112,False,4.240036049415445,-1.5263657339133414e-06,2.3077171270011237e+20,5.831487988202194e+16,CONVERGED
S5,S5_tauth_100ps,Extended Retardation Lag (tau_theta=100ps),1.7116161616161616,931026.8219129633,4,1.1364438265796489e-05,3.617413050928396e-06,1.4445601232562264,1.4445601232562264,False,0.23584979856792762,-2.680300475941138e-06,2.3077171270011237e+20,5.831487988202194e+16,CONVERGED
S5,S5_tauth_100ps,Extended Retardation Lag (tau_theta=100ps),1.7292929292929293,940642.0295750919,0,4.602265826098338e-05,1.4649467112929115e-05,4.857309329921403,4.857309329921403,False,0.007771365958797066,3.576589199952741e-07,4.79269132957297e+19,2.519418201094349e+17,CONVERGED
S5,S5_tauth_100ps,Extended Retardation Lag (tau_theta=100ps),1.7292929292929293,940642.0295750919,1,3.141424548219434,0.9999464903986941,-0.873977926430716,0.873977926430716,False,-2.396424685619381,0.0004028518631086836,4.79269132957297e+19,2.519418201094349e+17,CONVERGED
S5,S5_tauth_100ps,Extended Retardation Lag (tau_theta=100ps),1.7292929292929293,940642.0295750919,2,0.0003730802872751114,0.00011875514377995663,3.4775051514077737,3.4775051514077737,False,0.030884364666012635,1.1522348176499624e-05,4.79269132957297e+19,2.519418201094349e+17,CONVERGED
S5,S5_tauth_100ps,Extended Retardation Lag (tau_theta=100ps),1.7292929292929293,940642.0295750919,3,1.8320921943268514e-07,5.831730578543914e-08,-1.4512883663551732,1.4512883663551732,False,4.268610508144331,7.82048799259289e-07,4.79269132957297e+19,2.519418201094349e+17,CONVERGED
S5,S5_tauth_100ps,Extended Retardation Lag (tau_theta=100ps),1.7292929292929293,940642.0295750919,4,8.920301233715429e-06,2.8394200704290858e-06,1.451259463285425,1.451259463285425,False,0.23427504138398866,2.089803940741757e-06,4.79269132957297e+19,2.519418201094349e+17,CONVERGED
S5,S5_tauth_100ps,Extended Retardation Lag (tau_theta=100ps),1.7469696969696968,950257.2372372204,0,0.00012487365402619584,3.9748518600432454e-05,-4.871264516092891,4.871264516092891,False,130.48581301132023,0.016294240353996847,1.1180639145319012e+19,2.0799464030018234e+17,CONVERGED
S5,S5_tauth_100ps,Extended Retardation Lag (tau_theta=100ps),1.7469696969696968,950257.2372372204,1,3.141558349957483,0.9999890808147036,-0.8371597964637183,0.8371597964637183,False,-2.30979735568819,7.923443923248465e-05,1.1180639145319012e+19,2.0799464030018234e+17,CONVERGED
S5,S5_tauth_100ps,Extended Retardation Lag (tau_theta=100ps),1.7469696969696968,950257.2372372204,2,3.7447679957248996e-05,1.1919966745038947e-05,3.434258018900984,3.434258018900984,False,0.03224932972742263,1.2076625790328318e-06,1.1180639145319012e+19,2.0799464030018234e+17,CONVERGED
S5,S5_tauth_100ps,Extended Retardation Lag (tau_theta=100ps),1.7469696969696968,950257.2372372204,3,1.1102960809056346e-05,3.534182191433814e-06,-1.456098007400633,1.456098007400633,False,4.289190443566423,-4.762271339945391e-05,1.1180639145319012e+19,2.0799464030018234e+17,CONVERGED
S5,S5_tauth_100ps,Extended Retardation Lag (tau_theta=100ps),1.7469696969696968,950257.2372372204,4,4.438284094400925e-05,1.4127497049400869e-05,1.4561318708195463,1.4561318708195463,False,0.23313633406225306,1.0347252839748515e-05,1.1180639145319012e+19,2.0799464030018234e+17,CONVERGED
S5,S5_tauth_100ps,Extended Retardation Lag (tau_theta=100ps),1.7646464646464646,959872.4448993491,0,0.5599053146223711,0.17822339697114647,3.1192928980935175,3.1192928980935175,False,0.03744107266945386,-0.023468724807050114,1.66714018859569e+19,9.665541065348341e+16,CONVERGED
S5,S5_tauth_100ps,Extended Retardation Lag (tau_theta=100ps),1.7646464646464646,959872.4448993491,1,2.4403378347028353,0.7767836584142577,-1.351294652538519,1.351294652538519,False,-2.9510192785559353,2.4919460329290066,1.66714018859569e+19,9.665541065348341e+16,CONVERGED
S5,S5_tauth_100ps,Extended Retardation Lag (tau_theta=100ps),1.7646464646464646,959872.4448993491,2,2.4314049227920454e-05,7.739402242406443e-06,4.8861367636574204,4.8861367636574204,False,0.0075505357048542675,1.835840968611744e-07,1.66714018859569e+19,9.665541065348341e+16,CONVERGED
S5,S5_tauth_100ps,Extended Retardation Lag (tau_theta=100ps),1.7646464646464646,959872.4448993491,3,9.257377224948825e-07,2.9467146908338765e-07,-1.4590997705870306,1.4590997705870306,False,4.302084921204214,-3.982602296936303e-06,1.66714018859569e+19,9.665541065348341e+16,CONVERGED
S5,S5_tauth_100ps,Extended Retardation Lag (tau_theta=100ps),1.7646464646464646,959872.4448993491,4,7.436889992080224e-07,2.367235606940428e-07,1.4591026928068034,1.4591026928068034,False,0.23244475553120378,-1.7286660761218622e-07,1.66714018859569e+19,9.665541065348341e+16,CONVERGED
S5,S5_tauth_100ps,Extended Retardation Lag (tau_theta=100ps),1.7823232323232323,969487.6525614776,0,0.5443904361264933,0.17328485776296826,3.0989285792751806,3.0989285792751806,False,0.03857834268842412,-0.023355845573764918,2.542192387723868e+19,1.1180974534361715e+17,CONVERGED
S5,S5_tauth_100ps,Extended Retardation Lag (tau_theta=100ps),1.7823232323232323,969487.6525614776,1,2.416830740733528,0.7693011180083758,-1.3430115996995098,1.3430115996995098,False,-2.867778349629658,2.5394988986462588,2.542192387723868e+19,1.1180974534361715e+17,CONVERGED
S5,S5_tauth_100ps,Extended Retardation Lag (tau_theta=100ps),1.7823232323232323,969487.6525614776,2,2.6331900465458717e-05,8.381704240163069e-06,4.900348067917497,4.900348067917497,False,0.007443991602710846,1.9601444599359596e-07,2.542192387723868e+19,1.1180974534361715e+17,CONVERGED
S5,S5_tauth_100ps,Extended Retardation Lag (tau_theta=100ps),1.7823232323232323,969487.6525614776,3,1.6741272419289241e-06,5.328912518355792e-07,-1.460222515055911,1.460222515055911,False,4.306917775772658,7.210328377175672e-06,2.542192387723868e+19,1.1180974534361715e+17,CONVERGED
S5,S5_tauth_100ps,Extended Retardation Lag (tau_theta=100ps),1.7823232323232323,969487.6525614776,4,3.1263567775510827e-05,9.951502700322077e-06,1.460213293489322,1.460213293489322,False,0.23218674541321974,-7.258986054166476e-06,2.542192387723868e+19,1.1180974534361715e+17,CONVERGED
S5,S5_tauth_100ps,Extended Retardation Lag (tau_theta=100ps),1.8,979102.8602236061,0,0.528060606130483,0.16808691143553756,3.0791464598841793,3.0791464598841793,False,0.03973285586131432,-0.023176762113720575,2.651880474722022e+19,1.7386946832534467e+17,CONVERGED
S5,S5_tauth_100ps,Extended Retardation Lag (tau_theta=100ps),1.8,979102.8602236061,1,2.3930610175777893,0.7617349801360525,-1.334950772935555,1.334950772935555,False,-2.7840780740275073,2.586011768325245,2.651880474722022e+19,1.7386946832534467e+17,CONVERGED
S5,S5_tauth_100ps,Extended Retardation Lag (tau_theta=100ps),1.8,979102.8602236061,2,2.71976270435459e-07,8.657273568700284e-08,4.914558176552173,4.914558176552173,False,0.007338959700685568,-1.9960228882686425e-09,2.651880474722022e+19,1.7386946832534467e+17,CONVERGED
S5,S5_tauth_100ps,Extended Retardation Lag (tau_theta=100ps),1.8,979102.8602236061,3,3.129190600738057e-07,9.960523039683185e-08,-1.4595005364907285,1.4595005364907285,False,4.303809395689287,-1.3467439908359492e-06,2.651880474722022e+19,1.7386946832534467e+17,CONVERGED
S5,S5_tauth_100ps,Extended Retardation Lag (tau_theta=100ps),1.8,979102.8602236061,4,2.8865561185230038e-06,9.18819349550182e-07,1.4594755780158082,1.4594755780158082,False,0.2323580964769954,6.707146850758924e-07,2.651880474722022e+19,1.7386946832534467e+17,CONVERGED
