family_id,case_id,case_name,Omega,omega_rad_s,branch_id,kr_a,kr_a_over_pi,ki_signed,alpha_a,is_pass_band,eigval_real,eigval_imag,cond_P_equil,cond_Tcell,solver_status
S6,S6_alpha00,Uncoupled Mechanical Conservative Limit (beta->0),0.05,27197.301672877948,0,2.371320282622289e-10,7.548146892668152e-11,3.13512719530996,3.13512719530996,False,0.04349422121649991,1.0313872894754692e-11,1894455434658.2542,4.528374882415026e+16,CONVERGED
S6,S6_alpha00,Uncoupled Mechanical Conservative Limit (beta->0),0.05,27197.301672877948,1,0.11387084855860707,0.036246216844341886,-8.538035895584521e-09,8.538035895584521e-09,True,0.9935237258773666,-0.11362492329954402,1894455434658.2542,4.528374882415026e+16,CONVERGED
S6,S6_alpha00,Uncoupled Mechanical Conservative Limit (beta->0),0.05,27197.301672877948,2,0.11387087419093594,0.03624622500336557,7.395506496357565e-09,7.395506496357565e-09,True,0.9935237071345426,0.11362494695542294,1894455434658.2542,4.528374882415026e+16,CONVERGED
S6,S6_alpha00,Uncoupled Mechanical Conservative Limit (beta->0),0.05,27197.301672877948,3,0.2729932913651851,0.08689646350339048,-2.6505255981507643e-07,2.6505255981507643e-07,True,0.9629684302983601,-0.2696151560168169,1894455434658.2542,4.528374882415026e+16,CONVERGED
S6,S6_alpha00,Uncoupled Mechanical Conservative Limit (beta->0),0.05,27197.301672877948,4,0.2729935267889355,0.08689653844109768,1.724929081558101e-07,1.724929081558101e-07,True,0.9629679454821697,0.26961526475348585,1894455434658.2542,4.528374882415026e+16,CONVERGED
S6,S6_alpha00,Uncoupled Mechanical Conservative Limit (beta->0),0.06767676767676768,36812.509335006514,0,6.249394258960284e-09,1.989243975287283e-09,3.141327745547899,3.141327745547899,False,0.043225367494671804,2.701323634626504e-10,2261454476074.756,9544107540209594.0,CONVERGED
S6,S6_alpha00,Uncoupled Mechanical Conservative Limit (beta->0),0.06767676767676768,36812.509335006514,1,0.15408162110978738,0.04904570327847038,-2.081966152043446e-09,2.081966152043446e-09,True,0.9881528955816611,0.15347266570145682,2261454476074.756,9544107540209594.0,CONVERGED
S6,S6_alpha00,Uncoupled Mechanical Conservative Limit (beta->0),0.06767676767676768,36812.509335006514,2,0.15408164675824887,0.04904571144262924,2.8863070215674275e-09,2.8863070215674275e-09,True,0.9881528867359095,-0.15347269028356403,2261454476074.756,9544107540209594.0,CONVERGED
S6,S6_alpha00,Uncoupled Mechanical Conservative Limit (beta->0),0.06767676767676768,36812.509335006514,3,0.368819107924723,0.1173987682659258,-4.301035743839149e-07,4.301035743839149e-07,True,0.932754125417481,-0.3605143571679064,2261454476074.756,9544107540209594.0,CONVERGED
S6,S6_alpha00,Uncoupled Mechanical Conservative Limit (beta->0),0.06767676767676768,36812.509335006514,4,0.36881969677485693,0.1173989557027449,2.5286354867345044e-07,2.5286354867345044e-07,True,0.9327532760883528,0.3605146602004912,2261454476074.756,9544107540209594.0,CONVERGED
S6,S6_alpha00,Uncoupled Mechanical Conservative Limit (beta->0),0.08535353535353535,46427.71699713508,0,2.0900323315873186e-08,6.6527795358800204e-09,3.1492662994943648,3.1492662994943648,False,0.04288357903101343,8.962806666899807e-10,3597092965648.007,5.5189952648720744e+16,CONVERGED
S6,S6_alpha00,Uncoupled Mechanical Conservative Limit (beta->0),0.08535353535353535,46427.71699713508,1,0.19425065999697808,0.06183190547476431,-1.918111809174594e-08,1.918111809174594e-08,True,0.9811926099380129,0.19303134606914835,3597092965648.007,5.5189952648720744e+16,CONVERGED
S6,S6_alpha00,Uncoupled Mechanical Conservative Limit (beta->0),0.08535353535353535,46427.71699713508,2,0.19425066064981505,0.06183190568256878,2.5666302279524046e-08,2.5666302279524046e-08,True,0.9811925658080385,-0.1930313380527494,3597092965648.007,5.5189952648720744e+16,CONVERGED
S6,S6_alpha00,Uncoupled Mechanical Conservative Limit (beta->0),0.08535353535353535,46427.71699713508,3,0.4640502455807429,0.1477117808543664,-7.13887508392631e-07,7.13887508392631e-07,True,0.8942476923436422,0.4475740078625061,3597092965648.007,5.5189952648720744e+16,CONVERGED
S6,S6_alpha00,Uncoupled Mechanical Conservative Limit (beta->0),0.08535353535353535,46427.71699713508,4,0.46404924319378266,0.14771146178468716,1.0403798920299987e-06,1.0403798920299987e-06,True,0.8942465722365566,-0.4475723263178251,3597092965648.007,5.5189952648720744e+16,CONVERGED
S6,S6_alpha00,Uncoupled Mechanical Conservative Limit (beta->0),0.10303030303030303,56042.924659263655,0,1.430427441441769e-07,4.553191960795004e-08,3.158852948298281,3.158852948298281,False,0.04247443352004804,6.075659526677124e-09,5241294802646.863,1.7779881230964468e+16,CONVERGED
S6,S6_alpha00,Uncoupled Mechanical Conservative Limit (beta->0),0.10303030303030303,56042.924659263655,1,0.2343674389705675,0.07460147282390785,-9.734336445642993e-09,9.734336445642993e-09,True,0.9726614436218904,0.23222776655700136,5241294802646.863,1.7779881230964468e+16,CONVERGED
S6,S6_alpha00,Uncoupled Mechanical Conservative Limit (beta->0),0.10303030303030303,56042.924659263655,2,0.23436746300088884,0.0746014804729967,1.790252633004616e-08,1.790252633004616e-08,True,0.972661411160072,-0.23222778351232087,5241294802646.863,1.7779881230964468e+16,CONVERGED
S6,S6_alpha00,Uncoupled Mechanical Conservative Limit (beta->0),0.10303030303030303,56042.924659263655,3,0.5585855697106166,0.17780330911849423,-1.0965109209831322e-05,1.0965109209831322e-05,True,0.8480148876207418,0.5299930950799918,5241294802646.863,1.7779881230964468e+16,CONVERGED
S6,S6_alpha00,Uncoupled Mechanical Conservative Limit (beta->0),0.10303030303030303,56042.924659263655,4,0.5585824471477481,0.17780231517586295,1.7860362470580218e-05,1.7860362470580218e-05,True,0.8479920984288434,-0.5299751700931687,5241294802646.863,1.7779881230964468e+16,CONVERGED
S6,S6_alpha00,Uncoupled Mechanical Conservative Limit (beta->0),0.12070707070707071,65658.13232139223,0,4.310862082935552e-09,1.3721900189732344e-09,3.169983779149782,3.169983779149782,False,0.0420042792430417,-1.8107465470986535e-10,7194059987072.216,2.3644268854910504e+16,CONVERGED
S6,S6_alpha00,Uncoupled Mechanical Conservative Limit (beta->0),0.12070707070707071,65658.13232139223,1,0.2744293742458946,0.0873535828816996,-1.8323989759571532e-06,1.8323989759571532e-06,True,0.962581756438278,0.27099820474842057,7194059987072.216,2.3644268854910504e+16,CONVERGED
S6,S6_alpha00,Uncoupled Mechanical Conservative Limit (beta->0),0.12070707070707071,65658.13232139223,2,0.2744681423684286,0.08736592315837097,2.9653892673689968e-05,2.9653892673689968e-05,True,0.9625409423013439,-0.27102698826309807,7194059987072.216,2.3644268854910504e+16,CONVERGED
S6,S6_alpha00,Uncoupled Mechanical Conservative Limit (beta->0),0.12070707070707071,65658.13232139223,3,0.6522401668340291,0.20761449326943646,-2.3095492963722966e-07,2.3095492963722966e-07,True,0.7947262672026468,0.6069683864322039,7194059987072.216,2.3644268854910504e+16,CONVERGED
S6,S6_alpha00,Uncoupled Mechanical Conservative Limit (beta->0),0.12070707070707071,65658.13232139223,4,0.6522402632722214,0.20761452396666646,1.4043089404324236e-07,1.4043089404324236e-07,True,0.7947259135177164,-0.6069682376547249,7194059987072.216,2.3644268854910504e+16,CONVERGED
S6,S6_alpha00,Uncoupled Mechanical Conservative Limit (beta->0),0.1383838383838384,75273.3399835208,0,6.019181195442437e-08,1.915964881240895e-08,3.1825474099531235,3.1825474099531235,False,0.041479854225751726,2.496747585453386e-09,9455388518924.242,1.4283413703946228e+16,CONVERGED
S6,S6_alpha00,Uncoupled Mechanical Conservative Limit (beta->0),0.1383838383838384,75273.3399835208,1,0.31440305538037316,0.10007760077396262,-1.5036500375716327e-06,1.5036500375716327e-06,True,0.9509825827178072,0.30924930828049724,9455388518924.242,1.4283413703946228e+16,CONVERGED
S6,S6_alpha00,Uncoupled Mechanical Conservative Limit (beta->0),0.1383838383838384,75273.3399835208,2,0.31440332166824997,0.10007768553602638,-6.031930700208335e-07,6.031930700208335e-07,True,0.9509816440499989,-0.30924928304982213,9455388518924.242,1.4283413703946228e+16,CONVERGED
S6,S6_alpha00,Uncoupled Mechanical Conservative Limit (beta->0),0.1383838383838384,75273.3399835208,3,0.7449875789925182,0.23713691147744625,-6.78689860556878e-06,6.78689860556878e-06,True,0.7351013124587084,0.6779672811506614,9455388518924.242,1.4283413703946228e+16,CONVERGED
S6,S6_alpha00,Uncoupled Mechanical Conservative Limit (beta->0),0.1383838383838384,75273.3399835208,4,0.7449868427655385,0.23713667712912012,6.854625303586481e-06,6.854625303586481e-06,True,0.735091783755772,-0.6779574915126475,9455388518924.242,1.4283413703946228e+16,CONVERGED
S6,S6_alpha00,Uncoupled Mechanical Conservative Limit (beta->0),0.15606060606060607,84888.54764564935,0,1.788198685397659e-08,5.692013200229329e-09,3.1964259676609648,3.1964259676609648,False,0.040908150066258156,-7.315190017053299e-10,12025280398200.914,1.8491420654739532e+16,CONVERGED
S6,S6_alpha00,Uncoupled Mechanical Conservative Limit (beta->0),0.15606060606060607,84888.54764564935,1,0.35430235582692426,0.11277794255791718,-1.0645636891923074e-07,1.0645636891923074e-07,True,0.9378888548571098,-0.346936174025684,12025280398200.914,1.8491420654739532e+16,CONVERGED
S6,S6_alpha00,Uncoupled Mechanical Conservative Limit (beta->0),0.15606060606060607,84888.54764564935,2,0.35430240951677,0.11277795964792586,-1.0526131688270438e-07,1.0526131688270438e-07,True,0.9378888351093329,0.34693622396618456,12025280398200.914,1.8491420654739532e+16,CONVERGED
S6,S6_alpha00,Uncoupled Mechanical Conservative Limit (beta->0),0.15606060606060607,84888.54764564935,3,0.8367548099363857,0.26634732831459035,-3.0651556681277974e-06,3.0651556681277974e-06,True,0.6698778687217878,-0.7424754348305955,12025280398200.914,1.8491420654739532e+16,CONVERGED
S6,S6_alpha00,Uncoupled Mechanical Conservative Limit (beta->0),0.15606060606060607,84888.54764564935,4,0.8367548385492123,0.2663473374223359,3.741760286455328e-06,3.741760286455328e-06,True,0.6698732876907781,0.7424704000468817,12025280398200.914,1.8491420654739532e+16,CONVERGED
S6,S6_alpha00,Uncoupled Mechanical Conservative Limit (beta->0),0.17373737373737375,94503.75530777793,0,1.1572721960710862e-07,3.683711810150529e-08,3.2114993874191016,3.2114993874191016,False,0.04029614841526391,-4.6633612169739094e-09,14903735624904.37,2.0144048231754784e+17,CONVERGED
S6,S6_alpha00,Uncoupled Mechanical Conservative Limit (beta->0),0.17373737373737375,94503.75530777793,1,0.3941101962139863,0.1254491717007454,-7.843561300998047e-08,7.843561300998047e-08,True,0.9233386751322573,-0.38398678086132876,14903735624904.37,2.0144048231754784e+17,CONVERGED
S6,S6_alpha00,Uncoupled Mechanical Conservative Limit (beta->0),0.17373737373737375,94503.75530777793,2,0.39411024083222373,0.12544918590317147,3.0213987582897972e-09,3.0213987582897972e-09,True,0.9233385827870382,0.3839867907806548,14903735624904.37,2.0144048231754784e+17,CONVERGED
S6,S6_alpha00,Uncoupled Mechanical Conservative Limit (beta->0),0.17373737373737375,94503.75530777793,3,0.9274728142508438,0.29522376594274613,-6.614629726321949e-07,6.614629726321949e-07,True,0.5998583103231632,-0.8001070743738365,14903735624904.37,2.0144048231754784e+17,CONVERGED
S6,S6_alpha00,Uncoupled Mechanical Conservative Limit (beta->0),0.17373737373737375,94503.75530777793,4,0.9274705821709233,0.29522305544964067,-1.9346704700709166e-08,1.9346704700709166e-08,True,0.5998597110448013,0.8001052216794099,14903735624904.37,2.0144048231754784e+17,CONVERGED
S6,S6_alpha00,Uncoupled Mechanical Conservative Limit (beta->0),0.19141414141414143,104118.96296990648,0,8.284908253327463e-08,2.6371682031598128e-08,3.2276486520764327,3.2276486520764327,False,0.03965062167027858,3.2850176272565652e-09,18090754199034.543,2.8315097490975184e+16,CONVERGED
S6,S6_alpha00,Uncoupled Mechanical Conservative Limit (beta->0),0.19141414141414143,104118.96296990648,1,0.4338169981011004,0.138088239290155,-6.451747645425424e-08,6.451747645425424e-08,True,0.9073679954498919,-0.4203373048733674,18090754199034.543,2.8315097490975184e+16,CONVERGED
S6,S6_alpha00,Uncoupled Mechanical Conservative Limit (beta->0),0.19141414141414143,104118.96296990648,2,0.4338170028547314,0.13808824080328275,5.2007862062784564e-08,5.2007862062784564e-08,True,0.907367887720407,0.42033726020671563,18090754199034.543,2.8315097490975184e+16,CONVERGED
S6,S6_alpha00,Uncoupled Mechanical Conservative Limit (beta->0),0.19141414141414143,104118.96296990648,3,1.0170826213944117,0.32374745345556666,-2.506563923442875e-06,2.506563923442875e-06,True,0.5258509603077579,0.8505796733309711,18090754199034.543,2.8315097490975184e+16,CONVERGED
S6,S6_alpha00,Uncoupled Mechanical Conservative Limit (beta->0),0.19141414141414143,104118.96296990648,4,1.017081226874698,0.3237470095661553,1.5474212472749997e-06,1.5474212472749997e-06,True,0.5258500146648867,-0.8505754917931935,18090754199034.543,2.8315097490975184e+16,CONVERGED
S6,S6_alpha00,Uncoupled Mechanical Conservative Limit (beta->0),0.2090909090909091,113734.17063203505,0,9.233216488755489e-07,2.9390240896460594e-07,3.2412624040375415,3.2412624040375415,False,0.03911448563358773,-3.611525137013345e-08,21586336120590.656,1.6144398795283162e+16,CONVERGED
S6,S6_alpha00,Uncoupled Mechanical Conservative Limit (beta->0),0.2090909090909091,113734.17063203505,1,0.47341990593794553,0.15069423637624832,-4.6384226754069135e-06,4.6384226754069135e-06,True,0.8900183772119387,-0.45593482551062947,21586336120590.656,1.6144398795283162e+16,CONVERGED
S6,S6_alpha00,Uncoupled Mechanical Conservative Limit (beta->0),0.2090909090909091,113734.17063203505,2,0.4733781980832407,0.15068096035376427,-7.785147706230905e-07,7.785147706230905e-07,True,0.8900339570455402,0.45589594463716265,21586336120590.656,1.6144398795283162e+16,CONVERGED
S6,S6_alpha00,Uncoupled Mechanical Conservative Limit (beta->0),0.2090909090909091,113734.17063203505,3,1.1056146755550857,0.351928081539068,-1.2418462771174993e-06,1.2418462771174993e-06,True,0.44858571491611554,-0.8937412041910321,21586336120590.656,1.6144398795283162e+16,CONVERGED
S6,S6_alpha00,Uncoupled Mechanical Conservative Limit (beta->0),0.2090909090909091,113734.17063203505,4,1.105613227035628,0.3519276204610043,5.251098127917012e-07,5.251098127917012e-07,True,0.4485862168843213,0.8937389752060377,21586336120590.656,1.6144398795283162e+16,CONVERGED
S6,S6_alpha00,Uncoupled Mechanical Conservative Limit (beta->0),0.22676767676767678,123349.37829416365,0,2.749543452484022e-08,8.75206863417576e-09,3.244952068242637,3.244952068242637,False,0.03897043223382175,-1.0715089678897691e-09,25390481389571.64,1.285510853415405e+17,CONVERGED
S6,S6_alpha00,Uncoupled Mechanical Conservative Limit (beta->0),0.22676767676767678,123349.37829416365,1,0.5128951732910905,0.16325960423450261,-1.0540413123936462e-07,1.0540413123936462e-07,True,0.8713275860531835,-0.49070199570718764,25390481389571.64,1.285510853415405e+17,CONVERGED
S6,S6_alpha00,Uncoupled Mechanical Conservative Limit (beta->0),0.22676767676767678,123349.37829416365,2,0.5128952119851098,0.1632596165511915,1.3474694362567885e-07,1.3474694362567885e-07,True,0.8713273578157237,0.4907019115797481,25390481389571.64,1.285510853415405e+17,CONVERGED
S6,S6_alpha00,Uncoupled Mechanical Conservative Limit (beta->0),0.22676767676767678,123349.37829416365,3,1.1930048202011783,0.37974522853495074,-7.295884109903936e-07,7.295884109903936e-07,True,0.3688688859068834,0.9294822237072107,25390481389571.64,1.285510853415405e+17,CONVERGED
S6,S6_alpha00,Uncoupled Mechanical Conservative Limit (beta->0),0.22676767676767678,123349.37829416365,4,1.19300485633343,0.37974524003620364,2.1565137273098234e-07,2.1565137273098234e-07,True,0.36886850365324814,-0.9294813584521,25390481389571.64,1.285510853415405e+17,CONVERGED
S6,S6_alpha00,Uncoupled Mechanical Conservative Limit (beta->0),0.24444444444444446,132964.58595629223,0,3.8061501502032606e-08,1.2115352211096177e-08,3.24890809643002,3.24890809643002,False,0.03881656865043243,-1.4774168859921865e-09,29503190005979.54,3.2523069674467732e+16,CONVERGED
S6,S6_alpha00,Uncoupled Mechanical Conservative Limit (beta->0),0.24444444444444446,132964.58595629223,1,0.5522506947278143,0.1757868557837299,-3.078357046058063e-08,3.078357046058063e-08,True,0.8513459805851287,-0.5246046920383848,29503190005979.54,3.2523069674467732e+16,CONVERGED
S6,S6_alpha00,Uncoupled Mechanical Conservative Limit (beta->0),0.24444444444444446,132964.58595629223,2,0.5522507074214665,0.1757868598242449,3.883167977039337e-08,3.883167977039337e-08,True,0.8513459146593181,0.5246046663245882,29503190005979.54,3.2523069674467732e+16,CONVERGED
S6,S6_alpha00,Uncoupled Mechanical Conservative Limit (beta->0),0.24444444444444446,132964.58595629223,3,1.2792829699492765,0.40720841656141593,-2.495510458593059e-05,2.495510458593059e-05,True,0.28740923426725634,-0.9578339331599275,29503190005979.54,3.2523069674467732e+16,CONVERGED
S6,S6_alpha00,Uncoupled Mechanical Conservative Limit (beta->0),0.24444444444444446,132964.58595629223,4,1.2792983612153535,0.4072133157535691,2.3721052185836363e-05,2.3721052185836363e-05,True,0.287380503037412,0.9577917338831815,29503190005979.54,3.2523069674467732e+16,CONVERGED
S6,S6_alpha00,Uncoupled Mechanical Conservative Limit (beta->0),0.2621212121212121,142579.79361842075,0,1.532533031209257e-08,4.878204147371183e-09,3.2531237640844575,3.2531237640844575,False,0.03865327533452694,-5.923742121458858e-10,33924461969813.555,1.9694131534726852e+16,CONVERGED
S6,S6_alpha00,Uncoupled Mechanical Conservative Limit (beta->0),0.2621212121212121,142579.79361842075,1,0.5914740745150682,0.18827204533955427,5.7288124887059036e-08,5.7288124887059036e-08,True,0.8301196114625773,-0.557585254547658,33924461969813.555,1.9694131534726852e+16,CONVERGED
S6,S6_alpha00,Uncoupled Mechanical Conservative Limit (beta->0),0.2621212121212121,142579.79361842075,2,0.5914741968380408,0.1882720842761658,2.0997655154541332e-07,2.0997655154541332e-07,True,0.8301194165074479,0.5575852709535281,33924461969813.555,1.9694131534726852e+16,CONVERGED
S6,S6_alpha00,Uncoupled Mechanical Conservative Limit (beta->0),0.2621212121212121,142579.79361842075,3,1.3644547634908444,0.4343194404697017,-9.716677656254648e-07,9.716677656254648e-07,True,0.20488064768661146,-0.9787879563730513,33924461969813.555,1.9694131534726852e+16,CONVERGED
S6,S6_alpha00,Uncoupled Mechanical Conservative Limit (beta->0),0.2621212121212121,142579.79361842075,4,1.3644538475664414,0.43431914892190926,8.212732967836533e-07,8.212732967836533e-07,True,0.20488117684209592,0.9787860138102471,33924461969813.555,1.9694131534726852e+16,CONVERGED
S6,S6_alpha00,Uncoupled Mechanical Conservative Limit (beta->0),0.27979797979797977,152195.0012805493,0,3.771133213087055e-08,1.2003889838416532e-08,3.257591867670297,3.257591867670297,False,0.03848095375841119,1.4511680278961165e-09,38654297281076.72,3.1901561671165504e+16,CONVERGED
S6,S6_alpha00,Uncoupled Mechanical Conservative Limit (beta->0),0.27979797979797977,152195.0012805493,1,0.6305590028871276,0.20071316444116613,-3.0916230692344855e-07,3.0916230692344855e-07,True,0.8076982981705858,0.5895965378605479,38654297281076.72,3.1901561671165504e+16,CONVERGED
S6,S6_alpha00,Uncoupled Mechanical Conservative Limit (beta->0),0.27979797979797977,152195.0012805493,2,0.6305587524847291,0.20071308473560717,-9.728037091982427e-08,9.728037091982427e-08,True,0.8076982746702555,-0.5895962106861384,38654297281076.72,3.1901561671165504e+16,CONVERGED
S6,S6_alpha00,Uncoupled Mechanical Conservative Limit (beta->0),0.27979797979797977,152195.0012805493,3,1.4485438465453857,0.46108582692609207,-3.299510937404353e-06,3.299510937404353e-06,True,0.12194858592190301,-0.9925397430003983,38654297281076.72,3.1901561671165504e+16,CONVERGED
S6,S6_alpha00,Uncoupled Mechanical Conservative Limit (beta->0),0.27979797979797977,152195.0012805493,4,1.4485426872487441,0.46108545791051003,3.2812660468850373e-06,3.2812660468850373e-06,True,0.12194893404843256,0.9925330699648706,38654297281076.72,3.1901561671165504e+16,CONVERGED
S6,S6_alpha00,Uncoupled Mechanical Conservative Limit (beta->0),0.29747474747474745,161810.20894267788,0,3.1774714439683943e-08,1.0114205736818246e-08,3.2623049697306525,3.2623049697306525,False,0.03830001582038831,-1.2169720657282163e-09,43692695939760.164,2.9072135025972428e+16,CONVERGED
S6,S6_alpha00,Uncoupled Mechanical Conservative Limit (beta->0),0.29747474747474745,161810.20894267788,1,0.6695008695268133,0.21310874557902884,-2.400982936985092e-06,2.400982936985092e-06,True,0.7841334039489688,-0.6205961704593469,43692695939760.164,2.9072135025972428e+16,CONVERGED
S6,S6_alpha00,Uncoupled Mechanical Conservative Limit (beta->0),0.29747474747474745,161810.20894267788,2,0.6694983549319855,0.2131079451586354,3.1379250647890234e-06,3.1379250647890234e-06,True,0.7841306212550092,0.6205907612749297,43692695939760.164,2.9072135025972428e+16,CONVERGED
S6,S6_alpha00,Uncoupled Mechanical Conservative Limit (beta->0),0.29747474747474745,161810.20894267788,3,1.5315706481316895,0.48751407868923263,-5.981687816214381e-07,5.981687816214381e-07,True,0.039215643770930377,0.9992313694144667,43692695939760.164,2.9072135025972428e+16,CONVERGED
S6,S6_alpha00,Uncoupled Mechanical Conservative Limit (beta->0),0.29747474747474745,161810.20894267788,4,1.5315709468186636,0.4875141737642493,8.807603428367363e-07,8.807603428367363e-07,True,0.039215287316861004,-0.9992299033363252,43692695939760.164,2.9072135025972428e+16,CONVERGED
S6,S6_alpha00,Uncoupled Mechanical Conservative Limit (beta->0),0.3151515151515151,171425.41660480644,0,4.293492592873765e-08,1.3666611385685965e-08,3.267255498184628,3.267255498184628,False,0.03811087905203442,-1.6362877691781782e-09,49039657945875.19,9684445781886382.0,CONVERGED
S6,S6_alpha00,Uncoupled Mechanical Conservative Limit (beta->0),0.3151515151515151,171425.41660480644,1,0.7082877313423315,0.22545498714895285,-3.5660600190218e-07,3.5660600190218e-07,True,0.7594771491086637,0.6505345288253612,49039657945875.19,9684445781886382.0,CONVERGED
S6,S6_alpha00,Uncoupled Mechanical Conservative Limit (beta->0),0.3151515151515151,171425.41660480644,2,0.7082875552204126,0.22545493108760492,1.8876926212124357e-07,1.8876926212124357e-07,True,0.7594768494820412,-0.6505340402795076,49039657945875.19,9684445781886382.0,CONVERGED
S6,S6_alpha00,Uncoupled Mechanical Conservative Limit (beta->0),0.3151515151515151,171425.41660480644,3,1.6135733285535336,0.5136163425610756,-3.1995229042035845e-06,3.1995229042035845e-06,True,-0.04276409370459458,0.9990884001708292,49039657945875.19,9684445781886382.0,CONVERGED
S6,S6_alpha00,Uncoupled Mechanical Conservative Limit (beta->0),0.3151515151515151,171425.41660480644,4,1.6135714636237368,0.5136157489354842,3.5319038326599767e-06,3.5319038326599767e-06,True,-0.04276194262494022,-0.9990817546528535,49039657945875.19,9684445781886382.0,CONVERGED
S6,S6_alpha00,Uncoupled Mechanical Conservative Limit (beta->0),0.3328282828282828,181040.62426693502,0,5.741167676256225e-08,1.827470429591177e-08,3.2724357367114973,3.2724357367114973,False,0.037913966076511624,2.176704365171438e-09,54695183299410.836,1.875611250873098e+16,CONVERGED
S6,S6_alpha00,Uncoupled Mechanical Conservative Limit (beta->0),0.3328282828282828,181040.62426693502,1,0.7469216586944337,0.23775254816723335,-1.413978378394184e-07,1.413978378394184e-07,True,0.733783819258834,-0.6793832419110988,54695183299410.836,1.875611250873098e+16,CONVERGED
S6,S6_alpha00,Uncoupled Mechanical Conservative Limit (beta->0),0.3328282828282828,181040.62426693502,2,0.7469215864025331,0.2377525251560067,1.7192373035757758e-07,1.7192373035757758e-07,True,0.7337836384624615,0.6793829759990972,54695183299410.836,1.875611250873098e+16,CONVERGED
S6,S6_alpha00,Uncoupled Mechanical Conservative Limit (beta->0),0.3328282828282828,181040.62426693502,3,1.694586902154863,0.5394037639534569,-5.692847208864358e-07,5.692847208864358e-07,True,-0.12347472448213795,0.9923482911680506,54695183299410.836,1.875611250873098e+16,CONVERGED
S6,S6_alpha00,Uncoupled Mechanical Conservative Limit (beta->0),0.3328282828282828,181040.62426693502,4,1.6945869586997646,0.5394037819522581,-5.524708976822881e-07,5.524708976822881e-07,True,-0.12347477851829128,-0.9923482675010143,54695183299410.836,1.875611250873098e+16,CONVERGED
S6,S6_alpha00,Uncoupled Mechanical Conservative Limit (beta->0),0.3505050505050505,190655.83192906357,0,4.7054955491826685e-08,1.497805752698669e-08,3.2778376976876116,3.2778376976876116,False,0.037709708503741425,-1.7744286552533124e-09,60659272000377.78,4.248175091298393e+16,CONVERGED
S6,S6_alpha00,Uncoupled Mechanical Conservative Limit (beta->0),0.3505050505050505,190655.83192906357,1,0.7853944141759244,0.24999880658572346,-7.273279158559875e-08,7.273279158559875e-08,True,0.7071094837115863,0.7071041815112732,60659272000377.78,4.248175091298393e+16,CONVERGED
S6,S6_alpha00,Uncoupled Mechanical Conservative Limit (beta->0),0.3505050505050505,190655.83192906357,2,0.785394475751938,0.24999882618597732,6.351326307390073e-08,6.351326307390073e-08,True,0.7071093438300634,-0.7071041287121007,60659272000377.78,4.248175091298393e+16,CONVERGED
S6,S6_alpha00,Uncoupled Mechanical Conservative Limit (beta->0),0.3505050505050505,190655.83192906357,3,1.7746294014658144,0.564882082798992,-9.205473779969754e-06,9.205473779969754e-06,True,-0.2024263939246181,-0.9793068804821693,60659272000377.78,4.248175091298393e+16,CONVERGED
S6,S6_alpha00,Uncoupled Mechanical Conservative Limit (beta->0),0.3505050505050505,190655.83192906357,4,1.7746345620066026,0.5648837254501429,4.495799720777721e-06,4.495799720777721e-06,True,-0.20242867412539445,0.9792924181942887,60659272000377.78,4.248175091298393e+16,CONVERGED
S6,S6_alpha00,Uncoupled Mechanical Conservative Limit (beta->0),0.36818181818181817,200271.03959119215,0,3.601542152162135e-08,1.1464064725408538e-08,3.283453544949734,3.283453544949734,False,0.03749853006841146,-1.3505253668550322e-09,66931924048768.305,1.6245339266288514e+16,CONVERGED
S6,S6_alpha00,Uncoupled Mechanical Conservative Limit (beta->0),0.36818181818181817,200271.03959119215,1,0.823702926568151,0.26219278480516345,-2.602909210080491e-07,2.602909210080491e-07,True,0.6795093338376827,0.7336672173468337,66931924048768.305,1.6245339266288514e+16,CONVERGED
S6,S6_alpha00,Uncoupled Mechanical Conservative Limit (beta->0),0.36818181818181817,200271.03959119215,2,0.8237028936294855,0.26219277432046056,2.6270766295991554e-07,2.6270766295991554e-07,True,0.6795090026213624,-0.7336668112578989,66931924048768.305,1.6245339266288514e+16,CONVERGED
S6,S6_alpha00,Uncoupled Mechanical Conservative Limit (beta->0),0.36818181818181817,200271.03959119215,3,1.8537983238117226,0.5900823334602113,-1.037640638653749e-06,1.037640638653749e-06,True,-0.27923977428422964,0.9602224865837725,66931924048768.305,1.6245339266288514e+16,CONVERGED
S6,S6_alpha00,Uncoupled Mechanical Conservative Limit (beta->0),0.36818181818181817,200271.03959119215,4,1.853798997964591,0.5900825480497341,9.093465231043369e-07,9.093465231043369e-07,True,-0.279239877943923,-0.9602204287945922,66931924048768.305,1.6245339266288514e+16,CONVERGED
S6,S6_alpha00,Uncoupled Mechanical Conservative Limit (beta->0),0.38585858585858585,209886.2472533207,0,3.7210012685907836e-08,1.1844314902948731e-08,3.289275270257888,3.289275270257888,False,0.03728085815472452,1.3872212048788306e-09,73513139444584.27,2.694334713539882e+16,CONVERGED
S6,S6_alpha00,Uncoupled Mechanical Conservative Limit (beta->0),0.38585858585858585,209886.2472533207,1,0.8618426385600046,0.2743330321883729,-1.718522945990164e-07,1.718522945990164e-07,True,0.6510400432925287,-0.7590436125377188,73513139444584.27,2.694334713539882e+16,CONVERGED
S6,S6_alpha00,Uncoupled Mechanical Conservative Limit (beta->0),0.38585858585858585,209886.2472533207,2,0.8618426666619105,0.2743330411334874,1.7259425667582453e-07,1.7259425667582453e-07,True,0.6510397977135047,0.7590433693832686,73513139444584.27,2.694334713539882e+16,CONVERGED
S6,S6_alpha00,Uncoupled Mechanical Conservative Limit (beta->0),0.38585858585858585,209886.2472533207,3,1.9320745756284734,0.614998438266895,-4.501558781856685e-06,4.501558781856685e-06,True,-0.3534718453493012,-0.93544997605615,73513139444584.27,2.694334713539882e+16,CONVERGED
S6,S6_alpha00,Uncoupled Mechanical Conservative Limit (beta->0),0.38585858585858585,209886.2472533207,4,1.9320735614886904,0.6149981154561761,5.225739769023976e-06,5.225739769023976e-06,True,-0.35346745837186533,0.9354412351651022,73513139444584.27,2.694334713539882e+16,CONVERGED
S6,S6_alpha00,Uncoupled Mechanical Conservative Limit (beta->0),0.4035353535353535,219501.45491544926,0,1.53428277212159e-08,4.883773745677741e-09,3.2952948134507314,3.2952948134507314,False,0.037057118499653,5.685609849848587e-10,80402918187825.8,1.957160355353876e+16,CONVERGED
S6,S6_alpha00,Uncoupled Mechanical Conservative Limit (beta->0),0.4035353535353535,219501.45491544926,1,0.899810774992196,0.2864186653747144,-1.090157786936364e-07,1.090157786936364e-07,True,0.6217582499631079,0.7832093568353193,80402918187825.8,1.957160355353876e+16,CONVERGED
S6,S6_alpha00,Uncoupled Mechanical Conservative Limit (beta->0),0.4035353535353535,219501.45491544926,2,0.8998107691947982,0.28641866352934536,8.881714840785154e-08,8.881714840785154e-08,True,0.6217581314994408,-0.7832091982861559,80402918187825.8,1.957160355353876e+16,CONVERGED
S6,S6_alpha00,Uncoupled Mechanical Conservative Limit (beta->0),0.4035353535353535,219501.45491544926,3,2.0095405815853162,0.6396566338061306,-2.193926039771892e-06,2.193926039771892e-06,True,-0.42480392395393285,0.9052878073049738,80402918187825.8,1.957160355353876e+16,CONVERGED
S6,S6_alpha00,Uncoupled Mechanical Conservative Limit (beta->0),0.4035353535353535,219501.45491544926,4,2.009542648856207,0.6396572918388925,3.094585278438316e-06,3.094585278438316e-06,True,-0.4248035488438403,-0.9052821415107419,80402918187825.8,1.957160355353876e+16,CONVERGED
S6,S6_alpha00,Uncoupled Mechanical Conservative Limit (beta->0),0.4212121212121212,229116.66257757787,0,2.2417611887163602e-08,7.135747488315439e-09,3.3015042245868673,3.3015042245868673,False,0.03682772854069548,-8.255897251111294e-10,87601260278495.81,1.9821318851296548e+16,CONVERGED
S6,S6_alpha00,Uncoupled Mechanical Conservative Limit (beta->0),0.4212121212121212,229116.66257757787,1,0.9376046949941306,0.29844884374896946,-1.383899461251287e-07,1.383899461251287e-07,True,0.5917207610805321,0.8061431744338015,87601260278495.81,1.9821318851296548e+16,CONVERGED
S6,S6_alpha00,Uncoupled Mechanical Conservative Limit (beta->0),0.4212121212121212,229116.66257757787,2,0.9376047168355574,0.29844885070131155,1.2938575968898898e-07,1.2938575968898898e-07,True,0.5917205850247963,-0.8061429714922949,87601260278495.81,1.9821318851296548e+16,CONVERGED
S6,S6_alpha00,Uncoupled Mechanical Conservative Limit (beta->0),0.4212121212121212,229116.66257757787,3,2.0862092137825203,0.6640610173946895,8.16738841178189e-07,8.16738841178189e-07,True,-0.49289373701813327,0.8700885762564355,87601260278495.81,1.9821318851296548e+16,CONVERGED
S6,S6_alpha00,Uncoupled Mechanical Conservative Limit (beta->0),0.4212121212121212,229116.66257757787,4,2.0862090929480317,0.6640609789318772,5.465920648524824e-06,5.465920648524824e-06,True,-0.49289134033464205,-0.8700845906241389,87601260278495.81,1.9821318851296548e+16,CONVERGED
S6,S6_alpha00,Uncoupled Mechanical Conservative Limit (beta->0),0.4388888888888889,238731.87023970645,0,4.259170430234147e-08,1.3557360548851981e-08,3.3078956067662646,3.3078956067662646,False,0.036593099054862785,1.5585624544510078e-09,95108165716592.14,4.0785009526012744e+16,CONVERGED
S6,S6_alpha00,Uncoupled Mechanical Conservative Limit (beta->0),0.4388888888888889,238731.87023970645,1,0.9752218713365409,0.3104227628690777,-4.914178580666162e-08,4.914178580666162e-08,True,0.5609844239821598,0.8278264155805738,95108165716592.14,4.0785009526012744e+16,CONVERGED
S6,S6_alpha00,Uncoupled Mechanical Conservative Limit (beta->0),0.4388888888888889,238731.87023970645,2,0.9752218979103064,0.31042277132776996,3.238443680309039e-08,3.238443680309039e-08,True,0.5609843562487572,-0.8278263629984829,95108165716592.14,4.0785009526012744e+16,CONVERGED
S6,S6_alpha00,Uncoupled Mechanical Conservative Limit (beta->0),0.4388888888888889,238731.87023970645,3,2.1621643767909005,0.6882382966869582,-4.096620252407739e-09,4.096620252407739e-09,True,-0.5574972726031154,-0.8301787754654585,95108165716592.14,4.0785009526012744e+16,CONVERGED
S6,S6_alpha00,Uncoupled Mechanical Conservative Limit (beta->0),0.4388888888888889,238731.87023970645,4,2.1621639656435985,0.6882381658147073,4.70470177603507e-08,4.70470177603507e-08,True,-0.5574969027648838,0.8301789622205146,95108165716592.14,4.0785009526012744e+16,CONVERGED
S6,S6_alpha00,Uncoupled Mechanical Conservative Limit (beta->0),0.45656565656565656,248347.077901835,0,5.019821355634761e-08,1.5978587643750626e-08,3.314460976894993,3.314460976894993,False,0.03635363874832467,-1.8248877214387166e-09,102923634502112.95,1.8479116068819824e+16,CONVERGED
S6,S6_alpha00,Uncoupled Mechanical Conservative Limit (beta->0),0.45656565656565656,248347.077901835,1,1.0126604545692686,0.32233983403676963,-1.7372286023773793e-08,1.7372286023773793e-08,True,0.5296058933232429,-0.8482438520271529,102923634502112.95,1.8479116068819824e+16,CONVERGED
S6,S6_alpha00,Uncoupled Mechanical Conservative Limit (beta->0),0.45656565656565656,248347.077901835,2,1.0126604273558224,0.32233982537446065,3.1002976235038066e-08,3.1002976235038066e-08,True,0.5296058907870567,0.848243796580734,102923634502112.95,1.8479116068819824e+16,CONVERGED
S6,S6_alpha00,Uncoupled Mechanical Conservative Limit (beta->0),0.45656565656565656,248347.077901835,3,2.2374152853792744,0.7121914048349504,-4.880816193873298e-07,4.880816193873298e-07,True,-0.618332610988629,-0.785917144711642,102923634502112.95,1.8479116068819824e+16,CONVERGED
S6,S6_alpha00,Uncoupled Mechanical Conservative Limit (beta->0),0.45656565656565656,248347.077901835,4,2.237413044371319,0.7121906914999632,1.2786470842391759e-06,1.2786470842391759e-06,True,-0.6183297573186072,0.785917141894369,102923634502112.95,1.8479116068819824e+16,CONVERGED
S6,S6_alpha00,Uncoupled Mechanical Conservative Limit (beta->0),0.4742424242424242,257962.28556396352,0,1.0116070572600301e-07,3.220045272591596e-08,3.3211926722913514,3.3211926722913514,False,0.03610973897624849,-3.6528866784190667e-09,111047666635060.98,1.46643950249884e+16,CONVERGED
S6,S6_alpha00,Uncoupled Mechanical Conservative Limit (beta->0),0.4742424242424242,257962.28556396352,1,1.0499184946474982,0.334199436533502,-1.750376696553366e-08,1.750376696553366e-08,True,0.4976417545853115,-0.8673826831916736,111047666635060.98,1.46643950249884e+16,CONVERGED
S6,S6_alpha00,Uncoupled Mechanical Conservative Limit (beta->0),0.4742424242424242,257962.28556396352,2,1.0499185191762825,0.33419944434125654,4.9779090035556326e-08,4.9779090035556326e-08,True,0.4976416998267121,0.8673826370382367,111047666635060.98,1.46643950249884e+16,CONVERGED
S6,S6_alpha00,Uncoupled Mechanical Conservative Limit (beta->0),0.4742424242424242,257962.28556396352,3,2.3120174001409635,0.7359379954938137,-4.4325440849239233e-07,4.4325440849239233e-07,True,-0.675189432270305,0.7376449803663773,111047666635060.98,1.46643950249884e+16,CONVERGED
S6,S6_alpha00,Uncoupled Mechanical Conservative Limit (beta->0),0.4742424242424242,257962.28556396352,4,2.312017972075342,0.7359381775461806,2.287555315963436e-07,2.287555315963436e-07,True,-0.6751894004205771,-0.7376440984978753,111047666635060.98,1.46643950249884e+16,CONVERGED
S6,S6_alpha00,Uncoupled Mechanical Conservative Limit (beta->0),0.49191919191919187,267577.4932260921,0,1.1148928066091829e-07,3.54881402378896e-08,3.3280827785918876,3.3280827785918876,False,0.035861794200050895,-3.9982056385735825e-09,119480262115431.89,1.4518779662384846e+16,CONVERGED
S6,S6_alpha00,Uncoupled Mechanical Conservative Limit (beta->0),0.49191919191919187,267577.4932260921,1,1.0869955647650826,0.34600143450265874,-5.559521122194663e-08,5.559521122194663e-08,True,0.46514711452888574,-0.885233456798759,119480262115431.89,1.4518779662384846e+16,CONVERGED
S6,S6_alpha00,Uncoupled Mechanical Conservative Limit (beta->0),0.49191919191919187,267577.4932260921,2,1.0869955678052428,0.34600143547037177,8.608983445491217e-08,8.608983445491217e-08,True,0.46514704593324907,0.8852333327885467,119480262115431.89,1.4518779662384846e+16,CONVERGED
S6,S6_alpha00,Uncoupled Mechanical Conservative Limit (beta->0),0.49191919191919187,267577.4932260921,3,2.3860228336718827,0.7594946566180227,-1.358057424591181e-07,1.358057424591181e-07,True,-0.7278810326883509,0.685703634133626,119480262115431.89,1.4518779662384846e+16,CONVERGED
S6,S6_alpha00,Uncoupled Mechanical Conservative Limit (beta->0),0.49191919191919187,267577.4932260921,4,2.3860219886071112,0.7594943876255514,6.806822956865236e-07,6.806822956865236e-07,True,-0.7278798589186657,-0.6857036893709109,119480262115431.89,1.4518779662384846e+16,CONVERGED
S6,S6_alpha00,Uncoupled Mechanical Conservative Limit (beta->0),0.5095959595959596,277192.70088822074,0,1.9880635980178292e-08,6.328202976111926e-09,3.335124506021834,3.335124506021834,False,0.03561015225695614,-7.079524742192696e-10,128221420943235.06,1.5435260461106462e+16,CONVERGED
S6,S6_alpha00,Uncoupled Mechanical Conservative Limit (beta->0),0.5095959595959596,277192.70088822074,1,1.123890291289576,0.3577453907034523,-6.725440527615855e-08,6.725440527615855e-08,True,0.43217753438044226,-0.9017886189599319,128221420943235.06,1.5435260461106462e+16,CONVERGED
S6,S6_alpha00,Uncoupled Mechanical Conservative Limit (beta->0),0.5095959595959596,277192.70088822074,2,1.1238902591495885,0.35774538047297655,4.215064205784647e-08,4.215064205784647e-08,True,0.43217751608151284,0.9017885064095312,128221420943235.06,1.5435260461106462e+16,CONVERGED
S6,S6_alpha00,Uncoupled Mechanical Conservative Limit (beta->0),0.5095959595959596,277192.70088822074,3,2.4594699997266747,0.7828736156854456,-2.10332988295418e-06,2.10332988295418e-06,True,-0.7762378907560533,0.6304434499804145,128221420943235.06,1.5435260461106462e+16,CONVERGED
S6,S6_alpha00,Uncoupled Mechanical Conservative Limit (beta->0),0.5095959595959596,277192.70088822074,4,2.459470341290463,0.7828737244085762,1.8107448641705012e-06,1.8107448641705012e-06,True,-0.7762350678446384,-0.6304407172487029,128221420943235.06,1.5435260461106462e+16,CONVERGED
S6,S6_alpha00,Uncoupled Mechanical Conservative Limit (beta->0),0.5272727272727272,286807.90855034924,0,1.8372065540191842e-08,5.848010091059608e-09,3.3423096509246846,3.3423096509246846,False,0.03535520516570442,-6.495481464912509e-10,137271143118461.4,1.4107676299677514e+16,CONVERGED
S6,S6_alpha00,Uncoupled Mechanical Conservative Limit (beta->0),0.5272727272727272,286807.90855034924,1,1.1606024711434408,0.3694312404942949,-3.2806877520725496e-08,3.2806877520725496e-08,True,0.39878712263096827,0.9170435629987652,137271143118461.4,1.4107676299677514e+16,CONVERGED
S6,S6_alpha00,Uncoupled Mechanical Conservative Limit (beta->0),0.5272727272727272,286807.90855034924,2,1.1606024216209951,0.3694312247308108,3.808840960080655e-08,3.808840960080655e-08,True,0.39878713977307806,-0.9170434782357875,137271143118461.4,1.4107676299677514e+16,CONVERGED
S6,S6_alpha00,Uncoupled Mechanical Conservative Limit (beta->0),0.5272727272727272,286807.90855034924,3,2.5324182026618955,0.8060937498590678,-6.786542002350174e-07,6.786542002350174e-07,True,-0.8201212252625473,-0.5721909936229159,137271143118461.4,1.4107676299677514e+16,CONVERGED
S6,S6_alpha00,Uncoupled Mechanical Conservative Limit (beta->0),0.5272727272727272,286807.90855034924,4,2.5324179527266937,0.8060936703022221,1.0870877101299071e-06,1.0870877101299071e-06,True,-0.8201196341309622,0.5721901882589738,137271143118461.4,1.4107676299677514e+16,CONVERGED
S6,S6_alpha00,Uncoupled Mechanical Conservative Limit (beta->0),0.544949494949495,296423.11621247785,0,1.6236007510101048e-06,5.168081702619435e-07,3.6449577340348167,3.6449577340348167,False,0.026122513923815358,-4.24125332250158e-08,146629428641108.9,1.5054921779710176e+16,CONVERGED
S6,S6_alpha00,Uncoupled Mechanical Conservative Limit (beta->0),0.544949494949495,296423.11621247785,1,2.6049140060652185,0.829169880789182,1.2512509777634788e-06,1.2512509777634788e-06,True,-0.8594104988821082,0.5112837684812434,146629428641108.9,1.5054921779710176e+16,CONVERGED
S6,S6_alpha00,Uncoupled Mechanical Conservative Limit (beta->0),0.544949494949495,296423.11621247785,2,1.1972547999745105,0.3810980391128835,2.4618126730525004e-05,2.4618126730525004e-05,True,0.3649060361864333,-0.9310179105223104,146629428641108.9,1.5054921779710176e+16,CONVERGED
S6,S6_alpha00,Uncoupled Mechanical Conservative Limit (beta->0),0.544949494949495,296423.11621247785,3,2.6049165908865572,0.8291707035633681,-9.724840423861434e-07,9.724840423861434e-07,True,-0.8594137315627188,-0.5112826840128847,146629428641108.9,1.5054921779710176e+16,CONVERGED
S6,S6_alpha00,Uncoupled Mechanical Conservative Limit (beta->0),0.544949494949495,296423.11621247785,4,1.3886359054837932e-05,4.420165370252713e-06,3.349623716787099,3.349623716787099,False,0.03509755823503656,-4.873772956311287e-07,146629428641108.9,1.5054921779710176e+16,CONVERGED
S6,S6_alpha00,Uncoupled Mechanical Conservative Limit (beta->0),0.5626262626262627,306038.32387460646,0,1.2335410651374594,0.3926483160469366,0.00016261927462018393,0.00016261927462018393,True,0.33084441828108274,0.9435130021506514,156296277511188.88,2.7319585552642824e+16,CONVERGED
S6,S6_alpha00,Uncoupled Mechanical Conservative Limit (beta->0),0.5626262626262627,306038.32387460646,1,2.6770603320978275,0.8521347696172004,6.235194763538872e-05,6.235194763538872e-05,True,-0.8939754427082647,-0.44797679818769515,156296277511188.88,2.7319585552642824e+16,CONVERGED
S6,S6_alpha00,Uncoupled Mechanical Conservative Limit (beta->0),0.5626262626262627,306038.32387460646,2,1.233470852829808,0.3926259667752794,8.446109459074912e-05,8.446109459074912e-05,True,0.33093652807668517,-0.9435635148000995,156296277511188.88,2.7319585552642824e+16,CONVERGED
S6,S6_alpha00,Uncoupled Mechanical Conservative Limit (beta->0),0.5626262626262627,306038.32387460646,3,2.677044178428174,0.8521296277444516,-5.29690642484902e-05,5.29690642484902e-05,True,-0.8940713053851808,0.4480429048952539,156296277511188.88,2.7319585552642824e+16,CONVERGED
S6,S6_alpha00,Uncoupled Mechanical Conservative Limit (beta->0),0.5626262626262627,306038.32387460646,4,4.250223288844709e-06,1.3528880913278559e-06,3.3570971715598974,3.3570971715598974,False,0.03483623593049036,1.480617812483505e-07,156296277511188.88,2.7319585552642824e+16,CONVERGED
S6,S6_alpha00,Uncoupled Mechanical Conservative Limit (beta->0),0.5803030303030303,315653.531536735,0,1.2697001479806147,0.40415810959125165,1.7820520725786294e-05,1.7820520725786294e-05,True,0.29656196358609305,-0.9549949535718205,166271689728690.78,2.0417264337047588e+16,CONVERGED
S6,S6_alpha00,Uncoupled Mechanical Conservative Limit (beta->0),0.5803030303030303,315653.531536735,1,2.7488407846870846,0.8749831973111077,1.7237721638213253e-06,1.7237721638213253e-06,True,-0.9238577379140759,0.38273154110668983,166271689728690.78,2.0417264337047588e+16,CONVERGED
S6,S6_alpha00,Uncoupled Mechanical Conservative Limit (beta->0),0.5803030303030303,315653.531536735,2,1.269571416448776,0.4041171330720038,-2.6787411731733925e-05,2.6787411731733925e-05,True,0.2966981338868673,0.9549993683802469,166271689728690.78,2.0417264337047588e+16,CONVERGED
S6,S6_alpha00,Uncoupled Mechanical Conservative Limit (beta->0),0.5803030303030303,315653.531536735,3,2.748839457812833,0.8749827749539157,-1.8937442350490604e-06,1.8937442350490604e-06,True,-0.9238605721513603,-0.382734151493963,166271689728690.78,2.0417264337047588e+16,CONVERGED
S6,S6_alpha00,Uncoupled Mechanical Conservative Limit (beta->0),0.5803030303030303,315653.531536735,4,7.534961612183134e-06,2.3984527731732454e-06,3.364655484911111,3.364655484911111,False,0.03457392530440728,-2.6051319995612624e-07,166271689728690.78,2.0417264337047588e+16,CONVERGED
S6,S6_alpha00,Uncoupled Mechanical Conservative Limit (beta->0),0.5979797979797981,325268.7391988636,0,1.3056593320185759,0.41560427336963707,2.910504611386244e-05,2.910504611386244e-05,True,0.26203385170437454,-0.9650285240151799,176555665293623.84,4.901904326485862e+16,CONVERGED
S6,S6_alpha00,Uncoupled Mechanical Conservative Limit (beta->0),0.5979797979797981,325268.7391988636,1,2.820462303888774,0.8977810349365077,9.42259545647335e-06,9.42259545647335e-06,True,-0.948870300662861,-0.3156363532716538,176555665293623.84,4.901904326485862e+16,CONVERGED
S6,S6_alpha00,Uncoupled Mechanical Conservative Limit (beta->0),0.5979797979797981,325268.7391988636,2,1.3055761697823471,0.4155778020076883,1.544587158430063e-05,1.544587158430063e-05,True,0.2621176850150112,0.9650199106424425,176555665293623.84,4.901904326485862e+16,CONVERGED
S6,S6_alpha00,Uncoupled Mechanical Conservative Limit (beta->0),0.5979797979797981,325268.7391988636,3,2.8204616954600508,0.89778084126763,-5.8055515028743315e-06,5.8055515028743315e-06,True,-0.9488845582639418,0.31564173719370336,176555665293623.84,4.901904326485862e+16,CONVERGED
S6,S6_alpha00,Uncoupled Mechanical Conservative Limit (beta->0),0.5979797979797981,325268.7391988636,4,4.627612428643643e-06,1.4730147854642531e-06,3.3723479112230974,3.3723479112230974,False,0.03430898824314127,-1.587687004092825e-07,176555665293623.84,4.901904326485862e+16,CONVERGED
S6,S6_alpha00,Uncoupled Mechanical Conservative Limit (beta->0),0.6156565656565657,334883.9468609921,0,1.341432196972612,0.4269911299416244,1.2255159225132767e-08,1.2255159225132767e-08,True,0.22735834927779497,-0.9738111503281106,187148204205978.12,4.7494711200907224e+16,CONVERGED
S6,S6_alpha00,Uncoupled Mechanical Conservative Limit (beta->0),0.6156565656565657,334883.9468609921,1,2.8921562950963633,0.9206019411178571,-6.632932138893892e-08,6.632932138893892e-08,True,-0.9690517792123953,0.2468578171011457,187148204205978.12,4.7494711200907224e+16,CONVERGED
S6,S6_alpha00,Uncoupled Mechanical Conservative Limit (beta->0),0.6156565656565657,334883.9468609921,2,1.3414321619313034,0.42699111878762946,-6.463595681870667e-08,6.463595681870667e-08,True,0.22735840088325213,0.9738112172386044,187148204205978.12,4.7494711200907224e+16,CONVERGED
S6,S6_alpha00,Uncoupled Mechanical Conservative Limit (beta->0),0.6156565656565657,334883.9468609921,3,2.8921561307549815,0.9206018888063706,-1.3079712915286009e-07,1.3079712915286009e-07,True,-0.9690518011160706,-0.24685799227084404,187148204205978.12,4.7494711200907224e+16,CONVERGED
S6,S6_alpha00,Uncoupled Mechanical Conservative Limit (beta->0),0.6156565656565657,334883.9468609921,4,5.111825422086771e-08,1.6271445682958477e-08,3.3801444948527473,3.3801444948527473,False,0.03404253540805825,1.7401949793120136e-09,187148204205978.12,4.7494711200907224e+16,CONVERGED
S6,S6_alpha00,Uncoupled Mechanical Conservative Limit (beta->0),0.6333333333333333,344499.15452312067,0,1.377044105330505,0.4383267524378129,7.250925263553086e-05,7.250925263553086e-05,True,0.19252829362428234,0.9812175335589587,198049306465762.34,1.1586226157703398e+16,CONVERGED
S6,S6_alpha00,Uncoupled Mechanical Conservative Limit (beta->0),0.6333333333333333,344499.15452312067,1,2.9644187948440504,0.9436038091878997,6.74410485645291e-07,6.74410485645291e-07,True,-0.9843450621111645,0.1762482620547112,198049306465762.34,1.1586226157703398e+16,CONVERGED
S6,S6_alpha00,Uncoupled Mechanical Conservative Limit (beta->0),0.6333333333333333,344499.15452312067,2,1.3770676926843286,0.4383342605257239,6.273404732375146e-05,6.273404732375146e-05,True,0.19250703103213948,-0.9812316662130995,198049306465762.34,1.1586226157703398e+16,CONVERGED
S6,S6_alpha00,Uncoupled Mechanical Conservative Limit (beta->0),0.6333333333333333,344499.15452312067,3,2.9644182595571777,0.9436036388007961,-6.219861152388264e-07,6.219861152388264e-07,True,-0.9843462438699399,-0.1762490174501552,198049306465762.34,1.1586226157703398e+16,CONVERGED
S6,S6_alpha00,Uncoupled Mechanical Conservative Limit (beta->0),0.6333333333333333,344499.15452312067,4,9.95602660391548e-07,3.1691016951351285e-07,3.3880527077224407,3.3880527077224407,False,0.033774381498035196,-3.362586407253403e-08,198049306465762.34,1.1586226157703398e+16,CONVERGED
S6,S6_alpha00,Uncoupled Mechanical Conservative Limit (beta->0),0.651010101010101,354114.3621852493,0,1.4125036764882926,0.4496138844971743,3.545445780220692e-07,3.545445780220692e-07,True,0.15763237713619943,0.9874975061181098,209258972072967.62,1.7688358212511006e+16,CONVERGED
S6,S6_alpha00,Uncoupled Mechanical Conservative Limit (beta->0),0.651010101010101,354114.3621852493,1,3.039322509384728,0.9674464020380859,1.507902862253638e-06,1.507902862253638e-06,True,-0.9947734652944292,-0.10209180645348598,209258972072967.62,1.7688358212511006e+16,CONVERGED
S6,S6_alpha00,Uncoupled Mechanical Conservative Limit (beta->0),0.651010101010101,354114.3621852493,2,1.4125038330858168,0.44961393434371444,-7.92192677331356e-08,7.92192677331356e-08,True,0.15763229087170663,-0.9874979591437573,209258972072967.62,1.7688358212511006e+16,CONVERGED
S6,S6_alpha00,Uncoupled Mechanical Conservative Limit (beta->0),0.651010101010101,354114.3621852493,3,3.039276340101264,0.9674317058987213,-5.314894491130575e-05,5.314894491130575e-05,True,-0.9948231231387257,0.10214331700192306,209258972072967.62,1.7688358212511006e+16,CONVERGED
S6,S6_alpha00,Uncoupled Mechanical Conservative Limit (beta->0),0.651010101010101,354114.3621852493,4,9.527008247520463e-08,3.032540910940274e-08,3.3960455888164005,3.3960455888164005,False,0.03350550287162746,3.1920720219531633e-09,209258972072967.62,1.7688358212511006e+16,CONVERGED
S6,S6_alpha00,Uncoupled Mechanical Conservative Limit (beta->0),0.6686868686868687,363729.5698473778,0,1.4477759862389963,0.4608414093993602,-4.648907928151554e-09,4.648907928151554e-09,True,0.1227102774530561,0.992442540959027,220777201027601.97,4.139502939630802e+16,CONVERGED
S6,S6_alpha00,Uncoupled Mechanical Conservative Limit (beta->0),0.6686868686868687,363729.5698473778,1,1.1022315155065817e-06,3.5085118824908715e-07,3.7946977635982244,3.7946977635982244,False,0.022489701996252068,-2.478885831463035e-08,220777201027601.97,4.139502939630802e+16,CONVERGED
S6,S6_alpha00,Uncoupled Mechanical Conservative Limit (beta->0),0.6686868686868687,363729.5698473778,2,1.447776231112167,0.46084148734491126,-1.2564788706097256e-07,1.2564788706097256e-07,True,0.12271004927829048,-0.9924426910919971,220777201027601.97,4.139502939630802e+16,CONVERGED
S6,S6_alpha00,Uncoupled Mechanical Conservative Limit (beta->0),0.6686868686868687,363729.5698473778,3,3.1415902363833683,0.9999992305792981,0.0249558246484825,0.0249558246484825,False,-0.9753529976353396,2.3576295323274113e-06,220777201027601.97,4.139502939630802e+16,CONVERGED
S6,S6_alpha00,Uncoupled Mechanical Conservative Limit (beta->0),0.6686868686868687,363729.5698473778,4,1.1068250383693808e-07,3.523133519887274e-08,3.4041357989220806,3.4041357989220806,False,0.033235529855421414,3.678591660745366e-09,220777201027601.97,4.139502939630802e+16,CONVERGED
S6,S6_alpha00,Uncoupled Mechanical Conservative Limit (beta->0),0.6863636363636364,373344.7775095064,0,1.4828740105171232,0.4720134575126067,-2.7667264357929644e-08,2.7667264357929644e-08,True,0.08780908434229856,0.9961373499881918,232603993329668.5,1.386403707462298e+16,CONVERGED
S6,S6_alpha00,Uncoupled Mechanical Conservative Limit (beta->0),0.6863636363636364,373344.7775095064,1,0.00017489297352557011,5.567016249726894e-05,3.815617612438059,3.815617612438059,False,0.022024107552484355,-3.851861698373962e-06,232603993329668.5,1.386403707462298e+16,CONVERGED
S6,S6_alpha00,Uncoupled Mechanical Conservative Limit (beta->0),0.6863636363636364,373344.7775095064,2,1.4828742192827962,0.4720135239647843,-1.65569251385701e-07,1.65569251385701e-07,True,0.0878088884920319,-0.9961375056890246,232603993329668.5,1.386403707462298e+16,CONVERGED
S6,S6_alpha00,Uncoupled Mechanical Conservative Limit (beta->0),0.6863636363636364,373344.7775095064,3,3.1415825438206046,0.9999967819605202,0.04523008048911708,0.04523008048911708,False,-0.9557775507179351,-9.66269043390286e-06,232603993329668.5,1.386403707462298e+16,CONVERGED
S6,S6_alpha00,Uncoupled Mechanical Conservative Limit (beta->0),0.6863636363636364,373344.7775095064,4,6.913763743105856e-08,2.200719350169644e-08,3.4123116787681824,3.4123116787681824,False,0.03296490795026756,2.279115853813822e-09,232603993329668.5,1.386403707462298e+16,CONVERGED
S6,S6_alpha00,Uncoupled Mechanical Conservative Limit (beta->0),0.704040404040404,382959.98517163494,0,1.5178268996752236,0.4831393076823163,6.644386350705347e-05,6.644386350705347e-05,True,0.05294114294493562,-0.9985310994084524,244739348979149.4,1.193392585195965e+16,CONVERGED
S6,S6_alpha00,Uncoupled Mechanical Conservative Limit (beta->0),0.704040404040404,382959.98517163494,1,3.063298964665084,0.9750783447894666,-4.281584450612387e-06,4.281584450612387e-06,True,-0.9969408829488151,0.07821405954687552,244739348979149.4,1.193392585195965e+16,CONVERGED
S6,S6_alpha00,Uncoupled Mechanical Conservative Limit (beta->0),0.704040404040404,382959.98517163494,2,1.517831274397472,0.48314070019965727,5.8804360102293194e-05,5.8804360102293194e-05,True,0.05293717906042746,0.9985389593143345,244739348979149.4,1.193392585195965e+16,CONVERGED
S6,S6_alpha00,Uncoupled Mechanical Conservative Limit (beta->0),0.704040404040404,382959.98517163494,3,3.0633083542016726,0.9750813335717896,1.4865048757985421e-05,1.4865048757985421e-05,True,-0.9969225294059003,-0.07820320138818372,244739348979149.4,1.193392585195965e+16,CONVERGED
S6,S6_alpha00,Uncoupled Mechanical Conservative Limit (beta->0),0.704040404040404,382959.98517163494,4,1.4395739985272182e-07,4.582306356243433e-08,3.4205685289902767,3.4205685289902767,False,0.03269384225715422,-4.706520522534996e-09,244739348979149.4,1.193392585195965e+16,CONVERGED
S6,S6_alpha00,Uncoupled Mechanical Conservative Limit (beta->0),0.7217171717171718,392575.19283376355,0,1.5525556886052505,0.49419382453393407,8.528314066493853e-08,8.528314066493853e-08,True,0.018239625144070997,0.9998335589028491,257183267976062.22,1.3027960844552114e+16,CONVERGED
S6,S6_alpha00,Uncoupled Mechanical Conservative Limit (beta->0),0.7217171717171718,392575.19283376355,1,2.9872160915616246,0.9508604141113688,-8.040350779048564e-05,8.040350779048564e-05,True,-0.9881870356862903,0.15377646909480205,257183267976062.22,1.3027960844552114e+16,CONVERGED
S6,S6_alpha00,Uncoupled Mechanical Conservative Limit (beta->0),0.7217171717171718,392575.19283376355,2,1.5525556014339885,0.4941937967864596,-3.920628806608242e-08,3.920628806608242e-08,True,0.01823971457147557,-0.9998336817815903,257183267976062.22,1.3027960844552114e+16,CONVERGED
S6,S6_alpha00,Uncoupled Mechanical Conservative Limit (beta->0),0.7217171717171718,392575.19283376355,3,2.987240370740065,0.9508681424138948,9.688549744392586e-05,9.688549744392586e-05,True,-0.9880155891321423,-0.15372522047264944,257183267976062.22,1.3027960844552114e+16,CONVERGED
S6,S6_alpha00,Uncoupled Mechanical Conservative Limit (beta->0),0.7217171717171718,392575.19283376355,4,4.301085256282068e-09,1.3690779583939252e-09,3.428897444233305,3.428897444233305,False,0.03242266887371427,-1.3945266306204797e-10,257183267976062.22,1.3027960844552114e+16,CONVERGED
S6,S6_alpha00,Uncoupled Mechanical Conservative Limit (beta->0),0.7393939393939394,402190.40049589204,0,1.5871441814112996,0.5052036837422964,-3.7320796272559593e-08,3.7320796272559593e-08,True,-0.016347127069125597,0.9998664141164965,269935750320404.16,2.1316885430114256e+16,CONVERGED
S6,S6_alpha00,Uncoupled Mechanical Conservative Limit (beta->0),0.7393939393939394,402190.40049589204,1,2.91573380754266,0.9281068964211349,-3.2056845824189673e-06,3.2056845824189673e-06,True,-0.9746052578352312,0.22394419570428742,269935750320404.16,2.1316885430114256e+16,CONVERGED
S6,S6_alpha00,Uncoupled Mechanical Conservative Limit (beta->0),0.7393939393939394,402190.40049589204,2,1.5871441580924726,0.5052036763196832,-4.643899098042826e-08,4.643899098042826e-08,True,-0.016347103902469632,-0.9998664236146687,269935750320404.16,2.1316885430114256e+16,CONVERGED
S6,S6_alpha00,Uncoupled Mechanical Conservative Limit (beta->0),0.7393939393939394,402190.40049589204,3,2.9157299733906377,0.9281056759726409,1.006050381467576e-05,1.006050381467576e-05,True,-0.9745914699921651,-0.2239449615716049,269935750320404.16,2.1316885430114256e+16,CONVERGED
S6,S6_alpha00,Uncoupled Mechanical Conservative Limit (beta->0),0.7393939393939394,402190.40049589204,4,8.27191741611729e-08,2.6330330912460106e-08,3.4372974266342293,3.4372974266342293,False,0.03215145969664254,-2.6595421941825115e-09,269935750320404.16,2.1316885430114256e+16,CONVERGED
S6,S6_alpha00,Uncoupled Mechanical Conservative Limit (beta->0),0.7570707070707071,411805.6081580207,0,1.621567636994748,0.5161610099711167,5.366559410940278e-08,5.366559410940278e-08,True,-0.050749497866952244,0.9987113602713598,282996796012167.94,1.44061042608124e+16,CONVERGED
S6,S6_alpha00,Uncoupled Mechanical Conservative Limit (beta->0),0.7570707070707071,411805.6081580207,1,2.8456826808331313,0.9058089302511784,3.0319417549339946e-06,3.0319417549339946e-06,True,-0.9565342807138358,0.2916095093685049,282996796012167.94,1.44061042608124e+16,CONVERGED
S6,S6_alpha00,Uncoupled Mechanical Conservative Limit (beta->0),0.7570707070707071,411805.6081580207,2,1.6215675255551967,0.5161609744988057,1.3523798227327372e-08,1.3523798227327372e-08,True,-0.05074938860817762,-0.9987114060169234,282996796012167.94,1.44061042608124e+16,CONVERGED
S6,S6_alpha00,Uncoupled Mechanical Conservative Limit (beta->0),0.7570707070707071,411805.6081580207,3,2.8456912470326907,0.9058116569571851,2.5024358973657314e-05,2.5024358973657314e-05,True,-0.9565157423393906,-0.29159490254699816,282996796012167.94,1.44061042608124e+16,CONVERGED
S6,S6_alpha00,Uncoupled Mechanical Conservative Limit (beta->0),0.7570707070707071,411805.6081580207,4,1.5200755013452085e-07,4.838550598239619e-08,3.44576224589876,3.44576224589876,False,0.03188045203486861,-4.846069411001515e-09,282996796012167.94,1.44061042608124e+16,CONVERGED
S6,S6_alpha00,Uncoupled Mechanical Conservative Limit (beta->0),0.7747474747474747,421420.81582014915,0,1.6558285725100312,0.5270666044555367,6.962665627347575e-08,6.962665627347575e-08,True,-0.08492980614250116,0.9963868670226913,296366405051357.1,1.5297724472311208e+16,CONVERGED
S6,S6_alpha00,Uncoupled Mechanical Conservative Limit (beta->0),0.7747474747474747,421420.81582014915,1,2.7761913033204304,0.8836891377843558,-4.4293386000720466e-05,4.4293386000720466e-05,True,-0.9340217943094045,-0.3573400039891503,296366405051357.1,1.5297724472311208e+16,CONVERGED
S6,S6_alpha00,Uncoupled Mechanical Conservative Limit (beta->0),0.7747474747474747,421420.81582014915,2,1.6558284769897975,0.527066574050502,-9.865631175380285e-08,9.865631175380285e-08,True,-0.08492972525961948,-0.9963870428101564,296366405051357.1,1.5297724472311208e+16,CONVERGED
S6,S6_alpha00,Uncoupled Mechanical Conservative Limit (beta->0),0.7747474747474747,421420.81582014915,3,2.7761776322010996,0.8836847861319175,6.19793979848968e-05,6.19793979848968e-05,True,-0.933917653681239,0.35731479822298656,296366405051357.1,1.5297724472311208e+16,CONVERGED
S6,S6_alpha00,Uncoupled Mechanical Conservative Limit (beta->0),0.7747474747474747,421420.81582014915,4,2.2278212321403253e-07,7.091375228404193e-08,3.4542873454549654,3.4542873454549654,False,0.03160982321523536,-7.042103530310466e-09,296366405051357.1,1.5297724472311208e+16,CONVERGED
S6,S6_alpha00,Uncoupled Mechanical Conservative Limit (beta->0),0.7924242424242425,431036.0234822779,0,1.6899296350912232,0.5379213098045021,8.211041779202094e-08,8.211041779202094e-08,True,-0.11885169366847038,0.9929119350130272,310044577437977.75,3.0414453006267984e+16,CONVERGED
S6,S6_alpha00,Uncoupled Mechanical Conservative Limit (beta->0),0.7924242424242425,431036.0234822779,1,2.7067617110731423,0.8615890121783345,-8.21339901595661e-07,8.21339901595661e-07,True,-0.9069420168289013,-0.4212574281736493,310044577437977.75,3.0414453006267984e+16,CONVERGED
S6,S6_alpha00,Uncoupled Mechanical Conservative Limit (beta->0),0.7924242424242425,431036.0234822779,2,1.689929530411558,0.5379212764839298,-8.353693321903665e-09,8.353693321903665e-09,True,-0.11885160048258488,-0.9929120372772781,310044577437977.75,3.0414453006267984e+16,CONVERGED
S6,S6_alpha00,Uncoupled Mechanical Conservative Limit (beta->0),0.7924242424242425,431036.0234822779,3,2.7067654440819626,0.8615902004319471,2.567093064551355e-06,2.567093064551355e-06,True,-0.9069405162679268,0.42125261515949924,310044577437977.75,3.0414453006267984e+16,CONVERGED
S6,S6_alpha00,Uncoupled Mechanical Conservative Limit (beta->0),0.7924242424242425,431036.0234822779,4,1.334537635498313e-08,4.247965228634531e-09,3.462868290463156,3.462868290463156,False,0.0313397414959314,4.182406451310865e-10,310044577437977.75,3.0414453006267984e+16,CONVERGED
S6,S6_alpha00,Uncoupled Mechanical Conservative Limit (beta->0),0.8101010101010101,440651.2311444063,0,1.7236054734984059,0.5486406620950363,-6.345495226982779e-05,6.345495226982779e-05,True,-0.1522248013150287,0.9884101010322296,324031313172019.94,3.587245418909617e+16,CONVERGED
S6,S6_alpha00,Uncoupled Mechanical Conservative Limit (beta->0),0.8101010101010101,440651.2311444063,1,2.637629542181797,0.8395835593668917,-1.7595141886020846e-06,1.7595141886020846e-06,True,-0.8756771990504053,0.482900571647835,324031313172019.94,3.587245418909617e+16,CONVERGED
S6,S6_alpha00,Uncoupled Mechanical Conservative Limit (beta->0),0.8101010101010101,440651.2311444063,2,1.7237628964291953,0.5486907713702185,-9.801175839972902e-05,9.801175839972902e-05,True,-0.1523856637139481,-0.9884202811684532,324031313172019.94,3.587245418909617e+16,CONVERGED
S6,S6_alpha00,Uncoupled Mechanical Conservative Limit (beta->0),0.8101010101010101,440651.2311444063,3,2.637628791922591,0.8395833205519693,5.0756793152658735e-06,5.0756793152658735e-06,True,-0.8756708513493892,-0.48289792792051855,324031313172019.94,3.587245418909617e+16,CONVERGED
S6,S6_alpha00,Uncoupled Mechanical Conservative Limit (beta->0),0.8101010101010101,440651.2311444063,4,1.0056286110084565e-05,3.201015287132653e-06,3.47151569357802,3.47151569357802,False,0.03106990250089588,3.124478289719734e-07,324031313172019.94,3.587245418909617e+16,CONVERGED
S6,S6_alpha00,Uncoupled Mechanical Conservative Limit (beta->0),0.8277777777777778,450266.438806535,0,1.7572051352827158,0.5593357666134138,-7.049864013140257e-06,7.049864013140257e-06,True,-0.1853324260235254,0.9826830575987674,338326612253487.44,2.6552090172282984e+16,CONVERGED
S6,S6_alpha00,Uncoupled Mechanical Conservative Limit (beta->0),0.8277777777777778,450266.438806535,1,2.5685232945584904,0.8175863575513281,1.7455223680149365e-06,1.7455223680149365e-06,True,-0.8402392208463276,0.5422126526676724,338326612253487.44,2.6552090172282984e+16,CONVERGED
S6,S6_alpha00,Uncoupled Mechanical Conservative Limit (beta->0),0.8277777777777778,450266.438806535,2,2.5685206360701818,0.8175855113282172,-2.694916292006449e-06,2.694916292006449e-06,True,-0.8402415104099634,-0.5422172941091906,338326612253487.44,2.6552090172282984e+16,CONVERGED
S6,S6_alpha00,Uncoupled Mechanical Conservative Limit (beta->0),0.8277777777777778,450266.438806535,3,2.55651920290528e-05,8.137653365034549e-06,3.4802019408943234,3.4802019408943234,False,0.030801190374672577,7.874383468234682e-07,338326612253487.44,2.6552090172282984e+16,CONVERGED
S6,S6_alpha00,Uncoupled Mechanical Conservative Limit (beta->0),0.8277777777777778,450266.438806535,4,9.840366235307167e-07,3.132285856367441e-07,3.978374818397003,3.978374818397003,False,0.018716031584786658,1.8417260526593656e-08,338326612253487.44,2.6552090172282984e+16,CONVERGED
S6,S6_alpha00,Uncoupled Mechanical Conservative Limit (beta->0),0.8454545454545455,459881.6464686634,0,1.791301149154597,0.5701888649082932,-1.263608162403946e-07,1.263608162403946e-07,True,-0.21872227774363381,0.975787281091684,352930474682382.7,1.3889861634094286e+16,CONVERGED
S6,S6_alpha00,Uncoupled Mechanical Conservative Limit (beta->0),0.8454545454545455,459881.6464686634,1,2.499414276385052,0.7955882738422675,1.5322236655417465e-06,1.5322236655417465e-06,True,-0.8007917118813059,-0.5989403724408398,352930474682382.7,1.3889861634094286e+16,CONVERGED
S6,S6_alpha00,Uncoupled Mechanical Conservative Limit (beta->0),0.8454545454545455,459881.6464686634,2,2.4994126167149036,0.7955877455528514,1.2729666785280104e-07,1.2729666785280104e-07,True,-0.8007918428900356,0.5989425429600717,352930474682382.7,1.3889861634094286e+16,CONVERGED
S6,S6_alpha00,Uncoupled Mechanical Conservative Limit (beta->0),0.8454545454545455,459881.6464686634,3,4.1489384511236726e-08,1.3206481261607291e-08,3.48890264180856,3.48890264180856,False,0.030534360924358815,-1.2668518411956054e-09,352930474682382.7,1.3889861634094286e+16,CONVERGED
S6,S6_alpha00,Uncoupled Mechanical Conservative Limit (beta->0),0.8454545454545455,459881.6464686634,4,1.7913012861850675,0.5701889085264467,-1.7499618163804454e-07,1.7499618163804454e-07,True,-0.2187224220938667,-0.9757872985778289,352930474682382.7,1.3889861634094286e+16,CONVERGED
S6,S6_alpha00,Uncoupled Mechanical Conservative Limit (beta->0),0.8631313131313132,469496.85413079214,0,1.824794907182373,0.580850259213982,1.4195936817847184e-06,1.4195936817847184e-06,True,-0.25127588860276556,0.9679140398938108,367842900458706.44,4.483416426781505e+16,CONVERGED
S6,S6_alpha00,Uncoupled Mechanical Conservative Limit (beta->0),0.8631313131313132,469496.85413079214,1,2.430207575089935,0.7735590966298632,1.5951327246279603e-06,1.5951327246279603e-06,True,-0.7574570996551969,-0.6528824947274791,367842900458706.44,4.483416426781505e+16,CONVERGED
S6,S6_alpha00,Uncoupled Mechanical Conservative Limit (beta->0),0.8631313131313132,469496.85413079214,2,2.430207966839369,0.7735592213275808,-1.313670382791547e-06,1.313670382791547e-06,True,-0.7574595587190002,0.6528840971025673,367842900458706.44,4.483416426781505e+16,CONVERGED
S6,S6_alpha00,Uncoupled Mechanical Conservative Limit (beta->0),0.8631313131313132,469496.85413079214,3,3.7750764487730376e-07,1.2016441547440543e-07,3.497665336682187,3.497665336682187,False,0.03026796650749595,-1.1426388751470447e-08,367842900458706.44,4.483416426781505e+16,CONVERGED
S6,S6_alpha00,Uncoupled Mechanical Conservative Limit (beta->0),0.8631313131313132,469496.85413079214,4,1.824792664500237,0.5808495453460866,-2.3348329915640625e-06,2.3348329915640625e-06,True,-0.251274661269127,-0.9679182373945495,367842900458706.44,4.483416426781505e+16,CONVERGED
S6,S6_alpha00,Uncoupled Mechanical Conservative Limit (beta->0),0.8808080808080808,479112.06179292063,0,1.8581354928773381,0.5914628972518473,3.323578435050983e-07,3.323578435050983e-07,True,-0.2834013938419911,-0.959001035063545,383063889582452.2,4.886290349124505e+16,CONVERGED
S6,S6_alpha00,Uncoupled Mechanical Conservative Limit (beta->0),0.8808080808080808,479112.06179292063,1,2.3608559214814013,0.7514837796630731,2.5997780397651447e-05,2.5997780397651447e-05,True,-0.7103767481383316,0.7037846840443175,383063889582452.2,4.886290349124505e+16,CONVERGED
S6,S6_alpha00,Uncoupled Mechanical Conservative Limit (beta->0),0.8808080808080808,479112.06179292063,2,2.360845583502928,0.7514804889823219,-5.285434996197122e-05,5.285434996197122e-05,True,-0.7104254887441738,-0.7038475255549935,383063889582452.2,4.886290349124505e+16,CONVERGED
S6,S6_alpha00,Uncoupled Mechanical Conservative Limit (beta->0),0.8808080808080808,479112.06179292063,3,1.4017880431265071e-08,4.462029924613972e-09,3.5064639638214343,3.5064639638214343,False,0.0300028181373131,4.205759172498461e-10,383063889582452.2,4.886290349124505e+16,CONVERGED
S6,S6_alpha00,Uncoupled Mechanical Conservative Limit (beta->0),0.8808080808080808,479112.06179292063,4,1.8581355875060852,0.591462927373113,3.308858945429662e-07,3.308858945429662e-07,True,-0.28340148500820883,0.9590010096572223,383063889582452.2,4.886290349124505e+16,CONVERGED
S6,S6_alpha00,Uncoupled Mechanical Conservative Limit (beta->0),0.8984848484848484,488727.2694550492,0,1.8913373582863702,0.6020313792512858,-1.6708133325670816e-07,1.6708133325670816e-07,True,-0.31508013344988595,0.9490652473186048,398593442053630.06,1.680795284316472e+16,CONVERGED
S6,S6_alpha00,Uncoupled Mechanical Conservative Limit (beta->0),0.8984848484848484,488727.2694550492,1,2.2912835178894886,0.7293381957941987,1.001245465197569e-05,1.001245465197569e-05,True,-0.6597442610663425,0.7514768694252797,398593442053630.06,1.680795284316472e+16,CONVERGED
S6,S6_alpha00,Uncoupled Mechanical Conservative Limit (beta->0),0.8984848484848484,488727.2694550492,2,2.2912872067267678,0.7293393699875731,-2.27706603697537e-05,2.27706603697537e-05,True,-0.6597686620551464,-0.7514990718076259,398593442053630.06,1.680795284316472e+16,CONVERGED
S6,S6_alpha00,Uncoupled Mechanical Conservative Limit (beta->0),0.8984848484848484,488727.2694550492,3,1.4439998614288953e-07,4.596394315408412e-08,3.51529546771498,3.51529546771498,False,0.029739014737113843,4.294313315942456e-09,398593442053630.06,1.680795284316472e+16,CONVERGED
S6,S6_alpha00,Uncoupled Mechanical Conservative Limit (beta->0),0.8984848484848484,488727.2694550492,4,1.8913377841677201,0.6020315148135299,-4.2085027237903374e-07,4.2085027237903374e-07,True,-0.31508061759671013,-0.9490653539750435,398593442053630.06,1.680795284316472e+16,CONVERGED
S6,S6_alpha00,Uncoupled Mechanical Conservative Limit (beta->0),0.9161616161616162,498342.4771171778,0,1.9243999049635523,0.612555514721046,-7.038989212456399e-08,7.038989212456399e-08,True,-0.34628070110941506,0.938131023268587,414431557872229.5,2.6524961741130176e+17,CONVERGED
S6,S6_alpha00,Uncoupled Mechanical Conservative Limit (beta->0),0.9161616161616162,498342.4771171778,1,2.2214828877789903,0.707119965168169,3.0809010106162233e-06,3.0809010106162233e-06,True,-0.6057309569371245,-0.7956656622130919,414431557872229.5,2.6524961741130176e+17,CONVERGED
S6,S6_alpha00,Uncoupled Mechanical Conservative Limit (beta->0),0.9161616161616162,498342.4771171778,2,2.2214817026464724,0.7071195879287722,-1.6801127000616015e-06,1.6801127000616015e-06,True,-0.605732897863216,0.7956701682715498,414431557872229.5,2.6524961741130176e+17,CONVERGED
S6,S6_alpha00,Uncoupled Mechanical Conservative Limit (beta->0),0.9161616161616162,498342.4771171778,3,2.4879260107063366e-07,7.919314453016264e-08,3.5241562123530117,3.5241562123530117,False,0.02947666892780889,-7.333577133447651e-09,414431557872229.5,2.6524961741130176e+17,CONVERGED
S6,S6_alpha00,Uncoupled Mechanical Conservative Limit (beta->0),0.9161616161616162,498342.4771171778,4,1.924400783292614,0.6125557943018696,-8.832491816295589e-07,8.832491816295589e-07,True,-0.34628180657529184,-0.9381314816884015,414431557872229.5,2.6524961741130176e+17,CONVERGED
S6,S6_alpha00,Uncoupled Mechanical Conservative Limit (beta->0),0.9338383838383838,507957.6847793063,0,1.957327833675952,0.6230367999617579,-4.210251262993308e-07,4.210251262993308e-07,True,-0.3769782526475112,0.926222564549923,430578237038252.0,1.7135469515691858e+16,CONVERGED
S6,S6_alpha00,Uncoupled Mechanical Conservative Limit (beta->0),0.9338383838383838,507957.6847793063,1,2.1513573330479905,0.6847983078231693,1.3761668548713545e-05,1.3761668548713545e-05,True,-0.5484855631766382,0.8361435666370173,430578237038252.0,1.7135469515691858e+16,CONVERGED
S6,S6_alpha00,Uncoupled Mechanical Conservative Limit (beta->0),0.9338383838383838,507957.6847793063,2,2.151343326494183,0.6847938493986211,-2.4745423675178885e-05,2.4745423675178885e-05,True,-0.5484949721728097,-0.8361834473207367,430578237038252.0,1.7135469515691858e+16,CONVERGED
S6,S6_alpha00,Uncoupled Mechanical Conservative Limit (beta->0),0.9338383838383838,507957.6847793063,3,3.7165169175906612e-06,1.183004077038416e-06,3.533043138957081,3.533043138957081,False,0.029215872490131214,1.0858128437224418e-07,430578237038252.0,1.7135469515691858e+16,CONVERGED
S6,S6_alpha00,Uncoupled Mechanical Conservative Limit (beta->0),0.9338383838383838,507957.6847793063,4,1.957323791673542,0.6230355133524308,-2.2146195153270785e-06,2.2146195153270785e-06,True,-0.3769751849905636,-0.9262257495611802,430578237038252.0,1.7135469515691858e+16,CONVERGED
S6,S6_alpha00,Uncoupled Mechanical Conservative Limit (beta->0),0.9515151515151515,517572.89244143496,0,1.9898987632028904,0.6334044488323779,3.4922231690168104e-05,3.4922231690168104e-05,True,-0.4069265225000265,0.9134226640836776,447033479551704.44,1.6471469378083346e+16,CONVERGED
S6,S6_alpha00,Uncoupled Mechanical Conservative Limit (beta->0),0.9515151515151515,517572.89244143496,1,2.0807726152213215,0.6623304943254473,4.464040037669944e-06,4.464040037669944e-06,True,-0.4881543734545365,0.872752186841711,447033479551704.44,1.6471469378083346e+16,CONVERGED
S6,S6_alpha00,Uncoupled Mechanical Conservative Limit (beta->0),0.9515151515151515,517572.89244143496,2,2.0807698817986555,0.6623296242499896,-7.67902569008011e-06,7.67902569008011e-06,True,-0.4881579155497671,-0.872764119138397,447033479551704.44,1.6471469378083346e+16,CONVERGED
S6,S6_alpha00,Uncoupled Mechanical Conservative Limit (beta->0),0.9515151515151515,517572.89244143496,3,5.1848883770124135e-05,1.6504012291624807e-05,3.5419564718295775,3.5419564718295775,False,0.028956618778306648,1.5013683627575949e-06,447033479551704.44,1.6471469378083346e+16,CONVERGED
S6,S6_alpha00,Uncoupled Mechanical Conservative Limit (beta->0),0.9515151515151515,517572.89244143496,4,1.9901215618474388,0.633475367843566,-7.794767035694782e-06,7.794767035694782e-06,True,-0.40714741347411815,-0.9133709943702637,447033479551704.44,1.6471469378083346e+16,CONVERGED
S6,S6_alpha00,Uncoupled Mechanical Conservative Limit (beta->0),0.9691919191919192,527188.1001035634,0,2.009708655894165,0.6397101335202506,9.179850469191924e-05,9.179850469191924e-05,True,-0.4249161327983861,-0.9051313164017584,463797285412582.5,3.0310143858316784e+16,CONVERGED
S6,S6_alpha00,Uncoupled Mechanical Conservative Limit (beta->0),0.9691919191919192,527188.1001035634,1,2.022787563756438,0.6438732791932991,1.8353849271780555e-07,1.8353849271780555e-07,True,-0.4367575939923818,-0.8995790332222443,463797285412582.5,3.0310143858316784e+16,CONVERGED
S6,S6_alpha00,Uncoupled Mechanical Conservative Limit (beta->0),0.9691919191919192,527188.1001035634,2,2.022790996590451,0.643874371898303,-1.3645368982702616e-06,1.3645368982702616e-06,True,-0.43676135823429807,0.8995789265155402,463797285412582.5,3.0310143858316784e+16,CONVERGED
S6,S6_alpha00,Uncoupled Mechanical Conservative Limit (beta->0),0.9691919191919192,527188.1001035634,3,1.8488874943795353e-06,5.885191679025838e-07,3.550890292024446,3.550890292024446,False,0.028699077717083906,-5.306136589140328e-08,463797285412582.5,3.0310143858316784e+16,CONVERGED
S6,S6_alpha00,Uncoupled Mechanical Conservative Limit (beta->0),0.9691919191919192,527188.1001035634,4,2.0097209938193257,0.6397140608038042,-8.729916211619574e-05,8.729916211619574e-05,True,-0.4250034105119026,0.9052881942346637,463797285412582.5,3.0310143858316784e+16,CONVERGED
S6,S6_alpha00,Uncoupled Mechanical Conservative Limit (beta->0),0.9868686868686869,536803.3077656921,0,1.9381170260923661,0.616921809986328,6.78169095596316e-06,6.78169095596316e-06,True,-0.3591137162801434,0.9332865452204564,480869654620889.75,1.612429682322555e+16,CONVERGED
S6,S6_alpha00,Uncoupled Mechanical Conservative Limit (beta->0),0.9868686868686869,536803.3077656921,1,2.0553279208357464,0.6542311965515936,-6.120728978504549e-07,6.120728978504549e-07,True,-0.4657942064016531,-0.8848937684429692,480869654620889.75,1.612429682322555e+16,CONVERGED
S6,S6_alpha00,Uncoupled Mechanical Conservative Limit (beta->0),0.9868686868686869,536803.3077656921,2,2.0553316768395806,0.6542323921247466,-1.124228483879632e-05,1.124228483879632e-05,True,-0.46580248161553894,0.8849014255516051,480869654620889.75,1.612429682322555e+16,CONVERGED
S6,S6_alpha00,Uncoupled Mechanical Conservative Limit (beta->0),0.9868686868686869,536803.3077656921,3,1.0152904301191069e-05,3.231769812547048e-06,3.5598398477733806,3.5598398477733806,False,0.028443379618548353,2.8878291127949265e-07,480869654620889.75,1.612429682322555e+16,CONVERGED
S6,S6_alpha00,Uncoupled Mechanical Conservative Limit (beta->0),0.9868686868686869,536803.3077656921,4,1.938109923811678,0.6169195492601705,5.085514431663529e-06,5.085514431663529e-06,True,-0.35910769691760813,-0.9332906787477269,480869654620889.75,1.612429682322555e+16,CONVERGED
S6,S6_alpha00,Uncoupled Mechanical Conservative Limit (beta->0),1.0045454545454544,546418.5154278205,0,1.8658606654720404,0.5939218960612171,7.31014333681065e-06,7.31014333681065e-06,True,-0.29079928311376013,0.9567764403248679,498250587176617.1,2.3934920088431856e+16,CONVERGED
S6,S6_alpha00,Uncoupled Mechanical Conservative Limit (beta->0),1.0045454545454544,546418.5154278205,1,2.0877449496975053,0.6645498573189967,5.607765404362595e-08,5.607765404362595e-08,True,-0.4942297574688353,0.8693312571609251,498250587176617.1,2.3934920088431856e+16,CONVERGED
S6,S6_alpha00,Uncoupled Mechanical Conservative Limit (beta->0),1.0045454545454544,546418.5154278205,2,2.087743228426349,0.6645493094213709,4.441537952960306e-08,4.441537952960306e-08,True,-0.49422826687711074,-0.869332118001453,498250587176617.1,2.3934920088431856e+16,CONVERGED
S6,S6_alpha00,Uncoupled Mechanical Conservative Limit (beta->0),1.0045454545454544,546418.5154278205,3,5.4248032150622845e-06,1.7267684939559375e-06,3.568801253470992,3.568801253470992,False,0.02818962564972747,-1.5292317185754392e-07,498250587176617.1,2.3934920088431856e+16,CONVERGED
S6,S6_alpha00,Uncoupled Mechanical Conservative Limit (beta->0),1.0045454545454544,546418.5154278205,4,1.865855191495587,0.5939201536403953,-2.0732472562642516e-06,2.0732472562642516e-06,True,-0.2907967743846131,-0.9567870100030694,498250587176617.1,2.3934920088431856e+16,CONVERGED
S6,S6_alpha00,Uncoupled Mechanical Conservative Limit (beta->0),1.0222222222222221,556033.7230899491,0,1.7928224618280335,0.5706731137722247,4.002967919297139e-05,4.002967919297139e-05,True,-0.22019765918025339,0.9754142375103082,515940083079775.8,4.564775623082885e+16,CONVERGED
S6,S6_alpha00,Uncoupled Mechanical Conservative Limit (beta->0),1.0222222222222221,556033.7230899491,1,2.1200430197290996,0.6748306523147096,-1.4119048376504666e-07,1.4119048376504666e-07,True,-0.5220449416478835,-0.85291814453725,515940083079775.8,4.564775623082885e+16,CONVERGED
S6,S6_alpha00,Uncoupled Mechanical Conservative Limit (beta->0),1.0222222222222221,556033.7230899491,2,2.1200424763809846,0.674830479361633,1.6396560571168028e-07,1.6396560571168028e-07,True,-0.5220443189113134,0.8529181679160465,515940083079775.8,4.564775623082885e+16,CONVERGED
S6,S6_alpha00,Uncoupled Mechanical Conservative Limit (beta->0),1.0222222222222221,556033.7230899491,3,9.360678132306745e-07,2.9795963908976587e-07,3.5777784751893993,3.5777784751893993,False,0.027937693647175806,2.6151575799028002e-08,515940083079775.8,4.564775623082885e+16,CONVERGED
S6,S6_alpha00,Uncoupled Mechanical Conservative Limit (beta->0),1.0222222222222221,556033.7230899491,4,1.7927925349046865,0.5706635877366604,-4.592417982862277e-05,4.592417982862277e-05,True,-0.22018739307732005,-0.9755046716995571,515940083079775.8,4.564775623082885e+16,CONVERGED
S6,S6_alpha00,Uncoupled Mechanical Conservative Limit (beta->0),1.0398989898989899,565648.9307520777,0,1.7188375800649365,0.5471229944788921,-1.2879891564915828e-06,1.2879891564915828e-06,True,-0.14750128490268902,-0.9890631663011653,533938142330357.6,2.0333653679733116e+16,CONVERGED
S6,S6_alpha00,Uncoupled Mechanical Conservative Limit (beta->0),1.0398989898989899,565648.9307520777,1,2.152225922566477,0.6850747884539392,8.80381237684505e-08,8.80381237684505e-08,True,-0.5492191314894939,0.8356782691500922,533938142330357.6,2.0333653679733116e+16,CONVERGED
S6,S6_alpha00,Uncoupled Mechanical Conservative Limit (beta->0),1.0398989898989899,565648.9307520777,2,2.1522258123942515,0.6850747533850307,2.0047216239075552e-07,2.0047216239075552e-07,True,-0.5492189776700444,-0.835678235700097,533938142330357.6,2.0333653679733116e+16,CONVERGED
S6,S6_alpha00,Uncoupled Mechanical Conservative Limit (beta->0),1.0398989898989899,565648.9307520777,3,3.5382887835221456e-07,1.1262722999683173e-07,3.5867678614530636,3.5867678614530636,False,0.027687676362285422,9.796699471446984e-09,533938142330357.6,2.0333653679733116e+16,CONVERGED
S6,S6_alpha00,Uncoupled Mechanical Conservative Limit (beta->0),1.0398989898989899,565648.9307520777,4,1.718834895123387,0.5471221398354531,-2.9458798277488366e-06,2.9458798277488366e-06,True,-0.14749887386217123,0.9890652020905413,533938142330357.6,2.0333653679733116e+16,CONVERGED
S6,S6_alpha00,Uncoupled Mechanical Conservative Limit (beta->0),1.0575757575757576,575264.1384142063,0,1.643931603519845,0.5232796816103383,4.3243588569438276e-05,4.3243588569438276e-05,True,-0.07306693713424486,0.9972836804343033,552244764928369.25,3.3365836920996936e+16,CONVERGED
S6,S6_alpha00,Uncoupled Mechanical Conservative Limit (beta->0),1.0575757575757576,575264.1384142063,1,2.184297142138781,0.6952833747057747,-8.356621977055946e-08,8.356621977055946e-08,True,-0.5757334282640523,0.8176375643962152,552244764928369.25,3.3365836920996936e+16,CONVERGED
S6,S6_alpha00,Uncoupled Mechanical Conservative Limit (beta->0),1.0575757575757576,575264.1384142063,2,2.1842972791604356,0.695283418321122,-5.4133866396365525e-08,5.4133866396365525e-08,True,-0.575733523352906,-0.8176374614432655,552244764928369.25,3.3365836920996936e+16,CONVERGED
S6,S6_alpha00,Uncoupled Mechanical Conservative Limit (beta->0),1.0575757575757576,575264.1384142063,3,6.221427020154006e-07,1.9803417266859815e-07,3.595766083654419,3.595766083654419,False,0.027439654051553186,-1.7071380514003336e-08,552244764928369.25,3.3365836920996936e+16,CONVERGED
S6,S6_alpha00,Uncoupled Mechanical Conservative Limit (beta->0),1.0575757575757576,575264.1384142063,4,1.643930911271218,0.5232794612607566,-6.082209115454321e-06,6.082209115454321e-06,True,-0.07306985090576221,-0.9973329240433344,552244764928369.25,3.3365836920996936e+16,CONVERGED
S6,S6_alpha00,Uncoupled Mechanical Conservative Limit (beta->0),1.0752525252525253,584879.3460763348,0,1.5675335305562557,0.49896141970063734,8.496429397298652e-07,8.496429397298652e-07,True,0.0032627876772377,0.9999938274470186,570859950873807.8,2.0803252050024936e+16,CONVERGED
S6,S6_alpha00,Uncoupled Mechanical Conservative Limit (beta->0),1.0752525252525253,584879.3460763348,1,2.216260745032614,0.7054577055049345,1.5906720298067862e-07,1.5906720298067862e-07,True,-0.6015693944817249,-0.7988203461908914,570859950873807.8,2.0803252050024936e+16,CONVERGED
S6,S6_alpha00,Uncoupled Mechanical Conservative Limit (beta->0),1.0752525252525253,584879.3460763348,2,2.216260831710447,0.7054577330953457,2.5414405232429843e-07,2.5414405232429843e-07,True,-0.6015694065264124,0.7988202180988438,570859950873807.8,2.0803252050024936e+16,CONVERGED
S6,S6_alpha00,Uncoupled Mechanical Conservative Limit (beta->0),1.0752525252525253,584879.3460763348,3,2.3874539870865224e-06,7.599502068985483e-07,3.6047578314287296,3.6047578314287296,False,0.02719402955491928,6.492449428596412e-08,570859950873807.8,2.0803252050024936e+16,CONVERGED
S6,S6_alpha00,Uncoupled Mechanical Conservative Limit (beta->0),1.0752525252525253,584879.3460763348,4,1.5675352848267652,0.49896197810228354,-7.464084703440541e-07,7.464084703440541e-07,True,0.003261038622332594,-0.9999954292121332,570859950873807.8,2.0803252050024936e+16,CONVERGED
S6,S6_alpha00,Uncoupled Mechanical Conservative Limit (beta->0),1.0929292929292929,594494.5537384634,0,1.4897551239251308,0.47420378393832735,1.69831149909745e-05,1.69831149909745e-05,True,0.08095114844660618,-0.9967010313589725,589783700166661.9,7.684201537348765e+16,CONVERGED
S6,S6_alpha00,Uncoupled Mechanical Conservative Limit (beta->0),1.0929292929292929,594494.5537384634,1,2.2481201321203312,0.7155988633827111,-9.221359794478764e-08,9.221359794478764e-08,True,-0.6267098966124667,0.7792527766490179,589783700166661.9,7.684201537348765e+16,CONVERGED
S6,S6_alpha00,Uncoupled Mechanical Conservative Limit (beta->0),1.0929292929292929,594494.5537384634,2,2.2481202011915564,0.7155988853687649,-1.1151056871093674e-08,1.1151056871093674e-08,True,-0.6267098996337103,-0.7792526701931914,589783700166661.9,7.684201537348765e+16,CONVERGED
S6,S6_alpha00,Uncoupled Mechanical Conservative Limit (beta->0),1.0929292929292929,594494.5537384634,3,4.3349182732582685e-07,1.3798473421768738e-07,3.613780599217518,3.613780599217518,False,0.026949767756937217,1.1682504070962096e-08,589783700166661.9,7.684201537348765e+16,CONVERGED
S6,S6_alpha00,Uncoupled Mechanical Conservative Limit (beta->0),1.0929292929292929,594494.5537384634,4,1.4897598814966717,0.47420529832038305,-1.2829705246683633e-05,1.2829705246683633e-05,True,0.08094881984586942,0.9967311314016734,589783700166661.9,7.684201537348765e+16,CONVERGED
S6,S6_alpha00,Uncoupled Mechanical Conservative Limit (beta->0),1.1106060606060606,604109.761400592,0,1.4102974524671377,0.44891162158010456,0.0003332960848625111,0.0003332960848625111,True,0.1597574337143503,-0.9868187231333232,609016012806949.0,6363538433582923.0,CONVERGED
S6,S6_alpha00,Uncoupled Mechanical Conservative Limit (beta->0),1.1106060606060606,604109.761400592,1,2.2798798935808615,0.7257083094384369,7.544972210024256e-09,7.544972210024256e-09,True,-0.6511385044733565,0.758958913843336,609016012806949.0,6363538433582923.0,CONVERGED
S6,S6_alpha00,Uncoupled Mechanical Conservative Limit (beta->0),1.1106060606060606,604109.761400592,2,3.7381303898810543e-07,1.1898838589432075e-07,3.622790413614672,3.622790413614672,False,0.02670804592102078,9.983815811171117e-09,609016012806949.0,6363538433582923.0,CONVERGED
S6,S6_alpha00,Uncoupled Mechanical Conservative Limit (beta->0),1.1106060606060606,604109.761400592,3,0.0005584664235535894,0.0001777653837188117,4.281612679328811,4.281612679328811,False,0.01382035414717059,7.71820455521115e-06,609016012806949.0,6363538433582923.0,CONVERGED
S6,S6_alpha00,Uncoupled Mechanical Conservative Limit (beta->0),1.1106060606060606,604109.761400592,4,2.2798797081892546,0.7257082504264556,-1.1381209918983492e-07,1.1381209918983492e-07,True,-0.6511384427889823,-0.7589591266639881,609016012806949.0,6363538433582923.0,CONVERGED
S6,S6_alpha00,Uncoupled Mechanical Conservative Limit (beta->0),1.1282828282828283,613724.9690627207,0,1.3286622835859598,0.4229263402649423,-2.850865242949358e-06,2.850865242949358e-06,True,0.23977564436430057,-0.970831263462619,628556888794663.8,2.600852985853838e+16,CONVERGED
S6,S6_alpha00,Uncoupled Mechanical Conservative Limit (beta->0),1.1282828282828283,613724.9690627207,1,2.3115433921165645,0.735787114053517,7.352391512089478e-08,7.352391512089478e-08,True,-0.6748393580491077,0.7379645613307246,628556888794663.8,2.600852985853838e+16,CONVERGED
S6,S6_alpha00,Uncoupled Mechanical Conservative Limit (beta->0),1.1282828282828283,613724.9690627207,2,6.891233310806618e-07,2.1935476908288017e-07,3.631804785467303,3.631804785467303,False,0.026468371543578832,-1.823997236639453e-08,628556888794663.8,2.600852985853838e+16,CONVERGED
S6,S6_alpha00,Uncoupled Mechanical Conservative Limit (beta->0),1.1282828282828283,613724.9690627207,3,1.3286610190718477,0.4229259377575992,4.26599212812364e-06,4.26599212812364e-06,True,0.23977516554221526,0.9708240510212673,628556888794663.8,2.600852985853838e+16,CONVERGED
S6,S6_alpha00,Uncoupled Mechanical Conservative Limit (beta->0),1.1282828282828283,613724.9690627207,4,2.311543356327405,0.7357871026614737,-1.0935038495544573e-07,1.0935038495544573e-07,True,-0.6748394550487575,-0.737964720437427,628556888794663.8,2.600852985853838e+16,CONVERGED
S6,S6_alpha00,Uncoupled Mechanical Conservative Limit (beta->0),1.145959595959596,623340.1767248492,0,1.2445201619791177,0.39614307111300573,-9.741346244051326e-06,9.741346244051326e-06,True,0.3205210063217606,-0.9472516916790188,648406328129803.9,2.6578719234164656e+16,CONVERGED
S6,S6_alpha00,Uncoupled Mechanical Conservative Limit (beta->0),1.145959595959596,623340.1767248492,1,2.343115386032523,0.7458367918435012,3.292269120106222e-09,3.292269120106222e-09,True,-0.6977982402886139,-0.7162943593702072,648406328129803.9,2.6578719234164656e+16,CONVERGED
S6,S6_alpha00,Uncoupled Mechanical Conservative Limit (beta->0),1.145959595959596,623340.1767248492,2,1.9153645040385975e-06,6.096794572809986e-07,3.640817359851902,3.640817359851902,False,0.026230895120570513,-5.0241725423161444e-08,648406328129803.9,2.6578719234164656e+16,CONVERGED
S6,S6_alpha00,Uncoupled Mechanical Conservative Limit (beta->0),1.145959595959596,623340.1767248492,3,1.244518460256226,0.3961425294377857,1.2509805207472501e-05,1.2509805207472501e-05,True,0.3205154863632085,0.9472300690454927,648406328129803.9,2.6578719234164656e+16,CONVERGED
S6,S6_alpha00,Uncoupled Mechanical Conservative Limit (beta->0),1.145959595959596,623340.1767248492,4,2.343115528770947,0.7458368372785527,-4.268889813931254e-08,4.268889813931254e-08,True,-0.697798374616918,0.7162942927036257,648406328129803.9,2.6578719234164656e+16,CONVERGED
S6,S6_alpha00,Uncoupled Mechanical Conservative Limit (beta->0),1.1636363636363636,632955.3843869776,0,1.1571927611500457,0.3683458960943775,1.7865123546809657e-06,1.7865123546809657e-06,True,0.4019109197966428,-0.9156768204611769,668564330812376.6,2.314719162658915e+16,CONVERGED
S6,S6_alpha00,Uncoupled Mechanical Conservative Limit (beta->0),1.1636363636363636,632955.3843869776,1,2.374600250362184,0.7558587354247877,-1.0925337897376521e-07,1.0925337897376521e-07,True,-0.7200011922361869,0.6939729833972295,668564330812376.6,2.314719162658915e+16,CONVERGED
S6,S6_alpha00,Uncoupled Mechanical Conservative Limit (beta->0),1.1636363636363636,632955.3843869776,2,1.2695362245551202e-05,4.041059311443397e-06,3.6498289041112306,3.6498289041112306,False,0.025995576132390275,3.3002325580022965e-07,668564330812376.6,2.314719162658915e+16,CONVERGED
S6,S6_alpha00,Uncoupled Mechanical Conservative Limit (beta->0),1.1636363636363636,632955.3843869776,3,1.1571890914286624,0.3683447279857817,2.7888979517756374e-06,2.7888979517756374e-06,True,0.40191387719986116,0.9156744276945967,668564330812376.6,2.314719162658915e+16,CONVERGED
S6,S6_alpha00,Uncoupled Mechanical Conservative Limit (beta->0),1.1636363636363636,632955.3843869776,4,2.3746004878918936,0.7558588110328425,-2.31923695221934e-07,2.31923695221934e-07,True,-0.7200014453981675,-0.6939728975054053,668564330812376.6,2.314719162658915e+16,CONVERGED
S6,S6_alpha00,Uncoupled Mechanical Conservative Limit (beta->0),1.1813131313131313,642570.5920491063,0,1.0659652130248471,0.3393072656338193,-1.25575430844006e-05,1.25575430844006e-05,True,0.48366570212217286,0.8752671614954035,689030896842364.1,2.475053116607613e+16,CONVERGED
S6,S6_alpha00,Uncoupled Mechanical Conservative Limit (beta->0),1.1813131313131313,642570.5920491063,1,2.406506024489447,0.7660146587558425,0.00030805366848219037,0.00030805366848219037,True,-0.741544187660686,0.6704448524411553,689030896842364.1,2.475053116607613e+16,CONVERGED
S6,S6_alpha00,Uncoupled Mechanical Conservative Limit (beta->0),1.1813131313131313,642570.5920491063,2,0.00015405469670542508,4.903713297438225e-05,3.658537922709056,3.658537922709056,False,0.025770162860275815,-3.9700146548957874e-06,689030896842364.1,2.475053116607613e+16,CONVERGED
S6,S6_alpha00,Uncoupled Mechanical Conservative Limit (beta->0),1.1813131313131313,642570.5920491063,3,1.065965532311338,0.33930736726586586,1.5789455174333592e-05,1.5789455174333592e-05,True,0.4836517123925971,-0.8752425050738615,689030896842364.1,2.475053116607613e+16,CONVERGED
S6,S6_alpha00,Uncoupled Mechanical Conservative Limit (beta->0),1.1813131313131313,642570.5920491063,4,2.4062351057766,0.7659284226511911,3.513499028153973e-05,3.513499028153973e-05,True,-0.7415648836856935,-0.6708287827549874,689030896842364.1,2.475053116607613e+16,CONVERGED
S6,S6_alpha00,Uncoupled Mechanical Conservative Limit (beta->0),1.198989898989899,652185.7997112349,0,0.9696037666581101,0.3086344646083178,-1.1273393786987375e-05,1.1273393786987375e-05,True,0.5656327105627612,-0.8246709548560434,709806026219775.9,1.2159683623423106e+16,CONVERGED
S6,S6_alpha00,Uncoupled Mechanical Conservative Limit (beta->0),1.198989898989899,652185.7997112349,1,2.437329213843848,0.7758259846510633,1.4879345428677985e-07,1.4879345428677985e-07,True,-0.7620885476921017,-0.6474725846626087,709806026219775.9,1.2159683623423106e+16,CONVERGED
S6,S6_alpha00,Uncoupled Mechanical Conservative Limit (beta->0),1.198989898989899,652185.7997112349,2,2.905687530004336e-06,9.2490906696134e-07,3.6678317544887373,3.6678317544887373,False,0.025531769117602843,7.418734314417717e-08,709806026219775.9,1.2159683623423106e+16,CONVERGED
S6,S6_alpha00,Uncoupled Mechanical Conservative Limit (beta->0),1.198989898989899,652185.7997112349,3,0.9696089613106408,0.3086361181175736,1.0477871311925244e-05,1.0477871311925244e-05,True,0.5656161236760142,0.8246559556049213,709806026219775.9,1.2159683623423106e+16,CONVERGED
S6,S6_alpha00,Uncoupled Mechanical Conservative Limit (beta->0),1.198989898989899,652185.7997112349,4,2.4373293065564003,0.7758260141623853,4.569665169542571e-08,4.569665169542571e-08,True,-0.7620886862898371,0.647472580759781,709806026219775.9,1.2159683623423106e+16,CONVERGED
S6,S6_alpha00,Uncoupled Mechanical Conservative Limit (beta->0),1.2166666666666666,661801.0073733634,0,0.8664071781253524,0.2757859702579002,-4.091605684271952e-06,4.091605684271952e-06,True,0.6475711268316819,0.7620103798104044,730889718944623.2,5.58435452950616e+16,CONVERGED
S6,S6_alpha00,Uncoupled Mechanical Conservative Limit (beta->0),1.2166666666666666,661801.0073733634,1,0.00022150998825589828,7.050881915030779e-05,3.676826635811294,3.676826635811294,False,0.02530314303468639,-5.604899008121949e-06,730889718944623.2,5.58435452950616e+16,CONVERGED
S6,S6_alpha00,Uncoupled Mechanical Conservative Limit (beta->0),1.2166666666666666,661801.0073733634,2,8.029677346886625e-06,2.555925682380044e-06,4.388644118727238,4.388644118727238,False,0.012417554540552517,9.970895640014663e-08,730889718944623.2,5.58435452950616e+16,CONVERGED
S6,S6_alpha00,Uncoupled Mechanical Conservative Limit (beta->0),1.2166666666666666,661801.0073733634,3,0.8664069269708236,0.2757858903129307,-1.3838863904853325e-06,1.3838863904853325e-06,True,0.6475695647750409,-0.7620081538629855,730889718944623.2,5.58435452950616e+16,CONVERGED
S6,S6_alpha00,Uncoupled Mechanical Conservative Limit (beta->0),1.2166666666666666,661801.0073733634,4,2.468753304153646,0.7858285832610041,0.00018034379433185866,0.00018034379433185866,True,-0.7819142863864947,-0.6230966427417045,730889718944623.2,5.58435452950616e+16,CONVERGED
S6,S6_alpha00,Uncoupled Mechanical Conservative Limit (beta->0),1.2343434343434343,671416.215035492,0,0.7535107653446266,0.2398499259551091,-7.96194542202916e-06,7.96194542202916e-06,True,0.7292970974529263,-0.6842087895258047,752281975016894.2,2.8295417623691656e+16,CONVERGED
S6,S6_alpha00,Uncoupled Mechanical Conservative Limit (beta->0),1.2343434343434343,671416.215035492,1,0.0001454825481771478,4.630853335199576e-05,3.685911142899137,3.685911142899137,False,0.025074317759965662,-3.647875667259289e-06,752281975016894.2,2.8295417623691656e+16,CONVERGED
S6,S6_alpha00,Uncoupled Mechanical Conservative Limit (beta->0),1.2343434343434343,671416.215035492,2,2.6819787209113475e-07,8.537003414006396e-08,4.406178904733626,4.406178904733626,False,0.012201713274901382,-3.27247353619478e-09,752281975016894.2,2.8295417623691656e+16,CONVERGED
S6,S6_alpha00,Uncoupled Mechanical Conservative Limit (beta->0),1.2343434343434343,671416.215035492,3,0.7535122282206987,0.23985039160302513,3.884540104744574e-06,3.884540104744574e-06,True,0.7292874569950012,0.6842017509621954,752281975016894.2,2.8295417623691656e+16,CONVERGED
S6,S6_alpha00,Uncoupled Mechanical Conservative Limit (beta->0),1.2343434343434343,671416.215035492,4,2.499883444576929,0.7957376147160249,0.0002334745430814022,0.0002334745430814022,True,-0.8008868464107641,-0.5984257841736231,752281975016894.2,2.8295417623691656e+16,CONVERGED
S6,S6_alpha00,Uncoupled Mechanical Conservative Limit (beta->0),1.252020202020202,681031.4226976206,0,0.6256197540631598,0.19914095271017554,-4.997718507666054e-06,4.997718507666054e-06,True,0.8106043985351894,0.5856026849002434,773982794436585.9,1.1066405074106034e+16,CONVERGED
S6,S6_alpha00,Uncoupled Mechanical Conservative Limit (beta->0),1.252020202020202,681031.4226976206,1,8.092625910855571e-07,2.575962832612432e-07,3.6948058926012757,3.6948058926012757,False,0.02485227720520465,-2.0112018245464832e-08,773982794436585.9,1.1066405074106034e+16,CONVERGED
S6,S6_alpha00,Uncoupled Mechanical Conservative Limit (beta->0),1.252020202020202,681031.4226976206,2,2.5309011070436305,0.8056108433254878,-5.737024502849708e-08,5.737024502849708e-08,True,-0.8192517043714411,0.5734341807260755,773982794436585.9,1.1066405074106034e+16,CONVERGED
S6,S6_alpha00,Uncoupled Mechanical Conservative Limit (beta->0),1.252020202020202,681031.4226976206,3,0.6256235748150714,0.19914216889328162,1.3091568874991886e-05,1.3091568874991886e-05,True,0.8105874980038729,-0.5855951889188015,773982794436585.9,1.1066405074106034e+16,CONVERGED
S6,S6_alpha00,Uncoupled Mechanical Conservative Limit (beta->0),1.252020202020202,681031.4226976206,4,2.5309009515916503,0.8056107938435857,2.1813378421258336e-08,2.1813378421258336e-08,True,-0.8192515503586436,-0.5734342626737636,773982794436585.9,1.1066405074106034e+16,CONVERGED
S6,S6_alpha00,Uncoupled Mechanical Conservative Limit (beta->0),1.2696969696969698,690646.6303597492,0,0.470658786833662,0.14981534486842396,-6.698201670999598e-06,6.698201670999598e-06,True,0.891275709149054,0.453476577977215,795992177203707.6,1.2999402050803708e+16,CONVERGED
S6,S6_alpha00,Uncoupled Mechanical Conservative Limit (beta->0),1.2696969696969698,690646.6303597492,1,3.3072421965316475e-06,1.0527278871602185e-06,4.440956818935693,4.440956818935693,False,0.011784657340230863,3.8974716027420024e-08,795992177203707.6,1.2999402050803708e+16,CONVERGED
S6,S6_alpha00,Uncoupled Mechanical Conservative Limit (beta->0),1.2696969696969698,690646.6303597492,2,2.5619123685106877,0.8154820344334827,0.0003357058630399142,0.0003357058630399142,True,-0.8363570015088527,-0.5475726249982351,795992177203707.6,1.2999402050803708e+16,CONVERGED
S6,S6_alpha00,Uncoupled Mechanical Conservative Limit (beta->0),1.2696969696969698,690646.6303597492,3,0.47066301125758847,0.14981668954432317,4.329977355687475e-06,4.329977355687475e-06,True,0.8912639643910375,-0.4534753420647669,795992177203707.6,1.2999402050803708e+16,CONVERGED
S6,S6_alpha00,Uncoupled Mechanical Conservative Limit (beta->0),1.2696969696969698,690646.6303597492,4,7.243814489782246e-05,2.3057777657790806e-05,3.703858970698934,3.703858970698934,False,0.024628302892044353,1.784028576601804e-06,795992177203707.6,1.2999402050803708e+16,CONVERGED
S6,S6_alpha00,Uncoupled Mechanical Conservative Limit (beta->0),1.2873737373737373,700261.8380218776,0,0.24081807919623338,0.07665477537995213,-2.851003546202529e-05,2.851003546202529e-05,True,0.971170877985944,0.23850397784651264,818310123318272.0,2.259511463928327e+16,CONVERGED
S6,S6_alpha00,Uncoupled Mechanical Conservative Limit (beta->0),1.2873737373737373,700261.8380218776,1,5.46294698617009e-06,1.7389100333958836e-06,4.458186743238087,4.458186743238087,False,0.01158334784015198,-6.327921517374757e-08,818310123318272.0,2.259511463928327e+16,CONVERGED
S6,S6_alpha00,Uncoupled Mechanical Conservative Limit (beta->0),1.2873737373737373,700261.8380218776,2,2.592772704015673,0.825305184315668,0.000306853666959967,0.000306853666959967,True,-0.8528789764265388,-0.5215207881911585,818310123318272.0,2.259511463928327e+16,CONVERGED
S6,S6_alpha00,Uncoupled Mechanical Conservative Limit (beta->0),1.2873737373737373,700261.8380218776,3,0.24081757551446795,0.07665461505306671,4.0168258923495985e-05,4.0168258923495985e-05,True,0.9711043020385308,-0.2384871092350749,818310123318272.0,2.259511463928327e+16,CONVERGED
S6,S6_alpha00,Uncoupled Mechanical Conservative Limit (beta->0),1.2873737373737373,700261.8380218776,4,0.00011386319436179581,3.6243780437826064e-05,3.712668655281957,3.712668655281957,False,0.024412288125197364,2.779661119628116e-06,818310123318272.0,2.259511463928327e+16,CONVERGED
S6,S6_alpha00,Uncoupled Mechanical Conservative Limit (beta->0),1.305050505050505,709877.0456840061,0,2.6238036458721496,0.835182639886179,7.325530905565501e-05,7.325530905565501e-05,True,-0.8688520054186134,0.4949239262695823,840936632780229.9,1.451264056224552e+16,CONVERGED
S6,S6_alpha00,Uncoupled Mechanical Conservative Limit (beta->0),1.305050505050505,709877.0456840061,1,8.772358214108216e-06,2.7923283446962275e-06,4.475392040601202,4.475392040601202,False,0.011385757569746227,9.987994394337017e-08,840936632780229.9,1.451264056224552e+16,CONVERGED
S6,S6_alpha00,Uncoupled Mechanical Conservative Limit (beta->0),1.305050505050505,709877.0456840061,2,2.6238040564893703,0.8351827705896998,7.409059133713352e-05,7.409059133713352e-05,True,-0.8688514829062751,-0.49492315610322946,840936632780229.9,1.451264056224552e+16,CONVERGED
S6,S6_alpha00,Uncoupled Mechanical Conservative Limit (beta->0),1.305050505050505,709877.0456840061,3,5.838624025020146e-06,1.8584917488741086e-06,0.31491299380908405,0.31491299380908405,False,0.7298523731690988,-4.261333600751492e-06,840936632780229.9,1.451264056224552e+16,CONVERGED
S6,S6_alpha00,Uncoupled Mechanical Conservative Limit (beta->0),1.305050505050505,709877.0456840061,4,3.680925377395176e-07,1.1716749379296851e-07,3.7216110399739555,3.7216110399739555,False,0.02419495738690425,8.905983265045475e-09,840936632780229.9,1.451264056224552e+16,CONVERGED
S6,S6_alpha00,Uncoupled Mechanical Conservative Limit (beta->0),1.3227272727272728,719492.2533461349,0,2.6549950190881786,0.8451111623444894,-2.739449248445248e-07,2.739449248445248e-07,True,-0.8839292319754268,0.4676212791879042,863871705589630.4,9804345140942538.0,CONVERGED
S6,S6_alpha00,Uncoupled Mechanical Conservative Limit (beta->0),1.3227272727272728,719492.2533461349,1,1.7281528489912442e-06,5.500881366705965e-07,4.492434740572297,4.492434740572297,False,0.01119335768364006,-1.9343832970779862e-08,863871705589630.4,9804345140942538.0,CONVERGED
S6,S6_alpha00,Uncoupled Mechanical Conservative Limit (beta->0),1.3227272727272728,719492.2533461349,2,2.6549951530338283,0.8451112049807138,3.819430135007724e-08,3.819430135007724e-08,True,-0.8839290187022919,-0.4676210148265404,863871705589630.4,9804345140942538.0,CONVERGED
S6,S6_alpha00,Uncoupled Mechanical Conservative Limit (beta->0),1.3227272727272728,719492.2533461349,3,2.373966196670409e-06,7.556569098663243e-07,0.5001289393687205,0.5001289393687205,False,0.6064524590722304,-1.4396976377278245e-06,863871705589630.4,9804345140942538.0,CONVERGED
S6,S6_alpha00,Uncoupled Mechanical Conservative Limit (beta->0),1.3227272727272728,719492.2533461349,4,1.9360024168030432e-05,6.162487089441203e-06,3.7305893502011376,3.7305893502011376,False,0.023978699815530514,-4.642282080046168e-07,863871705589630.4,9804345140942538.0,CONVERGED
S6,S6_alpha00,Uncoupled Mechanical Conservative Limit (beta->0),1.3404040404040405,729107.4610082634,0,2.6859667143414834,0.8549697591354878,3.739522101106852e-08,3.739522101106852e-08,True,-0.8979857419364796,-0.44002446805643775,887115341746461.2,1.577532464016419e+16,CONVERGED
S6,S6_alpha00,Uncoupled Mechanical Conservative Limit (beta->0),1.3404040404040405,729107.4610082634,1,3.2726240128684913e-06,1.0417085770585099e-06,4.509417628722585,4.509417628722585,False,0.011004867228510795,-3.6014792750582525e-08,887115341746461.2,1.577532464016419e+16,CONVERGED
S6,S6_alpha00,Uncoupled Mechanical Conservative Limit (beta->0),1.3404040404040405,729107.4610082634,2,2.685966661128185,0.8549697421971689,1.1013187365825413e-07,1.1013187365825413e-07,True,-0.8979856532048524,0.4400244838353107,887115341746461.2,1.577532464016419e+16,CONVERGED
S6,S6_alpha00,Uncoupled Mechanical Conservative Limit (beta->0),1.3404040404040405,729107.4610082634,3,2.8508985704426647e-06,9.074691994791362e-07,0.6283650024313266,0.6283650024313266,False,0.5334632995593378,1.5208497581014635e-06,887115341746461.2,1.577532464016419e+16,CONVERGED
S6,S6_alpha00,Uncoupled Mechanical Conservative Limit (beta->0),1.3404040404040405,729107.4610082634,4,3.6080578987415708e-06,1.1484804990929563e-06,3.739556562741021,3.739556562741021,False,0.023764638921340675,8.574419317125666e-08,887115341746461.2,1.577532464016419e+16,CONVERGED
S6,S6_alpha00,Uncoupled Mechanical Conservative Limit (beta->0),1.358080808080808,738722.6686703919,0,2.7169477461306184,0.8648313278381438,8.121528923833242e-08,8.121528923833242e-08,True,-0.9111850135460627,0.4119972192363635,910667541250725.5,2.4501689130890188e+16,CONVERGED
S6,S6_alpha00,Uncoupled Mechanical Conservative Limit (beta->0),1.358080808080808,738722.6686703919,1,1.72283883322037e-06,5.483966329153907e-07,4.5263066006666826,4.5263066006666826,False,0.01082056703582837,-1.864209308680779e-08,910667541250725.5,2.4501689130890188e+16,CONVERGED
S6,S6_alpha00,Uncoupled Mechanical Conservative Limit (beta->0),1.358080808080808,738722.6686703919,2,2.716947856425677,0.8648313629461513,2.699793571465365e-07,2.699793571465365e-07,True,-0.9111848869883326,-0.4119970409669117,910667541250725.5,2.4501689130890188e+16,CONVERGED
S6,S6_alpha00,Uncoupled Mechanical Conservative Limit (beta->0),1.358080808080808,738722.6686703919,3,9.845674889936689e-06,3.1339756536183536e-06,0.7303428080339444,0.7303428080339444,False,0.4817438161065179,-4.743092993775482e-06,910667541250725.5,2.4501689130890188e+16,CONVERGED
S6,S6_alpha00,Uncoupled Mechanical Conservative Limit (beta->0),1.358080808080808,738722.6686703919,4,1.1529987250798835e-05,3.670108929502335e-06,3.748508359189807,3.748508359189807,False,0.02355285206034157,2.7156408398772334e-07,910667541250725.5,2.4501689130890188e+16,CONVERGED
S6,S6_alpha00,Uncoupled Mechanical Conservative Limit (beta->0),1.3757575757575757,748337.8763325205,0,2.7479599562773833,0.8747028209202683,-2.873369904068149e-07,2.873369904068149e-07,True,-0.9235221160533847,-0.38354592402269705,934528304102388.2,7.506950224717541e+16,CONVERGED
S6,S6_alpha00,Uncoupled Mechanical Conservative Limit (beta->0),1.3757575757575757,748337.8763325205,1,6.121288317275673e-07,1.948466587570187e-07,4.543096616611242,4.543096616611242,False,0.010640406226539206,-6.513299432558991e-09,934528304102388.2,7.506950224717541e+16,CONVERGED
S6,S6_alpha00,Uncoupled Mechanical Conservative Limit (beta->0),1.3757575757575757,748337.8763325205,2,2.747959887836026,0.8747027991347076,2.3610060709657857e-07,2.3610060709657857e-07,True,-0.9235216063969214,0.3835457864674661,934528304102388.2,7.506950224717541e+16,CONVERGED
S6,S6_alpha00,Uncoupled Mechanical Conservative Limit (beta->0),1.3757575757575757,748337.8763325205,3,3.652759565779354e-06,1.1627094816399788e-06,0.8160287485804362,0.8160287485804362,False,0.44218419692626554,-1.6151925551660617e-06,934528304102388.2,7.506950224717541e+16,CONVERGED
S6,S6_alpha00,Uncoupled Mechanical Conservative Limit (beta->0),1.3757575757575757,748337.8763325205,4,1.8883930119929308e-07,6.010941647177355e-08,3.757367551974655,3.757367551974655,False,0.02334511435773673,-4.40847508173264e-09,934528304102388.2,7.506950224717541e+16,CONVERGED
S6,S6_alpha00,Uncoupled Mechanical Conservative Limit (beta->0),1.3934343434343435,757953.0839946492,0,2.7790313979106953,0.8845931679701341,-9.105347778681657e-08,9.105347778681657e-08,True,-0.9349915756638221,-0.3546701785386748,958697630301498.4,8.157985629132949e+16,CONVERGED
S6,S6_alpha00,Uncoupled Mechanical Conservative Limit (beta->0),1.3934343434343435,757953.0839946492,1,1.7877415803359552e-06,5.690558189627679e-07,4.559782830332923,4.559782830332923,False,0.010464331231994913,-1.870752005386541e-08,958697630301498.4,8.157985629132949e+16,CONVERGED
S6,S6_alpha00,Uncoupled Mechanical Conservative Limit (beta->0),1.3934343434343435,757953.0839946492,2,2.779031232839752,0.884593115426421,2.4870142716154177e-07,2.4870142716154177e-07,True,-0.9349911994501684,0.3546702123776464,958697630301498.4,8.157985629132949e+16,CONVERGED
S6,S6_alpha00,Uncoupled Mechanical Conservative Limit (beta->0),1.3934343434343435,757953.0839946492,3,6.47580760062125e-06,2.061313580301877e-06,0.8901442155553806,0.8901442155553806,False,0.41059653406651253,-2.658944156133832e-06,958697630301498.4,8.157985629132949e+16,CONVERGED
S6,S6_alpha00,Uncoupled Mechanical Conservative Limit (beta->0),1.3934343434343435,757953.0839946492,4,3.041329407940661e-05,9.680852176890072e-06,3.766236452973014,3.766236452973014,False,0.0231389842637885,-7.037327333303384e-07,958697630301498.4,8.157985629132949e+16,CONVERGED
S6,S6_alpha00,Uncoupled Mechanical Conservative Limit (beta->0),1.4111111111111112,767568.2916567777,0,2.8101996470851716,0.8945143298174097,-6.098805298776937e-08,6.098805298776937e-08,True,-0.9455900894158549,0.32536057655258266,983175519848023.9,4.341409583825123e+16,CONVERGED
S6,S6_alpha00,Uncoupled Mechanical Conservative Limit (beta->0),1.4111111111111112,767568.2916567777,1,2.9339595260752116e-06,9.33908322812849e-07,4.576388143319159,4.576388143319159,False,0.010292002482833898,-3.019631872698689e-08,983175519848023.9,4.341409583825123e+16,CONVERGED
S6,S6_alpha00,Uncoupled Mechanical Conservative Limit (beta->0),1.4111111111111112,767568.2916567777,2,2.810199803453129,0.8945143795908764,5.525653555252887e-07,5.525653555252887e-07,True,-0.9455895601219364,-0.3253602290666492,983175519848023.9,4.341409583825123e+16,CONVERGED
S6,S6_alpha00,Uncoupled Mechanical Conservative Limit (beta->0),1.4111111111111112,767568.2916567777,3,1.5523602902343614e-06,4.941316273007359e-07,0.9554203625655028,0.9554203625655028,False,0.38465041792648536,-5.971160344116069e-07,983175519848023.9,4.341409583825123e+16,CONVERGED
S6,S6_alpha00,Uncoupled Mechanical Conservative Limit (beta->0),1.4111111111111112,767568.2916567777,4,2.8143061299837894e-06,8.958214639214844e-07,3.7751162545936605,3.7751162545936605,False,0.02293442425467866,6.454449076776145e-08,983175519848023.9,4.341409583825123e+16,CONVERGED
S6,S6_alpha00,Uncoupled Mechanical Conservative Limit (beta->0),1.4287878787878787,777183.4993189061,0,2.8414451191107712,0.9044600724616372,0.0001296821567255643,0.0001296821567255643,True,-0.9551690029004652,-0.2956228090264615,1007961972741985.5,2.3693075563652976e+16,CONVERGED
S6,S6_alpha00,Uncoupled Mechanical Conservative Limit (beta->0),1.4287878787878787,777183.4993189061,1,9.271209857237134e-06,2.9511177544431903e-06,4.592870419694648,4.592870419694648,False,0.01012375719458164,9.385947749736989e-08,1007961972741985.5,2.3693075563652976e+16,CONVERGED
S6,S6_alpha00,Uncoupled Mechanical Conservative Limit (beta->0),1.4287878787878787,777183.4993189061,2,2.841445529800922,0.9044602031883723,0.00013008769663734327,0.00013008769663734327,True,-0.9551687369506369,0.2956222968612702,1007961972741985.5,2.3693075563652976e+16,CONVERGED
S6,S6_alpha00,Uncoupled Mechanical Conservative Limit (beta->0),1.4287878787878787,777183.4993189061,3,1.1810798779087112e-05,3.7594940151108725e-06,1.013587777998098,1.013587777998098,False,0.36291458404475274,4.286311126347979e-06,1007961972741985.5,2.3693075563652976e+16,CONVERGED
S6,S6_alpha00,Uncoupled Mechanical Conservative Limit (beta->0),1.4287878787878787,777183.4993189061,4,8.326248854013074e-07,2.650327325058819e-07,3.7836542192887546,3.7836542192887546,False,0.022739444499753566,-1.893342737070108e-08,1007961972741985.5,2.3693075563652976e+16,CONVERGED
S6,S6_alpha00,Uncoupled Mechanical Conservative Limit (beta->0),1.4464646464646465,786798.7069810347,0,2.8730595694134777,0.9145232645392548,1.4836347699979782e-07,1.4836347699979782e-07,True,-0.9641609888032532,-0.26531734007226726,1033056988983365.8,1.1229169254785978e+16,CONVERGED
S6,S6_alpha00,Uncoupled Mechanical Conservative Limit (beta->0),1.4464646464646465,786798.7069810347,1,3.7491199876330318e-06,1.1933819565528451e-06,4.6092891285927236,4.6092891285927236,False,0.009958895285976592,-3.7337093371574155e-08,1033056988983365.8,1.1229169254785978e+16,CONVERGED
S6,S6_alpha00,Uncoupled Mechanical Conservative Limit (beta->0),1.4464646464646465,786798.7069810347,2,2.8730595750675687,0.9145232663390078,4.0614975540407006e-07,4.0614975540407006e-07,True,-0.96416074175594,0.26531726622565416,1033056988983365.8,1.1229169254785978e+16,CONVERGED
S6,S6_alpha00,Uncoupled Mechanical Conservative Limit (beta->0),1.4464646464646465,786798.7069810347,3,5.110737659556731e-06,1.6267983227287157e-06,1.0658456057488486,1.0658456057488486,False,0.344436474120878,1.7603244596298349e-06,1033056988983365.8,1.1229169254785978e+16,CONVERGED
S6,S6_alpha00,Uncoupled Mechanical Conservative Limit (beta->0),1.4464646464646465,786798.7069810347,4,9.41727903882679e-06,2.9976130190099533e-06,3.7927849089381866,3.7927849089381866,False,0.022532762697835797,-2.1219731384746017e-07,1033056988983365.8,1.1229169254785978e+16,CONVERGED
S6,S6_alpha00,Uncoupled Mechanical Conservative Limit (beta->0),1.4641414141414142,796413.9146431634,0,2.9049424629451077,0.9246719047505179,6.896719790363409e-07,6.896719790363409e-07,True,-0.9721281116001249,0.23444734012943783,1058460568572181.5,1.6645305849935966e+16,CONVERGED
S6,S6_alpha00,Uncoupled Mechanical Conservative Limit (beta->0),1.4641414141414142,796413.9146431634,1,1.7249356337115708e-06,5.49064065241095e-07,4.625589643626758,4.625589643626758,False,0.009797876077026991,-1.6900705579970754e-08,1058460568572181.5,1.6645305849935966e+16,CONVERGED
S6,S6_alpha00,Uncoupled Mechanical Conservative Limit (beta->0),1.4641414141414142,796413.9146431634,2,2.9049425901963537,0.9246719452558475,8.957215898493751e-07,8.957215898493751e-07,True,-0.9721279411272287,-0.23444716811716956,1058460568572181.5,1.6645305849935966e+16,CONVERGED
S6,S6_alpha00,Uncoupled Mechanical Conservative Limit (beta->0),1.4641414141414142,796413.9146431634,3,3.3383771995092033e-07,1.0626384664143363e-07,1.113032308862327,1.113032308862327,False,0.32856115011691295,-1.0968610521948636e-07,1058460568572181.5,1.6645305849935966e+16,CONVERGED
S6,S6_alpha00,Uncoupled Mechanical Conservative Limit (beta->0),1.4641414141414142,796413.9146431634,4,1.3124767278339532e-07,4.1777431785569966e-08,3.801615202914845,3.801615202914845,False,0.022334667685885823,-2.9313731561630326e-09,1058460568572181.5,1.6645305849935966e+16,CONVERGED
S6,S6_alpha00,Uncoupled Mechanical Conservative Limit (beta->0),1.4818181818181817,806029.1223052919,0,2.9373534285205265,0.9349886355139362,1.1808391460590834e-06,1.1808391460590834e-06,True,-0.9792144136714394,-0.20282201651348378,1084172711508409.2,3.799466207235965e+16,CONVERGED
S6,S6_alpha00,Uncoupled Mechanical Conservative Limit (beta->0),1.4818181818181817,806029.1223052919,1,1.9200753886182836e-05,6.1117897841538355e-06,4.641792970582106,4.641792970582106,False,0.00964039717226047,1.8510289349237347e-07,1084172711508409.2,3.799466207235965e+16,CONVERGED
S6,S6_alpha00,Uncoupled Mechanical Conservative Limit (beta->0),1.4818181818181817,806029.1223052919,2,2.9373533546230215,0.9349886119916297,1.4206327675356954e-06,1.4206327675356954e-06,True,-0.9792141638740569,0.20282204023954828,1084172711508409.2,3.799466207235965e+16,CONVERGED
S6,S6_alpha00,Uncoupled Mechanical Conservative Limit (beta->0),1.4818181818181817,806029.1223052919,3,1.6832492689904365e-05,5.357948832312947e-06,1.155811696665209,1.155811696665209,False,0.31480190946674885,5.298900840367436e-06,1084172711508409.2,3.799466207235965e+16,CONVERGED
S6,S6_alpha00,Uncoupled Mechanical Conservative Limit (beta->0),1.4818181818181817,806029.1223052919,4,7.672892999567531e-07,2.442357697392745e-07,3.810353978180523,3.810353978180523,False,0.02214034037236751,-1.698804626512144e-08,1084172711508409.2,3.799466207235965e+16,CONVERGED
S6,S6_alpha00,Uncoupled Mechanical Conservative Limit (beta->0),1.4994949494949494,815644.3299674204,0,2.9706223124312543,0.9455784501650216,-2.2594153692432036e-06,2.2594153692432036e-06,True,-0.9854223648201176,0.1701390071479069,1110193417792075.9,1.7987895491258218e+17,CONVERGED
S6,S6_alpha00,Uncoupled Mechanical Conservative Limit (beta->0),1.4994949494949494,815644.3299674204,1,0.0017530082417748544,0.000557999853918601,4.657666824794747,4.657666824794747,False,0.0094885605240682,1.6633541839776048e-05,1110193417792075.9,1.7987895491258218e+17,CONVERGED
S6,S6_alpha00,Uncoupled Mechanical Conservative Limit (beta->0),1.4994949494949494,815644.3299674204,2,2.970621097011882,0.9455780632850196,-5.697122927462138e-07,5.697122927462138e-07,True,-0.9854204929596991,-0.17013991736302855,1110193417792075.9,1.7987895491258218e+17,CONVERGED
S6,S6_alpha00,Uncoupled Mechanical Conservative Limit (beta->0),1.4994949494949494,815644.3299674204,3,0.0004221014749040717,0.00013435907243472526,1.19467067118584,1.19467067118584,False,0.30280363275825817,-0.00012781386758442266,1110193417792075.9,1.7987895491258218e+17,CONVERGED
S6,S6_alpha00,Uncoupled Mechanical Conservative Limit (beta->0),1.4994949494949494,815644.3299674204,4,1.2126129709558058e-05,3.859866967699308e-06,3.819220659503992,3.819220659503992,False,0.021944896776765605,-2.661066647909653e-07,1110193417792075.9,1.7987895491258218e+17,CONVERGED
S6,S6_alpha00,Uncoupled Mechanical Conservative Limit (beta->0),1.5171717171717172,825259.537629549,0,3.0054195214409427,0.9566547458044091,1.2137540328508521e-05,1.2137540328508521e-05,True,-0.9907307320543357,-0.13575102864089258,1136522687423158.0,2.1991445122533256e+16,CONVERGED
S6,S6_alpha00,Uncoupled Mechanical Conservative Limit (beta->0),1.5171717171717172,825259.537629549,1,7.204581694846949e-06,2.293289579288554e-06,4.673888933818147,4.673888933818147,False,0.009335892171258414,6.726119784327707e-08,1136522687423158.0,2.1991445122533256e+16,CONVERGED
S6,S6_alpha00,Uncoupled Mechanical Conservative Limit (beta->0),1.5171717171717172,825259.537629549,2,3.005418579521981,0.9566544459822917,1.2351421857370923e-05,1.2351421857370923e-05,True,-0.9907303922884746,0.13575193279406092,1136522687423158.0,2.1991445122533256e+16,CONVERGED
S6,S6_alpha00,Uncoupled Mechanical Conservative Limit (beta->0),1.5171717171717172,825259.537629549,3,1.3332216552178725e-07,4.24377633330166e-08,1.2299245795856903,1.2299245795856903,False,0.29231462333950103,3.8972018597308085e-08,1136522687423158.0,2.1991445122533256e+16,CONVERGED
S6,S6_alpha00,Uncoupled Mechanical Conservative Limit (beta->0),1.5171717171717172,825259.537629549,4,1.5060590592590545e-06,4.793934877388166e-07,3.827919945719935,3.827919945719935,False,0.02175481980600495,3.276404345140683e-08,1136522687423158.0,2.1991445122533256e+16,CONVERGED
S6,S6_alpha00,Uncoupled Mechanical Conservative Limit (beta->0),1.534848484848485,834874.7452916778,0,3.0433870178821754,0.9687401752753014,-2.9182091690677923e-06,2.9182091690677923e-06,True,-0.9951846050239911,0.09804814306560279,1163160520401672.0,1.920981194297578e+16,CONVERGED
S6,S6_alpha00,Uncoupled Mechanical Conservative Limit (beta->0),1.534848484848485,834874.7452916778,1,0.0010680354053560167,0.0003399662283191324,4.69122595623505,4.69122595623505,False,0.009175425348697851,9.799682857775523e-06,1163160520401672.0,1.920981194297578e+16,CONVERGED
S6,S6_alpha00,Uncoupled Mechanical Conservative Limit (beta->0),1.534848484848485,834874.7452916778,2,3.0433850404868594,0.9687395458508234,6.405763983118013e-07,6.405763983118013e-07,True,-0.9951808695004893,-0.0980497620000888,1163160520401672.0,1.920981194297578e+16,CONVERGED
S6,S6_alpha00,Uncoupled Mechanical Conservative Limit (beta->0),1.534848484848485,834874.7452916778,3,0.00020634304635941034,6.568103160148056e-05,1.2616886190332384,1.2616886190332384,False,0.2831754410661896,-5.843128399305231e-05,1163160520401672.0,1.920981194297578e+16,CONVERGED
S6,S6_alpha00,Uncoupled Mechanical Conservative Limit (beta->0),1.534848484848485,834874.7452916778,4,1.9423995764574244e-05,6.18284988105606e-06,3.836720527261164,3.836720527261164,False,0.02156420472835664,-4.188630213626891e-07,1163160520401672.0,1.920981194297578e+16,CONVERGED
S6,S6_alpha00,Uncoupled Mechanical Conservative Limit (beta->0),1.5525252525252524,844489.952953806,0,3.091367493111978,0.984012834884744,-4.659416539749679e-07,4.659416539749679e-07,True,-0.9987394470986879,-0.05020407047988599,1190106916727611.2,9861909887735996.0,CONVERGED
S6,S6_alpha00,Uncoupled Mechanical Conservative Limit (beta->0),1.5525252525252524,844489.952953806,1,2.2138443591091393e-06,7.046885459766572e-07,4.705558394973755,4.705558394973755,False,0.009044862201909868,-2.0023917164650342e-08,1190106916727611.2,9861909887735996.0,CONVERGED
S6,S6_alpha00,Uncoupled Mechanical Conservative Limit (beta->0),1.5525252525252524,844489.952953806,2,3.0913677382016713,0.9840129128992164,-3.9260205282691934e-07,3.9260205282691934e-07,True,-0.9987393861560072,0.050203822017211325,1190106916727611.2,9861909887735996.0,CONVERGED
S6,S6_alpha00,Uncoupled Mechanical Conservative Limit (beta->0),1.5525252525252524,844489.952953806,3,3.183614386074469e-06,1.0133759328844428e-06,1.2910692011577605,1.2910692011577605,False,0.2749766205358762,-8.754195249751132e-07,1190106916727611.2,9861909887735996.0,CONVERGED
S6,S6_alpha00,Uncoupled Mechanical Conservative Limit (beta->0),1.5525252525252524,844489.952953806,4,2.250285060433139e-07,7.16287981467557e-08,3.8454300112979,3.8454300112979,False,0.021377207143857165,-4.810480986960716e-09,1190106916727611.2,9861909887735996.0,CONVERGED
S6,S6_alpha00,Uncoupled Mechanical Conservative Limit (beta->0),1.5702020202020202,854105.1606159348,0,3.14159240393763,0.9999999205332484,-0.0531889203262086,0.0531889203262086,False,-1.054628867129794,-2.632903777990862e-07,1217361876400978.8,8214374178845037.0,CONVERGED
S6,S6_alpha00,Uncoupled Mechanical Conservative Limit (beta->0),1.5702020202020202,854105.1606159348,1,6.5119585624885494e-09,2.0728207888592913e-09,-3.8541330344695566,3.8541330344695566,False,47.187689102412435,3.072842760945023e-07,1217361876400978.8,8214374178845037.0,CONVERGED
S6,S6_alpha00,Uncoupled Mechanical Conservative Limit (beta->0),1.5702020202020202,854105.1606159348,2,3.141592599283082,0.999999982713637,0.053179302007287835,0.053179302007287835,False,-0.94820998128631,5.14941655463538e-08,1217361876400978.8,8214374178845037.0,CONVERGED
S6,S6_alpha00,Uncoupled Mechanical Conservative Limit (beta->0),1.5702020202020202,854105.1606159348,3,7.268083408723647e-07,2.3135028026051216e-07,1.3173988590870498,1.3173988590870498,False,0.2678310630230027,-1.946618505498646e-07,1217361876400978.8,8214374178845037.0,CONVERGED
S6,S6_alpha00,Uncoupled Mechanical Conservative Limit (beta->0),1.5702020202020202,854105.1606159348,4,1.8160771660000865e-07,5.7807531601046867e-08,-1.3173990981341013,1.3173990981341013,False,3.7336977561893723,6.780683239761352e-07,1217361876400978.8,8214374178845037.0,CONVERGED
S6,S6_alpha00,Uncoupled Mechanical Conservative Limit (beta->0),1.587878787878788,863720.3682780633,0,3.141592443756402,0.9999999332079572,-0.08011761304579683,0.08011761304579683,False,-1.0834144838591921,2.2733653519362673e-07,1244925399421769.8,2.155224598883901e+16,CONVERGED
S6,S6_alpha00,Uncoupled Mechanical Conservative Limit (beta->0),1.587878787878788,863720.3682780633,1,4.431844503781168e-07,1.4106999195828419e-07,3.862816770540235,3.862816770540235,False,0.021008739303043967,-9.31074658115729e-09,1244925399421769.8,2.155224598883901e+16,CONVERGED
S6,S6_alpha00,Uncoupled Mechanical Conservative Limit (beta->0),1.587878787878788,863720.3682780633,2,3.141592498104851,0.9999999505076057,0.08011789743675435,0.08011789743675435,False,-0.9230075197508764,-1.435137709113745e-07,1244925399421769.8,2.155224598883901e+16,CONVERGED
S6,S6_alpha00,Uncoupled Mechanical Conservative Limit (beta->0),1.587878787878788,863720.3682780633,3,5.5267219356738e-06,1.7592102303137866e-06,1.3411447498038152,1.3411447498038152,False,0.2615460923012505,1.4454925255258028e-06,1244925399421769.8,2.155224598883901e+16,CONVERGED
S6,S6_alpha00,Uncoupled Mechanical Conservative Limit (beta->0),1.587878787878788,863720.3682780633,4,9.001035360205934e-07,2.865118541043426e-07,-1.3411376146379372,1.3411376146379372,False,3.8233905773369448,-3.4414473782497315e-06,1244925399421769.8,2.155224598883901e+16,CONVERGED
S6,S6_alpha00,Uncoupled Mechanical Conservative Limit (beta->0),1.6055555555555556,873335.5759401919,0,3.1415922786455504,0.9999998806515408,-0.0908088956288632,0.0908088956288632,False,-1.0950597145627332,-4.1058633568881775e-07,1272797485789987.2,7626938968088919.0,CONVERGED
S6,S6_alpha00,Uncoupled Mechanical Conservative Limit (beta->0),1.6055555555555556,873335.5759401919,1,6.637820010341033e-06,2.1128837320001427e-06,3.8709735369736915,3.8709735369736915,False,0.02083807291221503,1.3831937735567784e-07,1272797485789987.2,7626938968088919.0,CONVERGED
S6,S6_alpha00,Uncoupled Mechanical Conservative Limit (beta->0),1.6055555555555556,873335.5759401919,2,3.1415921692797877,0.9999998458393373,0.0910373260294648,0.0910373260294648,False,-0.9129836322091949,-4.4216710787156623e-07,1272797485789987.2,7626938968088919.0,CONVERGED
S6,S6_alpha00,Uncoupled Mechanical Conservative Limit (beta->0),1.6055555555555556,873335.5759401919,3,2.8121897806813466e-05,8.951478090158987e-06,1.3624426467812205,1.3624426467812205,False,0.2560346102948229,7.200179147616386e-06,1272797485789987.2,7626938968088919.0,CONVERGED
S6,S6_alpha00,Uncoupled Mechanical Conservative Limit (beta->0),1.6055555555555556,873335.5759401919,4,7.551933317828123e-07,2.4038550348654466e-07,-1.3624322467569452,1.3624322467569452,False,3.905681339263543,-2.949544503480952e-06,1272797485789987.2,7626938968088919.0,CONVERGED
S6,S6_alpha00,Uncoupled Mechanical Conservative Limit (beta->0),1.6232323232323231,882950.7836023204,0,3.141592613060558,0.9999999870991438,-0.09131700522464319,0.09131700522464319,False,-1.0956162662943945,4.440448946419045e-08,1300978135505630.0,2.6531278751067332e+16,CONVERGED
S6,S6_alpha00,Uncoupled Mechanical Conservative Limit (beta->0),1.6232323232323231,882950.7836023204,1,4.594341170768811e-08,1.4624242151569239e-08,3.8801295186884364,3.8801295186884364,False,0.020648150687122134,-9.48646488020836e-10,1300978135505630.0,2.6531278751067332e+16,CONVERGED
S6,S6_alpha00,Uncoupled Mechanical Conservative Limit (beta->0),1.6232323232323231,882950.7836023204,2,3.141592597891145,0.9999999822705697,0.09131721373933502,0.09131721373933502,False,-0.9127281350682552,-5.08377232331762e-08,1300978135505630.0,2.6531278751067332e+16,CONVERGED
S6,S6_alpha00,Uncoupled Mechanical Conservative Limit (beta->0),1.6232323232323231,882950.7836023204,3,1.2823403818051542e-05,4.081816209812773e-06,1.3814061229272123,1.3814061229272123,False,0.251225051259372,3.2215602816862094e-06,1300978135505630.0,2.6531278751067332e+16,CONVERGED
S6,S6_alpha00,Uncoupled Mechanical Conservative Limit (beta->0),1.6232323232323231,882950.7836023204,4,1.6919757388364274e-06,5.385726048547584e-07,-1.3814047545846333,1.3814047545846333,False,3.9804893125179563,-6.7348913454844985e-06,1300978135505630.0,2.6531278751067332e+16,CONVERGED
S6,S6_alpha00,Uncoupled Mechanical Conservative Limit (beta->0),1.6409090909090909,892565.9912644491,0,3.1415925723429896,0.9999999741383392,-0.08173737876395824,0.08173737876395824,False,-1.0851707835117195,8.816665760600312e-08,1329467348568702.0,1.8377483841175452e+16,CONVERGED
S6,S6_alpha00,Uncoupled Mechanical Conservative Limit (beta->0),1.6409090909090909,892565.9912644491,1,2.5498434173671437e-08,8.116403679686234e-09,3.8887413844598333,3.8887413844598333,False,0.02047109506885119,5.219808700760721e-10,1329467348568702.0,1.8377483841175452e+16,CONVERGED
S6,S6_alpha00,Uncoupled Mechanical Conservative Limit (beta->0),1.6409090909090909,892565.9912644491,2,3.1415926134547227,0.9999999872246104,0.08174235594250485,0.08174235594250485,False,-0.9215093495216975,3.6984842804742385e-08,1329467348568702.0,1.8377483841175452e+16,CONVERGED
S6,S6_alpha00,Uncoupled Mechanical Conservative Limit (beta->0),1.6409090909090909,892565.9912644491,3,1.3308466110129742e-05,4.2362163327962336e-06,1.3981573992705523,1.3981573992705523,False,0.24705176254282707,-3.2878800094431457e-06,1329467348568702.0,1.8377483841175452e+16,CONVERGED
S6,S6_alpha00,Uncoupled Mechanical Conservative Limit (beta->0),1.6409090909090909,892565.9912644491,4,2.597141556758191e-07,8.266958333348927e-08,-1.3981632506700918,1.3981632506700918,False,4.047758417245509,1.051260159714631e-06,1329467348568702.0,1.8377483841175452e+16,CONVERGED
S6,S6_alpha00,Uncoupled Mechanical Conservative Limit (beta->0),1.6585858585858586,902181.1989265776,0,3.1415925036450623,0.9999999522711098,-0.05732146029074465,0.05732146029074465,False,-1.0589961809049668,-1.5879089723846644e-07,1358265124979199.2,1.0469578981141848e+16,CONVERGED
S6,S6_alpha00,Uncoupled Mechanical Conservative Limit (beta->0),1.6585858585858586,902181.1989265776,1,2.6910423773195543e-07,8.565853928403448e-08,3.897356373225866,3.897356373225866,False,0.020295494300189194,-5.461603523045791e-09,1358265124979199.2,1.0469578981141848e+16,CONVERGED
S6,S6_alpha00,Uncoupled Mechanical Conservative Limit (beta->0),1.6585858585858586,902181.1989265776,2,3.1415926379305104,0.9999999950154955,0.057322814167020925,0.057322814167020925,False,-0.9442891902311474,-1.4786891609448908e-08,1358265124979199.2,1.0469578981141848e+16,CONVERGED
S6,S6_alpha00,Uncoupled Mechanical Conservative Limit (beta->0),1.6585858585858586,902181.1989265776,3,6.940711925539828e-07,2.2092972230530612e-07,1.412797334992458,1.412797334992458,False,0.24346128693490607,1.6897946576366477e-07,1358265124979199.2,1.0469578981141848e+16,CONVERGED
S6,S6_alpha00,Uncoupled Mechanical Conservative Limit (beta->0),1.6585858585858586,902181.1989265776,4,5.265472162997181e-08,1.676051844907551e-08,-1.412796125053875,1.412796125053875,False,4.107424234265529,2.1627527967145175e-07,1358265124979199.2,1.0469578981141848e+16,CONVERGED
S6,S6_alpha00,Uncoupled Mechanical Conservative Limit (beta->0),1.6762626262626263,911796.4065887061,0,3.0986621697421493,0.9863348025726414,1.9592760216386648e-08,1.9592760216386648e-08,True,-0.9990786087260042,0.04291729721909546,1387371464737125.5,3.885431920477433e+16,CONVERGED
S6,S6_alpha00,Uncoupled Mechanical Conservative Limit (beta->0),1.6762626262626263,911796.4065887061,1,8.548796902161071e-06,2.721166568935233e-06,4.812936440502762,4.812936440502762,False,0.008123969086002247,6.945016175736017e-08,1387371464737125.5,3.885431920477433e+16,CONVERGED
S6,S6_alpha00,Uncoupled Mechanical Conservative Limit (beta->0),1.6762626262626263,911796.4065887061,2,3.098662254943501,0.986334829693074,1.192147737062408e-07,1.192147737062408e-07,True,-0.9990785128523942,-0.04291720782074864,1387371464737125.5,3.885431920477433e+16,CONVERGED
S6,S6_alpha00,Uncoupled Mechanical Conservative Limit (beta->0),1.6762626262626263,911796.4065887061,3,1.0153652528306084e-07,3.232007980634868e-08,3.905943470085255,3.905943470085255,False,0.020121961064511324,-2.043114008371527e-09,1387371464737125.5,3.885431920477433e+16,CONVERGED
S6,S6_alpha00,Uncoupled Mechanical Conservative Limit (beta->0),1.6762626262626263,911796.4065887061,4,4.4260001834156365e-06,1.408839614632468e-06,1.4253715416427577,1.4253715416427577,False,0.24041912089469206,1.0640950731834814e-06,1387371464737125.5,3.885431920477433e+16,CONVERGED
S6,S6_alpha00,Uncoupled Mechanical Conservative Limit (beta->0),1.6939393939393939,921411.6142508347,0,3.0483115327301133,0.9703076970360589,4.2430195832740004e-08,4.2430195832740004e-08,True,-0.9956524278264977,-0.09314589686514814,1416786367842471.5,2.335051178585377e+16,CONVERGED
S6,S6_alpha00,Uncoupled Mechanical Conservative Limit (beta->0),1.6939393939393939,921411.6142508347,1,1.5650876615415125e-07,4.981828754129339e-08,4.827818090325494,4.827818090325494,False,0.008003966158640432,-1.252690867828406e-09,1416786367842471.5,2.335051178585377e+16,CONVERGED
S6,S6_alpha00,Uncoupled Mechanical Conservative Limit (beta->0),1.6939393939393939,921411.6142508347,2,3.048311256833983,0.970307609215593,1.2819364322540695e-07,1.2819364322540695e-07,True,-0.9956523167372885,0.09314616357326036,1416786367842471.5,2.335051178585377e+16,CONVERGED
S6,S6_alpha00,Uncoupled Mechanical Conservative Limit (beta->0),1.6939393939393939,921411.6142508347,3,6.973302863747379e-07,2.21967124088453e-07,3.9145076756882924,3.9145076756882924,False,0.0199503682795559,1.3911996025666456e-08,1416786367842471.5,2.335051178585377e+16,CONVERGED
S6,S6_alpha00,Uncoupled Mechanical Conservative Limit (beta->0),1.6939393939393939,921411.6142508347,4,2.143347692294782e-06,6.822487599866425e-07,1.4359478722933297,1.4359478722933297,False,0.23788976799297476,5.098804852490643e-07,1416786367842471.5,2.335051178585377e+16,CONVERGED
S6,S6_alpha00,Uncoupled Mechanical Conservative Limit (beta->0),1.7116161616161616,931026.8219129633,0,3.0101165013415114,0.9581498409419668,2.254286426029544e-09,2.254286426029544e-09,True,-0.9913694514992618,-0.13109769687328585,1446509834295246.2,2.1503020652861668e+16,CONVERGED
S6,S6_alpha00,Uncoupled Mechanical Conservative Limit (beta->0),1.7116161616161616,931026.8219129633,1,1.2217270266482427e-05,3.888877908000631e-06,4.842567493966694,4.842567493966694,False,0.007886778776892953,-9.635490785405296e-08,1446509834295246.2,2.1503020652861668e+16,CONVERGED
S6,S6_alpha00,Uncoupled Mechanical Conservative Limit (beta->0),1.7116161616161616,931026.8219129633,2,3.0101167078580846,0.9581499066782336,3.0149010594803297e-09,3.0149010594803297e-09,True,-0.9913694778190376,0.13109749203934676,1446509834295246.2,2.1503020652861668e+16,CONVERGED
S6,S6_alpha00,Uncoupled Mechanical Conservative Limit (beta->0),1.7116161616161616,931026.8219129633,3,7.857905824028115e-08,2.501249108489335e-08,3.9230515607607694,3.9230515607607694,False,0.019780640724667203,-1.5543441195337044e-09,1446509834295246.2,2.1503020652861668e+16,CONVERGED
S6,S6_alpha00,Uncoupled Mechanical Conservative Limit (beta->0),1.7116161616161616,931026.8219129633,4,1.9151394715589786e-05,6.096078272180235e-06,1.4445769017392824,1.4445769017392824,False,0.23584584137125483,4.5167768006834914e-06,1446509834295246.2,2.1503020652861668e+16,CONVERGED
S6,S6_alpha00,Uncoupled Mechanical Conservative Limit (beta->0),1.7292929292929293,940642.0295750919,0,2.9754779311405106,0.9471240416037169,3.0749676400001056e-08,3.0749676400001056e-08,True,-0.9862346164324807,-0.16535180631286378,1476541864095445.2,1.7249652181649314e+16,CONVERGED
S6,S6_alpha00,Uncoupled Mechanical Conservative Limit (beta->0),1.7292929292929293,940642.0295750919,1,3.557920214160278e-06,1.1325211784203663e-06,4.857226616494591,4.857226616494591,False,0.007772008789872902,-2.7652187178236837e-08,1476541864095445.2,1.7249652181649314e+16,CONVERGED
S6,S6_alpha00,Uncoupled Mechanical Conservative Limit (beta->0),1.7292929292929293,940642.0295750919,2,2.9754777490316724,0.9471239836366734,6.746155887137522e-08,6.746155887137522e-08,True,-0.9862345501139114,0.16535197984451896,1476541864095445.2,1.7249652181649314e+16,CONVERGED
S6,S6_alpha00,Uncoupled Mechanical Conservative Limit (beta->0),1.7292929292929293,940642.0295750919,3,1.2882400562887138e-06,4.1005954569466056e-07,3.931572282786027,3.931572282786027,False,0.019612811412417146,-2.526600927792617e-08,1476541864095445.2,1.7249652181649314e+16,CONVERGED
S6,S6_alpha00,Uncoupled Mechanical Conservative Limit (beta->0),1.7292929292929293,940642.0295750919,4,1.1658964014241995e-05,3.7111635083942806e-06,1.451299907278512,1.451299907278512,False,0.23426556655083414,-2.7312938103159443e-06,1476541864095445.2,1.7249652181649314e+16,CONVERGED
S6,S6_alpha00,Uncoupled Mechanical Conservative Limit (beta->0),1.7469696969696968,950257.2372372204,0,2.941997418207655,0.9364668633426847,0.00022380428132443386,0.00022380428132443386,True,-0.9799275753404384,0.19822824896196875,1506882457243075.5,1.8757167365973556e+16,CONVERGED
S6,S6_alpha00,Uncoupled Mechanical Conservative Limit (beta->0),1.7469696969696968,950257.2372372204,1,5.265619458582654e-07,1.6760987305485983e-07,4.871736271295809,4.871736271295809,False,0.007660053803521016,-4.033492836161406e-09,1506882457243075.5,1.8757167365973556e+16,CONVERGED
S6,S6_alpha00,Uncoupled Mechanical Conservative Limit (beta->0),1.7469696969696968,950257.2372372204,2,2.9419988981897602,0.9364673344356201,0.00022719086621134064,0.00022719086621134064,True,-0.9799245501103354,-0.1982261273757315,1506882457243075.5,1.8757167365973556e+16,CONVERGED
S6,S6_alpha00,Uncoupled Mechanical Conservative Limit (beta->0),1.7469696969696968,950257.2372372204,3,5.977670927745642e-06,1.9027517526548697e-06,3.938359026865687,3.938359026865687,False,0.01948015494228031,1.1644595586783656e-07,1506882457243075.5,1.8757167365973556e+16,CONVERGED
S6,S6_alpha00,Uncoupled Mechanical Conservative Limit (beta->0),1.7469696969696968,950257.2372372204,4,7.359777718396064e-06,2.34269000788065e-06,1.4561347377273428,1.4561347377273428,False,0.2331356659061429,-1.7158266793304395e-06,1506882457243075.5,1.8757167365973556e+16,CONVERGED
S6,S6_alpha00,Uncoupled Mechanical Conservative Limit (beta->0),1.7646464646464646,959872.4448993491,0,2.910125771923123,0.9263218032413653,0.00012434918829029018,0.00012434918829029018,True,-0.973209906150039,-0.22937700651488463,1537531613738130.2,1.1565801952346104e+16,CONVERGED
S6,S6_alpha00,Uncoupled Mechanical Conservative Limit (beta->0),1.7646464646464646,959872.4448993491,1,1.187863279579053e-05,3.7810862532471266e-06,4.8861211430762825,4.8861211430762825,False,0.007550653651230224,8.96914420953774e-08,1537531613738130.2,1.1565801952346104e+16,CONVERGED
S6,S6_alpha00,Uncoupled Mechanical Conservative Limit (beta->0),1.7646464646464646,959872.4448993491,2,2.9101304240529187,0.9263232840602711,0.00013930657827204043,0.00013930657827204043,True,-0.9731964166439175,0.2293690482256391,1537531613738130.2,1.1565801952346104e+16,CONVERGED
S6,S6_alpha00,Uncoupled Mechanical Conservative Limit (beta->0),1.7646464646464646,959872.4448993491,3,2.0344755875889187e-05,6.475936927291294e-06,3.9473718227417076,3.9473718227417076,False,0.019305373098160293,-3.9276310282921906e-07,1537531613738130.2,1.1565801952346104e+16,CONVERGED
S6,S6_alpha00,Uncoupled Mechanical Conservative Limit (beta->0),1.7646464646464646,959872.4448993491,4,2.3967951542017742e-05,7.629235927398278e-06,1.4590958734168578,1.4590958734168578,False,0.23244634060133582,-5.571262628718995e-06,1537531613738130.2,1.1565801952346104e+16,CONVERGED
S6,S6_alpha00,Uncoupled Mechanical Conservative Limit (beta->0),1.7823232323232323,969487.6525614776,0,2.8792039899561237,0.9164790943428498,-2.4161447178685636e-07,2.4161447178685636e-07,True,-0.9657733761269592,0.25938825955196054,1568489333580604.5,4.427394851548132e+16,CONVERGED
S6,S6_alpha00,Uncoupled Mechanical Conservative Limit (beta->0),1.7823232323232323,969487.6525614776,1,2.9103584936720722e-05,9.263958808747857e-06,4.900392208726792,4.900392208726792,False,0.007443663025577127,-2.1663727916637674e-07,1568489333580604.5,4.427394851548132e+16,CONVERGED
S6,S6_alpha00,Uncoupled Mechanical Conservative Limit (beta->0),1.7823232323232323,969487.6525614776,2,2.879203726200075,0.916479010386692,-1.626211479145732e-07,1.626211479145732e-07,True,-0.9657732314220625,-0.2593884937905612,1568489333580604.5,4.427394851548132e+16,CONVERGED
S6,S6_alpha00,Uncoupled Mechanical Conservative Limit (beta->0),1.7823232323232323,969487.6525614776,3,5.915991889244972e-07,1.8831187049297958e-07,3.9570042021372043,3.9570042021372043,False,0.019120309158014544,-1.131155938986836e-08,1568489333580604.5,4.427394851548132e+16,CONVERGED
S6,S6_alpha00,Uncoupled Mechanical Conservative Limit (beta->0),1.7823232323232323,969487.6525614776,4,2.8621821513710363e-05,9.110608748401918e-06,1.4602434178299986,1.4602434178299986,False,0.23217975106431682,6.645407395875238e-06,1568489333580604.5,4.427394851548132e+16,CONVERGED
S6,S6_alpha00,Uncoupled Mechanical Conservative Limit (beta->0),1.8,979102.8602236061,0,2.8480107101408314,0.906549964995145,2.0677059512087944e-05,2.0677059512087944e-05,True,-0.957193673567698,-0.28937677518767946,1599755616770511.0,2.7920023639645896e+16,CONVERGED
S6,S6_alpha00,Uncoupled Mechanical Conservative Limit (beta->0),1.8,979102.8602236061,1,1.2315731844361988e-05,3.920219201648951e-06,4.914552812075197,4.914552812075197,False,0.007338999069915202,9.038514455566745e-08,1599755616770511.0,2.7920023639645896e+16,CONVERGED
S6,S6_alpha00,Uncoupled Mechanical Conservative Limit (beta->0),1.8,979102.8602236061,2,2.8480111636073002,0.906550109338005,2.687559031312156e-05,2.687559031312156e-05,True,-0.957187871613371,0.2893745474298099,1599755616770511.0,2.7920023639645896e+16,CONVERGED
S6,S6_alpha00,Uncoupled Mechanical Conservative Limit (beta->0),1.8,979102.8602236061,3,5.29739354834778e-06,1.686212737445329e-06,3.9649714428847167,3.9649714428847167,False,0.018968578292306408,-1.0048402426793366e-07,1599755616770511.0,2.7920023639645896e+16,CONVERGED
S6,S6_alpha00,Uncoupled Mechanical Conservative Limit (beta->0),1.8,979102.8602236061,4,3.079000174295267e-07,9.800761950397982e-08,1.4595011358800174,1.4595011358800174,False,0.23235215797716274,7.154123349095882e-08,1599755616770511.0,2.7920023639645896e+16,CONVERGED
S6,S6_alpha05,Weak Thermoelastic Coupling (0.5x alpha_t),0.05,27197.301672877948,0,3.1050536030739132e-09,9.883692589890265e-10,3.1351272052001016,3.1351272052001016,False,0.043494220786335906,1.350518869655046e-10,1998391289747389.8,1.0380024681283984e+17,CONVERGED
S6,S6_alpha05,Weak Thermoelastic Coupling (0.5x alpha_t),0.05,27197.301672877948,1,5.433591159322157e-06,1.729565783493087e-06,3.208911760793441,3.208911760793441,False,0.04040055482536567,-2.1952009753297738e-07,1998391289747389.8,1.0380024681283984e+17,CONVERGED
S6,S6_alpha05,Weak Thermoelastic Coupling (0.5x alpha_t),0.05,27197.301672877948,2,0.2729926735218879,0.08689626683776086,3.5580044689513015e-07,3.5580044689513015e-07,True,0.9629679990163301,0.26961439366221646,1998391289747389.8,1.0380024681283984e+17,CONVERGED
S6,S6_alpha05,Weak Thermoelastic Coupling (0.5x alpha_t),0.05,27197.301672877948,3,0.2729934732164757,0.08689652138845409,6.242134310575814e-07,6.242134310575814e-07,True,0.9629675249338291,-0.26961509137422635,1998391289747389.8,1.0380024681283984e+17,CONVERGED
S6,S6_alpha05,Weak Thermoelastic Coupling (0.5x alpha_t),0.05,27197.301672877948,4,0.27946661099469877,0.08895698513789227,0.004468549307912161,0.004468549307912161,True,0.9569171073039333,0.27461312476675886,1998391289747389.8,1.0380024681283984e+17,CONVERGED
S6,S6_alpha05,Weak Thermoelastic Coupling (0.5x alpha_t),0.06767676767676768,36812.509335006514,0,1.4947009917050687e-08,4.757781025484395e-09,3.1413277453094297,3.1413277453094297,False,0.04322536750497972,6.460899967650923e-10,4947523495704616.0,8.52825477207144e+16,CONVERGED
S6,S6_alpha05,Weak Thermoelastic Coupling (0.5x alpha_t),0.06767676767676768,36812.509335006514,1,1.769357786344918e-05,5.632040755898547e-06,3.2099352954755047,3.2099352954755047,False,0.040359224605667515,-7.140990831433316e-07,4947523495704616.0,8.52825477207144e+16,CONVERGED
S6,S6_alpha05,Weak Thermoelastic Coupling (0.5x alpha_t),0.06767676767676768,36812.509335006514,2,0.36881971183574513,0.11739896049677451,-8.58638931886594e-07,8.58638931886594e-07,True,0.932754307416832,0.3605150749617614,4947523495704616.0,8.52825477207144e+16,CONVERGED
S6,S6_alpha05,Weak Thermoelastic Coupling (0.5x alpha_t),0.06767676767676768,36812.509335006514,3,0.3688186710795684,0.11739862921379435,5.564494958457972e-07,5.564494958457972e-07,True,0.9327533626951945,-0.3605135940327834,4947523495704616.0,8.52825477207144e+16,CONVERGED
S6,S6_alpha05,Weak Thermoelastic Coupling (0.5x alpha_t),0.06767676767676768,36812.509335006514,4,0.4237415540106171,0.13488112582846212,0.080640262027781,0.080640262027781,False,0.8409344794825842,0.37931846503011246,4947523495704616.0,8.52825477207144e+16,CONVERGED
S6,S6_alpha05,Weak Thermoelastic Coupling (0.5x alpha_t),0.08535353535353535,46427.71699713508,0,1.8477433023245905e-07,5.8815496025980195e-08,3.1492662496261636,3.1492662496261636,False,0.04288358116953971,-7.923784988571083e-09,9904156533652754.0,9.926862778347858e+16,CONVERGED
S6,S6_alpha05,Weak Thermoelastic Coupling (0.5x alpha_t),0.08535353535353535,46427.71699713508,1,0.2455061165586007,0.07814702401919263,-0.16749025766471826,0.16749025766471826,False,1.1468808299557391,-0.28736302643171147,9904156533652754.0,9.926862778347858e+16,CONVERGED
S6,S6_alpha05,Weak Thermoelastic Coupling (0.5x alpha_t),0.08535353535353535,46427.71699713508,2,0.3854949791599627,0.1227068629408305,-0.10543581133817784,0.10543581133817784,False,1.0296468863773909,0.4178290557959776,9904156533652754.0,9.926862778347858e+16,CONVERGED
S6,S6_alpha05,Weak Thermoelastic Coupling (0.5x alpha_t),0.08535353535353535,46427.71699713508,3,0.46405074557353826,0.14771194000701618,-5.227643311702104e-06,5.227643311702104e-06,True,0.8942515049835617,-0.4475764752262066,9904156533652754.0,9.926862778347858e+16,CONVERGED
S6,S6_alpha05,Weak Thermoelastic Coupling (0.5x alpha_t),0.08535353535353535,46427.71699713508,4,0.46404120326805215,0.14770890259684297,5.08766675536176e-06,5.08766675536176e-06,True,0.8942465513762728,0.4475633252065017,9904156533652754.0,9.926862778347858e+16,CONVERGED
S6,S6_alpha05,Weak Thermoelastic Coupling (0.5x alpha_t),0.10303030303030303,56042.924659263655,0,6.319389810983419e-10,2.0115242514851386e-10,-3.1588526492073012,3.1588526492073012,False,23.543567695542134,1.4878098180940732e-08,1.7375549259412852e+16,2.5058815611312877e+17,CONVERGED
S6,S6_alpha05,Weak Thermoelastic Coupling (0.5x alpha_t),0.10303030303030303,56042.924659263655,1,0.42252416218279065,0.13449361797430562,-0.43882852859745813,0.43882852859745813,False,1.414499128301389,-0.6359637838269856,1.7375549259412852e+16,2.5058815611312877e+17,CONVERGED
S6,S6_alpha05,Weak Thermoelastic Coupling (0.5x alpha_t),0.10303030303030303,56042.924659263655,2,0.5862085912891836,0.1865959899732203,-0.431574480910386,0.431574480910386,False,1.2826211742078326,0.8517610279840298,1.7375549259412852e+16,2.5058815611312877e+17,CONVERGED
S6,S6_alpha05,Weak Thermoelastic Coupling (0.5x alpha_t),0.10303030303030303,56042.924659263655,3,0.5585627048648082,0.17779603101202737,3.15886588147702e-07,3.15886588147702e-07,True,0.848017439074341,0.5299677266143851,1.7375549259412852e+16,2.5058815611312877e+17,CONVERGED
S6,S6_alpha05,Weak Thermoelastic Coupling (0.5x alpha_t),0.10303030303030303,56042.924659263655,4,0.5585611404649333,0.17779553304808124,4.3649540867379506e-07,4.3649540867379506e-07,True,0.8480181658762715,-0.5299663360567425,1.7375549259412852e+16,2.5058815611312877e+17,CONVERGED
S6,S6_alpha05,Weak Thermoelastic Coupling (0.5x alpha_t),0.12070707070707071,65658.13232139223,0,1.0133950962506255e-08,3.225736777467482e-09,-3.169983727212043,3.169983727212043,False,23.807096945436076,-2.412599530046816e-07,2.7857313567196496e+16,4.2014563318966464e+17,CONVERGED
S6,S6_alpha05,Weak Thermoelastic Coupling (0.5x alpha_t),0.12070707070707071,65658.13232139223,1,2.1611566606879867e-05,6.879175306889342e-06,-0.6644880395567385,0.6644880395567385,False,1.9434952734391449,-4.2001977558625424e-05,2.7857313567196496e+16,4.2014563318966464e+17,CONVERGED
S6,S6_alpha05,Weak Thermoelastic Coupling (0.5x alpha_t),0.12070707070707071,65658.13232139223,2,2.2147145029882857e-07,7.049655213757918e-08,3.1699838419982425,3.1699838419982425,False,0.04200427660313648,9.30274805804994e-09,2.7857313567196496e+16,4.2014563318966464e+17,CONVERGED
S6,S6_alpha05,Weak Thermoelastic Coupling (0.5x alpha_t),0.12070707070707071,65658.13232139223,3,0.6522410024001638,0.2076147592383977,-1.268849279311649e-06,1.268849279311649e-06,True,0.7947265848819448,0.606969680448422,2.7857313567196496e+16,4.2014563318966464e+17,CONVERGED
S6,S6_alpha05,Weak Thermoelastic Coupling (0.5x alpha_t),0.12070707070707071,65658.13232139223,4,0.6522375617964933,0.20761366406023493,2.040921496109591e-06,2.040921496109591e-06,True,0.7947260428539673,-0.6069649371874891,2.7857313567196496e+16,4.2014563318966464e+17,CONVERGED
S6,S6_alpha05,Weak Thermoelastic Coupling (0.5x alpha_t),0.1383838383838384,75273.3399835208,0,3.351164347831189e-08,1.066708742141323e-08,-3.1825474686750157,3.1825474686750157,False,24.108089996639052,8.079017169104255e-07,4.1831016767292824e+16,1.316704583892776e+17,CONVERGED
S6,S6_alpha05,Weak Thermoelastic Coupling (0.5x alpha_t),0.1383838383838384,75273.3399835208,1,9.626515843714155e-06,3.0642151625591103e-06,-0.6213609675979274,0.6213609675979274,False,1.8614597049569437,1.7919371342757022e-05,4.1831016767292824e+16,1.316704583892776e+17,CONVERGED
S6,S6_alpha05,Weak Thermoelastic Coupling (0.5x alpha_t),0.1383838383838384,75273.3399835208,2,5.4801423594299016e-08,1.744383490701102e-08,3.182547399430796,3.182547399430796,False,0.041479854662216355,-2.2731550859740796e-09,4.1831016767292824e+16,1.316704583892776e+17,CONVERGED
S6,S6_alpha05,Weak Thermoelastic Coupling (0.5x alpha_t),0.1383838383838384,75273.3399835208,3,0.7449961698332804,0.2371396460269915,-6.042518934755637e-07,6.042518934755637e-07,True,0.7350909433009747,-0.6779694046056949,4.1831016767292824e+16,1.316704583892776e+17,CONVERGED
S6,S6_alpha05,Weak Thermoelastic Coupling (0.5x alpha_t),0.1383838383838384,75273.3399835208,4,0.7449959836532171,0.2371395867640367,5.52804423405277e-07,5.52804423405277e-07,True,0.7350902189840752,0.6779684832982347,4.1831016767292824e+16,1.316704583892776e+17,CONVERGED
S6,S6_alpha05,Weak Thermoelastic Coupling (0.5x alpha_t),0.15606060606060607,84888.54764564935,0,1.5240859706058394e-07,4.851316318378569e-08,-3.1964261064243127,3.1964261064243127,False,24.445010032075867,3.7256296841206116e-06,5.976642474973281e+16,1.8619236470344384e+17,CONVERGED
S6,S6_alpha05,Weak Thermoelastic Coupling (0.5x alpha_t),0.15606060606060607,84888.54764564935,1,1.0224695182291647e-06,3.254621559739207e-07,-3.081599946747043,3.081599946747043,False,21.79324254507971,2.2282926205726753e-05,5.976642474973281e+16,1.8619236470344384e+17,CONVERGED
S6,S6_alpha05,Weak Thermoelastic Coupling (0.5x alpha_t),0.15606060606060607,84888.54764564935,2,5.054169360456439e-07,1.6087920738804914e-07,3.196425796402006,3.196425796402006,False,0.04090815707214072,2.0675675406677063e-08,5.976642474973281e+16,1.8619236470344384e+17,CONVERGED
S6,S6_alpha05,Weak Thermoelastic Coupling (0.5x alpha_t),0.15606060606060607,84888.54764564935,3,0.83675151396443,0.2663462791741323,4.957282442729969e-07,4.957282442729969e-07,True,0.6698779305345671,-0.7424705830716316,5.976642474973281e+16,1.8619236470344384e+17,CONVERGED
S6,S6_alpha05,Weak Thermoelastic Coupling (0.5x alpha_t),0.15606060606060607,84888.54764564935,4,0.8367622464114439,0.2663496954181197,1.2254137881408614e-06,1.2254137881408614e-06,True,0.6698694731755458,0.7424772306831663,5.976642474973281e+16,1.8619236470344384e+17,CONVERGED
S6,S6_alpha05,Weak Thermoelastic Coupling (0.5x alpha_t),0.17373737373737375,94503.75530777793,0,2.3153575743639294e-07,7.3700120597056e-08,-3.2114994541714768,3.2114994541714768,False,24.816269198908117,5.745853685714722e-06,8.21143844812717e+16,1.0431967334853074e+17,CONVERGED
S6,S6_alpha05,Weak Thermoelastic Coupling (0.5x alpha_t),0.17373737373737375,94503.75530777793,1,3.6816821601349153e-06,1.1719158293574376e-06,-3.0466784035746572,3.0466784035746572,False,21.045324123808772,-7.748219438123381e-05,8.21143844812717e+16,1.0431967334853074e+17,CONVERGED
S6,S6_alpha05,Weak Thermoelastic Coupling (0.5x alpha_t),0.17373737373737375,94503.75530777793,2,1.4831149981156704e-07,4.7209016624767195e-08,3.2114992531980393,3.2114992531980393,False,0.04029615382385595,-5.976383010253731e-09,8.21143844812717e+16,1.0431967334853074e+17,CONVERGED
S6,S6_alpha05,Weak Thermoelastic Coupling (0.5x alpha_t),0.17373737373737375,94503.75530777793,3,0.9274690150772137,0.29522255662822033,-3.6729781654114362e-06,3.6729781654114362e-06,True,0.5998631565588217,0.8001072049335632,8.21143844812717e+16,1.0431967334853074e+17,CONVERGED
S6,S6_alpha05,Weak Thermoelastic Coupling (0.5x alpha_t),0.17373737373737375,94503.75530777793,4,0.9274732623165457,0.2952239085664887,-4.152004923697897e-06,4.152004923697897e-06,True,0.5998600456555649,-0.8001101359628119,8.21143844812717e+16,1.0431967334853074e+17,CONVERGED
S6,S6_alpha05,Weak Thermoelastic Coupling (0.5x alpha_t),0.19141414141414143,104118.96296990648,0,2.887442384437063e-06,9.191014567524147e-07,3.214551933528873,3.214551933528873,False,0.040173330113645864,-1.1599817609444527e-07,1.0930317599897114e+17,1.441441421926587e+17,CONVERGED
S6,S6_alpha05,Weak Thermoelastic Coupling (0.5x alpha_t),0.19141414141414143,104118.96296990648,1,2.791130543394222e-07,8.884444455919168e-08,-3.0089412379684237,3.0089412379684237,False,20.265931763322698,5.656486113495458e-06,1.0930317599897114e+17,1.441441421926587e+17,CONVERGED
S6,S6_alpha05,Weak Thermoelastic Coupling (0.5x alpha_t),0.19141414141414143,104118.96296990648,2,7.251123848964757e-07,2.308104407068542e-07,3.2276481965412454,3.2276481965412454,False,0.039650639732525784,-2.875116993912777e-08,1.0930317599897114e+17,1.441441421926587e+17,CONVERGED
S6,S6_alpha05,Weak Thermoelastic Coupling (0.5x alpha_t),0.19141414141414143,104118.96296990648,3,1.0170927099303229,0.3237506647362843,1.5791611039438778e-07,1.5791611039438778e-07,True,0.5258409780827645,0.85058271199031,1.0930317599897114e+17,1.441441421926587e+17,CONVERGED
S6,S6_alpha05,Weak Thermoelastic Coupling (0.5x alpha_t),0.19141414141414143,104118.96296990648,4,1.0171018066342552,0.32375356030707764,-2.9687565734117785e-06,2.9687565734117785e-06,True,0.525834884672907,-0.8505901548876548,1.0930317599897114e+17,1.441441421926587e+17,CONVERGED
S6,S6_alpha05,Weak Thermoelastic Coupling (0.5x alpha_t),0.2090909090909091,113734.17063203505,0,3.220439486727781e-06,1.0250977264821053e-06,3.215397954007912,3.215397954007912,False,0.04013935702660773,-1.2926637034079863e-07,1.4175970109381602e+17,8.39896101451319e+16,CONVERGED
S6,S6_alpha05,Weak Thermoelastic Coupling (0.5x alpha_t),0.2090909090909091,113734.17063203505,1,4.828477085638628e-08,1.536951991570673e-08,-3.244757991396544,3.244757991396544,False,25.655500457033273,1.238769960773766e-06,1.4175970109381602e+17,8.39896101451319e+16,CONVERGED
S6,S6_alpha05,Weak Thermoelastic Coupling (0.5x alpha_t),0.2090909090909091,113734.17063203505,2,4.822904236082045e-06,1.5351780984625976e-06,-2.972612503317153,2.972612503317153,False,19.542908876237394,9.425357800530152e-05,1.4175970109381602e+17,8.39896101451319e+16,CONVERGED
S6,S6_alpha05,Weak Thermoelastic Coupling (0.5x alpha_t),0.2090909090909091,113734.17063203505,3,1.105606284957051,0.35192541072876254,3.191196266461448e-06,3.191196266461448e-06,True,0.44859122529512196,0.8937334782898398,1.4175970109381602e+17,8.39896101451319e+16,CONVERGED
S6,S6_alpha05,Weak Thermoelastic Coupling (0.5x alpha_t),0.2090909090909091,113734.17063203505,4,1.1056218049178999,0.35193035088573393,-6.617319928299837e-06,6.617319928299837e-06,True,0.448581754432329,-0.8937492066110316,1.4175970109381602e+17,8.39896101451319e+16,CONVERGED
S6,S6_alpha05,Weak Thermoelastic Coupling (0.5x alpha_t),0.22676767676767678,123349.37829416365,0,3.3250365326095235e-06,1.0583920002518836e-06,3.2160787743223573,3.2160787743223573,False,0.04011203863743386,-1.3337399386740384e-07,1.798955046303931e+17,2.7382817871342986e+17,CONVERGED
S6,S6_alpha05,Weak Thermoelastic Coupling (0.5x alpha_t),0.22676767676767678,123349.37829416365,1,3.571046356292923e-07,1.1366993592286408e-07,-3.2627148343446764,3.2627148343446764,False,26.120353404329073,9.327699284961675e-06,1.798955046303931e+17,2.7382817871342986e+17,CONVERGED
S6,S6_alpha05,Weak Thermoelastic Coupling (0.5x alpha_t),0.22676767676767678,123349.37829416365,2,6.411838389584761e-06,2.040951548017585e-06,-2.9330995910655338,2.9330995910655338,False,18.785768547999087,0.00012045131195556517,1.798955046303931e+17,2.7382817871342986e+17,CONVERGED
S6,S6_alpha05,Weak Thermoelastic Coupling (0.5x alpha_t),0.22676767676767678,123349.37829416365,3,1.193006408036758,0.37974573395871336,5.514135238865282e-06,5.514135238865282e-06,True,0.36886510694249114,-0.9294770059934985,1.798955046303931e+17,2.7382817871342986e+17,CONVERGED
S6,S6_alpha05,Weak Thermoelastic Coupling (0.5x alpha_t),0.22676767676767678,123349.37829416365,4,1.1930077952879894,0.37974617553449497,9.181333674146214e-07,9.181333674146214e-07,True,0.36886551282670643,0.9294817895914056,1.798955046303931e+17,2.7382817871342986e+17,CONVERGED
S6,S6_alpha05,Weak Thermoelastic Coupling (0.5x alpha_t),0.24444444444444446,132964.58595629223,0,1.7363171628446098e-06,5.526869184840301e-07,3.2166487755462962,3.2166487755462962,False,0.04008918124146777,-6.960753343401862e-08,2.240372831651878e+17,7.20548319771246e+16,CONVERGED
S6,S6_alpha05,Weak Thermoelastic Coupling (0.5x alpha_t),0.24444444444444446,132964.58595629223,1,9.135634131646787e-07,2.9079626606612425e-07,3.2814139889712948,3.2814139889712948,False,0.037575088465609,3.432722606861606e-08,2.240372831651878e+17,7.20548319771246e+16,CONVERGED
S6,S6_alpha05,Weak Thermoelastic Coupling (0.5x alpha_t),0.24444444444444446,132964.58595629223,2,8.03423245035154e-06,2.5573756168455167e-06,-2.8914949795088773,2.8914949795088773,False,18.020229347340806,-0.00014477871138829777,2.240372831651878e+17,7.20548319771246e+16,CONVERGED
S6,S6_alpha05,Weak Thermoelastic Coupling (0.5x alpha_t),0.24444444444444446,132964.58595629223,3,1.279276451269914,0.40720634160132996,4.222731796489082e-06,4.222731796489082e-06,True,0.28740709203399345,-0.957804112551535,2.240372831651878e+17,7.20548319771246e+16,CONVERGED
S6,S6_alpha05,Weak Thermoelastic Coupling (0.5x alpha_t),0.24444444444444446,132964.58595629223,4,1.2792715220340485,0.40720477257682264,-3.1487327410886777e-06,3.1487327410886777e-06,True,0.28741393192668346,0.9578097562771821,2.240372831651878e+17,7.20548319771246e+16,CONVERGED
S6,S6_alpha05,Weak Thermoelastic Coupling (0.5x alpha_t),0.2621212121212121,142579.79361842075,0,1.9362692402213e-06,6.163336414760168e-07,3.2170561654546934,3.2170561654546934,False,0.040072852639858964,-7.75918319345768e-08,2.7459601875888323e+17,5.8835657735139384e+16,CONVERGED
S6,S6_alpha05,Weak Thermoelastic Coupling (0.5x alpha_t),0.2621212121212121,142579.79361842075,1,6.272767660844385e-06,1.996683960180739e-06,3.300757035069619,3.300757035069619,False,0.03685525611555733,-2.3118445869683744e-07,2.7459601875888323e+17,5.8835657735139384e+16,CONVERGED
S6,S6_alpha05,Weak Thermoelastic Coupling (0.5x alpha_t),0.2621212121212121,142579.79361842075,2,5.421680683734461e-06,1.7257745613643728e-06,-2.84781791641166,2.84781791641166,False,17.250099583150437,-9.352453170337898e-05,2.7459601875888323e+17,5.8835657735139384e+16,CONVERGED
S6,S6_alpha05,Weak Thermoelastic Coupling (0.5x alpha_t),0.2621212121212121,142579.79361842075,3,1.3644182080395468,0.4343078045081598,8.829904661764198e-06,8.829904661764198e-06,True,0.2049144190918188,0.9787708726739228,2.7459601875888323e+17,5.8835657735139384e+16,CONVERGED
S6,S6_alpha05,Weak Thermoelastic Coupling (0.5x alpha_t),0.2621212121212121,142579.79361842075,4,1.3644505288914244,0.43431809255484227,-8.326454899843769e-06,8.326454899843769e-06,True,0.20488629934926383,-0.9787942875739641,2.7459601875888323e+17,5.8835657735139384e+16,CONVERGED
S6,S6_alpha05,Weak Thermoelastic Coupling (0.5x alpha_t),0.27979797979797977,152195.0012805493,0,4.326865729405288e-06,1.3772841378595416e-06,3.217201653921734,3.217201653921734,False,0.04006702292574685,-1.7336462837779193e-07,3.319967025360542e+17,1.410551845564282e+17,CONVERGED
S6,S6_alpha05,Weak Thermoelastic Coupling (0.5x alpha_t),0.27979797979797977,152195.0012805493,1,2.1349264856496467e-06,6.795682066578993e-07,3.3206553865248054,3.3206553865248054,False,0.036129145437892946,7.713306949936295e-08,3.319967025360542e+17,1.410551845564282e+17,CONVERGED
S6,S6_alpha05,Weak Thermoelastic Coupling (0.5x alpha_t),0.27979797979797977,152195.0012805493,2,1.803073891530625e-05,5.739362451940778e-06,-2.801702812585095,2.801702812585095,False,16.472672774644728,0.0002970144620690797,3.319967025360542e+17,1.410551845564282e+17,CONVERGED
S6,S6_alpha05,Weak Thermoelastic Coupling (0.5x alpha_t),0.27979797979797977,152195.0012805493,3,1.4485431495538232,0.46108560506678714,-3.237459204005772e-06,3.237459204005772e-06,True,0.12194927014653581,-0.9925395964142174,3.319967025360542e+17,1.410551845564282e+17,CONVERGED
S6,S6_alpha05,Weak Thermoelastic Coupling (0.5x alpha_t),0.27979797979797977,152195.0012805493,4,1.4485377155233015,0.46108387536115025,-1.0186855851249256e-05,1.0186855851249256e-05,True,0.12195551114947162,0.9925458312942124,3.319967025360542e+17,1.410551845564282e+17,CONVERGED
S6,S6_alpha05,Weak Thermoelastic Coupling (0.5x alpha_t),0.29747474747474745,161810.20894267788,0,5.373181969532124e-06,1.7103369411665665e-06,3.217081670553832,3.217081670553832,False,0.040071830590310074,-2.15313237616072e-07,3.964004064747898e+17,9.33696088802294e+16,CONVERGED
S6,S6_alpha05,Weak Thermoelastic Coupling (0.5x alpha_t),0.29747474747474745,161810.20894267788,1,2.6415404137548154e-05,8.408284284521787e-06,-2.7536662548612454,2.7536662548612454,False,15.700087012123225,0.0004147241435163671,3.964004064747898e+17,9.33696088802294e+16,CONVERGED
S6,S6_alpha05,Weak Thermoelastic Coupling (0.5x alpha_t),0.29747474747474745,161810.20894267788,2,7.643773408686539e-07,2.433088643733698e-07,-3.3410327788120076,3.3410327788120076,False,28.248285876450243,2.1592349642342794e-05,3.964004064747898e+17,9.33696088802294e+16,CONVERGED
S6,S6_alpha05,Weak Thermoelastic Coupling (0.5x alpha_t),0.29747474747474745,161810.20894267788,3,1.5315713449807924,0.4875143005031912,1.5670555836205754e-05,1.5670555836205754e-05,True,0.03921430948544579,-0.9992151406534204,3.964004064747898e+17,9.33696088802294e+16,CONVERGED
S6,S6_alpha05,Weak Thermoelastic Coupling (0.5x alpha_t),0.29747474747474745,161810.20894267788,4,1.5315643071769807,0.48751206030066097,7.56158520584173e-07,7.56158520584173e-07,True,0.03922192673163687,0.9992297674446856,3.964004064747898e+17,9.33696088802294e+16,CONVERGED
S6,S6_alpha05,Weak Thermoelastic Coupling (0.5x alpha_t),0.3151515151515151,171425.41660480644,0,6.593455884373902e-06,2.0987621921129016e-06,3.2165953204738993,3.2165953204738993,False,0.04009132426801969,2.6434037791114724e-07,4.682575508874778e+17,5.422323688960757e+16,CONVERGED
S6,S6_alpha05,Weak Thermoelastic Coupling (0.5x alpha_t),0.3151515151515151,171425.41660480644,1,7.152043329550696e-05,2.2765660982108212e-05,-2.7033998734733578,2.7033998734733578,False,14.93040698786165,-0.0010678291788708402,4.682575508874778e+17,5.422323688960757e+16,CONVERGED
S6,S6_alpha05,Weak Thermoelastic Coupling (0.5x alpha_t),0.3151515151515151,171425.41660480644,2,6.09233711396906e-07,1.9392511333407752e-07,3.3617951378992323,3.3617951378992323,False,0.034672960299020665,-2.112393628809255e-08,4.682575508874778e+17,5.422323688960757e+16,CONVERGED
S6,S6_alpha05,Weak Thermoelastic Coupling (0.5x alpha_t),0.3151515151515151,171425.41660480644,3,1.6135743012571906,0.5136166521822659,1.7057685784339217e-05,1.7057685784339217e-05,True,-0.04276419922943225,-0.9990681200371772,4.682575508874778e+17,5.422323688960757e+16,CONVERGED
S6,S6_alpha05,Weak Thermoelastic Coupling (0.5x alpha_t),0.3151515151515151,171425.41660480644,4,1.6135681526779562,0.5136146950287096,-2.2597537810414854e-06,2.2597537810414854e-06,True,-0.042758882363275214,0.9990876825868782,4.682575508874778e+17,5.422323688960757e+16,CONVERGED
S6,S6_alpha05,Weak Thermoelastic Coupling (0.5x alpha_t),0.3328282828282828,181040.62426693502,0,7.180660722281144e-06,2.285675297233727e-06,3.215570018157414,3.215570018157414,False,0.040132451075603114,-2.8817751513240593e-07,5.478051265106434e+17,8.177360531211194e+16,CONVERGED
S6,S6_alpha05,Weak Thermoelastic Coupling (0.5x alpha_t),0.3328282828282828,181040.62426693502,1,3.743103408177526e-05,1.1914668198311472e-05,-2.6501410663783553,2.6501410663783553,False,14.156035435267068,0.0005298750450877661,5.478051265106434e+17,8.177360531211194e+16,CONVERGED
S6,S6_alpha05,Weak Thermoelastic Coupling (0.5x alpha_t),0.3328282828282828,181040.62426693502,2,2.661288760212502e-06,8.471145223654429e-07,-3.382894011609747,3.382894011609747,False,29.455893579065922,7.839063850416881e-05,5.478051265106434e+17,8.177360531211194e+16,CONVERGED
S6,S6_alpha05,Weak Thermoelastic Coupling (0.5x alpha_t),0.3328282828282828,181040.62426693502,3,1.6945772448816192,0.5394006899479098,1.619711421024653e-05,1.619711421024653e-05,True,-0.12346307104932361,-0.9923328455630885,5.478051265106434e+17,8.177360531211194e+16,CONVERGED
S6,S6_alpha05,Weak Thermoelastic Coupling (0.5x alpha_t),0.3328282828282828,181040.62426693502,4,1.6945876796911858,0.5394040114509553,-3.5163369844824518e-06,3.5163369844824518e-06,True,-0.12347585995821836,0.9923511196679715,5.478051265106434e+17,8.177360531211194e+16,CONVERGED
S6,S6_alpha05,Weak Thermoelastic Coupling (0.5x alpha_t),0.3505050505050505,190655.83192906357,0,1.534299211087226e-06,4.883826072530548e-07,3.214099167872227,3.214099167872227,False,0.04019152333627705,-6.16658225472921e-08,6.35211196202605e+17,5.900460776629316e+16,CONVERGED
S6,S6_alpha05,Weak Thermoelastic Coupling (0.5x alpha_t),0.3505050505050505,190655.83192906357,1,5.133322134991765e-06,1.6339871845339622e-06,-2.5952162239660344,2.5952162239660344,False,13.39948433766849,-6.87838695486333e-05,6.35211196202605e+17,5.900460776629316e+16,CONVERGED
S6,S6_alpha05,Weak Thermoelastic Coupling (0.5x alpha_t),0.3505050505050505,190655.83192906357,2,3.0156914200233144e-07,9.599243926730553e-08,-3.4042550220636785,3.4042550220636785,False,30.09186959255794,-9.07477929427402e-06,6.35211196202605e+17,5.900460776629316e+16,CONVERGED
S6,S6_alpha05,Weak Thermoelastic Coupling (0.5x alpha_t),0.3505050505050505,190655.83192906357,3,1.774650679084379,0.5648888556753355,1.6411052115601445e-05,1.6411052115601445e-05,True,-0.2024420452687369,0.9792774871004739,6.35211196202605e+17,5.900460776629316e+16,CONVERGED
S6,S6_alpha05,Weak Thermoelastic Coupling (0.5x alpha_t),0.3505050505050505,190655.83192906357,4,1.7746726179753447,0.5648958390412219,1.4647398508301901e-05,1.4647398508301901e-05,True,-0.20246388655787947,-0.9792747726108081,6.35211196202605e+17,5.900460776629316e+16,CONVERGED
S6,S6_alpha05,Weak Thermoelastic Coupling (0.5x alpha_t),0.36818181818181817,200271.03959119215,0,2.395487542499441e-06,7.625073670076855e-07,3.2120806957937,3.2120806957937,False,0.040272730733717406,9.647282477523894e-08,7.310870849093192e+17,4.582876490175245e+16,CONVERGED
S6,S6_alpha05,Weak Thermoelastic Coupling (0.5x alpha_t),0.36818181818181817,200271.03959119215,1,3.203444339351812e-05,1.0196880030551839e-05,-2.53840341704238,2.53840341704238,False,12.65944296989051,-0.00040553820935115034,7.310870849093192e+17,4.582876490175245e+16,CONVERGED
S6,S6_alpha05,Weak Thermoelastic Coupling (0.5x alpha_t),0.36818181818181817,200271.03959119215,2,2.7089478778030117e-06,8.62284890661298e-07,3.4258211217480805,3.4258211217480805,False,0.032522565036505434,-8.810193353656734e-08,7.310870849093192e+17,4.582876490175245e+16,CONVERGED
S6,S6_alpha05,Weak Thermoelastic Coupling (0.5x alpha_t),0.36818181818181817,200271.03959119215,3,1.8537671675814709,0.590072416124106,8.96116716435542e-06,8.96116716435542e-06,True,-0.2792070654840768,0.960221585057348,7.310870849093192e+17,4.582876490175245e+16,CONVERGED
S6,S6_alpha05,Weak Thermoelastic Coupling (0.5x alpha_t),0.36818181818181817,200271.03959119215,4,1.8537945650855177,0.5900811370205009,-2.5333440101631248e-05,2.5333440101631248e-05,True,-0.27924294941711875,-0.9602468658447263,7.310870849093192e+17,4.582876490175245e+16,CONVERGED
S6,S6_alpha05,Weak Thermoelastic Coupling (0.5x alpha_t),0.38585858585858585,209886.2472533207,0,2.9347469484120883e-07,9.341589671272788e-08,3.20939499591794,3.20939499591794,False,0.040381036575151165,-1.1850812386264521e-08,8.351448573269766e+17,4.238227666882077e+16,CONVERGED
S6,S6_alpha05,Weak Thermoelastic Coupling (0.5x alpha_t),0.38585858585858585,209886.2472533207,1,1.240350281881621e-05,3.948157570537714e-06,-2.479436998712942,2.479436998712942,False,11.934543361853565,-0.0001480301422376263,8.351448573269766e+17,4.238227666882077e+16,CONVERGED
S6,S6_alpha05,Weak Thermoelastic Coupling (0.5x alpha_t),0.38585858585858585,209886.2472533207,2,5.575420028709781e-07,1.7747113147654374e-07,-3.4475674934157685,3.4475674934157685,False,31.423860516827123,-1.7520122130491858e-05,8.351448573269766e+17,4.238227666882077e+16,CONVERGED
S6,S6_alpha05,Weak Thermoelastic Coupling (0.5x alpha_t),0.38585858585858585,209886.2472533207,3,1.932092168682448,0.6150040383099034,4.695116302952211e-06,4.695116302952211e-06,True,-0.35348505181439943,-0.9354351543293921,8.351448573269766e+17,4.238227666882077e+16,CONVERGED
S6,S6_alpha05,Weak Thermoelastic Coupling (0.5x alpha_t),0.38585858585858585,209886.2472533207,4,1.932090122131969,0.6150033868726533,1.3283135085141218e-06,1.3283135085141218e-06,True,-0.35348432750841435,0.9354390271858641,8.351448573269766e+17,4.238227666882077e+16,CONVERGED
S6,S6_alpha05,Weak Thermoelastic Coupling (0.5x alpha_t),0.4035353535353535,219501.45491544926,0,5.23376012931185e-06,1.6659575910745165e-06,3.2059897777498123,3.2059897777498123,False,0.0405187771993327,2.1206556059627388e-07,9.485484289121955e+17,6.663049374260701e+16,CONVERGED
S6,S6_alpha05,Weak Thermoelastic Coupling (0.5x alpha_t),0.4035353535353535,219501.45491544926,1,4.623511943544885e-05,1.4717095605191691e-05,-2.418545667323888,2.418545667323888,False,11.22951596940924,-0.0005191980124178772,9.485484289121955e+17,6.663049374260701e+16,CONVERGED
S6,S6_alpha05,Weak Thermoelastic Coupling (0.5x alpha_t),0.4035353535353535,219501.45491544926,2,8.947909797004121e-07,2.8482081490672073e-07,-3.4694239838428667,3.4694239838428667,False,32.11823649222998,-2.8739108297139662e-05,9.485484289121955e+17,6.663049374260701e+16,CONVERGED
S6,S6_alpha05,Weak Thermoelastic Coupling (0.5x alpha_t),0.4035353535353535,219501.45491544926,3,2.009550917020294,0.639659923677262,6.500645413003344e-06,6.500645413003344e-06,True,-0.4248095869211477,-0.9052755457061537,9.485484289121955e+17,6.663049374260701e+16,CONVERGED
S6,S6_alpha05,Weak Thermoelastic Coupling (0.5x alpha_t),0.4035353535353535,219501.45491544926,4,2.0095429736696175,0.6396573952302123,2.5794582351865893e-06,2.5794582351865893e-06,True,-0.4248040617196016,0.9052824698641666,9.485484289121955e+17,6.663049374260701e+16,CONVERGED
S6,S6_alpha05,Weak Thermoelastic Coupling (0.5x alpha_t),0.4212121212121212,229116.66257757787,0,3.7053076461228383e-06,1.17943605511329e-06,3.2016566075881556,3.2016566075881556,False,0.04069473290364365,-1.5078650498548754e-07,1.0711555714224276e+18,6.651666862544804e+16,CONVERGED
S6,S6_alpha05,Weak Thermoelastic Coupling (0.5x alpha_t),0.4212121212121212,229116.66257757787,1,9.371052990563948e-06,2.9828988108486817e-06,-2.355044138857854,2.355044138857854,False,10.538594012470163,9.87577229397887e-05,1.0711555714224276e+18,6.651666862544804e+16,CONVERGED
S6,S6_alpha05,Weak Thermoelastic Coupling (0.5x alpha_t),0.4212121212121212,229116.66257757787,2,2.00723821299792e-06,6.389237671231234e-07,-3.4913633778060005,3.4913633778060005,False,32.83067782471387,6.589899108847762e-05,1.0711555714224276e+18,6.651666862544804e+16,CONVERGED
S6,S6_alpha05,Weak Thermoelastic Coupling (0.5x alpha_t),0.4212121212121212,229116.66257757787,3,2.0862304165225556,0.6640677664364569,3.314455777509082e-05,3.314455777509082e-05,True,-0.49289625065092335,-0.8700499980896425,1.0711555714224276e+18,6.651666862544804e+16,CONVERGED
S6,S6_alpha05,Weak Thermoelastic Coupling (0.5x alpha_t),0.4212121212121212,229116.66257757787,4,2.0862404422645016,0.6640709577292346,1.77022758673371e-05,1.77022758673371e-05,True,-0.49291258515923736,0.8700584919800718,1.0711555714224276e+18,6.651666862544804e+16,CONVERGED
S6,S6_alpha05,Weak Thermoelastic Coupling (0.5x alpha_t),0.4388888888888889,238731.87023970645,0,1.143344920364181e-06,3.6393799146993767e-07,3.1963859318848624,3.1963859318848624,False,0.040909787888553775,-4.677399817557443e-08,1.200763361257657e+18,5.1591449193667464e+16,CONVERGED
S6,S6_alpha05,Weak Thermoelastic Coupling (0.5x alpha_t),0.4388888888888889,238731.87023970645,1,5.633871551890909e-06,1.7933170124564914e-06,-2.289503459751016,2.289503459751016,False,9.87003559414407,-5.5606512750587285e-05,1.200763361257657e+18,5.1591449193667464e+16,CONVERGED
S6,S6_alpha05,Weak Thermoelastic Coupling (0.5x alpha_t),0.4388888888888889,238731.87023970645,2,3.384095654479449e-06,1.077191102612414e-06,-3.513353318460423,3.513353318460423,False,33.56061874658086,0.00011357234406237937,1.200763361257657e+18,5.1591449193667464e+16,CONVERGED
S6,S6_alpha05,Weak Thermoelastic Coupling (0.5x alpha_t),0.4388888888888889,238731.87023970645,3,2.1621493086649544,0.6882335003535033,1.202325014172842e-05,1.202325014172842e-05,True,-0.5574780582792388,-0.8301771909213363,1.200763361257657e+18,5.1591449193667464e+16,CONVERGED
S6,S6_alpha05,Weak Thermoelastic Coupling (0.5x alpha_t),0.4388888888888889,238731.87023970645,4,2.16218164171328,0.6882437922824359,-2.0120427296821693e-06,2.0120427296821693e-06,True,-0.5575127249465287,0.8301708171311807,1.200763361257657e+18,5.1591449193667464e+16,CONVERGED
S6,S6_alpha05,Weak Thermoelastic Coupling (0.5x alpha_t),0.45656565656565656,248347.077901835,0,5.1297467935620364e-08,1.632849118010397e-08,3.1899868142827144,3.1899868142827144,False,0.04117241382329715,2.11204057793268e-09,1.3418968642673964e+18,1.0934898326242326e+17,CONVERGED
S6,S6_alpha05,Weak Thermoelastic Coupling (0.5x alpha_t),0.45656565656565656,248347.077901835,1,1.112966557755557e-05,3.5426825832553665e-06,-2.2214813756729668,2.2214813756729668,False,9.220980488882834,-0.00010262642914266824,1.3418968642673964e+18,1.0934898326242326e+17,CONVERGED
S6,S6_alpha05,Weak Thermoelastic Coupling (0.5x alpha_t),0.45656565656565656,248347.077901835,2,1.864149855128147e-06,5.933773282153703e-07,-3.5353643444579133,3.5353643444579133,False,34.30751218926907,6.395434387750715e-05,1.3418968642673964e+18,1.0934898326242326e+17,CONVERGED
S6,S6_alpha05,Weak Thermoelastic Coupling (0.5x alpha_t),0.45656565656565656,248347.077901835,3,2.2374380256981046,0.712198643303249,1.934521921498041e-05,1.934521921498041e-05,True,-0.6183382190256647,-0.7858874965300088,1.3418968642673964e+18,1.0934898326242326e+17,CONVERGED
S6,S6_alpha05,Weak Thermoelastic Coupling (0.5x alpha_t),0.45656565656565656,248347.077901835,4,2.237440566883609,0.7121994521877176,-1.4314176508673702e-05,1.4314176508673702e-05,True,-0.6183610294178882,0.7859123781058943,1.3418968642673964e+18,1.0934898326242326e+17,CONVERGED
S6,S6_alpha05,Weak Thermoelastic Coupling (0.5x alpha_t),0.4742424242424242,257962.28556396352,0,3.964344998915786e-06,1.2618902053981636e-06,3.1823194053847508,3.1823194053847508,False,0.041489312899954216,1.6447795010424737e-07,1.4943187589804055e+18,7.375492514995008e+16,CONVERGED
S6,S6_alpha05,Weak Thermoelastic Coupling (0.5x alpha_t),0.4742424242424242,257962.28556396352,1,2.9628187875634075e-05,9.43094511052505e-06,-2.1509147670286914,2.1509147670286914,False,8.592715131808895,-0.0002545865783615323,1.4943187589804055e+18,7.375492514995008e+16,CONVERGED
S6,S6_alpha05,Weak Thermoelastic Coupling (0.5x alpha_t),0.4742424242424242,257962.28556396352,2,4.2955008047653984e-07,1.3673003722672553e-07,-3.557371559770481,3.557371559770481,False,35.070894142732165,-1.5064705401395738e-05,1.4943187589804055e+18,7.375492514995008e+16,CONVERGED
S6,S6_alpha05,Weak Thermoelastic Coupling (0.5x alpha_t),0.4742424242424242,257962.28556396352,3,2.3120678409785453,0.7359540513110834,1.1597000070784984e-05,1.1597000070784984e-05,True,-0.675218508990382,-0.7376020413377681,1.4943187589804055e+18,7.375492514995008e+16,CONVERGED
S6,S6_alpha05,Weak Thermoelastic Coupling (0.5x alpha_t),0.4742424242424242,257962.28556396352,4,2.3120235887656806,0.7359399653942431,6.0077932322991825e-06,6.0077932322991825e-06,True,-0.6751896415707397,0.7376360433176367,1.4943187589804055e+18,7.375492514995008e+16,CONVERGED
S6,S6_alpha05,Weak Thermoelastic Coupling (0.5x alpha_t),0.49191919191919187,267577.4932260921,0,1.352517792858444e-05,4.305197847063231e-06,3.17320596335914,3.17320596335914,False,0.041869151534001996,-5.662877242507715e-07,1.6589618538967455e+18,1.055585629372747e+17,CONVERGED
S6,S6_alpha05,Weak Thermoelastic Coupling (0.5x alpha_t),0.49191919191919187,267577.4932260921,1,5.447507500045778e-05,1.7339954923249176e-05,-2.0776216896561728,2.0776216896561728,False,7.985454411375219,0.00043500822840270205,1.6589618538967455e+18,1.055585629372747e+17,CONVERGED
S6,S6_alpha05,Weak Thermoelastic Coupling (0.5x alpha_t),0.49191919191919187,267577.4932260921,2,6.803954971117044e-06,2.165766132455903e-06,3.5793485035955075,3.5793485035955075,False,0.027893865088958435,-1.897886020386156e-07,1.6589618538967455e+18,1.055585629372747e+17,CONVERGED
S6,S6_alpha05,Weak Thermoelastic Coupling (0.5x alpha_t),0.49191919191919187,267577.4932260921,3,2.3860299779240903,0.7594969307041298,1.5537038462112418e-06,1.5537038462112418e-06,True,-0.7278847017402553,0.6856972754573516,1.6589618538967455e+18,1.055585629372747e+17,CONVERGED
S6,S6_alpha05,Weak Thermoelastic Coupling (0.5x alpha_t),0.49191919191919187,267577.4932260921,4,2.386049085536567,0.7595030128460825,-1.0240323230972736e-05,1.0240323230972736e-05,True,-0.7279063885422253,-0.6856914542092578,1.6589618538967455e+18,1.055585629372747e+17,CONVERGED
S6,S6_alpha05,Weak Thermoelastic Coupling (0.5x alpha_t),0.5095959595959596,277192.70088822074,0,1.0551769021411712e-05,3.3587323962432106e-06,3.1624597426535406,3.1624597426535406,False,0.04232151291299459,4.465668289111856e-07,1.823704007115309e+18,6.538609161155075e+17,CONVERGED
S6,S6_alpha05,Weak Thermoelastic Coupling (0.5x alpha_t),0.5095959595959596,277192.70088822074,1,5.557756080566699e-05,1.7690887054424565e-05,-2.0014707220214882,2.0014707220214882,False,7.399931330293912,-0.00041127013389062275,1.823704007115309e+18,6.538609161155075e+17,CONVERGED
S6,S6_alpha05,Weak Thermoelastic Coupling (0.5x alpha_t),0.5095959595959596,277192.70088822074,2,7.769497578485647e-06,2.4731078899130035e-06,3.601285625624834,3.601285625624834,False,0.02728861693982958,2.120188432384945e-07,1.823704007115309e+18,6.538609161155075e+17,CONVERGED
S6,S6_alpha05,Weak Thermoelastic Coupling (0.5x alpha_t),0.5095959595959596,277192.70088822074,3,2.45945087087613,0.7828675267832057,7.899651152319598e-06,7.899651152319598e-06,True,-0.7762180664220728,0.6304519919728085,1.823704007115309e+18,6.538609161155075e+17,CONVERGED
S6,S6_alpha05,Weak Thermoelastic Coupling (0.5x alpha_t),0.5095959595959596,277192.70088822074,4,2.4594809695020254,0.7828771074733889,8.577326657353239e-06,8.577326657353239e-06,True,-0.7762365157724719,-0.630428201364151,1.823704007115309e+18,6.538609161155075e+17,CONVERGED
S6,S6_alpha05,Weak Thermoelastic Coupling (0.5x alpha_t),0.5272727272727272,286807.90855034924,0,6.295402267485426e-05,2.0038887792444635e-05,3.149820970036129,3.149820970036129,False,0.042859799283617155,2.6981967795050427e-06,2.0005828587838592e+18,4.850182330879273e+16,CONVERGED
S6,S6_alpha05,Weak Thermoelastic Coupling (0.5x alpha_t),0.5272727272727272,286807.90855034924,1,0.00027049698590226576,8.610186479560865e-05,-1.9221085486564777,1.9221085486564777,False,6.8353557156168785,-0.0018489431637390636,2.0005828587838592e+18,4.850182330879273e+16,CONVERGED
S6,S6_alpha05,Weak Thermoelastic Coupling (0.5x alpha_t),0.5272727272727272,286807.90855034924,2,5.411927591544657e-06,1.7226700556994963e-06,3.62315674368767,3.62315674368767,False,0.02669826375208044,1.4448907024763136e-07,2.0005828587838592e+18,4.850182330879273e+16,CONVERGED
S6,S6_alpha05,Weak Thermoelastic Coupling (0.5x alpha_t),0.5272727272727272,286807.90855034924,3,2.532411572149943,0.8060916393015628,1.2588436760218514e-05,1.2588436760218514e-05,True,-0.8201065508249141,-0.572188840102179,2.0005828587838592e+18,4.850182330879273e+16,CONVERGED
S6,S6_alpha05,Weak Thermoelastic Coupling (0.5x alpha_t),0.5272727272727272,286807.90855034924,4,2.5324298318525162,0.8060974515454106,2.7465174759515414e-06,2.7465174759515414e-06,True,-0.8201250702512555,0.572179496421803,2.0005828587838592e+18,4.850182330879273e+16,CONVERGED
S6,S6_alpha05,Weak Thermoelastic Coupling (0.5x alpha_t),0.544949494949495,296423.11621247785,0,9.914354620467415e-05,3.155837090826722e-05,3.1349413102566057,3.1349413102566057,False,0.043502306679809595,4.312972966450981e-06,2.1959168067496297e+18,8.368682305709915e+16,CONVERGED
S6,S6_alpha05,Weak Thermoelastic Coupling (0.5x alpha_t),0.544949494949495,296423.11621247785,1,0.0003951034191114788,0.00012576532436820137,-1.8389763715261507,1.8389763715261507,False,6.290095751891992,-0.0024852384674319172,2.1959168067496297e+18,8.368682305709915e+16,CONVERGED
S6,S6_alpha05,Weak Thermoelastic Coupling (0.5x alpha_t),0.544949494949495,296423.11621247785,2,3.067365187341e-06,9.763726636666354e-07,-3.6449573475977335,3.6449573475977335,False,38.28114003397239,0.00011742223627230104,2.1959168067496297e+18,8.368682305709915e+16,CONVERGED
S6,S6_alpha05,Weak Thermoelastic Coupling (0.5x alpha_t),0.544949494949495,296423.11621247785,3,2.604928775128775,0.8291745819281217,1.0139777585923484e-05,1.0139777585923484e-05,True,-0.8594104110445953,0.5112665313108387,2.1959168067496297e+18,8.368682305709915e+16,CONVERGED
S6,S6_alpha05,Weak Thermoelastic Coupling (0.5x alpha_t),0.544949494949495,296423.11621247785,4,2.6049146545696877,0.8291700872145658,-5.86131563033706e-06,5.86131563033706e-06,True,-0.8594169430902499,-0.511286847698414,2.1959168067496297e+18,8.368682305709915e+16,CONVERGED
S6,S6_alpha05,Weak Thermoelastic Coupling (0.5x alpha_t),0.5626262626262627,306038.32387460646,0,3.267558242398584e-05,1.0400960922368003e-05,3.117601049375092,3.117601049375092,False,0.04426322642596288,-1.4463267039478428e-06,2.392076845731418e+18,5.449999272305429e+16,CONVERGED
S6,S6_alpha05,Weak Thermoelastic Coupling (0.5x alpha_t),0.5626262626262627,306038.32387460646,1,0.00011213758486613534,3.569450187566471e-05,-1.7521821163456153,1.7521821163456153,False,5.767173562927231,0.0006467169175612713,2.392076845731418e+18,5.449999272305429e+16,CONVERGED
S6,S6_alpha05,Weak Thermoelastic Coupling (0.5x alpha_t),0.5626262626262627,306038.32387460646,2,7.226350391486666e-05,2.300218770638312e-05,3.6665225343114125,3.6665225343114125,False,0.025565217649263533,-1.847432208897746e-06,2.392076845731418e+18,5.449999272305429e+16,CONVERGED
S6,S6_alpha05,Weak Thermoelastic Coupling (0.5x alpha_t),0.5626262626262627,306038.32387460646,3,2.677008612495037,0.8521183067563227,3.65235906891135e-05,3.65235906891135e-05,True,-0.8939753619471232,0.44803460549159835,2.392076845731418e+18,5.449999272305429e+16,CONVERGED
S6,S6_alpha05,Weak Thermoelastic Coupling (0.5x alpha_t),0.5626262626262627,306038.32387460646,4,2.6769778832171522,0.8521085253233767,5.995910630754733e-06,5.995910630754733e-06,True,-0.8939888847352273,-0.44807575500187974,2.392076845731418e+18,5.449999272305429e+16,CONVERGED
S6,S6_alpha05,Weak Thermoelastic Coupling (0.5x alpha_t),0.5803030303030303,315653.531536735,0,8.756803886953204e-07,2.7873772485898503e-07,3.0971915539161263,3.0971915539161263,False,0.045175898475867546,3.9559648337018136e-08,2.604981986196922e+18,1.4684149032912368e+17,CONVERGED
S6,S6_alpha05,Weak Thermoelastic Coupling (0.5x alpha_t),0.5803030303030303,315653.531536735,1,9.780900586226288e-06,3.1133573523766616e-06,-1.6605613812716595,1.6605613812716595,False,5.262264151693296,-5.1469682527815845e-05,2.604981986196922e+18,1.4684149032912368e+17,CONVERGED
S6,S6_alpha05,Weak Thermoelastic Coupling (0.5x alpha_t),0.5803030303030303,315653.531536735,2,1.8184181402199076e-05,5.788204712479391e-06,3.6882746395012873,3.6882746395012873,False,0.025015124934611343,4.5487956965978343e-07,2.604981986196922e+18,1.4684149032912368e+17,CONVERGED
S6,S6_alpha05,Weak Thermoelastic Coupling (0.5x alpha_t),0.5803030303030303,315653.531536735,3,2.748845957701769,0.8749848439328233,3.6053519014929804e-05,3.6053519014929804e-05,True,-0.9238280024517525,-0.38271362328459774,2.604981986196922e+18,1.4684149032912368e+17,CONVERGED
S6,S6_alpha05,Weak Thermoelastic Coupling (0.5x alpha_t),0.5803030303030303,315653.531536735,4,2.7488319886232593,0.8749803974370327,9.94720006728692e-06,9.94720006728692e-06,True,-0.9238467741286941,0.3827365199843926,2.604981986196922e+18,1.4684149032912368e+17,CONVERGED
S6,S6_alpha05,Weak Thermoelastic Coupling (0.5x alpha_t),0.5979797979797981,325268.7391988636,0,1.645924575618972e-05,5.23914064332379e-06,3.073302288181896,3.073302288181896,False,0.046268111655535904,-7.615382204820601e-07,2.8340171457321554e+18,1.2504450844394066e+17,CONVERGED
S6,S6_alpha05,Weak Thermoelastic Coupling (0.5x alpha_t),0.5979797979797981,325268.7391988636,1,4.6047426681920625e-05,1.46573511461786e-05,-1.5639483289465457,1.5639483289465457,False,4.777647773962947,0.00021999838573909242,2.8340171457321554e+18,1.2504450844394066e+17,CONVERGED
S6,S6_alpha05,Weak Thermoelastic Coupling (0.5x alpha_t),0.5979797979797981,325268.7391988636,2,3.939183627937396e-05,1.2538810922658041e-05,3.7097891054894268,3.7097891054894268,False,0.02448268597232348,9.644179579999265e-07,2.8340171457321554e+18,1.2504450844394066e+17,CONVERGED
S6,S6_alpha05,Weak Thermoelastic Coupling (0.5x alpha_t),0.5979797979797981,325268.7391988636,3,2.820454365902198,0.8977785081969042,-7.3211039036113185e-06,7.3211039036113185e-06,True,-0.9488836828059338,0.31564917047198593,2.8340171457321554e+18,1.2504450844394066e+17,CONVERGED
S6,S6_alpha05,Weak Thermoelastic Coupling (0.5x alpha_t),0.5979797979797981,325268.7391988636,4,2.8204896653184375,0.8977897443500698,-2.279320293997755e-05,2.279320293997755e-05,True,-0.9489095059544834,-0.3156205585100155,2.8340171457321554e+18,1.2504450844394066e+17,CONVERGED
S6,S6_alpha05,Weak Thermoelastic Coupling (0.5x alpha_t),0.6156565656565657,334883.9468609921,0,3.0060001437495482e-06,9.56839563625377e-07,3.045394054210064,3.045394054210064,False,0.04757756015505502,-1.4301815266577895e-07,3.0759396158797885e+18,7.108318891887465e+16,CONVERGED
S6,S6_alpha05,Weak Thermoelastic Coupling (0.5x alpha_t),0.6156565656565657,334883.9468609921,1,2.634411396457456e-06,8.38559191767654e-07,-1.4619423237004308,1.4619423237004308,False,4.314331223213992,1.1365723342553471e-05,3.0759396158797885e+18,7.108318891887465e+16,CONVERGED
S6,S6_alpha05,Weak Thermoelastic Coupling (0.5x alpha_t),0.6156565656565657,334883.9468609921,2,2.866896763409704e-06,9.125615824616208e-07,3.731161167484751,3.731161167484751,False,0.023964992304400738,-6.870515887281317e-08,3.0759396158797885e+18,7.108318891887465e+16,CONVERGED
S6,S6_alpha05,Weak Thermoelastic Coupling (0.5x alpha_t),0.6156565656565657,334883.9468609921,3,2.892157258632185,0.9206022478208349,2.0383895367113325e-05,2.0383895367113325e-05,True,-0.9690321999394443,0.24685183515781614,3.0759396158797885e+18,7.108318891887465e+16,CONVERGED
S6,S6_alpha05,Weak Thermoelastic Coupling (0.5x alpha_t),0.6156565656565657,334883.9468609921,4,2.8921243766554765,0.9205917811625713,5.335937876976662e-06,5.335937876976662e-06,True,-0.9690386643821944,-0.24688741384194343,3.0759396158797885e+18,7.108318891887465e+16,CONVERGED
S6,S6_alpha05,Weak Thermoelastic Coupling (0.5x alpha_t),0.6333333333333333,344499.15452312067,0,3.78449353824193e-05,1.20464170742108e-05,3.012258570911964,3.012258570911964,False,0.04918047560073589,-1.861231922075075e-06,3.317833332801609e+18,5.5225191603802995e+17,CONVERGED
S6,S6_alpha05,Weak Thermoelastic Coupling (0.5x alpha_t),0.6333333333333333,344499.15452312067,1,9.848392329041575e-05,3.134840641350541e-05,-1.3525084658997626,1.3525084658997626,False,3.8671138787364776,0.00038084854782007927,3.317833332801609e+18,5.5225191603802995e+17,CONVERGED
S6,S6_alpha05,Weak Thermoelastic Coupling (0.5x alpha_t),0.6333333333333333,344499.15452312067,2,7.521577221279495e-06,2.394192389228069e-06,3.752467147489066,3.752467147489066,False,0.02345979562298785,-1.764546643770654e-07,3.317833332801609e+18,5.5225191603802995e+17,CONVERGED
S6,S6_alpha05,Weak Thermoelastic Coupling (0.5x alpha_t),0.6333333333333333,344499.15452312067,3,2.9644100608713684,0.9436010290780493,6.0879767970418125e-06,6.0879767970418125e-06,True,-0.9843381939316048,0.17625590511525813,3.317833332801609e+18,5.5225191603802995e+17,CONVERGED
S6,S6_alpha05,Weak Thermoelastic Coupling (0.5x alpha_t),0.6333333333333333,344499.15452312067,4,2.964415648210297,0.9436028075832676,-1.6068857603328598e-06,1.6068857603328598e-06,True,-0.9843467531015521,-0.17625176150925964,3.317833332801609e+18,5.5225191603802995e+17,CONVERGED
S6,S6_alpha05,Weak Thermoelastic Coupling (0.5x alpha_t),0.651010101010101,354114.3621852493,0,0.00017166855159095722,5.4643797118253794e-05,2.9731153041132132,2.9731153041132132,False,0.05114373285868016,-8.77977062905135e-06,3.558342398874619e+18,1.3654381535345808e+17,CONVERGED
S6,S6_alpha05,Weak Thermoelastic Coupling (0.5x alpha_t),0.651010101010101,354114.3621852493,1,0.00043409885321597574,0.0001381779565596913,-1.2353785809035758,1.2353785809035758,False,3.4396801474938394,0.0014931613012481768,3.558342398874619e+18,1.3654381535345808e+17,CONVERGED
S6,S6_alpha05,Weak Thermoelastic Coupling (0.5x alpha_t),0.651010101010101,354114.3621852493,2,0.0002258922776706072,7.190374519512823e-05,3.7734875142835116,3.7734875142835116,False,0.022971808326633557,5.189154193378754e-06,3.558342398874619e+18,1.3654381535345808e+17,CONVERGED
S6,S6_alpha05,Weak Thermoelastic Coupling (0.5x alpha_t),0.651010101010101,354114.3621852493,3,3.039196154220189,0.9674061819400428,3.17183714821064e-05,3.17183714821064e-05,True,-0.994730505797703,-0.10221441241111492,3.558342398874619e+18,1.3654381535345808e+17,CONVERGED
S6,S6_alpha05,Weak Thermoelastic Coupling (0.5x alpha_t),0.651010101010101,354114.3621852493,4,3.0390976004494252,0.967374811300488,7.183601938732339e-06,7.183601938732339e-06,True,-0.9947448328869538,0.10231495659988646,3.558342398874619e+18,1.3654381535345808e+17,CONVERGED
S6,S6_alpha05,Weak Thermoelastic Coupling (0.5x alpha_t),0.6686868686868687,363729.5698473778,0,3.1440903128320566e-05,1.0007950296291308e-05,2.9260516909908203,2.9260516909908203,False,0.05360828288084433,-1.6854928294876192e-06,3.821220427586435e+18,4.436777009417517e+16,CONVERGED
S6,S6_alpha05,Weak Thermoelastic Coupling (0.5x alpha_t),0.6686868686868687,363729.5698473778,1,6.940049001521286e-05,2.2090862077841706e-05,-1.1078494678324062,1.1078494678324062,False,3.02783991341468,0.0002101335740159629,3.821220427586435e+18,4.436777009417517e+16,CONVERGED
S6,S6_alpha05,Weak Thermoelastic Coupling (0.5x alpha_t),0.6686868686868687,363729.5698473778,2,0.00034416995904509244,0.00010955270049152328,3.794673846198294,3.794673846198294,False,0.022490238565877525,7.740464791759419e-06,3.821220427586435e+18,4.436777009417517e+16,CONVERGED
S6,S6_alpha05,Weak Thermoelastic Coupling (0.5x alpha_t),0.6686868686868687,363729.5698473778,3,3.1415633819724436,0.999990682554813,0.024937108523144253,0.024937108523144253,False,-0.9753712522201102,2.8550694076951782e-05,3.821220427586435e+18,4.436777009417517e+16,CONVERGED
S6,S6_alpha05,Weak Thermoelastic Coupling (0.5x alpha_t),0.6686868686868687,363729.5698473778,4,3.1415163889408646,0.9999757242082797,-0.024936976959467012,0.024936976959467012,False,-1.025250501102632,7.819036968216141e-05,3.821220427586435e+18,4.436777009417517e+16,CONVERGED
S6,S6_alpha05,Weak Thermoelastic Coupling (0.5x alpha_t),0.6863636363636364,373344.7775095064,0,1.1149597727667051e-05,3.5490271836887503e-06,2.8691448726140814,2.8691448726140814,False,0.05674743211744282,6.327110402137989e-07,4.139371321145925e+18,2.039000656813703e+17,CONVERGED
S6,S6_alpha05,Weak Thermoelastic Coupling (0.5x alpha_t),0.6863636363636364,373344.7775095064,1,2.8820279833245885e-05,9.173779993505496e-06,-0.9681541633421441,0.9681541633421441,False,2.6330797347998285,-7.588609480119047e-05,4.139371321145925e+18,2.039000656813703e+17,CONVERGED
S6,S6_alpha05,Weak Thermoelastic Coupling (0.5x alpha_t),0.6863636363636364,373344.7775095064,2,4.281846281409611e-05,1.3629540024919808e-05,3.8154111080732975,3.8154111080732975,False,0.022028656413162283,-9.432332060479368e-07,4.139371321145925e+18,2.039000656813703e+17,CONVERGED
S6,S6_alpha05,Weak Thermoelastic Coupling (0.5x alpha_t),0.6863636363636364,373344.7775095064,3,3.141552828378502,0.9999873232415267,0.04523285974165837,0.04523285974165837,False,-0.9557748936653312,3.806393710721798e-05,4.139371321145925e+18,2.039000656813703e+17,CONVERGED
S6,S6_alpha05,Weak Thermoelastic Coupling (0.5x alpha_t),0.6863636363636364,373344.7775095064,4,3.1415875778395552,0.9999983843385195,-0.04519444751992356,0.04519444751992356,False,-1.0462312771947238,5.310408654167583e-06,4.139371321145925e+18,2.039000656813703e+17,CONVERGED
S6,S6_alpha05,Weak Thermoelastic Coupling (0.5x alpha_t),0.704040404040404,382959.98517163494,0,1.2000535250791757e-05,3.819889009824092e-06,2.7995925445710963,2.7995925445710963,False,0.06083484505951282,-7.300507026481838e-07,4.437311026688637e+18,3.159572874155865e+17,CONVERGED
S6,S6_alpha05,Weak Thermoelastic Coupling (0.5x alpha_t),0.704040404040404,382959.98517163494,1,2.057452851196083e-05,6.549075828927408e-06,-0.8135334126983348,0.8135334126983348,False,2.255864821937608,4.641335510463385e-05,4.437311026688637e+18,3.159572874155865e+17,CONVERGED
S6,S6_alpha05,Weak Thermoelastic Coupling (0.5x alpha_t),0.704040404040404,382959.98517163494,2,1.773400907451431e-05,5.644910410090961e-06,3.836395364636126,3.836395364636126,False,0.02157121774257342,3.825441712352239e-07,4.437311026688637e+18,3.159572874155865e+17,CONVERGED
S6,S6_alpha05,Weak Thermoelastic Coupling (0.5x alpha_t),0.704040404040404,382959.98517163494,3,3.063316008517778,0.9750837700162779,5.940048146895195e-06,5.940048146895195e-06,True,-0.9969320255479518,0.07819626852435009,4.437311026688637e+18,3.159572874155865e+17,CONVERGED
S6,S6_alpha05,Weak Thermoelastic Coupling (0.5x alpha_t),0.704040404040404,382959.98517163494,4,3.0633250917430117,0.9750866612966682,1.7632472451825272e-06,1.7632472451825272e-06,True,-0.9969368997793912,-0.07818753973609807,4.437311026688637e+18,3.159572874155865e+17,CONVERGED
S6,S6_alpha05,Weak Thermoelastic Coupling (0.5x alpha_t),0.7217171717171718,392575.19283376355,0,0.000152211880660439,4.845054640884507e-05,2.712036612911225,2.712036612911225,False,0.06640143412297227,-1.0107087244463061e-05,4.725704458999895e+18,5.41755202048816e+16,CONVERGED
S6,S6_alpha05,Weak Thermoelastic Coupling (0.5x alpha_t),0.7217171717171718,392575.19283376355,1,0.00027508204833074246,8.756133549536264e-05,-0.6376571399041777,0.6376571399041777,False,1.8920428191679182,0.00052046702735412,4.725704458999895e+18,5.41755202048816e+16,CONVERGED
S6,S6_alpha05,Weak Thermoelastic Coupling (0.5x alpha_t),0.7217171717171718,392575.19283376355,2,8.367188970207912e-06,2.663358968785149e-06,-3.857070285573211,3.857070285573211,False,47.32649494666783,-0.00039598972652560055,4.725704458999895e+18,5.41755202048816e+16,CONVERGED
S6,S6_alpha05,Weak Thermoelastic Coupling (0.5x alpha_t),0.7217171717171718,392575.19283376355,3,2.987259431345322,0.9508742095929847,-8.559940573568643e-08,8.559940573568643e-08,True,-0.9881143329334248,-0.15372129406936152,4.725704458999895e+18,5.41755202048816e+16,CONVERGED
S6,S6_alpha05,Weak Thermoelastic Coupling (0.5x alpha_t),0.7217171717171718,392575.19283376355,4,2.9872395625031944,0.9508678851441085,-8.957849316371852e-06,8.957849316371852e-06,True,-0.9881200452833548,0.1537422907606772,4.725704458999895e+18,5.41755202048816e+16,CONVERGED
S6,S6_alpha05,Weak Thermoelastic Coupling (0.5x alpha_t),0.7393939393939394,402190.40049589204,0,0.00014545735620642673,4.630051449866279e-05,2.599019004248615,2.599019004248615,False,0.0743464752428741,1.0814241808363699e-05,5.004606564271135e+18,7.882547410182618e+16,CONVERGED
S6,S6_alpha05,Weak Thermoelastic Coupling (0.5x alpha_t),0.7393939393939394,402190.40049589204,1,0.0002460683903099728,7.832600131299603e-05,-0.4331043665807046,0.4331043665807046,False,1.5420371027623954,-0.00037944659533345,5.004606564271135e+18,7.882547410182618e+16,CONVERGED
S6,S6_alpha05,Weak Thermoelastic Coupling (0.5x alpha_t),0.7393939393939394,402190.40049589204,2,5.170318819706669e-06,1.6457635950347406e-06,-3.8776047485616236,3.8776047485616236,False,48.308365699472006,-0.00024976965232747784,5.004606564271135e+18,7.882547410182618e+16,CONVERGED
S6,S6_alpha05,Weak Thermoelastic Coupling (0.5x alpha_t),0.7393939393939394,402190.40049589204,3,2.9158032486021983,0.9281290001968929,4.491258257523349e-06,4.491258257523349e-06,True,-0.974613304835875,0.22387479438454283,5.004606564271135e+18,7.882547410182618e+16,CONVERGED
S6,S6_alpha05,Weak Thermoelastic Coupling (0.5x alpha_t),0.7393939393939394,402190.40049589204,4,2.915741704702023,0.9281094101650328,-3.104587678660167e-05,3.104587678660167e-05,True,-0.9746341599524798,-0.22394273360622804,5.004606564271135e+18,7.882547410182618e+16,CONVERGED
S6,S6_alpha05,Weak Thermoelastic Coupling (0.5x alpha_t),0.7570707070707071,411805.6081580207,0,0.00012291063021046238,3.912366871307026e-05,2.4460611145988183,2.4460611145988183,False,0.08663415668749176,-1.064825884983272e-05,5.384971924849346e+18,1.2192551588902982e+17,CONVERGED
S6,S6_alpha05,Weak Thermoelastic Coupling (0.5x alpha_t),0.7570707070707071,411805.6081580207,1,0.00018167373432479358,5.782854569550927e-05,-0.18490038915765852,0.18490038915765852,False,1.203098572640172,0.000218571412857044,5.384971924849346e+18,1.2192551588902982e+17,CONVERGED
S6,S6_alpha05,Weak Thermoelastic Coupling (0.5x alpha_t),0.7570707070707071,411805.6081580207,2,1.5733002329614535e-05,5.007970180868916e-06,3.8980100862129694,3.8980100862129694,False,0.020282231205076266,-3.1910039082557424e-07,5.384971924849346e+18,1.2192551588902982e+17,CONVERGED
S6,S6_alpha05,Weak Thermoelastic Coupling (0.5x alpha_t),0.7570707070707071,411805.6081580207,3,2.8456239731343893,0.9057902430102737,-1.604308376022987e-07,1.604308376022987e-07,True,-0.9565202129062645,-0.2916665958992922,5.384971924849346e+18,1.2192551588902982e+17,CONVERGED
S6,S6_alpha05,Weak Thermoelastic Coupling (0.5x alpha_t),0.7570707070707071,411805.6081580207,4,2.8456026574870257,0.9057834580289874,-1.7582150914218614e-05,1.7582150914218614e-05,True,-0.9565306598908992,0.29169206641384776,5.384971924849346e+18,1.2192551588902982e+17,CONVERGED
S6,S6_alpha05,Weak Thermoelastic Coupling (0.5x alpha_t),0.7747474747474747,421420.81582014915,0,8.353187215579719e-05,2.658902071863076e-05,2.220622857624621,2.220622857624621,False,0.10854148149791151,9.066673177172164e-06,5.653685000194694e+18,7.13394864232952e+16,CONVERGED
S6,S6_alpha05,Weak Thermoelastic Coupling (0.5x alpha_t),0.7747474747474747,421420.81582014915,1,0.0001148825950160464,3.656826574405625e-05,0.14007637613199198,0.14007637613199198,False,0.8692918339785642,-9.986650215306203e-05,5.653685000194694e+18,7.13394864232952e+16,CONVERGED
S6,S6_alpha05,Weak Thermoelastic Coupling (0.5x alpha_t),0.7747474747474747,421420.81582014915,2,7.522298442555074e-05,2.3944219610902115e-05,3.918357803388763,3.918357803388763,False,0.01987370443517459,-1.494959362024878e-06,5.653685000194694e+18,7.13394864232952e+16,CONVERGED
S6,S6_alpha05,Weak Thermoelastic Coupling (0.5x alpha_t),0.7747474747474747,421420.81582014915,3,2.7760568370367205,0.8836463358368924,8.238667681733785e-07,8.238667681733785e-07,True,-0.9339315983045394,0.35744946769599417,5.653685000194694e+18,7.13394864232952e+16,CONVERGED
S6,S6_alpha05,Weak Thermoelastic Coupling (0.5x alpha_t),0.7747474747474747,421420.81582014915,4,2.7760436567268303,0.8836421404139514,-3.0312597371684826e-07,3.0312597371684826e-07,True,-0.9339279394580798,-0.35746218002988284,5.653685000194694e+18,7.13394864232952e+16,CONVERGED
S6,S6_alpha05,Weak Thermoelastic Coupling (0.5x alpha_t),0.7924242424242425,431036.0234822779,0,6.0848607289039895e-05,1.9368713260616465e-05,1.8016858996451246,1.8016858996451246,False,0.16502044535815108,1.0041264286653373e-05,6.048688832040831e+18,7.839864228415514e+16,CONVERGED
S6,S6_alpha05,Weak Thermoelastic Coupling (0.5x alpha_t),0.7924242424242425,431036.0234822779,1,7.372229183271675e-05,2.346653432248027e-05,0.6635675685513649,0.6635675685513649,False,0.5150107157419983,-3.796777035169257e-05,6.048688832040831e+18,7.839864228415514e+16,CONVERGED
S6,S6_alpha05,Weak Thermoelastic Coupling (0.5x alpha_t),0.7924242424242425,431036.0234822779,2,0.0002400338370497829,7.640514335157495e-05,3.9388145832782984,3.9388145832782984,False,0.01947128209326188,-4.673766642886003e-06,6.048688832040831e+18,7.839864228415514e+16,CONVERGED
S6,S6_alpha05,Weak Thermoelastic Coupling (0.5x alpha_t),0.7924242424242425,431036.0234822779,3,2.7067881062616763,0.8615974140277926,-1.40176461211651e-05,1.40176461211651e-05,True,-0.9069651041924772,0.421239047884172,6.048688832040831e+18,7.839864228415514e+16,CONVERGED
S6,S6_alpha05,Weak Thermoelastic Coupling (0.5x alpha_t),0.7924242424242425,431036.0234822779,4,2.706722317326445,0.8615764727593069,-5.361771854722172e-05,5.361771854722172e-05,True,-0.9069733048587312,-0.42131539903099974,6.048688832040831e+18,7.839864228415514e+16,CONVERGED
S6,S6_alpha05,Weak Thermoelastic Coupling (0.5x alpha_t),0.8101010101010101,440651.2311444063,0,0.7699168171911722,0.2450721344511084,1.2881843855034443,1.2881843855034443,False,0.19799492780970332,0.1919574575820994,6.401733881518075e+18,5.619696559087181e+16,CONVERGED
S6,S6_alpha05,Weak Thermoelastic Coupling (0.5x alpha_t),0.8101010101010101,440651.2311444063,1,0.7699856612261978,0.24509404818806185,1.287380613547246,1.287380613547246,False,0.1981409083328171,-0.19212545090181146,6.401733881518075e+18,5.619696559087181e+16,CONVERGED
S6,S6_alpha05,Weak Thermoelastic Coupling (0.5x alpha_t),0.8101010101010101,440651.2311444063,2,7.221662869464347e-06,2.2987266860369037e-06,3.9584878967601878,3.9584878967601878,False,0.019091961492471877,-1.3787570941782413e-07,6.401733881518075e+18,5.619696559087181e+16,CONVERGED
S6,S6_alpha05,Weak Thermoelastic Coupling (0.5x alpha_t),0.8101010101010101,440651.2311444063,3,2.6376221105299713,0.8395811937986449,-7.074506836416537e-06,7.074506836416537e-06,True,-0.8756782644884781,-0.48290964601695174,6.401733881518075e+18,5.619696559087181e+16,CONVERGED
S6,S6_alpha05,Weak Thermoelastic Coupling (0.5x alpha_t),0.8101010101010101,440651.2311444063,4,2.637592348824444,0.839571720353546,-2.9499389921214423e-05,2.9499389921214423e-05,True,-0.8756835287665529,0.48294653737992826,6.401733881518075e+18,5.619696559087181e+16,CONVERGED
S6,S6_alpha05,Weak Thermoelastic Coupling (0.5x alpha_t),0.8277777777777778,450266.438806535,0,1.326477128757094,0.42223078388007207,1.3463186594389092,1.3463186594389092,False,0.06294040863348477,-0.2524691199213012,6.779160472673871e+18,7.348747222284816e+16,CONVERGED
S6,S6_alpha05,Weak Thermoelastic Coupling (0.5x alpha_t),0.8277777777777778,450266.438806535,1,1.3264776581440256,0.422230952389166,1.346261675174572,1.346261675174572,False,0.06294386168708209,0.2524835404199785,6.779160472673871e+18,7.348747222284816e+16,CONVERGED
S6,S6_alpha05,Weak Thermoelastic Coupling (0.5x alpha_t),0.8277777777777778,450266.438806535,2,1.8077434862082197e-07,5.754226233444274e-08,3.9783736900698043,3.9783736900698043,False,0.018716052702614817,-3.383382236068205e-09,6.779160472673871e+18,7.348747222284816e+16,CONVERGED
S6,S6_alpha05,Weak Thermoelastic Coupling (0.5x alpha_t),0.8277777777777778,450266.438806535,3,2.5685357804247895,0.8175903319260087,-1.589246591138246e-05,1.589246591138246e-05,True,-0.8402608111551566,-0.5422117249505467,6.779160472673871e+18,7.348747222284816e+16,CONVERGED
S6,S6_alpha05,Weak Thermoelastic Coupling (0.5x alpha_t),0.8277777777777778,450266.438806535,4,2.5685458709505853,0.8175935438401263,-1.956261465217949e-05,1.956261465217949e-05,True,-0.8402693662216738,0.5422052362197665,6.779160472673871e+18,7.348747222284816e+16,CONVERGED
S6,S6_alpha05,Weak Thermoelastic Coupling (0.5x alpha_t),0.8454545454545455,459881.6464686634,0,1.8441196529888035,0.5870015168521576,1.4093566087156264,1.4093566087156264,False,-0.06594471487149534,0.23523177197551606,7.223902392872248e+18,1.7676777914719146e+17,CONVERGED
S6,S6_alpha05,Weak Thermoelastic Coupling (0.5x alpha_t),0.8454545454545455,459881.6464686634,1,1.844201410169594,0.5870275409710698,1.408666695396025,1.408666695396025,False,-0.06600947164530101,-0.235388721542323,7.223902392872248e+18,1.7676777914719146e+17,CONVERGED
S6,S6_alpha05,Weak Thermoelastic Coupling (0.5x alpha_t),0.8454545454545455,459881.6464686634,2,1.9061106680759332e-05,6.067338698089595e-06,3.9979464259095385,3.9979464259095385,False,0.018353290053371968,3.4983401969261013e-07,7.223902392872248e+18,1.7676777914719146e+17,CONVERGED
S6,S6_alpha05,Weak Thermoelastic Coupling (0.5x alpha_t),0.8454545454545455,459881.6464686634,3,2.4994111781047548,0.7955872876290186,2.850746079384193e-05,2.850746079384193e-05,True,-0.8007682549873968,-0.5989266971075605,7.223902392872248e+18,1.7676777914719146e+17,CONVERGED
S6,S6_alpha05,Weak Thermoelastic Coupling (0.5x alpha_t),0.8454545454545455,459881.6464686634,4,2.4994153610481193,0.795588619101245,1.18663096458061e-06,1.18663096458061e-06,True,-0.8007926382773795,0.5989397108404494,7.223902392872248e+18,1.7676777914719146e+17,CONVERGED
S6,S6_alpha05,Weak Thermoelastic Coupling (0.5x alpha_t),0.8631313131313132,469496.85413079214,0,2.537070592365407,0.8075746514960751,1.4775638165444267,1.4775638165444267,False,-0.1877511739527037,-0.12969776682426973,7.565129155513332e+18,3.268039214734459e+16,CONVERGED
S6,S6_alpha05,Weak Thermoelastic Coupling (0.5x alpha_t),0.8631313131313132,469496.85413079214,1,2.537230697857179,0.8076256146569384,1.4751519523460128,1.4751519523460128,False,-0.18822536386534,0.12998082351150053,7.565129155513332e+18,3.268039214734459e+16,CONVERGED
S6,S6_alpha05,Weak Thermoelastic Coupling (0.5x alpha_t),0.8631313131313132,469496.85413079214,2,0.0008718172079297147,0.00027750803622917763,4.017888032686574,4.017888032686574,False,0.017990914244455095,-1.568479259852588e-05,7.565129155513332e+18,3.268039214734459e+16,CONVERGED
S6,S6_alpha05,Weak Thermoelastic Coupling (0.5x alpha_t),0.8631313131313132,469496.85413079214,3,2.4301226709274784,0.7735320707955751,1.4127560342069728e-05,1.4127560342069728e-05,True,-0.7573921724616608,-0.6529386206775442,7.565129155513332e+18,3.268039214734459e+16,CONVERGED
S6,S6_alpha05,Weak Thermoelastic Coupling (0.5x alpha_t),0.8631313131313132,469496.85413079214,4,2.4302924924855493,0.7735861266763961,-2.4986867321742317e-05,2.4986867321742317e-05,True,-0.7575326744711798,0.6528355245327057,7.565129155513332e+18,3.268039214734459e+16,CONVERGED
S6,S6_alpha05,Weak Thermoelastic Coupling (0.5x alpha_t),0.8808080808080808,479112.06179292063,0,3.141431224706854,0.9999486155906449,2.4517371275871556,2.4517371275871556,False,-0.08614381253217805,-1.3906099549993032e-05,7.847437515714151e+18,1.9455881501180778e+17,CONVERGED
S6,S6_alpha05,Weak Thermoelastic Coupling (0.5x alpha_t),0.8808080808080808,479112.06179292063,1,3.1414619401285724,0.9999583926130361,0.6485774653119366,0.6485774653119366,False,-0.5227889289787869,6.833555078405392e-05,7.847437515714151e+18,1.9455881501180778e+17,CONVERGED
S6,S6_alpha05,Weak Thermoelastic Coupling (0.5x alpha_t),0.8808080808080808,479112.06179292063,2,3.0971774871200115e-05,9.858622134161697e-06,4.037391110786636,4.037391110786636,False,0.017643442202106133,-5.464487200113895e-07,7.847437515714151e+18,1.9455881501180778e+17,CONVERGED
S6,S6_alpha05,Weak Thermoelastic Coupling (0.5x alpha_t),0.8808080808080808,479112.06179292063,3,2.3608634633191135,0.7514861803045769,8.879255217227246e-06,8.879255217227246e-06,True,-0.7103942167451996,-0.7037913742453947,7.847437515714151e+18,1.9455881501180778e+17,CONVERGED
S6,S6_alpha05,Weak Thermoelastic Coupling (0.5x alpha_t),0.8808080808080808,479112.06179292063,4,2.3608531781671798,0.7514829064390355,-2.2249371187271556e-05,2.2249371187271556e-05,True,-0.710409091821439,0.7038205893478086,7.847437515714151e+18,1.9455881501180778e+17,CONVERGED
S6,S6_alpha05,Weak Thermoelastic Coupling (0.5x alpha_t),0.8984848484848484,488727.2694550492,0,3.1413781887452803,0.9999317337197527,3.0161410613757567,3.0161410613757567,False,-0.048989901969065795,-1.0506611869594533e-05,8.326830078616594e+18,7.281279589993643e+16,CONVERGED
S6,S6_alpha05,Weak Thermoelastic Coupling (0.5x alpha_t),0.8984848484848484,488727.2694550492,1,3.1414517055012454,0.9999551348299766,0.24733220477649032,0.24733220477649032,False,-0.7808812302038152,0.00011006371750907748,8.326830078616594e+18,7.281279589993643e+16,CONVERGED
S6,S6_alpha05,Weak Thermoelastic Coupling (0.5x alpha_t),0.8984848484848484,488727.2694550492,2,1.740822599109316e-05,5.54121043388657e-06,4.056802786013033,4.056802786013033,False,0.017304256173198928,-3.0123640210124536e-07,8.326830078616594e+18,7.281279589993643e+16,CONVERGED
S6,S6_alpha05,Weak Thermoelastic Coupling (0.5x alpha_t),0.8984848484848484,488727.2694550492,3,2.2912917941775492,0.7293408302185093,3.143263958186478e-06,3.143263958186478e-06,True,-0.6597550124502158,-0.7514765711841317,8.326830078616594e+18,7.281279589993643e+16,CONVERGED
S6,S6_alpha05,Weak Thermoelastic Coupling (0.5x alpha_t),0.8984848484848484,488727.2694550492,4,2.291318804042129,0.7293494277254294,2.2568408623096087e-06,2.2568408623096087e-06,True,-0.6597758943303109,0.7514594171271662,8.326830078616594e+18,7.281279589993643e+16,CONVERGED
S6,S6_alpha05,Weak Thermoelastic Coupling (0.5x alpha_t),0.9161616161616162,498342.4771171778,0,3.14140995531676,0.9999418453335048,3.4541017614437464,3.4541017614437464,False,-0.031615689509755046,-5.7761319384660495e-06,8.793519906487157e+18,1.328302367643084e+17,CONVERGED
S6,S6_alpha05,Weak Thermoelastic Coupling (0.5x alpha_t),0.9161616161616162,498342.4771171778,1,3.1414947348089735,0.999968831484022,-0.007251361321344248,0.007251361321344248,False,-1.007277711277093,9.863140575054847e-05,8.793519906487157e+18,1.328302367643084e+17,CONVERGED
S6,S6_alpha05,Weak Thermoelastic Coupling (0.5x alpha_t),0.9161616161616162,498342.4771171778,2,1.520285547187903e-05,4.8392191949224334e-06,-4.076096614328633,4.076096614328633,False,58.91505226044229,0.000895677024702709,8.793519906487157e+18,1.328302367643084e+17,CONVERGED
S6,S6_alpha05,Weak Thermoelastic Coupling (0.5x alpha_t),0.9161616161616162,498342.4771171778,3,2.2215058136398445,0.7071272626963282,1.0419285406074536e-05,1.0419285406074536e-05,True,-0.6057447528940441,0.7956459363232133,8.793519906487157e+18,1.328302367643084e+17,CONVERGED
S6,S6_alpha05,Weak Thermoelastic Coupling (0.5x alpha_t),0.9161616161616162,498342.4771171778,4,2.22146096166036,0.7071129858678433,-4.0487365086082074e-05,4.0487365086082074e-05,True,-0.6057399013941339,-0.7957136104577696,8.793519906487157e+18,1.328302367643084e+17,CONVERGED
S6,S6_alpha05,Weak Thermoelastic Coupling (0.5x alpha_t),0.9338383838383838,507957.6847793063,0,3.1415777061625714,0.9999952420861423,3.854920642132617,3.854920642132617,False,-0.02117528366642844,-3.165160115292752e-07,9.268351215013442e+18,1.2013901428757882e+17,CONVERGED
S6,S6_alpha05,Weak Thermoelastic Coupling (0.5x alpha_t),0.9338383838383838,507957.6847793063,1,3.1415778200969733,0.9999952783525888,-0.19582017027873772,0.19582017027873772,False,-1.216308157175496,1.8042098317798114e-05,9.268351215013442e+18,1.2013901428757882e+17,CONVERGED
S6,S6_alpha05,Weak Thermoelastic Coupling (0.5x alpha_t),0.9338383838383838,507957.6847793063,2,2.0954029125046372e-05,6.669874625885346e-06,4.095213727407469,4.095213727407469,False,0.0166521868701656,-3.4893040872423317e-07,9.268351215013442e+18,1.2013901428757882e+17,CONVERGED
S6,S6_alpha05,Weak Thermoelastic Coupling (0.5x alpha_t),0.9338383838383838,507957.6847793063,3,2.1513457604720703,0.6847946241578453,1.3455318489174226e-05,1.3455318489174226e-05,True,-0.5484760548306515,-0.8361501701264634,9.268351215013442e+18,1.2013901428757882e+17,CONVERGED
S6,S6_alpha05,Weak Thermoelastic Coupling (0.5x alpha_t),0.9338383838383838,507957.6847793063,4,2.1513469023991316,0.6847949876445182,-1.3139792769276211e-05,1.3139792769276211e-05,True,-0.5484915966538658,0.8361717815921217,9.268351215013442e+18,1.2013901428757882e+17,CONVERGED
S6,S6_alpha05,Weak Thermoelastic Coupling (0.5x alpha_t),0.9515151515151515,517572.89244143496,0,1.8250837573675726e-05,5.809422030835571e-06,-4.114370912536076,4.114370912536076,False,61.21369337019924,0.001117201175108341,9.974900374239463e+18,2.6174023240873075e+17,CONVERGED
S6,S6_alpha05,Weak Thermoelastic Coupling (0.5x alpha_t),0.9515151515151515,517572.89244143496,1,3.1414816164061183,0.9999646557667023,-0.34440350162064653,0.34440350162064653,False,-1.4111479124200625,0.00015668989058789497,9.974900374239463e+18,2.6174023240873075e+17,CONVERGED
S6,S6_alpha05,Weak Thermoelastic Coupling (0.5x alpha_t),0.9515151515151515,517572.89244143496,2,5.123025301290611e-05,1.6307096005704944e-05,4.114381019106443,4.114381019106443,False,0.016336048961370614,8.368999222543974e-07,9.974900374239463e+18,2.6174023240873075e+17,CONVERGED
S6,S6_alpha05,Weak Thermoelastic Coupling (0.5x alpha_t),0.9515151515151515,517572.89244143496,3,2.0807888089695217,0.6623356489555938,2.4198380818299673e-05,2.4198380818299673e-05,True,-0.48815887293107507,0.8727270588151431,9.974900374239463e+18,2.6174023240873075e+17,CONVERGED
S6,S6_alpha05,Weak Thermoelastic Coupling (0.5x alpha_t),0.9515151515151515,517572.89244143496,4,2.0807548673902634,0.6623248450153633,5.596034161295298e-06,5.596034161295298e-06,True,-0.4881383313492534,-0.872759862426014,9.974900374239463e+18,2.6174023240873075e+17,CONVERGED
S6,S6_alpha05,Weak Thermoelastic Coupling (0.5x alpha_t),0.9691919191919192,527188.1001035634,0,1.2121941511649764e-05,3.8585338228998044e-06,-4.133387436727178,4.133387436727178,False,62.38890385045928,0.0007562746434882509,1.027364241056467e+19,9.442872145288358e+16,CONVERGED
S6,S6_alpha05,Weak Thermoelastic Coupling (0.5x alpha_t),0.9691919191919192,527188.1001035634,1,3.1415307139740136,0.9999802840079509,-0.4658590036709635,0.4658590036709635,False,-1.5933823193948125,-9.869348877985254e-05,1.027364241056467e+19,9.442872145288358e+16,CONVERGED
S6,S6_alpha05,Weak Thermoelastic Coupling (0.5x alpha_t),0.9691919191919192,527188.1001035634,2,1.0171266546448965e-05,3.2376146967451676e-06,4.133342796049078,4.133342796049078,False,0.016029206795271242,-1.630373348484771e-07,1.027364241056467e+19,9.442872145288358e+16,CONVERGED
S6,S6_alpha05,Weak Thermoelastic Coupling (0.5x alpha_t),0.9691919191919192,527188.1001035634,3,2.009733373679376,0.6397180014356478,7.532296184376932e-06,7.532296184376932e-06,True,-0.42497431497549615,-0.9051970874523456,1.027364241056467e+19,9.442872145288358e+16,CONVERGED
S6,S6_alpha05,Weak Thermoelastic Coupling (0.5x alpha_t),0.9691919191919192,527188.1001035634,4,2.009736775798296,0.639719084363734,6.757279685256602e-06,6.757279685256602e-06,True,-0.4249777239257943,0.9051963431757787,1.027364241056467e+19,9.442872145288358e+16,CONVERGED
S6,S6_alpha05,Weak Thermoelastic Coupling (0.5x alpha_t),0.9868686868686869,536803.3077656921,0,2.4307285290616797e-05,7.737249214293163e-06,-4.152248364514417,4.152248364514417,False,63.57678348882076,0.001545379014426901,1.0588224116146289e+19,2.763111998204323e+17,CONVERGED
S6,S6_alpha05,Weak Thermoelastic Coupling (0.5x alpha_t),0.9868686868686869,536803.3077656921,1,3.1415699196150526,0.9999927635510878,-0.5678317675840239,0.5678317675840239,False,-1.7644371905509386,4.011267052812996e-05,1.0588224116146289e+19,2.763111998204323e+17,CONVERGED
S6,S6_alpha05,Weak Thermoelastic Coupling (0.5x alpha_t),0.9868686868686869,536803.3077656921,2,2.961183759927569e-05,9.425740655918338e-06,4.15226197429021,4.15226197429021,False,0.015728798072315406,-4.6575861428533947e-07,1.0588224116146289e+19,2.763111998204323e+17,CONVERGED
S6,S6_alpha05,Weak Thermoelastic Coupling (0.5x alpha_t),0.9868686868686869,536803.3077656921,3,1.9381107479517892,0.6169198115921154,3.259057213428804e-05,3.259057213428804e-05,True,-0.35909858891652563,-0.9332647129395476,1.0588224116146289e+19,2.763111998204323e+17,CONVERGED
S6,S6_alpha05,Weak Thermoelastic Coupling (0.5x alpha_t),0.9868686868686869,536803.3077656921,4,1.9381110862484654,0.616919919275292,2.85159817346431e-05,2.85159817346431e-05,True,-0.35910036782078575,0.933268394136327,1.0588224116146289e+19,2.763111998204323e+17,CONVERGED
S6,S6_alpha05,Weak Thermoelastic Coupling (0.5x alpha_t),1.0045454545454544,546418.5154278205,0,4.358093860046269e-06,1.387224360569605e-06,-4.1710302628809535,4.1710302628809535,False,64.78216039255295,-0.00028232673544910505,1.1543035382602609e+19,1.1920827853603494e+17,CONVERGED
S6,S6_alpha05,Weak Thermoelastic Coupling (0.5x alpha_t),1.0045454545454544,546418.5154278205,1,3.141574054587091,0.9999940797535668,-0.6549482749889719,0.6549482749889719,False,-1.925042941600755,-3.5803878876230774e-05,1.1543035382602609e+19,1.1920827853603494e+17,CONVERGED
S6,S6_alpha05,Weak Thermoelastic Coupling (0.5x alpha_t),1.0045454545454544,546418.5154278205,2,4.3243778249410777e-05,1.3764922132727028e-05,4.170994597706486,4.170994597706486,False,0.015436898967341224,6.675498362183736e-07,1.1543035382602609e+19,1.1920827853603494e+17,CONVERGED
S6,S6_alpha05,Weak Thermoelastic Coupling (0.5x alpha_t),1.0045454545454544,546418.5154278205,3,1.8658212999163006,0.59390936561565,2.9673786487556266e-05,2.9673786487556266e-05,True,-0.2907551164357828,0.956766490035302,1.1543035382602609e+19,1.1920827853603494e+17,CONVERGED
S6,S6_alpha05,Weak Thermoelastic Coupling (0.5x alpha_t),1.0045454545454544,546418.5154278205,4,1.8658502930109153,0.593918594404297,6.0667079551978026e-06,6.0667079551978026e-06,True,-0.29078972054968666,-0.9567806462718267,1.1543035382602609e+19,1.1920827853603494e+17,CONVERGED
S6,S6_alpha05,Weak Thermoelastic Coupling (0.5x alpha_t),1.0222222222222221,556033.7230899491,0,1.3982697487209617e-05,4.4508308456960694e-06,-4.189703019373346,4.189703019373346,False,66.00318637535884,-0.0009229025883387054,1.1594446926495676e+19,9.64184301963205e+16,CONVERGED
S6,S6_alpha05,Weak Thermoelastic Coupling (0.5x alpha_t),1.0222222222222221,556033.7230899491,1,3.1415672598803126,0.9999919169312255,-0.7301026828665397,0.7301026828665397,False,-2.0752936931700647,5.26994051423558e-05,1.1594446926495676e+19,9.64184301963205e+16,CONVERGED
S6,S6_alpha05,Weak Thermoelastic Coupling (0.5x alpha_t),1.0222222222222221,556033.7230899491,2,7.953505856491738e-05,2.5316795439419976e-05,4.189678372156603,4.189678372156603,False,0.015151157075548087,1.2050481678709542e-06,1.1594446926495676e+19,9.64184301963205e+16,CONVERGED
S6,S6_alpha05,Weak Thermoelastic Coupling (0.5x alpha_t),1.0222222222222221,556033.7230899491,3,1.7928506649638156,0.5706820911091656,4.939660376573549e-05,4.939660376573549e-05,True,-0.2202231060099752,-0.9753988903272732,1.1594446926495676e+19,9.64184301963205e+16,CONVERGED
S6,S6_alpha05,Weak Thermoelastic Coupling (0.5x alpha_t),1.0222222222222221,556033.7230899491,4,1.7927857835097434,0.5706614387009045,-2.6350454805799897e-05,2.6350454805799897e-05,True,-0.22017649733860054,0.9754870641469492,1.1594446926495676e+19,9.64184301963205e+16,CONVERGED
S6,S6_alpha05,Weak Thermoelastic Coupling (0.5x alpha_t),1.0398989898989899,565648.9307520777,0,1.0468958528991925e-06,3.3323729978262444e-07,-4.208259882427492,4.208259882427492,False,67.2394334305172,7.039268400972549e-05,1.2175039775706018e+19,7.721282599657514e+16,CONVERGED
S6,S6_alpha05,Weak Thermoelastic Coupling (0.5x alpha_t),1.0398989898989899,565648.9307520777,1,3.1415816321657433,0.9999964917717651,-0.7956838552245377,0.7956838552245377,False,-2.2159558716331236,-2.4422989338200547e-05,1.2175039775706018e+19,7.721282599657514e+16,CONVERGED
S6,S6_alpha05,Weak Thermoelastic Coupling (0.5x alpha_t),1.0398989898989899,565648.9307520777,2,6.631379304948329e-06,2.1108335917996476e-06,4.208257581723548,4.208257581723548,False,0.01487225947133271,9.862359367746316e-08,1.2175039775706018e+19,7.721282599657514e+16,CONVERGED
S6,S6_alpha05,Weak Thermoelastic Coupling (0.5x alpha_t),1.0398989898989899,565648.9307520777,3,1.7188496339619785,0.5471268313534877,3.998071593809749e-05,3.998071593809749e-05,True,-0.14750711940412578,0.9890205718234838,1.2175039775706018e+19,7.721282599657514e+16,CONVERGED
S6,S6_alpha05,Weak Thermoelastic Coupling (0.5x alpha_t),1.0398989898989899,565648.9307520777,4,1.718826128741437,0.5471193494094124,-7.849105884193058e-06,7.849105884193058e-06,True,-0.14749092651274992,-0.9890713447125018,1.2175039775706018e+19,7.721282599657514e+16,CONVERGED
S6,S6_alpha05,Weak Thermoelastic Coupling (0.5x alpha_t),1.0575757575757576,575264.1384142063,0,1.0065500763719379e-06,3.2039484024823736e-07,-4.2266794203447375,4.2266794203447375,False,68.48942955837181,6.893804055267288e-05,1.2814463255768017e+19,1.556987001953531e+17,CONVERGED
S6,S6_alpha05,Weak Thermoelastic Coupling (0.5x alpha_t),1.0575757575757576,575264.1384142063,1,3.1415742677307925,0.9999941475993142,-0.8533194246644998,0.8533194246644998,False,-2.347426037062933,-4.315944413663917e-05,1.2814463255768017e+19,1.556987001953531e+17,CONVERGED
S6,S6_alpha05,Weak Thermoelastic Coupling (0.5x alpha_t),1.0575757575757576,575264.1384142063,2,5.364975078950098e-05,1.707724606759479e-05,4.2267672546554005,4.2267672546554005,False,0.014599510823125338,7.832601180607814e-07,1.2814463255768017e+19,1.556987001953531e+17,CONVERGED
S6,S6_alpha05,Weak Thermoelastic Coupling (0.5x alpha_t),1.0575757575757576,575264.1384142063,3,1.643857395365962,0.523256060421322,4.407569393192329e-05,4.407569393192329e-05,True,-0.07299286961452237,0.9972882700016044,1.2814463255768017e+19,1.556987001953531e+17,CONVERGED
S6,S6_alpha05,Weak Thermoelastic Coupling (0.5x alpha_t),1.0575757575757576,575264.1384142063,4,1.643797492552433,0.5232369927635655,-6.80561042862413e-05,6.80561042862413e-05,True,-0.07294130769177128,-0.9974044751776853,1.2814463255768017e+19,1.556987001953531e+17,CONVERGED
S6,S6_alpha05,Weak Thermoelastic Coupling (0.5x alpha_t),1.0752525252525253,584879.3460763348,0,4.313447992931194e-05,1.3730131396896287e-05,-4.245078481709887,4.245078481709887,False,69.76123484516714,-0.003009114586139115,1.3256040406291253e+19,3.4211168372276794e+17,CONVERGED
S6,S6_alpha05,Weak Thermoelastic Coupling (0.5x alpha_t),1.0752525252525253,584879.3460763348,1,3.1415707505979467,0.9999930280611583,-0.9042354507894553,0.9042354507894553,False,-2.470042731146578,5.410132580936238e-05,1.3256040406291253e+19,3.4211168372276794e+17,CONVERGED
S6,S6_alpha05,Weak Thermoelastic Coupling (0.5x alpha_t),1.0752525252525253,584879.3460763348,2,3.2830494471006325e-05,1.0450270958423592e-05,4.245135675159269,4.245135675159269,False,0.0143337888002749,4.7058537412506964e-07,1.3256040406291253e+19,3.4211168372276794e+17,CONVERGED
S6,S6_alpha05,Weak Thermoelastic Coupling (0.5x alpha_t),1.0752525252525253,584879.3460763348,3,1.567541475614608,0.49896394869125715,-5.3954977419595575e-06,5.3954977419595575e-06,True,0.00325486299483757,-1.000000098460291,1.3256040406291253e+19,3.4211168372276794e+17,CONVERGED
S6,S6_alpha05,Weak Thermoelastic Coupling (0.5x alpha_t),1.0752525252525253,584879.3460763348,4,1.5675260416443386,0.4989590359059374,-1.3067795918005647e-05,1.3067795918005647e-05,True,0.003270322057027974,1.000007720433706,1.3256040406291253e+19,3.4211168372276794e+17,CONVERGED
S6,S6_alpha05,Weak Thermoelastic Coupling (0.5x alpha_t),1.0929292929292929,594494.5537384634,0,5.927987864371572e-05,1.8869371424070074e-05,-4.263272667470021,4.263272667470021,False,71.04210047279624,-0.004211367099555081,1.4296753460783487e+19,1.3228055800397386e+17,CONVERGED
S6,S6_alpha05,Weak Thermoelastic Coupling (0.5x alpha_t),1.0929292929292929,594494.5537384634,1,3.141517659773939,0.9999761287270109,-0.9493989753368672,0.9493989753368672,False,-2.584156043697392,0.00019379572284364266,1.4296753460783487e+19,1.3228055800397386e+17,CONVERGED
S6,S6_alpha05,Weak Thermoelastic Coupling (0.5x alpha_t),1.0929292929292929,594494.5537384634,2,0.0009700742744270028,0.0003087842318826826,4.2633286533859565,4.2633286533859565,False,0.014075365688005333,1.365415444014059e-05,1.4296753460783487e+19,1.3228055800397386e+17,CONVERGED
S6,S6_alpha05,Weak Thermoelastic Coupling (0.5x alpha_t),1.0929292929292929,594494.5537384634,3,1.4898330827810329,0.47422859901287656,6.216510009651438e-05,6.216510009651438e-05,True,0.08086979258830027,-0.9966623069902921,1.4296753460783487e+19,1.3228055800397386e+17,CONVERGED
S6,S6_alpha05,Weak Thermoelastic Coupling (0.5x alpha_t),1.0929292929292929,594494.5537384634,4,1.489716340356449,0.4741914387449945,-6.442142417190311e-05,6.442142417190311e-05,True,0.0809963972146464,0.9967790300699485,1.4296753460783487e+19,1.3228055800397386e+17,CONVERGED
S6,S6_alpha05,Weak Thermoelastic Coupling (0.5x alpha_t),1.1106060606060606,604109.761400592,0,1.2677039007320868e-05,4.0352268435677806e-06,-4.281557385699655,4.281557385699655,False,72.35303388300859,0.0009172222328820432,1.4264926630681407e+19,7.799308423110243e+17,CONVERGED
S6,S6_alpha05,Weak Thermoelastic Coupling (0.5x alpha_t),1.1106060606060606,604109.761400592,1,3.141554397058812,0.9999878225679776,-0.9894329190815355,0.9894329190815355,False,-2.6897087553074406,-0.00010289892637880004,1.4264926630681407e+19,7.799308423110243e+17,CONVERGED
S6,S6_alpha05,Weak Thermoelastic Coupling (0.5x alpha_t),1.1106060606060606,604109.761400592,2,1.3356707679275139e-05,4.251572101180233e-06,4.2815608904018685,4.2815608904018685,False,0.013821072061073771,-1.84604019344937e-07,1.4264926630681407e+19,7.799308423110243e+17,CONVERGED
S6,S6_alpha05,Weak Thermoelastic Coupling (0.5x alpha_t),1.1106060606060606,604109.761400592,3,1.4102684531222205,0.44890239080192457,-3.7873186924399567e-06,3.7873186924399567e-06,True,0.15983992104840225,-0.9871467845793315,1.4264926630681407e+19,7.799308423110243e+17,CONVERGED
S6,S6_alpha05,Weak Thermoelastic Coupling (0.5x alpha_t),1.1106060606060606,604109.761400592,4,1.4102771809387706,0.44890516895221727,-8.705128040143421e-06,8.705128040143421e-06,True,0.15983209142809107,0.9871530342137241,1.4264926630681407e+19,7.799308423110243e+17,CONVERGED
S6,S6_alpha05,Weak Thermoelastic Coupling (0.5x alpha_t),1.1282828282828283,613724.9690627207,0,1.668133725208608e-05,5.3098345621049476e-06,-4.29981571724697,4.29981571724697,False,73.6862133398134,0.0012291845756646053,1.5444306832886501e+19,8.38081581545273e+16,CONVERGED
S6,S6_alpha05,Weak Thermoelastic Coupling (0.5x alpha_t),1.1282828282828283,613724.9690627207,1,3.1415913615190054,0.9999995887210946,-1.0250828828155187,1.0250828828155187,False,-2.7873264724557414,3.6014231111758326e-06,1.5444306832886501e+19,8.38081581545273e+16,CONVERGED
S6,S6_alpha05,Weak Thermoelastic Coupling (0.5x alpha_t),1.1282828282828283,613724.9690627207,2,0.0002750058362323591,8.753707643100042e-05,4.299013133866598,4.299013133866598,False,0.013581955459395792,-3.735117112941869e-06,1.5444306832886501e+19,8.38081581545273e+16,CONVERGED
S6,S6_alpha05,Weak Thermoelastic Coupling (0.5x alpha_t),1.1282828282828283,613724.9690627207,3,1.3286128705733866,0.42291061161453414,5.034677603071979e-05,5.034677603071979e-05,True,0.2398108580576478,0.9707677703112206,1.5444306832886501e+19,8.38081581545273e+16,CONVERGED
S6,S6_alpha05,Weak Thermoelastic Coupling (0.5x alpha_t),1.1282828282828283,613724.9690627207,4,1.328590419506689,0.42290346521804895,1.3990487081003743e-05,1.3990487081003743e-05,True,0.23984137235289527,-0.9707976800163779,1.5444306832886501e+19,8.38081581545273e+16,CONVERGED
S6,S6_alpha05,Weak Thermoelastic Coupling (0.5x alpha_t),1.145959595959596,623340.1767248492,0,6.661810896588162e-05,2.1205202682709145e-05,-4.317440634321054,4.317440634321054,False,74.99643897697372,0.00499612095121201,1.5439599301927156e+19,9.183160247777867e+16,CONVERGED
S6,S6_alpha05,Weak Thermoelastic Coupling (0.5x alpha_t),1.145959595959596,623340.1767248492,1,3.1415606003887127,0.9999897971492122,-1.0567094138446746,1.0567094138446746,False,-2.876888744998206,-9.221349346122097e-05,1.5439599301927156e+19,9.183160247777867e+16,CONVERGED
S6,S6_alpha05,Weak Thermoelastic Coupling (0.5x alpha_t),1.145959595959596,623340.1767248492,2,4.413935297170314e-05,1.404999242064899e-05,4.317838715842058,4.317838715842058,False,0.013328659442323459,5.883184041464092e-07,1.5439599301927156e+19,9.183160247777867e+16,CONVERGED
S6,S6_alpha05,Weak Thermoelastic Coupling (0.5x alpha_t),1.145959595959596,623340.1767248492,3,1.2444967351932594,0.3961356141354655,1.50661040938842e-05,1.50661040938842e-05,True,0.3205352455355239,0.947220684220559,1.5439599301927156e+19,9.183160247777867e+16,CONVERGED
S6,S6_alpha05,Weak Thermoelastic Coupling (0.5x alpha_t),1.145959595959596,623340.1767248492,4,1.2444910735841914,0.39613381198932746,1.8959683263272448e-06,1.8959683263272448e-06,True,0.320544829914732,-0.9472313445433868,1.5439599301927156e+19,9.183160247777867e+16,CONVERGED
S6,S6_alpha05,Weak Thermoelastic Coupling (0.5x alpha_t),1.1636363636363636,632955.3843869776,0,0.00029129690455030594,9.272268453309842e-05,-4.335566377783828,4.335566377783828,False,76.36819665498165,-0.022245819920899947,1.6575277171688931e+19,8.571590330204666e+16,CONVERGED
S6,S6_alpha05,Weak Thermoelastic Coupling (0.5x alpha_t),1.1636363636363636,632955.3843869776,1,3.141564698410456,0.9999911015900469,-1.0846867767640789,1.0846867767640789,False,-2.958512997425307,8.270576143663305e-05,1.6575277171688931e+19,8.571590330204666e+16,CONVERGED
S6,S6_alpha05,Weak Thermoelastic Coupling (0.5x alpha_t),1.1636363636363636,632955.3843869776,2,0.00016288837224437693,5.184897922977055e-05,4.335685621065078,4.335685621065078,False,0.01309289405717701,2.1326802198035055e-06,1.6575277171688931e+19,8.571590330204666e+16,CONVERGED
S6,S6_alpha05,Weak Thermoelastic Coupling (0.5x alpha_t),1.1636363636363636,632955.3843869776,3,1.1572723351739405,0.36837122529286664,-2.533460921393532e-05,2.533460921393532e-05,True,0.40184895288158706,-0.9157336346176799,1.6575277171688931e+19,8.571590330204666e+16,CONVERGED
S6,S6_alpha05,Weak Thermoelastic Coupling (0.5x alpha_t),1.1636363636363636,632955.3843869776,4,1.1572009883859833,0.36834851490491244,-9.057120192004322e-05,9.057120192004322e-05,True,0.4019405068860737,0.9157647010751627,1.6575277171688931e+19,8.571590330204666e+16,CONVERGED
S6,S6_alpha05,Weak Thermoelastic Coupling (0.5x alpha_t),1.1813131313131313,642570.5920491063,0,0.000303195498144158,9.651012450570465e-05,-4.353255046152197,4.353255046152197,False,77.73106622554957,-0.023567710067705677,1.7985178589791205e+19,1.3773362879318446e+17,CONVERGED
S6,S6_alpha05,Weak Thermoelastic Coupling (0.5x alpha_t),1.1813131313131313,642570.5920491063,1,3.1414530916677794,0.9999555760604882,-1.109745717128949,1.109745717128949,False,-3.0335868776201074,0.00042337321798490633,1.7985178589791205e+19,1.3773362879318446e+17,CONVERGED
S6,S6_alpha05,Weak Thermoelastic Coupling (0.5x alpha_t),1.1813131313131313,642570.5920491063,2,1.7763363747203317e-05,5.654254292613561e-06,4.353304890112026,4.353304890112026,False,0.012864227389620701,-2.2851195047260296e-07,1.7985178589791205e+19,1.3773362879318446e+17,CONVERGED
S6,S6_alpha05,Weak Thermoelastic Coupling (0.5x alpha_t),1.1813131313131313,642570.5920491063,3,1.065961912358761,0.3393062149991731,3.36368643942518e-06,3.36368643942518e-06,True,0.48366089054682376,0.8752516298786328,1.7985178589791205e+19,1.3773362879318446e+17,CONVERGED
S6,S6_alpha05,Weak Thermoelastic Coupling (0.5x alpha_t),1.1813131313131313,642570.5920491063,4,1.0659517359187631,0.3393029757377156,-2.707892768765088e-05,2.707892768765088e-05,True,0.4836845218646067,-0.8752733530906475,1.7985178589791205e+19,1.3773362879318446e+17,CONVERGED
S6,S6_alpha05,Weak Thermoelastic Coupling (0.5x alpha_t),1.198989898989899,652185.7997112349,0,8.322235088349326e-05,2.6490497037672232e-05,-4.371040096971293,4.371040096971293,False,79.12588723707869,-0.006585042366814463,1.7072852597950523e+19,1.390237946016634e+17,CONVERGED
S6,S6_alpha05,Weak Thermoelastic Coupling (0.5x alpha_t),1.198989898989899,652185.7997112349,1,3.141564266715924,0.9999909641774095,-1.1315156632522048,1.1315156632522048,False,-3.1003520291967286,-8.80093020267433e-05,1.7072852597950523e+19,1.390237946016634e+17,CONVERGED
S6,S6_alpha05,Weak Thermoelastic Coupling (0.5x alpha_t),1.198989898989899,652185.7997112349,2,0.00011928917591000233,3.797092400687103e-05,4.3708534643720585,4.3708534643720585,False,0.012640447701262334,1.507868596569344e-06,1.7072852597950523e+19,1.390237946016634e+17,CONVERGED
S6,S6_alpha05,Weak Thermoelastic Coupling (0.5x alpha_t),1.198989898989899,652185.7997112349,3,0.9696047464760984,0.3086347764940701,2.2925426653960227e-05,2.2925426653960227e-05,True,0.5656125589219495,0.8246433067621362,1.7072852597950523e+19,1.390237946016634e+17,CONVERGED
S6,S6_alpha05,Weak Thermoelastic Coupling (0.5x alpha_t),1.198989898989899,652185.7997112349,4,0.9695970949355994,0.3086323409330847,4.547468530295587e-06,4.547468530295587e-06,True,0.5656292637124533,-0.8246541342504785,1.7072852597950523e+19,1.390237946016634e+17,CONVERGED
S6,S6_alpha05,Weak Thermoelastic Coupling (0.5x alpha_t),1.2166666666666666,661801.0073733634,0,7.809426761728468e-05,2.4858177436864377e-05,-4.388635484798982,4.388635484798982,False,80.53045869552938,0.006288967205496234,1.8919923483725566e+19,8.087854223572434e+16,CONVERGED
S6,S6_alpha05,Weak Thermoelastic Coupling (0.5x alpha_t),1.2166666666666666,661801.0073733634,1,3.1415793503418317,0.9999957654446555,-1.150754590050387,1.150754590050387,False,-3.1605769497303773,-4.2045938866919804e-05,1.8919923483725566e+19,8.087854223572434e+16,CONVERGED
S6,S6_alpha05,Weak Thermoelastic Coupling (0.5x alpha_t),1.2166666666666666,661801.0073733634,2,0.0007909398903703864,0.00025176398648201756,4.388181360641217,4.388181360641217,False,0.012423298308588075,-9.826084251253298e-06,1.8919923483725566e+19,8.087854223572434e+16,CONVERGED
S6,S6_alpha05,Weak Thermoelastic Coupling (0.5x alpha_t),1.2166666666666666,661801.0073733634,3,0.8663419885743661,0.27576521977934537,0.00012763736316719502,0.00012763736316719502,True,0.6475354957685836,0.7618677966505875,1.8919923483725566e+19,8.087854223572434e+16,CONVERGED
S6,S6_alpha05,Weak Thermoelastic Coupling (0.5x alpha_t),1.2166666666666666,661801.0073733634,4,0.8662636667711264,0.27574028917507043,-4.19901703939737e-05,4.19901703939737e-05,True,0.6477050239299373,-0.7619463142788702,1.8919923483725566e+19,8.087854223572434e+16,CONVERGED
S6,S6_alpha05,Weak Thermoelastic Coupling (0.5x alpha_t),1.2343434343434343,671416.215035492,0,4.757919714849463e-06,1.5144928829053464e-06,-4.406198844118262,4.406198844118262,False,81.957338042772,-0.0003899464344532293,1.9092306158672994e+19,1.250570897952986e+17,CONVERGED
S6,S6_alpha05,Weak Thermoelastic Coupling (0.5x alpha_t),1.2343434343434343,671416.215035492,1,3.1415788331659034,0.9999956008224447,-1.167530008498037,1.167530008498037,False,-3.2140441641577366,4.441945275235806e-05,1.9092306158672994e+19,1.250570897952986e+17,CONVERGED
S6,S6_alpha05,Weak Thermoelastic Coupling (0.5x alpha_t),1.2343434343434343,671416.215035492,2,5.308621841025492e-05,1.6897868140096097e-05,4.3818325063412455,4.3818325063412455,False,0.01250242682209267,6.63706561559315e-07,1.9092306158672994e+19,1.250570897952986e+17,CONVERGED
S6,S6_alpha05,Weak Thermoelastic Coupling (0.5x alpha_t),1.2343434343434343,671416.215035492,3,0.7535996574107946,0.2398782211785737,-1.4355962631206749e-05,1.4355962631206749e-05,True,0.7292409366028267,-0.6842779908195833,1.9092306158672994e+19,1.250570897952986e+17,CONVERGED
S6,S6_alpha05,Weak Thermoelastic Coupling (0.5x alpha_t),1.2343434343434343,671416.215035492,4,0.7535894516177747,0.2398749725737591,-3.8051347081298196e-05,3.8051347081298196e-05,True,0.729265200178946,0.6842867625476967,1.9092306158672994e+19,1.250570897952986e+17,CONVERGED
S6,S6_alpha05,Weak Thermoelastic Coupling (0.5x alpha_t),1.252020202020202,681031.4226976206,0,2.0044780243338427e-05,6.3804517178361505e-06,-4.423625313376937,4.423625313376937,False,83.3980821399175,-0.0016716962294344257,2.0377729844419506e+19,4.045774509775295e+16,CONVERGED
S6,S6_alpha05,Weak Thermoelastic Coupling (0.5x alpha_t),1.252020202020202,681031.4226976206,1,3.1415846691214138,0.9999974584647789,-1.181969354240651,1.181969354240651,False,-3.2607895333787,-2.603567092261134e-05,2.0377729844419506e+19,4.045774509775295e+16,CONVERGED
S6,S6_alpha05,Weak Thermoelastic Coupling (0.5x alpha_t),1.252020202020202,681031.4226976206,2,3.1503698563974375e-06,1.0027938704267133e-06,4.3402115578608145,4.3402115578608145,False,0.013033770515069498,4.106119774601249e-08,2.0377729844419506e+19,4.045774509775295e+16,CONVERGED
S6,S6_alpha05,Weak Thermoelastic Coupling (0.5x alpha_t),1.252020202020202,681031.4226976206,3,0.6257987403113648,0.19919792580247012,7.028476707927081e-05,7.028476707927081e-05,True,0.8104385565983726,-0.5857036676716494,2.0377729844419506e+19,4.045774509775295e+16,CONVERGED
S6,S6_alpha05,Weak Thermoelastic Coupling (0.5x alpha_t),1.252020202020202,681031.4226976206,4,0.6257142952496524,0.19917104610448766,-0.00015531363769135585,0.00015531363769135585,True,0.810670878920298,0.5857673613266807,2.0377729844419506e+19,4.045774509775295e+16,CONVERGED
S6,S6_alpha05,Weak Thermoelastic Coupling (0.5x alpha_t),1.2696969696969698,690646.6303597492,0,0.00039445929581815594,0.00012556029355601544,-4.441134535575303,4.441134535575303,False,84.87116983871411,0.033478223626225365,2.021189933033845e+19,6.758991302701059e+16,CONVERGED
S6,S6_alpha05,Weak Thermoelastic Coupling (0.5x alpha_t),1.2696969696969698,690646.6303597492,1,3.1415797235890577,0.9999958842529375,-1.1942684750602564,1.1942684750602564,False,-3.301142019025569,-4.268376873615584e-05,2.021189933033845e+19,6.758991302701059e+16,CONVERGED
S6,S6_alpha05,Weak Thermoelastic Coupling (0.5x alpha_t),1.2696969696969698,690646.6303597492,2,4.598384702626489e-05,1.4637113113223219e-05,4.3022748987981805,4.3022748987981805,False,0.013537726982452338,-6.225167670832005e-07,2.021189933033845e+19,6.758991302701059e+16,CONVERGED
S6,S6_alpha05,Weak Thermoelastic Coupling (0.5x alpha_t),1.2696969696969698,690646.6303597492,3,0.47078000176614393,0.14985392877978604,2.3930181028357953e-05,2.3930181028357953e-05,True,0.8911934382369202,0.4535707182200906,2.021189933033845e+19,6.758991302701059e+16,CONVERGED
S6,S6_alpha05,Weak Thermoelastic Coupling (0.5x alpha_t),1.2696969696969698,690646.6303597492,4,0.4707489135005782,0.14984403307751218,-4.678975568248189e-05,4.678975568248189e-05,True,0.8912705669025746,-0.45357508800994284,2.021189933033845e+19,6.758991302701059e+16,CONVERGED
S6,S6_alpha05,Weak Thermoelastic Coupling (0.5x alpha_t),1.2873737373737373,700261.8380218776,0,0.00013044830220456914,4.152298422760514e-05,-4.4581372467468405,4.4581372467468405,False,86.32655342910653,-0.01126115239387508,2.1756717407571063e+19,1.6179191012138138e+17,CONVERGED
S6,S6_alpha05,Weak Thermoelastic Coupling (0.5x alpha_t),1.2873737373737373,700261.8380218776,1,3.1415824980811164,0.999996767401189,-1.2045111712271497,1.2045111712271497,False,-3.3351283726502965,-3.3869925127186314e-05,2.1756717407571063e+19,1.6179191012138138e+17,CONVERGED
S6,S6_alpha05,Weak Thermoelastic Coupling (0.5x alpha_t),1.2873737373737373,700261.8380218776,2,4.262960081700168e-05,1.3569423384120235e-05,4.26709250894667,4.26709250894667,False,0.014022494204873141,-5.977733307745691e-07,2.1756717407571063e+19,1.6179191012138138e+17,CONVERGED
S6,S6_alpha05,Weak Thermoelastic Coupling (0.5x alpha_t),1.2873737373737373,700261.8380218776,3,0.2402552886669994,0.07647563359064635,0.0001373786842210712,0.0001373786842210712,True,0.9711438367868209,0.23791790316174063,2.1756717407571063e+19,1.6179191012138138e+17,CONVERGED
S6,S6_alpha05,Weak Thermoelastic Coupling (0.5x alpha_t),1.2873737373737373,700261.8380218776,4,0.24026901643488086,0.07648000327487826,1.419986406139471e-05,1.419986406139471e-05,True,0.9712602019311332,-0.23796054467041403,2.1756717407571063e+19,1.6179191012138138e+17,CONVERGED
S6,S6_alpha05,Weak Thermoelastic Coupling (0.5x alpha_t),1.305050505050505,709877.0456840061,0,8.052485715124505e-06,2.5631858114778813e-06,4.233764580325264,4.233764580325264,False,0.01449770989423666,1.167426018278832e-07,2.189422525930565e+19,9.450101955653827e+16,CONVERGED
S6,S6_alpha05,Weak Thermoelastic Coupling (0.5x alpha_t),1.305050505050505,709877.0456840061,1,3.141592415955369,0.9999999243586135,-1.2127025659164112,1.2127025659164112,False,-3.362559923607528,7.990599913721899e-07,2.189422525930565e+19,9.450101955653827e+16,CONVERGED
S6,S6_alpha05,Weak Thermoelastic Coupling (0.5x alpha_t),1.305050505050505,709877.0456840061,2,0.00017114762722965287,5.447798174409664e-05,4.475211730507608,4.475211730507608,False,0.011387810555510811,-1.948996774946157e-06,2.189422525930565e+19,9.450101955653827e+16,CONVERGED
S6,S6_alpha05,Weak Thermoelastic Coupling (0.5x alpha_t),1.305050505050505,709877.0456840061,3,0.0001935190286930286,6.159901999767565e-05,0.3146959179113384,0.3146959179113384,False,0.7300108100686334,-0.00014127098466340757,2.189422525930565e+19,9.450101955653827e+16,CONVERGED
S6,S6_alpha05,Weak Thermoelastic Coupling (0.5x alpha_t),1.305050505050505,709877.0456840061,4,0.0001605904934896324,5.111754170488367e-05,-0.3147692455606501,0.3147692455606501,False,1.3699431363517025,0.00021999984621066918,2.189422525930565e+19,9.450101955653827e+16,CONVERGED
S6,S6_alpha05,Weak Thermoelastic Coupling (0.5x alpha_t),1.3227272727272728,719492.2533461349,0,0.0005988492002051289,0.00019061962075854865,4.202581942614563,4.202581942614563,False,0.014956906360202646,-8.956932482063182e-06,2.1930879186810204e+19,3.250519903141735e+17,CONVERGED
S6,S6_alpha05,Weak Thermoelastic Coupling (0.5x alpha_t),1.3227272727272728,719492.2533461349,1,3.1413947499689394,0.9999370053209707,-1.2191379752293383,1.2191379752293383,False,-3.3842690857437434,-0.0006697591147559511,2.1930879186810204e+19,3.250519903141735e+17,CONVERGED
S6,S6_alpha05,Weak Thermoelastic Coupling (0.5x alpha_t),1.3227272727272728,719492.2533461349,2,7.081010975677685e-05,2.2539557977341366e-05,4.492131232238729,4.492131232238729,False,0.011196755448526859,7.928434835551007e-07,2.1930879186810204e+19,3.250519903141735e+17,CONVERGED
S6,S6_alpha05,Weak Thermoelastic Coupling (0.5x alpha_t),1.3227272727272728,719492.2533461349,3,7.198053957432366e-05,2.2912117359350804e-05,0.5000808828784878,0.5000808828784878,False,0.6064816021797546,-4.365487304219389e-05,2.1930879186810204e+19,3.250519903141735e+17,CONVERGED
S6,S6_alpha05,Weak Thermoelastic Coupling (0.5x alpha_t),1.3227272727272728,719492.2533461349,4,1.1279701346713099e-05,3.590440451859397e-06,-0.5001112554310422,0.5001112554310422,False,1.6489047099949974,1.8599152678720943e-05,2.1930879186810204e+19,3.250519903141735e+17,CONVERGED
S6,S6_alpha05,Weak Thermoelastic Coupling (0.5x alpha_t),1.3404040404040405,729107.4610082634,0,0.0003312351165581958,0.00010543541225171395,4.172707712634092,4.172707712634092,False,0.01541047559318855,5.104490866009678e-06,2.362864185834141e+19,1.2082247352459277e+17,CONVERGED
S6,S6_alpha05,Weak Thermoelastic Coupling (0.5x alpha_t),1.3404040404040405,729107.4610082634,1,3.14148895398814,0.9999669913916005,-1.223778647569715,1.223778647569715,False,-3.4000109159582284,0.00035257977886599183,2.362864185834141e+19,1.2082247352459277e+17,CONVERGED
S6,S6_alpha05,Weak Thermoelastic Coupling (0.5x alpha_t),1.3404040404040405,729107.4610082634,2,0.0001957899375733792,6.232187274491382e-05,-4.509345103208884,4.509345103208884,False,90.86229185526557,0.01778992267743446,2.362864185834141e+19,1.2082247352459277e+17,CONVERGED
S6,S6_alpha05,Weak Thermoelastic Coupling (0.5x alpha_t),1.3404040404040405,729107.4610082634,3,6.550744366518008e-05,2.0851666937254552e-05,0.6281527598294584,0.6281527598294584,False,0.5335765340716473,3.495323479675788e-05,2.362864185834141e+19,1.2082247352459277e+17,CONVERGED
S6,S6_alpha05,Weak Thermoelastic Coupling (0.5x alpha_t),1.3404040404040405,729107.4610082634,4,1.3775153513736688e-05,4.3847675471217695e-06,-0.6282764483715871,0.6282764483715871,False,1.8743772075569027,-2.5819833778378575e-05,2.362864185834141e+19,1.2082247352459277e+17,CONVERGED
S6,S6_alpha05,Weak Thermoelastic Coupling (0.5x alpha_t),1.358080808080808,738722.6686703919,0,0.0001302846319438883,4.147088636555614e-05,4.526437771847282,4.526437771847282,False,0.010819147690553624,-1.4095686827857278e-06,2.570572589257484e+19,1.513852506268621e+17,CONVERGED
S6,S6_alpha05,Weak Thermoelastic Coupling (0.5x alpha_t),1.358080808080808,738722.6686703919,1,3.141548364979311,0.9999859024974382,-1.2268003543460484,1.2268003543460484,False,-3.4103003048808396,-0.00015103746192921108,2.570572589257484e+19,1.513852506268621e+17,CONVERGED
S6,S6_alpha05,Weak Thermoelastic Coupling (0.5x alpha_t),1.358080808080808,738722.6686703919,2,0.00013227154136501835,4.210333927725355e-05,4.144255082402069,4.144255082402069,False,0.01585524226374382,-2.0971973451718655e-06,2.570572589257484e+19,1.513852506268621e+17,CONVERGED
S6,S6_alpha05,Weak Thermoelastic Coupling (0.5x alpha_t),1.358080808080808,738722.6686703919,3,0.00018699807540810846,5.952333609974291e-05,0.730207891476826,0.730207891476826,False,0.4818088073076025,9.009732073138064e-05,2.570572589257484e+19,1.513852506268621e+17,CONVERGED
S6,S6_alpha05,Weak Thermoelastic Coupling (0.5x alpha_t),1.358080808080808,738722.6686703919,4,0.00011487875779756975,3.6567044319479683e-05,-0.7303102479424876,0.7303102479424876,False,2.0757244833438584,-0.00023845665122552577,2.570572589257484e+19,1.513852506268621e+17,CONVERGED
S6,S6_alpha05,Weak Thermoelastic Coupling (0.5x alpha_t),1.3757575757575757,748337.8763325205,0,0.00019292799854468844,6.141088925842632e-05,4.543259325476801,4.543259325476801,False,0.010638674880963156,-2.0524982774173647e-06,2.6444103978240926e+19,3.801393320221813e+16,CONVERGED
S6,S6_alpha05,Weak Thermoelastic Coupling (0.5x alpha_t),1.3757575757575757,748337.8763325205,1,3.1415713022148366,0.9999932036462678,-1.2283863084837183,1.2283863084837183,False,-3.415713178479452,7.29301728288633e-05,2.6444103978240926e+19,3.801393320221813e+16,CONVERGED
S6,S6_alpha05,Weak Thermoelastic Coupling (0.5x alpha_t),1.3757575757575757,748337.8763325205,2,6.545028060046083e-05,2.083347136862985e-05,4.1173052315631855,4.1173052315631855,False,0.016288348646888665,1.0660769909792648e-06,2.6444103978240926e+19,3.801393320221813e+16,CONVERGED
S6,S6_alpha05,Weak Thermoelastic Coupling (0.5x alpha_t),1.3757575757575757,748337.8763325205,3,2.558526640090304e-05,8.14404323605341e-06,0.8160425404273899,0.8160425404273899,False,0.4421780982897748,1.1313244443857149e-05,2.6444103978240926e+19,3.801393320221813e+16,CONVERGED
S6,S6_alpha05,Weak Thermoelastic Coupling (0.5x alpha_t),1.3757575757575757,748337.8763325205,4,1.6054404790886966e-05,5.110275761735734e-06,-0.8160382328600126,0.8160382328600126,False,2.2615224405130876,-3.630739670679104e-05,2.6444103978240926e+19,3.801393320221813e+16,CONVERGED
S6,S6_alpha05,Weak Thermoelastic Coupling (0.5x alpha_t),1.3934343434343435,757953.0839946492,0,0.00014536667531075018,4.6271649873080945e-05,4.559716424333798,4.559716424333798,False,0.010465026038884656,1.5212660530286214e-06,2.784240195599651e+19,3.123231879029885e+17,CONVERGED
S6,S6_alpha05,Weak Thermoelastic Coupling (0.5x alpha_t),1.3934343434343435,757953.0839946492,1,3.1415904380550486,0.9999992947733877,-1.227921133777499,1.227921133777499,False,-3.414124645376495,-7.564111773806019e-06,2.784240195599651e+19,3.123231879029885e+17,CONVERGED
S6,S6_alpha05,Weak Thermoelastic Coupling (0.5x alpha_t),1.3934343434343435,757953.0839946492,2,1.8778373554893762e-06,5.977341948974938e-07,4.089634564363061,4.089634564363061,False,0.016745351788870058,-3.144504711998801e-08,2.784240195599651e+19,3.123231879029885e+17,CONVERGED
S6,S6_alpha05,Weak Thermoelastic Coupling (0.5x alpha_t),1.3934343434343435,757953.0839946492,3,0.00024924517684269765,7.933720387265787e-05,0.8900158507958643,0.8900158507958643,False,0.4106492308280121,0.00010235234227752923,2.784240195599651e+19,3.123231879029885e+17,CONVERGED
S6,S6_alpha05,Weak Thermoelastic Coupling (0.5x alpha_t),1.3934343434343435,757953.0839946492,4,9.053021430408563e-05,2.8816662211327677e-05,-0.8900323369382671,0.8900323369382671,False,2.435208387221132,-0.00022045993777251177,2.784240195599651e+19,3.123231879029885e+17,CONVERGED
S6,S6_alpha05,Weak Thermoelastic Coupling (0.5x alpha_t),1.4111111111111112,767568.2916567777,0,1.229962913444833e-06,3.915093549889084e-07,4.576353208205995,4.576353208205995,False,0.010292362041422412,-1.2659223602703302e-08,2.626920533836277e+19,5.471213565648206e+16,CONVERGED
S6,S6_alpha05,Weak Thermoelastic Coupling (0.5x alpha_t),1.4111111111111112,767568.2916567777,1,3.1415043628665473,0.9999718961899325,-1.2261857041418163,1.2261857041418163,False,-3.4082047972256304,-0.0003009128672993131,2.626920533836277e+19,5.471213565648206e+16,CONVERGED
S6,S6_alpha05,Weak Thermoelastic Coupling (0.5x alpha_t),1.4111111111111112,767568.2916567777,2,0.00027190330139786173,8.65495089209503e-05,4.063337915329919,4.063337915329919,False,0.017191538699206674,-4.674436243619277e-06,2.626920533836277e+19,5.471213565648206e+16,CONVERGED
S6,S6_alpha05,Weak Thermoelastic Coupling (0.5x alpha_t),1.4111111111111112,767568.2916567777,3,0.0001032421532795918,3.286299805979634e-05,0.9554863324334338,0.9554863324334338,False,0.3846250413768159,-3.970951761808172e-05,2.626920533836277e+19,5.471213565648206e+16,CONVERGED
S6,S6_alpha05,Weak Thermoelastic Coupling (0.5x alpha_t),1.4111111111111112,767568.2916567777,4,2.375411541496994e-05,7.5611697741357095e-06,-0.9554289482095613,0.9554289482095613,False,2.5997855163872488,6.17556052220453e-05,2.626920533836277e+19,5.471213565648206e+16,CONVERGED
S6,S6_alpha05,Weak Thermoelastic Coupling (0.5x alpha_t),1.4287878787878787,777183.4993189061,0,0.00032945949966250293,0.00010487021583973994,-4.5922400451124545,4.5922400451124545,False,98.7153040687765,0.032522695864240704,2.7986826396432036e+19,1.0876615022591682e+17,CONVERGED
S6,S6_alpha05,Weak Thermoelastic Coupling (0.5x alpha_t),1.4287878787878787,777183.4993189061,1,3.141556641219401,0.9999885369064794,-1.222802795529879,1.222802795529879,False,-3.3966946427981872,-0.0001223230256384696,2.7986826396432036e+19,1.0876615022591682e+17,CONVERGED
S6,S6_alpha05,Weak Thermoelastic Coupling (0.5x alpha_t),1.4287878787878787,777183.4993189061,2,0.00010629585543529119,3.383502164541621e-05,4.036974240303793,4.036974240303793,False,0.01765079867438577,-1.8762067512762398e-06,2.7986826396432036e+19,1.0876615022591682e+17,CONVERGED
S6,S6_alpha05,Weak Thermoelastic Coupling (0.5x alpha_t),1.4287878787878787,777183.4993189061,3,5.190506912206388e-05,1.652189664460594e-05,1.0136296971824283,1.0136296971824283,False,0.36289937081672463,1.8836316943511452e-05,2.7986826396432036e+19,1.0876615022591682e+17,CONVERGED
S6,S6_alpha05,Weak Thermoelastic Coupling (0.5x alpha_t),1.4287878787878787,777183.4993189061,4,8.207099745856014e-06,2.612400986002445e-06,-1.013592602464925,1.013592602464925,False,2.7554826075871435,-2.2614520608946856e-05,2.7986826396432036e+19,1.0876615022591682e+17,CONVERGED
S6,S6_alpha05,Weak Thermoelastic Coupling (0.5x alpha_t),1.4464646464646465,786798.7069810347,0,6.504076402677182e-05,2.0703118194668525e-05,4.609378531344457,4.609378531344457,False,0.009958004952139915,-6.476762511828459e-07,2.8054163167781405e+19,1.1616778284259587e+17,CONVERGED
S6,S6_alpha05,Weak Thermoelastic Coupling (0.5x alpha_t),1.4464646464646465,786798.7069810347,1,3.141587260039274,0.9999982831795481,-1.217916597065712,1.217916597065712,False,-3.3801382027654565,1.823094615841444e-05,2.8054163167781405e+19,1.1616778284259587e+17,CONVERGED
S6,S6_alpha05,Weak Thermoelastic Coupling (0.5x alpha_t),1.4464646464646465,786798.7069810347,2,1.6166297633384153e-05,5.1458923596957944e-06,4.010785534932028,4.010785534932028,False,0.01811915641231686,2.929196754528734e-07,2.8054163167781405e+19,1.1616778284259587e+17,CONVERGED
S6,S6_alpha05,Weak Thermoelastic Coupling (0.5x alpha_t),1.4464646464646465,786798.7069810347,3,0.00010698464461149494,3.405427004969825e-05,1.0659712309586993,1.0659712309586993,False,0.3443932049679026,3.684478478067642e-05,2.8054163167781405e+19,1.1616778284259587e+17,CONVERGED
S6,S6_alpha05,Weak Thermoelastic Coupling (0.5x alpha_t),1.4464646464646465,786798.7069810347,4,4.933468222326575e-05,1.5703717083401205e-05,-1.0659096375654173,1.0659096375654173,False,2.9034788931371667,-0.00014324220865109442,2.8054163167781405e+19,1.1616778284259587e+17,CONVERGED
S6,S6_alpha05,Weak Thermoelastic Coupling (0.5x alpha_t),1.4641414141414142,796413.9146431634,0,0.00017184890594612733,5.470120569252074e-05,4.625672595985749,4.625672595985749,False,0.009797063209153327,-1.6836146105515827e-06,2.8274357379473002e+19,6.170358021363586e+16,CONVERGED
S6,S6_alpha05,Weak Thermoelastic Coupling (0.5x alpha_t),1.4641414141414142,796413.9146431634,1,3.141581879193176,0.9999965704030391,-1.2115921553340891,1.2115921553340891,False,-3.3588281735605023,-3.618934691196726e-05,2.8274357379473002e+19,6.170358021363586e+16,CONVERGED
S6,S6_alpha05,Weak Thermoelastic Coupling (0.5x alpha_t),1.4641414141414142,796413.9146431634,2,3.120682400453755e-05,9.933440597041933e-06,3.9847757774896317,3.9847757774896317,False,0.018596613625631746,-5.803412486838663e-07,2.8274357379473002e+19,6.170358021363586e+16,CONVERGED
S6,S6_alpha05,Weak Thermoelastic Coupling (0.5x alpha_t),1.4641414141414142,796413.9146431634,3,8.868482733801423e-06,2.8229257296192435e-06,1.113114768913865,1.113114768913865,False,0.328534058051661,-2.913598621373255e-06,2.8274357379473002e+19,6.170358021363586e+16,CONVERGED
S6,S6_alpha05,Weak Thermoelastic Coupling (0.5x alpha_t),1.4641414141414142,796413.9146431634,4,5.398353512185117e-06,1.7183492920435112e-06,-1.1130724678895587,1.1130724678895587,False,3.043695700064178,1.6430945372623805e-05,2.8274357379473002e+19,6.170358021363586e+16,CONVERGED
S6,S6_alpha05,Weak Thermoelastic Coupling (0.5x alpha_t),1.4818181818181817,806029.1223052919,0,0.00027671850763190826,8.808223666926114e-05,4.641601725136044,4.641601725136044,False,0.009642240663236129,2.6681865146622033e-06,3.451846507917543e+19,6.98852666447121e+16,CONVERGED
S6,S6_alpha05,Weak Thermoelastic Coupling (0.5x alpha_t),1.4818181818181817,806029.1223052919,1,3.1415471246219604,0.9999855076794311,-1.2037064107246325,1.2037064107246325,False,-3.3324454694738463,-0.0001517228026896346,3.451846507917543e+19,6.98852666447121e+16,CONVERGED
S6,S6_alpha05,Weak Thermoelastic Coupling (0.5x alpha_t),1.4818181818181817,806029.1223052919,2,0.0001316967050921414,4.1920363208659775e-05,3.9584484056628413,3.9584484056628413,False,0.019092715304794936,-2.5144477114406723e-06,3.451846507917543e+19,6.98852666447121e+16,CONVERGED
S6,S6_alpha05,Weak Thermoelastic Coupling (0.5x alpha_t),1.4818181818181817,806029.1223052919,3,0.00012951431565813037,4.122568707631102e-05,1.1557478259405407,1.1557478259405407,False,0.3148220141391536,-4.077395794332694e-05,3.451846507917543e+19,6.98852666447121e+16,CONVERGED
S6,S6_alpha05,Weak Thermoelastic Coupling (0.5x alpha_t),1.4818181818181817,806029.1223052919,4,1.9356106456019634e-05,6.1612400429769455e-06,-1.1557385499029502,1.1557385499029502,False,3.17636845747769,6.148212601415932e-05,3.451846507917543e+19,6.98852666447121e+16,CONVERGED
S6,S6_alpha05,Weak Thermoelastic Coupling (0.5x alpha_t),1.4994949494949494,815644.3299674204,0,0.00010198922198954615,3.2464177643465794e-05,4.658080393669955,4.658080393669955,False,0.009484651686125667,9.67332249663793e-07,3.460452846204675e+19,5.886510835135392e+16,CONVERGED
S6,S6_alpha05,Weak Thermoelastic Coupling (0.5x alpha_t),1.4994949494949494,815644.3299674204,1,3.141558930468951,0.999989265597243,-1.1944018157201257,1.1944018157201257,False,-3.301582223227349,-0.00011133965632582584,3.460452846204675e+19,5.886510835135392e+16,CONVERGED
S6,S6_alpha05,Weak Thermoelastic Coupling (0.5x alpha_t),1.4994949494949494,815644.3299674204,2,9.681751306059285e-05,3.081797156291498e-05,3.932089997627323,3.932089997627323,False,0.019602660104955847,-1.8978808066639365e-06,3.460452846204675e+19,5.886510835135392e+16,CONVERGED
S6,S6_alpha05,Weak Thermoelastic Coupling (0.5x alpha_t),1.4994949494949494,815644.3299674204,3,6.830791063620682e-05,2.174308326006354e-05,1.194598542101607,1.194598542101607,False,0.30282550076536396,-2.0685377276817517e-05,3.460452846204675e+19,5.886510835135392e+16,CONVERGED
S6,S6_alpha05,Weak Thermoelastic Coupling (0.5x alpha_t),1.4994949494949494,815644.3299674204,4,1.2590590166489354e-05,4.00770932288198e-06,-1.194625617914968,1.194625617914968,False,3.3023212088814327,4.1578172941328834e-05,3.460452846204675e+19,5.886510835135392e+16,CONVERGED
S6,S6_alpha05,Weak Thermoelastic Coupling (0.5x alpha_t),1.5171717171717172,825259.537629549,0,0.00030087165491928837,9.577042223328742e-05,-4.673004637649385,4.673004637649385,False,107.0188077507966,-0.03219892676706057,3.091311530306201e+19,1.958698449269447e+17,CONVERGED
S6,S6_alpha05,Weak Thermoelastic Coupling (0.5x alpha_t),1.5171717171717172,825259.537629549,1,3.1415679186141734,0.9999921266127257,-1.1836686526850029,1.1836686526850029,False,-3.26633529768563,8.07927239712597e-05,3.091311530306201e+19,1.958698449269447e+17,CONVERGED
S6,S6_alpha05,Weak Thermoelastic Coupling (0.5x alpha_t),1.5171717171717172,825259.537629549,2,7.509684574574587e-05,2.3904068422090053e-05,3.905581149664352,3.905581149664352,False,0.02012925292607957,1.5116434048085573e-06,3.091311530306201e+19,1.958698449269447e+17,CONVERGED
S6,S6_alpha05,Weak Thermoelastic Coupling (0.5x alpha_t),1.5171717171717172,825259.537629549,3,5.58897134212026e-05,1.7790248317947677e-05,1.229954690488208,1.229954690488208,False,0.29230582115835835,1.6336888592900244e-05,3.091311530306201e+19,1.958698449269447e+17,CONVERGED
S6,S6_alpha05,Weak Thermoelastic Coupling (0.5x alpha_t),1.5171717171717172,825259.537629549,4,2.1193815839138687e-06,6.746201107556456e-07,-1.2299208887753925,1.2299208887753925,False,3.4209588893294582,-7.250317269382151e-06,3.091311530306201e+19,1.958698449269447e+17,CONVERGED
S6,S6_alpha05,Weak Thermoelastic Coupling (0.5x alpha_t),1.534848484848485,834874.7452916778,0,0.0010292759644227884,0.00032762871508712916,-4.689446925065913,4.689446925065913,False,108.79293485961877,0.11197799249352058,3.2954890389409296e+19,1.2329707856901157e+17,CONVERGED
S6,S6_alpha05,Weak Thermoelastic Coupling (0.5x alpha_t),1.534848484848485,834874.7452916778,1,3.1415875184687585,0.9999983654402079,-1.1713383912523687,1.1713383912523687,False,-3.226307812299863,1.6567481110960233e-05,3.2954890389409296e+19,1.2329707856901157e+17,CONVERGED
S6,S6_alpha05,Weak Thermoelastic Coupling (0.5x alpha_t),1.534848484848485,834874.7452916778,2,1.50046566429715e-05,4.7761305482511175e-06,3.878377417253373,3.878377417253373,False,0.02068436005122233,3.1036172047147905e-07,3.2954890389409296e+19,1.2329707856901157e+17,CONVERGED
S6,S6_alpha05,Weak Thermoelastic Coupling (0.5x alpha_t),1.534848484848485,834874.7452916778,3,3.8141342120554135e-05,1.2140766269290608e-05,1.2620425552546335,1.2620425552546335,False,0.283075238575716,1.0796869525609492e-05,3.2954890389409296e+19,1.2329707856901157e+17,CONVERGED
S6,S6_alpha05,Weak Thermoelastic Coupling (0.5x alpha_t),1.534848484848485,834874.7452916778,4,9.01578819298284e-06,2.8698145135655318e-06,-1.2619866680395824,1.2619866680395824,False,3.532432291181018,3.184766134420405e-05,3.2954890389409296e+19,1.2329707856901157e+17,CONVERGED
S6,S6_alpha05,Weak Thermoelastic Coupling (0.5x alpha_t),1.5525252525252524,844489.952953806,0,0.00024082839726481288,7.665805972318732e-05,4.705350200308905,4.705350200308905,False,0.009046745227677237,2.17871319576517e-06,3.56828131889756e+19,1.277037948616587e+17,CONVERGED
S6,S6_alpha05,Weak Thermoelastic Coupling (0.5x alpha_t),1.5525252525252524,844489.952953806,1,3.1413486972264053,0.9999223462777362,-1.157505385344278,1.157505385344278,False,-3.1819854445194595,0.0007762656127973694,3.56828131889756e+19,1.277037948616587e+17,CONVERGED
S6,S6_alpha05,Weak Thermoelastic Coupling (0.5x alpha_t),1.5525252525252524,844489.952953806,2,0.0006822111409733681,0.00021715455063654678,3.8506925107760654,3.8506925107760654,False,0.021265000144483688,1.4507222261979099e-05,3.56828131889756e+19,1.277037948616587e+17,CONVERGED
S6,S6_alpha05,Weak Thermoelastic Coupling (0.5x alpha_t),1.5525252525252524,844489.952953806,3,1.2229329617648137e-05,3.892716518697639e-06,1.2910830689948884,1.2910830689948884,False,0.2749728072121612,3.3627330954551742e-06,3.56828131889756e+19,1.277037948616587e+17,CONVERGED
S6,S6_alpha05,Weak Thermoelastic Coupling (0.5x alpha_t),1.5525252525252524,844489.952953806,4,1.0327877513738198e-05,3.287465515918137e-06,-1.2910636677659981,1.2910636677659981,False,3.6366526892953717,-3.755890353638462e-05,3.56828131889756e+19,1.277037948616587e+17,CONVERGED
S6,S6_alpha05,Weak Thermoelastic Coupling (0.5x alpha_t),1.5702020202020202,854105.1606159348,0,4.928236967790039e-05,1.568706548303997e-05,4.721371107946036,4.721371107946036,False,0.00890296324163828,4.387591260583885e-07,3.3650475705463472e+19,7.007661703366228e+16,CONVERGED
S6,S6_alpha05,Weak Thermoelastic Coupling (0.5x alpha_t),1.5702020202020202,854105.1606159348,1,3.1415555383789218,0.9999881858614519,-1.1420088055614024,1.1420088055614024,False,-3.133055745659715,0.00011628402472550989,3.3650475705463472e+19,7.007661703366228e+16,CONVERGED
S6,S6_alpha05,Weak Thermoelastic Coupling (0.5x alpha_t),1.5702020202020202,854105.1606159348,2,0.00010353628126938019,3.2956621906749346e-05,3.822060697164515,3.822060697164515,False,0.021882660745787274,2.265649325993996e-06,3.3650475705463472e+19,7.007661703366228e+16,CONVERGED
S6,S6_alpha05,Weak Thermoelastic Coupling (0.5x alpha_t),1.5702020202020202,854105.1606159348,3,3.4418509745290894e-05,1.0955751919639235e-05,1.317334340765376,1.317334340765376,False,0.2678483434325514,9.218940822333648e-06,3.3650475705463472e+19,7.007661703366228e+16,CONVERGED
S6,S6_alpha05,Weak Thermoelastic Coupling (0.5x alpha_t),1.5702020202020202,854105.1606159348,4,5.934763903706051e-06,1.8890940227163423e-06,-1.3173800650112737,1.3173800650112737,False,3.733626692871967,-2.2158192927030095e-05,3.3650475705463472e+19,7.007661703366228e+16,CONVERGED
S6,S6_alpha05,Weak Thermoelastic Coupling (0.5x alpha_t),1.587878787878788,863720.3682780633,0,0.00016989726285402543,5.40799784020024e-05,4.736204495569177,4.736204495569177,False,0.008771876652729393,1.4903178477312357e-06,3.7252693692957204e+19,9.451594209171822e+17,CONVERGED
S6,S6_alpha05,Weak Thermoelastic Coupling (0.5x alpha_t),1.587878787878788,863720.3682780633,1,3.141585507161712,0.9999977252212908,-1.125011452093671,1.125011452093671,False,-3.0802521239732417,-2.2012800276335863e-05,3.7252693692957204e+19,9.451594209171822e+17,CONVERGED
S6,S6_alpha05,Weak Thermoelastic Coupling (0.5x alpha_t),1.587878787878788,863720.3682780633,2,1.9557974922397802e-05,6.225496771533877e-06,3.79292981993598,3.79292981993598,False,0.022529497685973836,-4.406313508126782e-07,3.7252693692957204e+19,9.451594209171822e+17,CONVERGED
S6,S6_alpha05,Weak Thermoelastic Coupling (0.5x alpha_t),1.587878787878788,863720.3682780633,3,8.8767590393018e-05,2.825560159481091e-05,1.3413132605416649,1.3413132605416649,False,0.2615020216631777,-2.3212904406913205e-05,3.7252693692957204e+19,9.451594209171822e+17,CONVERGED
S6,S6_alpha05,Weak Thermoelastic Coupling (0.5x alpha_t),1.587878787878788,863720.3682780633,4,8.680545970410412e-06,2.763103599854501e-06,-1.341175340988722,1.341175340988722,False,3.8235348224894534,3.319036979691837e-05,3.7252693692957204e+19,9.451594209171822e+17,CONVERGED
S6,S6_alpha05,Weak Thermoelastic Coupling (0.5x alpha_t),1.6055555555555556,873335.5759401919,0,1.8368732238317318e-06,5.846949068119312e-07,4.752299939728792,4.752299939728792,False,0.008631819690588778,1.5855558462603862e-08,3.6162040805615366e+19,6.094106834041133e+16,CONVERGED
S6,S6_alpha05,Weak Thermoelastic Coupling (0.5x alpha_t),1.6055555555555556,873335.5759401919,1,3.1415352877461546,0.9999817398848406,-1.1063113632948918,1.1063113632948918,False,-3.0231863611551884,0.0001734276362741832,3.6162040805615366e+19,6.094106834041133e+16,CONVERGED
S6,S6_alpha05,Weak Thermoelastic Coupling (0.5x alpha_t),1.6055555555555556,873335.5759401919,2,0.00015839678337181977,5.04192620869625e-05,3.762759738505621,3.762759738505621,False,0.023219571633542973,3.6779054887837447e-06,3.6162040805615366e+19,6.094106834041133e+16,CONVERGED
S6,S6_alpha05,Weak Thermoelastic Coupling (0.5x alpha_t),1.6055555555555556,873335.5759401919,3,3.338541128428616e-06,1.062690646610017e-06,1.362412303973517,1.362412303973517,False,0.2560423793214509,-8.548080139885603e-07,3.6162040805615366e+19,6.094106834041133e+16,CONVERGED
S6,S6_alpha05,Weak Thermoelastic Coupling (0.5x alpha_t),1.6055555555555556,873335.5759401919,4,1.5404955500476673e-06,4.903549632023089e-07,-1.3624278996712411,1.3624278996712411,False,3.9056643609654107,-6.016658568051741e-06,3.6162040805615366e+19,6.094106834041133e+16,CONVERGED
S6,S6_alpha05,Weak Thermoelastic Coupling (0.5x alpha_t),1.6232323232323231,882950.7836023204,0,4.916516102086849e-06,1.5649756808760393e-06,4.767509596232992,4.767509596232992,False,0.008501526050520312,-4.1797889720030716e-08,3.3931346023781626e+19,8.39480558326408e+16,CONVERGED
S6,S6_alpha05,Weak Thermoelastic Coupling (0.5x alpha_t),1.6232323232323231,882950.7836023204,1,3.1414951921016185,0.9999689770447918,-1.0861474064252623,1.0861474064252623,False,-2.962837433789059,-0.000288762546430676,3.3931346023781626e+19,8.39480558326408e+16,CONVERGED
S6,S6_alpha05,Weak Thermoelastic Coupling (0.5x alpha_t),1.6232323232323231,882950.7836023204,2,0.00026445592637223514,8.417893582417509e-05,3.732238879353539,3.732238879353539,False,0.023939178022967,-6.330857648240521e-06,3.3931346023781626e+19,8.39480558326408e+16,CONVERGED
S6,S6_alpha05,Weak Thermoelastic Coupling (0.5x alpha_t),1.6232323232323231,882950.7836023204,3,6.945963335024206e-06,2.2109687986083384e-06,1.3814208076632022,1.3814208076632022,False,0.25122136212750246,-1.7449743703405337e-06,3.3931346023781626e+19,8.39480558326408e+16,CONVERGED
S6,S6_alpha05,Weak Thermoelastic Coupling (0.5x alpha_t),1.6232323232323231,882950.7836023204,4,6.251371611770259e-07,1.9898733862351714e-07,-1.3814112594111014,1.3814112594111014,False,3.980515204999325,-2.4883679752755895e-06,3.3931346023781626e+19,8.39480558326408e+16,CONVERGED
S6,S6_alpha05,Weak Thermoelastic Coupling (0.5x alpha_t),1.6409090909090909,892565.9912644491,0,0.0008796783630462711,0.00028001031961960186,-4.782533156495491,4.782533156495491,False,119.40639626453746,-0.10503925029755928,3.3784228849246028e+19,4.3674989966834504e+16,CONVERGED
S6,S6_alpha05,Weak Thermoelastic Coupling (0.5x alpha_t),1.6409090909090909,892565.9912644491,1,3.1415737538789372,0.9999939840351886,-1.0640723068571631,1.0640723068571631,False,-2.8981491429742747,5.47741808267718e-05,3.3784228849246028e+19,4.3674989966834504e+16,CONVERGED
S6,S6_alpha05,Weak Thermoelastic Coupling (0.5x alpha_t),1.6409090909090909,892565.9912644491,2,5.126650155556651e-05,1.6318634275193503e-05,3.7001968883592844,3.7001968883592844,False,0.024718659142466085,1.2672391784889647e-06,3.3784228849246028e+19,4.3674989966834504e+16,CONVERGED
S6,S6_alpha05,Weak Thermoelastic Coupling (0.5x alpha_t),1.6409090909090909,892565.9912644491,3,1.8473167821286027e-05,5.88019194664762e-06,1.398156402977442,1.398156402977442,False,0.24705200865864269,-4.563833217056063e-06,3.3784228849246028e+19,4.3674989966834504e+16,CONVERGED
S6,S6_alpha05,Weak Thermoelastic Coupling (0.5x alpha_t),1.6409090909090909,892565.9912644491,4,2.521071965243728e-06,8.024821303178766e-07,-1.3981634976702384,1.3981634976702384,False,4.0477594170298286,1.0204692788346816e-05,3.3784228849246028e+19,4.3674989966834504e+16,CONVERGED
S6,S6_alpha05,Weak Thermoelastic Coupling (0.5x alpha_t),1.6585858585858586,902181.1989265776,0,0.00010941939500839621,3.482927517142183e-05,4.797833089505713,4.797833089505713,False,0.008247599460249855,-9.024473468136625e-07,4.069297587795287e+19,1.9629854338329504e+17,CONVERGED
S6,S6_alpha05,Weak Thermoelastic Coupling (0.5x alpha_t),1.6585858585858586,902181.1989265776,1,3.1415396298277485,0.9999831220123385,-1.040148989538654,1.040148989538654,False,-2.8296385655143608,0.0001500380821116177,4.069297587795287e+19,1.9629854338329504e+17,CONVERGED
S6,S6_alpha05,Weak Thermoelastic Coupling (0.5x alpha_t),1.6585858585858586,902181.1989265776,2,0.00014097512606937136,4.487377633388714e-05,3.6668989500519533,3.6668989500519533,False,0.025555596122635457,3.602703409033164e-06,4.069297587795287e+19,1.9629854338329504e+17,CONVERGED
S6,S6_alpha05,Weak Thermoelastic Coupling (0.5x alpha_t),1.6585858585858586,902181.1989265776,3,6.715372526170746e-05,2.137569464487165e-05,1.4129190086639372,1.4129190086639372,False,0.2434316653595139,-1.6347343200126156e-05,4.069297587795287e+19,1.9629854338329504e+17,CONVERGED
S6,S6_alpha05,Weak Thermoelastic Coupling (0.5x alpha_t),1.6585858585858586,902181.1989265776,4,8.954311701700298e-06,2.850245938622407e-06,-1.412813482261892,1.412813482261892,False,4.107495528136444,3.67797952732568e-05,4.069297587795287e+19,1.9629854338329504e+17,CONVERGED
S6,S6_alpha05,Weak Thermoelastic Coupling (0.5x alpha_t),1.6762626262626263,911796.4065887061,0,0.0012482492316145894,0.00039733007084424415,-4.811467350561305,4.811467350561305,False,122.91174426151251,0.15342457001579476,4.440516753608025e+19,2.2373883530018432e+17,CONVERGED
S6,S6_alpha05,Weak Thermoelastic Coupling (0.5x alpha_t),1.6762626262626263,911796.4065887061,1,3.1415858793623253,0.9999978436964257,-1.0143922878427958,1.0143922878427958,False,-2.757687008062933,1.86811990784437e-05,4.440516753608025e+19,2.2373883530018432e+17,CONVERGED
S6,S6_alpha05,Weak Thermoelastic Coupling (0.5x alpha_t),1.6762626262626263,911796.4065887061,2,1.8181639783032228e-05,5.787395689971669e-06,3.632477464571486,3.632477464571486,False,0.02645057280584325,4.809147868637023e-07,4.440516753608025e+19,2.2373883530018432e+17,CONVERGED
S6,S6_alpha05,Weak Thermoelastic Coupling (0.5x alpha_t),1.6762626262626263,911796.4065887061,3,2.7010868094343765e-05,8.597826348835947e-06,1.4253756215174496,1.4253756215174496,False,0.24041813993145802,6.493902666755383e-06,4.440516753608025e+19,2.2373883530018432e+17,CONVERGED
S6,S6_alpha05,Weak Thermoelastic Coupling (0.5x alpha_t),1.6762626262626263,911796.4065887061,4,1.8650048599965512e-05,5.936494847177187e-06,-1.4253737161672004,1.4253737161672004,False,4.159411991116625,-7.757323579059832e-05,4.440516753608025e+19,2.2373883530018432e+17,CONVERGED
S6,S6_alpha05,Weak Thermoelastic Coupling (0.5x alpha_t),1.6939393939393939,921411.6142508347,0,7.69430737197764e-05,2.4491741038373042e-05,4.827785414933613,4.827785414933613,False,0.008004227671950796,6.158698810481495e-07,4.9873567434146546e+19,7.66388254860505e+16,CONVERGED
S6,S6_alpha05,Weak Thermoelastic Coupling (0.5x alpha_t),1.6939393939393939,921411.6142508347,1,3.1415825607804204,0.9999967873589973,-0.9866102142141627,0.9866102142141627,False,-2.6821272084093195,-2.7070198628774337e-05,4.9873567434146546e+19,7.66388254860505e+16,CONVERGED
S6,S6_alpha05,Weak Thermoelastic Coupling (0.5x alpha_t),1.6939393939393939,921411.6142508347,2,2.4749628193007903e-05,7.878051333207482e-06,3.596550861721905,3.596550861721905,False,0.027418128451992704,-6.785884850735058e-07,4.9873567434146546e+19,7.66388254860505e+16,CONVERGED
S6,S6_alpha05,Weak Thermoelastic Coupling (0.5x alpha_t),1.6939393939393939,921411.6142508347,3,1.68363590525431e-05,5.359179533764427e-06,1.435971176689308,1.435971176689308,False,0.2378842241470508,4.005104211053823e-06,4.9873567434146546e+19,7.66388254860505e+16,CONVERGED
S6,S6_alpha05,Weak Thermoelastic Coupling (0.5x alpha_t),1.6939393939393939,921411.6142508347,4,9.750546670616288e-06,3.10369540095361e-06,-1.4359495627245045,1.4359495627245045,False,4.203634728889649,-4.098773661156092e-05,4.9873567434146546e+19,7.66388254860505e+16,CONVERGED
S6,S6_alpha05,Weak Thermoelastic Coupling (0.5x alpha_t),1.7116161616161616,931026.8219129633,0,4.64701119397979e-05,1.4791896042505081e-05,4.842540869759591,4.842540869759591,False,0.007886988750992528,-3.6650925039037165e-07,4.6380322971896136e+19,7.896479994396363e+16,CONVERGED
S6,S6_alpha05,Weak Thermoelastic Coupling (0.5x alpha_t),1.7116161616161616,931026.8219129633,1,3.1415605628722987,0.9999897852073668,-0.956604722651689,0.956604722651689,False,-2.6028440748819985,8.352713391763645e-05,4.6380322971896136e+19,7.896479994396363e+16,CONVERGED
S6,S6_alpha05,Weak Thermoelastic Coupling (0.5x alpha_t),1.7116161616161616,931026.8219129633,2,8.31648653721144e-05,2.647219883108801e-05,3.5587549086036714,3.5587549086036714,False,0.028474255604520653,2.368057639380608e-06,4.6380322971896136e+19,7.896479994396363e+16,CONVERGED
S6,S6_alpha05,Weak Thermoelastic Coupling (0.5x alpha_t),1.7116161616161616,931026.8219129633,3,4.5316592288149174e-05,1.4424719333478011e-05,1.444528758664179,1.444528758664179,False,0.23585719578970565,1.0688244387144702e-05,4.6380322971896136e+19,7.896479994396363e+16,CONVERGED
S6,S6_alpha05,Weak Thermoelastic Coupling (0.5x alpha_t),1.7116161616161616,931026.8219129633,4,5.394546862203907e-07,1.7171375977212508e-07,-1.4445681012290044,1.4445681012290044,False,4.240020487665865,2.2872989217420393e-06,4.6380322971896136e+19,7.896479994396363e+16,CONVERGED
S6,S6_alpha05,Weak Thermoelastic Coupling (0.5x alpha_t),1.7292929292929293,940642.0295750919,0,0.00020257958807907942,6.448308562461097e-05,4.857075093514958,4.857075093514958,False,0.007773186357575872,-1.5746889119205915e-06,4.789152930406187e+19,7.1842126679626216e+16,CONVERGED
S6,S6_alpha05,Weak Thermoelastic Coupling (0.5x alpha_t),1.7292929292929293,940642.0295750919,1,3.141573935530885,0.9999940418567994,-0.924528596745209,0.924528596745209,False,-2.5206797231725355,-4.718223155244952e-05,4.789152930406187e+19,7.1842126679626216e+16,CONVERGED
S6,S6_alpha05,Weak Thermoelastic Coupling (0.5x alpha_t),1.7292929292929293,940642.0295750919,2,4.685069452615355e-05,1.4913039242251482e-05,3.519657938339448,3.519657938339448,False,0.0296095616991965,-1.3872285312373343e-06,4.789152930406187e+19,7.1842126679626216e+16,CONVERGED
S6,S6_alpha05,Weak Thermoelastic Coupling (0.5x alpha_t),1.7292929292929293,940642.0295750919,3,7.897099846223795e-05,2.5137249532335272e-05,1.4513229673030283,1.4513229673030283,False,0.2342601637288622,-1.8499759068053e-05,4.789152930406187e+19,7.1842126679626216e+16,CONVERGED
S6,S6_alpha05,Weak Thermoelastic Coupling (0.5x alpha_t),1.7292929292929293,940642.0295750919,4,4.815782968910498e-06,1.5329113287197383e-06,-1.4512946763415662,1.4512946763415662,False,4.268637443054107,2.0556831498872544e-05,4.789152930406187e+19,7.1842126679626216e+16,CONVERGED
S6,S6_alpha05,Weak Thermoelastic Coupling (0.5x alpha_t),1.7469696969696968,950257.2372372204,0,0.0002848298940070392,9.066417114312181e-05,4.871824422206765,4.871824422206765,False,0.007659378281866705,-2.181619963180783e-06,4.704527221496153e+19,6.942850471662615e+16,CONVERGED
S6,S6_alpha05,Weak Thermoelastic Coupling (0.5x alpha_t),1.7469696969696968,950257.2372372204,1,3.141464655966875,0.9999592570912171,-0.8897951585340507,0.8897951585340507,False,-2.434630866904136,-0.0003116269653490849,4.704527221496153e+19,6.942850471662615e+16,CONVERGED
S6,S6_alpha05,Weak Thermoelastic Coupling (0.5x alpha_t),1.7469696969696968,950257.2372372204,2,0.00031501574437906314,0.00010027262573940169,3.4779764143413385,3.4779764143413385,False,0.030869814055401186,-9.724477775174728e-06,4.704527221496153e+19,6.942850471662615e+16,CONVERGED
S6,S6_alpha05,Weak Thermoelastic Coupling (0.5x alpha_t),1.7469696969696968,950257.2372372204,3,8.15290885763652e-05,2.5951514905410995e-05,1.4561651937111635,1.4561651937111635,False,0.2331285648697094,1.900675945705603e-05,4.704527221496153e+19,6.942850471662615e+16,CONVERGED
S6,S6_alpha05,Weak Thermoelastic Coupling (0.5x alpha_t),1.7469696969696968,950257.2372372204,4,1.2105812932972358e-05,3.8533999368566925e-06,-1.4561266994059268,1.4561266994059268,False,4.2893135107569345,-5.192562697463094e-05,4.704527221496153e+19,6.942850471662615e+16,CONVERGED
S6,S6_alpha05,Weak Thermoelastic Coupling (0.5x alpha_t),1.7646464646464646,959872.4448993491,0,0.001160836992328982,0.00036950589090617214,4.885594177692649,4.885594177692649,False,0.007554628543330934,-8.769696215582834e-06,4.555916347810577e+19,8.502280876981243e+16,CONVERGED
S6,S6_alpha05,Weak Thermoelastic Coupling (0.5x alpha_t),1.7646464646464646,959872.4448993491,1,3.1415744195239017,0.9999941959165615,-0.8528709825841436,0.8528709825841436,False,-2.3463735884526726,4.278393062255114e-05,4.555916347810577e+19,8.502280876981243e+16,CONVERGED
S6,S6_alpha05,Weak Thermoelastic Coupling (0.5x alpha_t),1.7646464646464646,959872.4448993491,2,4.5827718043121185e-05,1.4587415714368754e-05,3.435099753247188,3.435099753247188,False,0.03222219576909554,1.47666970347012e-06,4.555916347810577e+19,8.502280876981243e+16,CONVERGED
S6,S6_alpha05,Weak Thermoelastic Coupling (0.5x alpha_t),1.7646464646464646,959872.4448993491,3,3.460609851668738e-05,1.1015463280111809e-05,1.4590974812838422,1.4590974812838422,False,0.23244596678641877,-8.044048029628587e-06,4.555916347810577e+19,8.502280876981243e+16,CONVERGED
S6,S6_alpha05,Weak Thermoelastic Coupling (0.5x alpha_t),1.7646464646464646,959872.4448993491,4,1.0603453386296415e-05,3.375184040547142e-06,-1.459111266276727,1.459111266276727,False,4.302134376681772,-4.5617481326438186e-05,4.555916347810577e+19,8.502280876981243e+16,CONVERGED
S6,S6_alpha05,Weak Thermoelastic Coupling (0.5x alpha_t),1.7823232323232323,969487.6525614776,0,8.215822008149714e-05,2.615177368320418e-05,4.900291883247868,4.900291883247868,False,0.0074444098301253495,-6.116194625764376e-07,4.717448107879986e+19,1.122490653454716e+17,CONVERGED
S6,S6_alpha05,Weak Thermoelastic Coupling (0.5x alpha_t),1.7823232323232323,969487.6525614776,1,3.141586222535642,0.9999979529318852,-0.8130118002863791,0.8130118002863791,False,-2.2546884421113274,-1.4500023465042462e-05,4.717448107879986e+19,1.122490653454716e+17,CONVERGED
S6,S6_alpha05,Weak Thermoelastic Coupling (0.5x alpha_t),1.7823232323232323,969487.6525614776,2,1.3820232463654722e-05,4.399116622539464e-06,3.389449516223625,3.389449516223625,False,0.033727238084455484,-4.661182707138796e-07,4.717448107879986e+19,1.122490653454716e+17,CONVERGED
S6,S6_alpha05,Weak Thermoelastic Coupling (0.5x alpha_t),1.7823232323232323,969487.6525614776,3,3.293071958392544e-06,1.0482173602709634e-06,1.460193790977712,1.460193790977712,False,0.23219127379428814,-7.646225727181797e-07,4.717448107879986e+19,1.122490653454716e+17,CONVERGED
S6,S6_alpha05,Weak Thermoelastic Coupling (0.5x alpha_t),1.7823232323232323,969487.6525614776,4,9.105236471483894e-07,2.8982867849145383e-07,-1.4602224050418176,1.4602224050418176,False,4.30691730195528,-3.921550049743906e-06,4.717448107879986e+19,1.122490653454716e+17,CONVERGED
S6,S6_alpha05,Weak Thermoelastic Coupling (0.5x alpha_t),1.8,979102.8602236061,0,1.1762673349188109e-05,3.744175214997175e-06,4.914490795401406,4.914490795401406,False,0.007339454224388779,8.63316026067856e-08,5.821943968805949e+19,3.916751191279533e+17,CONVERGED
S6,S6_alpha05,Weak Thermoelastic Coupling (0.5x alpha_t),1.8,979102.8602236061,1,2.4213591120884206,0.7707425433789497,-1.3458202417474063,1.3458202417474063,False,-2.8873468469441774,2.533592510797136,5.821943968805949e+19,3.916751191279533e+17,CONVERGED
S6,S6_alpha05,Weak Thermoelastic Coupling (0.5x alpha_t),1.8,979102.8602236061,2,0.6137640066109422,0.19536715108803637,2.9852114485088364,2.9852114485088364,False,0.04130659841146968,-0.029101999827478287,5.821943968805949e+19,3.916751191279533e+17,CONVERGED
S6,S6_alpha05,Weak Thermoelastic Coupling (0.5x alpha_t),1.8,979102.8602236061,3,4.110372233727336e-05,1.3083721178907618e-05,1.4595077767142608,1.4595077767142608,False,0.2323506147738499,-9.550475159937652e-06,5.821943968805949e+19,3.916751191279533e+17,CONVERGED
S6,S6_alpha05,Weak Thermoelastic Coupling (0.5x alpha_t),1.8,979102.8602236061,4,8.15805307150759e-07,2.596788944672905e-07,-1.459502888747582,1.459502888747582,False,4.30381951936512,-3.5110788049178723e-06,5.821943968805949e+19,3.916751191279533e+17,CONVERGED
S6,S6_alpha10,Baseline Active Coupling (1.0x alpha_t),0.05,27197.301672877948,0,2.1988025749428903e-08,6.999005973706973e-09,3.135127197658043,3.135127197658043,False,0.043494221114371845,-9.563520538141626e-10,4069175047042571.5,7.98851405499901e+16,CONVERGED
S6,S6_alpha10,Baseline Active Coupling (1.0x alpha_t),0.05,27197.301672877948,1,4.695486466281939e-05,1.4946197626597335e-05,3.1718803055377403,3.1718803055377403,False,0.04192469246585576,-1.9685682622113207e-06,4069175047042571.5,7.98851405499901e+16,CONVERGED
S6,S6_alpha10,Baseline Active Coupling (1.0x alpha_t),0.05,27197.301672877948,2,0.19125043663941424,0.06087690471929222,0.027681872870309016,0.027681872870309016,True,0.9549628637584847,0.18489688873028962,4069175047042571.5,7.98851405499901e+16,CONVERGED
S6,S6_alpha10,Baseline Active Coupling (1.0x alpha_t),0.05,27197.301672877948,3,0.2729950363463195,0.08689701894813676,8.26910520654012e-07,8.26910520654012e-07,True,0.9629669082986475,-0.2696165419666799,4069175047042571.5,7.98851405499901e+16,CONVERGED
S6,S6_alpha10,Baseline Active Coupling (1.0x alpha_t),0.05,27197.301672877948,4,0.27299614404807354,0.08689737154055602,1.8387560872136326e-06,1.8387560872136326e-06,True,0.9629656352703385,0.2696173358354039,4069175047042571.5,7.98851405499901e+16,CONVERGED
S6,S6_alpha10,Baseline Active Coupling (1.0x alpha_t),0.06767676767676768,36812.509335006514,0,0.021410785129019647,0.006815264577523842,-0.19593076836545997,0.19593076836545997,False,1.2161638748807608,-0.026043003087796092,1.007278466470619e+16,7.002934961883128e+16,CONVERGED
S6,S6_alpha10,Baseline Active Coupling (1.0x alpha_t),0.06767676767676768,36812.509335006514,1,1.1563846390286488e-08,3.680886628338931e-09,-3.14132774416182,3.14132774416182,False,23.134563257031576,2.67524535810679e-07,1.007278466470619e+16,7.002934961883128e+16,CONVERGED
S6,S6_alpha10,Baseline Active Coupling (1.0x alpha_t),0.06767676767676768,36812.509335006514,2,0.30292162912351583,0.09642294928891477,-0.13331363728418838,0.13331363728418838,False,1.0905842222639908,0.3408515757620867,1.007278466470619e+16,7.002934961883128e+16,CONVERGED
S6,S6_alpha10,Baseline Active Coupling (1.0x alpha_t),0.06767676767676768,36812.509335006514,3,0.3688218096474623,0.11739962825098343,-9.278338835483057e-07,9.278338835483057e-07,True,0.9327536156638702,0.3605170566498429,1.007278466470619e+16,7.002934961883128e+16,CONVERGED
S6,S6_alpha10,Baseline Active Coupling (1.0x alpha_t),0.06767676767676768,36812.509335006514,4,0.3688186764561956,0.11739863092522794,9.552487417759174e-07,9.552487417759174e-07,True,0.9327529887755845,-0.3605134552753277,1.007278466470619e+16,7.002934961883128e+16,CONVERGED
S6,S6_alpha10,Baseline Active Coupling (1.0x alpha_t),0.08535353535353535,46427.71699713508,0,0.44172116020708113,0.14060421223048797,-0.44893578914039767,0.44893578914039767,False,1.4162731960867485,-0.6697341560585303,2.016113722121108e+16,1.2998710994285942e+17,CONVERGED
S6,S6_alpha10,Baseline Active Coupling (1.0x alpha_t),0.08535353535353535,46427.71699713508,1,9.353570974118268e-09,2.977334112183594e-09,3.1492662857326503,3.1492662857326503,False,0.04288357962116502,-4.011146056108188e-10,2.016113722121108e+16,1.2998710994285942e+17,CONVERGED
S6,S6_alpha10,Baseline Active Coupling (1.0x alpha_t),0.08535353535353535,46427.71699713508,2,0.5362000234000163,0.17067776842020507,-0.4460058259454488,0.4460058259454488,False,1.342835033732108,0.7980145907920977,2.016113722121108e+16,1.2998710994285942e+17,CONVERGED
S6,S6_alpha10,Baseline Active Coupling (1.0x alpha_t),0.08535353535353535,46427.71699713508,3,0.46405178077621,0.1477122695222608,-1.2081119964712964e-07,1.2081119964712964e-07,True,0.8942464748724447,-0.4475751152607064,2.016113722121108e+16,1.2998710994285942e+17,CONVERGED
S6,S6_alpha10,Baseline Active Coupling (1.0x alpha_t),0.08535353535353535,46427.71699713508,4,0.46405077749135837,0.14771195016677385,1.6401227035720274e-07,1.6401227035720274e-07,True,0.8942466692148521,0.4475740905969156,2.016113722121108e+16,1.2998710994285942e+17,CONVERGED
S6,S6_alpha10,Baseline Active Coupling (1.0x alpha_t),0.10303030303030303,56042.924659263655,0,2.5085053881344893e-05,7.98482064588515e-06,-0.668439572242241,0.668439572242241,False,1.9511902518448339,4.8945712610549094e-05,3.5362837229609884e+16,1.014597751006236e+17,CONVERGED
S6,S6_alpha10,Baseline Active Coupling (1.0x alpha_t),0.10303030303030303,56042.924659263655,1,2.902135740421322e-08,9.237784972234221e-09,3.1588526013442157,3.1588526013442157,False,0.04247444825672838,-1.2326661434052757e-09,3.5362837229609884e+16,1.014597751006236e+17,CONVERGED
S6,S6_alpha10,Baseline Active Coupling (1.0x alpha_t),0.10303030303030303,56042.924659263655,2,4.43034380842086e-09,1.4102222334135057e-09,-3.158852672029726,3.158852672029726,False,23.54356823286345,1.0430610174860064e-07,3.5362837229609884e+16,1.014597751006236e+17,CONVERGED
S6,S6_alpha10,Baseline Active Coupling (1.0x alpha_t),0.10303030303030303,56042.924659263655,3,0.5585618980589341,0.1777957741977414,-3.6027920558678e-07,3.6027920558678e-07,True,0.8480184400560077,-0.5299674007744685,3.5362837229609884e+16,1.014597751006236e+17,CONVERGED
S6,S6_alpha10,Baseline Active Coupling (1.0x alpha_t),0.10303030303030303,56042.924659263655,4,0.5585605593283824,0.17779534806657188,-3.383583113431598e-08,3.383583113431598e-08,True,0.848018872708611,0.5299660925018517,3.5362837229609884e+16,1.014597751006236e+17,CONVERGED
S6,S6_alpha10,Baseline Active Coupling (1.0x alpha_t),0.12070707070707071,65658.13232139223,0,1.3882412563053489e-05,4.418909162901982e-06,-3.089941936197579,3.089941936197579,False,21.97580193797855,0.0003050771489265669,5.668499565097445e+16,1.1087070858752256e+17,CONVERGED
S6,S6_alpha10,Baseline Active Coupling (1.0x alpha_t),0.12070707070707071,65658.13232139223,1,3.2200039819829015e-08,1.0249591010163301e-08,3.16998379283826,3.16998379283826,False,0.04200427866806702,1.3525394457149528e-09,5.668499565097445e+16,1.1087070858752256e+17,CONVERGED
S6,S6_alpha10,Baseline Active Coupling (1.0x alpha_t),0.12070707070707071,65658.13232139223,2,4.677459413226955e-08,1.4888815734535725e-08,-3.1699837749101034,3.1699837749101034,False,23.807098080988435,1.1135673502053682e-06,5.668499565097445e+16,1.1087070858752256e+17,CONVERGED
S6,S6_alpha10,Baseline Active Coupling (1.0x alpha_t),0.12070707070707071,65658.13232139223,3,0.652241077976739,0.20761478329516875,3.089844732423636e-08,3.089844732423636e-08,True,0.7947255060659117,-0.6069689516041061,5.668499565097445e+16,1.1087070858752256e+17,CONVERGED
S6,S6_alpha10,Baseline Active Coupling (1.0x alpha_t),0.12070707070707071,65658.13232139223,4,0.6522395375471903,0.20761429296121442,-4.127108796552008e-07,4.127108796552008e-07,True,0.7947267936060168,0.6069679966413382,5.668499565097445e+16,1.1087070858752256e+17,CONVERGED
S6,S6_alpha10,Baseline Active Coupling (1.0x alpha_t),0.1383838383838384,75273.3399835208,0,1.0509702469078536e-05,3.3453421967578926e-06,-3.0627692523684753,3.0627692523684753,False,21.386700402515288,0.00022476785803403332,8.509012397136402e+16,9.847026251806722e+16,CONVERGED
S6,S6_alpha10,Baseline Active Coupling (1.0x alpha_t),0.1383838383838384,75273.3399835208,1,1.434302126359078e-05,4.565525465945271e-06,3.1752907200542686,3.1752907200542686,False,0.04178195546242354,-5.992794756730388e-07,8.509012397136402e+16,9.847026251806722e+16,CONVERGED
S6,S6_alpha10,Baseline Active Coupling (1.0x alpha_t),0.1383838383838384,75273.3399835208,2,8.096260609557255e-09,2.5771197931424777e-09,-3.1825474391155884,3.1825474391155884,False,24.10808928401774,-1.951853736418822e-07,8.509012397136402e+16,9.847026251806722e+16,CONVERGED
S6,S6_alpha10,Baseline Active Coupling (1.0x alpha_t),0.1383838383838384,75273.3399835208,3,0.7449992437950943,0.2371406244994266,1.362891436962335e-06,1.362891436962335e-06,True,0.7350874132217164,-0.6779703305778554,8.509012397136402e+16,9.847026251806722e+16,CONVERGED
S6,S6_alpha10,Baseline Active Coupling (1.0x alpha_t),0.1383838383838384,75273.3399835208,4,0.7449960510964585,0.2371396082318872,-2.768314387364641e-07,2.768314387364641e-07,True,0.7350907831171041,0.6779690953423418,8.509012397136402e+16,9.847026251806722e+16,CONVERGED
S6,S6_alpha10,Baseline Active Coupling (1.0x alpha_t),0.15606060606060607,84888.54764564935,0,2.098486066823045e-05,6.67968861088714e-06,-3.034683777246111,3.034683777246111,False,20.79440119228849,0.0004363676117635127,1.2153553263944131e+17,1.6832907647395568e+17,CONVERGED
S6,S6_alpha10,Baseline Active Coupling (1.0x alpha_t),0.15606060606060607,84888.54764564935,1,1.4733372823983787e-05,4.689778226705634e-06,3.176354753726245,3.176354753726245,False,0.04173752169839627,-6.149344679760803e-07,1.2153553263944131e+17,1.6832907647395568e+17,CONVERGED
S6,S6_alpha10,Baseline Active Coupling (1.0x alpha_t),0.15606060606060607,84888.54764564935,2,8.704608332586662e-07,2.7707628876201363e-07,3.196425769267589,3.196425769267589,False,0.040908158182149476,3.560894945832015e-08,1.2153553263944131e+17,1.6832907647395568e+17,CONVERGED
S6,S6_alpha10,Baseline Active Coupling (1.0x alpha_t),0.15606060606060607,84888.54764564935,3,0.836753348734908,0.2663468631997143,-5.905308458180161e-07,5.905308458180161e-07,True,0.6698772959302397,-0.7424726186598258,1.2153553263944131e+17,1.6832907647395568e+17,CONVERGED
S6,S6_alpha10,Baseline Active Coupling (1.0x alpha_t),0.15606060606060607,84888.54764564935,4,0.836763312701415,0.2663500348287591,-3.4200445560625976e-06,3.4200445560625976e-06,True,0.6698717933334241,0.7424813941162216,1.2153553263944131e+17,1.6832907647395568e+17,CONVERGED
S6,S6_alpha10,Baseline Active Coupling (1.0x alpha_t),0.17373737373737375,94503.75530777793,0,1.828573874788807e-05,5.8205314196267825e-06,-3.0013240785970576,3.0013240785970576,False,20.112149363971454,0.00036776550896907493,1.6693113497916925e+17,8.452860947294011e+16,CONVERGED
S6,S6_alpha10,Baseline Active Coupling (1.0x alpha_t),0.17373737373737375,94503.75530777793,1,1.3949850604321213e-05,4.440375358142369e-06,3.1772083238102757,3.1772083238102757,False,0.041701910999237576,-5.817354283917986e-07,1.6693113497916925e+17,8.452860947294011e+16,CONVERGED
S6,S6_alpha10,Baseline Active Coupling (1.0x alpha_t),0.17373737373737375,94503.75530777793,2,6.5841284469999e-07,2.0957931765839965e-07,3.2114992420743653,3.2114992420743653,False,0.040296154272088935,-2.6531505564759565e-08,1.6693113497916925e+17,8.452860947294011e+16,CONVERGED
S6,S6_alpha10,Baseline Active Coupling (1.0x alpha_t),0.17373737373737375,94503.75530777793,3,0.9274682365665191,0.29522230882056977,3.077301112574021e-06,3.077301112574021e-06,True,0.5998597302162825,0.8001013370077338,1.6693113497916925e+17,8.452860947294011e+16,CONVERGED
S6,S6_alpha10,Baseline Active Coupling (1.0x alpha_t),0.17373737373737375,94503.75530777793,4,0.927474224089198,0.2952242147082322,-2.129668526050018e-06,2.129668526050018e-06,True,0.5998580630152189,-0.8001090948000483,1.6693113497916925e+17,8.452860947294011e+16,CONVERGED
S6,S6_alpha10,Baseline Active Coupling (1.0x alpha_t),0.19141414141414143,104118.96296990648,0,1.063519799902952e-05,3.3852886646131646e-06,-2.9665268852758935,2.9665268852758935,False,19.424339346892147,0.00020658169496232635,2.2213979713109872e+17,1.2146078809912189e+17,CONVERGED
S6,S6_alpha10,Baseline Active Coupling (1.0x alpha_t),0.19141414141414143,104118.96296990648,1,1.2750712124395776e-05,4.0586777250787e-06,3.178163075915774,3.178163075915774,False,0.04166211501324874,-5.312216350561908e-07,2.2213979713109872e+17,1.2146078809912189e+17,CONVERGED
S6,S6_alpha10,Baseline Active Coupling (1.0x alpha_t),0.19141414141414143,104118.96296990648,2,2.040081418075761e-07,6.493780839933618e-08,3.227648649773426,3.227648649773426,False,0.03965062176159354,-8.08904966709785e-09,2.2213979713109872e+17,1.2146078809912189e+17,CONVERGED
S6,S6_alpha10,Baseline Active Coupling (1.0x alpha_t),0.19141414141414143,104118.96296990648,3,1.017096176275101,0.3237517681080961,-1.3419632570849959e-08,1.3419632570849959e-08,True,0.5258381197615207,0.850584680466874,2.2213979713109872e+17,1.2146078809912189e+17,CONVERGED
S6,S6_alpha10,Baseline Active Coupling (1.0x alpha_t),0.19141414141414143,104118.96296990648,4,1.0170968513911918,0.32375198300422214,-2.58042801981923e-06,2.58042801981923e-06,True,0.5258388953491185,-0.8505872189301786,2.2213979713109872e+17,1.2146078809912189e+17,CONVERGED
S6,S6_alpha10,Baseline Active Coupling (1.0x alpha_t),0.2090909090909091,113734.17063203505,0,4.289227505951e-08,1.3653035192356473e-08,-3.24475767233259,3.24475767233259,False,25.65549227128917,1.1004224312872687e-06,2.8796412336091216e+17,2.2733767710064346e+17,CONVERGED
S6,S6_alpha10,Baseline Active Coupling (1.0x alpha_t),0.2090909090909091,113734.17063203505,1,1.4083772181287853e-05,4.483003920064174e-06,3.179291088631325,3.179291088631325,False,0.04161514611275113,-5.86098237181745e-07,2.8796412336091216e+17,2.2733767710064346e+17,CONVERGED
S6,S6_alpha10,Baseline Active Coupling (1.0x alpha_t),0.2090909090909091,113734.17063203505,2,2.6203481267416347e-05,8.340827139850388e-06,-2.9313855013031724,2.9313855013031724,False,18.75359562990691,0.0004914094918974378,2.8796412336091216e+17,2.2733767710064346e+17,CONVERGED
S6,S6_alpha10,Baseline Active Coupling (1.0x alpha_t),0.2090909090909091,113734.17063203505,3,1.105603467999466,0.35192451406331426,5.23081828072085e-06,5.23081828072085e-06,True,0.4485928279419023,0.8937303917497984,2.8796412336091216e+17,2.2733767710064346e+17,CONVERGED
S6,S6_alpha10,Baseline Active Coupling (1.0x alpha_t),0.2090909090909091,113734.17063203505,4,1.105618807156152,0.3519293966685331,-1.9344782369957297e-06,1.9344782369957297e-06,True,0.44858233303252754,-0.893743676595842,2.8796412336091216e+17,2.2733767710064346e+17,CONVERGED
S6,S6_alpha10,Baseline Active Coupling (1.0x alpha_t),0.22676767676767678,123349.37829416365,0,3.65271698951579e-08,1.1626959291943698e-08,-3.2627149702618956,3.2627149702618956,False,26.12035695453676,9.54102716200534e-07,3.653146723654493e+17,3.7386352516283616e+17,CONVERGED
S6,S6_alpha10,Baseline Active Coupling (1.0x alpha_t),0.22676767676767678,123349.37829416365,1,1.3238356441903382e-05,4.2138997322827175e-06,3.1798994825790006,3.1798994825790006,False,0.04158983541042474,-5.505810655554617e-07,3.653146723654493e+17,3.7386352516283616e+17,CONVERGED
S6,S6_alpha10,Baseline Active Coupling (1.0x alpha_t),0.22676767676767678,123349.37829416365,2,2.2271832111393852e-05,7.089344344482272e-06,-2.889693950987099,2.889693950987099,False,17.987803605041346,0.00040062134201044664,3.653146723654493e+17,3.7386352516283616e+17,CONVERGED
S6,S6_alpha10,Baseline Active Coupling (1.0x alpha_t),0.22676767676767678,123349.37829416365,3,1.1929939833970171,0.37974177907305157,9.190208028610781e-06,9.190208028610781e-06,True,0.3688752993160234,-0.929469006103687,3.653146723654493e+17,3.7386352516283616e+17,CONVERGED
S6,S6_alpha10,Baseline Active Coupling (1.0x alpha_t),0.22676767676767678,123349.37829416365,4,1.1930204336937944,0.3797501984640083,-8.892257486062152e-06,8.892257486062152e-06,True,0.3688573842465607,0.9294955700593213,3.653146723654493e+17,3.7386352516283616e+17,CONVERGED
S6,S6_alpha10,Baseline Active Coupling (1.0x alpha_t),0.24444444444444446,132964.58595629223,0,1.8375334866279805e-07,5.8490507498745654e-08,3.281414763679458,3.281414763679458,False,0.037575059355907554,-6.904542982851491e-09,4.5479555057965357e+17,7.986707414704728e+16,CONVERGED
S6,S6_alpha10,Baseline Active Coupling (1.0x alpha_t),0.24444444444444446,132964.58595629223,1,1.228890488513979e-05,3.911679915312276e-06,3.180669356782289,3.180669356782289,False,0.04155782879164299,-5.107002052791328e-07,4.5479555057965357e+17,7.986707414704728e+16,CONVERGED
S6,S6_alpha10,Baseline Active Coupling (1.0x alpha_t),0.24444444444444446,132964.58595629223,2,1.360403069372046e-05,4.330297461758955e-06,-2.848551656649981,2.848551656649981,False,17.262761318630787,0.00023484313485151097,4.5479555057965357e+17,7.986707414704728e+16,CONVERGED
S6,S6_alpha10,Baseline Active Coupling (1.0x alpha_t),0.24444444444444446,132964.58595629223,3,1.2792812446128732,0.40720786736978176,4.26398901304047e-06,4.26398901304047e-06,True,0.28740248908966554,0.957805450664905,4.5479555057965357e+17,7.986707414704728e+16,CONVERGED
S6,S6_alpha10,Baseline Active Coupling (1.0x alpha_t),0.24444444444444446,132964.58595629223,4,1.2792801439219597,0.40720751700898233,-4.622869607001885e-07,4.622869607001885e-07,True,0.28740490168891936,-0.957809661185108,4.5479555057965357e+17,7.986707414704728e+16,CONVERGED
S6,S6_alpha10,Baseline Active Coupling (1.0x alpha_t),0.2621212121212121,142579.79361842075,0,8.557068328701452e-07,2.723799445775879e-07,3.300759506150798,3.300759506150798,False,0.0368551650440517,-3.1537216554759665e-08,5.576263772409091e+17,8.432448575242978e+16,CONVERGED
S6,S6_alpha10,Baseline Active Coupling (1.0x alpha_t),0.2621212121212121,142579.79361842075,1,1.1528633743945265e-05,3.669678094889826e-06,3.180913247959416,3.180913247959416,False,0.04154769444012607,-4.789881521267852e-07,5.576263772409091e+17,8.432448575242978e+16,CONVERGED
S6,S6_alpha10,Baseline Active Coupling (1.0x alpha_t),0.2621212121212121,142579.79361842075,2,1.1309334069302579e-05,3.59987284041417e-06,-2.8022180076129355,2.8022180076129355,False,16.481161601891177,0.00018639096241389587,5.576263772409091e+17,8.432448575242978e+16,CONVERGED
S6,S6_alpha10,Baseline Active Coupling (1.0x alpha_t),0.2621212121212121,142579.79361842075,3,1.364449609644645,0.4343177999495046,-2.8500392578294657e-06,2.8500392578294657e-06,True,0.20488607705828404,-0.978788738963842,5.576263772409091e+17,8.432448575242978e+16,CONVERGED
S6,S6_alpha10,Baseline Active Coupling (1.0x alpha_t),0.2621212121212121,142579.79361842075,4,1.3644486193721408,0.4343174847359765,-8.174371612963627e-06,8.174371612963627e-06,True,0.20488813721539326,0.9787937474796585,5.576263772409091e+17,8.432448575242978e+16,CONVERGED
S6,S6_alpha10,Baseline Active Coupling (1.0x alpha_t),0.27979797979797977,152195.0012805493,0,2.950822421388095e-05,9.392759491006221e-06,-2.7552895104291912,2.7552895104291912,False,15.72559296015952,0.00046403432309929867,6.734524401256123e+17,8.191813215999339e+16,CONVERGED
S6,S6_alpha10,Baseline Active Coupling (1.0x alpha_t),0.27979797979797977,152195.0012805493,1,1.368160773711955e-05,4.3549910016137945e-06,3.1810792904814633,3.1810792904814633,False,0.04154079632773436,-5.683448804790999e-07,6.734524401256123e+17,8.191813215999339e+16,CONVERGED
S6,S6_alpha10,Baseline Active Coupling (1.0x alpha_t),0.27979797979797977,152195.0012805493,2,1.0021600519950696e-07,3.189974520884924e-08,-3.320661762825168,3.320661762825168,False,27.678661208232757,-2.7738448555596548e-06,6.734524401256123e+17,8.191813215999339e+16,CONVERGED
S6,S6_alpha10,Baseline Active Coupling (1.0x alpha_t),0.27979797979797977,152195.0012805493,3,1.4485418264451118,0.4610851839082038,-1.965267942251368e-06,1.965267942251368e-06,True,0.12195042823984763,0.9925381723620139,6.734524401256123e+17,8.191813215999339e+16,CONVERGED
S6,S6_alpha10,Baseline Active Coupling (1.0x alpha_t),0.27979797979797977,152195.0012805493,4,1.448545449916507,0.46108633729497117,-4.047108302932091e-06,4.047108302932091e-06,True,0.12194708567947157,-0.992540680548484,6.734524401256123e+17,8.191813215999339e+16,CONVERGED
S6,S6_alpha10,Baseline Active Coupling (1.0x alpha_t),0.29747474747474745,161810.20894267788,0,1.7449447733933647e-05,5.554331722158423e-06,-2.7056086407402504,2.7056086407402504,False,14.96342126505558,0.00026110343731191915,8.038778865589847e+17,1.1710280646823794e+17,CONVERGED
S6,S6_alpha10,Baseline Active Coupling (1.0x alpha_t),0.29747474747474745,161810.20894267788,1,1.1864003977651906e-05,3.7764297558104183e-06,3.1808518586576056,3.1808518586576056,False,0.04155024510220748,-4.929522731881296e-07,8.038778865589847e+17,1.1710280646823794e+17,CONVERGED
S6,S6_alpha10,Baseline Active Coupling (1.0x alpha_t),0.29747474747474745,161810.20894267788,2,7.913288106476912e-06,2.5188778365122104e-06,3.3410301519418373,3.3410301519418373,False,0.03540047106630604,2.80134126658527e-07,8.038778865589847e+17,1.1710280646823794e+17,CONVERGED
S6,S6_alpha10,Baseline Active Coupling (1.0x alpha_t),0.29747474747474745,161810.20894267788,3,1.5315599146110055,0.4875106621034853,4.875617429360725e-06,4.875617429360725e-06,True,0.03922615432307246,-0.9992254788733657,8.038778865589847e+17,1.1710280646823794e+17,CONVERGED
S6,S6_alpha10,Baseline Active Coupling (1.0x alpha_t),0.29747474747474745,161810.20894267788,4,1.531572646901037,0.4875147149172761,-9.591563202539258e-06,9.591563202539258e-06,True,0.03921399920319572,0.9992404343184348,8.038778865589847e+17,1.1710280646823794e+17,CONVERGED
S6,S6_alpha10,Baseline Active Coupling (1.0x alpha_t),0.3151515151515151,171425.41660480644,0,9.932869651378677e-06,3.161730608208775e-06,-2.6541097356889107,2.6541097356889107,False,14.212327696695034,0.00014116919845859338,9.4885044762414e+17,8.18884562508047e+16,CONVERGED
S6,S6_alpha10,Baseline Active Coupling (1.0x alpha_t),0.3151515151515151,171425.41660480644,1,1.0831471418072176e-05,3.4477644342895364e-06,3.1802733051432233,3.1802733051432233,False,0.04157429109829884,-4.5031074577544666e-07,9.4885044762414e+17,8.18884562508047e+16,CONVERGED
S6,S6_alpha10,Baseline Active Coupling (1.0x alpha_t),0.3151515151515151,171425.41660480644,2,1.2392678374662826e-06,3.9447120429512485e-07,3.3617980302127353,3.3617980302127353,False,0.03467286001407423,-4.296896024843491e-08,9.4885044762414e+17,8.18884562508047e+16,CONVERGED
S6,S6_alpha10,Baseline Active Coupling (1.0x alpha_t),0.3151515151515151,171425.41660480644,3,1.6135759345752172,0.5136171720835411,-1.0211389500846403e-06,1.0211389500846403e-06,True,-0.04276660418829803,-0.9990861123277548,9.4885044762414e+17,8.18884562508047e+16,CONVERGED
S6,S6_alpha10,Baseline Active Coupling (1.0x alpha_t),0.3151515151515151,171425.41660480644,4,1.6135727454031727,0.5136161569385506,-2.9764017502774166e-06,2.9764017502774166e-06,True,-0.042763501544383124,0.9990882021908186,9.4885044762414e+17,8.18884562508047e+16,CONVERGED
S6,S6_alpha10,Baseline Active Coupling (1.0x alpha_t),0.3328282828282828,181040.62426693502,0,1.44925625910996e-06,4.6131259488843764e-07,-2.6005067524690877,2.6005067524690877,False,13.470562546502915,1.952229708426522e-05,1.1084373118402094e+18,8.095215819245992e+16,CONVERGED
S6,S6_alpha10,Baseline Active Coupling (1.0x alpha_t),0.3328282828282828,181040.62426693502,1,9.545175366314961e-06,3.0383236844560376e-06,3.179234858271502,3.179234858271502,False,0.04161748621541443,-3.972462042433907e-07,1.1084373118402094e+18,8.095215819245992e+16,CONVERGED
S6,S6_alpha10,Baseline Active Coupling (1.0x alpha_t),0.3328282828282828,181040.62426693502,2,7.516898916514181e-07,2.3927032385706886e-07,3.3828931638828283,3.3828931638828283,False,0.03394909222628869,2.5519189457247753e-08,1.1084373118402094e+18,8.095215819245992e+16,CONVERGED
S6,S6_alpha10,Baseline Active Coupling (1.0x alpha_t),0.3328282828282828,181040.62426693502,3,1.69458651633041,0.5394036411417191,1.9761702204714563e-07,1.9761702204714563e-07,True,-0.12347424691724061,-0.9923475777741659,1.1084373118402094e+18,8.095215819245992e+16,CONVERGED
S6,S6_alpha10,Baseline Active Coupling (1.0x alpha_t),0.3328282828282828,181040.62426693502,4,1.6945843632105708,0.5394029557823882,-2.8674327833780703e-07,2.8674327833780703e-07,True,-0.1234721700787004,0.9923483242807324,1.1084373118402094e+18,8.095215819245992e+16,CONVERGED
S6,S6_alpha10,Baseline Active Coupling (1.0x alpha_t),0.3505050505050505,190655.83192906357,0,5.646072875292599e-05,1.797200814319775e-05,-2.544816553038431,2.544816553038431,False,12.740890573694221,0.0007193599675164563,1.2891036914680484e+18,6.441004739987721e+16,CONVERGED
S6,S6_alpha10,Baseline Active Coupling (1.0x alpha_t),0.3505050505050505,190655.83192906357,1,1.718487508057197e-05,5.470115630979525e-06,3.177659526294568,3.177659526294568,False,0.0416830992355717,-7.16318853404899e-07,1.2891036914680484e+18,6.441004739987721e+16,CONVERGED
S6,S6_alpha10,Baseline Active Coupling (1.0x alpha_t),0.3505050505050505,190655.83192906357,2,3.1413665377026923e-06,9.999280250777126e-07,3.4042532286884244,3.4042532286884244,False,0.033231627243898276,-1.0439272181773457e-07,1.2891036914680484e+18,6.441004739987721e+16,CONVERGED
S6,S6_alpha10,Baseline Active Coupling (1.0x alpha_t),0.3505050505050505,190655.83192906357,3,1.7746461877221882,0.5648874260303478,6.204268368726305e-06,6.204268368726305e-06,True,-0.20243971322464496,0.9792883916649741,1.2891036914680484e+18,6.441004739987721e+16,CONVERGED
S6,S6_alpha10,Baseline Active Coupling (1.0x alpha_t),0.3505050505050505,190655.83192906357,4,1.774651832765004,0.564889222903284,1.0921435130026043e-06,1.0921435130026043e-06,True,-0.20244627627431483,-0.9792922551200042,1.2891036914680484e+18,6.441004739987721e+16,CONVERGED
S6,S6_alpha10,Baseline Active Coupling (1.0x alpha_t),0.36818181818181817,200271.03959119215,0,6.038689433861436e-05,1.9221745463916932e-05,-2.4868196263059295,2.4868196263059295,False,12.022977667176434,-0.000726030282905812,1.4812207040448358e+18,5.323889877838283e+16,CONVERGED
S6,S6_alpha10,Baseline Active Coupling (1.0x alpha_t),0.36818181818181817,200271.03959119215,1,1.9558596455034352e-09,6.225694611516677e-10,3.1754307309122587,3.1754307309122587,False,0.04177610594879544,-8.1708199771525e-11,1.4812207040448358e+18,5.323889877838283e+16,CONVERGED
S6,S6_alpha10,Baseline Active Coupling (1.0x alpha_t),0.36818181818181817,200271.03959119215,2,4.972176266256303e-05,1.582692861397789e-05,3.4258254704222786,3.4258254704222786,False,0.032522423566691015,1.6170722271269614e-06,1.4812207040448358e+18,5.323889877838283e+16,CONVERGED
S6,S6_alpha10,Baseline Active Coupling (1.0x alpha_t),0.36818181818181817,200271.03959119215,3,1.8537923247043029,0.5900804238850114,2.6627636578589572e-05,2.6627636578589572e-05,True,-0.27922628882181794,-0.9601975972557286,1.4812207040448358e+18,5.323889877838283e+16,CONVERGED
S6,S6_alpha10,Baseline Active Coupling (1.0x alpha_t),0.36818181818181817,200271.03959119215,4,1.8537994511259366,0.5900826922954705,-3.0404967074339546e-05,3.0404967074339546e-05,True,-0.2792490574343198,0.9602503713642365,1.4812207040448358e+18,5.323889877838283e+16,CONVERGED
S6,S6_alpha10,Baseline Active Coupling (1.0x alpha_t),0.38585858585858585,209886.2472533207,0,2.5675288093661602e-05,8.17269803082946e-06,-2.426826161409863,2.426826161409863,False,11.322887967942806,0.00029071841069306867,1.6896742116944788e+18,1.2712819967746715e+17,CONVERGED
S6,S6_alpha10,Baseline Active Coupling (1.0x alpha_t),0.38585858585858585,209886.2472533207,1,1.2996574858355988e-05,4.13693826394241e-06,3.172505482943986,3.172505482943986,False,0.0418984903293704,-5.445368660484263e-07,1.6896742116944788e+18,1.2712819967746715e+17,CONVERGED
S6,S6_alpha10,Baseline Active Coupling (1.0x alpha_t),0.38585858585858585,209886.2472533207,2,2.860395336313704e-07,9.104921139426608e-08,-3.4475663896441704,3.4475663896441704,False,31.423825832085125,8.988456485923285e-06,1.6896742116944788e+18,1.2712819967746715e+17,CONVERGED
S6,S6_alpha10,Baseline Active Coupling (1.0x alpha_t),0.38585858585858585,209886.2472533207,3,1.9320892198009663,0.6150030996517745,2.560366209721127e-07,2.560366209721127e-07,True,-0.3534838624650076,0.9354403491958794,1.6896742116944788e+18,1.2712819967746715e+17,CONVERGED
S6,S6_alpha10,Baseline Active Coupling (1.0x alpha_t),0.38585858585858585,209886.2472533207,4,1.9320816201178088,0.6150006805974937,-4.357905749578549e-06,4.357905749578549e-06,True,-0.35347838432966544,-0.935447351624436,1.6896742116944788e+18,1.2712819967746715e+17,CONVERGED
S6,S6_alpha10,Baseline Active Coupling (1.0x alpha_t),0.4035353535353535,219501.45491544926,0,1.5678265620308163e-05,4.99054694515953e-06,-2.364623208999291,2.364623208999291,False,10.64002899364464,-0.00016681720078380913,1.9140763683400274e+18,2.545744907660311e+17,CONVERGED
S6,S6_alpha10,Baseline Active Coupling (1.0x alpha_t),0.4035353535353535,219501.45491544926,1,6.072148967764036e-06,1.9328250468199922e-06,3.1687554199033885,3.1687554199033885,False,0.04205590728946558,-2.55369734039247e-07,1.9140763683400274e+18,2.545744907660311e+17,CONVERGED
S6,S6_alpha10,Baseline Active Coupling (1.0x alpha_t),0.4035353535353535,219501.45491544926,2,1.0845222288152488e-06,3.452141472179728e-07,3.4694181560383917,3.4694181560383917,False,0.031135141185674637,-3.376675271317854e-08,1.9140763683400274e+18,2.545744907660311e+17,CONVERGED
S6,S6_alpha10,Baseline Active Coupling (1.0x alpha_t),0.4035353535353535,219501.45491544926,3,2.00953969192279,0.6396563506177531,-1.123992858748146e-06,1.123992858748146e-06,True,-0.42480266404241795,0.9052872166393983,1.9140763683400274e+18,2.545744907660311e+17,CONVERGED
S6,S6_alpha10,Baseline Active Coupling (1.0x alpha_t),0.4035353535353535,219501.45491544926,4,2.0095356998042497,0.6396550798869549,-4.429810635155366e-06,4.429810635155366e-06,True,-0.42480045433572344,-0.9052919052199019,1.9140763683400274e+18,2.545744907660311e+17,CONVERGED
S6,S6_alpha10,Baseline Active Coupling (1.0x alpha_t),0.4212121212121212,229116.66257757787,0,6.509870816101031e-05,2.0721562385442998e-05,-2.300163085366081,2.300163085366081,False,9.975809209521834,0.0006494122933179497,2.1620626912267958e+18,6.234083814798897e+17,CONVERGED
S6,S6_alpha10,Baseline Active Coupling (1.0x alpha_t),0.4212121212121212,229116.66257757787,1,2.0192780648045117e-05,6.427561709813492e-06,3.1640696282269967,3.1640696282269967,False,0.042253434927228835,-8.532143432279457e-07,2.1620626912267958e+18,6.234083814798897e+17,CONVERGED
S6,S6_alpha10,Baseline Active Coupling (1.0x alpha_t),0.4212121212121212,229116.66257757787,2,3.7737185498672413e-06,1.2012119220979012e-06,3.4913626090402143,3.4913626090402143,False,0.03045933970952554,-1.1494497527909004e-07,2.1620626912267958e+18,6.234083814798897e+17,CONVERGED
S6,S6_alpha10,Baseline Active Coupling (1.0x alpha_t),0.4212121212121212,229116.66257757787,3,2.0862232323315357,0.664065479637431,7.301898289079684e-06,7.301898289079684e-06,True,-0.4929027377858432,0.8700760239158858,2.1620626912267958e+18,6.234083814798897e+17,CONVERGED
S6,S6_alpha10,Baseline Active Coupling (1.0x alpha_t),0.4212121212121212,229116.66257757787,4,2.0862244626330715,0.6640658712545728,-1.4680921551155802e-06,1.4680921551155802e-06,True,-0.4929081310219821,-0.8700830480827892,2.1620626912267958e+18,6.234083814798897e+17,CONVERGED
S6,S6_alpha10,Baseline Active Coupling (1.0x alpha_t),0.4388888888888889,238731.87023970645,0,2.7184680624332315e-05,8.653152595473919e-06,-2.233373073378317,2.233373073378317,False,9.331288171454643,-0.00025366808881709184,2.424069292530948e+18,7.29862738781191e+16,CONVERGED
S6,S6_alpha10,Baseline Active Coupling (1.0x alpha_t),0.4388888888888889,238731.87023970645,1,3.446125769780143e-06,1.0969359015537454e-06,3.158322902082925,3.158322902082925,False,0.042496952900161755,-1.4644984452696014e-07,2.424069292530948e+18,7.29862738781191e+16,CONVERGED
S6,S6_alpha10,Baseline Active Coupling (1.0x alpha_t),0.4388888888888889,238731.87023970645,2,3.828353521288156e-07,1.2186027736325472e-07,-3.513353920559857,3.513353920559857,False,33.560638953606215,-1.2848199031472508e-05,2.424069292530948e+18,7.29862738781191e+16,CONVERGED
S6,S6_alpha10,Baseline Active Coupling (1.0x alpha_t),0.4388888888888889,238731.87023970645,3,2.1621572211794486,0.6882360189850915,5.387004789342993e-06,5.387004789342993e-06,True,-0.5574883266678846,0.8301782890906644,2.424069292530948e+18,7.29862738781191e+16,CONVERGED
S6,S6_alpha10,Baseline Active Coupling (1.0x alpha_t),0.4388888888888889,238731.87023970645,4,2.162165508020089,0.6882386567683925,-1.192603838931754e-05,1.192603838931754e-05,True,-0.5575048582260573,-0.8301880422022383,2.424069292530948e+18,7.29862738781191e+16,CONVERGED
S6,S6_alpha10,Baseline Active Coupling (1.0x alpha_t),0.45656565656565656,248347.077901835,0,9.075070458830569e-05,2.8886846448602396e-05,-2.164128654790635,2.164128654790635,False,8.707011761652634,0.0007901674543978329,2.718356898650342e+18,1.6399519972501133e+17,CONVERGED
S6,S6_alpha10,Baseline Active Coupling (1.0x alpha_t),0.45656565656565656,248347.077901835,1,2.6394418731928243e-05,8.401604422447391e-06,3.151369714902047,3.151369714902047,False,0.04279347183487555,-1.1295088148649794e-06,2.718356898650342e+18,1.6399519972501133e+17,CONVERGED
S6,S6_alpha10,Baseline Active Coupling (1.0x alpha_t),0.45656565656565656,248347.077901835,2,4.0907449227975374e-07,1.3021245507826038e-07,-3.5353646874103926,3.5353646874103926,False,34.30752395517418,-1.4034332943339151e-05,2.718356898650342e+18,1.6399519972501133e+17,CONVERGED
S6,S6_alpha10,Baseline Active Coupling (1.0x alpha_t),0.45656565656565656,248347.077901835,3,2.2374181162369235,0.7121923059249264,5.805891871854437e-06,5.805891871854437e-06,True,-0.6183309440348942,-0.7859104477818,2.718356898650342e+18,1.6399519972501133e+17,CONVERGED
S6,S6_alpha10,Baseline Active Coupling (1.0x alpha_t),0.45656565656565656,248347.077901835,4,2.237412119624776,0.7121903971439962,9.837966182871444e-07,9.837966182871444e-07,True,-0.6183292128588121,0.7859179454205769,2.718356898650342e+18,1.6399519972501133e+17,CONVERGED
S6,S6_alpha10,Baseline Active Coupling (1.0x alpha_t),0.4742424242424242,257962.28556396352,0,1.353437236889133e-05,4.30812452831084e-06,-2.0921399786886825,2.0921399786886825,False,8.102235235396918,-0.00010965866870290952,3.0177011697999887e+18,1.5842023647576237e+17,CONVERGED
S6,S6_alpha10,Baseline Active Coupling (1.0x alpha_t),0.4742424242424242,257962.28556396352,1,5.547305162427162e-06,1.7657620748789444e-06,3.143014835508645,3.143014835508645,False,0.04315250389146667,-2.3938010761124675e-07,3.0177011697999887e+18,1.5842023647576237e+17,CONVERGED
S6,S6_alpha10,Baseline Active Coupling (1.0x alpha_t),0.4742424242424242,257962.28556396352,2,2.956558889769496e-06,9.411019236982029e-07,3.5573651437198692,3.5573651437198692,False,0.02851385573452697,8.430289365376628e-08,3.0177011697999887e+18,1.5842023647576237e+17,CONVERGED
S6,S6_alpha10,Baseline Active Coupling (1.0x alpha_t),0.4742424242424242,257962.28556396352,3,2.312015680527087,0.7359374481237164,-4.3264155183556084e-07,4.3264155183556084e-07,True,-0.6751881566390872,0.7376461336018711,3.0177011697999887e+18,1.5842023647576237e+17,CONVERGED
S6,S6_alpha10,Baseline Active Coupling (1.0x alpha_t),0.4742424242424242,257962.28556396352,4,2.3120023273645964,0.7359331976800838,-2.264862653124384e-06,2.264862653124384e-06,True,-0.6751795437472836,-0.7376565009818428,3.0177011697999887e+18,1.5842023647576237e+17,CONVERGED
S6,S6_alpha10,Baseline Active Coupling (1.0x alpha_t),0.49191919191919187,267577.4932260921,0,9.101427488038728e-05,2.8970743478276315e-05,-2.0173915274193592,2.0173915274193592,False,7.518687012211712,0.000684307848358545,3.335318823089541e+18,7.071695437935371e+16,CONVERGED
S6,S6_alpha10,Baseline Active Coupling (1.0x alpha_t),0.49191919191919187,267577.4932260921,1,2.8786248843426864e-05,9.162947593009481e-06,3.133100265373621,3.133100265373621,False,0.04358247034468841,-1.2545758369000062e-06,3.335318823089541e+18,7.071695437935371e+16,CONVERGED
S6,S6_alpha10,Baseline Active Coupling (1.0x alpha_t),0.49191919191919187,267577.4932260921,2,1.2320056999231971e-06,3.9215959412033426e-07,-3.5793512651061716,3.5793512651061716,False,35.85027597650547,4.416774434689675e-05,3.335318823089541e+18,7.071695437935371e+16,CONVERGED
S6,S6_alpha10,Baseline Active Coupling (1.0x alpha_t),0.49191919191919187,267577.4932260921,3,2.386020567968961,0.7594939354223835,-4.8247789089667866e-06,4.8247789089667866e-06,True,-0.727882892101103,-0.6857084985552601,3.335318823089541e+18,7.071695437935371e+16,CONVERGED
S6,S6_alpha10,Baseline Active Coupling (1.0x alpha_t),0.49191919191919187,267577.4932260921,4,2.38602781042093,0.7594962407664455,-8.11475963243423e-06,8.11475963243423e-06,True,-0.7278902530338405,0.6857054828345008,3.335318823089541e+18,7.071695437935371e+16,CONVERGED
S6,S6_alpha10,Baseline Active Coupling (1.0x alpha_t),0.5095959595959596,277192.70088822074,0,1.841838262298327e-05,5.862753276411313e-06,-1.939477765316443,1.939477765316443,False,6.95511781710811,0.00012810202115791098,3.6315091840898995e+18,1.253159478647568e+17,CONVERGED
S6,S6_alpha10,Baseline Active Coupling (1.0x alpha_t),0.5095959595959596,277192.70088822074,1,1.254896421701759e-05,3.9944593716433306e-06,3.1213631421286214,3.1213631421286214,False,0.04409701692649634,-5.533718875168692e-07,3.6315091840898995e+18,1.253159478647568e+17,CONVERGED
S6,S6_alpha10,Baseline Active Coupling (1.0x alpha_t),0.5095959595959596,277192.70088822074,2,6.603851859222131e-08,2.102071333683611e-08,3.601267021949911,3.601267021949911,False,0.027289124613934092,1.8021333631827333e-09,3.6315091840898995e+18,1.253159478647568e+17,CONVERGED
S6,S6_alpha10,Baseline Active Coupling (1.0x alpha_t),0.5095959595959596,277192.70088822074,3,2.4594598031986914,0.7828703700297837,1.7467618943402936e-05,1.7467618943402936e-05,True,-0.7762162709438498,-0.6304390264683536,3.6315091840898995e+18,1.253159478647568e+17,CONVERGED
S6,S6_alpha10,Baseline Active Coupling (1.0x alpha_t),0.5095959595959596,277192.70088822074,4,2.459474091291307,0.782874918070918,2.231354178468789e-06,2.231354178468789e-06,True,-0.776237105499777,0.6304375411941527,3.6315091840898995e+18,1.253159478647568e+17,CONVERGED
S6,S6_alpha10,Baseline Active Coupling (1.0x alpha_t),0.5272727272727272,286807.90855034924,0,3.661176244249762e-05,1.16538859360594e-05,-1.8582993309282199,1.8582993309282199,False,6.412821401022395,0.00023478469382530014,4.041134879777252e+18,9.400941185848347e+16,CONVERGED
S6,S6_alpha10,Baseline Active Coupling (1.0x alpha_t),0.5272727272727272,286807.90855034924,1,1.7496798221035747e-05,5.56940385031864e-06,3.1075800971160916,3.1075800971160916,False,0.0447090160093216,-7.82264631855984e-07,4.041134879777252e+18,9.400941185848347e+16,CONVERGED
S6,S6_alpha10,Baseline Active Coupling (1.0x alpha_t),0.5272727272727272,286807.90855034924,2,5.763613147864888e-06,1.8346150451042721e-06,3.6231561082281747,3.6231561082281747,False,0.02669828071769858,1.5387856177161906e-07,4.041134879777252e+18,9.400941185848347e+16,CONVERGED
S6,S6_alpha10,Baseline Active Coupling (1.0x alpha_t),0.5272727272727272,286807.90855034924,3,2.5324201192510225,0.8060943599283346,8.273075213442074e-06,8.273075213442074e-06,True,-0.8201149804358258,-0.57218429972449,4.041134879777252e+18,9.400941185848347e+16,CONVERGED
S6,S6_alpha10,Baseline Active Coupling (1.0x alpha_t),0.5272727272727272,286807.90855034924,4,2.5324144769855392,0.8060925639394508,-3.823108031132213e-06,3.823108031132213e-06,True,-0.8201216722890791,0.5721958483658013,4.041134879777252e+18,9.400941185848347e+16,CONVERGED
S6,S6_alpha10,Baseline Active Coupling (1.0x alpha_t),0.544949494949495,296423.11621247785,0,2.8877577104788245e-05,9.192018281488786e-06,-1.7731456182649177,1.7731456182649177,False,5.889349898766186,0.00017007015584597204,4.426367991816099e+18,1.1106186369933374e+17,CONVERGED
S6,S6_alpha10,Baseline Active Coupling (1.0x alpha_t),0.544949494949495,296423.11621247785,1,1.6040427490510695e-05,5.105826648843806e-06,3.091339636470341,3.091339636470341,False,0.04544103913244965,-7.288936933600313e-07,4.426367991816099e+18,1.1106186369933374e+17,CONVERGED
S6,S6_alpha10,Baseline Active Coupling (1.0x alpha_t),0.544949494949495,296423.11621247785,2,1.8405929299853897e-06,5.858789260543393e-07,-3.64496531290912,3.64496531290912,False,38.28144495650264,-7.046055693664318e-05,4.426367991816099e+18,1.1106186369933374e+17,CONVERGED
S6,S6_alpha10,Baseline Active Coupling (1.0x alpha_t),0.544949494949495,296423.11621247785,3,2.6049277136821867,0.8291742440591789,-1.912690597251551e-05,1.912690597251551e-05,True,-0.8594350208067225,0.5112824068502454,4.426367991816099e+18,1.1106186369933374e+17,CONVERGED
S6,S6_alpha10,Baseline Active Coupling (1.0x alpha_t),0.544949494949495,296423.11621247785,4,2.6049310972693442,0.829175321088422,-2.030024153840764e-05,2.030024153840764e-05,True,-0.8594377591786864,-0.5112800987767917,4.426367991816099e+18,1.1106186369933374e+17,CONVERGED
S6,S6_alpha10,Baseline Active Coupling (1.0x alpha_t),0.5626262626262627,306038.32387460646,0,1.801155023970904e-06,5.733254506795412e-07,-1.6840390565005536,1.6840390565005536,False,5.387271580601992,9.703311272907443e-06,4.817721194180567e+18,4.8852841991102216e+16,CONVERGED
S6,S6_alpha10,Baseline Active Coupling (1.0x alpha_t),0.5626262626262627,306038.32387460646,1,8.841212555218849e-06,2.8142453621784128e-06,3.0723743794510594,3.0723743794510594,False,0.04631106416968587,-4.0944596199324086e-07,4.817721194180567e+18,4.8852841991102216e+16,CONVERGED
S6,S6_alpha10,Baseline Active Coupling (1.0x alpha_t),0.5626262626262627,306038.32387460646,2,1.5751597840245224e-05,5.0138893157413e-06,3.6666554973038266,3.6666554973038266,False,0.025561818710969894,-4.026394884337533e-07,4.817721194180567e+18,4.8852841991102216e+16,CONVERGED
S6,S6_alpha10,Baseline Active Coupling (1.0x alpha_t),0.5626262626262627,306038.32387460646,3,2.677014355746077,0.8521201348899075,3.91070300560241e-06,3.91070300560241e-06,True,-0.8940070907850051,0.4480440829323691,4.817721194180567e+18,4.8852841991102216e+16,CONVERGED
S6,S6_alpha10,Baseline Active Coupling (1.0x alpha_t),0.5626262626262627,306038.32387460646,4,2.677044565152191,0.8521297508425293,-1.3299657839720691e-05,1.3299657839720691e-05,True,-0.8940360120726943,-0.4480247859065361,4.817721194180567e+18,4.8852841991102216e+16,CONVERGED
S6,S6_alpha10,Baseline Active Coupling (1.0x alpha_t),0.5803030303030303,315653.531536735,0,1.942699626681052e-05,6.183804970581383e-06,-1.590211747522865,1.590211747522865,False,4.904787394031882,9.528528640534381e-05,5.260632615584649e+18,1.8101424497233446e+17,CONVERGED
S6,S6_alpha10,Baseline Active Coupling (1.0x alpha_t),0.5803030303030303,315653.531536735,1,1.417433416319363e-05,4.51183069421718e-06,3.050151156504928,3.050151156504928,False,0.04735176631790398,-6.711797590523771e-07,5.260632615584649e+18,1.8101424497233446e+17,CONVERGED
S6,S6_alpha10,Baseline Active Coupling (1.0x alpha_t),0.5803030303030303,315653.531536735,2,1.769785824502198e-05,5.633403243669808e-06,3.688283395322532,3.688283395322532,False,0.025014905907826148,-4.427102588154911e-07,5.260632615584649e+18,1.8101424497233446e+17,CONVERGED
S6,S6_alpha10,Baseline Active Coupling (1.0x alpha_t),0.5803030303030303,315653.531536735,3,2.748848921428365,0.8749857873162986,1.3767683334541685e-05,1.3767683334541685e-05,True,-0.9238497252399919,0.38271941443623836,5.260632615584649e+18,1.8101424497233446e+17,CONVERGED
S6,S6_alpha10,Baseline Active Coupling (1.0x alpha_t),0.5803030303030303,315653.531536735,4,2.748842114034654,0.8749836204555813,-1.096299896741327e-05,1.096299896741327e-05,True,-0.9238699675489866,-0.38273516862100043,5.260632615584649e+18,1.8101424497233446e+17,CONVERGED
S6,S6_alpha10,Baseline Active Coupling (1.0x alpha_t),0.5979797979797981,325268.7391988636,0,5.6544431243619285e-05,1.7998651473483632e-05,-1.4905494987569672,1.4905494987569672,False,4.439534360389438,-0.00025103094566226406,5.648754457631581e+18,5.869579135351704e+16,CONVERGED
S6,S6_alpha10,Baseline Active Coupling (1.0x alpha_t),0.5979797979797981,325268.7391988636,1,1.0483194562021084e-05,3.3369044678794645e-06,3.0239267843452353,3.0239267843452353,False,0.048609962255544925,5.095876919960461e-07,5.648754457631581e+18,5.869579135351704e+16,CONVERGED
S6,S6_alpha10,Baseline Active Coupling (1.0x alpha_t),0.5979797979797981,325268.7391988636,2,1.036960514327717e-05,3.3007478329274065e-06,-3.70978963888825,3.70978963888825,False,40.84521337649781,-0.0004235487347223664,5.648754457631581e+18,5.869579135351704e+16,CONVERGED
S6,S6_alpha10,Baseline Active Coupling (1.0x alpha_t),0.5979797979797981,325268.7391988636,3,2.820503847401544,0.8977942586473292,3.9609823361426435e-05,3.9609823361426435e-05,True,-0.9488547687594314,-0.31558740674107455,5.648754457631581e+18,5.869579135351704e+16,CONVERGED
S6,S6_alpha10,Baseline Active Coupling (1.0x alpha_t),0.5979797979797981,325268.7391988636,4,2.820494074192511,0.8977911477382742,1.4449956867920695e-05,1.4449956867920695e-05,True,-0.9488755576944469,0.3156046205522268,5.648754457631581e+18,5.869579135351704e+16,CONVERGED
S6,S6_alpha10,Baseline Active Coupling (1.0x alpha_t),0.6156565656565657,334883.9468609921,0,0.00011017689666256791,3.507039543674526e-05,-1.3844129702677201,1.3844129702677201,False,3.992481487184599,-0.0004398792220206434,6.133234631107359e+18,6.6427751317504664e+16,CONVERGED
S6,S6_alpha10,Baseline Active Coupling (1.0x alpha_t),0.6156565656565657,334883.9468609921,1,3.094437563336257e-05,9.849900685884106e-06,2.9929920134059333,2.9929920134059333,False,0.0501372008806302,1.5514643777507816e-06,6.133234631107359e+18,6.6427751317504664e+16,CONVERGED
S6,S6_alpha10,Baseline Active Coupling (1.0x alpha_t),0.6156565656565657,334883.9468609921,2,2.666286583394387e-06,8.487053788936355e-07,3.7311987773113757,3.7311987773113757,False,0.023964091002157423,-6.38951343224459e-08,6.133234631107359e+18,6.6427751317504664e+16,CONVERGED
S6,S6_alpha10,Baseline Active Coupling (1.0x alpha_t),0.6156565656565657,334883.9468609921,3,2.8921552303376283,0.9206016021946254,-1.125800186881238e-05,1.125800186881238e-05,True,-0.9690623617357705,0.24686161168621448,6.133234631107359e+18,6.6427751317504664e+16,CONVERGED
S6,S6_alpha10,Baseline Active Coupling (1.0x alpha_t),0.6156565656565657,334883.9468609921,4,2.892148896710198,0.9205995861383989,-1.6192136534582238e-05,1.6192136534582238e-05,True,-0.9690655796751321,-0.24686896744294462,6.133234631107359e+18,6.6427751317504664e+16,CONVERGED
S6,S6_alpha10,Baseline Active Coupling (1.0x alpha_t),0.6333333333333333,344499.15452312067,0,3.786355225556668e-05,1.2052343008983442e-05,-1.2714605079947388,1.2714605079947388,False,3.566057013082377,0.0001350235861257001,6.670781524037308e+18,1.9853017727989795e+17,CONVERGED
S6,S6_alpha10,Baseline Active Coupling (1.0x alpha_t),0.6333333333333333,344499.15452312067,1,2.2577568212060283e-05,7.18666316788768e-06,2.956633961755103,2.956633961755103,False,0.05199363550583825,-1.1738898524255247e-06,6.670781524037308e+18,1.9853017727989795e+17,CONVERGED
S6,S6_alpha10,Baseline Active Coupling (1.0x alpha_t),0.6333333333333333,344499.15452312067,2,4.007797562476698e-06,1.2757215859596313e-06,3.7524933357732113,3.7524933357732113,False,0.02345918125971387,9.401964947088367e-08,6.670781524037308e+18,1.9853017727989795e+17,CONVERGED
S6,S6_alpha10,Baseline Active Coupling (1.0x alpha_t),0.6333333333333333,344499.15452312067,3,2.9644261618474634,0.9436061541779176,5.495592572949506e-06,5.495592572949506e-06,True,-0.9843416148044,0.17624016068854237,6.670781524037308e+18,1.9853017727989795e+17,CONVERGED
S6,S6_alpha10,Baseline Active Coupling (1.0x alpha_t),0.6333333333333333,344499.15452312067,4,2.964425230522187,0.9436058577278748,9.570538298742331e-07,9.570538298742331e-07,True,-0.9843459181490049,-0.1762418773094658,6.670781524037308e+18,1.9853017727989795e+17,CONVERGED
S6,S6_alpha10,Baseline Active Coupling (1.0x alpha_t),0.651010101010101,354114.3621852493,0,0.00016287242038746604,5.1843901596012825e-05,-1.1490793867616085,1.1490793867616085,False,3.155286731555916,0.0005139091915291981,6.964830768499867e+18,9.92596519658476e+16,CONVERGED
S6,S6_alpha10,Baseline Active Coupling (1.0x alpha_t),0.651010101010101,354114.3621852493,1,7.554810146339478e-05,2.404770757821466e-05,2.9131135435916535,2.9131135435916535,False,0.05430638092879828,-4.102743984324111e-06,6.964830768499867e+18,9.92596519658476e+16,CONVERGED
S6,S6_alpha10,Baseline Active Coupling (1.0x alpha_t),0.651010101010101,354114.3621852493,2,4.027893927331927e-05,1.2821184575694072e-05,3.7735401121982504,3.7735401121982504,False,0.0229706006566239,-9.252314294201847e-07,6.964830768499867e+18,9.92596519658476e+16,CONVERGED
S6,S6_alpha10,Baseline Active Coupling (1.0x alpha_t),0.651010101010101,354114.3621852493,3,3.03917503752076,0.9673994602858509,1.898536400314094e-05,1.898536400314094e-05,True,-0.9947410131090177,0.10223671958605514,6.964830768499867e+18,9.92596519658476e+16,CONVERGED
S6,S6_alpha10,Baseline Active Coupling (1.0x alpha_t),0.651010101010101,354114.3621852493,4,3.03916975666322,0.9673977793366884,1.854829635512669e-06,1.854829635512669e-06,True,-0.9947575137794156,-0.10224372414483734,6.964830768499867e+18,9.92596519658476e+16,CONVERGED
S6,S6_alpha10,Baseline Active Coupling (1.0x alpha_t),0.6686868686868687,363729.5698473778,0,2.2066581801756436e-06,7.024011141782398e-07,-1.0157746070783737,1.0157746070783737,False,2.761501647834028,-6.093690200771368e-06,7.808120953664304e+18,1.3498069648735522e+17,CONVERGED
S6,S6_alpha10,Baseline Active Coupling (1.0x alpha_t),0.6686868686868687,363729.5698473778,1,7.34440928950055e-06,2.3377980850280953e-06,2.8607898982422086,2.8607898982422086,False,0.05722354163226683,-4.202731107496986e-07,7.808120953664304e+18,1.3498069648735522e+17,CONVERGED
S6,S6_alpha10,Baseline Active Coupling (1.0x alpha_t),0.6686868686868687,363729.5698473778,2,5.554432441952523e-06,1.7680307584134622e-06,-3.7947030284670094,3.7947030284670094,False,44.46502959591296,0.0002469780029224579,7.808120953664304e+18,1.3498069648735522e+17,CONVERGED
S6,S6_alpha10,Baseline Active Coupling (1.0x alpha_t),0.6686868686868687,363729.5698473778,3,3.1414806000879962,0.9999643322625965,0.02486060620513063,0.02486060620513063,False,-0.9754458675301844,-0.00010930212572766544,7.808120953664304e+18,1.3498069648735522e+17,CONVERGED
S6,S6_alpha10,Baseline Active Coupling (1.0x alpha_t),0.6686868686868687,363729.5698473778,4,3.1415173787193402,0.9999760392645537,-0.024922920669274803,0.024922920669274803,False,-1.0252360900622404,7.717451400888154e-05,7.808120953664304e+18,1.3498069648735522e+17,CONVERGED
S6,S6_alpha10,Baseline Active Coupling (1.0x alpha_t),0.6863636363636364,373344.7775095064,0,0.0005559403439189534,0.0001769613075978195,-0.8688958912068033,0.8688958912068033,False,2.3842765301624667,0.0013255156507353066,8.321707695303281e+18,2.7622898220159478e+17,CONVERGED
S6,S6_alpha10,Baseline Active Coupling (1.0x alpha_t),0.6863636363636364,373344.7775095064,1,0.00027809056093377706,8.851897479961708e-05,2.797149222471094,2.797149222471094,False,0.06098366356182879,-1.6958981644876377e-05,8.321707695303281e+18,2.7622898220159478e+17,CONVERGED
S6,S6_alpha10,Baseline Active Coupling (1.0x alpha_t),0.6863636363636364,373344.7775095064,2,2.7140597695194993e-06,8.63912056331757e-07,-3.815613024949944,3.815613024949944,False,45.404581994616045,-0.0001232307493437394,8.321707695303281e+18,2.7622898220159478e+17,CONVERGED
S6,S6_alpha10,Baseline Active Coupling (1.0x alpha_t),0.6863636363636364,373344.7775095064,3,3.14158240624283,0.9999967381681545,0.04523884720703522,0.04523884720703522,False,-0.9557691717211453,9.794098319445013e-06,8.321707695303281e+18,2.7622898220159478e+17,CONVERGED
S6,S6_alpha10,Baseline Active Coupling (1.0x alpha_t),0.6863636363636364,373344.7775095064,4,3.1415902580967026,0.9999992374908669,-0.04523408428035518,0.04523408428035518,False,-1.0462727472455533,-2.5063391369397917e-06,8.321707695303281e+18,2.7622898220159478e+17,CONVERGED
S6,S6_alpha10,Baseline Active Coupling (1.0x alpha_t),0.704040404040404,382959.98517163494,0,3.68074949002501e-05,1.1716189512409066e-05,-0.7034282477779811,0.7034282477779811,False,2.02066819658083,-7.437573437433435e-05,9.104184570820995e+18,4.689295800338761e+16,CONVERGED
S6,S6_alpha10,Baseline Active Coupling (1.0x alpha_t),0.704040404040404,382959.98517163494,1,1.1066677508769002e-05,3.522632858248977e-06,2.717881307858879,2.717881307858879,False,0.0660144707024905,7.305608582063662e-07,9.104184570820995e+18,4.689295800338761e+16,CONVERGED
S6,S6_alpha10,Baseline Active Coupling (1.0x alpha_t),0.704040404040404,382959.98517163494,2,3.1121491484125895e-05,9.906278412181924e-06,3.8364032451075687,3.8364032451075687,False,0.021571047744823532,6.713231789109346e-07,9.104184570820995e+18,4.689295800338761e+16,CONVERGED
S6,S6_alpha10,Baseline Active Coupling (1.0x alpha_t),0.704040404040404,382959.98517163494,3,3.0633154145696446,0.9750835809567151,1.0545898702505523e-06,1.0545898702505523e-06,True,-0.996936849584734,-0.07819724267868508,9.104184570820995e+18,4.689295800338761e+16,CONVERGED
S6,S6_alpha10,Baseline Active Coupling (1.0x alpha_t),0.704040404040404,382959.98517163494,4,3.0633112214918463,0.9750822462585984,-4.465838291579119e-08,4.465838291579119e-08,True,-0.9969376175701802,0.07820150887459265,9.104184570820995e+18,4.689295800338761e+16,CONVERGED
S6,S6_alpha10,Baseline Active Coupling (1.0x alpha_t),0.7217171717171718,392575.19283376355,0,4.575736464729969e-05,1.4565021532952171e-05,-0.5134630271848566,0.5134630271848566,False,1.6710681389620523,-7.646367423833602e-05,9.64488057326958e+18,9.035990216061664e+16,CONVERGED
S6,S6_alpha10,Baseline Active Coupling (1.0x alpha_t),0.7217171717171718,392575.19283376355,1,1.788925319752814e-05,5.694326149218196e-06,2.617059428637503,2.617059428637503,False,0.07301725989976256,1.3062242502759123e-06,9.64488057326958e+18,9.035990216061664e+16,CONVERGED
S6,S6_alpha10,Baseline Active Coupling (1.0x alpha_t),0.7217171717171718,392575.19283376355,2,2.847940071171763e-05,9.065274799129405e-06,3.8570622723441637,3.8570622723441637,False,0.02112998255939965,-6.01769240503441e-07,9.64488057326958e+18,9.035990216061664e+16,CONVERGED
S6,S6_alpha10,Baseline Active Coupling (1.0x alpha_t),0.7217171717171718,392575.19283376355,3,2.987259501653075,0.9508742319726375,6.373443752495205e-06,6.373443752495205e-06,True,-0.9881079614886412,0.15372023170844545,9.64488057326958e+18,9.035990216061664e+16,CONVERGED
S6,S6_alpha10,Baseline Active Coupling (1.0x alpha_t),0.7217171717171718,392575.19283376355,4,2.9872183323048658,0.9508611273620948,-7.343618771709599e-06,7.343618771709599e-06,True,-0.988115186034345,-0.15376302050139748,9.64488057326958e+18,9.035990216061664e+16,CONVERGED
S6,S6_alpha10,Baseline Active Coupling (1.0x alpha_t),0.7393939393939394,402190.40049589204,0,0.0003939235788177083,0.00012538976953857623,-0.2883063279764375,0.2883063279764375,False,1.3341658303684614,-0.0005255594058197421,1.0432835487411274e+19,1.35281262734832e+17,CONVERGED
S6,S6_alpha10,Baseline Active Coupling (1.0x alpha_t),0.7393939393939394,402190.40049589204,1,0.0002427616173850949,7.72734227996425e-05,2.484186594784159,2.484186594784159,False,0.08339335706815436,2.0244706638733023e-05,1.0432835487411274e+19,1.35281262734832e+17,CONVERGED
S6,S6_alpha10,Baseline Active Coupling (1.0x alpha_t),0.7393939393939394,402190.40049589204,2,1.0179449029603974e-05,3.2402192620269396e-06,3.8776005799236217,3.8776005799236217,False,0.020700434678386226,-2.1071901970655744e-07,1.0432835487411274e+19,1.35281262734832e+17,CONVERGED
S6,S6_alpha10,Baseline Active Coupling (1.0x alpha_t),0.7393939393939394,402190.40049589204,3,2.9157805645746375,0.9281217796466618,7.4500400716711305e-06,7.4500400716711305e-06,True,-0.9746053425542889,-0.22389624002090686,1.0432835487411274e+19,1.35281262734832e+17,CONVERGED
S6,S6_alpha10,Baseline Active Coupling (1.0x alpha_t),0.7393939393939394,402190.40049589204,4,2.915777135095665,0.9281206880096005,-3.4987518952913166e-06,3.4987518952913166e-06,True,-0.974615245502265,0.22390203385148816,1.0432835487411274e+19,1.35281262734832e+17,CONVERGED
S6,S6_alpha10,Baseline Active Coupling (1.0x alpha_t),0.7570707070707071,411805.6081580207,0,0.0002132368594485332,6.787540046125157e-05,-0.004092311496228125,0.004092311496228125,False,1.004100673608739,0.00021411127745569447,1.0702692091405988e+19,4.7677752323310776e+16,CONVERGED
S6,S6_alpha10,Baseline Active Coupling (1.0x alpha_t),0.7570707070707071,411805.6081580207,1,0.0001607271056903747,5.116102671895326e-05,2.296376719613224,2.296376719613224,False,0.1006227672278263,-1.6172806282349934e-05,1.0702692091405988e+19,4.7677752323310776e+16,CONVERGED
S6,S6_alpha10,Baseline Active Coupling (1.0x alpha_t),0.7570707070707071,411805.6081580207,2,0.00011264083181631218,3.585469035509784e-05,3.897875040957579,3.897875040957579,False,0.020284970282946464,-2.2849159357039016e-06,1.0702692091405988e+19,4.7677752323310776e+16,CONVERGED
S6,S6_alpha10,Baseline Active Coupling (1.0x alpha_t),0.7570707070707071,411805.6081580207,3,2.8456374517405005,0.9057945333838509,-7.765776667432953e-07,7.765776667432953e-07,True,-0.9565247334380395,-0.29165388301517126,1.0702692091405988e+19,4.7677752323310776e+16,CONVERGED
S6,S6_alpha10,Baseline Active Coupling (1.0x alpha_t),0.7570707070707071,411805.6081580207,4,2.8456628768234347,0.9058026264391058,-3.5115695010006956e-06,3.5115695010006956e-06,True,-0.9565347645642297,0.29163036080579463,1.0702692091405988e+19,4.7677752323310776e+16,CONVERGED
S6,S6_alpha10,Baseline Active Coupling (1.0x alpha_t),0.7747474747474747,421420.81582014915,0,0.00018423732191946883,5.864456097099253e-05,0.4000967237890492,0.4000967237890492,False,0.6702552019010294,-0.00012348602479801666,1.2031137146695666e+19,1.0953319403141288e+17,CONVERGED
S6,S6_alpha10,Baseline Active Coupling (1.0x alpha_t),0.7747474747474747,421420.81582014915,1,0.00013946559535480554,4.439327778394276e-05,1.992861184430913,1.992861184430913,False,0.13630487228370303,1.900984028605864e-05,1.2031137146695666e+19,1.0953319403141288e+17,CONVERGED
S6,S6_alpha10,Baseline Active Coupling (1.0x alpha_t),0.7747474747474747,421420.81582014915,2,8.650072592787702e-05,2.7534036224917805e-05,3.918415804127439,3.918415804127439,False,0.01987255176094234,1.7189901576481997e-06,1.2031137146695666e+19,1.0953319403141288e+17,CONVERGED
S6,S6_alpha10,Baseline Active Coupling (1.0x alpha_t),0.7747474747474747,421420.81582014915,3,2.7760275544916433,0.8836370149133018,5.052354272038481e-07,5.052354272038481e-07,True,-0.933921428450572,0.3574769293402012,1.2031137146695666e+19,1.0953319403141288e+17,CONVERGED
S6,S6_alpha10,Baseline Active Coupling (1.0x alpha_t),0.7747474747474747,421420.81582014915,4,2.7760378061122073,0.8836402781054767,-1.6767178959224285e-05,1.6767178959224285e-05,True,-0.9339412243998633,-0.3574735294909059,1.2031137146695666e+19,1.0953319403141288e+17,CONVERGED
S6,S6_alpha10,Baseline Active Coupling (1.0x alpha_t),0.7924242424242425,431036.0234822779,0,0.42697705962903204,0.1359110192536068,1.249031389180371,1.249031389180371,False,0.2610356228831228,-0.1187626758306146,1.1835606200735035e+19,1.52083058519622e+17,CONVERGED
S6,S6_alpha10,Baseline Active Coupling (1.0x alpha_t),0.7924242424242425,431036.0234822779,1,0.42692874252195356,0.13589563944075192,1.2497967532321597,1.2497967532321597,False,0.2608416456109041,0.11865921094828469,1.1835606200735035e+19,1.52083058519622e+17,CONVERGED
S6,S6_alpha10,Baseline Active Coupling (1.0x alpha_t),0.7924242424242425,431036.0234822779,2,5.099076135342213e-05,1.6230863442832633e-05,3.9385554151268316,3.9385554151268316,False,0.019476329619186664,-9.931128765132511e-07,1.1835606200735035e+19,1.52083058519622e+17,CONVERGED
S6,S6_alpha10,Baseline Active Coupling (1.0x alpha_t),0.7924242424242425,431036.0234822779,3,2.7067474166342915,0.8615844621171308,-5.252450866321491e-06,5.252450866321491e-06,True,-0.9069400138406318,-0.421272259057802,1.1835606200735035e+19,1.52083058519622e+17,CONVERGED
S6,S6_alpha10,Baseline Active Coupling (1.0x alpha_t),0.7924242424242425,431036.0234822779,4,2.706762379432622,0.8615892249237644,-1.5509939992710334e-05,1.5509939992710334e-05,True,-0.90695562019066,0.42126300972869923,1.1835606200735035e+19,1.52083058519622e+17,CONVERGED
S6,S6_alpha10,Baseline Active Coupling (1.0x alpha_t),0.8101010101010101,440651.2311444063,0,1.0892234365999343,0.34671058813284245,1.30497649719395,1.30497649719395,False,0.12560295176936354,0.24033705267261576,1.2763616019521354e+19,7.720033359753354e+16,CONVERGED
S6,S6_alpha10,Baseline Active Coupling (1.0x alpha_t),0.8101010101010101,440651.2311444063,1,1.0891872236970683,0.34669906120785277,1.3054201396421266,1.3054201396421266,False,0.12555594068673853,-0.24022590601451677,1.2763616019521354e+19,7.720033359753354e+16,CONVERGED
S6,S6_alpha10,Baseline Active Coupling (1.0x alpha_t),0.8101010101010101,440651.2311444063,2,1.284031002419834e-05,4.08719762236716e-06,3.9584757472901404,3.9584757472901404,False,0.019092193450019213,2.451496829536885e-07,1.2763616019521354e+19,7.720033359753354e+16,CONVERGED
S6,S6_alpha10,Baseline Active Coupling (1.0x alpha_t),0.8101010101010101,440651.2311444063,3,2.637603768100652,0.839575355222056,9.412177333707612e-07,9.412177333707612e-07,True,-0.8756623875084741,0.48292183701843916,1.2763616019521354e+19,7.720033359753354e+16,CONVERGED
S6,S6_alpha10,Baseline Active Coupling (1.0x alpha_t),0.8101010101010101,440651.2311444063,4,2.6376298759538153,0.8395836656098249,-2.554152298503431e-07,2.554152298503431e-07,True,-0.8756760431246398,-0.4828995530420009,1.2763616019521354e+19,7.720033359753354e+16,CONVERGED
S6,S6_alpha10,Baseline Active Coupling (1.0x alpha_t),0.8277777777777778,450266.438806535,0,1.5846489494607918,0.5044094267441281,1.3641716713755363,1.3641716713755363,False,-0.0035405104892760808,-0.25556777967820243,1.3782835844952052e+19,1.7854081068645832e+18,CONVERGED
S6,S6_alpha10,Baseline Active Coupling (1.0x alpha_t),0.8277777777777778,450266.438806535,1,1.58454044732112,0.5043748894403984,1.3649881512258992,1.3649881512258992,False,-0.0035099138733675783,0.2553595812345848,1.3782835844952052e+19,1.7854081068645832e+18,CONVERGED
S6,S6_alpha10,Baseline Active Coupling (1.0x alpha_t),0.8277777777777778,450266.438806535,2,3.003604540535694e-06,9.560770194390337e-07,3.9783757659896737,3.9783757659896737,False,0.01871601384954534,5.6215504179392366e-08,1.3782835844952052e+19,1.7854081068645832e+18,CONVERGED
S6,S6_alpha10,Baseline Active Coupling (1.0x alpha_t),0.8277777777777778,450266.438806535,3,2.5685239699073334,0.8175865725215415,2.4532540499127876e-06,2.4532540499127876e-06,True,-0.840238992364858,0.5422117014724278,1.3782835844952052e+19,1.7854081068645832e+18,CONVERGED
S6,S6_alpha10,Baseline Active Coupling (1.0x alpha_t),0.8277777777777778,450266.438806535,4,2.5685302001618107,0.817588555673135,-1.0678271078871513e-06,1.0678271078871513e-06,True,-0.8402453290322186,-0.5422083757154946,1.3782835844952052e+19,1.7854081068645832e+18,CONVERGED
S6,S6_alpha10,Baseline Active Coupling (1.0x alpha_t),0.8454545454545455,459881.6464686634,0,2.1254357122713228,0.6765471996640489,1.42801708026503,1.42801708026503,False,-0.1262790332056035,-0.20383801338831004,1.4211443559386302e+19,1.1249579576652658e+17,CONVERGED
S6,S6_alpha10,Baseline Active Coupling (1.0x alpha_t),0.8454545454545455,459881.6464686634,1,2.1254064776351216,0.676537893990327,1.4282351427880637,1.4282351427880637,False,-0.12624554159836746,0.2037972596324149,1.4211443559386302e+19,1.1249579576652658e+17,CONVERGED
S6,S6_alpha10,Baseline Active Coupling (1.0x alpha_t),0.8454545454545455,459881.6464686634,2,3.029333156135108e-05,9.642666921421497e-06,3.9981167429086857,3.9981167429086857,False,0.0183501644371792,-5.558876156708263e-07,1.4211443559386302e+19,1.1249579576652658e+17,CONVERGED
S6,S6_alpha10,Baseline Active Coupling (1.0x alpha_t),0.8454545454545455,459881.6464686634,3,2.4994133413954214,0.7955879762258246,9.763269912033736e-06,9.763269912033736e-06,True,-0.8007845605560404,0.5989361912807464,1.4211443559386302e+19,1.1249579576652658e+17,CONVERGED
S6,S6_alpha10,Baseline Active Coupling (1.0x alpha_t),0.8454545454545455,459881.6464686634,4,2.4994051565211817,0.7955853708994369,8.307635358531392e-06,8.307635358531392e-06,True,-0.8007808239552029,-0.598943617423996,1.4211443559386302e+19,1.1249579576652658e+17,CONVERGED
S6,S6_alpha10,Baseline Active Coupling (1.0x alpha_t),0.8631313131313132,469496.85413079214,0,3.141201444470915,0.9998754742698958,1.084593659585383,1.084593659585383,False,-0.3380390910786558,0.00013224398171380667,1.4993509045010397e+19,7.069397028915192e+16,CONVERGED
S6,S6_alpha10,Baseline Active Coupling (1.0x alpha_t),0.8631313131313132,469496.85413079214,1,3.1411728948463913,0.9998663866421631,1.909238778732822,1.909238778732822,False,-0.14819313839342402,-6.220536920628748e-05,1.4993509045010397e+19,7.069397028915192e+16,CONVERGED
S6,S6_alpha10,Baseline Active Coupling (1.0x alpha_t),0.8631313131313132,469496.85413079214,2,0.0005381304957172409,0.00017129225684378178,4.0175776811546235,4.0175776811546235,False,0.017996502852271678,9.684467935893425e-06,1.4993509045010397e+19,7.069397028915192e+16,CONVERGED
S6,S6_alpha10,Baseline Active Coupling (1.0x alpha_t),0.8631313131313132,469496.85413079214,3,2.4301433948456848,0.7735386674236207,4.1760936287082695e-05,4.1760936287082695e-05,True,-0.7573847743582075,0.6529048821885524,1.4993509045010397e+19,7.069397028915192e+16,CONVERGED
S6,S6_alpha10,Baseline Active Coupling (1.0x alpha_t),0.8631313131313132,469496.85413079214,4,2.430239224554592,0.7735691709673559,2.445006488367152e-05,2.445006488367152e-05,True,-0.7574604507522219,-0.6528436004220807,1.4993509045010397e+19,7.069397028915192e+16,CONVERGED
S6,S6_alpha10,Baseline Active Coupling (1.0x alpha_t),0.8808080808080808,479112.06179292063,0,3.1414363281194193,0.9999502400573177,0.4449935831061331,0.4449935831061331,False,-0.6408283803167082,0.00010017779879793314,1.5881283024173554e+19,6.839136724560132e+16,CONVERGED
S6,S6_alpha10,Baseline Active Coupling (1.0x alpha_t),0.8808080808080808,479112.06179292063,1,3.141386449214872,0.9999343631088883,2.6992762973662354,2.6992762973662354,False,-0.06725416572003004,-1.3868103399690479e-05,1.5881283024173554e+19,6.839136724560132e+16,CONVERGED
S6,S6_alpha10,Baseline Active Coupling (1.0x alpha_t),0.8808080808080808,479112.06179292063,2,0.0004643856546370949,0.0001478185448729188,4.037775772189477,4.037775772189477,False,0.01763665486276192,-8.190210102802828e-06,1.5881283024173554e+19,6.839136724560132e+16,CONVERGED
S6,S6_alpha10,Baseline Active Coupling (1.0x alpha_t),0.8808080808080808,479112.06179292063,3,2.360929722957793,0.7515072714026235,-4.326431666349747e-05,4.326431666349747e-05,True,-0.7104778940371693,0.7037809989347155,1.5881283024173554e+19,6.839136724560132e+16,CONVERGED
S6,S6_alpha10,Baseline Active Coupling (1.0x alpha_t),0.8808080808080808,479112.06179292063,4,2.360855533287261,0.7514836560970405,-3.9714581214706605e-05,3.9714581214706605e-05,True,-0.7104231569827664,-0.7038312086996772,1.5881283024173554e+19,6.839136724560132e+16,CONVERGED
S6,S6_alpha10,Baseline Active Coupling (1.0x alpha_t),0.8984848484848484,488727.2694550492,0,3.141553344739926,0.9999874876044728,0.13130723392040458,0.13130723392040458,False,-0.8769483040548743,3.447182924326351e-05,1.6875288771346842e+19,8.779270990540848e+16,CONVERGED
S6,S6_alpha10,Baseline Active Coupling (1.0x alpha_t),0.8984848484848484,488727.2694550492,1,3.141549620510878,0.9999863021455484,3.179868861518132,3.179868861518132,False,-0.04159110891993924,-1.78979347341853e-06,1.6875288771346842e+19,8.779270990540848e+16,CONVERGED
S6,S6_alpha10,Baseline Active Coupling (1.0x alpha_t),0.8984848484848484,488727.2694550492,2,1.4259348076695036e-05,4.538891463347852e-06,4.056793990798588,4.056793990798588,False,0.017304408369374847,-2.4674958221691447e-07,1.6875288771346842e+19,8.779270990540848e+16,CONVERGED
S6,S6_alpha10,Baseline Active Coupling (1.0x alpha_t),0.8984848484848484,488727.2694550492,3,2.291300362644241,0.7293435576461667,8.500083212034068e-06,8.500083212034068e-06,True,-0.6597579172145865,0.751466892584596,1.6875288771346842e+19,8.779270990540848e+16,CONVERGED
S6,S6_alpha10,Baseline Active Coupling (1.0x alpha_t),0.8984848484848484,488727.2694550492,4,2.291302634721968,0.7293442808709693,1.2773815669979262e-05,1.2773815669979262e-05,True,-0.6597568049739757,-0.7514621820062067,1.6875288771346842e+19,8.779270990540848e+16,CONVERGED
S6,S6_alpha10,Baseline Active Coupling (1.0x alpha_t),0.9161616161616162,498342.4771171778,0,3.1415644890341023,0.9999910349434836,-0.08648206098467755,0.08648206098467755,False,-1.0903318076308794,3.070871092563498e-05,1.8690453645328683e+19,1.5915830286248397e+17,CONVERGED
S6,S6_alpha10,Baseline Active Coupling (1.0x alpha_t),0.9161616161616162,498342.4771171778,1,3.1415285356336993,0.9999795906206934,3.586512653041459,3.586512653041459,False,-0.027694743335008844,-1.77573033962187e-06,1.8690453645328683e+19,1.5915830286248397e+17,CONVERGED
S6,S6_alpha10,Baseline Active Coupling (1.0x alpha_t),0.9161616161616162,498342.4771171778,2,2.4663663913528713e-06,7.85068805319059e-07,4.076081191148597,4.076081191148597,False,0.016973852772966373,-4.186374001110088e-08,1.8690453645328683e+19,1.5915830286248397e+17,CONVERGED
S6,S6_alpha10,Baseline Active Coupling (1.0x alpha_t),0.9161616161616162,498342.4771171778,3,2.2214571788351996,0.7071117817571971,-1.4339035948435122e-07,1.4339035948435122e-07,True,-0.6057124540034515,-0.7956838001655411,1.8690453645328683e+19,1.5915830286248397e+17,CONVERGED
S6,S6_alpha10,Baseline Active Coupling (1.0x alpha_t),0.9161616161616162,498342.4771171778,4,2.221506299582721,0.70712741737675,3.0212910423830774e-05,3.0212910423830774e-05,True,-0.6057331497589601,0.7956298934101488,1.8690453645328683e+19,1.5915830286248397e+17,CONVERGED
S6,S6_alpha10,Baseline Active Coupling (1.0x alpha_t),0.9338383838383838,507957.6847793063,0,3.141563720063177,0.999990790172436,-0.2531153824462138,0.2531153824462138,False,-1.288031883991607,3.726730480827038e-05,1.90130563584783e+19,8.694215344410786e+16,CONVERGED
S6,S6_alpha10,Baseline Active Coupling (1.0x alpha_t),0.9338383838383838,507957.6847793063,1,3.1415816472583584,0.9999964965758937,3.9724483054311714,3.9724483054311714,False,-0.018827281724588054,-2.072193026833316e-07,1.90130563584783e+19,8.694215344410786e+16,CONVERGED
S6,S6_alpha10,Baseline Active Coupling (1.0x alpha_t),0.9338383838383838,507957.6847793063,2,0.00017025770212498111,5.4194709785316476e-05,4.095209073985818,4.095209073985818,False,0.01665226412229327,2.835176252034983e-06,1.90130563584783e+19,8.694215344410786e+16,CONVERGED
S6,S6_alpha10,Baseline Active Coupling (1.0x alpha_t),0.9338383838383838,507957.6847793063,3,2.1513475885743234,0.6847952060608654,9.274458394758315e-06,9.274458394758315e-06,True,-0.5484798765105801,-0.8361526632847494,1.90130563584783e+19,8.694215344410786e+16,CONVERGED
S6,S6_alpha10,Baseline Active Coupling (1.0x alpha_t),0.9338383838383838,507957.6847793063,4,2.1513090428850314,0.684782936586894,8.925818271004381e-06,8.925818271004381e-06,True,-0.5484478372332592,0.8361740957222712,1.90130563584783e+19,8.694215344410786e+16,CONVERGED
S6,S6_alpha10,Baseline Active Coupling (1.0x alpha_t),0.9515151515151515,517572.89244143496,0,3.141565101573372,0.9999912299207888,-0.3873133271029667,0.3873133271029667,False,-1.4730179548642441,-4.0584614891439364e-05,1.8416311032816232e+19,2.2404107408158704e+17,CONVERGED
S6,S6_alpha10,Baseline Active Coupling (1.0x alpha_t),0.9515151515151515,517572.89244143496,1,2.487766083304557e-05,7.918805388285683e-06,-4.114388321740301,4.114388321740301,False,61.21475905241712,0.0015228800139968084,1.8416311032816232e+19,2.2404107408158704e+17,CONVERGED
S6,S6_alpha10,Baseline Active Coupling (1.0x alpha_t),0.9515151515151515,517572.89244143496,2,0.0002812840357502379,8.953548940497555e-05,4.114598317970275,4.114598317970275,False,0.01633249891746133,4.5940713305519755e-06,1.8416311032816232e+19,2.2404107408158704e+17,CONVERGED
S6,S6_alpha10,Baseline Active Coupling (1.0x alpha_t),0.9515151515151515,517572.89244143496,3,2.080752000175383,0.6623239323525211,-5.847756297557858e-05,5.847756297557858e-05,True,-0.4881671065776593,0.8728171847649797,1.8416311032816232e+19,2.2404107408158704e+17,CONVERGED
S6,S6_alpha10,Baseline Active Coupling (1.0x alpha_t),0.9515151515151515,517572.89244143496,4,2.080829460535133,0.6623485887508168,5.189463254882992e-06,5.189463254882992e-06,True,-0.4882036303833653,-0.8727238030487386,1.8416311032816232e+19,2.2404107408158704e+17,CONVERGED
S6,S6_alpha10,Baseline Active Coupling (1.0x alpha_t),0.9691919191919192,527188.1001035634,0,3.1415904744516414,0.999999306358783,-0.49846302751839977,0.49846302751839977,False,-1.6461891778502973,3.5872736425408803e-06,2.2207328471582392e+19,8.781830411763053e+16,CONVERGED
S6,S6_alpha10,Baseline Active Coupling (1.0x alpha_t),0.9691919191919192,527188.1001035634,1,1.879273947210086e-05,5.981914762446055e-06,-4.1334047095939495,4.1334047095939495,False,62.38998148855724,0.0011724786679216787,2.2207328471582392e+19,8.781830411763053e+16,CONVERGED
S6,S6_alpha10,Baseline Active Coupling (1.0x alpha_t),0.9691919191919192,527188.1001035634,2,9.957262093548297e-07,3.1694949636995314e-07,4.133356859742025,4.133356859742025,False,0.01602898136783506,-1.596047685721887e-08,2.2207328471582392e+19,8.781830411763053e+16,CONVERGED
S6,S6_alpha10,Baseline Active Coupling (1.0x alpha_t),0.9691919191919192,527188.1001035634,3,2.0097332513737345,0.639717962504553,-1.6332429817834092e-06,1.6332429817834092e-06,True,-0.4249780994003469,0.9052054360869511,2.2207328471582392e+19,8.781830411763053e+16,CONVERGED
S6,S6_alpha10,Baseline Active Coupling (1.0x alpha_t),0.9691919191919192,527188.1001035634,4,2.009737619119762,0.6397193528012939,5.265605936296262e-06,5.265605936296262e-06,True,-0.42497912122687653,-0.9051973350407149,2.2207328471582392e+19,8.781830411763053e+16,CONVERGED
S6,S6_alpha10,Baseline Active Coupling (1.0x alpha_t),0.9868686868686869,536803.3077656921,0,3.1415536260880903,0.9999875771603749,-0.5924942366123139,0.5924942366123139,False,-1.8084936041438615,-7.058098725123296e-05,2.0800983260591145e+19,1.1565658623391696e+17,CONVERGED
S6,S6_alpha10,Baseline Active Coupling (1.0x alpha_t),0.9868686868686869,536803.3077656921,1,2.232973373559064e-05,7.107775003890208e-06,-4.152274957041773,4.152274957041773,False,63.57847418158647,-0.0014196904000259105,2.0800983260591145e+19,1.1565658623391696e+17,CONVERGED
S6,S6_alpha10,Baseline Active Coupling (1.0x alpha_t),0.9868686868686869,536803.3077656921,2,8.611616452652985e-06,2.741162652902431e-06,4.152246939040268,4.152246939040268,False,0.01572903456681639,1.354524128632919e-07,2.0800983260591145e+19,1.1565658623391696e+17,CONVERGED
S6,S6_alpha10,Baseline Active Coupling (1.0x alpha_t),0.9868686868686869,536803.3077656921,3,1.9381403811808788,0.6169292441418942,-8.417303427214782e-06,8.417303427214782e-06,True,-0.3591409717122013,0.9332923428305694,2.0800983260591145e+19,1.1565658623391696e+17,CONVERGED
S6,S6_alpha10,Baseline Active Coupling (1.0x alpha_t),0.9868686868686869,536803.3077656921,4,1.9381322779773127,0.6169266648120894,3.4876385439599704e-06,3.4876385439599704e-06,True,-0.35912913360562454,-0.933284142232639,2.0800983260591145e+19,1.1565658623391696e+17,CONVERGED
S6,S6_alpha10,Baseline Active Coupling (1.0x alpha_t),1.0045454545454544,546418.5154278205,0,3.1415471457600312,0.9999855144078881,-0.6732102614602149,0.6732102614602149,False,-1.9605210121134269,8.921905652595282e-05,2.13956041169379e+19,6.695921879992627e+16,CONVERGED
S6,S6_alpha10,Baseline Active Coupling (1.0x alpha_t),1.0045454545454544,546418.5154278205,1,8.215617861108605e-06,2.615112386298998e-06,-4.171011998530025,4.171011998530025,False,64.78097719767577,-0.0005322157533372685,2.13956041169379e+19,6.695921879992627e+16,CONVERGED
S6,S6_alpha10,Baseline Active Coupling (1.0x alpha_t),1.0045454545454544,546418.5154278205,2,9.962639728283085e-07,3.1712067179999003e-07,4.1710492741788245,4.1710492741788245,False,0.015436054969661099,-1.537838544887581e-08,2.13956041169379e+19,6.695921879992627e+16,CONVERGED
S6,S6_alpha10,Baseline Active Coupling (1.0x alpha_t),1.0045454545454544,546418.5154278205,3,1.8657970265050312,0.5939016391488716,-2.0445999114976507e-05,2.0445999114976507e-05,True,-0.29074646414890487,-0.9568215018587473,2.13956041169379e+19,6.695921879992627e+16,CONVERGED
S6,S6_alpha10,Baseline Active Coupling (1.0x alpha_t),1.0045454545454544,546418.5154278205,4,1.8658561603550516,0.5939204620379411,4.511215024930729e-05,4.511215024930729e-05,True,-0.29078398029521363,0.9567415829644199,2.13956041169379e+19,6.695921879992627e+16,CONVERGED
S6,S6_alpha10,Baseline Active Coupling (1.0x alpha_t),1.0222222222222221,556033.7230899491,0,3.1415885805344934,0.9999987035062311,-0.7434011240888442,0.7434011240888442,False,-2.10307618751808,-8.565945611950693e-06,2.298853528578796e+19,5.6526257265965896e+16,CONVERGED
S6,S6_alpha10,Baseline Active Coupling (1.0x alpha_t),1.0222222222222221,556033.7230899491,1,7.041782311778991e-05,2.241468926193401e-05,-4.189678939755924,4.189678939755924,False,66.0015969058295,-0.00464768878408849,2.298853528578796e+19,5.6526257265965896e+16,CONVERGED
S6,S6_alpha10,Baseline Active Coupling (1.0x alpha_t),1.0222222222222221,556033.7230899491,2,1.6615921000541337e-05,5.28901192252117e-06,4.189657208196042,4.189657208196042,False,0.015151477783263345,2.517557579113299e-07,2.298853528578796e+19,5.6526257265965896e+16,CONVERGED
S6,S6_alpha10,Baseline Active Coupling (1.0x alpha_t),1.0222222222222221,556033.7230899491,3,1.792796047539109,0.5706647058429235,2.082310808642365e-05,2.082310808642365e-05,True,-0.22017612301770031,-0.9754387881891479,2.298853528578796e+19,5.6526257265965896e+16,CONVERGED
S6,S6_alpha10,Baseline Active Coupling (1.0x alpha_t),1.0222222222222221,556033.7230899491,4,1.792808690973221,0.5706687303729967,4.307721607241362e-05,4.307721607241362e-05,True,-0.2201835558529991,0.9754142971122429,2.298853528578796e+19,5.6526257265965896e+16,CONVERGED
S6,S6_alpha10,Baseline Active Coupling (1.0x alpha_t),1.0398989898989899,565648.9307520777,0,3.141587831657759,0.999998465131363,-0.8049051905448933,0.8049051905448933,False,-2.2364844488700224,-1.0784176007967607e-05,2.5254686765932724e+19,8.496408468269074e+16,CONVERGED
S6,S6_alpha10,Baseline Active Coupling (1.0x alpha_t),1.0398989898989899,565648.9307520777,1,4.60505747481718e-05,1.4658353206788711e-05,-4.208271247244489,4.208271247244489,False,67.24019752745562,-0.003096449744508766,2.5254686765932724e+19,8.496408468269074e+16,CONVERGED
S6,S6_alpha10,Baseline Active Coupling (1.0x alpha_t),1.0398989898989899,565648.9307520777,2,3.139760841561846e-05,9.99416916121874e-06,4.20825481557514,4.20825481557514,False,0.014872300603262844,4.669546707340558e-07,2.5254686765932724e+19,8.496408468269074e+16,CONVERGED
S6,S6_alpha10,Baseline Active Coupling (1.0x alpha_t),1.0398989898989899,565648.9307520777,3,1.718823302258264,0.5471184497118753,2.3218272196725607e-07,2.3218272196725607e-07,True,-0.1474869390293121,0.989063768647112,2.5254686765932724e+19,8.496408468269074e+16,CONVERGED
S6,S6_alpha10,Baseline Active Coupling (1.0x alpha_t),1.0398989898989899,565648.9307520777,4,1.7188468977948905,0.5471259604044533,1.3333090254826029e-05,1.3333090254826029e-05,True,-0.1475083439727988,-0.989047330835806,2.5254686765932724e+19,8.496408468269074e+16,CONVERGED
S6,S6_alpha10,Baseline Active Coupling (1.0x alpha_t),1.0575757575757576,575264.1384142063,0,3.1415776271717264,0.9999952169425754,-0.8589315037417146,0.8589315037417146,False,-2.360637013591676,3.547191867346454e-05,2.5199904385977496e+19,7.507979175513718e+16,CONVERGED
S6,S6_alpha10,Baseline Active Coupling (1.0x alpha_t),1.0575757575757576,575264.1384142063,1,3.601032694573897e-05,1.1462443071539262e-05,-4.226736943363376,4.226736943363376,False,68.49336934604477,0.0024664686248324534,2.5199904385977496e+19,7.507979175513718e+16,CONVERGED
S6,S6_alpha10,Baseline Active Coupling (1.0x alpha_t),1.0575757575757576,575264.1384142063,2,1.2498868443924075e-05,3.978513391811645e-06,4.226703217379178,4.226703217379178,False,0.014600445785839652,-1.8248905110935837e-07,2.5199904385977496e+19,7.507979175513718e+16,CONVERGED
S6,S6_alpha10,Baseline Active Coupling (1.0x alpha_t),1.0575757575757576,575264.1384142063,3,1.6437781078656426,0.5232308224261195,3.170614862754127e-06,3.170614862754127e-06,True,-0.07291677949677221,-0.9973348495155472,2.5199904385977496e+19,7.507979175513718e+16,CONVERGED
S6,S6_alpha10,Baseline Active Coupling (1.0x alpha_t),1.0575757575757576,575264.1384142063,4,1.6437918631940254,0.5232352008831315,1.464535797896372e-05,1.464535797896372e-05,True,-0.07292966130430581,0.9973224023429185,2.5199904385977496e+19,7.507979175513718e+16,CONVERGED
S6,S6_alpha10,Baseline Active Coupling (1.0x alpha_t),1.0752525252525253,584879.3460763348,0,3.1415722563907185,0.9999935073698841,-0.9067956381952212,0.9067956381952212,False,-2.4763746054512,5.051110581860929e-05,3.3379192566563557e+19,1.5968547288007725e+17,CONVERGED
S6,S6_alpha10,Baseline Active Coupling (1.0x alpha_t),1.0752525252525253,584879.3460763348,1,6.929330523954763e-05,2.2056744104099074e-05,-4.24513261728755,4.24513261728755,False,69.76501140955033,0.004834248238379808,3.3379192566563557e+19,1.5968547288007725e+17,CONVERGED
S6,S6_alpha10,Baseline Active Coupling (1.0x alpha_t),1.0752525252525253,584879.3460763348,2,7.034691003668811e-06,2.239211692715955e-06,4.245099562192983,4.245099562192983,False,0.014334306452623768,1.0083741664776758e-07,3.3379192566563557e+19,1.5968547288007725e+17,CONVERGED
S6,S6_alpha10,Baseline Active Coupling (1.0x alpha_t),1.0752525252525253,584879.3460763348,3,1.5675396104148092,0.4989633549797215,-8.75479688597567e-06,8.75479688597567e-06,True,0.0032567391351569887,1.0000034516926786,3.3379192566563557e+19,1.5968547288007725e+17,CONVERGED
S6,S6_alpha10,Baseline Active Coupling (1.0x alpha_t),1.0752525252525253,584879.3460763348,4,1.5675423681809741,0.4989642328039556,-4.208640383717579e-06,4.208640383717579e-06,True,0.0032539665663858333,-0.9999989145082997,3.3379192566563557e+19,1.5968547288007725e+17,CONVERGED
S6,S6_alpha10,Baseline Active Coupling (1.0x alpha_t),1.0929292929292929,594494.5537384634,0,3.1415822427587603,0.9999966861295588,-0.9492833115054427,0.9492833115054427,False,-2.5838571747191637,-2.6900100460474232e-05,3.1037238537840734e+19,8.115056597364018e+16,CONVERGED
S6,S6_alpha10,Baseline Active Coupling (1.0x alpha_t),1.0929292929292929,594494.5537384634,1,8.31213657300162e-05,2.6458352464962696e-05,-4.263290525362994,4.263290525362994,False,71.04336902575272,-0.005905221873082141,3.1037238537840734e+19,8.115056597364018e+16,CONVERGED
S6,S6_alpha10,Baseline Active Coupling (1.0x alpha_t),1.0929292929292929,594494.5537384634,2,5.52275500002419e-07,1.7579475154786606e-07,4.263352443348781,4.263352443348781,False,0.0140750374621747,-7.773298351976101e-09,3.1037238537840734e+19,8.115056597364018e+16,CONVERGED
S6,S6_alpha10,Baseline Active Coupling (1.0x alpha_t),1.0929292929292929,594494.5537384634,3,1.4897869660734588,0.4742139196089375,-4.073647611744886e-05,4.073647611744886e-05,True,0.08092408207362244,0.9967611394972156,3.1037238537840734e+19,8.115056597364018e+16,CONVERGED
S6,S6_alpha10,Baseline Active Coupling (1.0x alpha_t),1.0929292929292929,594494.5537384634,4,1.4898179324282905,0.47422377650581954,-5.068075222779475e-06,5.068075222779475e-06,True,0.08089033069549942,-0.9967280926119165,3.1037238537840734e+19,8.115056597364018e+16,CONVERGED
S6,S6_alpha10,Baseline Active Coupling (1.0x alpha_t),1.1106060606060606,604109.761400592,0,3.141572298046711,0.9999935206293983,-0.9868909790696636,0.9868909790696636,False,-2.6828803607727143,-5.4611486776339603e-05,3.208804766692749e+19,7.68047406720108e+16,CONVERGED
S6,S6_alpha10,Baseline Active Coupling (1.0x alpha_t),1.1106060606060606,604109.761400592,1,2.4408953684539123e-05,7.769611269191066e-06,-4.281516271589747,4.281516271589747,False,72.35005919783282,-0.0017659892443842888,3.208804766692749e+19,7.68047406720108e+16,CONVERGED
S6,S6_alpha10,Baseline Active Coupling (1.0x alpha_t),1.1106060606060606,604109.761400592,2,0.00012315261796336368,3.9200695807154154e-05,4.281765593300802,4.281765593300802,False,0.013818243033555786,1.7017528138396568e-06,3.208804766692749e+19,7.68047406720108e+16,CONVERGED
S6,S6_alpha10,Baseline Active Coupling (1.0x alpha_t),1.1106060606060606,604109.761400592,3,1.4102102695405807,0.448883870392675,-0.0001333587138800215,0.0001333587138800215,True,0.15991807597921176,-0.9872653959169858,3.208804766692749e+19,7.68047406720108e+16,CONVERGED
S6,S6_alpha10,Baseline Active Coupling (1.0x alpha_t),1.1106060606060606,604109.761400592,4,1.4103134845013152,0.4489167247350789,5.294515941490342e-05,5.294515941490342e-05,True,0.1597864029695195,0.987097979287474,3.208804766692749e+19,7.68047406720108e+16,CONVERGED
S6,S6_alpha10,Baseline Active Coupling (1.0x alpha_t),1.1282828282828283,613724.9690627207,0,3.1415621848825954,0.9999903015092797,-1.0203963690213365,1.0203963690213365,False,-2.774294189046002,-8.45291573522231e-05,3.072428964893023e+19,9.052157774959301e+16,CONVERGED
S6,S6_alpha10,Baseline Active Coupling (1.0x alpha_t),1.1282828282828283,613724.9690627207,1,1.3149536946535908e-05,4.185627608821395e-06,-4.299639295939515,4.299639295939515,False,73.67321467225058,0.0009687686583586671,3.072428964893023e+19,9.052157774959301e+16,CONVERGED
S6,S6_alpha10,Baseline Active Coupling (1.0x alpha_t),1.1282828282828283,613724.9690627207,2,2.5293036893013902e-06,8.051023694657674e-07,4.2996235778283,4.2996235778283,False,0.013573667480017681,3.4331927234632235e-08,3.072428964893023e+19,9.052157774959301e+16,CONVERGED
S6,S6_alpha10,Baseline Active Coupling (1.0x alpha_t),1.1282828282828283,613724.9690627207,3,1.3286546979671008,0.4229239256874666,-1.6369024260493617e-05,1.6369024260493617e-05,True,0.2397862501600937,0.9708425685035539,3.072428964893023e+19,9.052157774959301e+16,CONVERGED
S6,S6_alpha10,Baseline Active Coupling (1.0x alpha_t),1.1282828282828283,613724.9690627207,4,1.3286625924158484,0.42292643856854895,1.4766246488349658e-05,1.4766246488349658e-05,True,0.23977112043075144,-0.9708142344189671,3.072428964893023e+19,9.052157774959301e+16,CONVERGED
S6,S6_alpha10,Baseline Active Coupling (1.0x alpha_t),1.145959595959596,623340.1767248492,0,3.1415832240943127,0.9999969984983669,-1.0501829321608611,1.0501829321608611,False,-2.8581739220474955,-2.6951138081070984e-05,2.742513310278925e+19,8.031458275147688e+16,CONVERGED
S6,S6_alpha10,Baseline Active Coupling (1.0x alpha_t),1.145959595959596,623340.1767248492,1,0.00010850378604641788,3.453782778694565e-05,-4.3175590043198,4.3175590043198,False,75.00531655570107,0.00813836085184147,2.742513310278925e+19,8.031458275147688e+16,CONVERGED
S6,S6_alpha10,Baseline Active Coupling (1.0x alpha_t),1.145959595959596,623340.1767248492,2,1.2659492457494758e-05,4.029641603289713e-06,4.317603791487362,4.317603791487362,False,0.013331791048790167,1.6877370823607128e-07,2.742513310278925e+19,8.031458275147688e+16,CONVERGED
S6,S6_alpha10,Baseline Active Coupling (1.0x alpha_t),1.145959595959596,623340.1767248492,3,1.2444934968871628,0.39613458335062046,-1.8997931386861472e-06,1.8997931386861472e-06,True,0.32054375119056844,-0.9472357167918526,2.742513310278925e+19,8.031458275147688e+16,CONVERGED
S6,S6_alpha10,Baseline Active Coupling (1.0x alpha_t),1.145959595959596,623340.1767248492,4,1.244494330598509,0.3961348487291842,5.589205621180958e-06,5.589205621180958e-06,True,0.3205405609324403,0.9472288902099388,2.742513310278925e+19,8.031458275147688e+16,CONVERGED
S6,S6_alpha10,Baseline Active Coupling (1.0x alpha_t),1.1636363636363636,632955.3843869776,0,3.141544318110034,0.9999846143389393,-1.0765492843454558,1.0765492843454558,False,-2.934535807460048,-0.0001418421962351135,3.234975574984796e+19,7.619457055212704e+16,CONVERGED
S6,S6_alpha10,Baseline Active Coupling (1.0x alpha_t),1.1636363636363636,632955.3843869776,1,3.394657588908483e-05,1.0805530707584004e-05,-4.3355035845878245,4.3355035845878245,False,76.36340459826323,-0.0025922761103395857,3.234975574984796e+19,7.619457055212704e+16,CONVERGED
S6,S6_alpha10,Baseline Active Coupling (1.0x alpha_t),1.1636363636363636,632955.3843869776,2,0.0003897472080172146,0.00012406038942440977,4.3352461984920225,4.3352461984920225,False,0.013098647813534856,-5.105161672622269e-06,3.234975574984796e+19,7.619457055212704e+16,CONVERGED
S6,S6_alpha10,Baseline Active Coupling (1.0x alpha_t),1.1636363636363636,632955.3843869776,3,1.157211388433836,0.36835182534296074,1.3107394257962682e-05,1.3107394257962682e-05,True,0.4018893133877136,0.9156739405158589,3.234975574984796e+19,7.619457055212704e+16,CONVERGED
S6,S6_alpha10,Baseline Active Coupling (1.0x alpha_t),1.1636363636363636,632955.3843869776,4,1.1571469019370382,0.3683312986535046,2.53047540914949e-05,2.53047540914949e-05,True,0.40194345847777996,-0.9156368537577426,3.234975574984796e+19,7.619457055212704e+16,CONVERGED
S6,S6_alpha10,Baseline Active Coupling (1.0x alpha_t),1.1813131313131313,642570.5920491063,0,3.1415823838843946,0.9999967310512434,-1.0998657424670353,1.0998657424670353,False,-3.0037627189430056,-3.084775821272166e-05,3.7217108900763574e+19,1.0163197891624686e+17,CONVERGED
S6,S6_alpha10,Baseline Active Coupling (1.0x alpha_t),1.1813131313131313,642570.5920491063,1,0.00017976886644365588,5.722220741706917e-05,-4.353473013789379,4.353473013789379,False,77.74801324632718,0.013976672360099232,3.7217108900763574e+19,1.0163197891624686e+17,CONVERGED
S6,S6_alpha10,Baseline Active Coupling (1.0x alpha_t),1.1813131313131313,642570.5920491063,2,3.572823550280036e-05,1.1372650576444053e-05,4.3533214825207445,4.3533214825207445,False,0.012864013936691857,4.5960851963699704e-07,3.7217108900763574e+19,1.0163197891624686e+17,CONVERGED
S6,S6_alpha10,Baseline Active Coupling (1.0x alpha_t),1.1813131313131313,642570.5920491063,3,1.0659422870450486,0.33929996806779894,-1.5829508555643273e-05,1.5829508555643273e-05,True,0.4836873509580486,-0.8752589365676016,3.7217108900763574e+19,1.0163197891624686e+17,CONVERGED
S6,S6_alpha10,Baseline Active Coupling (1.0x alpha_t),1.1813131313131313,642570.5920491063,4,1.0659430506022078,0.3393002111155914,-5.576559826570793e-06,5.576559826570793e-06,True,0.4836817234583455,0.8752503319475029,3.7217108900763574e+19,1.0163197891624686e+17,CONVERGED
S6,S6_alpha10,Baseline Active Coupling (1.0x alpha_t),1.198989898989899,652185.7997112349,0,3.141591241084408,0.9999995503855716,-1.120279620811816,1.120279620811816,False,-3.065711320138636,4.330333748699043e-06,4.229903015686477e+19,1.725182357433054e+17,CONVERGED
S6,S6_alpha10,Baseline Active Coupling (1.0x alpha_t),1.198989898989899,652185.7997112349,1,3.915197432230229e-05,1.2462460490402736e-05,-4.37104856245885,4.37104856245885,False,79.1265572924958,-0.0030979609409109076,4.229903015686477e+19,1.725182357433054e+17,CONVERGED
S6,S6_alpha10,Baseline Active Coupling (1.0x alpha_t),1.198989898989899,652185.7997112349,2,0.00014748745487003947,4.694671497321923e-05,4.3709598430814225,4.3709598430814225,False,0.012639103050730204,-1.8641091543087245e-06,4.229903015686477e+19,1.725182357433054e+17,CONVERGED
S6,S6_alpha10,Baseline Active Coupling (1.0x alpha_t),1.198989898989899,652185.7997112349,3,0.9696166395206015,0.3086385621677123,-9.631086377826791e-05,9.631086377826791e-05,True,0.5656701957571624,0.8247483676324351,4.229903015686477e+19,1.725182357433054e+17,CONVERGED
S6,S6_alpha10,Baseline Active Coupling (1.0x alpha_t),1.198989898989899,652185.7997112349,4,0.9696192041923801,0.3086393785280942,0.0001038640431651732,0.0001038640431651732,True,0.5655548593234567,-0.8245847406927197,4.229903015686477e+19,1.725182357433054e+17,CONVERGED
S6,S6_alpha10,Baseline Active Coupling (1.0x alpha_t),1.2166666666666666,661801.0073733634,0,3.1415753770725994,0.9999945007137784,-1.1381632925707774,1.1381632925707774,False,-3.121030676874532,-5.3920540156924735e-05,4.078167439017073e+19,6.472057132900918e+16,CONVERGED
S6,S6_alpha10,Baseline Active Coupling (1.0x alpha_t),1.2166666666666666,661801.0073733634,1,3.5966400342724637e-05,1.144846079953333e-05,-4.388703328547802,4.388703328547802,False,80.5359225625703,0.0028965872341050643,4.078167439017073e+19,6.472057132900918e+16,CONVERGED
S6,S6_alpha10,Baseline Active Coupling (1.0x alpha_t),1.2166666666666666,661801.0073733634,2,0.00047862488857106566,0.0001523510338057854,4.389319902232138,4.389319902232138,False,0.012409164375872533,-5.939335370193216e-06,4.078167439017073e+19,6.472057132900918e+16,CONVERGED
S6,S6_alpha10,Baseline Active Coupling (1.0x alpha_t),1.2166666666666666,661801.0073733634,3,0.8664352284508042,0.27579489895380216,-8.775497035148479e-05,8.775497035148479e-05,True,0.6476039303951532,-0.7620923006304573,4.078167439017073e+19,6.472057132900918e+16,CONVERGED
S6,S6_alpha10,Baseline Active Coupling (1.0x alpha_t),1.2166666666666666,661801.0073733634,4,0.8664956935351247,0.2758141455879103,1.571667629171098e-05,1.571667629171098e-05,True,0.6474908488255591,0.7620526017464911,4.078167439017073e+19,6.472057132900918e+16,CONVERGED
S6,S6_alpha10,Baseline Active Coupling (1.0x alpha_t),1.2343434343434343,671416.215035492,0,3.141591816772768,0.999999733632868,-1.1536579890043384,1.1536579890043384,False,-3.169766700119324,2.6525147405327046e-06,4.063254216711343e+19,1.0114871137730519e+18,CONVERGED
S6,S6_alpha10,Baseline Active Coupling (1.0x alpha_t),1.2343434343434343,671416.215035492,1,3.197520008457375e-05,1.0178022299624605e-05,4.367650208813084,4.367650208813084,False,0.012681003289516284,-4.0547761759360973e-07,4.063254216711343e+19,1.0114871137730519e+18,CONVERGED
S6,S6_alpha10,Baseline Active Coupling (1.0x alpha_t),1.2343434343434343,671416.215035492,2,0.0013875283098822822,0.00044166397839541673,4.404964548313775,4.404964548313775,False,0.012216527744240032,1.6950788971679776e-05,4.063254216711343e+19,1.0114871137730519e+18,CONVERGED
S6,S6_alpha10,Baseline Active Coupling (1.0x alpha_t),1.2343434343434343,671416.215035492,3,0.7532492336439895,0.23976667782924588,-3.40265970579537e-05,3.40265970579537e-05,True,0.729495028583663,0.6840358607423355,4.063254216711343e+19,1.0114871137730519e+18,CONVERGED
S6,S6_alpha10,Baseline Active Coupling (1.0x alpha_t),1.2343434343434343,671416.215035492,4,0.7533643886138771,0.23980333279460428,0.0002136220524303789,0.0002136220524303789,True,0.7292356370336223,-0.6839504608018568,4.063254216711343e+19,1.0114871137730519e+18,CONVERGED
S6,S6_alpha10,Baseline Active Coupling (1.0x alpha_t),1.252020202020202,681031.4226976206,0,3.1415895566475642,0.9999990142126716,-1.1669019848051805,1.1669019848051805,False,-3.212026302263064,-9.947459896558703e-06,5.523055378209915e+19,6.689676395465832e+16,CONVERGED
S6,S6_alpha10,Baseline Active Coupling (1.0x alpha_t),1.252020202020202,681031.4226976206,1,1.089554941485049e-06,3.468161094150927e-07,4.326224164806383,4.326224164806383,False,0.013217359961959729,-1.440103985994556e-08,5.523055378209915e+19,6.689676395465832e+16,CONVERGED
S6,S6_alpha10,Baseline Active Coupling (1.0x alpha_t),1.252020202020202,681031.4226976206,2,0.00023921234727357577,7.614365503440932e-05,-4.423483681889933,4.423483681889933,False,83.38626881291691,-0.019947025473596423,5.523055378209915e+19,6.689676395465832e+16,CONVERGED
S6,S6_alpha10,Baseline Active Coupling (1.0x alpha_t),1.252020202020202,681031.4226976206,3,0.6256546824833381,0.19915207077162705,-0.0001439383236574493,0.0001439383236574493,True,0.8106965747120944,0.5857123712521795,5.523055378209915e+19,6.689676395465832e+16,CONVERGED
S6,S6_alpha10,Baseline Active Coupling (1.0x alpha_t),1.252020202020202,681031.4226976206,4,0.6257887305765576,0.1991947396049229,0.0001620640059440414,0.0001620640059440414,True,0.8103700407374714,-0.585641803141707,5.523055378209915e+19,6.689676395465832e+16,CONVERGED
S6,S6_alpha10,Baseline Active Coupling (1.0x alpha_t),1.2696969696969698,690646.6303597492,0,3.1415499919620524,0.9999864203821295,-1.1778216439240612,1.1778216439240612,False,-3.247292729898278,-0.00013853479369172158,3.791098545808479e+19,6.73711003688014e+16,CONVERGED
S6,S6_alpha10,Baseline Active Coupling (1.0x alpha_t),1.2696969696969698,690646.6303597492,1,3.442974096438813e-05,1.0959326927711781e-05,4.440911111004269,4.440911111004269,False,0.011785195997930287,-4.0576124558361424e-07,3.791098545808479e+19,6.73711003688014e+16,CONVERGED
S6,S6_alpha10,Baseline Active Coupling (1.0x alpha_t),1.2696969696969698,690646.6303597492,2,0.0001238460001799041,3.9421406221583e-05,4.287456249480949,4.287456249480949,False,0.013739831480456507,-1.7016231807002055e-06,3.791098545808479e+19,6.73711003688014e+16,CONVERGED
S6,S6_alpha10,Baseline Active Coupling (1.0x alpha_t),1.2696969696969698,690646.6303597492,3,0.47068916532382277,0.14982501464216946,-0.00018960528225158137,0.00018960528225158137,True,0.8914249658316906,0.4535866099940427,3.791098545808479e+19,6.73711003688014e+16,CONVERGED
S6,S6_alpha10,Baseline Active Coupling (1.0x alpha_t),1.2696969696969698,690646.6303597492,4,0.4707811761042025,0.14985430258319982,0.00013099167175876865,0.00013099167175876865,True,0.8910974982572649,-0.45352320731222306,3.791098545808479e+19,6.73711003688014e+16,CONVERGED
S6,S6_alpha10,Baseline Active Coupling (1.0x alpha_t),1.2873737373737373,700261.8380218776,0,3.141590723021858,0.9999993854811402,-1.1870490437326937,1.1870490437326937,False,-3.2773954726055314,-6.327234611649139e-06,3.6248910709325324e+19,7.008179853749939e+16,CONVERGED
S6,S6_alpha10,Baseline Active Coupling (1.0x alpha_t),1.2873737373737373,700261.8380218776,1,6.99144506317689e-05,2.225446082320061e-05,-4.45820308631943,4.45820308631943,False,86.33223784314795,0.006035870990449405,3.6248910709325324e+19,7.008179853749939e+16,CONVERGED
S6,S6_alpha10,Baseline Active Coupling (1.0x alpha_t),1.2873737373737373,700261.8380218776,2,1.58348320235791e-05,5.040383579164907e-06,4.252365516423225,4.252365516423225,False,0.01423053150514711,2.2533807600908862e-07,3.6248910709325324e+19,7.008179853749939e+16,CONVERGED
S6,S6_alpha10,Baseline Active Coupling (1.0x alpha_t),1.2873737373737373,700261.8380218776,3,0.2405697000494016,0.07657571384199369,-0.0001936374020649073,0.0001936374020649073,True,0.9713904773517564,-0.23830209884729336,3.6248910709325324e+19,7.008179853749939e+16,CONVERGED
S6,S6_alpha10,Baseline Active Coupling (1.0x alpha_t),1.2873737373737373,700261.8380218776,4,0.2406647407248988,0.07660596622859403,0.0002887079339388525,0.0002887079339388525,True,0.9708994028120707,0.23827945866932757,3.6248910709325324e+19,7.008179853749939e+16,CONVERGED
S6,S6_alpha10,Baseline Active Coupling (1.0x alpha_t),1.305050505050505,709877.0456840061,0,3.1415189767046487,0.9999765479190753,-1.194143827000324,1.194143827000324,False,-3.300730555038687,-0.0002431875464364308,5.235643977094359e+19,2.0915398324801504e+17,CONVERGED
S6,S6_alpha10,Baseline Active Coupling (1.0x alpha_t),1.305050505050505,709877.0456840061,1,0.0005902433727154718,0.00018788030078979858,-4.475289580212104,4.475289580212104,False,87.8200123725131,0.05183518631423922,5.235643977094359e+19,2.0915398324801504e+17,CONVERGED
S6,S6_alpha10,Baseline Active Coupling (1.0x alpha_t),1.305050505050505,709877.0456840061,2,0.00022588539709568925,7.190155504010921e-05,4.218721292644954,4.218721292644954,False,0.014717451416211542,-3.324457413930066e-06,5.235643977094359e+19,2.0915398324801504e+17,CONVERGED
S6,S6_alpha10,Baseline Active Coupling (1.0x alpha_t),1.305050505050505,709877.0456840061,3,4.0637147328921236e-05,1.2935205741102852e-05,-0.3149264235994646,0.3149264235994646,False,1.370158494786621,-5.567933264726608e-05,5.235643977094359e+19,2.0915398324801504e+17,CONVERGED
S6,S6_alpha10,Baseline Active Coupling (1.0x alpha_t),1.305050505050505,709877.0456840061,4,6.05922234005922e-05,1.9287103734265322e-05,0.31491464251883544,0.31491464251883544,False,0.729851168528012,4.422330510675331e-05,5.235643977094359e+19,2.0915398324801504e+17,CONVERGED
S6,S6_alpha10,Baseline Active Coupling (1.0x alpha_t),1.3227272727272728,719492.2533461349,0,3.141535798878762,0.9999819025834027,-1.1996976835860218,1.1996976835860218,False,-3.31911334323614,0.0001887072302128462,5.270583388213768e+19,1.1600842015251264e+17,CONVERGED
S6,S6_alpha10,Baseline Active Coupling (1.0x alpha_t),1.3227272727272728,719492.2533461349,1,0.00020050215888528478,6.382181937437931e-05,4.1876791616444935,4.1876791616444935,False,0.015181477469488948,3.0439190484904916e-06,5.270583388213768e+19,1.1600842015251264e+17,CONVERGED
S6,S6_alpha10,Baseline Active Coupling (1.0x alpha_t),1.3227272727272728,719492.2533461349,2,0.00014991597094696883,4.771973564926212e-05,4.4923229439719545,4.4923229439719545,False,0.01119460900714652,-1.6782506912508353e-06,5.270583388213768e+19,1.1600842015251264e+17,CONVERGED
S6,S6_alpha10,Baseline Active Coupling (1.0x alpha_t),1.3227272727272728,719492.2533461349,3,9.909917425339904e-05,3.154424687750709e-05,-0.5002496486025431,0.5002496486025431,False,1.649132914945644,-0.00016342771064020286,5.270583388213768e+19,1.1600842015251264e+17,CONVERGED
S6,S6_alpha10,Baseline Active Coupling (1.0x alpha_t),1.3227272727272728,719492.2533461349,4,0.00018919440214737278,6.022244861414055e-05,0.5003753302221877,0.5003753302221877,False,0.6063030422906803,0.00011470914297497152,5.270583388213768e+19,1.1600842015251264e+17,CONVERGED
S6,S6_alpha10,Baseline Active Coupling (1.0x alpha_t),1.3404040404040405,729107.4610082634,0,3.141581673516661,0.999996504934171,-1.2032100538336863,1.2032100538336863,False,-3.330791800892421,3.6572337563489885e-05,3.895619480219959e+19,1.2136352618578875e+17,CONVERGED
S6,S6_alpha10,Baseline Active Coupling (1.0x alpha_t),1.3404040404040405,729107.4610082634,1,3.1829858321495716e-05,1.0131758579561484e-05,4.157039537223681,4.157039537223681,False,0.015653831968818917,4.982592539242752e-07,3.895619480219959e+19,1.2136352618578875e+17,CONVERGED
S6,S6_alpha10,Baseline Active Coupling (1.0x alpha_t),1.3404040404040405,729107.4610082634,2,3.228728469354722e-05,1.0277361915986661e-05,-4.509306878465467,4.509306878465467,False,90.85882042797179,0.002933584603097199,3.895619480219959e+19,1.2136352618578875e+17,CONVERGED
S6,S6_alpha10,Baseline Active Coupling (1.0x alpha_t),1.3404040404040405,729107.4610082634,3,4.399199527693589e-06,1.4003087009599322e-06,-0.6282801319497815,0.6282801319497815,False,1.874384112144328,-8.24578970091489e-06,3.895619480219959e+19,1.2136352618578875e+17,CONVERGED
S6,S6_alpha10,Baseline Active Coupling (1.0x alpha_t),1.3404040404040405,729107.4610082634,4,6.833872867413943e-06,2.1752892946210277e-06,0.6281573991569575,0.6281573991569575,False,0.5335740597734858,3.6463772898986944e-06,3.895619480219959e+19,1.2136352618578875e+17,CONVERGED
S6,S6_alpha10,Baseline Active Coupling (1.0x alpha_t),1.358080808080808,738722.6686703919,0,3.14158134016012,0.9999963988234885,-1.2052131846523042,1.2052131846523042,False,-3.337470499507103,-3.7758237783531526e-05,3.5437979118983737e+19,7.350999930766005e+16,CONVERGED
S6,S6_alpha10,Baseline Active Coupling (1.0x alpha_t),1.358080808080808,738722.6686703919,1,0.0003989134714068434,0.00012697810168069317,4.5258076952715145,4.5258076952715145,False,0.010825965960617965,-4.318623891759462e-06,3.5437979118983737e+19,7.350999930766005e+16,CONVERGED
S6,S6_alpha10,Baseline Active Coupling (1.0x alpha_t),1.358080808080808,738722.6686703919,2,5.267523262599007e-05,1.67670473018836e-05,4.128084631573331,4.128084631573331,False,0.016113712958499962,-8.487935793424598e-07,3.5437979118983737e+19,7.350999930766005e+16,CONVERGED
S6,S6_alpha10,Baseline Active Coupling (1.0x alpha_t),1.358080808080808,738722.6686703919,3,3.764416035360096e-05,1.1982508397639088e-05,-0.7304060105025342,0.7304060105025342,False,2.075923281779557,7.81463889379965e-05,3.5437979118983737e+19,7.350999930766005e+16,CONVERGED
S6,S6_alpha10,Baseline Active Coupling (1.0x alpha_t),1.358080808080808,738722.6686703919,4,8.3670544877018e-05,2.6633161616739354e-05,0.7304523186432408,0.7304523186432408,False,0.4816910612735051,-4.030335365319461e-05,3.5437979118983737e+19,7.350999930766005e+16,CONVERGED
S6,S6_alpha10,Baseline Active Coupling (1.0x alpha_t),1.3757575757575757,748337.8763325205,0,3.141586232080342,0.9999979559700575,-1.205627782567751,1.205627782567751,False,-3.3388544948448358,-2.1440485696181812e-05,6.302037353307515e+19,9.062979629617371e+16,CONVERGED
S6,S6_alpha10,Baseline Active Coupling (1.0x alpha_t),1.3757575757575757,748337.8763325205,1,0.00012598054401766412,4.01008526276347e-05,-4.54292706572973,4.54292706572973,False,93.96544025389431,-0.011837817344671306,6.302037353307515e+19,9.062979629617371e+16,CONVERGED
S6,S6_alpha10,Baseline Active Coupling (1.0x alpha_t),1.3757575757575757,748337.8763325205,2,1.3970591200735613e-05,4.44697729502642e-06,4.100085592890423,4.100085592890423,False,0.016571256957659566,-2.3151025665286937e-07,6.302037353307515e+19,9.062979629617371e+16,CONVERGED
S6,S6_alpha10,Baseline Active Coupling (1.0x alpha_t),1.3757575757575757,748337.8763325205,3,7.84808721409797e-06,2.4981237478799877e-06,-0.8160434869486706,0.8160434869486706,False,2.2615343230055087,-1.774871860498764e-05,6.302037353307515e+19,9.062979629617371e+16,CONVERGED
S6,S6_alpha10,Baseline Active Coupling (1.0x alpha_t),1.3757575757575757,748337.8763325205,4,1.4697182883596321e-06,4.6782586108999015e-07,0.8160604164252988,0.8160604164252988,False,0.44217019412990927,6.498656208807245e-07,6.302037353307515e+19,9.062979629617371e+16,CONVERGED
S6,S6_alpha10,Baseline Active Coupling (1.0x alpha_t),1.3934343434343435,757953.0839946492,0,3.141541857608536,0.9999838311369874,-1.2041165689353353,1.2041165689353353,False,-3.333812578845749,-0.00016934428141589637,4.603647190512265e+19,8.256864529783717e+16,CONVERGED
S6,S6_alpha10,Baseline Active Coupling (1.0x alpha_t),1.3934343434343435,757953.0839946492,1,0.00014692830917576656,4.676873337091506e-05,4.071701983354685,4.071701983354685,False,0.01704834761289762,-2.504884907028855e-06,4.603647190512265e+19,8.256864529783717e+16,CONVERGED
S6,S6_alpha10,Baseline Active Coupling (1.0x alpha_t),1.3934343434343435,757953.0839946492,2,2.4528858082140586e-05,7.807778024344525e-06,4.559827815246383,4.559827815246383,False,0.010463860502416752,2.566665493065726e-07,4.603647190512265e+19,8.256864529783717e+16,CONVERGED
S6,S6_alpha10,Baseline Active Coupling (1.0x alpha_t),1.3934343434343435,757953.0839946492,3,9.995847005195353e-06,3.181776922534318e-06,-0.8901494351181255,0.8901494351181255,False,2.43549357224591,2.434482113111763e-05,4.603647190512265e+19,8.256864529783717e+16,CONVERGED
S6,S6_alpha10,Baseline Active Coupling (1.0x alpha_t),1.3934343434343435,757953.0839946492,4,2.6990399891143725e-05,8.591311117404955e-06,0.8901451225984363,0.8901451225984363,False,0.41059616149700007,-1.1082154595263711e-05,4.603647190512265e+19,8.256864529783717e+16,CONVERGED
S6,S6_alpha10,Baseline Active Coupling (1.0x alpha_t),1.4111111111111112,767568.2916567777,0,3.1412234914031543,0.9998824920263877,-1.2014261020216346,1.2014261020216346,False,-3.324854899412874,-0.0012274107606822006,4.051169898464479e+19,1.2310352047697899e+17,CONVERGED
S6,S6_alpha10,Baseline Active Coupling (1.0x alpha_t),1.4111111111111112,767568.2916567777,1,0.0010885106764834712,0.0003464837095412947,4.044889327970187,4.044889327970187,False,0.017511632223204013,-1.9061606166026403e-05,4.051169898464479e+19,1.2310352047697899e+17,CONVERGED
S6,S6_alpha10,Baseline Active Coupling (1.0x alpha_t),1.4111111111111112,767568.2916567777,2,0.0016746925311853687,0.0005330711889944591,-4.575827108520599,4.575827108520599,False,97.10818887811284,0.162626510664979,4.051169898464479e+19,1.2310352047697899e+17,CONVERGED
S6,S6_alpha10,Baseline Active Coupling (1.0x alpha_t),1.4111111111111112,767568.2916567777,3,7.782991118433253e-06,2.4774030170779427e-06,-0.9554123868893196,0.9554123868893196,False,2.5997424615180047,2.0233772488616986e-05,4.051169898464479e+19,1.2310352047697899e+17,CONVERGED
S6,S6_alpha10,Baseline Active Coupling (1.0x alpha_t),1.4111111111111112,767568.2916567777,4,2.0510389730262014e-05,6.528659820624891e-06,0.9553852948846849,0.9553852948846849,False,0.3846639068806349,-7.88960664639336e-06,4.051169898464479e+19,1.2310352047697899e+17,CONVERGED
S6,S6_alpha10,Baseline Active Coupling (1.0x alpha_t),1.4287878787878787,777183.4993189061,0,3.1415303139672157,0.9999801566818326,-1.1970535601237127,1.1970535601237127,False,-3.3103487890757037,0.0002063658943785429,6.714800065357509e+19,9.573670619115418e+16,CONVERGED
S6,S6_alpha10,Baseline Active Coupling (1.0x alpha_t),1.4287878787878787,777183.4993189061,1,0.0001876269997582028,5.972352893803965e-05,4.0179091761976355,4.0179091761976355,False,0.017990540377705536,3.37551115470807e-06,6.714800065357509e+19,9.573670619115418e+16,CONVERGED
S6,S6_alpha10,Baseline Active Coupling (1.0x alpha_t),1.4287878787878787,777183.4993189061,2,0.00021836048656348874,6.950630162506125e-05,4.592265657075206,4.592265657075206,False,0.010129881275127355,-2.2119658392236536e-06,6.714800065357509e+19,9.573670619115418e+16,CONVERGED
S6,S6_alpha10,Baseline Active Coupling (1.0x alpha_t),1.4287878787878787,777183.4993189061,3,8.107136014212999e-06,2.58058154196065e-06,-1.013613457941233,1.013613457941233,False,2.7555400750908836,-2.2339538181865918e-05,6.714800065357509e+19,9.573670619115418e+16,CONVERGED
S6,S6_alpha10,Baseline Active Coupling (1.0x alpha_t),1.4287878787878787,777183.4993189061,4,2.728386571138126e-05,8.684724189243599e-06,1.013639301906147,1.013639301906147,False,0.362895885639043,9.90120261344527e-06,6.714800065357509e+19,9.573670619115418e+16,CONVERGED
S6,S6_alpha10,Baseline Active Coupling (1.0x alpha_t),1.4464646464646465,786798.7069810347,0,3.141500826626644,0.9999707705698114,-1.1911863049519982,1.1911863049519982,False,-3.290982988123506,-0.00030220097442444627,3.882804414390205e+19,9.024345287383826e+16,CONVERGED
S6,S6_alpha10,Baseline Active Coupling (1.0x alpha_t),1.4464646464646465,786798.7069810347,1,0.00026988148178475724,8.590594375001886e-05,3.9911063666949294,3.9911063666949294,False,0.01847925729736147,-4.987209462776523e-06,3.882804414390205e+19,9.024345287383826e+16,CONVERGED
S6,S6_alpha10,Baseline Active Coupling (1.0x alpha_t),1.4464646464646465,786798.7069810347,2,0.0002504555759428029,7.972248587244934e-05,-4.608470114849745,4.608470114849745,False,100.33053481532892,0.025128342407239494,3.882804414390205e+19,9.024345287383826e+16,CONVERGED
S6,S6_alpha10,Baseline Active Coupling (1.0x alpha_t),1.4464646464646465,786798.7069810347,3,9.958063952774796e-07,3.169750203418654e-07,-1.0658518509111663,1.0658518509111663,False,2.903311119185701,-2.891135779966293e-06,3.882804414390205e+19,9.024345287383826e+16,CONVERGED
S6,S6_alpha10,Baseline Active Coupling (1.0x alpha_t),1.4464646464646465,786798.7069810347,4,2.0867937980881492e-05,6.64247096358479e-06,1.0658617292752532,1.0658617292752532,False,0.34443092056456726,-7.187563090082633e-06,3.882804414390205e+19,9.024345287383826e+16,CONVERGED
S6,S6_alpha10,Baseline Active Coupling (1.0x alpha_t),1.4641414141414142,796413.9146431634,0,3.1411477599045345,0.9998583859416814,-1.183739701433809,1.183739701433809,False,-3.266567052688814,-0.001453275150098344,6.854479117064138e+19,6.3689753549891304e+16,CONVERGED
S6,S6_alpha10,Baseline Active Coupling (1.0x alpha_t),1.4641414141414142,796413.9146431634,1,0.0012829229040014194,0.00040836704355527004,3.9640838564519045,3.9640838564519045,False,0.0189854063953735,-2.4356826069296207e-05,6.854479117064138e+19,6.3689753549891304e+16,CONVERGED
S6,S6_alpha10,Baseline Active Coupling (1.0x alpha_t),1.4641414141414142,796413.9146431634,2,7.858606029176032e-05,2.501471990710274e-05,4.62548403964311,4.62548403964311,False,0.00979891079616455,7.700577962062014e-07,6.854479117064138e+19,6.3689753549891304e+16,CONVERGED
S6,S6_alpha10,Baseline Active Coupling (1.0x alpha_t),1.4641414141414142,796413.9146431634,3,2.0030037180291916e-07,6.375758855115815e-08,-1.1130275851288438,1.1130275851288438,False,3.0435590937083288,-6.096260180739421e-07,6.854479117064138e+19,6.3689753549891304e+16,CONVERGED
S6,S6_alpha10,Baseline Active Coupling (1.0x alpha_t),1.4641414141414142,796413.9146431634,4,6.473294861228855e-06,2.060513750511874e-06,1.1130263558169367,1.1130263558169367,False,0.32856310605530936,2.1268858660469333e-06,6.854479117064138e+19,6.3689753549891304e+16,CONVERGED
S6,S6_alpha10,Baseline Active Coupling (1.0x alpha_t),1.4818181818181817,806029.1223052919,0,3.1415528312096948,0.9999873241427233,-1.1748094303358052,1.1748094303358052,False,-3.237525908253224,-0.00012892598736575182,7.92693449602943e+19,1.0217593891265112e+17,CONVERGED
S6,S6_alpha10,Baseline Active Coupling (1.0x alpha_t),1.4818181818181817,806029.1223052919,1,0.00011264195882905525,3.5855049094395814e-05,3.9369842070858376,3.9369842070858376,False,0.019506954939650586,-2.197301624485633e-06,7.92693449602943e+19,1.0217593891265112e+17,CONVERGED
S6,S6_alpha10,Baseline Active Coupling (1.0x alpha_t),1.4818181818181817,806029.1223052919,2,6.035237281997233e-05,1.9210756923247094e-05,4.6419386425871565,4.6419386425871565,False,0.009638992922778372,-5.81736095190902e-07,7.92693449602943e+19,1.0217593891265112e+17,CONVERGED
S6,S6_alpha10,Baseline Active Coupling (1.0x alpha_t),1.4818181818181817,806029.1223052919,3,2.101417776772952e-05,6.6890205334919284e-06,-1.1557914008383712,1.1557914008383712,False,3.176536335851824,6.675229925706824e-05,7.92693449602943e+19,1.0217593891265112e+17,CONVERGED
S6,S6_alpha10,Baseline Active Coupling (1.0x alpha_t),1.4818181818181817,806029.1223052919,4,6.13802864215534e-05,1.9537951984773136e-05,1.1557808147999837,1.1557808147999837,False,0.31481163073856855,-1.932322808783665e-05,7.92693449602943e+19,1.0217593891265112e+17,CONVERGED
S6,S6_alpha10,Baseline Active Coupling (1.0x alpha_t),1.4994949494949494,815644.3299674204,0,3.1414341243482,0.9999495385751517,-1.164443859539109,1.164443859539109,False,-3.204140395202103,-0.0005079499510651912,1.1148934880326936e+20,2.4601403741080096e+17,CONVERGED
S6,S6_alpha10,Baseline Active Coupling (1.0x alpha_t),1.4994949494949494,815644.3299674204,1,0.00045133480193000505,0.00014366432943312363,3.9098344212579654,3.9098344212579654,False,0.020043817575879017,-9.046473049795397e-06,1.1148934880326936e+20,2.4601403741080096e+17,CONVERGED
S6,S6_alpha10,Baseline Active Coupling (1.0x alpha_t),1.4994949494949494,815644.3299674204,2,0.00017245542221933544,5.489426581841423e-05,-4.6574280794843705,4.6574280794843705,False,105.36474206308243,0.018170721259657956,1.1148934880326936e+20,2.4601403741080096e+17,CONVERGED
S6,S6_alpha10,Baseline Active Coupling (1.0x alpha_t),1.4994949494949494,815644.3299674204,3,7.91325949505902e-06,2.5188687292150376e-06,-1.1946353513019827,1.1946353513019827,False,3.3023533519665897,2.6132379019035066e-05,1.1148934880326936e+20,2.4601403741080096e+17,CONVERGED
S6,S6_alpha10,Baseline Active Coupling (1.0x alpha_t),1.4994949494949494,815644.3299674204,4,2.998176802281165e-05,9.543493166929992e-06,1.1946651809971593,1.1946651809971593,False,0.3028053220511615,-9.07863892453098e-06,1.1148934880326936e+20,2.4601403741080096e+17,CONVERGED
S6,S6_alpha10,Baseline Active Coupling (1.0x alpha_t),1.5171717171717172,825259.537629549,0,3.141419821925074,0.9999449859724744,-1.1523140803030194,1.1523140803030194,False,-3.1655096369539217,0.0005471003056864869,7.284313910637886e+19,6.48692139547426e+16,CONVERGED
S6,S6_alpha10,Baseline Active Coupling (1.0x alpha_t),1.5171717171717172,825259.537629549,1,0.0004920152502549823,0.0001566133183093527,3.88162965677824,3.88162965677824,False,0.020617196336130173,1.0143975833425068e-05,7.284313910637886e+19,6.48692139547426e+16,CONVERGED
S6,S6_alpha10,Baseline Active Coupling (1.0x alpha_t),1.5171717171717172,825259.537629549,2,2.627112167643617e-05,8.362357750746913e-06,4.673864895590429,4.673864895590429,False,0.009336116589278243,-2.452702549587492e-07,7.284313910637886e+19,6.48692139547426e+16,CONVERGED
S6,S6_alpha10,Baseline Active Coupling (1.0x alpha_t),1.5171717171717172,825259.537629549,3,1.8326628353148203e-05,5.833546985223236e-06,-1.2299144876901522,1.2299144876901522,False,3.420936990983285,6.269424086030671e-05,7.284313910637886e+19,6.48692139547426e+16,CONVERGED
S6,S6_alpha10,Baseline Active Coupling (1.0x alpha_t),1.5171717171717172,825259.537629549,4,1.1341057355160372e-05,3.6099706759249403e-06,1.2298800536057681,1.2298800536057681,False,0.2923276392055243,-3.315304522870617e-06,7.284313910637886e+19,6.48692139547426e+16,CONVERGED
S6,S6_alpha10,Baseline Active Coupling (1.0x alpha_t),1.534848484848485,834874.7452916778,0,3.141534724981616,0.9999815607513244,-1.1389801986506933,1.1389801986506933,False,-3.123581302706278,0.00018094471759566775,5.6835875443078775e+19,1.191411645769818e+17,CONVERGED
S6,S6_alpha10,Baseline Active Coupling (1.0x alpha_t),1.534848484848485,834874.7452916778,1,0.00017010352271494618,5.414563295485637e-05,3.8538879159245796,3.8538879159245796,False,0.021197162928385378,3.605712120458361e-06,5.6835875443078775e+19,1.191411645769818e+17,CONVERGED
S6,S6_alpha10,Baseline Active Coupling (1.0x alpha_t),1.534848484848485,834874.7452916778,2,7.235790365391674e-05,2.3032236076575927e-05,4.689771661350588,4.689771661350588,False,0.009188784047207877,6.648811519448799e-07,5.6835875443078775e+19,1.191411645769818e+17,CONVERGED
S6,S6_alpha10,Baseline Active Coupling (1.0x alpha_t),1.534848484848485,834874.7452916778,3,8.832863194132196e-06,2.8115876780012133e-06,-1.2619838201914149,1.2619838201914149,False,3.532422231370282,-3.120140231441633e-05,5.6835875443078775e+19,1.191411645769818e+17,CONVERGED
S6,S6_alpha10,Baseline Active Coupling (1.0x alpha_t),1.534848484848485,834874.7452916778,4,0.00010003833293436804,3.184319037035485e-05,1.2619951762666866,1.2619951762666866,False,0.28308864950114143,2.8319716663207248e-05,5.6835875443078775e+19,1.191411645769818e+17,CONVERGED
S6,S6_alpha10,Baseline Active Coupling (1.0x alpha_t),1.5525252525252524,844489.952953806,0,3.1415085021127163,0.9999732137529095,-1.1238487640175712,1.1238487640175712,False,-3.076672821945025,-0.0002589065630603725,7.552722051164784e+19,1.1940461569860483e+17,CONVERGED
S6,S6_alpha10,Baseline Active Coupling (1.0x alpha_t),1.5525252525252524,844489.952953806,1,0.00023184659802482016,7.379906422937958e-05,3.824910175582562,3.824910175582562,False,0.021820394860872446,-5.058984406696481e-06,7.552722051164784e+19,1.1940461569860483e+17,CONVERGED
S6,S6_alpha10,Baseline Active Coupling (1.0x alpha_t),1.5525252525252524,844489.952953806,2,5.52738047174959e-05,1.7594198488571192e-05,4.705586227350952,4.705586227350952,False,0.00904461045160225,-4.999300323568128e-07,7.552722051164784e+19,1.1940461569860483e+17,CONVERGED
S6,S6_alpha10,Baseline Active Coupling (1.0x alpha_t),1.5525252525252524,844489.952953806,3,8.271059175991575e-06,2.632759904929276e-06,-1.2910641996394403,1.2910641996394403,False,3.636654623604429,3.0078985595161504e-05,7.552722051164784e+19,1.1940461569860483e+17,CONVERGED
S6,S6_alpha10,Baseline Active Coupling (1.0x alpha_t),1.5525252525252524,844489.952953806,4,1.9801851542501293e-05,6.303125110721906e-06,1.2910608345396621,1.2910608345396621,False,0.2749789211173525,-5.4450917739946855e-06,7.552722051164784e+19,1.1940461569860483e+17,CONVERGED
S6,S6_alpha10,Baseline Active Coupling (1.0x alpha_t),1.5702020202020202,854105.1606159348,0,0.008805968995866758,0.0028030269888123373,-3.251914532180591,3.251914532180591,False,25.83876178255512,0.22754121674721375,5.711051732093521e+19,4.029101702972058e+16,CONVERGED
S6,S6_alpha10,Baseline Active Coupling (1.0x alpha_t),1.5702020202020202,854105.1606159348,1,3.140236386536584,0.9995682867886582,3.075968999360095,3.075968999360095,False,-0.046144849898591134,6.258477796683234e-05,5.711051732093521e+19,4.029101702972058e+16,CONVERGED
S6,S6_alpha10,Baseline Active Coupling (1.0x alpha_t),1.5702020202020202,854105.1606159348,2,2.347077845345353e-05,7.47098081816376e-06,4.721217461489011,4.721217461489011,False,0.008904331263850538,2.089915864083721e-07,5.711051732093521e+19,4.029101702972058e+16,CONVERGED
S6,S6_alpha10,Baseline Active Coupling (1.0x alpha_t),1.5702020202020202,854105.1606159348,3,1.763702589753219e-06,5.614039706064041e-07,-1.317416975039581,1.317416975039581,False,3.7337645037421217,-6.585250124785451e-06,5.711051732093521e+19,4.029101702972058e+16,CONVERGED
S6,S6_alpha10,Baseline Active Coupling (1.0x alpha_t),1.5702020202020202,854105.1606159348,4,2.340967089301985e-05,7.451529677557146e-06,1.3174154028419613,1.3174154028419613,False,0.26782663205487484,6.269733313935838e-06,5.711051732093521e+19,4.029101702972058e+16,CONVERGED
S6,S6_alpha10,Baseline Active Coupling (1.0x alpha_t),1.587878787878788,863720.3682780633,0,3.1415833293891913,0.9999970320147676,-1.0888364314759473,1.0888364314759473,False,-2.9708153133829964,-2.770047793430327e-05,2.678957175261419e+20,1.654550347236601e+17,CONVERGED
S6,S6_alpha10,Baseline Active Coupling (1.0x alpha_t),1.587878787878788,863720.3682780633,1,2.1016281433436336e-05,6.6896901510836335e-06,3.7650212084205834,3.7650212084205834,False,0.023167120886934876,-4.868867326339479e-07,2.678957175261419e+20,1.654550347236601e+17,CONVERGED
S6,S6_alpha10,Baseline Active Coupling (1.0x alpha_t),1.587878787878788,863720.3682780633,2,0.0002811753761959158,8.95009019946065e-05,4.736753434922431,4.736753434922431,False,0.008767062525795946,-2.4650821687865883e-06,2.678957175261419e+20,1.654550347236601e+17,CONVERGED
S6,S6_alpha10,Baseline Active Coupling (1.0x alpha_t),1.587878787878788,863720.3682780633,3,7.281043471802259e-07,2.3176281188086091e-07,-1.3411401035829016,1.3411401035829016,False,3.823400093558047,2.7838342291293884e-06,2.678957175261419e+20,1.654550347236601e+17,CONVERGED
S6,S6_alpha10,Baseline Active Coupling (1.0x alpha_t),1.587878787878788,863720.3682780633,4,1.4506981769480135e-05,4.617715715913548e-06,1.3411512624602406,1.3411512624602406,False,0.2615443889234317,-3.794219682288213e-06,2.678957175261419e+20,1.654550347236601e+17,CONVERGED
S6,S6_alpha10,Baseline Active Coupling (1.0x alpha_t),1.6055555555555556,873335.5759401919,0,3.1415735287218713,0.9999939123654685,-1.0687978903157793,1.0687978903157793,False,-2.9118769991309232,5.568926301943475e-05,9.46533641280883e+19,1.9391591442228707e+17,CONVERGED
S6,S6_alpha10,Baseline Active Coupling (1.0x alpha_t),1.6055555555555556,873335.5759401919,1,5.5531249701803804e-05,1.767614577222483e-05,3.7337299143611133,3.7337299143611133,False,0.023903511266890116,1.3273918542759905e-06,9.46533641280883e+19,1.9391591442228707e+17,CONVERGED
S6,S6_alpha10,Baseline Active Coupling (1.0x alpha_t),1.6055555555555556,873335.5759401919,2,3.4964309863384625e-05,1.112948549310875e-05,-4.7478858377754705,4.7478858377754705,False,115.3401786591401,0.004032789747979683,9.46533641280883e+19,1.9391591442228707e+17,CONVERGED
S6,S6_alpha10,Baseline Active Coupling (1.0x alpha_t),1.6055555555555556,873335.5759401919,3,4.189208436532421e-06,1.3334664606328108e-06,-1.3624212073570294,1.3624212073570294,False,3.905638223090127,-1.636153259430837e-05,9.46533641280883e+19,1.9391591442228707e+17,CONVERGED
S6,S6_alpha10,Baseline Active Coupling (1.0x alpha_t),1.6055555555555556,873335.5759401919,4,1.6645180564153226e-05,5.298325530884258e-06,1.3624189398412896,1.3624189398412896,False,0.25604068022967225,4.26184335458511e-06,9.46533641280883e+19,1.9391591442228707e+17,CONVERGED
S6,S6_alpha10,Baseline Active Coupling (1.0x alpha_t),1.6232323232323231,882950.7836023204,0,3.141588509637698,0.9999986809390802,-1.047047461654569,1.047047461654569,False,-2.849226237047158,-1.1807057035048844e-05,1.2104542254179443e+20,8.678765427170454e+16,CONVERGED
S6,S6_alpha10,Baseline Active Coupling (1.0x alpha_t),1.6232323232323231,882950.7836023204,1,8.995497949100616e-06,2.8633559283447396e-06,3.7015310855131474,3.7015310855131474,False,0.024685701600071813,-2.2206017812154542e-07,1.2104542254179443e+20,8.678765427170454e+16,CONVERGED
S6,S6_alpha10,Baseline Active Coupling (1.0x alpha_t),1.6232323232323231,882950.7836023204,2,0.0004050105905250806,0.00012891887497326827,-4.767456484966083,4.767456484966083,False,117.61968406339855,0.04763722030459172,1.2104542254179443e+20,8.678765427170454e+16,CONVERGED
S6,S6_alpha10,Baseline Active Coupling (1.0x alpha_t),1.6232323232323231,882950.7836023204,3,5.430891492001939e-07,1.7287064526956543e-07,-1.3814131191244237,1.3814131191244237,False,3.980522607623555,2.1617786363466264e-06,1.2104542254179443e+20,8.678765427170454e+16,CONVERGED
S6,S6_alpha10,Baseline Active Coupling (1.0x alpha_t),1.6232323232323231,882950.7836023204,4,2.568802606879584e-05,8.176752654244652e-06,1.3815012583769688,1.3815012583769688,False,0.25120115192575543,-6.45286174059971e-06,1.2104542254179443e+20,8.678765427170454e+16,CONVERGED
S6,S6_alpha10,Baseline Active Coupling (1.0x alpha_t),1.6409090909090909,892565.9912644491,0,3.1414876110595014,0.9999665639241384,-1.0235419017616127,1.0235419017616127,False,-2.7830345475440144,-0.0002923369918390006,6.270790575056346e+19,1.1788302961035592e+17,CONVERGED
S6,S6_alpha10,Baseline Active Coupling (1.0x alpha_t),1.6409090909090909,892565.9912644491,1,0.00027610560721617894,8.788714440768833e-05,3.6683631586205685,3.6683631586205685,False,0.025518204061751336,-7.0457194065780615e-06,6.270790575056346e+19,1.1788302961035592e+17,CONVERGED
S6,S6_alpha10,Baseline Active Coupling (1.0x alpha_t),1.6409090909090909,892565.9912644491,2,0.0002192828573088492,6.97999013520362e-05,4.783008266119299,4.783008266119299,False,0.008370779319428208,1.8355684364871269e-06,6.270790575056346e+19,1.1788302961035592e+17,CONVERGED
S6,S6_alpha10,Baseline Active Coupling (1.0x alpha_t),1.6409090909090909,892565.9912644491,3,2.3235453924767773e-06,7.396074694221542e-07,-1.3981619457421182,1.3981619457421182,False,4.047753135204977,9.40513814720588e-06,6.270790575056346e+19,1.1788302961035592e+17,CONVERGED
S6,S6_alpha10,Baseline Active Coupling (1.0x alpha_t),1.6409090909090909,892565.9912644491,4,6.766649633320742e-06,2.1538914746279144e-06,1.3981656497087003,1.3981656497087003,False,0.24704972428217145,-1.6716989262514603e-06,6.270790575056346e+19,1.1788302961035592e+17,CONVERGED
S6,S6_alpha10,Baseline Active Coupling (1.0x alpha_t),1.6585858585858586,902181.1989265776,0,3.1415239190536393,0.99997812111762,-0.9976265222684569,0.9976265222684569,False,-2.711837691190932,-0.00018639690612249452,7.591188166838821e+19,9.605775785215579e+16,CONVERGED
S6,S6_alpha10,Baseline Active Coupling (1.0x alpha_t),1.6585858585858586,902181.1989265776,1,0.0001762255924449403,5.609434827382003e-05,3.632619596015461,3.632619596015461,False,0.02644681320860465,-4.660605374212774e-06,7.591188166838821e+19,9.605775785215579e+16,CONVERGED
S6,S6_alpha10,Baseline Active Coupling (1.0x alpha_t),1.6585858585858586,902181.1989265776,2,5.752755556837042e-05,1.8311589665399684e-05,4.7979159998609795,4.7979159998609795,False,0.008246915712917517,4.744249024658867e-07,7.591188166838821e+19,9.605775785215579e+16,CONVERGED
S6,S6_alpha10,Baseline Active Coupling (1.0x alpha_t),1.6585858585858586,902181.1989265776,3,6.3865729391316105e-06,2.0329093053594603e-06,-1.41278838059027,1.41278838059027,False,4.107392424507449,-2.6232161309110104e-05,7.591188166838821e+19,9.605775785215579e+16,CONVERGED
S6,S6_alpha10,Baseline Active Coupling (1.0x alpha_t),1.6585858585858586,902181.1989265776,4,4.41510675511686e-05,1.4053721287105332e-05,1.4128815695679768,1.4128815695679768,False,0.24344077970324404,-1.0748170316370946e-05,7.591188166838821e+19,9.605775785215579e+16,CONVERGED
S6,S6_alpha10,Baseline Active Coupling (1.0x alpha_t),1.6762626262626263,911796.4065887061,0,3.1415672674708888,0.999991919347381,-0.970200099371577,0.970200099371577,False,-2.6384723623473882,-6.69805731316349e-05,7.044007859535026e+19,5.246655561679977e+16,CONVERGED
S6,S6_alpha10,Baseline Active Coupling (1.0x alpha_t),1.6762626262626263,911796.4065887061,1,6.268922802790024e-05,1.9954601038510627e-05,3.596781739081289,3.596781739081289,False,0.027411798912125168,-1.7184245149082638e-06,7.044007859535026e+19,5.246655561679977e+16,CONVERGED
S6,S6_alpha10,Baseline Active Coupling (1.0x alpha_t),1.6762626262626263,911796.4065887061,2,4.0515984298119594e-05,1.2896638350558699e-05,4.812983481545225,4.812983481545225,False,0.008123586928645192,-3.291351206254949e-07,7.044007859535026e+19,5.246655561679977e+16,CONVERGED
S6,S6_alpha10,Baseline Active Coupling (1.0x alpha_t),1.6762626262626263,911796.4065887061,3,2.1394662250872114e-07,6.810132506015745e-08,-1.4253693707217316,1.4253693707217316,False,4.1593939173811805,-8.898882803070359e-07,7.044007859535026e+19,5.246655561679977e+16,CONVERGED
S6,S6_alpha10,Baseline Active Coupling (1.0x alpha_t),1.6762626262626263,911796.4065887061,4,2.154826261983262e-05,6.859025021977352e-06,1.4253881434180815,1.4253881434180815,False,0.24041512949013435,-5.180528348836302e-06,7.044007859535026e+19,5.246655561679977e+16,CONVERGED
S6,S6_alpha10,Baseline Active Coupling (1.0x alpha_t),1.6939393939393939,921411.6142508347,0,3.141558889023896,0.9999892524048722,-0.9404878703198649,0.9404878703198649,False,-2.5612306605323942,8.647884144796069e-05,1.3592912654427457e+20,1.5690285479339286e+17,CONVERGED
S6,S6_alpha10,Baseline Active Coupling (1.0x alpha_t),1.6939393939393939,921411.6142508347,1,8.719815739766783e-05,2.7756035556687914e-05,3.5589542459066092,3.5589542459066092,False,0.028468580179104377,2.482407741637348e-06,1.3592912654427457e+20,1.5690285479339286e+17,CONVERGED
S6,S6_alpha10,Baseline Active Coupling (1.0x alpha_t),1.6939393939393939,921411.6142508347,2,0.00019856138169024648,6.320405080631857e-05,-4.827666876405109,4.827666876405109,False,124.91916607145635,0.024804122540722656,1.3592912654427457e+20,1.5690285479339286e+17,CONVERGED
S6,S6_alpha10,Baseline Active Coupling (1.0x alpha_t),1.6939393939393939,921411.6142508347,3,8.1819263508029e-07,2.604388045488229e-07,-1.43594143564779,1.43594143564779,False,4.203600565964969,3.4393550238926436e-06,1.3592912654427457e+20,1.5690285479339286e+17,CONVERGED
S6,S6_alpha10,Baseline Active Coupling (1.0x alpha_t),1.6939393939393939,921411.6142508347,4,1.6533464483185713e-06,5.26276519786659e-07,1.4359621606030037,1.4359621606030037,False,0.23788636897480583,3.933085832482548e-07,1.3592912654427457e+20,1.5690285479339286e+17,CONVERGED
S6,S6_alpha10,Baseline Active Coupling (1.0x alpha_t),1.7116161616161616,931026.8219129633,0,3.141525548275512,0.9999786397150487,-0.908711719006868,0.908711719006868,False,-2.481124082988035,-0.0001664966116098908,8.97448371697591e+19,1.6023961058386218e+17,CONVERGED
S6,S6_alpha10,Baseline Active Coupling (1.0x alpha_t),1.7116161616161616,931026.8219129633,1,0.00016633543225481488,5.294621250936175e-05,3.5198701753953054,3.5198701753953054,False,0.029603277742789424,-4.924074044918453e-06,8.97448371697591e+19,1.6023961058386218e+17,CONVERGED
S6,S6_alpha10,Baseline Active Coupling (1.0x alpha_t),1.7116161616161616,931026.8219129633,2,0.00026352883396911454,8.388383314685592e-05,4.842677925882812,4.842677925882812,False,0.007885907599649756,2.078164082631609e-06,8.97448371697591e+19,1.6023961058386218e+17,CONVERGED
S6,S6_alpha10,Baseline Active Coupling (1.0x alpha_t),1.7116161616161616,931026.8219129633,3,3.2701031201535935e-06,1.0409061519853492e-06,-1.4445722301131831,1.4445722301131831,False,4.240037994233463,1.3865361474562055e-05,8.97448371697591e+19,1.6023961058386218e+17,CONVERGED
S6,S6_alpha10,Baseline Active Coupling (1.0x alpha_t),1.7116161616161616,931026.8219129633,4,1.6724568005802584e-05,5.3235953384000875e-06,1.4445524532370553,1.4445524532370553,False,0.23585160752958662,3.944516249774207e-06,8.97448371697591e+19,1.6023961058386218e+17,CONVERGED
S6,S6_alpha10,Baseline Active Coupling (1.0x alpha_t),1.7292929292929293,940642.0295750919,0,3.141585820854171,0.9999978250727017,-0.8741152274475912,0.8741152274475912,False,-2.3967537735642805,-1.6376384887203875e-05,8.610227868349766e+19,1.008265463499458e+17,CONVERGED
S6,S6_alpha10,Baseline Active Coupling (1.0x alpha_t),1.7292929292929293,940642.0295750919,1,1.16567058999267e-05,3.7104447282835893e-06,3.477839369686658,3.477839369686658,False,0.03087404641810253,-3.5988967905280703e-07,8.610227868349766e+19,1.008265463499458e+17,CONVERGED
S6,S6_alpha10,Baseline Active Coupling (1.0x alpha_t),1.7292929292929293,940642.0295750919,2,0.00010040257177305386,3.195913119364065e-05,-4.856323054220402,4.856323054220402,False,128.55065759511456,0.012906816669036576,8.610227868349766e+19,1.008265463499458e+17,CONVERGED
S6,S6_alpha10,Baseline Active Coupling (1.0x alpha_t),1.7292929292929293,940642.0295750919,3,1.2217143317825122e-05,3.8888374989879735e-06,-1.4512955574541753,1.4512955574541753,False,4.268641203936972,5.21506013634662e-05,8.610227868349766e+19,1.008265463499458e+17,CONVERGED
S6,S6_alpha10,Baseline Active Coupling (1.0x alpha_t),1.7292929292929293,940642.0295750919,4,1.6569907161772378e-05,5.274365262739744e-06,1.4512584282242067,1.4512584282242067,False,0.23427528385028326,-3.881919704052341e-06,8.610227868349766e+19,1.008265463499458e+17,CONVERGED
S6,S6_alpha10,Baseline Active Coupling (1.0x alpha_t),1.7469696969696968,950257.2372372204,0,3.141587377731787,0.9999983206422386,-0.8371944168434784,0.8371944168434784,False,-2.309877324460971,1.2186584775392367e-05,9.000370811690004e+19,2.4676509319683366e+17,CONVERGED
S6,S6_alpha10,Baseline Active Coupling (1.0x alpha_t),1.7469696969696968,950257.2372372204,1,1.7788622913419942e-05,5.662294534937072e-06,3.4343487160913884,3.4343487160913884,False,0.03224640495396918,5.736191381000989e-07,9.000370811690004e+19,2.4676509319683366e+17,CONVERGED
S6,S6_alpha10,Baseline Active Coupling (1.0x alpha_t),1.7469696969696968,950257.2372372204,2,1.8028379379982156e-05,5.738611388520319e-06,4.8717211898062605,4.8717211898062605,False,0.0076601693281697445,1.381004387781091e-07,9.000370811690004e+19,2.4676509319683366e+17,CONVERGED
S6,S6_alpha10,Baseline Active Coupling (1.0x alpha_t),1.7469696969696968,950257.2372372204,3,4.861004523302235e-06,1.5473057965512262e-06,-1.456126716593763,1.456126716593763,False,4.289313584744577,-2.085037273746934e-05,9.000370811690004e+19,2.4676509319683366e+17,CONVERGED
S6,S6_alpha10,Baseline Active Coupling (1.0x alpha_t),1.7469696969696968,950257.2372372204,4,1.915672762564708e-05,6.0977757901736e-06,1.4561353661215597,1.4561353661215597,False,0.23313551936862073,-4.466113644954761e-06,9.000370811690004e+19,2.4676509319683366e+17,CONVERGED
S6,S6_alpha10,Baseline Active Coupling (1.0x alpha_t),1.7646464646464646,959872.4448993491,0,2.4405071195988226,0.776837543470232,-1.3520309852846417,1.3520309852846417,False,-2.9536151281251932,2.4932816434075717,7.703108489878007e+19,1.0857321780881526e+17,CONVERGED
S6,S6_alpha10,Baseline Active Coupling (1.0x alpha_t),1.7646464646464646,959872.4448993491,1,0.5604394114146194,0.17839340526029815,3.1245247097305455,3.1245247097305455,False,0.037233225077951196,-0.02336615096917628,7.703108489878007e+19,1.0857321780881526e+17,CONVERGED
S6,S6_alpha10,Baseline Active Coupling (1.0x alpha_t),1.7646464646464646,959872.4448993491,2,8.466992562311718e-06,2.6951274388284453e-06,4.886125033201491,4.886125033201491,False,0.0075506242785612935,-6.393107960891649e-08,7.703108489878007e+19,1.0857321780881526e+17,CONVERGED
S6,S6_alpha10,Baseline Active Coupling (1.0x alpha_t),1.7646464646464646,959872.4448993491,3,7.638935423720231e-07,2.4315486652897136e-07,-1.4591016985579919,1.4591016985579919,False,4.3020932155076,-3.2863412260093873e-06,7.703108489878007e+19,1.0857321780881526e+17,CONVERGED
S6,S6_alpha10,Baseline Active Coupling (1.0x alpha_t),1.7646464646464646,959872.4448993491,4,1.4106725238467005e-05,4.49031010508244e-06,1.459094148370554,1.459094148370554,False,0.23244674162601994,3.2790623169127053e-06,7.703108489878007e+19,1.0857321780881526e+17,CONVERGED
S6,S6_alpha10,Baseline Active Coupling (1.0x alpha_t),1.7823232323232323,969487.6525614776,0,2.416882946371081,0.7693177355789235,-1.3432380231690473,1.3432380231690473,False,-2.8685603577429473,2.539924214338605,1.1943782116921336e+20,1.201239242061706e+17,CONVERGED
S6,S6_alpha10,Baseline Active Coupling (1.0x alpha_t),1.7823232323232323,969487.6525614776,1,0.5444240931331844,0.17329557112093738,3.1005415972734416,3.1005415972734416,False,0.03851538044472501,-0.02331949886772054,1.1943782116921336e+20,1.201239242061706e+17,CONVERGED
S6,S6_alpha10,Baseline Active Coupling (1.0x alpha_t),1.7823232323232323,969487.6525614776,2,3.674977677721683e-05,1.1697817263235604e-05,4.900441400349335,4.900441400349335,False,0.007443296866847289,-2.735394984663379e-07,1.1943782116921336e+20,1.201239242061706e+17,CONVERGED
S6,S6_alpha10,Baseline Active Coupling (1.0x alpha_t),1.7823232323232323,969487.6525614776,3,1.6233257776731888e-06,5.167206435303662e-07,-1.4602270448160841,1.4602270448160841,False,4.306937285121815,-6.991562317766163e-06,1.1943782116921336e+20,1.201239242061706e+17,CONVERGED
S6,S6_alpha10,Baseline Active Coupling (1.0x alpha_t),1.7823232323232323,969487.6525614776,4,8.153770931577294e-06,2.5954258971990692e-06,1.4602139694821201,1.4602139694821201,False,0.2321865885624575,-1.8931962565646187e-06,1.1943782116921336e+20,1.201239242061706e+17,CONVERGED
S6,S6_alpha10,Baseline Active Coupling (1.0x alpha_t),1.8,979102.8602236061,0,2.3930896922411304,0.7617441075648769,-1.3345174931928496,1.3345174931928496,False,-2.782946170438243,2.5848117455324395,6.937386108478461e+19,9.706618637295941e+16,CONVERGED
S6,S6_alpha10,Baseline Active Coupling (1.0x alpha_t),1.8,979102.8602236061,1,0.5286567833892931,0.16827668055093478,3.0762951938397984,3.0762951938397984,False,0.03983244247375977,-0.02326669085819591,6.937386108478461e+19,9.706618637295941e+16,CONVERGED
S6,S6_alpha10,Baseline Active Coupling (1.0x alpha_t),1.8,979102.8602236061,2,6.835923157339926e-05,2.175941922174011e-05,4.914548407818542,4.914548407818542,False,0.007339031376230865,-5.016905461536729e-07,6.937386108478461e+19,9.706618637295941e+16,CONVERGED
S6,S6_alpha10,Baseline Active Coupling (1.0x alpha_t),1.8,979102.8602236061,3,5.6467766618419785e-06,1.7974248365362058e-06,-1.4595012531415597,1.4595012531415597,False,4.303812479950566,2.430266786898741e-05,6.937386108478461e+19,9.706618637295941e+16,CONVERGED
S6,S6_alpha10,Baseline Active Coupling (1.0x alpha_t),1.8,979102.8602236061,4,6.642712409281847e-05,2.1144410309501585e-05,1.4595256947153055,1.4595256947153055,False,0.23234645123624498,-1.543410657149736e-05,6.937386108478461e+19,9.706618637295941e+16,CONVERGED
S6,S6_alpha20,Strong Thermoelastic Coupling (2.0x alpha_t),0.05,27197.301672877948,0,4.127756331075309e-09,1.3139056479390031e-09,3.135127195654798,3.135127195654798,False,0.043494221201501454,1.795335469296876e-10,8806753843155056.0,9.488909403692486e+16,CONVERGED
S6,S6_alpha20,Strong Thermoelastic Coupling (2.0x alpha_t),0.05,27197.301672877948,1,0.0005823152332150419,0.00018535669560776753,3.013588734520717,3.013588734520717,False,0.04911509271884731,-2.860046990367499e-05,8806753843155056.0,9.488909403692486e+16,CONVERGED
S6,S6_alpha20,Strong Thermoelastic Coupling (2.0x alpha_t),0.05,27197.301672877948,2,0.27299321780570635,0.08689644008868116,7.339789963181648e-09,7.339789963181648e-09,True,0.9629681878259047,0.26961501174028385,8806753843155056.0,9.488909403692486e+16,CONVERGED
S6,S6_alpha20,Strong Thermoelastic Coupling (2.0x alpha_t),0.05,27197.301672877948,3,0.27299334505357786,0.08689648059293667,-8.43965272034314e-08,8.43965272034314e-08,True,0.9629682418571165,-0.2696151590094345,8806753843155056.0,9.488909403692486e+16,CONVERGED
S6,S6_alpha20,Strong Thermoelastic Coupling (2.0x alpha_t),0.05,27197.301672877948,4,0.27718770109131147,0.08823158558592195,0.4185406693932326,0.4185406693932326,False,0.6328894963502041,-0.180064616652266,8806753843155056.0,9.488909403692486e+16,CONVERGED
S6,S6_alpha20,Strong Thermoelastic Coupling (2.0x alpha_t),0.06767676767676768,36812.509335006514,0,1.0274135167682518e-08,3.2703587958619036e-09,3.1413277493846774,3.1413277493846774,False,0.04322536732882564,-4.4410326660908246e-10,2.1784884613763924e+16,4.957268347930477e+16,CONVERGED
S6,S6_alpha20,Strong Thermoelastic Coupling (2.0x alpha_t),0.06767676767676768,36812.509335006514,1,0.0004966479237843329,0.00015808794409320697,3.01442311612487,3.01442311612487,False,0.04907413134903295,-2.4372567449922564e-05,2.1784884613763924e+16,4.957268347930477e+16,CONVERGED
S6,S6_alpha20,Strong Thermoelastic Coupling (2.0x alpha_t),0.06767676767676768,36812.509335006514,2,0.36881946702924856,0.11739888257244645,6.680145291624019e-07,6.680145291624019e-07,True,0.932752971681597,0.3605142962366182,2.1784884613763924e+16,4.957268347930477e+16,CONVERGED
S6,S6_alpha20,Strong Thermoelastic Coupling (2.0x alpha_t),0.06767676767676768,36812.509335006514,3,0.3688210485194614,0.1173993859764161,4.5143696934640676e-07,4.5143696934640676e-07,True,0.9327526035438604,-0.36051584945549753,2.1784884613763924e+16,4.957268347930477e+16,CONVERGED
S6,S6_alpha20,Strong Thermoelastic Coupling (2.0x alpha_t),0.06767676767676768,36812.509335006514,4,0.6479474293391948,0.20624807248603885,0.398598797547981,0.398598797547981,False,0.5352118822634993,-0.405139695586092,2.1784884613763924e+16,4.957268347930477e+16,CONVERGED
S6,S6_alpha20,Strong Thermoelastic Coupling (2.0x alpha_t),0.08535353535353535,46427.71699713508,0,7.98554681595965e-05,2.5418784981034482e-05,-3.0168725268979784,3.0168725268979784,False,20.42730576466708,0.001631232068544113,4.355857291065241e+16,4.162999203899236e+17,CONVERGED
S6,S6_alpha20,Strong Thermoelastic Coupling (2.0x alpha_t),0.08535353535353535,46427.71699713508,1,8.067206405615096e-05,2.567871552792488e-05,3.0142190517745995,3.0142190517745995,False,0.04908415254541855,-3.959719906875819e-06,4.355857291065241e+16,4.162999203899236e+17,CONVERGED
S6,S6_alpha20,Strong Thermoelastic Coupling (2.0x alpha_t),0.08535353535353535,46427.71699713508,2,0.4640500657828126,0.14771172362290766,4.715353145172561e-07,4.715353145172561e-07,True,0.8942467127554171,-0.4475733165146758,4.355857291065241e+16,4.162999203899236e+17,CONVERGED
S6,S6_alpha20,Strong Thermoelastic Coupling (2.0x alpha_t),0.08535353535353535,46427.71699713508,3,0.464050988153293,0.14771201722255028,-7.61729363515015e-08,7.61729363515015e-08,True,0.8942467897128327,0.44757438648137265,4.355857291065241e+16,4.162999203899236e+17,CONVERGED
S6,S6_alpha20,Strong Thermoelastic Coupling (2.0x alpha_t),0.08535353535353535,46427.71699713508,4,0.00010471176184427516,3.333078899475542e-05,-0.7625433329930522,0.7625433329930522,False,2.143721478836487,-0.00022447285377279842,4.355857291065241e+16,4.162999203899236e+17,CONVERGED
S6,S6_alpha20,Strong Thermoelastic Coupling (2.0x alpha_t),0.10303030303030303,56042.924659263655,0,7.064470527933268e-05,2.2486908096951823e-05,-2.950700571124949,2.950700571124949,False,19.119343449714243,0.0013506803853863378,7.631725159020291e+16,6.961078990901345e+16,CONVERGED
S6,S6_alpha20,Strong Thermoelastic Coupling (2.0x alpha_t),0.10303030303030303,56042.924659263655,1,7.22868944281851e-08,2.300963313801529e-08,3.1588526768008713,3.1588526768008713,False,0.04247444505174859,3.0703457253515047e-09,7.631725159020291e+16,6.961078990901345e+16,CONVERGED
S6,S6_alpha20,Strong Thermoelastic Coupling (2.0x alpha_t),0.10303030303030303,56042.924659263655,2,0.5585595113567686,0.17779501448684676,-1.0541756532161271e-07,1.0541756532161271e-07,True,0.84801948880027,-0.5299652417376838,7.631725159020291e+16,6.961078990901345e+16,CONVERGED
S6,S6_alpha20,Strong Thermoelastic Coupling (2.0x alpha_t),0.10303030303030303,56042.924659263655,3,0.5585622184922129,0.1777958761948219,-7.825367609552041e-07,7.825367609552041e-07,True,0.8480186283189696,0.5299678962906715,7.631725159020291e+16,6.961078990901345e+16,CONVERGED
S6,S6_alpha20,Strong Thermoelastic Coupling (2.0x alpha_t),0.10303030303030303,56042.924659263655,4,7.474868857377109e-05,2.3793246552304693e-05,3.016284345631737,3.016284345631737,False,0.04898288397992354,-3.6614063468796722e-06,7.631725159020291e+16,6.961078990901345e+16,CONVERGED
S6,S6_alpha20,Strong Thermoelastic Coupling (2.0x alpha_t),0.12070707070707071,65658.13232139223,0,1.009116205884345e-08,3.212116646412645e-09,-3.169983761708113,3.169983761708113,False,23.80709776668738,-2.402412817143723e-07,1.2217812638204398e+17,6.264717942127622e+16,CONVERGED
S6,S6_alpha20,Strong Thermoelastic Coupling (2.0x alpha_t),0.12070707070707071,65658.13232139223,1,5.948574348777657e-05,1.8934900239152326e-05,-2.9194723329108516,2.9194723329108516,False,18.531506380571642,0.0011023604362970334,1.2217812638204398e+17,6.264717942127622e+16,CONVERGED
S6,S6_alpha20,Strong Thermoelastic Coupling (2.0x alpha_t),0.12070707070707071,65658.13232139223,2,0.6522384662022498,0.20761395194152835,3.5209129233826425e-06,3.5209129233826425e-06,True,0.7947243177250114,-0.6069647576387462,1.2217812638204398e+17,6.264717942127622e+16,CONVERGED
S6,S6_alpha20,Strong Thermoelastic Coupling (2.0x alpha_t),0.12070707070707071,65658.13232139223,3,0.6522411301779625,0.20761479991133425,3.105697298794659e-06,3.105697298794659e-06,True,0.7947230307641697,0.6069671267850555,1.2217812638204398e+17,6.264717942127622e+16,CONVERGED
S6,S6_alpha20,Strong Thermoelastic Coupling (2.0x alpha_t),0.12070707070707071,65658.13232139223,4,6.94313270745963e-05,2.210067781870429e-05,3.0169518317700224,3.0169518317700224,False,0.048950199512052116,-3.398677318149379e-06,1.2217812638204398e+17,6.264717942127622e+16,CONVERGED
S6,S6_alpha20,Strong Thermoelastic Coupling (2.0x alpha_t),0.1383838383838384,75273.3399835208,0,2.2619201069889923e-08,7.199915318124938e-09,-3.1825474710229846,3.1825474710229846,False,24.10809005324411,5.453057363253418e-07,1.8309334424273072e+17,1.0033604781364203e+17,CONVERGED
S6,S6_alpha20,Strong Thermoelastic Coupling (2.0x alpha_t),0.1383838383838384,75273.3399835208,1,5.943608960590729e-05,1.8919094917665934e-05,-2.8958145223657135,2.8958145223657135,False,18.09823682601327,0.0010756884269665322,1.8309334424273072e+17,1.0033604781364203e+17,CONVERGED
S6,S6_alpha20,Strong Thermoelastic Coupling (2.0x alpha_t),0.1383838383838384,75273.3399835208,2,0.7449970060220895,0.23713991219415614,-1.9153958861416188e-07,1.9153958861416188e-07,True,0.7350900730095078,0.6779697394737667,1.8309334424273072e+17,1.0033604781364203e+17,CONVERGED
S6,S6_alpha20,Strong Thermoelastic Coupling (2.0x alpha_t),0.1383838383838384,75273.3399835208,3,0.74499754023646,0.23714008223987162,-1.0829660524792258e-06,1.0829660524792258e-06,True,0.7350903661069389,-0.6779707365301375,1.8309334424273072e+17,1.0033604781364203e+17,CONVERGED
S6,S6_alpha20,Strong Thermoelastic Coupling (2.0x alpha_t),0.1383838383838384,75273.3399835208,4,6.59635342471489e-05,2.0996845078490544e-05,3.0188669770744747,3.0188669770744747,False,0.048856542490813545,-3.2227502184643286e-06,1.8309334424273072e+17,1.0033604781364203e+17,CONVERGED
S6,S6_alpha20,Strong Thermoelastic Coupling (2.0x alpha_t),0.15606060606060607,84888.54764564935,0,9.614629045087769e-08,3.060431477041256e-08,3.1964257902806668,3.1964257902806668,False,0.04090815732255848,3.933167575744919e-09,2.611495263269865e+17,1.4441728167724806e+17,CONVERGED
S6,S6_alpha20,Strong Thermoelastic Coupling (2.0x alpha_t),0.15606060606060607,84888.54764564935,1,6.137396878705084e-05,1.9535941019253675e-05,-2.8566284439582867,2.8566284439582867,False,17.402753521714114,0.0010680760527914846,2.611495263269865e+17,1.4441728167724806e+17,CONVERGED
S6,S6_alpha20,Strong Thermoelastic Coupling (2.0x alpha_t),0.15606060606060607,84888.54764564935,2,0.8367596503998406,0.26634886908196176,-1.0286788420613992e-06,1.0286788420613992e-06,True,0.6698729106066839,0.7424771653021595,2.611495263269865e+17,1.4441728167724806e+17,CONVERGED
S6,S6_alpha20,Strong Thermoelastic Coupling (2.0x alpha_t),0.15606060606060607,84888.54764564935,3,0.8367560282809557,0.2663477161257118,-1.403700397321264e-06,1.403700397321264e-06,True,0.6698758511606879,-0.7424750173820526,2.611495263269865e+17,1.4441728167724806e+17,CONVERGED
S6,S6_alpha20,Strong Thermoelastic Coupling (2.0x alpha_t),0.15606060606060607,84888.54764564935,4,6.348676102752371e-05,2.020846367684859e-05,3.019524747381729,3.019524747381729,False,0.04882441668253726,-3.099704078397008e-06,2.611495263269865e+17,1.4441728167724806e+17,CONVERGED
S6,S6_alpha20,Strong Thermoelastic Coupling (2.0x alpha_t),0.17373737373737375,94503.75530777793,0,4.0012337732202694e-05,1.2736322669484834e-05,-2.822874216104782,2.822874216104782,False,16.825140317274197,0.0006732131971257438,3.5817419267476186e+17,1.2308953676817805e+17,CONVERGED
S6,S6_alpha20,Strong Thermoelastic Coupling (2.0x alpha_t),0.17373737373737375,94503.75530777793,1,1.2074309398180553e-07,3.843372050282726e-08,-3.211499330055521,3.211499330055521,False,24.81626611881382,-2.996392752261448e-06,3.5817419267476186e+17,1.2308953676817805e+17,CONVERGED
S6,S6_alpha20,Strong Thermoelastic Coupling (2.0x alpha_t),0.17373737373737375,94503.75530777793,2,0.9274836233064788,0.29522720657201507,5.722024386508899e-06,5.722024386508899e-06,True,0.5998458327657276,-0.8001084507304623,3.5817419267476186e+17,1.2308953676817805e+17,CONVERGED
S6,S6_alpha20,Strong Thermoelastic Coupling (2.0x alpha_t),0.17373737373737375,94503.75530777793,3,0.92747230074597,0.2952236024890682,1.506052019506074e-05,1.506052019506074e-05,True,0.5998492902873853,0.8000941871773373,3.5817419267476186e+17,1.2308953676817805e+17,CONVERGED
S6,S6_alpha20,Strong Thermoelastic Coupling (2.0x alpha_t),0.17373737373737375,94503.75530777793,4,5.867813152624267e-05,1.8677829367595804e-05,3.021111135099015,3.021111135099015,False,0.048747023645850075,-2.8603842682869374e-06,3.5817419267476186e+17,1.2308953676817805e+17,CONVERGED
S6,S6_alpha20,Strong Thermoelastic Coupling (2.0x alpha_t),0.19141414141414143,104118.96296990648,0,4.3960561863086845e-05,1.3993081443214663e-05,-2.7829351901484727,2.7829351901484727,False,16.166402827314165,0.0007106841520515328,4.7543124388406074e+17,8.109950648532462e+16,CONVERGED
S6,S6_alpha20,Strong Thermoelastic Coupling (2.0x alpha_t),0.19141414141414143,104118.96296990648,1,1.078343471164051e-07,3.432473875732629e-08,3.227648561921609,3.227648561921609,False,0.03965062524497345,-4.275699286048979e-09,4.7543124388406074e+17,8.109950648532462e+16,CONVERGED
S6,S6_alpha20,Strong Thermoelastic Coupling (2.0x alpha_t),0.19141414141414143,104118.96296990648,2,1.0170950951032676,0.32375142396041284,1.0288309412265122e-07,1.0288309412265122e-07,True,0.5258389782329012,0.8505840130197672,4.7543124388406074e+17,8.109950648532462e+16,CONVERGED
S6,S6_alpha20,Strong Thermoelastic Coupling (2.0x alpha_t),0.19141414141414143,104118.96296990648,3,1.0170964077423286,0.323751841786403,1.2064517927024472e-06,1.2064517927024472e-06,True,0.5258372814247635,-0.8505837645776809,4.7543124388406074e+17,8.109950648532462e+16,CONVERGED
S6,S6_alpha20,Strong Thermoelastic Coupling (2.0x alpha_t),0.19141414141414143,104118.96296990648,4,5.715585144981913e-05,1.8193272569729574e-05,3.022278844144442,3.022278844144442,False,0.04869013453112765,-2.782926099363254e-06,4.7543124388406074e+17,8.109950648532462e+16,CONVERGED
S6,S6_alpha20,Strong Thermoelastic Coupling (2.0x alpha_t),0.2090909090909091,113734.17063203505,0,3.896929646098886e-05,1.240431232115976e-05,-2.7413762713390133,2.7413762713390133,False,15.508314052136987,0.0006043480882137679,6.154713213472182e+17,1.4546946330651277e+17,CONVERGED
S6,S6_alpha20,Strong Thermoelastic Coupling (2.0x alpha_t),0.2090909090909091,113734.17063203505,1,4.6654624584018843e-07,1.485062824128652e-07,3.244757507453349,3.244757507453349,False,0.03897801508951112,-1.8185046610314948e-08,6.154713213472182e+17,1.4546946330651277e+17,CONVERGED
S6,S6_alpha20,Strong Thermoelastic Coupling (2.0x alpha_t),0.2090909090909091,113734.17063203505,2,1.105611462227015,0.35192705870497554,-2.896465120110081e-07,2.896465120110081e-07,True,0.44858815965175536,-0.8937389117149611,6.154713213472182e+17,1.4546946330651277e+17,CONVERGED
S6,S6_alpha20,Strong Thermoelastic Coupling (2.0x alpha_t),0.2090909090909091,113734.17063203505,3,1.1056088106291824,0.3519262146751712,9.039495748337936e-07,9.039495748337936e-07,True,0.44858999405075844,0.8937366554752161,6.154713213472182e+17,1.4546946330651277e+17,CONVERGED
S6,S6_alpha20,Strong Thermoelastic Coupling (2.0x alpha_t),0.2090909090909091,113734.17063203505,4,5.489338131083193e-05,1.7473105957294334e-05,3.0234662997417536,3.0234662997417536,False,0.048632351478707085,-2.669594216444484e-06,6.154713213472182e+17,1.4546946330651277e+17,CONVERGED
S6,S6_alpha20,Strong Thermoelastic Coupling (2.0x alpha_t),0.22676767676767678,123349.37829416365,0,9.824615638516883e-08,3.127272285695799e-08,-3.2627149358061653,3.2627149358061653,False,26.120356054540697,-2.566224585770705e-06,7.767926502765783e+17,5.5695804122269416e+16,CONVERGED
S6,S6_alpha20,Strong Thermoelastic Coupling (2.0x alpha_t),0.22676767676767678,123349.37829416365,1,3.129236406035164e-05,9.960668842472273e-06,-2.6978646756137743,2.6978646756137743,False,14.847992562346509,0.00046462878897799705,7.767926502765783e+17,5.5695804122269416e+16,CONVERGED
S6,S6_alpha20,Strong Thermoelastic Coupling (2.0x alpha_t),0.22676767676767678,123349.37829416365,2,1.1930052553338217,0.3797453670419729,-1.1360378981345165e-06,1.1360378981345165e-06,True,0.36886863138522685,0.9294827620017313,7.767926502765783e+17,5.5695804122269416e+16,CONVERGED
S6,S6_alpha20,Strong Thermoelastic Coupling (2.0x alpha_t),0.22676767676767678,123349.37829416365,3,1.1930044462687877,0.37974510950857404,6.239956221463447e-08,6.239956221463447e-08,True,0.3688689413304866,-0.9294813496367796,7.767926502765783e+17,5.5695804122269416e+16,CONVERGED
S6,S6_alpha20,Strong Thermoelastic Coupling (2.0x alpha_t),0.22676767676767678,123349.37829416365,4,5.243139017948517e-05,1.6689429840489844e-05,3.0245644027686005,3.0245644027686005,False,0.04857897746321455,-2.547063324228221e-06,7.767926502765783e+17,5.5695804122269416e+16,CONVERGED
S6,S6_alpha20,Strong Thermoelastic Coupling (2.0x alpha_t),0.24444444444444446,132964.58595629223,0,1.4725333209972658e-08,4.68721913808479e-09,-3.281415918466152,3.281415918466152,False,26.613428479657834,-3.918916022227377e-07,9.667351298988736e+17,1.114254528327817e+17,CONVERGED
S6,S6_alpha20,Strong Thermoelastic Coupling (2.0x alpha_t),0.24444444444444446,132964.58595629223,1,3.529786086070703e-05,1.1235658073102935e-05,-2.650971443785876,2.650971443785876,False,14.167795170204522,0.0005000928628285713,9.667351298988736e+17,1.114254528327817e+17,CONVERGED
S6,S6_alpha20,Strong Thermoelastic Coupling (2.0x alpha_t),0.24444444444444446,132964.58595629223,2,1.279283324205822,0.4072085293247766,-2.15945370472473e-06,2.15945370472473e-06,True,0.28740234335014275,0.9578122007750698,9.667351298988736e+17,1.114254528327817e+17,CONVERGED
S6,S6_alpha20,Strong Thermoelastic Coupling (2.0x alpha_t),0.24444444444444446,132964.58595629223,3,1.2792821825098526,0.40720816591166253,-1.3407280039436523e-07,1.3407280039436523e-07,True,0.287402854779441,-0.9578099327164363,9.667351298988736e+17,1.114254528327817e+17,CONVERGED
S6,S6_alpha20,Strong Thermoelastic Coupling (2.0x alpha_t),0.24444444444444446,132964.58595629223,4,5.1652313911576006e-05,1.6441442162323188e-05,3.0253089685888845,3.0253089685888845,False,0.04854282068120237,-2.5073490142086456e-06,9.667351298988736e+17,1.114254528327817e+17,CONVERGED
S6,S6_alpha20,Strong Thermoelastic Coupling (2.0x alpha_t),0.2621212121212121,142579.79361842075,0,2.6264415214924414e-07,8.36022301774641e-08,-3.30076104422206,3.30076104422206,False,27.133280691506247,-7.1263975022482795e-06,1.188057891021522e+18,1.2065784536737214e+17,CONVERGED
S6,S6_alpha20,Strong Thermoelastic Coupling (2.0x alpha_t),0.2621212121212121,142579.79361842075,1,2.200510666722252e-05,7.004442998705774e-06,-2.6020875141960085,2.6020875141960085,False,13.491873132008095,0.00029689010745839224,1.188057891021522e+18,1.2065784536737214e+17,CONVERGED
S6,S6_alpha20,Strong Thermoelastic Coupling (2.0x alpha_t),0.2621212121212121,142579.79361842075,2,1.3644552530769065,0.43431959630978545,-5.611751983145078e-07,5.611751983145078e-07,True,0.2048800843838766,-0.9787876548945037,1.188057891021522e+18,1.2065784536737214e+17,CONVERGED
S6,S6_alpha20,Strong Thermoelastic Coupling (2.0x alpha_t),0.2621212121212121,142579.79361842075,3,1.3644524361010677,0.4343186996385268,1.1862766077562756e-06,1.1862766077562756e-06,True,0.2048824835816601,0.9787853673666203,1.188057891021522e+18,1.2065784536737214e+17,CONVERGED
S6,S6_alpha20,Strong Thermoelastic Coupling (2.0x alpha_t),0.2621212121212121,142579.79361842075,4,4.877176572143047e-05,1.5524535195771035e-05,3.0257896951219574,3.0257896951219574,False,0.048519490474504164,-2.366381224221986e-06,1.188057891021522e+18,1.2065784536737214e+17,CONVERGED
S6,S6_alpha20,Strong Thermoelastic Coupling (2.0x alpha_t),0.27979797979797977,152195.0012805493,0,1.4338466775553213e-06,4.5640757273764074e-07,3.320659733324001,3.320659733324001,False,0.036128988392139134,5.180342996953897e-08,1.4285332630404997e+18,6.009160012078088e+16,CONVERGED
S6,S6_alpha20,Strong Thermoelastic Coupling (2.0x alpha_t),0.27979797979797977,152195.0012805493,1,4.442067281905144e-05,1.4139539309239668e-05,-2.5508440172825377,2.5508440172825377,False,12.81791774989972,0.0005693805309643073,1.4285332630404997e+18,6.009160012078088e+16,CONVERGED
S6,S6_alpha20,Strong Thermoelastic Coupling (2.0x alpha_t),0.27979797979797977,152195.0012805493,2,1.4485393013867789,0.46108438015717323,6.562960452604242e-07,6.562960452604242e-07,True,0.12195261474923957,0.9925352624287938,1.4285332630404997e+18,6.009160012078088e+16,CONVERGED
S6,S6_alpha20,Strong Thermoelastic Coupling (2.0x alpha_t),0.27979797979797977,152195.0012805493,3,1.4485373108584292,0.4610837465523208,1.6956010366230381e-06,1.6956010366230381e-06,True,0.12195446367062741,-0.9925339881306264,1.4285332630404997e+18,6.009160012078088e+16,CONVERGED
S6,S6_alpha20,Strong Thermoelastic Coupling (2.0x alpha_t),0.27979797979797977,152195.0012805493,4,5.0937823563287896e-05,1.6214012820880182e-05,3.025869722575972,3.025869722575972,False,0.048515607733337095,-2.471279468923789e-06,1.4285332630404997e+18,6.009160012078088e+16,CONVERGED
S6,S6_alpha20,Strong Thermoelastic Coupling (2.0x alpha_t),0.29747474747474745,161810.20894267788,0,2.324319792433687e-07,7.398539685842989e-08,3.341032161436849,3.341032161436849,False,0.03540039993041492,-8.228185021833299e-09,1.704960903828281e+18,4.786362805230441e+16,CONVERGED
S6,S6_alpha20,Strong Thermoelastic Coupling (2.0x alpha_t),0.29747474747474745,161810.20894267788,1,4.3355796255950776e-05,1.380057857163931e-05,-2.497253116697221,2.497253116697221,False,12.149075978683449,0.0005267328631599031,1.704960903828281e+18,4.786362805230441e+16,CONVERGED
S6,S6_alpha20,Strong Thermoelastic Coupling (2.0x alpha_t),0.29747474747474745,161810.20894267788,2,1.5315659225030356,0.48751257447491364,-8.494214425946603e-07,8.494214425946603e-07,True,0.0392203756211062,-0.999231435144265,1.704960903828281e+18,4.786362805230441e+16,CONVERGED
S6,S6_alpha20,Strong Thermoelastic Coupling (2.0x alpha_t),0.29747474747474745,161810.20894267788,3,1.5315745481497338,0.48751532010353243,3.215410108345106e-06,3.215410108345106e-06,True,0.039211597213456434,0.999227711707612,1.704960903828281e+18,4.786362805230441e+16,CONVERGED
S6,S6_alpha20,Strong Thermoelastic Coupling (2.0x alpha_t),0.29747474747474745,161810.20894267788,4,5.001752202328526e-05,1.5921071742427177e-05,3.0254557288663513,3.0254557288663513,False,0.04853569705014983,-2.427635298145818e-06,1.704960903828281e+18,4.786362805230441e+16,CONVERGED
S6,S6_alpha20,Strong Thermoelastic Coupling (2.0x alpha_t),0.3151515151515151,171425.41660480644,0,2.8686204349629716e-07,9.131102441575596e-08,3.3617996828659504,3.3617996828659504,False,0.0346728027119332,9.946311039689385e-09,2.0103801755889738e+18,6.9944196217721736e+16,CONVERGED
S6,S6_alpha20,Strong Thermoelastic Coupling (2.0x alpha_t),0.3151515151515151,171425.41660480644,1,2.3085766658316065e-05,7.3484277574741365e-06,-2.4414520009196137,2.4414520009196137,False,11.489711705642359,0.00026524880345490384,2.0103801755889738e+18,6.9944196217721736e+16,CONVERGED
S6,S6_alpha20,Strong Thermoelastic Coupling (2.0x alpha_t),0.3151515151515151,171425.41660480644,2,1.6135733827583427,0.5136163598150022,-6.968566183163964e-07,6.968566183163964e-07,True,-0.042764040835733215,0.9990858974710871,2.0103801755889738e+18,6.9944196217721736e+16,CONVERGED
S6,S6_alpha20,Strong Thermoelastic Coupling (2.0x alpha_t),0.3151515151515151,171425.41660480644,3,1.613570168448167,0.513615336668296,-2.4324818473546006e-07,2.4324818473546006e-07,True,-0.04276081006687715,-0.999085581729069,2.0103801755889738e+18,6.9944196217721736e+16,CONVERGED
S6,S6_alpha20,Strong Thermoelastic Coupling (2.0x alpha_t),0.3151515151515151,171425.41660480644,4,4.620719762392255e-05,1.470820781654271e-05,3.024470273586643,3.024470273586643,False,0.04858355039275631,-2.244909715867597e-06,2.0103801755889738e+18,6.9944196217721736e+16,CONVERGED
S6,S6_alpha20,Strong Thermoelastic Coupling (2.0x alpha_t),0.3328282828282828,181040.62426693502,0,3.6380251911629137e-07,1.1580193845328304e-07,-3.382894383647989,3.382894383647989,False,29.455904537889182,-1.0716132273733555e-05,2.3071417051725476e+18,1.2794045852047e+17,CONVERGED
S6,S6_alpha20,Strong Thermoelastic Coupling (2.0x alpha_t),0.3328282828282828,181040.62426693502,1,7.698360859841993e-05,2.4504643690980537e-05,-2.383375815566923,2.383375815566923,False,10.841439827473657,0.000834613161970325,2.3071417051725476e+18,1.2794045852047e+17,CONVERGED
S6,S6_alpha20,Strong Thermoelastic Coupling (2.0x alpha_t),0.3328282828282828,181040.62426693502,2,1.6945908929804507,0.5394050342726955,-5.9698432322126876e-06,5.9698432322126876e-06,True,-0.12347935162576983,-0.9923531576408785,2.3071417051725476e+18,1.2794045852047e+17,CONVERGED
S6,S6_alpha20,Strong Thermoelastic Coupling (2.0x alpha_t),0.3328282828282828,181040.62426693502,3,1.6945875941331494,0.5394039842169864,3.6762637300215915e-06,3.6762637300215915e-06,True,-0.12347488694585088,0.9923439926725405,2.3071417051725476e+18,1.2794045852047e+17,CONVERGED
S6,S6_alpha20,Strong Thermoelastic Coupling (2.0x alpha_t),0.3328282828282828,181040.62426693502,4,5.444308591605517e-05,1.7329772481433857e-05,3.0228013537368064,3.0228013537368064,False,0.04866470012159011,-2.6494564524164977e-06,2.3071417051725476e+18,1.2794045852047e+17,CONVERGED
S6,S6_alpha20,Strong Thermoelastic Coupling (2.0x alpha_t),0.3505050505050505,190655.83192906357,0,1.0922965631695574e-06,3.4768879470144755e-07,3.4042545995295086,3.4042545995295086,False,0.03323158168879371,3.6298742467372203e-08,2.699336624694795e+18,8.512550366016982e+16,CONVERGED
S6,S6_alpha20,Strong Thermoelastic Coupling (2.0x alpha_t),0.3505050505050505,190655.83192906357,1,2.6112993352670943e-05,8.312023942006771e-06,-2.3230830118573045,2.3230830118573045,False,10.20709443657052,0.00026653778923283356,2.699336624694795e+18,8.512550366016982e+16,CONVERGED
S6,S6_alpha20,Strong Thermoelastic Coupling (2.0x alpha_t),0.3505050505050505,190655.83192906357,2,1.7746453781728133,0.5648871683427784,-1.3228501688007915e-06,1.3228501688007915e-06,True,-0.2024404442297589,0.9792959267983786,2.699336624694795e+18,8.512550366016982e+16,CONVERGED
S6,S6_alpha20,Strong Thermoelastic Coupling (2.0x alpha_t),0.3505050505050505,190655.83192906357,3,1.774646149309922,0.5648874138033436,2.8153245444471296e-07,2.8153245444471296e-07,True,-0.20244087460824614,-0.9792941995248915,2.699336624694795e+18,8.512550366016982e+16,CONVERGED
S6,S6_alpha20,Strong Thermoelastic Coupling (2.0x alpha_t),0.3505050505050505,190655.83192906357,4,4.5495384631751176e-05,1.4481630704020496e-05,3.020351926849204,3.020351926849204,False,0.04878404687423231,-2.2194489779678715e-06,2.699336624694795e+18,8.512550366016982e+16,CONVERGED
S6,S6_alpha20,Strong Thermoelastic Coupling (2.0x alpha_t),0.36818181818181817,200271.03959119215,0,1.9559059148022633e-08,6.225841891269114e-09,-3.4258289555456494,3.4258289555456494,False,30.74812311704535,-6.014043587369721e-07,3.1261033767208335e+18,6.204654610949885e+16,CONVERGED
S6,S6_alpha20,Strong Thermoelastic Coupling (2.0x alpha_t),0.36818181818181817,200271.03959119215,1,2.2663327780291467e-06,7.213961286290519e-07,-2.2605891209507125,2.2605891209507125,False,9.58873642863726,2.1731267668139968e-05,3.1261033767208335e+18,6.204654610949885e+16,CONVERGED
S6,S6_alpha20,Strong Thermoelastic Coupling (2.0x alpha_t),0.36818181818181817,200271.03959119215,2,1.8538014952874393,0.5900833429722858,-3.361515200929917e-06,3.361515200929917e-06,True,-0.2792434685311633,-0.9602238324139256,3.1261033767208335e+18,6.204654610949885e+16,CONVERGED
S6,S6_alpha20,Strong Thermoelastic Coupling (2.0x alpha_t),0.36818181818181817,200271.03959119215,3,1.853797163043151,0.5900819639760995,2.033972828081997e-06,2.033972828081997e-06,True,-0.27923780197604686,0.9602198612870929,3.1261033767208335e+18,6.204654610949885e+16,CONVERGED
S6,S6_alpha20,Strong Thermoelastic Coupling (2.0x alpha_t),0.36818181818181817,200271.03959119215,4,4.0724234059746016e-05,1.2962926308479806e-05,3.0170130973679106,3.0170130973679106,False,0.048947200718068566,-1.9933372597139516e-06,3.1261033767208335e+18,6.204654610949885e+16,CONVERGED
S6,S6_alpha20,Strong Thermoelastic Coupling (2.0x alpha_t),0.38585858585858585,209886.2472533207,0,1.2650640599492109e-06,4.026823969376375e-07,3.447565429046498,3.447565429046498,False,0.03182301753901167,-4.025815576775853e-08,3.4933792663465405e+18,8.064241986946896e+16,CONVERGED
S6,S6_alpha20,Strong Thermoelastic Coupling (2.0x alpha_t),0.38585858585858585,209886.2472533207,1,0.00010976694690218263,3.493990437517595e-05,-2.1958463959642445,2.1958463959642445,False,8.987604856809709,0.00098654194905744,3.4933792663465405e+18,8.064241986946896e+16,CONVERGED
S6,S6_alpha20,Strong Thermoelastic Coupling (2.0x alpha_t),0.38585858585858585,209886.2472533207,2,1.932085854032454,0.6150020282943824,1.4759210755825465e-06,1.4759210755825465e-06,True,-0.35348028278196797,0.9354403978055392,3.4933792663465405e+18,8.064241986946896e+16,CONVERGED
S6,S6_alpha20,Strong Thermoelastic Coupling (2.0x alpha_t),0.38585858585858585,209886.2472533207,3,1.9320828275192703,0.6150010649253154,8.452531244013162e-06,8.452531244013162e-06,True,-0.3534749855918714,-0.9354349414263015,3.4933792663465405e+18,8.064241986946896e+16,CONVERGED
S6,S6_alpha20,Strong Thermoelastic Coupling (2.0x alpha_t),0.38585858585858585,209886.2472533207,4,6.088141068674359e-05,1.937915490640597e-05,3.012658567291263,3.012658567291263,False,0.04916080746650231,-2.9929793127579296e-06,3.4933792663465405e+18,8.064241986946896e+16,CONVERGED
S6,S6_alpha20,Strong Thermoelastic Coupling (2.0x alpha_t),0.4035353535353535,219501.45491544926,0,5.232246762992314e-07,1.6654758716135906e-07,-3.469423758793678,3.469423758793678,False,32.1182292640562,-1.680505010999184e-05,3.981333623504158e+18,9.956120687457179e+16,CONVERGED
S6,S6_alpha20,Strong Thermoelastic Coupling (2.0x alpha_t),0.4035353535353535,219501.45491544926,1,1.689762968027457e-05,5.378682580304042e-06,-2.128506335688496,2.128506335688496,False,8.402307206249466,0.00014197907564461896,3.981333623504158e+18,9.956120687457179e+16,CONVERGED
S6,S6_alpha20,Strong Thermoelastic Coupling (2.0x alpha_t),0.4035353535353535,219501.45491544926,2,2.0095464604847924,0.6396585051179536,-1.3120711357171139e-06,1.3120711357171139e-06,True,-0.42480887142265605,-0.9052845115798258,3.981333623504158e+18,9.956120687457179e+16,CONVERGED
S6,S6_alpha20,Strong Thermoelastic Coupling (2.0x alpha_t),0.4035353535353535,219501.45491544926,3,2.009539664664346,0.6396563419411209,2.29736054625703e-07,2.29736054625703e-07,True,-0.424802064298471,0.9052860027061912,3.981333623504158e+18,9.956120687457179e+16,CONVERGED
S6,S6_alpha20,Strong Thermoelastic Coupling (2.0x alpha_t),0.4035353535353535,219501.45491544926,4,4.266510955367962e-05,1.358072616605072e-05,3.007091937410572,3.007091937410572,False,0.04943523063025219,-2.1091595319309035e-06,3.981333623504158e+18,9.956120687457179e+16,CONVERGED
S6,S6_alpha20,Strong Thermoelastic Coupling (2.0x alpha_t),0.4212121212121212,229116.66257757787,0,6.669918050038679e-07,2.1231008553630232e-07,-3.4913638258444157,3.4913638258444157,False,32.83069253418087,-2.1897802872903557e-05,4.477928994622494e+18,9.463663879384821e+16,CONVERGED
S6,S6_alpha20,Strong Thermoelastic Coupling (2.0x alpha_t),0.4212121212121212,229116.66257757787,1,4.7279204094825654e-05,1.5049438074284164e-05,-2.0587913281447072,2.0587913281447072,False,7.836492327404624,0.00037050312041096326,4.477928994622494e+18,9.463663879384821e+16,CONVERGED
S6,S6_alpha20,Strong Thermoelastic Coupling (2.0x alpha_t),0.4212121212121212,229116.66257757787,2,2.086214857429441,0.6640628138232985,-6.1199994666995055e-06,6.1199994666995055e-06,True,-0.4929020666037864,0.8700918301027536,4.477928994622494e+18,9.463663879384821e+16,CONVERGED
S6,S6_alpha20,Strong Thermoelastic Coupling (2.0x alpha_t),0.4212121212121212,229116.66257757787,3,2.0862214308561726,0.6640649062100132,4.068160610657262e-06,4.068160610657262e-06,True,-0.49290276428018587,-0.8700797254716547,4.477928994622494e+18,9.463663879384821e+16,CONVERGED
S6,S6_alpha20,Strong Thermoelastic Coupling (2.0x alpha_t),0.4212121212121212,229116.66257757787,4,4.8843896035646105e-05,1.5547494987879415e-05,3.0002182981038783,3.0002182981038783,False,0.049776201072057095,-2.431263592146416e-06,4.477928994622494e+18,9.463663879384821e+16,CONVERGED
S6,S6_alpha20,Strong Thermoelastic Coupling (2.0x alpha_t),0.4388888888888889,238731.87023970645,0,1.4499814421101174e-06,4.615434278066801e-07,-3.5133527840554755,3.5133527840554755,False,33.56060081178184,-4.866224836318351e-05,5.094021302495406e+18,3.517823208305765e+17,CONVERGED
S6,S6_alpha20,Strong Thermoelastic Coupling (2.0x alpha_t),0.4388888888888889,238731.87023970645,1,1.5392457837997394e-05,4.899571502501747e-06,-1.9862466567890706,1.9862466567890706,False,7.2881275171595385,0.00011218219553468651,5.094021302495406e+18,3.517823208305765e+17,CONVERGED
S6,S6_alpha20,Strong Thermoelastic Coupling (2.0x alpha_t),0.4388888888888889,238731.87023970645,2,2.1621683467846533,0.6882395603752178,-1.2434963308319978e-05,1.2434963308319978e-05,True,-0.557507498661593,0.8301868820765417,5.094021302495406e+18,3.517823208305765e+17,CONVERGED
S6,S6_alpha20,Strong Thermoelastic Coupling (2.0x alpha_t),0.4388888888888889,238731.87023970645,3,2.1621688701392023,0.6882397269641448,-8.548351375892887e-06,8.548351375892887e-06,True,-0.5575057663308235,-0.8301833636955046,5.094021302495406e+18,3.517823208305765e+17,CONVERGED
S6,S6_alpha20,Strong Thermoelastic Coupling (2.0x alpha_t),0.4388888888888889,238731.87023970645,4,4.180940331082391e-05,1.330834640928056e-05,2.991787244703281,2.991787244703281,False,0.0501976409921286,-2.098733418714732e-06,5.094021302495406e+18,3.517823208305765e+17,CONVERGED
S6,S6_alpha20,Strong Thermoelastic Coupling (2.0x alpha_t),0.45656565656565656,248347.077901835,0,2.2459471649184697e-07,7.149071864400055e-08,3.5353646783914474,3.5353646783914474,False,0.029148125359481636,6.546514951381703e-09,5.649518133049832e+18,1.9909572650097648e+17,CONVERGED
S6,S6_alpha20,Strong Thermoelastic Coupling (2.0x alpha_t),0.45656565656565656,248347.077901835,1,5.229097732679466e-05,1.6644735041331185e-05,-1.9109787855988059,1.9109787855988059,False,6.759701851209995,0.0003534714165596848,5.649518133049832e+18,1.9909572650097648e+17,CONVERGED
S6,S6_alpha20,Strong Thermoelastic Coupling (2.0x alpha_t),0.45656565656565656,248347.077901835,2,2.237412118468336,0.71219039677589,-2.4096846545315166e-06,2.4096846545315166e-06,True,-0.6183313102421069,0.7859206131379948,5.649518133049832e+18,1.9909572650097648e+17,CONVERGED
S6,S6_alpha20,Strong Thermoelastic Coupling (2.0x alpha_t),0.45656565656565656,248347.077901835,3,2.2374166015460157,0.712191823783836,-1.9763120892032305e-06,1.9763120892032305e-06,True,-0.6183345656097572,-0.7859175005076442,5.649518133049832e+18,1.9909572650097648e+17,CONVERGED
S6,S6_alpha20,Strong Thermoelastic Coupling (2.0x alpha_t),0.45656565656565656,248347.077901835,4,5.079025857914292e-05,1.6167041427572283e-05,2.9816539918405036,2.9816539918405036,False,0.05070889230513415,-2.5755177546543194e-06,5.649518133049832e+18,1.9909572650097648e+17,CONVERGED
S6,S6_alpha20,Strong Thermoelastic Coupling (2.0x alpha_t),0.4742424242424242,257962.28556396352,0,6.987253286610372e-08,2.224111798398265e-08,-3.5573698636292654,3.5573698636292654,False,35.07083465759674,2.450488047254622e-06,6.288194732162863e+18,7.843269960718834e+16,CONVERGED
S6,S6_alpha20,Strong Thermoelastic Coupling (2.0x alpha_t),0.4742424242424242,257962.28556396352,1,3.368389922999935e-05,1.0721918130127368e-05,-1.8325494879637345,1.8325494879637345,False,6.249800150995999,0.00021051763857340207,6.288194732162863e+18,7.843269960718834e+16,CONVERGED
S6,S6_alpha20,Strong Thermoelastic Coupling (2.0x alpha_t),0.4742424242424242,257962.28556396352,2,2.3120242312434782,0.7359401699012778,-2.2717197393823824e-06,2.2717197393823824e-06,True,-0.6751957057538427,0.7376417168120106,6.288194732162863e+18,7.843269960718834e+16,CONVERGED
S6,S6_alpha20,Strong Thermoelastic Coupling (2.0x alpha_t),0.4742424242424242,257962.28556396352,3,2.312015611458166,0.7359374261383961,5.692350467881023e-06,5.692350467881023e-06,True,-0.6751839701815691,-0.7376416621732559,6.288194732162863e+18,7.843269960718834e+16,CONVERGED
S6,S6_alpha20,Strong Thermoelastic Coupling (2.0x alpha_t),0.4742424242424242,257962.28556396352,4,4.639875460543403e-05,1.476918229752534e-05,2.9695256333505107,2.9695256333505107,False,0.05132765262924241,-2.381539160526207e-06,6.288194732162863e+18,7.843269960718834e+16,CONVERGED
S6,S6_alpha20,Strong Thermoelastic Coupling (2.0x alpha_t),0.49191919191919187,267577.4932260921,0,6.259187894593817e-07,1.9923613863311183e-07,-3.5793502629963148,3.5793502629963148,False,35.85024005062873,-2.2439338854320708e-05,6.895088758329402e+18,9.73756901466504e+16,CONVERGED
S6,S6_alpha20,Strong Thermoelastic Coupling (2.0x alpha_t),0.49191919191919187,267577.4932260921,1,5.580530518229256e-05,1.776338034102725e-05,-1.7506282243223783,1.7506282243223783,False,5.758218984216473,-0.0003213391680542459,6.895088758329402e+18,9.73756901466504e+16,CONVERGED
S6,S6_alpha20,Strong Thermoelastic Coupling (2.0x alpha_t),0.49191919191919187,267577.4932260921,2,2.386021765245609,0.7594943165273772,-8.998475735710337e-07,8.998475735710337e-07,True,-0.7278808561953668,-0.6857049357275083,6.895088758329402e+18,9.73756901466504e+16,CONVERGED
S6,S6_alpha20,Strong Thermoelastic Coupling (2.0x alpha_t),0.49191919191919187,267577.4932260921,3,2.3860195366557386,0.7594936071451891,-6.577042311113456e-07,6.577042311113456e-07,True,-0.7278791517873732,0.6857063918344509,6.895088758329402e+18,9.73756901466504e+16,CONVERGED
S6,S6_alpha20,Strong Thermoelastic Coupling (2.0x alpha_t),0.49191919191919187,267577.4932260921,4,2.2099858238446412e-05,7.034603360557786e-06,2.955098687312521,2.955098687312521,False,0.05207352131379084,-1.1508174391988498e-06,6.895088758329402e+18,9.73756901466504e+16,CONVERGED
S6,S6_alpha20,Strong Thermoelastic Coupling (2.0x alpha_t),0.5095959595959596,277192.70088822074,0,1.1913679847436147e-06,3.7922420762675207e-07,-3.6012859549442995,3.6012859549442995,False,36.64532839804935,-4.365807104387266e-05,7.871453509317587e+18,6.3052340333066744e+16,CONVERGED
S6,S6_alpha20,Strong Thermoelastic Coupling (2.0x alpha_t),0.5095959595959596,277192.70088822074,1,2.741944543070119e-05,8.727880554269155e-06,-1.664778865357739,1.664778865357739,False,5.28450453153764,-0.00014489818366710222,7.871453509317587e+18,6.3052340333066744e+16,CONVERGED
S6,S6_alpha20,Strong Thermoelastic Coupling (2.0x alpha_t),0.5095959595959596,277192.70088822074,2,2.459471932421327,0.7828742308812603,-4.2435932848631275e-06,4.2435932848631275e-06,True,-0.7762407705672224,0.6304432990616926,7.871453509317587e+18,6.3052340333066744e+16,CONVERGED
S6,S6_alpha20,Strong Thermoelastic Coupling (2.0x alpha_t),0.5095959595959596,277192.70088822074,3,2.459475984087735,0.7828755205667336,-1.411382775416031e-06,1.411382775416031e-06,True,-0.7762411264253988,-0.6304383684511619,7.871453509317587e+18,6.3052340333066744e+16,CONVERGED
S6,S6_alpha20,Strong Thermoelastic Coupling (2.0x alpha_t),0.5095959595959596,277192.70088822074,4,2.9261618525619862e-05,9.31426246244356e-06,2.938000280259823,2.938000280259823,False,0.05297155112932957,-1.5500333222992112e-06,7.871453509317587e+18,6.3052340333066744e+16,CONVERGED
S6,S6_alpha20,Strong Thermoelastic Coupling (2.0x alpha_t),0.5272727272727272,286807.90855034924,0,6.917871266209945e-08,2.2020268153814037e-08,3.6231588247125024,3.6231588247125024,False,0.026698208192779318,-1.8469476731611928e-09,8.424095945864696e+18,8.12753371676033e+16,CONVERGED
S6,S6_alpha20,Strong Thermoelastic Coupling (2.0x alpha_t),0.5272727272727272,286807.90855034924,1,3.89213768553363e-05,1.2389059036938523e-05,-1.5746771137604385,1.5746771137604385,False,4.829182086245762,0.00018795841597672155,8.424095945864696e+18,8.12753371676033e+16,CONVERGED
S6,S6_alpha20,Strong Thermoelastic Coupling (2.0x alpha_t),0.5272727272727272,286807.90855034924,2,2.5324192649586723,0.8060940879986338,-1.319060340551291e-06,1.319060340551291e-06,True,-0.8201223583099587,0.572190488844644,8.424095945864696e+18,8.12753371676033e+16,CONVERGED
S6,S6_alpha20,Strong Thermoelastic Coupling (2.0x alpha_t),0.5272727272727272,286807.90855034924,3,2.5324135172571443,0.8060922584484146,1.1100810021846556e-06,1.1100810021846556e-06,True,-0.8201170773335469,-0.5721938127123897,8.424095945864696e+18,8.12753371676033e+16,CONVERGED
S6,S6_alpha20,Strong Thermoelastic Coupling (2.0x alpha_t),0.5272727272727272,286807.90855034924,4,4.9318019051401886e-05,1.5698413031061756e-05,2.917840336361424,2.917840336361424,False,0.05405029172589879,-2.6656533192329e-06,8.424095945864696e+18,8.12753371676033e+16,CONVERGED
S6,S6_alpha20,Strong Thermoelastic Coupling (2.0x alpha_t),0.544949494949495,296423.11621247785,0,6.12494918570515e-06,1.949631878183308e-06,-3.644959676973561,3.644959676973561,False,38.28122920470051,0.00023447058364805466,9.413962551422644e+18,2.3332026047207555e+17,CONVERGED
S6,S6_alpha20,Strong Thermoelastic Coupling (2.0x alpha_t),0.544949494949495,296423.11621247785,1,3.865720571700514e-05,1.230497075196329e-05,-1.4795965829881612,1.4795965829881612,False,4.3911738460354846,0.00016975051078988362,9.413962551422644e+18,2.3332026047207555e+17,CONVERGED
S6,S6_alpha20,Strong Thermoelastic Coupling (2.0x alpha_t),0.544949494949495,296423.11621247785,2,2.6049110621951748,0.8291689437262434,-4.8449785344474636e-05,4.8449785344474636e-05,True,-0.8594517083044976,-0.5113117105622409,9.413962551422644e+18,2.3332026047207555e+17,CONVERGED
S6,S6_alpha20,Strong Thermoelastic Coupling (2.0x alpha_t),0.544949494949495,296423.11621247785,3,2.6049352373535717,0.8291766389181612,5.4785372731162874e-05,5.4785372731162874e-05,True,-0.8593753467656187,0.5112381525557979,9.413962551422644e+18,2.3332026047207555e+17,CONVERGED
S6,S6_alpha20,Strong Thermoelastic Coupling (2.0x alpha_t),0.544949494949495,296423.11621247785,4,4.997213335573592e-05,1.590662408082551e-05,2.894044224109938,2.894044224109938,False,0.0553519037665955,-2.7660527188206473e-06,9.413962551422644e+18,2.3332026047207555e+17,CONVERGED
S6,S6_alpha20,Strong Thermoelastic Coupling (2.0x alpha_t),0.5626262626262627,306038.32387460646,0,5.6119337290440875e-06,1.7863339865629995e-06,-3.6666693882482417,3.6666693882482417,False,39.12139046944778,-0.0002195466507049027,9.890025520911598e+18,8.690747001618142e+16,CONVERGED
S6,S6_alpha20,Strong Thermoelastic Coupling (2.0x alpha_t),0.5626262626262627,306038.32387460646,1,5.7634762386746396e-05,1.8345714655555066e-05,-1.3789761518571253,1.3789761518571253,False,3.970834007914566,-0.00022885807477677217,9.890025520911598e+18,8.690747001618142e+16,CONVERGED
S6,S6_alpha20,Strong Thermoelastic Coupling (2.0x alpha_t),0.5626262626262627,306038.32387460646,2,2.6770328469360725,0.8521260208184904,-4.5756308685660124e-06,4.5756308685660124e-06,True,-0.8940229624455851,-0.44803135372831887,9.890025520911598e+18,8.690747001618142e+16,CONVERGED
S6,S6_alpha20,Strong Thermoelastic Coupling (2.0x alpha_t),0.5626262626262627,306038.32387460646,3,2.6770201866379377,0.8521219909204321,-1.0196467681476956e-06,1.0196467681476956e-06,True,-0.894014111057808,0.4480410790598703,9.890025520911598e+18,8.690747001618142e+16,CONVERGED
S6,S6_alpha20,Strong Thermoelastic Coupling (2.0x alpha_t),0.5626262626262627,306038.32387460646,4,1.597566363011541e-05,5.085211671812561e-06,2.8660035652372406,2.8660035652372406,False,0.056925973520745805,-9.094302048616606e-07,9.890025520911598e+18,8.690747001618142e+16,CONVERGED
S6,S6_alpha20,Strong Thermoelastic Coupling (2.0x alpha_t),0.5803030303030303,315653.531536735,0,4.998256670913003e-07,1.5909945120356905e-07,3.6882864959234265,3.6882864959234265,False,0.025014828350621125,1.2503053267524616e-08,1.0344525888235911e+19,8.174255834257173e+16,CONVERGED
S6,S6_alpha20,Strong Thermoelastic Coupling (2.0x alpha_t),0.5803030303030303,315653.531536735,1,8.851720911241843e-06,2.817590275788071e-06,-1.2718155031062854,1.2718155031062854,False,3.567323173033477,3.157694912872274e-05,1.0344525888235911e+19,8.174255834257173e+16,CONVERGED
S6,S6_alpha20,Strong Thermoelastic Coupling (2.0x alpha_t),0.5803030303030303,315653.531536735,2,2.748838820872782,0.8749825722096006,2.137326958299783e-06,2.137326958299783e-06,True,-0.9238566042332128,-0.3827331971098098,1.0344525888235911e+19,8.174255834257173e+16,CONVERGED
S6,S6_alpha20,Strong Thermoelastic Coupling (2.0x alpha_t),0.5803030303030303,315653.531536735,3,2.7488386306215484,0.8749825116507521,3.3698170424997788e-06,3.3698170424997788e-06,True,-0.9238553927744207,0.3827329011598651,1.0344525888235911e+19,8.174255834257173e+16,CONVERGED
S6,S6_alpha20,Strong Thermoelastic Coupling (2.0x alpha_t),0.5803030303030303,315653.531536735,4,4.045245930532283e-05,1.2876417717331734e-05,2.832853989349119,2.832853989349119,False,0.05884467167436704,-2.3804116875408524e-06,1.0344525888235911e+19,8.174255834257173e+16,CONVERGED
S6,S6_alpha20,Strong Thermoelastic Coupling (2.0x alpha_t),0.5979797979797981,325268.7391988636,0,2.668198447981692e-06,8.493139442928192e-07,3.7097968264162744,3.7097968264162744,False,0.024482496962933593,6.532416039937092e-08,1.1909909678785313e+19,9.598749351110434e+16,CONVERGED
S6,S6_alpha20,Strong Thermoelastic Coupling (2.0x alpha_t),0.5979797979797981,325268.7391988636,1,5.985531472903183e-05,1.905253841889309e-05,-1.156437532638042,1.156437532638042,False,3.1785894552221934,0.00019025547246391303,1.1909909678785313e+19,9.598749351110434e+16,CONVERGED
S6,S6_alpha20,Strong Thermoelastic Coupling (2.0x alpha_t),0.5979797979797981,325268.7391988636,2,2.820476184217022,0.8977854531822125,-7.557148818585642e-06,7.557148818585642e-06,True,-0.948890793493876,0.31562854185643796,1.1909909678785313e+19,9.598749351110434e+16,CONVERGED
S6,S6_alpha20,Strong Thermoelastic Coupling (2.0x alpha_t),0.5979797979797981,325268.7391988636,3,2.820464602258002,0.8977817665301551,-6.636159570673737e-06,6.636159570673737e-06,True,-0.9488862639189468,-0.3156392411490716,1.1909909678785313e+19,9.598749351110434e+16,CONVERGED
S6,S6_alpha20,Strong Thermoelastic Coupling (2.0x alpha_t),0.5979797979797981,325268.7391988636,4,6.193148776754014e-05,1.9713404822478527e-05,2.793293331434212,2.793293331434212,False,0.06121926610595091,-3.791400234825801e-06,1.1909909678785313e+19,9.598749351110434e+16,CONVERGED
S6,S6_alpha20,Strong Thermoelastic Coupling (2.0x alpha_t),0.6156565656565657,334883.9468609921,0,1.6962300809783157e-05,5.399268040177298e-06,-3.731189650827592,3.731189650827592,False,41.72872124882279,-0.0007078151222980065,1.2454689458298855e+19,1.0308883451598272e+17,CONVERGED
S6,S6_alpha20,Strong Thermoelastic Coupling (2.0x alpha_t),0.6156565656565657,334883.9468609921,1,1.2203362160572688e-05,3.88445082039147e-06,-1.0320188478924048,1.0320188478924048,False,2.806726472407811,-3.425149963015941e-05,1.2454689458298855e+19,1.0308883451598272e+17,CONVERGED
S6,S6_alpha20,Strong Thermoelastic Coupling (2.0x alpha_t),0.6156565656565657,334883.9468609921,2,2.8921701955461185,0.9206063657684367,-1.789987034632329e-05,1.789987034632329e-05,True,-0.9690724923934078,-0.24684874896976827,1.2454689458298855e+19,1.0308883451598272e+17,CONVERGED
S6,S6_alpha20,Strong Thermoelastic Coupling (2.0x alpha_t),0.6156565656565657,334883.9468609921,3,2.8921634937810805,0.9206042325303702,-5.977437730828213e-06,5.977437730828213e-06,True,-0.9690592844364374,0.24685230036291209,1.2454689458298855e+19,1.0308883451598272e+17,CONVERGED
S6,S6_alpha20,Strong Thermoelastic Coupling (2.0x alpha_t),0.6156565656565657,334883.9468609921,4,3.188615851464895e-05,1.0149679487636215e-05,2.746145618839125,2.746145618839125,False,0.06417473899294075,-2.0462859008586363e-06,1.2454689458298855e+19,1.0308883451598272e+17,CONVERGED
S6,S6_alpha20,Strong Thermoelastic Coupling (2.0x alpha_t),0.6333333333333333,344499.15452312067,0,2.3213963539811106e-05,7.3892340922319396e-06,3.752486445981248,3.752486445981248,False,0.023459342883016595,5.445843304520978e-07,1.3043896547079164e+19,1.0434782778753514e+17,CONVERGED
S6,S6_alpha20,Strong Thermoelastic Coupling (2.0x alpha_t),0.6333333333333333,344499.15452312067,1,0.00020074263542425337,6.389836543412827e-05,-0.8959192874293685,0.8959192874293685,False,2.4495865795584635,0.000491736472285716,1.3043896547079164e+19,1.0434782778753514e+17,CONVERGED
S6,S6_alpha20,Strong Thermoelastic Coupling (2.0x alpha_t),0.6333333333333333,344499.15452312067,2,2.9644143114462422,0.9436023820780536,-1.0257931343561944e-05,1.0257931343561944e-05,True,-0.9843550331570804,0.17625460212846084,1.3043896547079164e+19,1.0434782778753514e+17,CONVERGED
S6,S6_alpha20,Strong Thermoelastic Coupling (2.0x alpha_t),0.6333333333333333,344499.15452312067,3,2.964420151631574,0.9436042410667819,8.922360374858893e-06,8.922360374858893e-06,True,-0.9843371824444649,-0.1762454728376267,1.3043896547079164e+19,1.0434782778753514e+17,CONVERGED
S6,S6_alpha20,Strong Thermoelastic Coupling (2.0x alpha_t),0.6333333333333333,344499.15452312067,4,0.00013422776311813083,4.272602400083704e-05,2.6891852887483014,2.6891852887483014,False,0.0679362646590926,-9.118932894556877e-06,1.3043896547079164e+19,1.0434782778753514e+17,CONVERGED
S6,S6_alpha20,Strong Thermoelastic Coupling (2.0x alpha_t),0.651010101010101,354114.3621852493,0,1.1079296691616604e-05,3.52664966890493e-06,3.7736475409511026,3.7736475409511026,False,0.02296813310341146,-2.5447076111564857e-07,1.4225180959766483e+19,2.3474320528579133e+17,CONVERGED
S6,S6_alpha20,Strong Thermoelastic Coupling (2.0x alpha_t),0.651010101010101,354114.3621852493,1,0.0006223295611847328,0.0001980936517895207,-0.7438749019115134,0.7438749019115134,False,2.1040724070163264,-0.001309426626803774,1.4225180959766483e+19,2.3474320528579133e+17,CONVERGED
S6,S6_alpha20,Strong Thermoelastic Coupling (2.0x alpha_t),0.651010101010101,354114.3621852493,2,3.039195088250804,0.967405842631449,-4.484606028410942e-06,4.484606028410942e-06,True,-0.9947664096937716,0.10221917333476949,1.4225180959766483e+19,2.3474320528579133e+17,CONVERGED
S6,S6_alpha20,Strong Thermoelastic Coupling (2.0x alpha_t),0.651010101010101,354114.3621852493,3,3.0391865506807,0.967403125038481,1.5961615104726013e-07,1.5961615104726013e-07,True,-0.9947609170527169,-0.10222719145211141,1.4225180959766483e+19,2.3474320528579133e+17,CONVERGED
S6,S6_alpha20,Strong Thermoelastic Coupling (2.0x alpha_t),0.651010101010101,354114.3621852493,4,0.00028509769909659403,9.074941615069745e-05,2.6188485263340993,2.6188485263340993,False,0.0728867387275236,2.0779842068871617e-05,1.4225180959766483e+19,2.3474320528579133e+17,CONVERGED
S6,S6_alpha20,Strong Thermoelastic Coupling (2.0x alpha_t),0.6686868686868687,363729.5698473778,0,5.278844694074092e-06,1.6803084537526316e-06,3.794693011539268,3.794693011539268,False,0.022489808868596105,-1.1872020821783177e-07,1.5383042379828427e+19,1.5588545017564835e+17,CONVERGED
S6,S6_alpha20,Strong Thermoelastic Coupling (2.0x alpha_t),0.6686868686868687,363729.5698473778,1,1.5646925192706415e-06,4.980570977216666e-07,-0.5736279342279251,0.5736279342279251,False,1.7746938589599905,-2.7768502051125103e-06,1.5383042379828427e+19,1.5588545017564835e+17,CONVERGED
S6,S6_alpha20,Strong Thermoelastic Coupling (2.0x alpha_t),0.6686868686868687,363729.5698473778,2,3.141576887145662,0.9999949813849631,-0.02498653326233634,0.02498653326233634,False,-1.0253013128402146,1.6165355867837953e-05,1.5383042379828427e+19,1.5588545017564835e+17,CONVERGED
S6,S6_alpha20,Strong Thermoelastic Coupling (2.0x alpha_t),0.6686868686868687,363729.5698473778,3,3.1415471947390476,0.9999855299983932,0.02505494481853696,0.02505494481853696,False,-0.9752563242666826,-4.4334031713992156e-05,1.5383042379828427e+19,1.5588545017564835e+17,CONVERGED
S6,S6_alpha20,Strong Thermoelastic Coupling (2.0x alpha_t),0.6686868686868687,363729.5698473778,4,3.763059301018112e-05,1.1978189778099302e-05,2.5318486201051034,2.5318486201051034,False,0.07951189699253298,-2.9920798366057758e-06,1.5383042379828427e+19,1.5588545017564835e+17,CONVERGED
S6,S6_alpha20,Strong Thermoelastic Coupling (2.0x alpha_t),0.6863636363636364,373344.7775095064,0,4.5775887147299166e-05,1.4570917427818845e-05,3.8155851847467575,3.8155851847467575,False,0.022024822068792107,1.0082057701645805e-06,1.8304387157271925e+19,1.0525489674828363e+17,CONVERGED
S6,S6_alpha20,Strong Thermoelastic Coupling (2.0x alpha_t),0.6863636363636364,373344.7775095064,1,0.00025591545203831217,8.14604184109885e-05,-0.3749833269861389,0.3749833269861389,False,1.4549671080835356,0.0003723485732947806,1.8304387157271925e+19,1.0525489674828363e+17,CONVERGED
S6,S6_alpha20,Strong Thermoelastic Coupling (2.0x alpha_t),0.6863636363636364,373344.7775095064,2,3.1415843602582094,0.9999973601505675,-0.04522532215624208,0.04522532215624208,False,-1.0462635796810706,8.677010790515564e-06,1.8304387157271925e+19,1.0525489674828363e+17,CONVERGED
S6,S6_alpha20,Strong Thermoelastic Coupling (2.0x alpha_t),0.6863636363636364,373344.7775095064,3,3.1415736767493088,0.9999939594840653,0.04524482776073957,0.04524482776073957,False,-0.9557634555874638,-1.813737063954972e-05,1.8304387157271925e+19,1.0525489674828363e+17,CONVERGED
S6,S6_alpha20,Strong Thermoelastic Coupling (2.0x alpha_t),0.6863636363636364,373344.7775095064,4,0.00019763672994495583,6.290972501451547e-05,2.4193862353105144,2.4193862353105144,False,0.08897620942272629,-1.7584967302163088e-05,1.8304387157271925e+19,1.0525489674828363e+17,CONVERGED
S6,S6_alpha20,Strong Thermoelastic Coupling (2.0x alpha_t),0.704040404040404,382959.98517163494,0,1.8699377148281861e-06,5.952196611777376e-07,-3.8364071395052397,3.8364071395052397,False,46.35861483173455,-8.66877222811548e-05,2.029274865522758e+19,1.2392689234686754e+17,CONVERGED
S6,S6_alpha20,Strong Thermoelastic Coupling (2.0x alpha_t),0.704040404040404,382959.98517163494,1,0.0003803301385556427,0.00012106284311591198,-0.13486681160643663,0.13486681160643663,False,1.1443842727185578,0.0004352438499901025,2.029274865522758e+19,1.2392689234686754e+17,CONVERGED
S6,S6_alpha20,Strong Thermoelastic Coupling (2.0x alpha_t),0.704040404040404,382959.98517163494,2,3.0633178852504903,0.975084367398854,-4.094655169099585e-06,4.094655169099585e-06,True,-0.9969421762684598,-0.07819518221078506,2.029274865522758e+19,1.2392689234686754e+17,CONVERGED
S6,S6_alpha20,Strong Thermoelastic Coupling (2.0x alpha_t),0.704040404040404,382959.98517163494,3,3.0633122167758913,0.9750825630673495,-1.8592788173954752e-07,1.8592788173954752e-07,True,-0.996937836239299,0.07820052768579816,2.029274865522758e+19,1.2392689234686754e+17,CONVERGED
S6,S6_alpha20,Strong Thermoelastic Coupling (2.0x alpha_t),0.704040404040404,382959.98517163494,4,0.00029934148468842195,9.528335392125851e-05,2.2681580835606012,2.2681580835606012,False,0.10350264320779286,-3.0982635812399775e-05,2.029274865522758e+19,1.2392689234686754e+17,CONVERGED
S6,S6_alpha20,Strong Thermoelastic Coupling (2.0x alpha_t),0.7217171717171718,392575.19283376355,0,1.8890708134094115e-05,6.013099156094707e-06,3.8569155538766475,3.8569155538766475,False,0.021133082950295295,3.9921890203511723e-07,1.7344431643433947e+19,1.304301309650534e+17,CONVERGED
S6,S6_alpha20,Strong Thermoelastic Coupling (2.0x alpha_t),0.7217171717171718,392575.19283376355,1,0.00014339756839871657,4.564486367602781e-05,0.18027206677595053,0.18027206677595053,False,0.8350429844630539,-0.00011974313430116307,1.7344431643433947e+19,1.304301309650534e+17,CONVERGED
S6,S6_alpha20,Strong Thermoelastic Coupling (2.0x alpha_t),0.7217171717171718,392575.19283376355,2,2.9872307826205273,0.950865090420656,2.0097833203848304e-05,2.0097833203848304e-05,True,-0.9880899853599867,0.1537464990584453,1.7344431643433947e+19,1.304301309650534e+17,CONVERGED
S6,S6_alpha20,Strong Thermoelastic Coupling (2.0x alpha_t),0.7217171717171718,392575.19283376355,3,2.9872368694941693,0.9508670279327123,2.5468565616485957e-05,2.5468565616485957e-05,True,-0.9880856144195086,-0.15373965897992248,1.7344431643433947e+19,1.304301309650534e+17,CONVERGED
S6,S6_alpha20,Strong Thermoelastic Coupling (2.0x alpha_t),0.7217171717171718,392575.19283376355,4,6.763467120650828e-05,2.1528784493821756e-05,2.0453373790922713,2.0453373790922713,False,0.12933654687299648,8.747634836078799e-06,1.7344431643433947e+19,1.304301309650534e+17,CONVERGED
S6,S6_alpha20,Strong Thermoelastic Coupling (2.0x alpha_t),0.7393939393939394,402190.40049589204,0,7.058153023273225e-05,2.2466798855058785e-05,3.8775234055438297,3.8775234055438297,False,0.020702032232746633,1.4611811163410182e-06,2.264326599747603e+19,1.9912593272378675e+17,CONVERGED
S6,S6_alpha20,Strong Thermoelastic Coupling (2.0x alpha_t),0.7393939393939394,402190.40049589204,1,0.0013501068044112488,0.0004297523432481059,0.6989561247247243,0.6989561247247243,False,0.4971034945071307,0.0006711432182147572,2.264326599747603e+19,1.9912593272378675e+17,CONVERGED
S6,S6_alpha20,Strong Thermoelastic Coupling (2.0x alpha_t),0.7393939393939394,402190.40049589204,2,2.915755383883546,0.9281137643837465,1.5138054575617122e-05,1.5138054575617122e-05,True,-0.9745922116753896,0.22391905968639247,2.264326599747603e+19,1.9912593272378675e+17,CONVERGED
S6,S6_alpha20,Strong Thermoelastic Coupling (2.0x alpha_t),0.7393939393939394,402190.40049589204,3,2.9157857033060965,0.9281234153556877,2.071331326778978e-05,2.071331326778978e-05,True,-0.9745935666976199,-0.22388826227193606,2.264326599747603e+19,1.9912593272378675e+17,CONVERGED
S6,S6_alpha20,Strong Thermoelastic Coupling (2.0x alpha_t),0.7393939393939394,402190.40049589204,4,0.001238919123709696,0.000394360205258955,1.6223572317481034,1.6223572317481034,False,0.19743260384985295,-0.00024460315370220225,2.264326599747603e+19,1.9912593272378675e+17,CONVERGED
S6,S6_alpha20,Strong Thermoelastic Coupling (2.0x alpha_t),0.7570707070707071,411805.6081580207,0,6.734861426003023e-07,2.1437729739746246e-07,3.8980084469482894,3.8980084469482894,False,0.020282264455554373,1.3659824051372601e-08,2.156688416181989e+19,1.2242459600019723e+17,CONVERGED
S6,S6_alpha20,Strong Thermoelastic Coupling (2.0x alpha_t),0.7570707070707071,411805.6081580207,1,0.7489670993577612,0.2384036321519728,1.2105988730262895,1.2105988730262895,False,0.21826671076681733,-0.20291579207134908,2.156688416181989e+19,1.2242459600019723e+17,CONVERGED
S6,S6_alpha20,Strong Thermoelastic Coupling (2.0x alpha_t),0.7570707070707071,411805.6081580207,2,2.8456305901069925,0.90579234925807,1.6040131886615029e-06,1.6040131886615029e-06,True,-0.9565204551069066,0.2916597520071026,2.156688416181989e+19,1.2242459600019723e+17,CONVERGED
S6,S6_alpha20,Strong Thermoelastic Coupling (2.0x alpha_t),0.7570707070707071,411805.6081580207,3,2.8456256429404436,0.9057907745260488,1.4534867661395254e-06,1.4534867661395254e-06,True,-0.9565191561872285,-0.29166452797274706,2.156688416181989e+19,1.2242459600019723e+17,CONVERGED
S6,S6_alpha20,Strong Thermoelastic Coupling (2.0x alpha_t),0.7570707070707071,411805.6081580207,4,0.7489021024323789,0.23838294298805207,1.2108229476642314,1.2108229476642314,False,0.21823099369842117,0.2028561449673616,2.156688416181989e+19,1.2242459600019723e+17,CONVERGED
S6,S6_alpha20,Strong Thermoelastic Coupling (2.0x alpha_t),0.7747474747474747,421420.81582014915,0,2.2940924855973322e-06,7.302323179855763e-07,3.918290069789109,3.918290069789109,False,0.019875050654483323,-4.559520435739652e-08,2.372827935691387e+19,5.567518103942597e+16,CONVERGED
S6,S6_alpha20,Strong Thermoelastic Coupling (2.0x alpha_t),0.7747474747474747,421420.81582014915,1,1.2275421635603427,0.39073880636869684,1.2628371824288847,1.2628371824288847,False,0.0951942030809635,0.26635015707461424,2.372827935691387e+19,5.567518103942597e+16,CONVERGED
S6,S6_alpha20,Strong Thermoelastic Coupling (2.0x alpha_t),0.7747474747474747,421420.81582014915,2,2.7760475645991733,0.8836433843283522,4.242572904393072e-06,4.242572904393072e-06,True,-0.9339250910156282,-0.357456905460841,2.372827935691387e+19,5.567518103942597e+16,CONVERGED
S6,S6_alpha20,Strong Thermoelastic Coupling (2.0x alpha_t),0.7747474747474747,421420.81582014915,3,2.7760456923601087,0.8836427883761486,-5.506022258679514e-07,5.506022258679514e-07,True,-0.9339288982432491,0.3574603673572903,2.372827935691387e+19,5.567518103942597e+16,CONVERGED
S6,S6_alpha20,Strong Thermoelastic Coupling (2.0x alpha_t),0.7747474747474747,421420.81582014915,4,1.2274914958479193,0.39072267833492214,1.263626847177171,1.263626847177171,False,0.09513254582534576,-0.2661350929601975,2.372827935691387e+19,5.567518103942597e+16,CONVERGED
S6,S6_alpha20,Strong Thermoelastic Coupling (2.0x alpha_t),0.7924242424242425,431036.0234822779,0,1.9841268339154115e-05,6.315671866778196e-06,3.9384394538540906,3.9384394538540906,False,0.01947858827160056,3.864798968154428e-07,2.3192415902240195e+19,1.3740873215473382e+17,CONVERGED
S6,S6_alpha20,Strong Thermoelastic Coupling (2.0x alpha_t),0.7924242424242425,431036.0234822779,1,1.6530196724932327,0.5261725038108879,1.318485913090945,1.318485913090945,False,-0.021973261455265646,0.2666362075592962,2.3192415902240195e+19,1.3740873215473382e+17,CONVERGED
S6,S6_alpha20,Strong Thermoelastic Coupling (2.0x alpha_t),0.7924242424242425,431036.0234822779,2,2.7067618009728363,0.8615890407942958,9.823251950674534e-06,9.823251950674534e-06,True,-0.906932400723187,-0.42125286255118366,2.3192415902240195e+19,1.3740873215473382e+17,CONVERGED
S6,S6_alpha20,Strong Thermoelastic Coupling (2.0x alpha_t),0.7924242424242425,431036.0234822779,3,2.7067403859031622,0.8615822241659052,-6.863894507583933e-06,6.863894507583933e-06,True,-0.9069385134453536,0.42127931436610305,2.3192415902240195e+19,1.3740873215473382e+17,CONVERGED
S6,S6_alpha20,Strong Thermoelastic Coupling (2.0x alpha_t),0.7924242424242425,431036.0234822779,4,1.6530490323369722,0.5261818493394069,1.3185995118111578,1.3185995118111578,False,-0.021978592961332172,-0.266605274574568,2.3192415902240195e+19,1.3740873215473382e+17,CONVERGED
S6,S6_alpha20,Strong Thermoelastic Coupling (2.0x alpha_t),0.8101010101010101,440651.2311444063,0,1.2053485386354458e-05,3.836743561448472e-06,3.958464988830678,3.958464988830678,False,0.019092398853900384,2.3012995058708382e-07,2.5820855839939596e+19,7.796365334303902e+16,CONVERGED
S6,S6_alpha20,Strong Thermoelastic Coupling (2.0x alpha_t),0.8101010101010101,440651.2311444063,1,2.1285467965877176,0.6775374885587087,1.3771582339267887,1.3771582339267887,False,-0.13353416143712082,-0.21405873275989262,2.5820855839939596e+19,7.796365334303902e+16,CONVERGED
S6,S6_alpha20,Strong Thermoelastic Coupling (2.0x alpha_t),0.8101010101010101,440651.2311444063,2,2.637623183260076,0.8395815352592425,1.1937031692526625e-05,1.1937031692526625e-05,True,-0.8756621346770276,0.48289952590002544,2.5820855839939596e+19,7.796365334303902e+16,CONVERGED
S6,S6_alpha20,Strong Thermoelastic Coupling (2.0x alpha_t),0.8101010101010101,440651.2311444063,3,2.6376095269364104,0.8395771883164108,-3.0901038382981704e-06,3.0901038382981704e-06,True,-0.8756686986564965,-0.4829187410113755,2.5820855839939596e+19,7.796365334303902e+16,CONVERGED
S6,S6_alpha20,Strong Thermoelastic Coupling (2.0x alpha_t),0.8101010101010101,440651.2311444063,4,2.128487194072615,0.6775185164889101,1.377309061278654,1.377309061278654,False,-0.13350126560014858,0.21403440667413237,2.5820855839939596e+19,7.796365334303902e+16,CONVERGED
S6,S6_alpha20,Strong Thermoelastic Coupling (2.0x alpha_t),0.8277777777777778,450266.438806535,0,4.213071627007718e-06,1.3410623500769847e-06,3.9783800173922126,3.9783800173922126,False,0.018715934280324007,-7.885157168984073e-08,2.6480890292587864e+19,1.0395102516281675e+17,CONVERGED
S6,S6_alpha20,Strong Thermoelastic Coupling (2.0x alpha_t),0.8277777777777778,450266.438806535,1,3.1408170538365208,0.9997531189308118,1.2906659146901283,1.2906659146901283,False,-0.27508745451121475,0.00021335780462940156,2.6480890292587864e+19,1.0395102516281675e+17,CONVERGED
S6,S6_alpha20,Strong Thermoelastic Coupling (2.0x alpha_t),0.8277777777777778,450266.438806535,2,2.568533078746288,0.8175894719550324,-3.744799783928422e-06,3.744799783928422e-06,True,-0.8402491391423271,0.5422074084685612,2.6480890292587864e+19,1.0395102516281675e+17,CONVERGED
S6,S6_alpha20,Strong Thermoelastic Coupling (2.0x alpha_t),0.8277777777777778,450266.438806535,3,2.568531187909293,0.8175888700829238,-3.9706684202521144e-06,3.9706684202521144e-06,True,-0.8402483037007152,-0.5422091197097699,2.6480890292587864e+19,1.0395102516281675e+17,CONVERGED
S6,S6_alpha20,Strong Thermoelastic Coupling (2.0x alpha_t),0.8277777777777778,450266.438806535,4,3.1408280705512497,0.9997566256600232,1.5892316952767243,1.5892316952767243,False,-0.20408228929620265,-0.00015603788726889305,2.6480890292587864e+19,1.0395102516281675e+17,CONVERGED
S6,S6_alpha20,Strong Thermoelastic Coupling (2.0x alpha_t),0.8454545454545455,459881.6464686634,0,9.814853559478094e-06,3.1241649194280447e-06,3.9981469199174633,3.9981469199174633,False,0.0183496106999969,-1.8009874189968493e-07,2.7186781276843102e+19,6.313607930555158e+16,CONVERGED
S6,S6_alpha20,Strong Thermoelastic Coupling (2.0x alpha_t),0.8454545454545455,459881.6464686634,1,3.141057701913951,0.9998297195929489,0.5127903247804521,0.5127903247804521,False,-0.5988222509648552,0.00032034099724307844,2.7186781276843102e+19,6.313607930555158e+16,CONVERGED
S6,S6_alpha20,Strong Thermoelastic Coupling (2.0x alpha_t),0.8454545454545455,459881.6464686634,2,2.4994256524507716,0.7955918949564519,1.798407071144604e-05,1.798407071144604e-05,True,-0.8007853509080458,0.5989214090984734,2.7186781276843102e+19,6.313607930555158e+16,CONVERGED
S6,S6_alpha20,Strong Thermoelastic Coupling (2.0x alpha_t),0.8454545454545455,459881.6464686634,3,2.4993928277712825,0.7955814465364597,7.551118579320415e-06,7.551118579320415e-06,True,-0.8007740454670541,-0.5989539431235159,2.7186781276843102e+19,6.313607930555158e+16,CONVERGED
S6,S6_alpha20,Strong Thermoelastic Coupling (2.0x alpha_t),0.8454545454545455,459881.6464686634,4,3.1409247991543436,0.9997874153306647,2.5023611186558745,2.5023611186558745,False,-0.08189139656637409,-5.4691540553344885e-05,2.7186781276843102e+19,6.313607930555158e+16,CONVERGED
S6,S6_alpha20,Strong Thermoelastic Coupling (2.0x alpha_t),0.8631313131313132,469496.85413079214,0,0.0006716258446459051,0.00021378514616733033,4.018320518265769,4.018320518265769,False,0.017983137894040577,-1.2077941993513334e-05,3.827654760818022e+19,2.965623309596276e+17,CONVERGED
S6,S6_alpha20,Strong Thermoelastic Coupling (2.0x alpha_t),0.8631313131313132,469496.85413079214,1,3.1409354298527483,0.999790799187064,0.19741966693700141,0.19741966693700141,False,-0.8208459017795832,0.0005394794887802992,3.827654760818022e+19,2.965623309596276e+17,CONVERGED
S6,S6_alpha20,Strong Thermoelastic Coupling (2.0x alpha_t),0.8631313131313132,469496.85413079214,2,2.430127619024169,0.7735336458236695,-3.1059984445695286e-05,3.1059984445695286e-05,True,-0.7574296288678037,-0.6529643782102954,3.827654760818022e+19,2.965623309596276e+17,CONVERGED
S6,S6_alpha20,Strong Thermoelastic Coupling (2.0x alpha_t),0.8631313131313132,469496.85413079214,3,2.430254493980047,0.7735740313764345,-4.279167417558134e-05,4.279167417558134e-05,True,-0.7575213545513537,0.6528759333972977,3.827654760818022e+19,2.965623309596276e+17,CONVERGED
S6,S6_alpha20,Strong Thermoelastic Coupling (2.0x alpha_t),0.8631313131313132,469496.85413079214,4,3.1405934584429005,0.9996819463065172,2.9655208294454094,2.9655208294454094,False,-0.05153359630118151,-5.1492136462509384e-05,3.827654760818022e+19,2.965623309596276e+17,CONVERGED
S6,S6_alpha20,Strong Thermoelastic Coupling (2.0x alpha_t),0.8808080808080808,479112.06179292063,0,5.990704462285233e-06,1.9069004555507395e-06,-4.037358003133886,4.037358003133886,False,56.67640593842745,0.00033953159796568837,3.630295504434406e+19,2.8568576215773486e+18,CONVERGED
S6,S6_alpha20,Strong Thermoelastic Coupling (2.0x alpha_t),0.8808080808080808,479112.06179292063,1,3.141551852676145,0.9999870126658205,-0.01833848119332004,0.01833848119332004,False,-1.0185076628930763,-4.155604322665854e-05,3.630295504434406e+19,2.8568576215773486e+18,CONVERGED
S6,S6_alpha20,Strong Thermoelastic Coupling (2.0x alpha_t),0.8808080808080808,479112.06179292063,2,2.360854870343802,0.7514834450755836,1.1040472881981339e-05,1.1040472881981339e-05,True,-0.7103866337552683,0.7037959575614772,3.630295504434406e+19,2.8568576215773486e+18,CONVERGED
S6,S6_alpha20,Strong Thermoelastic Coupling (2.0x alpha_t),0.8808080808080808,479112.06179292063,3,2.3608564809638906,0.7514839577518806,-6.720236797879232e-07,6.720236797879232e-07,True,-0.710396087765263,-0.7038030566401879,3.630295504434406e+19,2.8568576215773486e+18,CONVERGED
S6,S6_alpha20,Strong Thermoelastic Coupling (2.0x alpha_t),0.8808080808080808,479112.06179292063,4,3.141462093814548,0.9999584415328016,3.3444677089672425,3.3444677089672425,False,-0.03527898854936616,4.606016842056449e-06,3.630295504434406e+19,2.8568576215773486e+18,CONVERGED
S6,S6_alpha20,Strong Thermoelastic Coupling (2.0x alpha_t),0.8984848484848484,488727.2694550492,0,3.5791410213609214e-06,1.1392759711451313e-06,4.0567576277810415,4.0567576277810415,False,0.017305037622969154,-6.193717003282747e-08,3.1738721603029975e+19,4.9203780485912344e+16,CONVERGED
S6,S6_alpha20,Strong Thermoelastic Coupling (2.0x alpha_t),0.8984848484848484,488727.2694550492,1,3.1415541321924816,0.9999877382584061,-0.18255004516953438,0.18255004516953438,False,-1.200274216486702,4.623623999928337e-05,3.1738721603029975e+19,4.9203780485912344e+16,CONVERGED
S6,S6_alpha20,Strong Thermoelastic Coupling (2.0x alpha_t),0.8984848484848484,488727.2694550492,2,2.2913124327543013,0.7293473996815262,-1.2220245134264285e-05,1.2220245134264285e-05,True,-0.6597806581848699,-0.7514744998162477,3.1738721603029975e+19,4.9203780485912344e+16,CONVERGED
S6,S6_alpha20,Strong Thermoelastic Coupling (2.0x alpha_t),0.8984848484848484,488727.2694550492,3,2.291350527672344,0.7293595256705525,-5.299256500007988e-05,5.299256500007988e-05,True,-0.6598361875692563,0.7514800039393541,3.1738721603029975e+19,4.9203780485912344e+16,CONVERGED
S6,S6_alpha20,Strong Thermoelastic Coupling (2.0x alpha_t),0.8984848484848484,488727.2694550492,4,3.1415801846122173,0.9999960310011671,3.6920013971979238,3.6920013971979238,False,-0.02492207312588578,-3.1075277097231795e-07,3.1738721603029975e+19,4.9203780485912344e+16,CONVERGED
S6,S6_alpha20,Strong Thermoelastic Coupling (2.0x alpha_t),0.9161616161616162,498342.4771171778,0,2.236007498638362e-05,7.117432923976796e-06,4.0760933181816545,4.0760933181816545,False,0.01697364692754925,3.7953201815565313e-07,2.513035664219473e+19,4.953429745232477e+16,CONVERGED
S6,S6_alpha20,Strong Thermoelastic Coupling (2.0x alpha_t),0.9161616161616162,498342.4771171778,1,3.1415029242597066,0.9999714382671528,-0.314835700222301,0.314835700222301,False,-1.370034190635165,0.0001229322504512137,2.513035664219473e+19,4.953429745232477e+16,CONVERGED
S6,S6_alpha20,Strong Thermoelastic Coupling (2.0x alpha_t),0.9161616161616162,498342.4771171778,2,2.221476904078949,0.70711806049729,6.1893209356728995e-06,6.1893209356728995e-06,True,-0.6057243130531744,0.7956668134407792,2.513035664219473e+19,4.953429745232477e+16,CONVERGED
S6,S6_alpha20,Strong Thermoelastic Coupling (2.0x alpha_t),0.9161616161616162,498342.4771171778,3,2.221480214571831,0.7071191142599025,-9.833708364120994e-07,9.833708364120994e-07,True,-0.6057312918074491,-0.7956705152692827,2.513035664219473e+19,4.953429745232477e+16,CONVERGED
S6,S6_alpha20,Strong Thermoelastic Coupling (2.0x alpha_t),0.9161616161616162,498342.4771171778,4,3.1414018880671772,0.9999392774482083,4.036408513244679,4.036408513244679,False,-0.017660786812308867,-3.369069266928255e-06,2.513035664219473e+19,4.953429745232477e+16,CONVERGED
S6,S6_alpha20,Strong Thermoelastic Coupling (2.0x alpha_t),0.9338383838383838,507957.6847793063,0,3.930376967291856e-05,1.2510778451180631e-05,4.095315891558105,4.095315891558105,False,0.016650485691333174,6.544268548913684e-07,7.599589765211598e+19,1.1162401347193443e+17,CONVERGED
S6,S6_alpha20,Strong Thermoelastic Coupling (2.0x alpha_t),0.9338383838383838,507957.6847793063,1,3.141552081652891,0.9999870855513824,-0.4241902898191409,0.4241902898191409,False,-1.5283523947579523,-6.200821695852682e-05,7.599589765211598e+19,1.1162401347193443e+17,CONVERGED
S6,S6_alpha20,Strong Thermoelastic Coupling (2.0x alpha_t),0.9338383838383838,507957.6847793063,2,2.151335256517171,0.6847912806451568,1.28216537896953e-05,1.28216537896953e-05,True,-0.5484676194611775,0.8361564610907437,7.599589765211598e+19,1.1162401347193443e+17,CONVERGED
S6,S6_alpha20,Strong Thermoelastic Coupling (2.0x alpha_t),0.9338383838383838,507957.6847793063,3,2.1513401429295618,0.6847928360385288,-6.992825118374391e-06,6.992825118374391e-06,True,-0.5484825730486266,-0.8361703491573917,7.599589765211598e+19,1.1162401347193443e+17,CONVERGED
S6,S6_alpha20,Strong Thermoelastic Coupling (2.0x alpha_t),0.9338383838383838,507957.6847793063,4,1.6095225476111788e-05,5.123269389403591e-06,-4.0952907332893504,4.0952907332893504,False,60.05679712191909,0.0009666276911338595,7.599589765211598e+19,1.1162401347193443e+17,CONVERGED
S6,S6_alpha20,Strong Thermoelastic Coupling (2.0x alpha_t),0.9515151515151515,517572.89244143496,0,1.990353875717407e-06,6.335493156450745e-07,4.114389542706463,4.114389542706463,False,0.016335909741421555,-3.2514241267251074e-08,2.5578030036497592e+19,8.018826533503491e+16,CONVERGED
S6,S6_alpha20,Strong Thermoelastic Coupling (2.0x alpha_t),0.9515151515151515,517572.89244143496,1,3.1415771090208544,0.9999950520100304,-0.5168933513218839,0.5168933513218839,False,-1.6768102889710743,-2.6065293136270237e-05,2.5578030036497592e+19,8.018826533503491e+16,CONVERGED
S6,S6_alpha20,Strong Thermoelastic Coupling (2.0x alpha_t),0.9515151515151515,517572.89244143496,2,2.080774845388761,0.6623312042097912,3.818756143840695e-06,3.818756143840695e-06,True,-0.488156634836345,0.87275166134596,2.5578030036497592e+19,8.018826533503491e+16,CONVERGED
S6,S6_alpha20,Strong Thermoelastic Coupling (2.0x alpha_t),0.9515151515151515,517572.89244143496,3,2.080767909152673,0.6623289963372715,-4.163175718764149e-06,4.163175718764149e-06,True,-0.4881544776132611,-0.872762013593755,2.5578030036497592e+19,8.018826533503491e+16,CONVERGED
S6,S6_alpha20,Strong Thermoelastic Coupling (2.0x alpha_t),0.9515151515151515,517572.89244143496,4,3.6647121702212528e-06,1.1665141137994795e-06,-4.114387341028305,4.114387341028305,False,61.21469903692982,0.0002243342525580722,2.5578030036497592e+19,8.018826533503491e+16,CONVERGED
S6,S6_alpha20,Strong Thermoelastic Coupling (2.0x alpha_t),0.9691919191919192,527188.1001035634,0,6.603007646595574e-06,2.1018026124585367e-06,4.133377263098401,4.133377263098401,False,0.016028654325810777,1.0583732707950396e-07,5.049216677039476e+19,9.615832643707451e+16,CONVERGED
S6,S6_alpha20,Strong Thermoelastic Coupling (2.0x alpha_t),0.9691919191919192,527188.1001035634,1,3.14158125312199,0.9999963711183911,-0.5966012060818768,0.5966012060818768,False,-1.8159363064384322,-2.0702523394992104e-05,5.049216677039476e+19,9.615832643707451e+16,CONVERGED
S6,S6_alpha20,Strong Thermoelastic Coupling (2.0x alpha_t),0.9691919191919192,527188.1001035634,2,2.009732561613188,0.6397177429469519,9.912952627797993e-06,9.912952627797993e-06,True,-0.4249725681805208,0.9051952775977838,5.049216677039476e+19,9.615832643707451e+16,CONVERGED
S6,S6_alpha20,Strong Thermoelastic Coupling (2.0x alpha_t),0.9691919191919192,527188.1001035634,3,2.0097315355810075,0.6397174163507654,-5.206425455010683e-06,5.206425455010683e-06,True,-0.42497806477627714,-0.9052093997325339,5.049216677039476e+19,9.615832643707451e+16,CONVERGED
S6,S6_alpha20,Strong Thermoelastic Coupling (2.0x alpha_t),0.9691919191919192,527188.1001035634,4,2.0733094772782503e-05,6.599549037362144e-06,-4.133361009387099,4.133361009387099,False,62.38725509064093,0.001293480872593355,5.049216677039476e+19,9.615832643707451e+16,CONVERGED
S6,S6_alpha20,Strong Thermoelastic Coupling (2.0x alpha_t),0.9868686868686869,536803.3077656921,0,7.954305456810496e-06,2.531934064628454e-06,4.152251770399197,4.152251770399197,False,0.015728958574473997,-1.2511294102152344e-07,3.1638044764666593e+19,6.660519690111204e+16,CONVERGED
S6,S6_alpha20,Strong Thermoelastic Coupling (2.0x alpha_t),0.9868686868686869,536803.3077656921,1,3.141566455124951,0.999991660769638,-0.6657889532037854,0.6657889532037854,False,-1.9460252380260148,5.0982873791549344e-05,3.1638044764666593e+19,6.660519690111204e+16,CONVERGED
S6,S6_alpha20,Strong Thermoelastic Coupling (2.0x alpha_t),0.9868686868686869,536803.3077656921,2,1.9381522958058757,0.6169330366848209,3.660474475654235e-06,3.660474475654235e-06,True,-0.35914775378198727,0.9332767917564434,3.1638044764666593e+19,6.660519690111204e+16,CONVERGED
S6,S6_alpha20,Strong Thermoelastic Coupling (2.0x alpha_t),0.9868686868686869,536803.3077656921,3,1.9381176660327248,0.6169220136856707,-1.0090134050702825e-05,1.0090134050702825e-05,True,-0.3591203724927645,-0.9333020617851342,3.1638044764666593e+19,6.660519690111204e+16,CONVERGED
S6,S6_alpha20,Strong Thermoelastic Coupling (2.0x alpha_t),0.9868686868686869,536803.3077656921,4,1.921695679578709e-07,6.116947330465812e-08,-4.1522478382582,4.1522478382582,False,63.57675004993279,1.2217516589261282e-05,3.1638044764666593e+19,6.660519690111204e+16,CONVERGED
S6,S6_alpha20,Strong Thermoelastic Coupling (2.0x alpha_t),1.0045454545454544,546418.5154278205,0,3.711848195565723e-06,1.181517976662034e-06,4.171021459520153,4.171021459520153,False,0.015436484324133786,5.729788648467771e-08,4.421974925531321e+19,2.2036007036910538e+17,CONVERGED
S6,S6_alpha20,Strong Thermoelastic Coupling (2.0x alpha_t),1.0045454545454544,546418.5154278205,1,3.1411377740155815,0.9998552073345054,-0.7259632045109606,0.7259632045109606,False,-2.0667206025557663,-0.000940109052546197,4.421974925531321e+19,2.2036007036910538e+17,CONVERGED
S6,S6_alpha20,Strong Thermoelastic Coupling (2.0x alpha_t),1.0045454545454544,546418.5154278205,2,1.865868387691858,0.5939243541201283,-1.0442946288682923e-05,1.0442946288682923e-05,True,-0.290811834305809,-0.956791180529158,4.421974925531321e+19,2.2036007036910538e+17,CONVERGED
S6,S6_alpha20,Strong Thermoelastic Coupling (2.0x alpha_t),1.0045454545454544,546418.5154278205,3,1.8658687707419213,0.5939244760487504,-1.3334997799575965e-05,1.3334997799575965e-05,True,-0.2908130418497907,0.9567938362266547,4.421974925531321e+19,2.2036007036910538e+17,CONVERGED
S6,S6_alpha20,Strong Thermoelastic Coupling (2.0x alpha_t),1.0045454545454544,546418.5154278205,4,4.478853038627634e-07,1.4256632009594872e-07,-4.171025287781558,4.171025287781558,False,64.7818380962764,2.901483324054104e-05,4.421974925531321e+19,2.2036007036910538e+17,CONVERGED
S6,S6_alpha20,Strong Thermoelastic Coupling (2.0x alpha_t),1.0222222222222221,556033.7230899491,0,2.8376070638725122e-05,9.032383815355797e-06,4.1896942607423915,4.1896942607423915,False,0.015150916388822778,-4.2992347380604494e-07,3.768610690673471e+19,1.3475740537493558e+17,CONVERGED
S6,S6_alpha20,Strong Thermoelastic Coupling (2.0x alpha_t),1.0222222222222221,556033.7230899491,1,3.141559366885279,0.9999894045128747,-0.7796264239242087,0.7796264239242087,False,-2.180657470644902,7.258690089880125e-05,3.768610690673471e+19,1.3475740537493558e+17,CONVERGED
S6,S6_alpha20,Strong Thermoelastic Coupling (2.0x alpha_t),1.0222222222222221,556033.7230899491,2,1.792813374181603,0.5706702210845238,5.6355219052364304e-06,5.6355219052364304e-06,True,-0.22019636828973224,-0.9754497877449767,3.768610690673471e+19,1.3475740537493558e+17,CONVERGED
S6,S6_alpha20,Strong Thermoelastic Coupling (2.0x alpha_t),1.0222222222222221,556033.7230899491,3,1.7928200055531751,0.5706723319156541,-7.720299705709744e-06,7.720299705709744e-06,True,-0.22020577786433024,0.9754613555204447,3.768610690673471e+19,1.3475740537493558e+17,CONVERGED
S6,S6_alpha20,Strong Thermoelastic Coupling (2.0x alpha_t),1.0222222222222221,556033.7230899491,4,2.7155567762046146e-06,8.643885683593124e-07,-4.18968767356526,4.18968767356526,False,66.00217351710815,-0.00017923264953905637,3.768610690673471e+19,1.3475740537493558e+17,CONVERGED
S6,S6_alpha20,Strong Thermoelastic Coupling (2.0x alpha_t),1.0398989898989899,565648.9307520777,0,1.6620965664653604e-05,5.290617688980582e-06,4.208226220641633,4.208226220641633,False,0.014872725887066564,-2.4719906633150163e-07,3.903766629166156e+19,1.2203162672475643e+17,CONVERGED
S6,S6_alpha20,Strong Thermoelastic Coupling (2.0x alpha_t),1.0398989898989899,565648.9307520777,1,3.1415895919869534,0.9999990254615485,-0.8266727311098612,0.8266727311098612,False,-2.285700932429192,-6.9979084660268174e-06,3.903766629166156e+19,1.2203162672475643e+17,CONVERGED
S6,S6_alpha20,Strong Thermoelastic Coupling (2.0x alpha_t),1.0398989898989899,565648.9307520777,2,1.718841939816764,0.5471243822310001,1.022725983921515e-05,1.022725983921515e-05,True,-0.14750389841733616,-0.989051133987117,3.903766629166156e+19,1.2203162672475643e+17,CONVERGED
S6,S6_alpha20,Strong Thermoelastic Coupling (2.0x alpha_t),1.0398989898989899,565648.9307520777,3,1.7188393712660053,0.5471235646359005,5.399650083146585e-09,5.399650083146585e-09,True,-0.14750286573477406,0.9890616228530602,3.903766629166156e+19,1.2203162672475643e+17,CONVERGED
S6,S6_alpha20,Strong Thermoelastic Coupling (2.0x alpha_t),1.0398989898989899,565648.9307520777,4,7.469113241418955e-07,2.3774925857699114e-07,-4.208249193665757,4.208249193665757,False,67.23871472809314,-5.022135745116856e-05,3.903766629166156e+19,1.2203162672475643e+17,CONVERGED
S6,S6_alpha20,Strong Thermoelastic Coupling (2.0x alpha_t),1.0575757575757576,575264.1384142063,0,7.809637416584429e-06,2.4858847972096627e-06,4.2267075941505245,4.2267075941505245,False,0.01460038188386194,1.1402368865894777e-07,4.28392428579652e+19,3.080147958563739e+17,CONVERGED
S6,S6_alpha20,Strong Thermoelastic Coupling (2.0x alpha_t),1.0575757575757576,575264.1384142063,1,3.141576421337908,0.9999948331137499,-0.8685351394059206,0.8685351394059206,False,-2.3834169212457748,-3.868822381695247e-05,4.28392428579652e+19,3.080147958563739e+17,CONVERGED
S6,S6_alpha20,Strong Thermoelastic Coupling (2.0x alpha_t),1.0575757575757576,575264.1384142063,2,1.6438119601244379,0.5232415979347637,1.3692110144553856e-05,1.3692110144553856e-05,True,-0.07294977394767654,0.9973218871736638,4.28392428579652e+19,3.080147958563739e+17,CONVERGED
S6,S6_alpha20,Strong Thermoelastic Coupling (2.0x alpha_t),1.0575757575757576,575264.1384142063,3,1.6438120856259206,0.5232416378831264,1.8578644177163635e-06,1.8578644177163635e-06,True,-0.07295076242519176,-0.9973336806403618,4.28392428579652e+19,3.080147958563739e+17,CONVERGED
S6,S6_alpha20,Strong Thermoelastic Coupling (2.0x alpha_t),1.0575757575757576,575264.1384142063,4,5.2079298136067944e-05,1.657735546222349e-05,-4.22670503473714,4.22670503473714,False,68.49118380311596,-0.0035669727841995485,4.28392428579652e+19,3.080147958563739e+17,CONVERGED
S6,S6_alpha20,Strong Thermoelastic Coupling (2.0x alpha_t),1.0752525252525253,584879.3460763348,0,5.293681692535424e-07,1.685031217044167e-07,4.245079703331923,4.245079703331923,False,0.014334591118803237,7.588276257559666e-09,4.172280067220763e+19,5.734958513845399e+16,CONVERGED
S6,S6_alpha20,Strong Thermoelastic Coupling (2.0x alpha_t),1.0752525252525253,584879.3460763348,1,3.141592591249668,0.9999999801565219,-0.9054786624696947,0.9054786624696947,False,-2.473115427323615,-1.5417432563056749e-07,4.172280067220763e+19,5.734958513845399e+16,CONVERGED
S6,S6_alpha20,Strong Thermoelastic Coupling (2.0x alpha_t),1.0752525252525253,584879.3460763348,2,1.567538939122588,0.49896314130077096,5.965408433641779e-07,5.965408433641779e-07,True,0.003257379968691773,-0.9999940981799665,4.172280067220763e+19,5.734958513845399e+16,CONVERGED
S6,S6_alpha20,Strong Thermoelastic Coupling (2.0x alpha_t),1.0752525252525253,584879.3460763348,3,1.567541872614215,0.4989640750601569,-7.840774181216121e-06,7.840774181216121e-06,True,0.003254473953269868,1.0000025450320644,4.172280067220763e+19,5.734958513845399e+16,CONVERGED
S6,S6_alpha20,Strong Thermoelastic Coupling (2.0x alpha_t),1.0752525252525253,584879.3460763348,4,1.2431336187404263e-05,3.957017206925089e-06,-4.245124885097925,4.245124885097925,False,69.76447213743708,-0.0008672656071219533,4.172280067220763e+19,5.734958513845399e+16,CONVERGED
S6,S6_alpha20,Strong Thermoelastic Coupling (2.0x alpha_t),1.0929292929292929,594494.5537384634,0,6.053387551122923e-06,1.926853102424313e-06,4.26334507743639,4.26334507743639,False,0.014075141137793647,-8.52022841448589e-08,4.740274877865286e+19,1.0312176494188509e+17,CONVERGED
S6,S6_alpha20,Strong Thermoelastic Coupling (2.0x alpha_t),1.0929292929292929,594494.5537384634,1,3.141584726386662,0.9999974766928735,-0.93847922490227,0.93847922490227,False,-2.55609122106457,-2.026265433213896e-05,4.740274877865286e+19,1.0312176494188509e+17,CONVERGED
S6,S6_alpha20,Strong Thermoelastic Coupling (2.0x alpha_t),1.0929292929292929,594494.5537384634,2,1.4897767009479024,0.47421065211798996,4.838483153436744e-06,4.838483153436744e-06,True,0.08093062545359579,-0.9967148824735209,4.740274877865286e+19,1.0312176494188509e+17,CONVERGED
S6,S6_alpha20,Strong Thermoelastic Coupling (2.0x alpha_t),1.0929292929292929,594494.5537384634,3,1.4897766466755393,0.47421063484256026,-1.4193291820214415e-06,1.4193291820214415e-06,True,0.08093118599825701,0.996721115355398,4.740274877865286e+19,1.0312176494188509e+17,CONVERGED
S6,S6_alpha20,Strong Thermoelastic Coupling (2.0x alpha_t),1.0929292929292929,594494.5537384634,4,2.9276990455622882e-05,9.319155499733246e-06,-4.263317183846387,4.263317183846387,False,71.04526317445435,-0.0020799914924699986,4.740274877865286e+19,1.0312176494188509e+17,CONVERGED
S6,S6_alpha20,Strong Thermoelastic Coupling (2.0x alpha_t),1.1106060606060606,604109.761400592,0,2.2670466295593373e-05,7.216233546283789e-06,4.281807276924206,4.281807276924206,False,0.013817667152354166,3.1325295751483823e-07,1.0304106168699224e+20,5.4401249501137704e+16,CONVERGED
S6,S6_alpha20,Strong Thermoelastic Coupling (2.0x alpha_t),1.1106060606060606,604109.761400592,1,3.1415317991444036,0.9999806294284143,-0.9675128571550461,0.9675128571550461,False,-2.631391662037635,-0.00016013188039346445,1.0304106168699224e+20,5.4401249501137704e+16,CONVERGED
S6,S6_alpha20,Strong Thermoelastic Coupling (2.0x alpha_t),1.1106060606060606,604109.761400592,2,1.4102781311900714,0.44890547142660064,-6.054371369759005e-06,6.054371369759005e-06,True,0.1598307297116296,-0.9871505693945066,1.0304106168699224e+20,5.4401249501137704e+16,CONVERGED
S6,S6_alpha20,Strong Thermoelastic Coupling (2.0x alpha_t),1.1106060606060606,604109.761400592,3,1.410268327050586,0.44890235067207696,-2.1344610052063205e-05,2.1344610052063205e-05,True,0.1598428518824954,0.9871640962035504,1.0304106168699224e+20,5.4401249501137704e+16,CONVERGED
S6,S6_alpha20,Strong Thermoelastic Coupling (2.0x alpha_t),1.1106060606060606,604109.761400592,4,2.5037214994618295e-06,7.969593055296047e-07,-4.281537816991508,4.281537816991508,False,72.35161804704514,-0.00018114830162561593,1.0304106168699224e+20,5.4401249501137704e+16,CONVERGED
S6,S6_alpha20,Strong Thermoelastic Coupling (2.0x alpha_t),1.1282828282828283,613724.9690627207,0,0.0006786696614781995,0.00021602726270151742,4.299273942245267,4.299273942245267,False,0.013578411019900054,9.215257025113585e-06,5.570679105114399e+19,2.980487271196555e+17,CONVERGED
S6,S6_alpha20,Strong Thermoelastic Coupling (2.0x alpha_t),1.1282828282828283,613724.9690627207,1,3.141547411177585,0.9999855988929194,-0.993323791878206,0.993323791878206,False,-2.700194455182146,0.00012216331066682563,5.570679105114399e+19,2.980487271196555e+17,CONVERGED
S6,S6_alpha20,Strong Thermoelastic Coupling (2.0x alpha_t),1.1282828282828283,613724.9690627207,2,1.3286653282357994,0.4229273094070862,8.509101513483955e-05,8.509101513483955e-05,True,0.23975160338799356,-0.9707466204539457,5.570679105114399e+19,2.980487271196555e+17,CONVERGED
S6,S6_alpha20,Strong Thermoelastic Coupling (2.0x alpha_t),1.1282828282828283,613724.9690627207,3,1.3285963949909685,0.4229053672737698,-3.9281126825208015e-05,3.9281126825208015e-05,True,0.23984834813061287,0.9708508305804561,5.570679105114399e+19,2.980487271196555e+17,CONVERGED
S6,S6_alpha20,Strong Thermoelastic Coupling (2.0x alpha_t),1.1282828282828283,613724.9690627207,4,9.73114074845207e-06,3.097518304078226e-06,-4.299603108849408,4.299603108849408,False,73.67054870411097,-0.000716898478478026,5.570679105114399e+19,2.980487271196555e+17,CONVERGED
S6,S6_alpha20,Strong Thermoelastic Coupling (2.0x alpha_t),1.145959595959596,623340.1767248492,0,7.0276944854179725e-06,2.2369846317878484e-06,4.3176146871873184,4.3176146871873184,False,0.013331645791125436,-9.369073360938036e-08,7.329533396344782e+19,5.758248348098157e+16,CONVERGED
S6,S6_alpha20,Strong Thermoelastic Coupling (2.0x alpha_t),1.145959595959596,623340.1767248492,1,3.141535478132502,0.999981800486697,-1.0159668530133166,1.0159668530133166,False,-2.7620325818260483,0.00015792047609158104,7.329533396344782e+19,5.758248348098157e+16,CONVERGED
S6,S6_alpha20,Strong Thermoelastic Coupling (2.0x alpha_t),1.145959595959596,623340.1767248492,2,1.2444932333300056,0.39613449945777174,2.985633336475199e-06,2.985633336475199e-06,True,0.3205424348509871,-0.9472310046714876,7.329533396344782e+19,5.758248348098157e+16,CONVERGED
S6,S6_alpha20,Strong Thermoelastic Coupling (2.0x alpha_t),1.145959595959596,623340.1767248492,3,1.2444913369456418,0.39613389581988073,-5.301300385910184e-06,5.301300385910184e-06,True,0.32054688750428206,0.9472382464661658,7.329533396344782e+19,5.758248348098157e+16,CONVERGED
S6,S6_alpha20,Strong Thermoelastic Coupling (2.0x alpha_t),1.145959595959596,623340.1767248492,4,9.242227067498583e-06,2.9418922459402234e-06,-4.31761579690818,4.31761579690818,False,75.00957686107675,0.000693255541606798,7.329533396344782e+19,5.758248348098157e+16,CONVERGED
S6,S6_alpha20,Strong Thermoelastic Coupling (2.0x alpha_t),1.1636363636363636,632955.3843869776,0,7.377470642402376e-06,2.3483218405073575e-06,4.335496998088707,4.335496998088707,False,0.013095364084122438,9.661066408393652e-08,4.923651418845781e+19,6.281448032036104e+16,CONVERGED
S6,S6_alpha20,Strong Thermoelastic Coupling (2.0x alpha_t),1.1636363636363636,632955.3843869776,1,3.141543830671868,0.9999844591825522,-1.035831825371107,1.035831825371107,False,-2.8174488832584585,0.00013755607569482323,4.923651418845781e+19,6.281448032036104e+16,CONVERGED
S6,S6_alpha20,Strong Thermoelastic Coupling (2.0x alpha_t),1.1636363636363636,632955.3843869776,2,1.15719556436035,0.3683467883839304,1.588307008568516e-06,1.588307008568516e-06,True,0.4019084326207573,0.9156781285906934,4.923651418845781e+19,6.281448032036104e+16,CONVERGED
S6,S6_alpha20,Strong Thermoelastic Coupling (2.0x alpha_t),1.1636363636363636,632955.3843869776,3,1.157195417034256,0.3683467414885782,-4.572609762380656e-06,4.572609762380656e-06,True,0.40191104365689656,-0.9156837108128366,4.923651418845781e+19,6.281448032036104e+16,CONVERGED
S6,S6_alpha20,Strong Thermoelastic Coupling (2.0x alpha_t),1.1636363636363636,632955.3843869776,4,9.858948973065983e-05,3.1382009255084335e-05,-4.3355003575438396,4.3355003575438396,False,76.36315784347404,0.007528604790402337,4.923651418845781e+19,6.281448032036104e+16,CONVERGED
S6,S6_alpha20,Strong Thermoelastic Coupling (2.0x alpha_t),1.1813131313131313,642570.5920491063,0,0.00026648910990031873,8.482611824159015e-05,4.353380738418781,4.353380738418781,False,0.012863251242036503,-3.427916455060625e-06,7.936844268249272e+19,2.2317897036156118e+17,CONVERGED
S6,S6_alpha20,Strong Thermoelastic Coupling (2.0x alpha_t),1.1813131313131313,642570.5920491063,1,3.1415575219557534,0.9999888172535674,-1.05302325552145,1.05302325552145,False,-2.866303598557413,-0.0001006979291126976,7.936844268249272e+19,2.2317897036156118e+17,CONVERGED
S6,S6_alpha20,Strong Thermoelastic Coupling (2.0x alpha_t),1.1813131313131313,642570.5920491063,2,1.0659689938450732,0.3393084691062751,3.4857988478746656e-06,3.4857988478746656e-06,True,0.48365463339202414,0.8752549480151669,7.936844268249272e+19,2.2317897036156118e+17,CONVERGED
S6,S6_alpha20,Strong Thermoelastic Coupling (2.0x alpha_t),1.1813131313131313,642570.5920491063,3,1.0659357363308415,0.3392978829107053,-1.6891624822830965e-05,1.6891624822830965e-05,True,0.48369359825738745,-0.8752566976751033,7.936844268249272e+19,2.2317897036156118e+17,CONVERGED
S6,S6_alpha20,Strong Thermoelastic Coupling (2.0x alpha_t),1.1813131313131313,642570.5920491063,4,2.3097602306626546e-05,7.352195161340757e-06,-4.353315302711163,4.353315302711163,False,77.73575372553405,0.0017955095248775494,7.936844268249272e+19,2.2317897036156118e+17,CONVERGED
S6,S6_alpha20,Strong Thermoelastic Coupling (2.0x alpha_t),1.198989898989899,652185.7997112349,0,0.0005038656073918895,0.0001603854041408389,4.370958148666658,4.370958148666658,False,0.012639122999683831,-6.368419926075822e-06,5.9058940958691e+19,5.240065882361131e+16,CONVERGED
S6,S6_alpha20,Strong Thermoelastic Coupling (2.0x alpha_t),1.198989898989899,652185.7997112349,1,3.1415806728531126,0.9999961864130709,-1.067862427208616,1.067862427208616,False,-2.9091543196306913,3.485381186808712e-05,5.9058940958691e+19,5.240065882361131e+16,CONVERGED
S6,S6_alpha20,Strong Thermoelastic Coupling (2.0x alpha_t),1.198989898989899,652185.7997112349,2,0.9695666236153783,0.30862264161061326,2.246229867997e-05,2.246229867997e-05,True,0.5656442582384708,-0.8246221252995731,5.9058940958691e+19,5.240065882361131e+16,CONVERGED
S6,S6_alpha20,Strong Thermoelastic Coupling (2.0x alpha_t),1.198989898989899,652185.7997112349,3,0.9695708160292841,0.3086239760974065,1.722305256681988e-05,1.722305256681988e-05,True,0.5656437646153665,0.8246288171291872,5.9058940958691e+19,5.240065882361131e+16,CONVERGED
S6,S6_alpha20,Strong Thermoelastic Coupling (2.0x alpha_t),1.198989898989899,652185.7997112349,4,0.00011655542988370594,3.710074562038523e-05,-4.3709651405810535,4.3709651405810535,False,79.11995620503599,-0.009221860549618132,5.9058940958691e+19,5.240065882361131e+16,CONVERGED
S6,S6_alpha20,Strong Thermoelastic Coupling (2.0x alpha_t),1.2166666666666666,661801.0073733634,0,0.0002510275612871464,7.99045544623061e-05,4.388446795623309,4.388446795623309,False,0.012420004661799152,3.1177635469148842e-06,7.256894571347582e+19,1.3032639018198736e+17,CONVERGED
S6,S6_alpha20,Strong Thermoelastic Coupling (2.0x alpha_t),1.2166666666666666,661801.0073733634,1,3.141574953136544,0.9999943657707409,-1.0803435161524004,1.0803435161524004,False,-2.945691269354424,5.214007060582062e-05,7.256894571347582e+19,1.3032639018198736e+17,CONVERGED
S6,S6_alpha20,Strong Thermoelastic Coupling (2.0x alpha_t),1.2166666666666666,661801.0073733634,2,0.866389242454965,0.2757802611567005,2.285415344003095e-05,2.285415344003095e-05,True,0.6475673444657536,-0.7619782327070116,7.256894571347582e+19,1.3032639018198736e+17,CONVERGED
S6,S6_alpha20,Strong Thermoelastic Coupling (2.0x alpha_t),1.2166666666666666,661801.0073733634,3,0.866376127937029,0.27577608667598896,-3.69803225105989e-06,3.69803225105989e-06,True,0.6475945322092559,0.7619899723385657,7.256894571347582e+19,1.3032639018198736e+17,CONVERGED
S6,S6_alpha20,Strong Thermoelastic Coupling (2.0x alpha_t),1.2166666666666666,661801.0073733634,4,6.155779070381481e-05,1.95944533526569e-05,4.3574052659264835,4.3574052659264835,False,0.012811587196503368,7.886530042221916e-07,7.256894571347582e+19,1.3032639018198736e+17,CONVERGED
S6,S6_alpha20,Strong Thermoelastic Coupling (2.0x alpha_t),1.2343434343434343,671416.215035492,0,0.0009139927002398926,0.00029093291238617577,4.405606651407853,4.405606651407853,False,0.012208692644688978,1.115865906396845e-05,4.949825732477707e+19,6.965777863905329e+16,CONVERGED
S6,S6_alpha20,Strong Thermoelastic Coupling (2.0x alpha_t),1.2343434343434343,671416.215035492,1,3.1415853376531993,0.9999976712650555,-1.090747909216168,1.090747909216168,False,-2.9764993915382734,-2.1775880821528153e-05,4.949825732477707e+19,6.965777863905329e+16,CONVERGED
S6,S6_alpha20,Strong Thermoelastic Coupling (2.0x alpha_t),1.2343434343434343,671416.215035492,2,0.7534373837491954,0.23982656786781942,7.070878854907726e-05,7.070878854907726e-05,True,0.729289927791109,0.6841014498189103,4.949825732477707e+19,6.965777863905329e+16,CONVERGED
S6,S6_alpha20,Strong Thermoelastic Coupling (2.0x alpha_t),1.2343434343434343,671416.215035492,3,0.753435790436925,0.23982606070077198,1.7048826704368522e-05,1.7048826704368522e-05,True,0.7293301525555812,-0.6841369976117081,4.949825732477707e+19,6.965777863905329e+16,CONVERGED
S6,S6_alpha20,Strong Thermoelastic Coupling (2.0x alpha_t),1.2343434343434343,671416.215035492,4,1.4026643518591698e-05,4.464819301943529e-06,4.311503067166327,4.311503067166327,False,0.013413373232614375,-1.8814460472804074e-07,4.949825732477707e+19,6.965777863905329e+16,CONVERGED
S6,S6_alpha20,Strong Thermoelastic Coupling (2.0x alpha_t),1.252020202020202,681031.4226976206,0,0.0009072920245842069,0.0002888000210808599,4.423069449270432,4.423069449270432,False,0.011997345513649916,-1.0885098887510126e-05,8.087994904264075e+19,2.5137233994128624e+17,CONVERGED
S6,S6_alpha20,Strong Thermoelastic Coupling (2.0x alpha_t),1.252020202020202,681031.4226976206,1,3.141565411738193,0.9999913286493177,-1.098925371789317,1.098925371789317,False,-3.000939395297003,-8.175114568897333e-05,8.087994904264075e+19,2.5137233994128624e+17,CONVERGED
S6,S6_alpha20,Strong Thermoelastic Coupling (2.0x alpha_t),1.252020202020202,681031.4226976206,2,0.6257088356127094,0.19916930824807372,7.500475524934339e-05,7.500475524934339e-05,True,0.8104873853348176,0.5856280389065198,8.087994904264075e+19,2.5137233994128624e+17,CONVERGED
S6,S6_alpha20,Strong Thermoelastic Coupling (2.0x alpha_t),1.252020202020202,681031.4226976206,3,0.6256573160947897,0.19915290907618846,-0.00011204234587660396,0.00011204234587660396,True,0.8106691746721189,-0.5856958246709881,8.087994904264075e+19,2.5137233994128624e+17,CONVERGED
S6,S6_alpha20,Strong Thermoelastic Coupling (2.0x alpha_t),1.252020202020202,681031.4226976206,4,7.107141980638366e-05,2.262273554949039e-05,4.268573446543886,4.268573446543886,False,0.014001743112670632,-9.95123764457261e-07,8.087994904264075e+19,2.5137233994128624e+17,CONVERGED
S6,S6_alpha20,Strong Thermoelastic Coupling (2.0x alpha_t),1.2696969696969698,690646.6303597492,0,1.908083145318823e-05,6.073617288156439e-06,-4.4408988396165086,4.4408988396165086,False,84.85117499008226,-0.0016190309687872247,6.139492708437365e+19,1.0064870985473691e+17,CONVERGED
S6,S6_alpha20,Strong Thermoelastic Coupling (2.0x alpha_t),1.2696969696969698,690646.6303597492,1,3.141302109320261,0.9999075168866338,-1.105438742913132,1.105438742913132,False,-3.020549295289934,-0.0008776033132813331,6.139492708437365e+19,1.0064870985473691e+17,CONVERGED
S6,S6_alpha20,Strong Thermoelastic Coupling (2.0x alpha_t),1.2696969696969698,690646.6303597492,2,0.4707966591326953,0.14985923098423715,4.9861735935292235e-05,4.9861735935292235e-05,True,0.8911627732835532,-0.4535738010665033,6.139492708437365e+19,1.0064870985473691e+17,CONVERGED
S6,S6_alpha20,Strong Thermoelastic Coupling (2.0x alpha_t),1.2696969696969698,690646.6303597492,3,0.47074396803513535,0.14984245888696993,-0.00011436458260492113,0.00011436458260492113,True,0.8913330396724582,0.453601331252429,6.139492708437365e+19,1.0064870985473691e+17,CONVERGED
S6,S6_alpha20,Strong Thermoelastic Coupling (2.0x alpha_t),1.2696969696969698,690646.6303597492,4,0.0009442557592228222,0.00030056594324660537,4.229570680613597,4.229570680613597,False,0.014558633022723049,-1.3747077163836163e-05,6.139492708437365e+19,1.0064870985473691e+17,CONVERGED
S6,S6_alpha20,Strong Thermoelastic Coupling (2.0x alpha_t),1.2873737373737373,700261.8380218776,0,0.0003476530934414245,0.00011066141660478258,-4.458320630112046,4.458320630112046,False,86.3423812514753,-0.030017197146493816,4.446565789942528e+19,1.716820768893388e+17,CONVERGED
S6,S6_alpha20,Strong Thermoelastic Coupling (2.0x alpha_t),1.2873737373737373,700261.8380218776,1,3.1414967911148897,0.9999694860265241,-1.1097974150023089,1.1097974150023089,False,-3.033743727269741,-0.00029082218280953334,4.446565789942528e+19,1.716820768893388e+17,CONVERGED
S6,S6_alpha20,Strong Thermoelastic Coupling (2.0x alpha_t),1.2873737373737373,700261.8380218776,2,0.2415476218121883,0.07688699600700298,5.0134016108812226e-05,5.0134016108812226e-05,True,0.9709202606355156,0.23919361296221087,4.446565789942528e+19,1.716820768893388e+17,CONVERGED
S6,S6_alpha20,Strong Thermoelastic Coupling (2.0x alpha_t),1.2873737373737373,700261.8380218776,3,0.24151978350619932,0.07687813479899207,-0.00023767331451365564,0.00023767331451365564,True,0.9712063991053552,-0.23923542789676633,4.446565789942528e+19,1.716820768893388e+17,CONVERGED
S6,S6_alpha20,Strong Thermoelastic Coupling (2.0x alpha_t),1.2873737373737373,700261.8380218776,4,0.0002948449640794591,9.385206695799649e-05,4.191860339182167,4.191860339182167,False,0.015118133182051414,-4.4575055641793604e-06,4.446565789942528e+19,1.716820768893388e+17,CONVERGED
S6,S6_alpha20,Strong Thermoelastic Coupling (2.0x alpha_t),1.305050505050505,709877.0456840061,0,3.905224441911927e-05,1.243071547627143e-05,-4.47537841483469,4.47537841483469,False,87.82782940877264,0.003429873862615709,8.25070476318055e+19,6.2947827029569944e+16,CONVERGED
S6,S6_alpha20,Strong Thermoelastic Coupling (2.0x alpha_t),1.305050505050505,709877.0456840061,1,3.1415837304870564,0.9999971596881835,-1.112665321315774,1.112665321315774,False,-3.042456721951409,-2.7148153902640992e-05,8.25070476318055e+19,6.2947827029569944e+16,CONVERGED
S6,S6_alpha20,Strong Thermoelastic Coupling (2.0x alpha_t),1.305050505050505,709877.0456840061,2,6.040230649236564e-05,1.922665130482335e-05,0.31447742883263274,0.31447742883263274,False,0.7301703392239849,-4.4103972675078605e-05,8.25070476318055e+19,6.2947827029569944e+16,CONVERGED
S6,S6_alpha20,Strong Thermoelastic Coupling (2.0x alpha_t),1.305050505050505,709877.0456840061,3,4.1326923789933706e-05,1.3154768407899989e-05,-0.31460473948291606,0.31460473948291606,False,1.3697178074078333,5.660622347268482e-05,8.25070476318055e+19,6.2947827029569944e+16,CONVERGED
S6,S6_alpha20,Strong Thermoelastic Coupling (2.0x alpha_t),1.305050505050505,709877.0456840061,4,2.6819094942878912e-05,8.536783058820063e-06,4.157105502834744,4.157105502834744,False,0.015652799390585375,-4.197939130785939e-07,8.25070476318055e+19,6.2947827029569944e+16,CONVERGED
S6,S6_alpha20,Strong Thermoelastic Coupling (2.0x alpha_t),1.3227272727272728,719492.2533461349,0,2.1808423388316663e-05,6.941836766582996e-06,-4.492210598509623,4.492210598509623,False,89.31867551032396,-0.0019478994923216274,7.372268372210109e+19,7.343250859453211e+16,CONVERGED
S6,S6_alpha20,Strong Thermoelastic Coupling (2.0x alpha_t),1.3227272727272728,719492.2533461349,1,3.14148398380261,0.9999654093324102,-1.1134525536570956,1.1134525536570956,False,-3.044852767428229,-0.00033088350354339906,7.372268372210109e+19,7.343250859453211e+16,CONVERGED
S6,S6_alpha20,Strong Thermoelastic Coupling (2.0x alpha_t),1.3227272727272728,719492.2533461349,2,7.436182721496607e-05,2.367010475721456e-05,0.49999427897289045,0.49999427897289045,False,0.6065341280239361,-4.51029861112311e-05,7.372268372210109e+19,7.343250859453211e+16,CONVERGED
S6,S6_alpha20,Strong Thermoelastic Coupling (2.0x alpha_t),1.3227272727272728,719492.2533461349,3,4.161836960927872e-05,1.3247538493484441e-05,-0.5000494882363754,0.5000494882363754,False,1.6488028635991163,6.86204870297241e-05,7.372268372210109e+19,7.343250859453211e+16,CONVERGED
S6,S6_alpha20,Strong Thermoelastic Coupling (2.0x alpha_t),1.3227272727272728,719492.2533461349,4,0.00033521166270795435,0.00010670118620404819,4.12257841567539,4.12257841567539,False,0.016202682373183924,-5.431328302077616e-06,7.372268372210109e+19,7.343250859453211e+16,CONVERGED
S6,S6_alpha20,Strong Thermoelastic Coupling (2.0x alpha_t),1.3404040404040405,729107.4610082634,0,0.00026796656439632207,8.529640661405469e-05,-4.509343973120138,4.509343973120138,False,90.8621876521833,0.02434802884146831,1.4240023774947956e+20,8.081883105696222e+16,CONVERGED
S6,S6_alpha20,Strong Thermoelastic Coupling (2.0x alpha_t),1.3404040404040405,729107.4610082634,1,3.1414973384470497,0.9999696602477618,-1.1128697934717369,1.1128697934717369,False,-3.04307886953993,-0.00029005149770820407,1.4240023774947956e+20,8.081883105696222e+16,CONVERGED
S6,S6_alpha20,Strong Thermoelastic Coupling (2.0x alpha_t),1.3404040404040405,729107.4610082634,2,5.2174618699450415e-05,1.660769693990474e-05,0.6283684065739135,0.6283684065739135,False,0.5334614828533681,-2.7833149483973603e-05,1.4240023774947956e+20,8.081883105696222e+16,CONVERGED
S6,S6_alpha20,Strong Thermoelastic Coupling (2.0x alpha_t),1.3404040404040405,729107.4610082634,3,2.6046654760187418e-05,8.290907712183747e-06,-0.6283647929614512,0.6283647929614512,False,1.8745428054992888,4.882556929907467e-05,1.4240023774947956e+20,8.081883105696222e+16,CONVERGED
S6,S6_alpha20,Strong Thermoelastic Coupling (2.0x alpha_t),1.3404040404040405,729107.4610082634,4,0.0002941490463919983,9.363054947810756e-05,4.090313894372336,4.090313894372336,False,0.016733979307996125,-4.922284197755177e-06,1.4240023774947956e+20,8.081883105696222e+16,CONVERGED
S6,S6_alpha20,Strong Thermoelastic Coupling (2.0x alpha_t),1.358080808080808,738722.6686703919,0,0.00011013642353585002,3.5057512440386186e-05,4.05866451639009,4.05866451639009,False,0.01727207018171106,1.902284044565444e-06,5.7995247619707806e+19,5.56243030355232e+16,CONVERGED
S6,S6_alpha20,Strong Thermoelastic Coupling (2.0x alpha_t),1.358080808080808,738722.6686703919,1,3.1415646790189027,0.9999910954175238,-1.1105458103099708,1.1105458103099708,False,-3.0360150294069683,8.493121768766255e-05,5.7995247619707806e+19,5.56243030355232e+16,CONVERGED
S6,S6_alpha20,Strong Thermoelastic Coupling (2.0x alpha_t),1.358080808080808,738722.6686703919,2,0.00018358359872538982,5.843647441548953e-05,0.7304551843701056,0.7304551843701056,False,0.48168967444938643,8.843032489773372e-05,5.7995247619707806e+19,5.56243030355232e+16,CONVERGED
S6,S6_alpha20,Strong Thermoelastic Coupling (2.0x alpha_t),1.358080808080808,738722.6686703919,3,8.32401259321874e-05,2.6496155011398975e-05,-0.7304041210479035,0.7304041210479035,False,2.0759193536993417,-0.00017279978882610351,5.7995247619707806e+19,5.56243030355232e+16,CONVERGED
S6,S6_alpha20,Strong Thermoelastic Coupling (2.0x alpha_t),1.358080808080808,738722.6686703919,4,0.000877939340806323,0.00027945677164833293,4.526070238224419,4.526070238224419,False,0.010823120742666687,-9.502045931605184e-06,5.7995247619707806e+19,5.56243030355232e+16,CONVERGED
S6,S6_alpha20,Strong Thermoelastic Coupling (2.0x alpha_t),1.3757575757575757,748337.8763325205,0,0.00010331027911608276,3.288468318705595e-05,4.027103784419887,4.027103784419887,False,0.01782588276800342,-1.8415969308047996e-06,6.81412279855264e+19,6.169235178505949e+16,CONVERGED
S6,S6_alpha20,Strong Thermoelastic Coupling (2.0x alpha_t),1.3757575757575757,748337.8763325205,1,3.141557022421358,0.9999886582468308,-1.1064220530492483,1.1064220530492483,False,-3.0235210184875982,-0.00010773158672284304,6.81412279855264e+19,6.169235178505949e+16,CONVERGED
S6,S6_alpha20,Strong Thermoelastic Coupling (2.0x alpha_t),1.3757575757575757,748337.8763325205,2,1.0818576582255023e-05,3.4436598805682197e-06,0.8160015129684282,0.8160015129684282,False,0.44219624022456433,-4.783933889441328e-06,6.81412279855264e+19,6.169235178505949e+16,CONVERGED
S6,S6_alpha20,Strong Thermoelastic Coupling (2.0x alpha_t),1.3757575757575757,748337.8763325205,3,4.560651012877632e-06,1.4517003048330688e-06,-0.8160297477353696,0.8160297477353696,False,2.261503251562634,-1.0313927094936695e-05,6.81412279855264e+19,6.169235178505949e+16,CONVERGED
S6,S6_alpha20,Strong Thermoelastic Coupling (2.0x alpha_t),1.3757575757575757,748337.8763325205,4,8.078374156048915e-05,2.5714263581620063e-05,4.542833290017104,4.542833290017104,False,0.010643208462684257,-8.597982036942474e-07,6.81412279855264e+19,6.169235178505949e+16,CONVERGED
S6,S6_alpha20,Strong Thermoelastic Coupling (2.0x alpha_t),1.3934343434343435,757953.0839946492,0,0.0015265230608946952,0.0004859073817703222,3.996436034264412,3.996436034264412,False,0.018381010241332082,-2.8059057811023428e-05,3.990647184452894e+19,7.378220540560931e+16,CONVERGED
S6,S6_alpha20,Strong Thermoelastic Coupling (2.0x alpha_t),1.3934343434343435,757953.0839946492,1,3.141085080357915,0.9998384344223309,-1.1008229613539178,1.1008229613539178,False,-3.006638966771736,-0.0015260895885118207,3.990647184452894e+19,7.378220540560931e+16,CONVERGED
S6,S6_alpha20,Strong Thermoelastic Coupling (2.0x alpha_t),1.3934343434343435,757953.0839946492,2,2.8273695393188825e-05,8.999796762601102e-06,0.8901555586832478,0.8901555586832478,False,0.41059187648843504,-1.1608949649845226e-05,3.990647184452894e+19,7.378220540560931e+16,CONVERGED
S6,S6_alpha20,Strong Thermoelastic Coupling (2.0x alpha_t),1.3934343434343435,757953.0839946492,3,7.188192998934398e-06,2.2880728953579292e-06,-0.8901501899878204,0.8901501899878204,False,2.435495410785646,1.750681106104776e-05,3.990647184452894e+19,7.378220540560931e+16,CONVERGED
S6,S6_alpha20,Strong Thermoelastic Coupling (2.0x alpha_t),1.3934343434343435,757953.0839946492,4,4.927223609743508e-05,1.568383986419542e-05,4.559782654765187,4.559782654765187,False,0.01046433305650832,-5.156010893797231e-07,3.990647184452894e+19,7.378220540560931e+16,CONVERGED
S6,S6_alpha20,Strong Thermoelastic Coupling (2.0x alpha_t),1.4111111111111112,767568.2916567777,0,3.8564076042778986e-05,1.2275326655960028e-05,3.9661087365919423,3.9661087365919423,False,0.018947017696437588,-7.306742315915149e-07,1.0530849028107693e+20,1.1056687687688718e+17,CONVERGED
S6,S6_alpha20,Strong Thermoelastic Coupling (2.0x alpha_t),1.4111111111111112,767568.2916567777,1,3.14157614977653,0.9999947466730786,-1.0936562396187641,1.0936562396187641,False,-2.985168635287743,-4.926666572051683e-05,1.0530849028107693e+20,1.1056687687688718e+17,CONVERGED
S6,S6_alpha20,Strong Thermoelastic Coupling (2.0x alpha_t),1.4111111111111112,767568.2916567777,2,1.594089723499493e-05,5.07414518453874e-06,0.9553837809407789,0.9553837809407789,False,0.38466448927268904,6.131897093967141e-06,1.0530849028107693e+20,1.1056687687688718e+17,CONVERGED
S6,S6_alpha20,Strong Thermoelastic Coupling (2.0x alpha_t),1.4111111111111112,767568.2916567777,3,6.488443501570215e-06,2.0653357124947713e-06,-0.9553999606284689,0.9553999606284689,False,2.599710156664763,-1.686807247221428e-05,1.0530849028107693e+20,1.1056687687688718e+17,CONVERGED
S6,S6_alpha20,Strong Thermoelastic Coupling (2.0x alpha_t),1.4111111111111112,767568.2916567777,4,5.234576210552914e-07,1.6662173578014764e-07,-4.576556566774971,4.576556566774971,False,97.17918736451765,-5.086918623392149e-05,1.0530849028107693e+20,1.1056687687688718e+17,CONVERGED
S6,S6_alpha20,Strong Thermoelastic Coupling (2.0x alpha_t),1.4287878787878787,777183.4993189061,0,0.00037764767420557266,0.0001202089881939491,3.935483260727068,3.935483260727068,False,0.019536254547490913,-7.377821443284126e-06,1.1188680993885964e+20,9.465683404449749e+16,CONVERGED
S6,S6_alpha20,Strong Thermoelastic Coupling (2.0x alpha_t),1.4287878787878787,777183.4993189061,1,3.1414618707759425,0.9999583705374084,-1.0847672907073584,1.0847672907073584,False,-2.9587511844151697,-0.0003869538075881701,1.1188680993885964e+20,9.465683404449749e+16,CONVERGED
S6,S6_alpha20,Strong Thermoelastic Coupling (2.0x alpha_t),1.4287878787878787,777183.4993189061,2,3.491221955447452e-05,1.1112904632808297e-05,1.0136028330278075,1.0136028330278075,False,0.36290912020017946,-1.26699628878975e-05,1.1188680993885964e+20,9.465683404449749e+16,CONVERGED
S6,S6_alpha20,Strong Thermoelastic Coupling (2.0x alpha_t),1.4287878787878787,777183.4993189061,3,7.009927468679561e-06,2.231329214712019e-06,-1.0135950534597749,1.0135950534597749,False,2.755489361294199,1.931578056370689e-05,1.1188680993885964e+20,9.465683404449749e+16,CONVERGED
S6,S6_alpha20,Strong Thermoelastic Coupling (2.0x alpha_t),1.4287878787878787,777183.4993189061,4,0.00023911266013740265,7.611192363344007e-05,-4.592768871468516,4.592768871468516,False,98.76752366575623,-0.02361656576899416,1.1188680993885964e+20,9.465683404449749e+16,CONVERGED
S6,S6_alpha20,Strong Thermoelastic Coupling (2.0x alpha_t),1.4464646464646465,786798.7069810347,0,0.0005749680582911731,0.00018301801719397843,3.904812647124662,3.904812647124662,False,0.02014472498072612,1.158257468333225e-05,5.899151731669297e+19,4.431779578625171e+16,CONVERGED
S6,S6_alpha20,Strong Thermoelastic Coupling (2.0x alpha_t),1.4464646464646465,786798.7069810347,1,3.1414049641602726,0.9999402565990514,-1.0742772523095507,1.0742772523095507,False,-2.9278759684385967,0.0005495313766767506,5.899151731669297e+19,4.431779578625171e+16,CONVERGED
S6,S6_alpha20,Strong Thermoelastic Coupling (2.0x alpha_t),1.4464646464646465,786798.7069810347,2,4.3104996200908663e-05,1.3720746434663966e-05,1.0658434018088232,1.0658434018088232,False,0.34443723292355516,1.4846965625816759e-05,5.899151731669297e+19,4.431779578625171e+16,CONVERGED
S6,S6_alpha20,Strong Thermoelastic Coupling (2.0x alpha_t),1.4464646464646465,786798.7069810347,3,6.1555217457150874e-06,1.9593634262804182e-06,-1.0658433467960196,1.0658433467960196,False,2.903286429145056,-1.7871242748867613e-05,5.899151731669297e+19,4.431779578625171e+16,CONVERGED
S6,S6_alpha20,Strong Thermoelastic Coupling (2.0x alpha_t),1.4464646464646465,786798.7069810347,4,8.467011082053644e-05,2.69513333384539e-05,-4.609090173974019,4.609090173974019,False,100.39276775893752,0.0085002667920425,5.899151731669297e+19,4.431779578625171e+16,CONVERGED
S6,S6_alpha20,Strong Thermoelastic Coupling (2.0x alpha_t),1.4641414141414142,796413.9146431634,0,0.00033672866591152157,0.00010718406332111611,3.8733539022008867,3.8733539022008867,False,0.02078852849883536,-7.000093732247808e-06,1.125489364903285e+20,9.349961710534914e+16,CONVERGED
S6,S6_alpha20,Strong Thermoelastic Coupling (2.0x alpha_t),1.4641414141414142,796413.9146431634,1,3.141472970279391,0.9999619036190878,-1.0619755908642976,1.0619755908642976,False,-2.892078893117451,-0.0003461335775263774,1.125489364903285e+20,9.349961710534914e+16,CONVERGED
S6,S6_alpha20,Strong Thermoelastic Coupling (2.0x alpha_t),1.4641414141414142,796413.9146431634,2,4.205515684920242e-07,1.3386572190111088e-07,1.112997221056722,1.112997221056722,False,0.32857267880892393,-1.381817554367272e-07,1.125489364903285e+20,9.349961710534914e+16,CONVERGED
S6,S6_alpha20,Strong Thermoelastic Coupling (2.0x alpha_t),1.4641414141414142,796413.9146431634,3,6.077085814730436e-06,1.934396494015974e-06,-1.1130249835468953,1.1130249835468953,False,3.0435511755940916,-1.8495921675836687e-05,1.125489364903285e+20,9.349961710534914e+16,CONVERGED
S6,S6_alpha20,Strong Thermoelastic Coupling (2.0x alpha_t),1.4641414141414142,796413.9146431634,4,0.0004516886678110763,0.00014377696844145173,4.62555172094915,4.62555172094915,False,0.00979824664625045,-4.42575727551413e-06,1.125489364903285e+20,9.349961710534914e+16,CONVERGED
S6,S6_alpha20,Strong Thermoelastic Coupling (2.0x alpha_t),1.4818181818181817,806029.1223052919,0,0.0005306579260796224,0.00016891366405293102,3.8425052952988183,3.8425052952988183,False,0.021439817904030958,-1.1377210372410447e-05,1.3549220327828147e+20,2.924533340374101e+17,CONVERGED
S6,S6_alpha20,Strong Thermoelastic Coupling (2.0x alpha_t),1.4818181818181817,806029.1223052919,1,3.141404894223594,0.9999402343375152,-1.04835708924529,1.04835708924529,False,-2.8529600565311193,-0.0005356699783008896,1.3549220327828147e+20,2.924533340374101e+17,CONVERGED
S6,S6_alpha20,Strong Thermoelastic Coupling (2.0x alpha_t),1.4818181818181817,806029.1223052919,2,2.6594853945978726e-06,8.465404932619025e-07,1.1557745780893125,1.1557745780893125,False,0.3148135947256709,-8.372421571957495e-07,1.3549220327828147e+20,2.924533340374101e+17,CONVERGED
S6,S6_alpha20,Strong Thermoelastic Coupling (2.0x alpha_t),1.4818181818181817,806029.1223052919,3,8.803728492384408e-07,2.802313814403876e-07,-1.1557832368441394,1.1557832368441394,False,3.176510403433496,-2.796513514507018e-06,1.3549220327828147e+20,2.924533340374101e+17,CONVERGED
S6,S6_alpha20,Strong Thermoelastic Coupling (2.0x alpha_t),1.4818181818181817,806029.1223052919,4,0.0022788908394787383,0.0007253934837397603,-4.641358245881832,4.641358245881832,False,103.68481258518244,0.23628677863304903,1.3549220327828147e+20,2.924533340374101e+17,CONVERGED
S6,S6_alpha20,Strong Thermoelastic Coupling (2.0x alpha_t),1.4994949494949494,815644.3299674204,0,0.0004875244039516847,0.00015518383753368114,3.8099262277067485,3.8099262277067485,False,0.022149810306976683,1.079857392308688e-05,1.0301671980699697e+20,1.4695893861377677e+17,CONVERGED
S6,S6_alpha20,Strong Thermoelastic Coupling (2.0x alpha_t),1.4994949494949494,815644.3299674204,1,3.1414273627855707,0.9999473863029207,-1.032637936761909,1.032637936761909,False,-2.808464585350126,0.00046421337417127523,1.0301671980699697e+20,1.4695893861377677e+17,CONVERGED
S6,S6_alpha20,Strong Thermoelastic Coupling (2.0x alpha_t),1.4994949494949494,815644.3299674204,2,7.591712741599471e-07,2.416517218718561e-07,1.1945835123646282,1.1945835123646282,False,0.30283005289360493,-2.298998771092064e-07,1.0301671980699697e+20,1.4695893861377677e+17,CONVERGED
S6,S6_alpha20,Strong Thermoelastic Coupling (2.0x alpha_t),1.4994949494949494,815644.3299674204,3,2.5043920728125017e-06,7.97172755656535e-07,-1.194611675178345,1.194611675178345,False,3.302275166058945,8.2701917481409e-06,1.0301671980699697e+20,1.4695893861377677e+17,CONVERGED
S6,S6_alpha20,Strong Thermoelastic Coupling (2.0x alpha_t),1.4994949494949494,815644.3299674204,4,0.00010579426225963989,3.3675359578764075e-05,4.658359722911257,4.658359722911257,False,0.009482002711802516,1.003141485381581e-06,1.0301671980699697e+20,1.4695893861377677e+17,CONVERGED
S6,S6_alpha20,Strong Thermoelastic Coupling (2.0x alpha_t),1.5171717171717172,825259.537629549,0,0.0003698264417394804,0.0001177194125778503,3.778201708029824,3.778201708029824,False,0.022863768649019966,-8.455626589718262e-06,1.533528749948625e+20,1.0679292147517077e+17,CONVERGED
S6,S6_alpha20,Strong Thermoelastic Coupling (2.0x alpha_t),1.5171717171717172,825259.537629549,1,3.1414569665665986,0.9999568094790903,-1.0157231517178975,1.0157231517178975,False,-2.7613595320140427,-0.00037468065716833663,1.533528749948625e+20,1.0679292147517077e+17,CONVERGED
S6,S6_alpha20,Strong Thermoelastic Coupling (2.0x alpha_t),1.5171717171717172,825259.537629549,2,1.6534532638239315e-05,5.263105202180129e-06,1.2299303866951408,1.2299303866951408,False,0.2923129258014629,-4.833257612683971e-06,1.533528749948625e+20,1.0679292147517077e+17,CONVERGED
S6,S6_alpha20,Strong Thermoelastic Coupling (2.0x alpha_t),1.5171717171717172,825259.537629549,3,3.8612917268056796e-06,1.2290873300819284e-06,-1.2299242928669087,1.2299242928669087,False,3.420970534588592,1.3209365222918582e-05,1.533528749948625e+20,1.0679292147517077e+17,CONVERGED
S6,S6_alpha20,Strong Thermoelastic Coupling (2.0x alpha_t),1.5171717171717172,825259.537629549,4,7.572121290051998e-05,2.41028106600631e-05,4.673905878121649,4.673905878121649,False,0.009335733955886338,7.069130998073593e-07,1.533528749948625e+20,1.0679292147517077e+17,CONVERGED
S6,S6_alpha20,Strong Thermoelastic Coupling (2.0x alpha_t),1.534848484848485,834874.7452916778,0,1.983371154685761e-05,6.313266465082381e-06,3.7448869930207764,3.7448869930207764,False,0.023638300184995797,-4.6883522738871375e-07,1.0604123598241627e+20,5.433844471312989e+16,CONVERGED
S6,S6_alpha20,Strong Thermoelastic Coupling (2.0x alpha_t),1.534848484848485,834874.7452916778,1,3.1415802735437213,0.999996059308944,-0.9967497195948173,0.9967497195948173,False,-2.70946099294819,-3.35432519247922e-05,1.0604123598241627e+20,5.433844471312989e+16,CONVERGED
S6,S6_alpha20,Strong Thermoelastic Coupling (2.0x alpha_t),1.534848484848485,834874.7452916778,2,7.472963701512818e-07,2.378718225284144e-07,1.2620197955777428,1.2620197955777428,False,0.2830816815558284,-2.11545913083031e-07,1.0604123598241627e+20,5.433844471312989e+16,CONVERGED
S6,S6_alpha20,Strong Thermoelastic Coupling (2.0x alpha_t),1.534848484848485,834874.7452916778,3,2.2665278844239322e-07,7.214582329233698e-08,-1.2619869813474227,1.2619869813474227,False,3.5324333980633997,-8.006358796581217e-07,1.0604123598241627e+20,5.433844471312989e+16,CONVERGED
S6,S6_alpha20,Strong Thermoelastic Coupling (2.0x alpha_t),1.534848484848485,834874.7452916778,4,2.355142834079724e-06,7.496652474624871e-07,4.6897764961623265,4.6897764961623265,False,0.009188739645303408,2.1640794329900595e-08,1.0604123598241627e+20,5.433844471312989e+16,CONVERGED
S6,S6_alpha20,Strong Thermoelastic Coupling (2.0x alpha_t),1.5525252525252524,844489.952953806,0,0.0003689576381731048,0.00011744286381352122,3.7104653976114137,3.7104653976114137,False,0.024466132475947134,-9.026966863168636e-06,9.5635425385427e+19,1.8118756595982893e+17,CONVERGED
S6,S6_alpha20,Strong Thermoelastic Coupling (2.0x alpha_t),1.5525252525252524,844489.952953806,1,3.141453778163456,0.999955794578849,-0.9758755502578249,0.9758755502578249,False,-2.653489432003069,-0.00036850447851987967,9.5635425385427e+19,1.8118756595982893e+17,CONVERGED
S6,S6_alpha20,Strong Thermoelastic Coupling (2.0x alpha_t),1.5525252525252524,844489.952953806,2,2.489345280558666e-06,7.923832129267855e-07,1.2910731954551795,1.2910731954551795,False,0.2749755222002055,6.845090184596501e-07,9.5635425385427e+19,1.8118756595982893e+17,CONVERGED
S6,S6_alpha20,Strong Thermoelastic Coupling (2.0x alpha_t),1.5525252525252524,844489.952953806,3,3.6647615650393496e-07,1.166529836658406e-07,-1.291076355202269,1.291076355202269,False,3.636698829581016,-1.3327634094272692e-06,9.5635425385427e+19,1.8118756595982893e+17,CONVERGED
S6,S6_alpha20,Strong Thermoelastic Coupling (2.0x alpha_t),1.5525252525252524,844489.952953806,4,9.952405350783832e-05,3.167949014462951e-05,4.705426964897801,4.705426964897801,False,0.009046051002180776,-9.002996669481745e-07,9.5635425385427e+19,1.8118756595982893e+17,CONVERGED
S6,S6_alpha20,Strong Thermoelastic Coupling (2.0x alpha_t),1.5702020202020202,854105.1606159348,0,0.00041940546149602746,0.0001335009047136607,3.674801970234443,3.674801970234443,False,0.025354423726705218,1.0633784407562199e-05,8.771527199427017e+19,5.39712988727127e+16,CONVERGED
S6,S6_alpha20,Strong Thermoelastic Coupling (2.0x alpha_t),1.5702020202020202,854105.1606159348,1,3.1414434795815014,0.9999525164383991,-0.9530292210913921,0.9530292210913921,False,-2.593554192152306,0.00038689087743524244,8.771527199427017e+19,5.39712988727127e+16,CONVERGED
S6,S6_alpha20,Strong Thermoelastic Coupling (2.0x alpha_t),1.5702020202020202,854105.1606159348,2,1.7212778937499036e-05,5.4789977045020675e-06,1.3173900526757443,1.3173900526757443,False,0.26783342162428353,4.610157478948065e-06,8.771527199427017e+19,5.39712988727127e+16,CONVERGED
S6,S6_alpha20,Strong Thermoelastic Coupling (2.0x alpha_t),1.5702020202020202,854105.1606159348,3,3.1439165189005765e-06,1.000739709302582e-06,-1.3173922320137574,1.3173922320137574,False,3.733672120240869,-1.1738353455022483e-05,8.771527199427017e+19,5.39712988727127e+16,CONVERGED
S6,S6_alpha20,Strong Thermoelastic Coupling (2.0x alpha_t),1.5702020202020202,854105.1606159348,4,4.520504065381957e-05,1.4389211345450939e-05,4.7214510709142665,4.7214510709142665,False,0.008902251364448605,-4.02426635114539e-07,8.771527199427017e+19,5.39712988727127e+16,CONVERGED
S6,S6_alpha20,Strong Thermoelastic Coupling (2.0x alpha_t),1.587878787878788,863720.3682780633,0,2.6785421539345373e-05,8.526064481573882e-06,3.6391276631771743,3.6391276631771743,False,0.026275254834137337,-7.037937769544052e-07,7.604597750164355e+19,7.820002610384051e+16,CONVERGED
S6,S6_alpha20,Strong Thermoelastic Coupling (2.0x alpha_t),1.587878787878788,863720.3682780633,1,3.141576640214931,0.9999949027844702,-0.9286343286132362,0.9286343286132362,False,-2.531050233058155,-4.0530656180896755e-05,7.604597750164355e+19,7.820002610384051e+16,CONVERGED
S6,S6_alpha20,Strong Thermoelastic Coupling (2.0x alpha_t),1.587878787878788,863720.3682780633,2,7.658333548433113e-06,2.43772328015925e-06,1.341148969252859,1.341148969252859,False,0.2615449887194942,-2.002998761574221e-06,7.604597750164355e+19,7.820002610384051e+16,CONVERGED
S6,S6_alpha20,Strong Thermoelastic Coupling (2.0x alpha_t),1.587878787878788,863720.3682780633,3,7.77801340133688e-08,2.475818560515541e-08,-1.3411373721171473,1.3411373721171473,False,3.8233896500868916,2.9738375936908625e-07,7.604597750164355e+19,7.820002610384051e+16,CONVERGED
S6,S6_alpha20,Strong Thermoelastic Coupling (2.0x alpha_t),1.587878787878788,863720.3682780633,4,7.751217692450147e-06,2.467289221469591e-06,4.736809764167078,4.736809764167078,False,0.00876656904397204,-6.795158507708273e-08,7.604597750164355e+19,7.820002610384051e+16,CONVERGED
S6,S6_alpha20,Strong Thermoelastic Coupling (2.0x alpha_t),1.6055555555555556,873335.5759401919,0,0.00021784410663027153,6.93419327872913e-05,3.6004375719341937,3.6004375719341937,False,0.027311768320601646,5.949707864410972e-06,6.434157680333212e+19,7.526906054970051e+16,CONVERGED
S6,S6_alpha20,Strong Thermoelastic Coupling (2.0x alpha_t),1.6055555555555556,873335.5759401919,1,3.1415168388738945,0.9999758674264113,-0.9015227593564564,0.9015227593564564,False,-2.4633513408351337,0.0001867582824216549,6.434157680333212e+19,7.526906054970051e+16,CONVERGED
S6,S6_alpha20,Strong Thermoelastic Coupling (2.0x alpha_t),1.6055555555555556,873335.5759401919,2,1.7596646251725547e-05,5.601186465603186e-06,1.3624880372680501,1.3624880372680501,False,0.25602298908456494,-4.5051459716954745e-06,6.434157680333212e+19,7.526906054970051e+16,CONVERGED
S6,S6_alpha20,Strong Thermoelastic Coupling (2.0x alpha_t),1.6055555555555556,873335.5759401919,3,6.372280475996533e-06,2.028359873045648e-06,-1.3624483551245974,1.3624483551245974,False,3.9057442538430287,2.4888497853336454e-05,6.434157680333212e+19,7.526906054970051e+16,CONVERGED
S6,S6_alpha20,Strong Thermoelastic Coupling (2.0x alpha_t),1.6055555555555556,873335.5759401919,4,0.00022881199052766498,7.283311866234763e-05,4.7512449304815405,4.7512449304815405,False,0.008640930919489438,1.9771486382049156e-06,6.434157680333212e+19,7.526906054970051e+16,CONVERGED
S6,S6_alpha20,Strong Thermoelastic Coupling (2.0x alpha_t),1.6232323232323231,882950.7836023204,0,2.2492933884992915e-05,7.159723224871624e-06,3.561462911548331,3.561462911548331,False,0.0283972516381811,-6.387375037208335e-07,1.0883454053617145e+20,2.903483153564874e+17,CONVERGED
S6,S6_alpha20,Strong Thermoelastic Coupling (2.0x alpha_t),1.6232323232323231,882950.7836023204,1,3.1415768503707575,0.9999949696791475,-0.8726866177366409,0.8726866177366409,False,-2.393332192239533,-3.782235286219445e-05,1.0883454053617145e+20,2.903483153564874e+17,CONVERGED
S6,S6_alpha20,Strong Thermoelastic Coupling (2.0x alpha_t),1.6232323232323231,882950.7836023204,2,1.103919493257738e-07,3.5138848825493845e-08,1.3814042142975933,1.3814042142975933,False,0.25122553077605764,-2.7733276062771292e-08,1.0883454053617145e+20,2.903483153564874e+17,CONVERGED
S6,S6_alpha20,Strong Thermoelastic Coupling (2.0x alpha_t),1.6232323232323231,882950.7836023204,3,1.0426221715365586e-06,3.3187694475449863e-07,-1.381406983379381,1.381406983379381,False,3.9804981842250498,4.1501556606355536e-06,1.0883454053617145e+20,2.903483153564874e+17,CONVERGED
S6,S6_alpha20,Strong Thermoelastic Coupling (2.0x alpha_t),1.6232323232323231,882950.7836023204,4,2.4555075975503437e-05,7.816123438996832e-06,4.767605682952232,4.767605682952232,False,0.008500709203558153,-2.0873556038098427e-07,1.0883454053617145e+20,2.903483153564874e+17,CONVERGED
S6,S6_alpha20,Strong Thermoelastic Coupling (2.0x alpha_t),1.6409090909090909,892565.9912644491,0,0.02276089193808077,0.007245016922252049,3.721617499472227,3.721617499472227,False,0.024188534213107633,-0.0005506477058361634,9.752850042475807e+19,6.1458217791488904e+16,CONVERGED
S6,S6_alpha20,Strong Thermoelastic Coupling (2.0x alpha_t),1.6409090909090909,892565.9912644491,1,2.485918648543574,0.7912924820800677,-1.3494941395671716,1.3494941395671716,False,-3.055992565495031,2.3506583422892926,9.752850042475807e+19,6.1458217791488904e+16,CONVERGED
S6,S6_alpha20,Strong Thermoelastic Coupling (2.0x alpha_t),1.6409090909090909,892565.9912644491,2,1.6179597884536736e-06,5.150125961126389e-07,1.3981604484193828,1.3981604484193828,False,0.24705100926793758,3.9971859869276763e-07,9.752850042475807e+19,6.1458217791488904e+16,CONVERGED
S6,S6_alpha20,Strong Thermoelastic Coupling (2.0x alpha_t),1.6409090909090909,892565.9912644491,3,4.008375794668409e-06,1.2759056429827626e-06,-1.3981668389137625,1.3981668389137625,False,4.047772941582708,-1.6224995081440765e-05,9.752850042475807e+19,6.1458217791488904e+16,CONVERGED
S6,S6_alpha20,Strong Thermoelastic Coupling (2.0x alpha_t),1.6409090909090909,892565.9912644491,4,7.017731257473591e-05,2.2338132378348492e-05,4.782845425025957,4.782845425025957,False,0.008372142717946963,-5.875344774021705e-07,9.752850042475807e+19,6.1458217791488904e+16,CONVERGED
S6,S6_alpha20,Strong Thermoelastic Coupling (2.0x alpha_t),1.6585858585858586,902181.1989265776,0,2.4697121574757595,0.7861337957528332,1.3437958964197627,1.3437958964197627,False,-0.20415773776046406,0.16237064341531574,7.398859548829665e+19,4.448076622118328e+16,CONVERGED
S6,S6_alpha20,Strong Thermoelastic Coupling (2.0x alpha_t),1.6585858585858586,902181.1989265776,1,0.20112526611308024,0.06402016056513918,-3.5371183336272343,3.5371183336272343,False,33.674968894986954,-6.8657135464966474,7.398859548829665e+19,4.448076622118328e+16,CONVERGED
S6,S6_alpha20,Strong Thermoelastic Coupling (2.0x alpha_t),1.6585858585858586,902181.1989265776,2,6.857064516561372e-06,2.18267142582156e-06,1.4127940914177473,1.4127940914177473,False,0.2434620766153951,-1.6694351667139371e-06,7.398859548829665e+19,4.448076622118328e+16,CONVERGED
S6,S6_alpha20,Strong Thermoelastic Coupling (2.0x alpha_t),1.6585858585858586,902181.1989265776,3,3.0378072322372128e-06,9.669640743417233e-07,-1.4127931875178723,1.4127931875178723,False,4.107412168557737,1.2477526391462209e-05,7.398859548829665e+19,4.448076622118328e+16,CONVERGED
S6,S6_alpha20,Strong Thermoelastic Coupling (2.0x alpha_t),1.6585858585858586,902181.1989265776,4,3.6192563150573287e-06,1.152045065715864e-06,4.797930612939964,4.797930612939964,False,0.0082467952145594,-2.9847265659408986e-08,7.398859548829665e+19,4.448076622118328e+16,CONVERGED
S6,S6_alpha20,Strong Thermoelastic Coupling (2.0x alpha_t),1.6762626262626263,911796.4065887061,0,0.061353238581568034,0.019529342389905877,3.72162400847021,3.72162400847021,False,0.024149120919901335,-0.0014834886370894294,3.1844747867787415e+20,2.1760627101992307e+17,CONVERGED
S6,S6_alpha20,Strong Thermoelastic Coupling (2.0x alpha_t),1.6762626262626263,911796.4065887061,1,2.4421138508655997,0.7773489819168878,-1.3457062261170913,1.3457062261170913,False,-2.9389701616792836,2.472843060061299,3.1844747867787415e+20,2.1760627101992307e+17,CONVERGED
S6,S6_alpha20,Strong Thermoelastic Coupling (2.0x alpha_t),1.6762626262626263,911796.4065887061,2,3.925833136773597e-06,1.2496314989429577e-06,1.425372537158202,1.425372537158202,False,0.24041888155436536,-9.43844411917023e-07,3.1844747867787415e+20,2.1760627101992307e+17,CONVERGED
S6,S6_alpha20,Strong Thermoelastic Coupling (2.0x alpha_t),1.6762626262626263,911796.4065887061,3,1.1093514586976917e-06,3.531175365558844e-07,-1.425367455904035,1.425367455904035,False,4.159385952905261,4.614220874144033e-06,3.1844747867787415e+20,2.1760627101992307e+17,CONVERGED
S6,S6_alpha20,Strong Thermoelastic Coupling (2.0x alpha_t),1.6762626262626263,911796.4065887061,4,2.5099820276873344e-06,7.989520935565155e-07,4.812940513981181,4.812940513981181,False,0.008123935993528165,2.0390933337880763e-08,3.1844747867787415e+20,2.1760627101992307e+17,CONVERGED
S6,S6_alpha20,Strong Thermoelastic Coupling (2.0x alpha_t),1.6939393939393939,921411.6142508347,0,2.423682453095142,0.7714820857903653,1.337454020367672,1.337454020367672,False,-0.19772021358707143,0.1726843433736216,9.390431145670856e+19,1.4530582461609942e+17,CONVERGED
S6,S6_alpha20,Strong Thermoelastic Coupling (2.0x alpha_t),1.6939393939393939,921411.6142508347,1,0.19612004488812157,0.062426949166697894,-3.5541986166553348,3.5541986166553348,False,34.289614264765184,-6.812448036384477,9.390431145670856e+19,1.4530582461609942e+17,CONVERGED
S6,S6_alpha20,Strong Thermoelastic Coupling (2.0x alpha_t),1.6939393939393939,921411.6142508347,2,1.6368901098350816e-05,5.210383045569775e-06,1.4359602518763792,1.4359602518763792,False,0.23788682300374053,-3.893945878696897e-06,9.390431145670856e+19,1.4530582461609942e+17,CONVERGED
S6,S6_alpha20,Strong Thermoelastic Coupling (2.0x alpha_t),1.6939393939393939,921411.6142508347,3,1.4068604558857538e-05,4.478175915894702e-06,-1.435953592631306,1.435953592631306,False,4.203651668963791,5.913951303773483e-05,9.390431145670856e+19,1.4530582461609942e+17,CONVERGED
S6,S6_alpha20,Strong Thermoelastic Coupling (2.0x alpha_t),1.6939393939393939,921411.6142508347,4,0.0008832744479929791,0.0002811549890096957,4.827325566250453,4.827325566250453,False,0.00800790615184969,7.073180725291356e-06,9.390431145670856e+19,1.4530582461609942e+17,CONVERGED
S6,S6_alpha20,Strong Thermoelastic Coupling (2.0x alpha_t),1.7116161616161616,931026.8219129633,0,0.09549785686925744,0.030397911950849267,3.7039695627450437,3.7039695627450437,False,0.024513374046051275,-0.0023481171812454195,7.957319545060555e+19,6.7037823886218664e+16,CONVERGED
S6,S6_alpha20,Strong Thermoelastic Coupling (2.0x alpha_t),1.7116161616161616,931026.8219129633,1,2.3984079107958176,0.7634369491077199,-1.3414853323831195,1.3414853323831195,False,-2.8162080224415478,2.5879446501772083,7.957319545060555e+19,6.7037823886218664e+16,CONVERGED
S6,S6_alpha20,Strong Thermoelastic Coupling (2.0x alpha_t),1.7116161616161616,931026.8219129633,2,2.2976914430973957e-05,7.313779017378018e-06,1.4445884060317673,1.4445884060317673,False,0.23584312812831673,-5.418947375091184e-06,7.957319545060555e+19,6.7037823886218664e+16,CONVERGED
S6,S6_alpha20,Strong Thermoelastic Coupling (2.0x alpha_t),1.7116161616161616,931026.8219129633,3,1.8938447519369224e-06,6.028295074388111e-07,-1.4445760061714117,1.4445760061714117,False,4.240054004909116,8.03000402513586e-06,7.957319545060555e+19,6.7037823886218664e+16,CONVERGED
S6,S6_alpha20,Strong Thermoelastic Coupling (2.0x alpha_t),1.7116161616161616,931026.8219129633,4,3.120605860969612e-05,9.933196964297074e-06,4.842603202383562,4.842603202383562,False,0.007886497154285337,-2.461064925017176e-07,7.957319545060555e+19,6.7037823886218664e+16,CONVERGED
S6,S6_alpha20,Strong Thermoelastic Coupling (2.0x alpha_t),1.7292929292929293,940642.0295750919,0,2.378164974496785,0.7569934223583491,1.3305777409481445,1.3305777409481445,False,-0.19096661993056915,0.18275446530890627,7.762642831899291e+19,7.127615281711729e+16,CONVERGED
S6,S6_alpha20,Strong Thermoelastic Coupling (2.0x alpha_t),1.7292929292929293,940642.0295750919,1,0.18865182997973237,0.06004974252921244,-3.5713280768655773,3.5713280768655773,False,34.932818886641996,-6.669449391138991,7.762642831899291e+19,7.127615281711729e+16,CONVERGED
S6,S6_alpha20,Strong Thermoelastic Coupling (2.0x alpha_t),1.7292929292929293,940642.0295750919,2,3.0673266819362336e-05,9.763604070156268e-06,1.4512914355283193,1.4512914355283193,False,0.23426755110431635,-7.185751104394867e-06,7.762642831899291e+19,7.127615281711729e+16,CONVERGED
S6,S6_alpha20,Strong Thermoelastic Coupling (2.0x alpha_t),1.7292929292929293,940642.0295750919,3,5.468038146746645e-07,1.74053060013955e-07,-1.4512894247639125,1.4512894247639125,False,4.268615026080822,2.3340949796388186e-06,7.762642831899291e+19,7.127615281711729e+16,CONVERGED
S6,S6_alpha20,Strong Thermoelastic Coupling (2.0x alpha_t),1.7292929292929293,940642.0295750919,4,0.00011276709794113399,3.589488211091874e-05,4.857257574574997,4.857257574574997,False,0.007771768137758847,8.76399742481325e-07,7.762642831899291e+19,7.127615281711729e+16,CONVERGED
S6,S6_alpha20,Strong Thermoelastic Coupling (2.0x alpha_t),1.7469696969696968,950257.2372372204,0,2.3564487049693565,0.7500809190767368,1.3264685007006427,1.3264685007006427,False,-0.1877229748671103,0.18762755521374902,1.0188533320994156e+20,6.852926645341295e+16,CONVERGED
S6,S6_alpha20,Strong Thermoelastic Coupling (2.0x alpha_t),1.7469696969696968,950257.2372372204,1,0.19391586180932982,0.06172533590175946,-3.579372502991548,3.579372502991548,False,35.17908720712708,-6.908596361280794,1.0188533320994156e+20,6.852926645341295e+16,CONVERGED
S6,S6_alpha20,Strong Thermoelastic Coupling (2.0x alpha_t),1.7469696969696968,950257.2372372204,2,5.127904650319421e-06,1.632262745604506e-06,1.4561296468157654,1.4561296468157654,False,0.23313685278547358,1.1955035515699432e-06,1.0188533320994156e+20,6.852926645341295e+16,CONVERGED
S6,S6_alpha20,Strong Thermoelastic Coupling (2.0x alpha_t),1.7469696969696968,950257.2372372204,3,2.2507922230820688e-05,7.164494163526145e-06,-1.456157047962796,1.456157047962796,False,4.28944368643505,-9.654646492406858e-05,1.0188533320994156e+20,6.852926645341295e+16,CONVERGED
S6,S6_alpha20,Strong Thermoelastic Coupling (2.0x alpha_t),1.7469696969696968,950257.2372372204,4,8.404996755389682e-06,2.6753935605832196e-06,4.871727848050578,4.871727848050578,False,0.007660118326034922,-6.438326967774065e-08,1.0188533320994156e+20,6.852926645341295e+16,CONVERGED
S6,S6_alpha20,Strong Thermoelastic Coupling (2.0x alpha_t),1.7646464646464646,959872.4448993491,0,2.2222242353097643,0.7073559434163124,1.4248061812976025,1.4248061812976025,False,-0.14585396475510684,0.19129393301661649,1.1596375796933393e+20,1.2249795896066802e+17,CONVERGED
S6,S6_alpha20,Strong Thermoelastic Coupling (2.0x alpha_t),1.7646464646464646,959872.4448993491,1,3.0960608209962186,0.9855067675493999,-2.111044814851675,2.111044814851675,False,-8.248306302486743,-0.3758202479511211,1.1596375796933393e+20,1.2249795896066802e+17,CONVERGED
S6,S6_alpha20,Strong Thermoelastic Coupling (2.0x alpha_t),1.7646464646464646,959872.4448993491,2,3.872535061055121e-06,1.2326661945271946e-06,1.459094947996597,1.459094947996597,False,0.23244655577701148,-9.001574370724816e-07,1.1596375796933393e+20,1.2249795896066802e+17,CONVERGED
S6,S6_alpha20,Strong Thermoelastic Coupling (2.0x alpha_t),1.7646464646464646,959872.4448993491,3,4.174810020833859e-06,1.3288833025705744e-06,-1.4591002816934249,1.4591002816934249,False,4.302087119992241,1.7960396419148227e-05,1.1596375796933393e+20,1.2249795896066802e+17,CONVERGED
S6,S6_alpha20,Strong Thermoelastic Coupling (2.0x alpha_t),1.7646464646464646,959872.4448993491,4,5.48755217366326e-05,1.7467421078263655e-05,4.88627606171341,4.88627606171341,False,0.007549483994025157,4.142818734303329e-07,1.1596375796933393e+20,1.2249795896066802e+17,CONVERGED
S6,S6_alpha20,Strong Thermoelastic Coupling (2.0x alpha_t),1.7823232323232323,969487.6525614776,0,0.18071533438009404,0.05752347751819341,3.593648972821883,3.593648972821883,False,0.027050016882469396,-0.004942271973999079,1.898128411841201e+20,6.4378486347351976e+16,CONVERGED
S6,S6_alpha20,Strong Thermoelastic Coupling (2.0x alpha_t),1.7823232323232323,969487.6525614776,1,2.31276467809762,0.7361758614551447,-1.3256687463824326,1.3256687463824326,False,-2.54396046701329,2.7751121378359414,1.898128411841201e+20,6.4378486347351976e+16,CONVERGED
S6,S6_alpha20,Strong Thermoelastic Coupling (2.0x alpha_t),1.7823232323232323,969487.6525614776,2,8.315409010383312e-06,2.64687689566678e-06,1.4602477104355227,1.4602477104355227,False,0.23217875449744824,-1.9306613072121554e-06,1.898128411841201e+20,6.4378486347351976e+16,CONVERGED
S6,S6_alpha20,Strong Thermoelastic Coupling (2.0x alpha_t),1.7823232323232323,969487.6525614776,3,1.5447458916370525e-05,4.917078889498685e-06,-1.4602374559242246,1.4602374559242246,False,4.306982124836862,6.653192943225169e-05,1.898128411841201e+20,6.4378486347351976e+16,CONVERGED
S6,S6_alpha20,Strong Thermoelastic Coupling (2.0x alpha_t),1.7823232323232323,969487.6525614776,4,0.0014134156314490798,0.0004499041687769472,4.899477237522496,4.899477237522496,False,0.007450469440749575,1.0530616981681476e-05,1.898128411841201e+20,6.4378486347351976e+16,CONVERGED
S6,S6_alpha20,Strong Thermoelastic Coupling (2.0x alpha_t),1.8,979102.8602236061,0,0.1981256895788475,0.06306536569992799,3.551347899062884,3.551347899062884,False,0.028124771053270915,-0.005646313454178414,5.225260523261416e+19,1.203752098171101e+17,CONVERGED
S6,S6_alpha20,Strong Thermoelastic Coupling (2.0x alpha_t),1.8,979102.8602236061,1,2.29102886288994,0.7292571365902761,-1.319939818372217,1.319939818372217,False,-2.468860457936473,2.813582249316154,5.225260523261416e+19,1.203752098171101e+17,CONVERGED
S6,S6_alpha20,Strong Thermoelastic Coupling (2.0x alpha_t),1.8,979102.8602236061,2,3.278406048389649e-06,1.04354905612716e-06,1.4594939668455755,1.4594939668455755,False,0.23235382372251914,7.617501810610982e-07,5.225260523261416e+19,1.203752098171101e+17,CONVERGED
S6,S6_alpha20,Strong Thermoelastic Coupling (2.0x alpha_t),1.8,979102.8602236061,3,1.6659652858499474e-06,5.30293220525043e-07,-1.459500571457395,1.459500571457395,False,4.303809546173395,-7.169997300841125e-06,5.225260523261416e+19,1.203752098171101e+17,CONVERGED
S6,S6_alpha20,Strong Thermoelastic Coupling (2.0x alpha_t),1.8,979102.8602236061,4,7.252037639768715e-05,2.3083952757153458e-05,4.914519394652119,4.914519394652119,False,0.007339244305707251,-5.322447604575334e-07,5.225260523261416e+19,1.203752098171101e+17,CONVERGED
