family_id,case_id,case_name,Omega,omega_rad_s,branch_id,kr_a,kr_a_over_pi,ki_signed,alpha_a,is_pass_band,eigval_real,eigval_imag,cond_P_equil,cond_Tcell,solver_status
S4,S4_eta02_cons,"Asymmetric Filling (eta=0.2, beta->0)",0.05,27197.301672877948,0,1.414206310925039e-09,4.5015584987094767e-10,2.8476780713732848,2.8476780713732848,False,0.05797878730968986,-8.199396691314397e-11,1894455434658.2542,1.9700835936514868e+16,CONVERGED
S4,S4_eta02_cons,"Asymmetric Filling (eta=0.2, beta->0)",0.05,27197.301672877948,1,0.12989272813168004,0.04134613950769714,4.390299367602335e-08,4.390299367602335e-08,True,0.9915757505732162,-0.12952776949048175,1894455434658.2542,1.9700835936514868e+16,CONVERGED
S4,S4_eta02_cons,"Asymmetric Filling (eta=0.2, beta->0)",0.05,27197.301672877948,2,0.1298927464312378,0.04134614533262729,4.406087555777005e-09,4.406087555777005e-09,True,0.9915757873670902,0.1295277927518264,1894455434658.2542,1.9700835936514868e+16,CONVERGED
S4,S4_eta02_cons,"Asymmetric Filling (eta=0.2, beta->0)",0.05,27197.301672877948,3,0.3074545760130679,0.09786583109740526,2.120235786741396e-08,2.120235786741396e-08,True,0.9531069672395017,-0.30263355166736644,1894455434658.2542,1.9700835936514868e+16,CONVERGED
S4,S4_eta02_cons,"Asymmetric Filling (eta=0.2, beta->0)",0.05,27197.301672877948,4,0.3074547238769993,0.09786587816395644,-2.7799453492806e-08,2.7799453492806e-08,True,0.9531069691948714,0.30263370742710577,1894455434658.2542,1.9700835936514868e+16,CONVERGED
S4,S4_eta02_cons,"Asymmetric Filling (eta=0.2, beta->0)",0.06767676767676768,36812.509335006514,0,2.774949276177608e-09,8.832937882658867e-10,2.856952657905471,2.856952657905471,False,0.057443543946903035,-1.5940292069653518e-10,2261454476074.756,1.0449687823930746e+16,CONVERGED
S4,S4_eta02_cons,"Asymmetric Filling (eta=0.2, beta->0)",0.06767676767676768,36812.509335006514,1,0.17572594082722032,0.05593530422425204,1.7879985084120186e-06,1.7879985084120186e-06,True,0.9845981267784987,0.1748226322695334,2261454476074.756,1.0449687823930746e+16,CONVERGED
S4,S4_eta02_cons,"Asymmetric Filling (eta=0.2, beta->0)",0.06767676767676768,36812.509335006514,2,0.17572544537927048,0.055935146518271514,-7.469729922931276e-07,7.469729922931276e-07,True,0.9846007093254667,-0.1748225876221042,2261454476074.756,1.0449687823930746e+16,CONVERGED
S4,S4_eta02_cons,"Asymmetric Filling (eta=0.2, beta->0)",0.06767676767676768,36812.509335006514,3,0.41487253313500916,0.1320580288029857,7.779039255189977e-09,7.779039255189977e-09,True,0.915167699297475,-0.4030732769664692,2261454476074.756,1.0449687823930746e+16,CONVERGED
S4,S4_eta02_cons,"Asymmetric Filling (eta=0.2, beta->0)",0.06767676767676768,36812.509335006514,4,0.41487254255247225,0.1320580318006573,2.2259286702658977e-09,2.2259286702658977e-09,True,0.9151677005835747,0.4030732878233378,2261454476074.756,1.0449687823930746e+16,CONVERGED
S4,S4_eta02_cons,"Asymmetric Filling (eta=0.2, beta->0)",0.08535353535353535,46427.71699713508,0,1.1124839426747068e-08,3.5411463717408062e-09,2.8687235102487363,2.8687235102487363,False,0.056771348391550104,-6.315721348959103e-10,3597092965648.007,1.1244563546647304e+16,CONVERGED
S4,S4_eta02_cons,"Asymmetric Filling (eta=0.2, beta->0)",0.08535353535353535,46427.71699713508,1,0.22147348074490153,0.07049719844863757,5.791941614106006e-07,5.791941614106006e-07,True,0.9755742678448142,-0.21966722452701704,3597092965648.007,1.1244563546647304e+16,CONVERGED
S4,S4_eta02_cons,"Asymmetric Filling (eta=0.2, beta->0)",0.08535353535353535,46427.71699713508,2,0.22147340359612203,0.07049717389141834,-1.4672317594354026e-07,1.4672317594354026e-07,True,0.9755749929784138,0.2196673087229023,3597092965648.007,1.1244563546647304e+16,CONVERGED
S4,S4_eta02_cons,"Asymmetric Filling (eta=0.2, beta->0)",0.08535353535353535,46427.71699713508,3,0.521207637875029,0.16590554389012288,1.1137961232957752e-07,1.1137961232957752e-07,True,0.8672183991502382,0.497927731117778,3597092965648.007,1.1244563546647304e+16,CONVERGED
S4,S4_eta02_cons,"Asymmetric Filling (eta=0.2, beta->0)",0.08535353535353535,46427.71699713508,4,0.521207680402408,0.16590555742700802,-1.2498356029679399e-07,1.2498356029679399e-07,True,0.8672185829531875,-0.49792788569010393,3597092965648.007,1.1244563546647304e+16,CONVERGED
S4,S4_eta02_cons,"Asymmetric Filling (eta=0.2, beta->0)",0.10303030303030303,56042.924659263655,0,1.5855596352874164e-08,5.046993070459502e-09,2.882790594998082,2.882790594998082,False,0.0559783318150761,8.875698337671006e-10,5241294802646.863,1.4599134430445366e+16,CONVERGED
S4,S4_eta02_cons,"Asymmetric Filling (eta=0.2, beta->0)",0.10303030303030303,56042.924659263655,1,0.26712098715455185,0.08502725101846721,-9.522688032409003e-07,9.522688032409003e-07,True,0.9645357428260471,-0.26395587765841766,5241294802646.863,1.4599134430445366e+16,CONVERGED
S4,S4_eta02_cons,"Asymmetric Filling (eta=0.2, beta->0)",0.10303030303030303,56042.924659263655,2,0.2671219295493163,0.08502755099203742,-2.075894808966074e-06,2.075894808966074e-06,True,0.9645365778527552,0.2639570832206111,5241294802646.863,1.4599134430445366e+16,CONVERGED
S4,S4_eta02_cons,"Asymmetric Filling (eta=0.2, beta->0)",0.10303030303030303,56042.924659263655,3,0.6262605975452701,0.19934493952602766,1.3616346413248052e-06,1.3616346413248052e-06,True,0.8102237999318438,-0.5861183078171411,5241294802646.863,1.4599134430445366e+16,CONVERGED
S4,S4_eta02_cons,"Asymmetric Filling (eta=0.2, beta->0)",0.10303030303030303,56042.924659263655,4,0.6262604596607226,0.19934489563601307,-1.711798031104229e-07,1.711798031104229e-07,True,0.8102251226723132,0.5861190945109193,5241294802646.863,1.4599134430445366e+16,CONVERGED
S4,S4_eta02_cons,"Asymmetric Filling (eta=0.2, beta->0)",0.12070707070707071,65658.13232139223,0,6.366457318675632e-07,2.0265063045016015e-07,2.8989337213735817,2.8989337213735817,False,0.0550819214303474,3.506767018169987e-08,7194059987072.216,1.0875972847346162e+16,CONVERGED
S4,S4_eta02_cons,"Asymmetric Filling (eta=0.2, beta->0)",0.12070707070707071,65658.13232139223,1,0.31265108756997084,0.09951993209963579,-7.824587579165438e-08,7.824587579165438e-08,True,0.9515215615019639,0.30758230522679325,7194059987072.216,1.0875972847346162e+16,CONVERGED
S4,S4_eta02_cons,"Asymmetric Filling (eta=0.2, beta->0)",0.12070707070707071,65658.13232139223,2,0.3126501138238282,0.09951962214661195,-1.325561263180564e-06,1.325561263180564e-06,True,0.9515230478571949,-0.30758176233742307,7194059987072.216,1.0875972847346162e+16,CONVERGED
S4,S4_eta02_cons,"Asymmetric Filling (eta=0.2, beta->0)",0.12070707070707071,65658.13232139223,3,0.7298624335988418,0.23232242816867182,3.617678659944538e-06,3.617678659944538e-06,True,0.7452634380207656,-0.6667647055883535,7194059987072.216,1.0875972847346162e+16,CONVERGED
S4,S4_eta02_cons,"Asymmetric Filling (eta=0.2, beta->0)",0.12070707070707071,65658.13232139223,4,0.7298678083538129,0.23232413900631493,2.58878917348839e-06,2.58878917348839e-06,True,0.7452606211035083,0.6667693972187608,7194059987072.216,1.0875972847346162e+16,CONVERGED
S4,S4_eta02_cons,"Asymmetric Filling (eta=0.2, beta->0)",0.1383838383838384,75273.3399835208,0,1.6659287946221762e-07,5.3028160500648453e-08,2.916922957128918,2.916922957128918,False,0.05409989915773562,9.012657979302862e-09,9455388518924.242,2.5566939818677224e+16,CONVERGED
S4,S4_eta02_cons,"Asymmetric Filling (eta=0.2, beta->0)",0.1383838383838384,75273.3399835208,1,0.3580365664764505,0.11396657872475416,2.0112033942049885e-06,2.0112033942049885e-06,True,0.9365848026343307,-0.3504352794393184,9455388518924.242,2.5566939818677224e+16,CONVERGED
S4,S4_eta02_cons,"Asymmetric Filling (eta=0.2, beta->0)",0.1383838383838384,75273.3399835208,2,0.3580389673065444,0.11396734293270809,-7.718329399062302e-07,7.718329399062302e-07,True,0.936586567846888,0.3504385033010185,9455388518924.242,2.5566939818677224e+16,CONVERGED
S4,S4_eta02_cons,"Asymmetric Filling (eta=0.2, beta->0)",0.1383838383838384,75273.3399835208,3,0.8319299165294448,0.2648115170433781,7.89723722114469e-06,7.89723722114469e-06,True,0.6734450398151376,-0.7392266120741849,9455388518924.242,2.5566939818677224e+16,CONVERGED
S4,S4_eta02_cons,"Asymmetric Filling (eta=0.2, beta->0)",0.1383838383838384,75273.3399835208,4,0.8319265503384269,0.2648104455514983,-7.679991072358411e-06,7.679991072358411e-06,True,0.6734580187169007,0.7392358602814236,9455388518924.242,2.5566939818677224e+16,CONVERGED
S4,S4_eta02_cons,"Asymmetric Filling (eta=0.2, beta->0)",0.15606060606060607,84888.54764564935,0,9.050622500059031e-08,2.8809026178862453e-08,2.9365294895202845,2.9365294895202845,False,0.05304951854170324,-4.801311661308395e-09,12025280398200.914,2.421385451214957e+16,CONVERGED
S4,S4_eta02_cons,"Asymmetric Filling (eta=0.2, beta->0)",0.15606060606060607,84888.54764564935,1,0.4032734953570461,0.12836594040804078,1.43224833271976e-08,1.43224833271976e-08,True,0.9197812890351768,-0.3924313337334602,12025280398200.914,2.421385451214957e+16,CONVERGED
S4,S4_eta02_cons,"Asymmetric Filling (eta=0.2, beta->0)",0.15606060606060607,84888.54764564935,2,0.4032734872465461,0.12836593782638844,-1.535981391075727e-08,1.535981391075727e-08,True,0.9197813195192132,0.3924313379218375,12025280398200.914,2.421385451214957e+16,CONVERGED
S4,S4_eta02_cons,"Asymmetric Filling (eta=0.2, beta->0)",0.15606060606060607,84888.54764564935,3,0.9323600638736818,0.29677942581394345,1.0151611900591566e-06,1.0151611900591566e-06,True,0.5959398398679289,-0.8030278182839423,12025280398200.914,2.421385451214957e+16,CONVERGED
S4,S4_eta02_cons,"Asymmetric Filling (eta=0.2, beta->0)",0.15606060606060607,84888.54764564935,4,0.9323586977086105,0.2967789909500951,-1.4712354611840704e-06,1.4712354611840704e-06,True,0.5959424186833214,0.8030290007771352,12025280398200.914,2.421385451214957e+16,CONVERGED
S4,S4_eta02_cons,"Asymmetric Filling (eta=0.2, beta->0)",0.17373737373737375,94503.75530777793,0,1.9027625661144367e-08,6.056681358546639e-09,2.9426284676149272,2.9426284676149272,False,0.052726955343006754,1.0032687685186085e-09,14903735624904.37,2.778327167385511e+16,CONVERGED
S4,S4_eta02_cons,"Asymmetric Filling (eta=0.2, beta->0)",0.17373737373737375,94503.75530777793,1,0.4483344464215796,0.1427092866127258,3.717049364788495e-09,3.717049364788495e-09,True,0.9011703081190786,0.4334651869879128,14903735624904.37,2.778327167385511e+16,CONVERGED
S4,S4_eta02_cons,"Asymmetric Filling (eta=0.2, beta->0)",0.17373737373737375,94503.75530777793,2,0.4483344451945675,0.14270928622215573,-3.376034025455423e-09,3.376034025455423e-09,True,0.9011703150430218,-0.43346518895677066,14903735624904.37,2.778327167385511e+16,CONVERGED
S4,S4_eta02_cons,"Asymmetric Filling (eta=0.2, beta->0)",0.17373737373737375,94503.75530777793,3,1.0311387792937268,0.328221667476679,3.224956387604817e-07,3.224956387604817e-07,True,0.5138420713184808,-0.857884421558093,14903735624904.37,2.778327167385511e+16,CONVERGED
S4,S4_eta02_cons,"Asymmetric Filling (eta=0.2, beta->0)",0.17373737373737375,94503.75530777793,4,1.03113516820656,0.32822051803193397,-8.322659223823722e-07,8.322659223823722e-07,True,0.5138457625795482,0.8578835566743733,14903735624904.37,2.778327167385511e+16,CONVERGED
S4,S4_eta02_cons,"Asymmetric Filling (eta=0.2, beta->0)",0.19141414141414143,104118.96296990648,0,5.620206164692214e-08,1.7889671846126173e-08,2.947382920447403,2.947382920447403,False,0.05247686251920403,2.949307862341366e-09,18090754199034.543,2.701232227285459e+16,CONVERGED
S4,S4_eta02_cons,"Asymmetric Filling (eta=0.2, beta->0)",0.19141414141414143,104118.96296990648,1,0.4932060557001661,0.1569923634550762,-1.2185994513168506e-07,1.2185994513168506e-07,True,0.8808195810655984,0.47345233057969377,18090754199034.543,2.701232227285459e+16,CONVERGED
S4,S4_eta02_cons,"Asymmetric Filling (eta=0.2, beta->0)",0.19141414141414143,104118.96296990648,2,0.49320281586884185,0.15699133218473613,-5.093470209887646e-07,5.093470209887646e-07,True,0.8808214562735311,-0.4734496603259281,18090754199034.543,2.701232227285459e+16,CONVERGED
S4,S4_eta02_cons,"Asymmetric Filling (eta=0.2, beta->0)",0.19141414141414143,104118.96296990648,3,1.1282568051542026,0.35913529523472154,1.466573668293582e-07,1.466573668293582e-07,True,0.428235662743334,-0.903666931916891,18090754199034.543,2.701232227285459e+16,CONVERGED
S4,S4_eta02_cons,"Asymmetric Filling (eta=0.2, beta->0)",0.19141414141414143,104118.96296990648,4,1.128256791144005,0.3591352907751371,-1.543372581280347e-08,1.543372581280347e-08,True,0.42823574481708065,0.9036670723935958,18090754199034.543,2.701232227285459e+16,CONVERGED
S4,S4_eta02_cons,"Asymmetric Filling (eta=0.2, beta->0)",0.2090909090909091,113734.17063203505,0,1.1724413144246189e-09,3.731996613516744e-10,2.9525392914627178,2.9525392914627178,False,0.05220696878045921,6.120960709908663e-11,21586336120590.656,7905440135041326.0,CONVERGED
S4,S4_eta02_cons,"Asymmetric Filling (eta=0.2, beta->0)",0.2090909090909091,113734.17063203505,1,0.5378814247837672,0.1712129751032961,3.2181505225372406e-06,3.2181505225372406e-06,True,0.8587932277360237,-0.5123160701309397,21586336120590.656,7905440135041326.0,CONVERGED
S4,S4_eta02_cons,"Asymmetric Filling (eta=0.2, beta->0)",0.2090909090909091,113734.17063203505,2,0.537880171867658,0.171212576287712,-9.569684604095674e-07,9.569684604095674e-07,True,0.8587974551984795,0.5123171331151907,21586336120590.656,7905440135041326.0,CONVERGED
S4,S4_eta02_cons,"Asymmetric Filling (eta=0.2, beta->0)",0.2090909090909091,113734.17063203505,3,1.22374615520029,0.3895304993796557,1.2052198640196871e-06,1.2052198640196871e-06,True,0.34012492137747097,-0.9403789807418849,21586336120590.656,7905440135041326.0,CONVERGED
S4,S4_eta02_cons,"Asymmetric Filling (eta=0.2, beta->0)",0.2090909090909091,113734.17063203505,4,1.2237472127254974,0.38953083600038413,-3.6864130634869183e-07,3.6864130634869183e-07,True,0.34012446221106707,0.940380820459731,21586336120590.656,7905440135041326.0,CONVERGED
S4,S4_eta02_cons,"Asymmetric Filling (eta=0.2, beta->0)",0.22676767676767678,123349.37829416365,0,2.2826806529125757e-08,7.2659981882254295e-09,2.9580832446557817,2.9580832446557817,False,0.05191833661007868,-1.185129825112293e-09,25390481389571.64,2.2992343624592148e+16,CONVERGED
S4,S4_eta02_cons,"Asymmetric Filling (eta=0.2, beta->0)",0.22676767676767678,123349.37829416365,1,0.5823367059072757,0.18536353057798852,1.9302005998991387e-07,1.9302005998991387e-07,True,0.8351796354803386,0.5499768999138812,25390481389571.64,2.2992343624592148e+16,CONVERGED
S4,S4_eta02_cons,"Asymmetric Filling (eta=0.2, beta->0)",0.22676767676767678,123349.37829416365,2,0.5823372603678008,0.18536370706825514,-4.1141093479687685e-07,4.1141093479687685e-07,True,0.8351798353481557,-0.549977695411401,25390481389571.64,2.2992343624592148e+16,CONVERGED
S4,S4_eta02_cons,"Asymmetric Filling (eta=0.2, beta->0)",0.22676767676767678,123349.37829416365,3,1.3176551798875196,0.4194226703394786,8.003087466268377e-08,8.003087466268377e-08,True,0.2504462099209702,0.9681304332963017,25390481389571.64,2.2992343624592148e+16,CONVERGED
S4,S4_eta02_cons,"Asymmetric Filling (eta=0.2, beta->0)",0.22676767676767678,123349.37829416365,4,1.3176554808553107,0.41942276614050195,5.052849873707937e-08,5.052849873707937e-08,True,0.25044592593363063,-0.968130537234651,25390481389571.64,2.2992343624592148e+16,CONVERGED
S4,S4_eta02_cons,"Asymmetric Filling (eta=0.2, beta->0)",0.24444444444444446,132964.58595629223,0,3.4198907883288877e-08,1.0885850475939625e-08,2.9639998740113853,2.9639998740113853,False,0.05161206200572124,-1.7650761542002553e-09,29503190005979.54,1.2999622436252002e+16,CONVERGED
S4,S4_eta02_cons,"Asymmetric Filling (eta=0.2, beta->0)",0.24444444444444446,132964.58595629223,1,0.6265677087432248,0.1994426960564944,-1.6457395670493547e-07,1.6457395670493547e-07,True,0.8100449945266531,0.5863680038936999,29503190005979.54,1.2999622436252002e+16,CONVERGED
S4,S4_eta02_cons,"Asymmetric Filling (eta=0.2, beta->0)",0.24444444444444446,132964.58595629223,2,0.626567664494345,0.1994426819716385,-1.8449811971754818e-07,1.8449811971754818e-07,True,0.8100450366122488,-0.5863679797330069,29503190005979.54,1.2999622436252002e+16,CONVERGED
S4,S4_eta02_cons,"Asymmetric Filling (eta=0.2, beta->0)",0.24444444444444446,132964.58595629223,3,1.4100486403278054,0.44883242221635256,2.836548673790664e-07,2.836548673790664e-07,True,0.16005625309222452,-0.9871076073744462,29503190005979.54,1.2999622436252002e+16,CONVERGED
S4,S4_eta02_cons,"Asymmetric Filling (eta=0.2, beta->0)",0.24444444444444446,132964.58595629223,4,1.4100505345864296,0.4488330251775996,-3.5184799009029327e-07,3.5184799009029327e-07,True,0.16005448496988925,0.9871085378707102,29503190005979.54,1.2999622436252002e+16,CONVERGED
S4,S4_eta02_cons,"Asymmetric Filling (eta=0.2, beta->0)",0.2621212121212121,142579.79361842075,0,1.2764989343012413e-08,4.063222304911582e-09,2.9702738505155617,2.9702738505155617,False,0.051289262817482015,6.547068932761208e-10,33924461969813.555,2.3766078164180176e+16,CONVERGED
S4,S4_eta02_cons,"Asymmetric Filling (eta=0.2, beta->0)",0.2621212121212121,142579.79361842075,1,0.6705629832781378,0.21344682688632718,9.20462079436567e-09,9.20462079436567e-09,True,0.7834719297448932,0.6214271613733758,33924461969813.555,2.3766078164180176e+16,CONVERGED
S4,S4_eta02_cons,"Asymmetric Filling (eta=0.2, beta->0)",0.2621212121212121,142579.79361842075,2,0.6705629882642583,0.21344682847345864,2.8486949414279777e-09,2.8486949414279777e-09,True,0.783471931626072,-0.6214271692296063,33924461969813.555,2.3766078164180176e+16,CONVERGED
S4,S4_eta02_cons,"Asymmetric Filling (eta=0.2, beta->0)",0.2621212121212121,142579.79361842075,3,1.5010035735719474,0.47778427666514967,1.3558273412508742e-05,1.3558273412508742e-05,True,0.06973516111241046,0.9975519490860871,33924461969813.555,2.3766078164180176e+16,CONVERGED
S4,S4_eta02_cons,"Asymmetric Filling (eta=0.2, beta->0)",0.2621212121212121,142579.79361842075,4,1.5010067819463149,0.4777852979224294,5.9789378741415125e-06,5.9789378741415125e-06,True,0.06973248911587786,-0.9975597336287441,33924461969813.555,2.3766078164180176e+16,CONVERGED
S4,S4_eta02_cons,"Asymmetric Filling (eta=0.2, beta->0)",0.27979797979797977,152195.0012805493,0,1.3558899392272576e-07,4.3159317223317525e-08,2.9768895032063525,2.9768895032063525,False,0.050951070781905576,-6.908404426604208e-09,38654297281076.72,1.302068179275979e+16,CONVERGED
S4,S4_eta02_cons,"Asymmetric Filling (eta=0.2, beta->0)",0.27979797979797977,152195.0012805493,1,0.7143134913218127,0.22737304612219233,1.9946476957561903e-07,1.9946476957561903e-07,True,0.7555429995825945,0.6550987535114656,38654297281076.72,1.302068179275979e+16,CONVERGED
S4,S4_eta02_cons,"Asymmetric Filling (eta=0.2, beta->0)",0.27979797979797977,152195.0012805493,2,0.7143134854117617,0.2273730442409647,1.0849652381593589e-07,1.0849652381593589e-07,True,0.7555430721846863,-0.6550988086393547,38654297281076.72,1.302068179275979e+16,CONVERGED
S4,S4_eta02_cons,"Asymmetric Filling (eta=0.2, beta->0)",0.27979797979797977,152195.0012805493,3,1.5906243145796937,0.5063114445350324,3.417686452063511e-07,3.417686452063511e-07,True,-0.019826681808272874,0.9998030901889715,38654297281076.72,1.302068179275979e+16,CONVERGED
S4,S4_eta02_cons,"Asymmetric Filling (eta=0.2, beta->0)",0.27979797979797977,152195.0012805493,4,1.5906245973379405,0.5063115345397777,1.3212842943721536e-08,1.3212842943721536e-08,True,-0.01982697102510626,-0.9998034130739323,38654297281076.72,1.302068179275979e+16,CONVERGED
S4,S4_eta02_cons,"Asymmetric Filling (eta=0.2, beta->0)",0.29747474747474745,161810.20894267788,0,5.600479377260644e-08,1.7826879531505024e-08,2.983831048921865,2.983831048921865,False,0.05059861629952222,2.8337650710339877e-09,43692695939760.164,1.6547609653188334e+16,CONVERGED
S4,S4_eta02_cons,"Asymmetric Filling (eta=0.2, beta->0)",0.29747474747474745,161810.20894267788,1,0.7578110824392863,0.24121875940006443,8.775110969963299e-08,8.775110969963299e-08,True,0.7263422015740283,-0.6873331293560566,43692695939760.164,1.6547609653188334e+16,CONVERGED
S4,S4_eta02_cons,"Asymmetric Filling (eta=0.2, beta->0)",0.29747474747474745,161810.20894267788,2,0.7578110947202104,0.24121876330920397,-3.063937830756128e-08,3.063937830756128e-08,True,0.7263422791249541,0.6873332196499204,43692695939760.164,1.6547609653188334e+16,CONVERGED
S4,S4_eta02_cons,"Asymmetric Filling (eta=0.2, beta->0)",0.29747474747474745,161810.20894267788,3,1.6790025203199577,0.5344431011453434,6.12409844399236e-07,6.12409844399236e-07,True,-0.10799509415270349,-0.9941508109034615,43692695939760.164,1.6547609653188334e+16,CONVERGED
S4,S4_eta02_cons,"Asymmetric Filling (eta=0.2, beta->0)",0.29747474747474745,161810.20894267788,4,1.6790019928822586,0.5344429332567094,-7.587336352783968e-07,7.587336352783968e-07,True,-0.10799471787622382,0.994152230988422,43692695939760.164,1.6547609653188334e+16,CONVERGED
S4,S4_eta02_cons,"Asymmetric Filling (eta=0.2, beta->0)",0.3151515151515151,171425.41660480644,0,4.3253657833661365e-08,1.3768066902065375e-08,2.991082502634545,2.991082502634545,False,0.050233029893935126,2.172762286980354e-09,49039657945875.19,2.2487993965445076e+16,CONVERGED
S4,S4_eta02_cons,"Asymmetric Filling (eta=0.2, beta->0)",0.3151515151515151,171425.41660480644,1,0.8010497939221066,0.25498206873089474,2.7734375681574846e-07,2.7734375681574846e-07,True,0.6959530564942159,-0.7180868947898986,49039657945875.19,2.2487993965445076e+16,CONVERGED
S4,S4_eta02_cons,"Asymmetric Filling (eta=0.2, beta->0)",0.3151515151515151,171425.41660480644,2,0.8010499646033464,0.2549821230604208,-1.7471282398718096e-07,1.7471282398718096e-07,True,0.6959532485404191,0.7180873381920522,49039657945875.19,2.2487993965445076e+16,CONVERGED
S4,S4_eta02_cons,"Asymmetric Filling (eta=0.2, beta->0)",0.3151515151515151,171425.41660480644,3,1.766255066749592,0.5622164492686063,3.245727822563171e-07,3.245727822563171e-07,True,-0.1942164972843794,0.9809583594818043,49039657945875.19,2.2487993965445076e+16,CONVERGED
S4,S4_eta02_cons,"Asymmetric Filling (eta=0.2, beta->0)",0.3151515151515151,171425.41660480644,4,1.7662548052437157,0.5622163660287005,-4.7283842772814425e-07,4.7283842772814425e-07,True,-0.19421639562826667,-0.9809591924980708,49039657945875.19,2.2487993965445076e+16,CONVERGED
S4,S4_eta02_cons,"Asymmetric Filling (eta=0.2, beta->0)",0.3328282828282828,181040.62426693502,0,1.0525450070547446e-07,3.350354813989129e-08,2.9986279847993247,2.9986279847993247,False,0.04985542386412854,5.247507746278665e-09,54695183299410.836,6.380146605531408e+16,CONVERGED
S4,S4_eta02_cons,"Asymmetric Filling (eta=0.2, beta->0)",0.3328282828282828,181040.62426693502,1,0.8440242726058368,0.2686612701495206,4.51043759780837e-08,4.51043759780837e-08,True,0.6644607523545423,-0.7473231017248749,54695183299410.836,6.380146605531408e+16,CONVERGED
S4,S4_eta02_cons,"Asymmetric Filling (eta=0.2, beta->0)",0.3328282828282828,181040.62426693502,2,0.8440242740642795,0.2686612706137574,-3.979973290456967e-08,3.979973290456967e-08,True,0.6644608076800647,0.7473231661447577,54695183299410.836,6.380146605531408e+16,CONVERGED
S4,S4_eta02_cons,"Asymmetric Filling (eta=0.2, beta->0)",0.3328282828282828,181040.62426693502,3,1.8525012407325248,0.589669459092901,-1.205267614989014e-09,1.205267614989014e-09,True,-0.27799376327124997,-0.9605828803350721,54695183299410.836,6.380146605531408e+16,CONVERGED
S4,S4_eta02_cons,"Asymmetric Filling (eta=0.2, beta->0)",0.3328282828282828,181040.62426693502,4,1.8525022005257796,0.5896697646045826,-7.708908122889844e-07,7.708908122889844e-07,True,-0.27799489920066445,0.9605833528649274,54695183299410.836,6.380146605531408e+16,CONVERGED
S4,S4_eta02_cons,"Asymmetric Filling (eta=0.2, beta->0)",0.3505050505050505,190655.83192906357,0,8.758471745471246e-08,2.787908144444899e-08,3.006451685282142,3.006451685282142,False,0.049466891821381566,4.332543743538542e-09,60659272000377.78,1.814499577708648e+16,CONVERGED
S4,S4_eta02_cons,"Asymmetric Filling (eta=0.2, beta->0)",0.3505050505050505,190655.83192906357,1,0.8867302768346957,0.28225501349497323,1.3163467210025215e-07,1.3163467210025215e-07,True,0.6319493838067177,-0.7750094922238051,60659272000377.78,1.814499577708648e+16,CONVERGED
S4,S4_eta02_cons,"Asymmetric Filling (eta=0.2, beta->0)",0.3505050505050505,190655.83192906357,2,0.8867302377541616,0.2822550010552528,-1.6772389738824004e-07,1.6772389738824004e-07,True,0.6319496032740031,0.7750096995326453,60659272000377.78,1.814499577708648e+16,CONVERGED
S4,S4_eta02_cons,"Asymmetric Filling (eta=0.2, beta->0)",0.3505050505050505,190655.83192906357,3,1.9378837244022356,0.616847547751896,2.616943429297249e-07,2.616943429297249e-07,True,-0.35889830918865245,-0.9333763872484548,60659272000377.78,1.814499577708648e+16,CONVERGED
S4,S4_eta02_cons,"Asymmetric Filling (eta=0.2, beta->0)",0.3505050505050505,190655.83192906357,4,1.9378828749756394,0.6168472773710129,-1.5814937611395135e-06,1.5814937611395135e-06,True,-0.35889817787003775,0.9333784124962883,60659272000377.78,1.814499577708648e+16,CONVERGED
S4,S4_eta02_cons,"Asymmetric Filling (eta=0.2, beta->0)",0.36818181818181817,200271.03959119215,0,5.852383159848917e-08,1.8628714175154422e-08,3.014537935331631,3.014537935331631,False,0.049068503071267436,-2.8716768105328075e-09,66931924048768.305,2.6927919022642412e+16,CONVERGED
S4,S4_eta02_cons,"Asymmetric Filling (eta=0.2, beta->0)",0.36818181818181817,200271.03959119215,1,0.9291652958695932,0.2957624995741784,3.110730087523585e-08,3.110730087523585e-08,True,0.5985028708027447,-0.8011206222700008,66931924048768.305,2.6927919022642412e+16,CONVERGED
S4,S4_eta02_cons,"Asymmetric Filling (eta=0.2, beta->0)",0.36818181818181817,200271.03959119215,2,0.9291653986988053,0.29576253230573324,-2.1689546812669875e-08,2.1689546812669875e-08,True,0.5985028200232004,0.8011207261102231,66931924048768.305,2.6927919022642412e+16,CONVERGED
S4,S4_eta02_cons,"Asymmetric Filling (eta=0.2, beta->0)",0.36818181818181817,200271.03959119215,3,2.0225405193049273,0.6437946425020563,1.0785733590852258e-07,1.0785733590852258e-07,True,-0.4365353776954226,0.8996869723996598,66931924048768.305,2.6927919022642412e+16,CONVERGED
S4,S4_eta02_cons,"Asymmetric Filling (eta=0.2, beta->0)",0.36818181818181817,200271.03959119215,4,2.0225406279660234,0.6437946770899574,-2.3160672599621152e-07,2.3160672599621152e-07,True,-0.4365356236445235,-0.8996872303766716,66931924048768.305,2.6927919022642412e+16,CONVERGED
S4,S4_eta02_cons,"Asymmetric Filling (eta=0.2, beta->0)",0.38585858585858585,209886.2472533207,0,2.6328949486999426e-08,8.380764914545561e-09,3.0228714336957916,3.0228714336957916,False,0.04866128989301705,-1.281200643565482e-09,73513139444584.27,1.3363972787510078e+16,CONVERGED
S4,S4_eta02_cons,"Asymmetric Filling (eta=0.2, beta->0)",0.38585858585858585,209886.2472533207,1,0.9713270900658998,0.30918301548610916,2.623520225130293e-08,2.623520225130293e-08,True,0.5642043212503285,0.825635168468527,73513139444584.27,1.3363972787510078e+16,CONVERGED
S4,S4_eta02_cons,"Asymmetric Filling (eta=0.2, beta->0)",0.38585858585858585,209886.2472533207,2,0.9713270901925227,0.3091830155264145,-1.885303179251979e-08,1.885303179251979e-08,True,0.5642043465847612,-0.8256352057664008,73513139444584.27,1.3363972787510078e+16,CONVERGED
S4,S4_eta02_cons,"Asymmetric Filling (eta=0.2, beta->0)",0.38585858585858585,209886.2472533207,3,2.106650019354967,0.67056752788996,3.510282854753475e-07,3.510282854753475e-07,True,-0.5105750792578729,0.8598327665217768,73513139444584.27,1.3363972787510078e+16,CONVERGED
S4,S4_eta02_cons,"Asymmetric Filling (eta=0.2, beta->0)",0.38585858585858585,209886.2472533207,4,2.106649405897776,0.6705673326204713,-2.4186789899290825e-07,2.4186789899290825e-07,True,-0.5105748545049763,-0.8598335895294724,73513139444584.27,1.3363972787510078e+16,CONVERGED
S4,S4_eta02_cons,"Asymmetric Filling (eta=0.2, beta->0)",0.4035353535353535,219501.45491544926,0,4.058000870680301e-08,1.2917017952799701e-08,3.031437060213911,3.031437060213911,False,0.04824625551024582,1.957833468676419e-09,80402918187825.8,1.4854233011166742e+16,CONVERGED
S4,S4_eta02_cons,"Asymmetric Filling (eta=0.2, beta->0)",0.4035353535353535,219501.45491544926,1,1.0132146287144643,0.32251623314585287,2.43350330493996e-08,2.43350330493996e-08,True,0.5291357151434947,-0.8485371802634918,80402918187825.8,1.4854233011166742e+16,CONVERGED
S4,S4_eta02_cons,"Asymmetric Filling (eta=0.2, beta->0)",0.4035353535353535,219501.45491544926,2,1.01321466079866,0.3225162433585696,-1.9553119778021862e-08,1.9553119778021862e-08,True,0.5291357111416499,0.8485372344811162,80402918187825.8,1.4854233011166742e+16,CONVERGED
S4,S4_eta02_cons,"Asymmetric Filling (eta=0.2, beta->0)",0.4035353535353535,219501.45491544926,3,2.190410636634895,0.6972293604430179,1.0015721198385184e-06,1.0015721198385184e-06,True,-0.5807206307825371,0.814101680284041,80402918187825.8,1.4854233011166742e+16,CONVERGED
S4,S4_eta02_cons,"Asymmetric Filling (eta=0.2, beta->0)",0.4035353535353535,219501.45491544926,4,2.1904100253870187,0.697229165876776,-5.623276870545109e-07,5.623276870545109e-07,True,-0.5807210413533198,-0.8141033084231524,80402918187825.8,1.4854233011166742e+16,CONVERGED
S4,S4_eta02_cons,"Asymmetric Filling (eta=0.2, beta->0)",0.4212121212121212,229116.66257757787,0,1.154296035148576e-07,3.674238395705441e-08,3.0402201357480845,3.0402201357480845,False,0.047824360483963,5.520346969015497e-09,87601260278495.81,2.6323203560251056e+16,CONVERGED
S4,S4_eta02_cons,"Asymmetric Filling (eta=0.2, beta->0)",0.4212121212121212,229116.66257757787,1,1.0548279507366487,0.3357621649424638,2.241026393017446e-08,2.241026393017446e-08,True,0.49337737754581507,0.8698153358647382,87601260278495.81,2.6323203560251056e+16,CONVERGED
S4,S4_eta02_cons,"Asymmetric Filling (eta=0.2, beta->0)",0.4212121212121212,229116.66257757787,2,1.0548280214629198,0.3357621874553351,5.0908753620648534e-09,5.0908753620648534e-09,True,0.4933773245720121,-0.8698153858241487,87601260278495.81,2.6323203560251056e+16,CONVERGED
S4,S4_eta02_cons,"Asymmetric Filling (eta=0.2, beta->0)",0.4212121212121212,229116.66257757787,3,2.2740695767866725,0.7238588281609868,3.317608282068157e-08,3.317608282068157e-08,True,-0.6467177298704692,-0.7627293828868948,87601260278495.81,2.6323203560251056e+16,CONVERGED
S4,S4_eta02_cons,"Asymmetric Filling (eta=0.2, beta->0)",0.4212121212121212,229116.66257757787,4,2.2740694592074315,0.723858790734352,-3.0558330044489206e-07,3.0558330044489206e-07,True,-0.6467178592710288,0.7627297173092743,87601260278495.81,2.6323203560251056e+16,CONVERGED
S4,S4_eta02_cons,"Asymmetric Filling (eta=0.2, beta->0)",0.4388888888888889,238731.87023970645,0,7.657564185608808e-09,2.437478384366211e-09,3.04920631344701,3.04920631344701,False,0.04739652745314261,-3.6294195114740946e-10,95108165716592.14,2.842364398471148e+16,CONVERGED
S4,S4_eta02_cons,"Asymmetric Filling (eta=0.2, beta->0)",0.4388888888888889,238731.87023970645,1,1.0961679875335288,0.34892110735011245,2.441904588636494e-09,2.441904588636494e-09,True,0.45700789929434693,-0.8894626327725965,95108165716592.14,2.842364398471148e+16,CONVERGED
S4,S4_eta02_cons,"Asymmetric Filling (eta=0.2, beta->0)",0.4388888888888889,238731.87023970645,2,1.0961679607015522,0.348921098809229,-5.7108679568403915e-09,5.7108679568403915e-09,True,0.4570079268862689,0.8894626277617574,95108165716592.14,2.842364398471148e+16,CONVERGED
S4,S4_eta02_cons,"Asymmetric Filling (eta=0.2, beta->0)",0.4388888888888889,238731.87023970645,3,2.357966968642111,0.7505641974136084,8.193440388445262e-06,8.193440388445262e-06,True,-0.7083531974368752,-0.7058465562248233,95108165716592.14,2.842364398471148e+16,CONVERGED
S4,S4_eta02_cons,"Asymmetric Filling (eta=0.2, beta->0)",0.4388888888888889,238731.87023970645,4,2.3579566074927887,0.7505608993573468,-1.8102904792545977e-05,1.8102904792545977e-05,True,-0.7083645111700712,0.705872457161922,95108165716592.14,2.842364398471148e+16,CONVERGED
S4,S4_eta02_cons,"Asymmetric Filling (eta=0.2, beta->0)",0.45656565656565656,248347.077901835,0,4.943272300939593e-08,1.573492443487567e-08,3.0583817716606703,3.0583817716606703,False,0.04696363164182319,-2.32154019446555e-09,102923634502112.95,3.5036408105011564e+16,CONVERGED
S4,S4_eta02_cons,"Asymmetric Filling (eta=0.2, beta->0)",0.45656565656565656,248347.077901835,1,1.1372362601240853,0.36199354452417737,-1.7287740542912943e-08,1.7287740542912943e-08,True,0.42010413980363187,-0.9074759205044133,102923634502112.95,3.5036408105011564e+16,CONVERGED
S4,S4_eta02_cons,"Asymmetric Filling (eta=0.2, beta->0)",0.45656565656565656,248347.077901835,2,1.1372361719845,0.36199351646847605,-9.597867012000551e-09,9.597867012000551e-09,True,0.4201042165576332,0.9074758764982304,102923634502112.95,3.5036408105011564e+16,CONVERGED
S4,S4_eta02_cons,"Asymmetric Filling (eta=0.2, beta->0)",0.45656565656565656,248347.077901835,3,2.4424663929210557,0.7774611995384351,9.8996720013648e-07,9.8996720013648e-07,True,-0.7654040158708056,-0.6435485316247744,102923634502112.95,3.5036408105011564e+16,CONVERGED
S4,S4_eta02_cons,"Asymmetric Filling (eta=0.2, beta->0)",0.45656565656565656,248347.077901835,4,2.442463916258573,0.777460411192282,4.9027391776344e-08,4.9027391776344e-08,True,-0.7654031422139012,0.6435510328127116,102923634502112.95,3.5036408105011564e+16,CONVERGED
S4,S4_eta02_cons,"Asymmetric Filling (eta=0.2, beta->0)",0.4742424242424242,257962.28556396352,0,2.456866600571758e-07,7.820449279967531e-08,3.0677330683876893,3.0677330683876893,False,0.046526507809707913,-1.1430942307891475e-08,111047666635060.98,3.7253849070438136e+16,CONVERGED
S4,S4_eta02_cons,"Asymmetric Filling (eta=0.2, beta->0)",0.4742424242424242,257962.28556396352,1,1.1780352047556515,0.37498025194627,6.3962104508029565e-09,6.3962104508029565e-09,True,0.382740746981285,0.9238557830136623,111047666635060.98,3.7253849070438136e+16,CONVERGED
S4,S4_eta02_cons,"Asymmetric Filling (eta=0.2, beta->0)",0.4742424242424242,257962.28556396352,2,1.1780350621112596,0.37498020654114983,1.0929875993480293e-08,1.0929875993480293e-08,True,0.38274087702890824,-0.923855724229379,111047666635060.98,3.7253849070438136e+16,CONVERGED
S4,S4_eta02_cons,"Asymmetric Filling (eta=0.2, beta->0)",0.4742424242424242,257962.28556396352,3,2.5282713535822556,0.8047737668005062,1.0482393907201732e-06,1.0482393907201732e-06,True,-0.8177399786779671,0.5755859890539154,111047666635060.98,3.7253849070438136e+16,CONVERGED
S4,S4_eta02_cons,"Asymmetric Filling (eta=0.2, beta->0)",0.4742424242424242,257962.28556396352,4,2.528272250980022,0.804774052451087,-1.2553946091604315e-06,1.2553946091604315e-06,True,-0.8177423789841962,-0.5755865811549445,111047666635060.98,3.7253849070438136e+16,CONVERGED
S4,S4_eta02_cons,"Asymmetric Filling (eta=0.2, beta->0)",0.49191919191919187,267577.4932260921,0,3.9891787864804586e-07,1.269795045491387e-07,3.077247463343192,3.077247463343192,False,0.04608593545172932,1.8384503605915608e-08,119480262115431.89,1.1942856843667026e+16,CONVERGED
S4,S4_eta02_cons,"Asymmetric Filling (eta=0.2, beta->0)",0.49191919191919187,267577.4932260921,1,1.2185678609821433,0.38788219713645133,6.38681209650592e-08,6.38681209650592e-08,True,0.34499029223978817,-0.9386061850020336,119480262115431.89,1.1942856843667026e+16,CONVERGED
S4,S4_eta02_cons,"Asymmetric Filling (eta=0.2, beta->0)",0.49191919191919187,267577.4932260921,2,1.2185677477722179,0.38788216110061285,-4.364894177707105e-08,4.364894177707105e-08,True,0.3449904355916785,0.9386062468618837,119480262115431.89,1.1942856843667026e+16,CONVERGED
S4,S4_eta02_cons,"Asymmetric Filling (eta=0.2, beta->0)",0.49191919191919187,267577.4932260921,3,2.616372842608271,0.8328173417449996,2.2876722613616944e-07,2.2876722613616944e-07,True,-0.8652135506639216,0.5014030855640819,119480262115431.89,1.1942856843667026e+16,CONVERGED
S4,S4_eta02_cons,"Asymmetric Filling (eta=0.2, beta->0)",0.49191919191919187,267577.4932260921,4,2.6163742034224113,0.8328177749055937,-7.863118927036133e-07,7.863118927036133e-07,True,-0.8652151112408764,-0.5014024171316488,119480262115431.89,1.1942856843667026e+16,CONVERGED
S4,S4_eta02_cons,"Asymmetric Filling (eta=0.2, beta->0)",0.5095959595959596,277192.70088822074,0,3.9203207765344067e-07,1.2478768601826168e-07,3.086912171964451,3.086912171964451,False,0.04564267376187967,-1.7893392224528786e-08,128221420943235.06,5.169327190591619e+16,CONVERGED
S4,S4_eta02_cons,"Asymmetric Filling (eta=0.2, beta->0)",0.5095959595959596,277192.70088822074,1,1.2588380439538323,0.40070059449477,7.357234778741715e-08,7.357234778741715e-08,True,0.3069229662291331,0.9517342831150014,128221420943235.06,5.169327190591619e+16,CONVERGED
S4,S4_eta02_cons,"Asymmetric Filling (eta=0.2, beta->0)",0.5095959595959596,277192.70088822074,2,1.2588379450145217,0.4007005630014094,-2.3863461613850377e-08,2.3863461613850377e-08,True,0.3069230902983635,-0.9517343454812519,128221420943235.06,5.169327190591619e+16,CONVERGED
S4,S4_eta02_cons,"Asymmetric Filling (eta=0.2, beta->0)",0.5095959595959596,277192.70088822074,3,2.7086392894025217,0.8621866639226604,4.210592582099735e-06,4.210592582099735e-06,True,-0.9077267939299285,0.4195517208068476,128221420943235.06,5.169327190591619e+16,CONVERGED
S4,S4_eta02_cons,"Asymmetric Filling (eta=0.2, beta->0)",0.5095959595959596,277192.70088822074,4,2.7086121165146584,0.8621780145238173,-4.711316917435838e-05,4.711316917435838e-05,True,-0.9077619817270718,-0.41959792100143795,128221420943235.06,5.169327190591619e+16,CONVERGED
S4,S4_eta02_cons,"Asymmetric Filling (eta=0.2, beta->0)",0.5272727272727272,286807.90855034924,0,4.93211982434988e-08,1.569942499933628e-08,3.4609183112184954,3.4609183112184954,False,0.03140091296354426,-1.548730653301819e-09,137271143118461.4,1.7593236619512062e+16,CONVERGED
S4,S4_eta02_cons,"Asymmetric Filling (eta=0.2, beta->0)",0.5272727272727272,286807.90855034924,1,3.365533119964529e-05,1.0712824643636871e-05,3.0966630130570496,3.0966630130570496,False,0.04519978206965475,1.5212136362803692e-06,137271143118461.4,1.7593236619512062e+16,CONVERGED
S4,S4_eta02_cons,"Asymmetric Filling (eta=0.2, beta->0)",0.5272727272727272,286807.90855034924,2,1.2989303797404896,0.41346238133586327,-7.914870219549783e-05,7.914870219549783e-05,True,0.268550571351433,0.9633477568152142,137271143118461.4,1.7593236619512062e+16,CONVERGED
S4,S4_eta02_cons,"Asymmetric Filling (eta=0.2, beta->0)",0.5272727272727272,286807.90855034924,3,2.808803842037929,0.8940700312716872,2.328163623821016e-07,2.328163623821016e-07,True,-0.9451347508105198,0.3266800226180357,137271143118461.4,1.7593236619512062e+16,CONVERGED
S4,S4_eta02_cons,"Asymmetric Filling (eta=0.2, beta->0)",0.5272727272727272,286807.90855034924,4,2.808803910671645,0.8940700531184774,-1.1643630835391227e-07,1.1643630835391227e-07,True,-0.9451351033226829,-0.32668007184379233,137271143118461.4,1.7593236619512062e+16,CONVERGED
S4,S4_eta02_cons,"Asymmetric Filling (eta=0.2, beta->0)",0.544949494949495,296423.11621247785,0,1.3386089054227173,0.42609244832971377,-1.0655637602830604e-08,1.0655637602830604e-08,True,0.23010679755585997,-0.9731653934608762,146629428641108.9,1.3737513241736464e+16,CONVERGED
S4,S4_eta02_cons,"Asymmetric Filling (eta=0.2, beta->0)",0.544949494949495,296423.11621247785,1,6.059585424160403e-08,1.928825946685455e-08,3.106646496507861,3.106646496507861,False,0.04475077587119101,2.7117114918893845e-09,146629428641108.9,1.3737513241736464e+16,CONVERGED
S4,S4_eta02_cons,"Asymmetric Filling (eta=0.2, beta->0)",0.544949494949495,296423.11621247785,2,1.3386088026248995,0.4260924156081521,-2.522336568328174e-08,2.522336568328174e-08,True,0.2301069009472723,0.973165383983203,146629428641108.9,1.3737513241736464e+16,CONVERGED
S4,S4_eta02_cons,"Asymmetric Filling (eta=0.2, beta->0)",0.544949494949495,296423.11621247785,3,2.928656188316092,0.9322202179743496,5.837059310447217e-06,5.837059310447217e-06,True,-0.9774088584435887,0.2113297172323905,146629428641108.9,1.3737513241736464e+16,CONVERGED
S4,S4_eta02_cons,"Asymmetric Filling (eta=0.2, beta->0)",0.544949494949495,296423.11621247785,4,2.9286544938174925,0.9322196785986931,-5.619734979234429e-06,5.619734979234429e-06,True,-0.9774196983765476,-0.21133379464397123,146629428641108.9,1.3737513241736464e+16,CONVERGED
S4,S4_eta02_cons,"Asymmetric Filling (eta=0.2, beta->0)",0.5626262626262627,306038.32387460646,0,1.3781153065803784,0.43866772638574003,-7.340931626701946e-05,7.340931626701946e-05,True,0.19150504401981241,-0.9815664254271774,156296277511188.88,3.453297891353573e+16,CONVERGED
S4,S4_eta02_cons,"Asymmetric Filling (eta=0.2, beta->0)",0.5626262626262627,306038.32387460646,1,1.6562963819495936e-06,5.272155128249995e-07,3.116652556890965,3.116652556890965,False,0.0443052297038791,-7.338259166004773e-08,156296277511188.88,3.453297891353573e+16,CONVERGED
S4,S4_eta02_cons,"Asymmetric Filling (eta=0.2, beta->0)",0.5626262626262627,306038.32387460646,2,1.3781106798605136,0.4386662536550665,-7.288899312423779e-05,7.288899312423779e-05,True,0.1915094858037983,0.9815650286453467,156296277511188.88,3.453297891353573e+16,CONVERGED
S4,S4_eta02_cons,"Asymmetric Filling (eta=0.2, beta->0)",0.5626262626262627,306038.32387460646,3,2.1401902226726693e-06,6.81243706190599e-07,3.508925433745879,3.508925433745879,False,0.0299290579192718,6.405387713272733e-08,156296277511188.88,3.453297891353573e+16,CONVERGED
S4,S4_eta02_cons,"Asymmetric Filling (eta=0.2, beta->0)",0.5626262626262627,306038.32387460646,4,3.1415776427694375,0.9999952219074811,0.09473533169079307,0.09473533169079307,False,-0.9096136484160416,-1.3654047070598289e-05,156296277511188.88,3.453297891353573e+16,CONVERGED
S4,S4_eta02_cons,"Asymmetric Filling (eta=0.2, beta->0)",0.5803030303030303,315653.531536735,0,1.4173888830615877,0.4511688940455042,-2.6557735240716975e-09,2.6557735240716975e-09,True,0.15280644063507764,0.9882561393748007,166271689728690.78,1.0843688407531428e+16,CONVERGED
S4,S4_eta02_cons,"Asymmetric Filling (eta=0.2, beta->0)",0.5803030303030303,315653.531536735,1,1.5530493880689718e-07,4.943509739540402e-08,3.126846543950659,3.126846543950659,False,0.04385587700475022,-6.811034294545597e-09,166271689728690.78,1.0843688407531428e+16,CONVERGED
S4,S4_eta02_cons,"Asymmetric Filling (eta=0.2, beta->0)",0.5803030303030303,315653.531536735,2,1.4173888800014078,0.45116889307141866,9.734643396158242e-09,9.734643396158242e-09,True,0.15280644176598362,-0.98825612666228,166271689728690.78,1.0843688407531428e+16,CONVERGED
S4,S4_eta02_cons,"Asymmetric Filling (eta=0.2, beta->0)",0.5803030303030303,315653.531536735,3,8.690390879094071e-06,2.7662373316170862e-06,3.5325114190678426,3.5325114190678426,False,0.02923141128048982,2.540323899814114e-07,166271689728690.78,1.0843688407531428e+16,CONVERGED
S4,S4_eta02_cons,"Asymmetric Filling (eta=0.2, beta->0)",0.5803030303030303,315653.531536735,4,3.1415717618760604,0.9999933499609795,0.2289634552298967,0.2289634552298967,False,-0.7953575989610303,-1.661638327525589e-05,166271689728690.78,1.0843688407531428e+16,CONVERGED
S4,S4_eta02_cons,"Asymmetric Filling (eta=0.2, beta->0)",0.5979797979797981,325268.7391988636,0,1.456431746791669,0.4635966235557156,1.575282259104626e-05,1.575282259104626e-05,True,0.11411364473435989,-0.9934518463099034,176555665293623.84,2.1372934095698292e+16,CONVERGED
S4,S4_eta02_cons,"Asymmetric Filling (eta=0.2, beta->0)",0.5979797979797981,325268.7391988636,1,2.61607196558284e-07,8.327215696132794e-08,3.137106831313854,3.137106831313854,False,0.043408203660034374,-1.1355898467132895e-08,176555665293623.84,2.1372934095698292e+16,CONVERGED
S4,S4_eta02_cons,"Asymmetric Filling (eta=0.2, beta->0)",0.5979797979797981,325268.7391988636,2,1.4564313336484402,0.46359649204814146,1.5950202758587953e-05,1.5950202758587953e-05,True,0.11411403264840428,0.9934516030768757,176555665293623.84,2.1372934095698292e+16,CONVERGED
S4,S4_eta02_cons,"Asymmetric Filling (eta=0.2, beta->0)",0.5979797979797981,325268.7391988636,3,1.4560495024185062e-06,4.6347495139279974e-07,3.5557561225961645,3.5557561225961645,False,0.028559772061079985,-4.1584441898750855e-08,176555665293623.84,2.1372934095698292e+16,CONVERGED
S4,S4_eta02_cons,"Asymmetric Filling (eta=0.2, beta->0)",0.5979797979797981,325268.7391988636,4,3.141592013606007,0.9999997962868339,0.2918515644419698,0.2918515644419698,False,-0.7468793912047863,4.779907004971889e-07,176555665293623.84,2.1372934095698292e+16,CONVERGED
S4,S4_eta02_cons,"Asymmetric Filling (eta=0.2, beta->0)",0.6156565656565657,334883.9468609921,0,1.4952505353999657,0.47595302773941517,2.6684935595782157e-05,2.6684935595782157e-05,True,0.07547193917072112,0.9971211651302793,187148204205978.12,1.567832247368251e+16,CONVERGED
S4,S4_eta02_cons,"Asymmetric Filling (eta=0.2, beta->0)",0.6156565656565657,334883.9468609921,1,6.235871800161859e-07,1.984939642966231e-07,3.1474530868214288,3.1474530868214288,False,0.04296140661762508,2.6790182402217002e-08,187148204205978.12,1.567832247368251e+16,CONVERGED
S4,S4_eta02_cons,"Asymmetric Filling (eta=0.2, beta->0)",0.6156565656565657,334883.9468609921,2,1.4952483699706378,0.47595233846185225,2.8392385450174984e-05,2.8392385450174984e-05,True,0.0754739694978304,-0.9971192991661353,187148204205978.12,1.567832247368251e+16,CONVERGED
S4,S4_eta02_cons,"Asymmetric Filling (eta=0.2, beta->0)",0.6156565656565657,334883.9468609921,3,2.114406598975869e-06,6.730365238662647e-07,3.5787265350393875,3.5787265350393875,False,0.027911219592954343,5.901566689289518e-08,187148204205978.12,1.567832247368251e+16,CONVERGED
S4,S4_eta02_cons,"Asymmetric Filling (eta=0.2, beta->0)",0.6156565656565657,334883.9468609921,4,3.141590545445559,0.9999993289568487,0.32770750625341044,0.32770750625341044,False,-0.7205737521997045,1.5190734011291502e-06,187148204205978.12,1.567832247368251e+16,CONVERGED
S4,S4_eta02_cons,"Asymmetric Filling (eta=0.2, beta->0)",0.6333333333333333,344499.15452312067,0,1.533847339578291,0.48823877208447597,3.334775498623961e-05,3.334775498623961e-05,True,0.036939348629056484,-0.999284139390286,198049306465762.34,2.3730168047948108e+16,CONVERGED
S4,S4_eta02_cons,"Asymmetric Filling (eta=0.2, beta->0)",0.6333333333333333,344499.15452312067,1,6.750115970942332e-07,2.1486286464380414e-07,3.157874612521111,3.157874612521111,False,0.04251600811160559,-2.869879853749062e-08,198049306465762.34,2.3730168047948108e+16,CONVERGED
S4,S4_eta02_cons,"Asymmetric Filling (eta=0.2, beta->0)",0.6333333333333333,344499.15452312067,2,1.5338466320228172,0.4882385468625736,3.4246077234184994e-05,3.4246077234184994e-05,True,0.03694002249395101,0.9992832155746498,198049306465762.34,2.3730168047948108e+16,CONVERGED
S4,S4_eta02_cons,"Asymmetric Filling (eta=0.2, beta->0)",0.6333333333333333,344499.15452312067,3,1.5268308149324975e-07,4.8600534292306765e-08,3.6013883156795985,3.6013883156795985,False,0.027285814814962495,4.166082287002673e-09,198049306465762.34,2.3730168047948108e+16,CONVERGED
S4,S4_eta02_cons,"Asymmetric Filling (eta=0.2, beta->0)",0.6333333333333333,344499.15452312067,4,3.1415923709516025,0.9999999100334697,0.3452299274939338,0.3452299274939338,False,-0.7080575328559309,2.0012409993507447e-07,198049306465762.34,2.3730168047948108e+16,CONVERGED
S4,S4_eta02_cons,"Asymmetric Filling (eta=0.2, beta->0)",0.651010101010101,354114.3621852493,0,1.572239708502047,0.5004594426669228,3.480634605701276e-05,3.480634605701276e-05,True,-0.0014433309680205613,0.9999641526207377,209258972072967.62,1.1668770817490232e+16,CONVERGED
S4,S4_eta02_cons,"Asymmetric Filling (eta=0.2, beta->0)",0.651010101010101,354114.3621852493,1,3.5721325626191847e-06,1.1370451094407251e-06,3.1683672208678546,3.1683672208678546,False,0.04207223652191203,1.5028760606277732e-07,209258972072967.62,1.1668770817490232e+16,CONVERGED
S4,S4_eta02_cons,"Asymmetric Filling (eta=0.2, beta->0)",0.651010101010101,354114.3621852493,2,1.5722329493336427,0.5004572911567974,4.429341067936701e-05,4.429341067936701e-05,True,-0.0014365584130947183,-0.9999546756739845,209258972072967.62,1.1668770817490232e+16,CONVERGED
S4,S4_eta02_cons,"Asymmetric Filling (eta=0.2, beta->0)",0.651010101010101,354114.3621852493,3,4.856198363122257e-05,1.5457759482513563e-05,3.623719411013421,3.623719411013421,False,0.02668324570580997,-1.2957913422120408e-06,209258972072967.62,1.1668770817490232e+16,CONVERGED
S4,S4_eta02_cons,"Asymmetric Filling (eta=0.2, beta->0)",0.651010101010101,354114.3621852493,4,3.14159065838326,0.9999993649060355,0.34733250477969874,0.34733250477969874,False,-0.7065703511740473,-1.4097537809490088e-06,209258972072967.62,1.1668770817490232e+16,CONVERGED
S4,S4_eta02_cons,"Asymmetric Filling (eta=0.2, beta->0)",0.6686868686868687,363729.5698473778,0,1.6103554648016736,0.512592064716466,1.2601707936604356e-05,1.2601707936604356e-05,True,-0.03954832258455217,0.9992050475665535,220777201027601.97,8.071992438975902e+16,CONVERGED
S4,S4_eta02_cons,"Asymmetric Filling (eta=0.2, beta->0)",0.6686868686868687,363729.5698473778,1,2.34552507799517e-07,7.466038206178693e-08,3.178882243307315,3.178882243307315,False,0.0416321637533286,-9.764928413463554e-09,220777201027601.97,8.071992438975902e+16,CONVERGED
S4,S4_eta02_cons,"Asymmetric Filling (eta=0.2, beta->0)",0.6686868686868687,363729.5698473778,2,1.6103553692055823,0.5125920342872852,1.2603935944878186e-05,1.2603935944878186e-05,True,-0.039548226976341354,-0.9992050491209769,220777201027601.97,8.071992438975902e+16,CONVERGED
S4,S4_eta02_cons,"Asymmetric Filling (eta=0.2, beta->0)",0.6686868686868687,363729.5698473778,3,3.3318355362970665e-06,1.0605561903418284e-06,3.645773219616961,3.645773219616961,False,0.02610122007382449,8.696497258300058e-08,220777201027601.97,8.071992438975902e+16,CONVERGED
S4,S4_eta02_cons,"Asymmetric Filling (eta=0.2, beta->0)",0.6686868686868687,363729.5698473778,4,3.1415911218517305,0.9999995124326316,0.33439044153961095,0.33439044153961095,False,-0.7157742596573539,1.0963786779350204e-06,220777201027601.97,8.071992438975902e+16,CONVERGED
S4,S4_eta02_cons,"Asymmetric Filling (eta=0.2, beta->0)",0.6863636363636364,373344.7775095064,0,1.6483398025590532,0.5246828549447843,2.4303158665927694e-05,2.4303158665927694e-05,True,-0.07746390511866609,0.996970781050128,232603993329668.5,3.0206639381492876e+16,CONVERGED
S4,S4_eta02_cons,"Asymmetric Filling (eta=0.2, beta->0)",0.6863636363636364,373344.7775095064,1,1.0720169134125073e-07,3.412335816954338e-08,3.189491992307304,3.189491992307304,False,0.0411927918797767,4.4159369605802185e-09,232603993329668.5,3.0206639381492876e+16,CONVERGED
S4,S4_eta02_cons,"Asymmetric Filling (eta=0.2, beta->0)",0.6863636363636364,373344.7775095064,2,1.648339690470012,0.5246828192657343,2.4484506142579273e-05,2.4484506142579273e-05,True,-0.07746377932130452,-0.996970608934856,232603993329668.5,3.0206639381492876e+16,CONVERGED
S4,S4_eta02_cons,"Asymmetric Filling (eta=0.2, beta->0)",0.6863636363636364,373344.7775095064,3,2.6325949337781397e-06,8.379809937389436e-07,3.6675624556537683,3.6675624556537683,False,0.025538645719189065,6.723290933604722e-08,232603993329668.5,3.0206639381492876e+16,CONVERGED
S4,S4_eta02_cons,"Asymmetric Filling (eta=0.2, beta->0)",0.6863636363636364,373344.7775095064,4,3.1415915682678413,0.999999654531293,0.30453457460032396,0.30453457460032396,False,-0.7374665301828464,-8.003886140193877e-07,232603993329668.5,3.0206639381492876e+16,CONVERGED
S4,S4_eta02_cons,"Asymmetric Filling (eta=0.2, beta->0)",0.704040404040404,382959.98517163494,0,1.6861648245201257,0.5367229333801126,1.9119439774425526e-05,1.9119439774425526e-05,True,-0.1151105434427518,0.9933334408142425,244739348979149.4,1.8211554879245836e+16,CONVERGED
S4,S4_eta02_cons,"Asymmetric Filling (eta=0.2, beta->0)",0.704040404040404,382959.98517163494,1,1.2478944553664462e-06,3.9721714205707696e-07,3.2001517929458343,3.2001517929458343,False,0.04075601703289312,5.085920767819416e-08,244739348979149.4,1.8211554879245836e+16,CONVERGED
S4,S4_eta02_cons,"Asymmetric Filling (eta=0.2, beta->0)",0.704040404040404,382959.98517163494,2,1.686164412349135,0.5367228021820115,2.1471169427143154e-05,2.1471169427143154e-05,True,-0.11510986331191646,-0.9933311522103123,244739348979149.4,1.8211554879245836e+16,CONVERGED
S4,S4_eta02_cons,"Asymmetric Filling (eta=0.2, beta->0)",0.704040404040404,382959.98517163494,3,2.1989889777020783e-06,6.999599312117588e-07,3.689018422854132,3.689018422854132,False,0.024996526022827377,5.496708520512917e-08,244739348979149.4,1.8211554879245836e+16,CONVERGED
S4,S4_eta02_cons,"Asymmetric Filling (eta=0.2, beta->0)",0.704040404040404,382959.98517163494,4,3.1415912036732676,0.9999995384772358,0.2518039793560666,0.2518039793560666,False,-0.7773971090156169,-1.1271609153588641e-06,244739348979149.4,1.8211554879245836e+16,CONVERGED
S4,S4_eta02_cons,"Asymmetric Filling (eta=0.2, beta->0)",0.7217171717171718,392575.19283376355,0,1.7237617050137002,0.5486903921308879,1.1501249584332387e-05,1.1501249584332387e-05,True,-0.1523677989249068,0.9883122237512627,257183267976062.22,2.099334008669552e+16,CONVERGED
S4,S4_eta02_cons,"Asymmetric Filling (eta=0.2, beta->0)",0.7217171717171718,392575.19283376355,1,1.3974412167205957e-06,4.4481935464287076e-07,3.210832340197564,3.210832340197564,False,0.0403230368159834,5.6349073630033897e-08,257183267976062.22,2.099334008669552e+16,CONVERGED
S4,S4_eta02_cons,"Asymmetric Filling (eta=0.2, beta->0)",0.7217171717171718,392575.19283376355,2,1.7237609933199947,0.5486901655917454,1.601464805272063e-05,1.601464805272063e-05,True,-0.15236640785741562,-0.9883078715529158,257183267976062.22,2.099334008669552e+16,CONVERGED
S4,S4_eta02_cons,"Asymmetric Filling (eta=0.2, beta->0)",0.7217171717171718,392575.19283376355,3,1.9872740857514787e-05,6.325689880515498e-06,3.7101473919065397,3.7101473919065397,False,0.02447391574386397,-4.863637854104858e-07,257183267976062.22,2.099334008669552e+16,CONVERGED
S4,S4_eta02_cons,"Asymmetric Filling (eta=0.2, beta->0)",0.7217171717171718,392575.19283376355,4,3.141589545555624,0.9999990106819974,0.15417254386767948,0.15417254386767948,False,-0.8571241167375132,2.663971042158115e-06,257183267976062.22,2.099334008669552e+16,CONVERGED
S4,S4_eta02_cons,"Asymmetric Filling (eta=0.2, beta->0)",0.7393939393939394,402190.40049589204,0,1.7612007779421415,0.5606076191735666,2.8284207939833314e-06,2.8284207939833314e-06,True,-0.1892555169633304,-0.9819249933031313,269935750320404.16,8415551985437765.0,CONVERGED
S4,S4_eta02_cons,"Asymmetric Filling (eta=0.2, beta->0)",0.7393939393939394,402190.40049589204,1,1.2856311664085685e-06,4.0922911025384547e-07,3.2215567475040423,3.2215567475040423,False,0.03989290671308488,-5.128756418899978e-08,269935750320404.16,8415551985437765.0,CONVERGED
S4,S4_eta02_cons,"Asymmetric Filling (eta=0.2, beta->0)",0.7393939393939394,402190.40049589204,2,1.761215622238117,0.5606123442597292,2.690971367524838e-05,2.690971367524838e-05,True,-0.18926553511404257,0.9818985381590524,269935750320404.16,8415551985437765.0,CONVERGED
S4,S4_eta02_cons,"Asymmetric Filling (eta=0.2, beta->0)",0.7393939393939394,402190.40049589204,3,2.9796268268354487,0.948444676120161,1.2559949940816281e-06,1.2559949940816281e-06,True,-0.9869109444714678,-0.1612584127901622,269935750320404.16,8415551985437765.0,CONVERGED
S4,S4_eta02_cons,"Asymmetric Filling (eta=0.2, beta->0)",0.7393939393939394,402190.40049589204,4,2.9796276249750804,0.9484449301758964,-1.2222188905927169e-06,1.2222188905927169e-06,True,-0.9869135189576387,0.16125802472875383,269935750320404.16,8415551985437765.0,CONVERGED
S4,S4_eta02_cons,"Asymmetric Filling (eta=0.2, beta->0)",0.7570707070707071,411805.6081580207,0,1.7984638400841366,0.5724688202428446,-7.668402753634685e-06,7.668402753634685e-06,True,-0.2257075723224196,0.9742029710072929,282996796012167.94,1.0988656499257308e+16,CONVERGED
S4,S4_eta02_cons,"Asymmetric Filling (eta=0.2, beta->0)",0.7570707070707071,411805.6081580207,1,1.5540546492615977e-06,4.946709585298499e-07,3.232298912275195,3.232298912275195,False,0.03946666401939822,-6.133335271024058e-08,282996796012167.94,1.0988656499257308e+16,CONVERGED
S4,S4_eta02_cons,"Asymmetric Filling (eta=0.2, beta->0)",0.7570707070707071,411805.6081580207,2,1.7984991560178767,0.5724800616536939,1.6544339931812106e-05,1.6544339931812106e-05,True,-0.2257365113029998,-0.9741714116788233,282996796012167.94,1.0988656499257308e+16,CONVERGED
S4,S4_eta02_cons,"Asymmetric Filling (eta=0.2, beta->0)",0.7570707070707071,411805.6081580207,3,2.8471076520039458,0.9062625126623756,4.558648603796996e-06,4.558648603796996e-06,True,-0.9569473835962026,0.29024573687263205,282996796012167.94,1.0988656499257308e+16,CONVERGED
S4,S4_eta02_cons,"Asymmetric Filling (eta=0.2, beta->0)",0.7570707070707071,411805.6081580207,4,2.847106870701611,0.9062622639661182,-1.8359462882493261e-06,1.8359462882493261e-06,True,-0.9569532761352048,-0.2902483405523905,282996796012167.94,1.0988656499257308e+16,CONVERGED
S4,S4_eta02_cons,"Asymmetric Filling (eta=0.2, beta->0)",0.7747474747474747,421420.81582014915,0,1.83558658839309,0.5842853580318971,-3.100592004298834e-05,3.100592004298834e-05,True,-0.26171496001888145,-0.965177337832367,296366405051357.1,2.1598933938746172e+16,CONVERGED
S4,S4_eta02_cons,"Asymmetric Filling (eta=0.2, beta->0)",0.7747474747474747,421420.81582014915,1,1.1107510713930897e-06,3.5356304711365794e-07,3.243069302980675,3.243069302980675,False,0.03904387352451205,-4.3368024348705884e-08,296366405051357.1,2.1598933938746172e+16,CONVERGED
S4,S4_eta02_cons,"Asymmetric Filling (eta=0.2, beta->0)",0.7747474747474747,421420.81582014915,2,1.8356507413161063,0.5843057785415208,2.5407699829594715e-05,2.5407699829594715e-05,True,-0.26176211106296643,0.9651060994021748,296366405051357.1,2.1598933938746172e+16,CONVERGED
S4,S4_eta02_cons,"Asymmetric Filling (eta=0.2, beta->0)",0.7747474747474747,421420.81582014915,3,2.744306374154473,0.8735398496105616,3.041706386543592e-06,3.041706386543592e-06,True,-0.9221115689995703,0.3869162324365335,296366405051357.1,2.1598933938746172e+16,CONVERGED
S4,S4_eta02_cons,"Asymmetric Filling (eta=0.2, beta->0)",0.7747474747474747,421420.81582014915,4,2.744307191744172,0.8735401098574457,-6.278028742819407e-07,6.278028742819407e-07,True,-0.9221152690422991,-0.3869168983200206,296366405051357.1,2.1598933938746172e+16,CONVERGED
S4,S4_eta02_cons,"Asymmetric Filling (eta=0.2, beta->0)",0.7924242424242425,431036.0234822779,0,1.872565866819063,0.5960562279388273,-5.5723849852725406e-05,5.5723849852725406e-05,True,-0.2972268114169702,0.9548652661423662,310044577437977.75,3.852320073103919e+16,CONVERGED
S4,S4_eta02_cons,"Asymmetric Filling (eta=0.2, beta->0)",0.7924242424242425,431036.0234822779,1,4.362961722770435e-06,1.3887738493992924e-06,3.253857456384999,3.253857456384999,False,0.03862492612472572,1.685190742280834e-07,310044577437977.75,3.852320073103919e+16,CONVERGED
S4,S4_eta02_cons,"Asymmetric Filling (eta=0.2, beta->0)",0.7924242424242425,431036.0234822779,2,1.8726753311431867,0.5960910715153803,3.787145745982137e-05,3.787145745982137e-05,True,-0.29730350580176546,-0.9547433610093773,310044577437977.75,3.852320073103919e+16,CONVERGED
S4,S4_eta02_cons,"Asymmetric Filling (eta=0.2, beta->0)",0.7924242424242425,431036.0234822779,3,2.6519223915391303,0.8441331146190666,1.9888797894265156e-07,1.9888797894265156e-07,True,-0.8824878183395911,0.47033483042014873,310044577437977.75,3.852320073103919e+16,CONVERGED
S4,S4_eta02_cons,"Asymmetric Filling (eta=0.2, beta->0)",0.7924242424242425,431036.0234822779,4,2.651920435393707,0.8441324919586395,-2.8351806944954783e-06,2.8351806944954783e-06,True,-0.8824895758244914,-0.4703379837293335,310044577437977.75,3.852320073103919e+16,CONVERGED
S4,S4_eta02_cons,"Asymmetric Filling (eta=0.2, beta->0)",0.8101010101010101,440651.2311444063,0,1.909412545351449,0.6077848899887218,-4.626281570826756e-05,4.626281570826756e-05,True,-0.33219757489596435,-0.9432588728155622,324031313172019.94,3.422519655157581e+16,CONVERGED
S4,S4_eta02_cons,"Asymmetric Filling (eta=0.2, beta->0)",0.8101010101010101,440651.2311444063,1,5.346433798942421e-06,1.7018227340305337e-06,3.264647004554192,3.264647004554192,False,0.038210420807321746,2.0428948527802421e-07,324031313172019.94,3.422519655157581e+16,CONVERGED
S4,S4_eta02_cons,"Asymmetric Filling (eta=0.2, beta->0)",0.8101010101010101,440651.2311444063,2,1.9095379899769866,0.6078248202531991,-6.920788600525583e-06,6.920788600525583e-06,True,-0.33230282531401706,0.943180085647125,324031313172019.94,3.422519655157581e+16,CONVERGED
S4,S4_eta02_cons,"Asymmetric Filling (eta=0.2, beta->0)",0.8101010101010101,440651.2311444063,3,2.564705224390529,0.8163710280707226,1.6522084070740744e-05,1.6522084070740744e-05,True,-0.8381505104947173,-0.5454087257600998,324031313172019.94,3.422519655157581e+16,CONVERGED
S4,S4_eta02_cons,"Asymmetric Filling (eta=0.2, beta->0)",0.8101010101010101,440651.2311444063,4,2.564704641738588,0.8163708426068496,-3.094321215854953e-06,3.094321215854953e-06,True,-0.8381666343662562,0.5454199131831584,324031313172019.94,3.422519655157581e+16,CONVERGED
S4,S4_eta02_cons,"Asymmetric Filling (eta=0.2, beta->0)",0.8277777777777778,450266.438806535,0,1.946126111506669,0.6194711810529909,-9.112431431887069e-05,9.112431431887069e-05,True,-0.3666127821671853,0.9304715649543321,338326612253487.44,2.4881389355534372e+16,CONVERGED
S4,S4_eta02_cons,"Asymmetric Filling (eta=0.2, beta->0)",0.8277777777777778,450266.438806535,1,1.752135581051814e-05,5.577220773831729e-06,3.275461659524652,3.275461659524652,False,0.03779941473497612,6.622969950686334e-07,338326612253487.44,2.4881389355534372e+16,CONVERGED
S4,S4_eta02_cons,"Asymmetric Filling (eta=0.2, beta->0)",0.8277777777777778,450266.438806535,2,1.9463698916755587,0.6195487786908042,9.965686385488942e-05,9.965686385488942e-05,True,-0.36676962237067706,-0.9302046819060967,338326612253487.44,2.4881389355534372e+16,CONVERGED
S4,S4_eta02_cons,"Asymmetric Filling (eta=0.2, beta->0)",0.8277777777777778,450266.438806535,3,2.4804173841397428,0.7895413752338173,-9.785354532632166e-06,9.785354532632166e-06,True,-0.7892788319016282,-0.6140508907351037,338326612253487.44,2.4881389355534372e+16,CONVERGED
S4,S4_eta02_cons,"Asymmetric Filling (eta=0.2, beta->0)",0.8277777777777778,450266.438806535,4,2.480450008218693,0.7895517598006748,-2.517262599369613e-05,2.517262599369613e-05,True,-0.7893110095756668,0.6140345891576243,338326612253487.44,2.4881389355534372e+16,CONVERGED
S4,S4_eta02_cons,"Asymmetric Filling (eta=0.2, beta->0)",0.8454545454545455,459881.6464686634,0,1.982748169311683,0.6311283441047212,-6.246614691868715e-07,6.246614691868715e-07,True,-0.40039889308791726,0.9163416261076921,352930474682382.7,6.8745385656015464e+16,CONVERGED
S4,S4_eta02_cons,"Asymmetric Filling (eta=0.2, beta->0)",0.8454545454545455,459881.6464686634,1,4.181644945180319e-07,1.3310589265613709e-07,3.2862131315742054,3.2862131315742054,False,0.03739519227676708,1.5637341675819828e-08,352930474682382.7,6.8745385656015464e+16,CONVERGED
S4,S4_eta02_cons,"Asymmetric Filling (eta=0.2, beta->0)",0.8454545454545455,459881.6464686634,2,1.9827490679961983,0.631128630164887,1.4451109273768251e-06,1.4451109273768251e-06,True,-0.40039888785436245,-0.9163393696591409,352930474682382.7,6.8745385656015464e+16,CONVERGED
S4,S4_eta02_cons,"Asymmetric Filling (eta=0.2, beta->0)",0.8454545454545455,459881.6464686634,3,2.39780535358409,0.7632451491902357,-6.575791047830107e-07,6.575791047830107e-07,True,-0.7359100219841483,-0.6770803162863064,352930474682382.7,6.8745385656015464e+16,CONVERGED
S4,S4_eta02_cons,"Asymmetric Filling (eta=0.2, beta->0)",0.8454545454545455,459881.6464686634,4,2.3978016546911167,0.7632439717960343,-4.7266487026395276e-07,4.7266487026395276e-07,True,-0.7359073814517271,0.6770829131318037,352930474682382.7,6.8745385656015464e+16,CONVERGED
S4,S4_eta02_cons,"Asymmetric Filling (eta=0.2, beta->0)",0.8631313131313132,469496.85413079214,0,2.019313691441196,0.6427675112920174,-9.36639466942317e-08,9.36639466942317e-08,True,-0.43363006243557783,-0.9010910921100196,367842900458706.44,2.7096243406178772e+16,CONVERGED
S4,S4_eta02_cons,"Asymmetric Filling (eta=0.2, beta->0)",0.8631313131313132,469496.85413079214,1,1.8274854129008546e-07,5.817066737830088e-08,3.2970156914162683,3.2970156914162683,False,0.03699340256036218,-6.760490355263176e-09,367842900458706.44,2.7096243406178772e+16,CONVERGED
S4,S4_eta02_cons,"Asymmetric Filling (eta=0.2, beta->0)",0.8631313131313132,469496.85413079214,2,2.0193137796101923,0.6427675393570805,-1.4053693823586433e-09,1.4053693823586433e-09,True,-0.433630101877775,0.901090970743914,367842900458706.44,2.7096243406178772e+16,CONVERGED
S4,S4_eta02_cons,"Asymmetric Filling (eta=0.2, beta->0)",0.8631313131313132,469496.85413079214,3,2.3160910639407715,0.7372346829542816,2.2037818685811513e-06,2.2037818685811513e-06,True,-0.6781869441374548,-0.7348864274481308,367842900458706.44,2.7096243406178772e+16,CONVERGED
S4,S4_eta02_cons,"Asymmetric Filling (eta=0.2, beta->0)",0.8631313131313132,469496.85413079214,4,2.31610255951663,0.7372383421097247,-4.750763771304396e-06,4.750763771304396e-06,True,-0.6782001085925253,0.734883742014864,367842900458706.44,2.7096243406178772e+16,CONVERGED
S4,S4_eta02_cons,"Asymmetric Filling (eta=0.2, beta->0)",0.8808080808080808,479112.06179292063,0,2.055810790097989,0.6543848986114996,-1.4562699050933057e-07,1.4562699050933057e-07,True,-0.46622122261622573,-0.8846683349347682,383063889582452.2,1.8846330501650164e+16,CONVERGED
S4,S4_eta02_cons,"Asymmetric Filling (eta=0.2, beta->0)",0.8808080808080808,479112.06179292063,1,4.783391741685777e-07,1.522600880868484e-07,3.3078126744624696,3.3078126744624696,False,0.03659613393070914,1.7505364482179412e-08,383063889582452.2,1.8846330501650164e+16,CONVERGED
S4,S4_eta02_cons,"Asymmetric Filling (eta=0.2, beta->0)",0.8808080808080808,479112.06179292063,2,2.055810513790124,0.6543848106599746,4.267987480933185e-08,4.267987480933185e-08,True,-0.4662208903827864,0.8846682971661954,383063889582452.2,1.8846330501650164e+16,CONVERGED
S4,S4_eta02_cons,"Asymmetric Filling (eta=0.2, beta->0)",0.8808080808080808,479112.06179292063,3,2.23478057012,0.711352748920644,1.6045302024890155e-06,1.6045302024890155e-06,True,-0.6162585097533313,0.7875418973625132,383063889582452.2,1.8846330501650164e+16,CONVERGED
S4,S4_eta02_cons,"Asymmetric Filling (eta=0.2, beta->0)",0.8808080808080808,479112.06179292063,4,2.2347809770606784,0.7113528784538851,-3.536291716349592e-08,3.536291716349592e-08,True,-0.6162598408355585,-0.7875429380669786,383063889582452.2,1.8846330501650164e+16,CONVERGED
S4,S4_eta02_cons,"Asymmetric Filling (eta=0.2, beta->0)",0.8984848484848484,488727.2694550492,0,2.0922853767351763,0.6659951201325836,-2.848710998233727e-05,2.848710998233727e-05,True,-0.4981860042826872,-0.8671030394248868,398593442053630.06,1.5792139286823218e+16,CONVERGED
S4,S4_eta02_cons,"Asymmetric Filling (eta=0.2, beta->0)",0.8984848484848484,488727.2694550492,1,2.4266217713675175e-06,7.72417699855103e-07,3.3186065583727125,3.3186065583727125,False,0.036203243729565925,-8.785157942846167e-08,398593442053630.06,1.5792139286823218e+16,CONVERGED
S4,S4_eta02_cons,"Asymmetric Filling (eta=0.2, beta->0)",0.8984848484848484,488727.2694550492,2,2.092256693661812,0.6659859900267655,9.16379192780429e-07,9.16379192780429e-07,True,-0.49814648543752815,0.8670918326737558,398593442053630.06,1.5792139286823218e+16,CONVERGED
S4,S4_eta02_cons,"Asymmetric Filling (eta=0.2, beta->0)",0.8984848484848484,488727.2694550492,3,2.1534364503296066,0.6854601114084433,4.3259552037041215e-06,4.3259552037041215e-06,True,-0.5502280087560412,0.8350092733062203,398593442053630.06,1.5792139286823218e+16,CONVERGED
S4,S4_eta02_cons,"Asymmetric Filling (eta=0.2, beta->0)",0.8984848484848484,488727.2694550492,4,2.153454991734346,0.6854660133208756,-2.7639272379534223e-06,2.7639272379534223e-06,True,-0.5502473920818522,-0.8350049912287201,398593442053630.06,1.5792139286823218e+16,CONVERGED
S4,S4_eta02_cons,"Asymmetric Filling (eta=0.2, beta->0)",0.9161616161616162,498342.4771171778,0,2.0717841953366296,0.659469391414979,-6.114177669607605e-07,6.114177669607605e-07,True,-0.4802925343962637,0.877109060630145,414431557872229.5,1.4259724591240912e+16,CONVERGED
S4,S4_eta02_cons,"Asymmetric Filling (eta=0.2, beta->0)",0.9161616161616162,498342.4771171778,1,1.4677498593307017e-05,4.671992906698305e-06,3.3293848162621695,3.3293848162621695,False,0.03581513117431942,5.256765374679282e-07,414431557872229.5,1.4259724591240912e+16,CONVERGED
S4,S4_eta02_cons,"Asymmetric Filling (eta=0.2, beta->0)",0.9161616161616162,498342.4771171778,2,2.0717834276071274,0.6594691470390884,-5.002652076637939e-07,5.002652076637939e-07,True,-0.480291807627953,-0.8771093318716825,414431557872229.5,1.4259724591240912e+16,CONVERGED
S4,S4_eta02_cons,"Asymmetric Filling (eta=0.2, beta->0)",0.9161616161616162,498342.4771171778,3,2.12876844226367,0.6776080405685942,2.1754034641123315e-05,2.1754034641123315e-05,True,-0.5294554534449982,-0.8483120980479598,414431557872229.5,1.4259724591240912e+16,CONVERGED
S4,S4_eta02_cons,"Asymmetric Filling (eta=0.2, beta->0)",0.9161616161616162,498342.4771171778,4,2.1286666944114647,0.6775756532213393,1.3907186773271523e-06,1.3907186773271523e-06,True,-0.5293799165912936,0.8483832403320498,414431557872229.5,1.4259724591240912e+16,CONVERGED
S4,S4_eta02_cons,"Asymmetric Filling (eta=0.2, beta->0)",0.9338383838383838,507957.6847793063,0,1.989483126879032,0.6332721476814367,-1.2665920019826051e-05,1.2665920019826051e-05,True,-0.4065661829965703,-0.9136351957999936,430578237038252.0,1.7575552018322714e+16,CONVERGED
S4,S4_eta02_cons,"Asymmetric Filling (eta=0.2, beta->0)",0.9338383838383838,507957.6847793063,1,8.372704588181477e-07,2.6651146445145484e-07,3.340134811642479,3.340134811642479,False,0.035432180729115643,2.966631821600112e-08,430578237038252.0,1.7575552018322714e+16,CONVERGED
S4,S4_eta02_cons,"Asymmetric Filling (eta=0.2, beta->0)",0.9338383838383838,507957.6847793063,2,1.9894797666471422,0.6332710780864063,2.6475604513142634e-05,2.6475604513142634e-05,True,-0.40654719977952936,0.9136008015234486,430578237038252.0,1.7575552018322714e+16,CONVERGED
S4,S4_eta02_cons,"Asymmetric Filling (eta=0.2, beta->0)",0.9338383838383838,507957.6847793063,3,2.1650718604331187,0.689163777474194,6.752722660116893e-08,6.752722660116893e-08,True,-0.5599086039202574,-0.8285542952647245,430578237038252.0,1.7575552018322714e+16,CONVERGED
S4,S4_eta02_cons,"Asymmetric Filling (eta=0.2, beta->0)",0.9338383838383838,507957.6847793063,4,2.1650717415493514,0.6891637396323156,9.649557519984012e-09,9.649557519984012e-09,True,-0.5599085378247974,0.8285544097835594,430578237038252.0,1.7575552018322714e+16,CONVERGED
S4,S4_eta02_cons,"Asymmetric Filling (eta=0.2, beta->0)",0.9515151515151515,517572.89244143496,0,1.9062090252755546,0.6067651778779763,-1.649232823673764e-05,1.649232823673764e-05,True,-0.3291643272061168,0.9442901200877926,447033479551704.44,2.5146415804688108e+16,CONVERGED
S4,S4_eta02_cons,"Asymmetric Filling (eta=0.2, beta->0)",0.9515151515151515,517572.89244143496,1,6.307780347368756e-08,2.0078288444433005e-08,3.3508749855174695,3.3508749855174695,False,0.03505366922548542,-2.2111084584368218e-09,447033479551704.44,2.5146415804688108e+16,CONVERGED
S4,S4_eta02_cons,"Asymmetric Filling (eta=0.2, beta->0)",0.9515151515151515,517572.89244143496,2,1.906204087887798,0.6067636062586415,1.906843356863094e-05,1.906843356863094e-05,True,-0.32914795991530826,-0.9442581661514262,447033479551704.44,2.5146415804688108e+16,CONVERGED
S4,S4_eta02_cons,"Asymmetric Filling (eta=0.2, beta->0)",0.9515151515151515,517572.89244143496,3,2.201484872296171,0.7007543991359312,1.1347564117121271e-07,1.1347564117121271e-07,True,-0.5897009150321099,0.8076215721852876,447033479551704.44,2.5146415804688108e+16,CONVERGED
S4,S4_eta02_cons,"Asymmetric Filling (eta=0.2, beta->0)",0.9515151515151515,517572.89244143496,4,2.2014850207743883,0.7007544463980157,-1.4275670662681587e-07,1.4275670662681587e-07,True,-0.5897011860468147,-0.8076216915663138,447033479551704.44,2.5146415804688108e+16,CONVERGED
S4,S4_eta02_cons,"Asymmetric Filling (eta=0.2, beta->0)",0.9691919191919192,527188.1001035634,0,1.8217259826123535,0.5798733901833925,-1.2102711521208242e-06,1.2102711521208242e-06,True,-0.24830490779965203,0.9686831748863196,463797285412582.5,1.8481145939483132e+16,CONVERGED
S4,S4_eta02_cons,"Asymmetric Filling (eta=0.2, beta->0)",0.9691919191919192,527188.1001035634,1,4.604569990983162e-07,1.4656801497551484e-07,3.3615938159730656,3.3615938159730656,False,0.034679941428880395,-1.5968621759248766e-08,463797285412582.5,1.8481145939483132e+16,CONVERGED
S4,S4_eta02_cons,"Asymmetric Filling (eta=0.2, beta->0)",0.9691919191919192,527188.1001035634,2,1.8217222357055811,0.5798721975059242,2.106138149041588e-06,2.106138149041588e-06,True,-0.24830045476505772,-0.9686808927072109,463797285412582.5,1.8481145939483132e+16,CONVERGED
S4,S4_eta02_cons,"Asymmetric Filling (eta=0.2, beta->0)",0.9691919191919192,527188.1001035634,3,2.237935143329203,0.7123568807598238,5.1400924748480744e-08,5.1400924748480744e-08,True,-0.6187407588930613,0.7855951695896521,463797285412582.5,1.8481145939483132e+16,CONVERGED
S4,S4_eta02_cons,"Asymmetric Filling (eta=0.2, beta->0)",0.9691919191919192,527188.1001035634,4,2.237935148481022,0.7123568823996987,-6.317454398743832e-08,6.317454398743832e-08,True,-0.6187408338328225,-0.7855952564119513,463797285412582.5,1.8481145939483132e+16,CONVERGED
S4,S4_eta02_cons,"Asymmetric Filling (eta=0.2, beta->0)",0.9868686868686869,536803.3077656921,0,1.735685965736858,0.5524860022045021,-6.997169074924792e-05,6.997169074924792e-05,True,-0.16415495361488056,-0.9865055014432138,480869654620889.75,9699372119697986.0,CONVERGED
S4,S4_eta02_cons,"Asymmetric Filling (eta=0.2, beta->0)",0.9868686868686869,536803.3077656921,1,1.2166188372294463e-07,3.872618036075608e-08,3.3722888139377005,3.3722888139377005,False,0.034311015871491345,-4.1743428233735085e-09,480869654620889.75,9699372119697986.0,CONVERGED
S4,S4_eta02_cons,"Asymmetric Filling (eta=0.2, beta->0)",0.9868686868686869,536803.3077656921,2,1.735652538374799,0.5524753619446896,7.273239974017734e-05,7.273239974017734e-05,True,-0.16409855804016008,0.9863702190502057,480869654620889.75,9699372119697986.0,CONVERGED
S4,S4_eta02_cons,"Asymmetric Filling (eta=0.2, beta->0)",0.9868686868686869,536803.3077656921,3,2.2744513869476912,0.7239803621098845,5.257281216326545e-08,5.257281216326545e-08,True,-0.6470088880031,0.7624823891076916,480869654620889.75,9699372119697986.0,CONVERGED
S4,S4_eta02_cons,"Asymmetric Filling (eta=0.2, beta->0)",0.9868686868686869,536803.3077656921,4,2.2744513552839827,0.723980352031013,1.5089776619746474e-09,1.5089776619746474e-09,True,-0.6470088968988337,-0.7624824485296688,480869654620889.75,9699372119697986.0,CONVERGED
S4,S4_eta02_cons,"Asymmetric Filling (eta=0.2, beta->0)",1.0045454545454544,546418.5154278205,0,1.6477009974774073,0.5244795169719519,-5.69206344943728e-06,5.69206344943728e-06,True,-0.0768293238334428,0.9970499682518396,498250587176617.1,9144910912758130.0,CONVERGED
S4,S4_eta02_cons,"Asymmetric Filling (eta=0.2, beta->0)",1.0045454545454544,546418.5154278205,1,8.488876507805587e-05,2.702093315027851e-05,4.011248929643222,4.011248929643222,False,0.018110761973281667,1.5374002222273829e-06,498250587176617.1,9144910912758130.0,CONVERGED
S4,S4_eta02_cons,"Asymmetric Filling (eta=0.2, beta->0)",1.0045454545454544,546418.5154278205,2,1.6477008117090663,0.5244794578400525,1.2167216322361287e-05,1.2167216322361287e-05,True,-0.07682776651229434,-0.9970321760886995,498250587176617.1,9144910912758130.0,CONVERGED
S4,S4_eta02_cons,"Asymmetric Filling (eta=0.2, beta->0)",1.0045454545454544,546418.5154278205,3,3.696943589175396e-06,1.176773693098315e-06,3.3830757371460773,3.3830757371460773,False,0.03394289459529229,1.2548496657269372e-07,498250587176617.1,9144910912758130.0,CONVERGED
S4,S4_eta02_cons,"Asymmetric Filling (eta=0.2, beta->0)",1.0045454545454544,546418.5154278205,4,2.311146048579619,0.7356606356774961,0.00014495035242153878,0.00014495035242153878,True,-0.6744483603175551,-0.7381257010680954,498250587176617.1,9144910912758130.0,CONVERGED
S4,S4_eta02_cons,"Asymmetric Filling (eta=0.2, beta->0)",1.0222222222222221,556033.7230899491,0,1.5573948603265069,0.495734180733751,1.0641043589988868e-05,1.0641043589988868e-05,True,0.013400922722423173,0.9998995616608048,515940083079775.8,9725370531754762.0,CONVERGED
S4,S4_eta02_cons,"Asymmetric Filling (eta=0.2, beta->0)",1.0222222222222221,556033.7230899491,1,6.98151412219056e-05,2.2222849656250046e-05,4.028332931903019,4.028332931903019,False,0.01780398564087385,1.2429877738498917e-06,515940083079775.8,9725370531754762.0,CONVERGED
S4,S4_eta02_cons,"Asymmetric Filling (eta=0.2, beta->0)",1.0222222222222221,556033.7230899491,2,1.5573896689396927,0.49573252826400505,2.2415240811487634e-05,2.2415240811487634e-05,True,0.013405955742346404,-0.9998877191334447,515940083079775.8,9725370531754762.0,CONVERGED
S4,S4_eta02_cons,"Asymmetric Filling (eta=0.2, beta->0)",1.0222222222222221,556033.7230899491,3,2.8792473612441405e-05,9.16492899852602e-06,3.393677488586146,3.393677488586146,False,0.033584941268707785,9.66993535521878e-07,515940083079775.8,9725370531754762.0,CONVERGED
S4,S4_eta02_cons,"Asymmetric Filling (eta=0.2, beta->0)",1.0222222222222221,556033.7230899491,4,2.3478750446796868,0.7473518382457536,0.00011172743875875034,0.00011172743875875034,True,-0.7011213034342911,-0.7128853259517023,515940083079775.8,9725370531754762.0,CONVERGED
S4,S4_eta02_cons,"Asymmetric Filling (eta=0.2, beta->0)",1.0398989898989899,565648.9307520777,0,1.4641131338606241,0.4660416849993684,1.4017956767901215e-06,1.4017956767901215e-06,True,0.10648079316228308,-0.9943133495534029,533938142330357.6,1.835867583039517e+16,CONVERGED
S4,S4_eta02_cons,"Asymmetric Filling (eta=0.2, beta->0)",1.0398989898989899,565648.9307520777,1,3.4563592697486314e-06,1.1001933257639768e-06,4.044394349127274,4.044394349127274,False,0.01752031263563747,-6.055649498732079e-08,533938142330357.6,1.835867583039517e+16,CONVERGED
S4,S4_eta02_cons,"Asymmetric Filling (eta=0.2, beta->0)",1.0398989898989899,565648.9307520777,2,1.4641106601613474,0.46604089759643313,2.437091842946819e-06,2.437091842946819e-06,True,0.10648314255252447,0.9943120567409065,533938142330357.6,1.835867583039517e+16,CONVERGED
S4,S4_eta02_cons,"Asymmetric Filling (eta=0.2, beta->0)",1.0398989898989899,565648.9307520777,3,8.520222510196187e-05,2.7120710574811195e-05,3.4043122203745435,3.4043122203745435,False,0.0332296667915468,-2.8312415568876135e-06,533938142330357.6,1.835867583039517e+16,CONVERGED
S4,S4_eta02_cons,"Asymmetric Filling (eta=0.2, beta->0)",1.0398989898989899,565648.9307520777,4,2.384836646036405,0.7591170813667812,0.0001744136214119893,0.0001744136214119893,True,-0.7269402495486691,0.6864467256651777,533938142330357.6,1.835867583039517e+16,CONVERGED
S4,S4_eta02_cons,"Asymmetric Filling (eta=0.2, beta->0)",1.0575757575757576,575264.1384142063,0,1.3672902324667353,0.4352219982766952,-4.485683662283518e-07,4.485683662283518e-07,True,0.20210439919269915,-0.9793644413414717,552244764928369.25,1.6105146899834278e+16,CONVERGED
S4,S4_eta02_cons,"Asymmetric Filling (eta=0.2, beta->0)",1.0575757575757576,575264.1384142063,1,1.1850998773912154e-05,3.772290070888221e-06,4.060671267631859,4.060671267631859,False,0.017237444291258956,-2.0428093117065243e-07,552244764928369.25,1.6105146899834278e+16,CONVERGED
S4,S4_eta02_cons,"Asymmetric Filling (eta=0.2, beta->0)",1.0575757575757576,575264.1384142063,2,1.367278986872861,0.435218418692989,1.970812366374041e-06,1.970812366374041e-06,True,0.20211492372113815,0.9793597990484569,552244764928369.25,1.6105146899834278e+16,CONVERGED
S4,S4_eta02_cons,"Asymmetric Filling (eta=0.2, beta->0)",1.0575757575757576,575264.1384142063,3,0.00013296457790158985,4.2323939658330835e-05,3.414870149563238,3.414870149563238,False,0.03288067570380334,-4.371965191840106e-06,552244764928369.25,1.6105146899834278e+16,CONVERGED
S4,S4_eta02_cons,"Asymmetric Filling (eta=0.2, beta->0)",1.0575757575757576,575264.1384142063,4,2.422016920426958,0.7709519302763203,0.0001844030681130251,0.0001844030681130251,True,-0.7519467424464228,0.6589441238744073,552244764928369.25,1.6105146899834278e+16,CONVERGED
S4,S4_eta02_cons,"Asymmetric Filling (eta=0.2, beta->0)",1.0752525252525253,584879.3460763348,0,1.26596259507254,0.40296840955047647,-7.784989238799274e-09,7.784989238799274e-09,True,0.3001345789057745,-0.9538968760379877,570859950873807.8,2.202059939447126e+16,CONVERGED
S4,S4_eta02_cons,"Asymmetric Filling (eta=0.2, beta->0)",1.0752525252525253,584879.3460763348,1,2.4593972644787314,0.7828504633369512,7.503378542138237e-08,7.503378542138237e-08,True,-0.7761903424154512,-0.6304985347115607,570859950873807.8,2.202059939447126e+16,CONVERGED
S4,S4_eta02_cons,"Asymmetric Filling (eta=0.2, beta->0)",1.0752525252525253,584879.3460763348,2,1.265968111211126,0.402970165391922,5.194698230995742e-07,5.194698230995742e-07,True,0.3001291588292582,0.9538980286599482,570859950873807.8,2.202059939447126e+16,CONVERGED
S4,S4_eta02_cons,"Asymmetric Filling (eta=0.2, beta->0)",1.0752525252525253,584879.3460763348,3,1.1514597783854837e-06,3.665210310030962e-07,3.425322557853666,3.425322557853666,False,0.03253878365595727,-3.7467100617438314e-08,570859950873807.8,2.202059939447126e+16,CONVERGED
S4,S4_eta02_cons,"Asymmetric Filling (eta=0.2, beta->0)",1.0752525252525253,584879.3460763348,4,2.459397221867618,0.7828504497734126,-3.569191728569446e-08,3.569191728569446e-08,True,-0.776190401493429,0.6304986375982954,570859950873807.8,2.202059939447126e+16,CONVERGED
S4,S4_eta02_cons,"Asymmetric Filling (eta=0.2, beta->0)",1.0929292929292929,594494.5537384634,0,1.1589247200154447,0.36889719572369767,1.118662642028727e-05,1.118662642028727e-05,True,0.40032064012288404,-0.9163629259682231,589783700166661.9,9155416451378482.0,CONVERGED
S4,S4_eta02_cons,"Asymmetric Filling (eta=0.2, beta->0)",1.0929292929292929,594494.5537384634,1,2.4972453735664404,0.7948978906329315,1.0128111700577161e-07,1.0128111700577161e-07,True,-0.7994919299468223,-0.6006766612643544,589783700166661.9,9155416451378482.0,CONVERGED
S4,S4_eta02_cons,"Asymmetric Filling (eta=0.2, beta->0)",1.0929292929292929,594494.5537384634,2,1.1588910228263714,0.36888646957527904,1.8110580818905874e-05,1.8110580818905874e-05,True,0.40034874674430954,0.9163430910279191,589783700166661.9,9155416451378482.0,CONVERGED
S4,S4_eta02_cons,"Asymmetric Filling (eta=0.2, beta->0)",1.0929292929292929,594494.5537384634,3,6.077477561965841e-07,1.9345211910338885e-07,3.435827675325975,3.435827675325975,False,0.0321987490898992,1.9568717511725453e-08,589783700166661.9,9155416451378482.0,CONVERGED
S4,S4_eta02_cons,"Asymmetric Filling (eta=0.2, beta->0)",1.0929292929292929,594494.5537384634,4,2.4972452388760638,0.794897847759653,-1.9884156417874275e-07,1.9884156417874275e-07,True,-0.7994920889871227,0.6006769492249675,589783700166661.9,9155416451378482.0,CONVERGED
S4,S4_eta02_cons,"Asymmetric Filling (eta=0.2, beta->0)",1.1106060606060606,604109.761400592,0,1.0442368299794589,0.33239090649968395,2.234481644015623e-06,2.234481644015623e-06,True,0.5025607416115944,0.8645393178089138,609016012806949.0,2.9092078660644696e+16,CONVERGED
S4,S4_eta02_cons,"Asymmetric Filling (eta=0.2, beta->0)",1.1106060606060606,604109.761400592,1,2.535567267292895,0.8070961282633465,1.4424347199531995e-07,1.4424347199531995e-07,True,-0.8219183459426922,-0.5696050773263232,609016012806949.0,2.9092078660644696e+16,CONVERGED
S4,S4_eta02_cons,"Asymmetric Filling (eta=0.2, beta->0)",1.1106060606060606,604109.761400592,2,1.0442382791110811,0.3323913677726057,2.2423601035138908e-06,2.2423601035138908e-06,True,0.5025594848204079,-0.8645400392734252,609016012806949.0,2.9092078660644696e+16,CONVERGED
S4,S4_eta02_cons,"Asymmetric Filling (eta=0.2, beta->0)",1.1106060606060606,604109.761400592,3,2.2797296391627206e-08,7.256604819716998e-09,3.4462945251993617,3.4462945251993617,False,0.031863487245560616,7.264013628078787e-10,609016012806949.0,2.9092078660644696e+16,CONVERGED
S4,S4_eta02_cons,"Asymmetric Filling (eta=0.2, beta->0)",1.1106060606060606,604109.761400592,4,2.5355673832717125,0.8070961651805508,-1.5720170203655592e-07,1.5720170203655592e-07,True,-0.821918659768186,0.5696051537059004,609016012806949.0,2.9092078660644696e+16,CONVERGED
S4,S4_eta02_cons,"Asymmetric Filling (eta=0.2, beta->0)",1.1282828282828283,613724.9690627207,0,0.9190752016015493,0.29255072281613365,1.8617414434725182e-06,1.8617414434725182e-06,True,0.6065545393293688,-0.7950395382262334,628556888794663.8,1.907974397520325e+16,CONVERGED
S4,S4_eta02_cons,"Asymmetric Filling (eta=0.2, beta->0)",1.1282828282828283,613724.9690627207,1,2.5744864615663894,0.8194844925629075,7.105779520097548e-08,7.105779520097548e-08,True,-0.843458979486116,-0.5371934547336363,628556888794663.8,1.907974397520325e+16,CONVERGED
S4,S4_eta02_cons,"Asymmetric Filling (eta=0.2, beta->0)",1.1282828282828283,613724.9690627207,2,0.9190720186077185,0.29254970963772964,-1.0014538480008014e-06,1.0014538480008014e-06,True,0.6065588066260744,0.7950398839140426,628556888794663.8,1.907974397520325e+16,CONVERGED
S4,S4_eta02_cons,"Asymmetric Filling (eta=0.2, beta->0)",1.1282828282828283,613724.9690627207,3,6.144129261397876e-07,1.955737085894056e-07,3.456721159031361,3.456721159031361,False,0.03153298434201715,1.9374273179501303e-08,628556888794663.8,1.907974397520325e+16,CONVERGED
S4,S4_eta02_cons,"Asymmetric Filling (eta=0.2, beta->0)",1.1282828282828283,613724.9690627207,4,2.5744864059060326,0.8194844748456656,-3.797944064335142e-08,3.797944064335142e-08,True,-0.8434590415541728,0.5371935602549609,628556888794663.8,1.907974397520325e+16,CONVERGED
S4,S4_eta02_cons,"Asymmetric Filling (eta=0.2, beta->0)",1.145959595959596,623340.1767248492,0,0.7782755694246227,0.24773280792317653,4.214084694818312e-06,4.214084694818312e-06,True,0.7121222359873857,0.7020494946073628,648406328129803.9,6.78294297580839e+16,CONVERGED
S4,S4_eta02_cons,"Asymmetric Filling (eta=0.2, beta->0)",1.145959595959596,623340.1767248492,1,2.614162124780113,0.8321136484047341,1.3664676798397997e-08,1.3664676798397997e-08,True,-0.8641031624305482,0.5033147100454868,648406328129803.9,6.78294297580839e+16,CONVERGED
S4,S4_eta02_cons,"Asymmetric Filling (eta=0.2, beta->0)",1.145959595959596,623340.1767248492,2,0.7782688702953948,0.24773067552411449,-4.902124160601887e-06,4.902124160601887e-06,True,0.7121334310191941,-0.7020511240082261,648406328129803.9,6.78294297580839e+16,CONVERGED
S4,S4_eta02_cons,"Asymmetric Filling (eta=0.2, beta->0)",1.145959595959596,623340.1767248492,3,5.599312081881395e-06,1.782316391491191e-06,3.4670877145134105,3.4670877145134105,False,0.031207784423641846,-1.74742124373874e-07,648406328129803.9,6.78294297580839e+16,CONVERGED
S4,S4_eta02_cons,"Asymmetric Filling (eta=0.2, beta->0)",1.145959595959596,623340.1767248492,4,2.6141622490766876,0.8321136879695628,-1.4049042408508037e-07,1.4049042408508037e-07,True,-0.8641033581967661,-0.5033146802289389,648406328129803.9,6.78294297580839e+16,CONVERGED
S4,S4_eta02_cons,"Asymmetric Filling (eta=0.2, beta->0)",1.1636363636363636,632955.3843869776,0,0.6110313452149095,0.19449731795008637,-1.028100539201998e-09,1.028100539201998e-09,True,0.8190567587598659,0.5737124959297852,668564330812376.6,1.9563981634965812e+16,CONVERGED
S4,S4_eta02_cons,"Asymmetric Filling (eta=0.2, beta->0)",1.1636363636363636,632955.3843869776,1,2.6548079351137095,0.8450516116658693,8.235547372307486e-08,8.235547372307486e-08,True,-0.8838414171464308,-0.4677864733248012,668564330812376.6,1.9563981634965812e+16,CONVERGED
S4,S4_eta02_cons,"Asymmetric Filling (eta=0.2, beta->0)",1.1636363636363636,632955.3843869776,2,0.6110310204116439,0.19449721456199587,-2.2773855932405415e-07,2.2773855932405415e-07,True,0.8190571307923118,-0.5737123599640226,668564330812376.6,1.9563981634965812e+16,CONVERGED
S4,S4_eta02_cons,"Asymmetric Filling (eta=0.2, beta->0)",1.1636363636363636,632955.3843869776,3,2.3306432108160927e-07,7.418667751698949e-08,3.477451182629794,3.477451182629794,False,0.03088603365190617,7.198432463985379e-09,668564330812376.6,1.9563981634965812e+16,CONVERGED
S4,S4_eta02_cons,"Asymmetric Filling (eta=0.2, beta->0)",1.1636363636363636,632955.3843869776,4,2.654807872795317,0.8450515918293088,-1.6991735293894217e-07,1.6991735293894217e-07,True,-0.8838416109639213,0.4677866464142216,668564330812376.6,1.9563981634965812e+16,CONVERGED
S4,S4_eta02_cons,"Asymmetric Filling (eta=0.2, beta->0)",1.1813131313131313,642570.5920491063,0,0.38412601874065827,0.12227110930557158,2.457183929407871e-06,2.457183929407871e-06,True,0.9271240321972819,-0.37474806812906997,689030896842364.1,3.3740219720004004e+16,CONVERGED
S4,S4_eta02_cons,"Asymmetric Filling (eta=0.2, beta->0)",1.1813131313131313,642570.5920491063,1,2.6967742076316727,0.8584098910946201,0.00012979706067411904,0.00012979706067411904,True,-0.9025716431382693,0.43023815332089604,689030896842364.1,3.3740219720004004e+16,CONVERGED
S4,S4_eta02_cons,"Asymmetric Filling (eta=0.2, beta->0)",1.1813131313131313,642570.5920491063,2,0.3841224394489307,0.12226996998162916,-2.7329238713796232e-06,2.7329238713796232e-06,True,0.9271301854171238,0.3747466946499865,689030896842364.1,3.3740219720004004e+16,CONVERGED
S4,S4_eta02_cons,"Asymmetric Filling (eta=0.2, beta->0)",1.1813131313131313,642570.5920491063,3,0.00021824818904044846,6.947055621328359e-05,3.487570783454571,3.487570783454571,False,0.030575054733524277,-6.6729504313535284e-06,689030896842364.1,3.3740219720004004e+16,CONVERGED
S4,S4_eta02_cons,"Asymmetric Filling (eta=0.2, beta->0)",1.1813131313131313,642570.5920491063,4,2.6965615202212807,0.8583421905892255,5.911082443675403e-05,5.911082443675403e-05,True,-0.9025439116633491,-0.43046053577354904,689030896842364.1,3.3740219720004004e+16,CONVERGED
S4,S4_eta02_cons,"Asymmetric Filling (eta=0.2, beta->0)",1.198989898989899,652185.7997112349,0,2.74032269252952,0.8722718043659303,-9.145026076578959e-08,9.145026076578959e-08,True,-0.9205657894469188,0.3905877752829822,709806026219775.9,3.739305016369282e+16,CONVERGED
S4,S4_eta02_cons,"Asymmetric Filling (eta=0.2, beta->0)",1.198989898989899,652185.7997112349,1,4.405487818909899e-05,1.4023103262212862e-05,3.498010083551735,3.498010083551735,False,0.03025753348990802,-1.3329919530628523e-06,709806026219775.9,3.739305016369282e+16,CONVERGED
S4,S4_eta02_cons,"Asymmetric Filling (eta=0.2, beta->0)",1.198989898989899,652185.7997112349,2,1.2508375266605914e-06,3.981539507457471e-07,0.26796280704742725,0.26796280704742725,False,0.7649362308101517,9.568109430001445e-07,709806026219775.9,3.739305016369282e+16,CONVERGED
S4,S4_eta02_cons,"Asymmetric Filling (eta=0.2, beta->0)",1.198989898989899,652185.7997112349,3,3.949180411865917e-06,1.2570631674202957e-06,4.183768532167043,4.183768532167043,False,0.01524096314583708,6.018931311382305e-08,709806026219775.9,3.739305016369282e+16,CONVERGED
S4,S4_eta02_cons,"Asymmetric Filling (eta=0.2, beta->0)",1.198989898989899,652185.7997112349,4,2.7403230684522515,0.8722719240258522,4.509301283276187e-08,4.509301283276187e-08,True,-0.9205658105805992,-0.39058737588926606,709806026219775.9,3.739305016369282e+16,CONVERGED
S4,S4_eta02_cons,"Asymmetric Filling (eta=0.2, beta->0)",1.2166666666666666,661801.0073733634,0,2.7862757986854882,0.8868991323562283,-8.838305355876197e-08,8.838305355876197e-08,True,-0.9375363889031422,-0.34788747641813567,730889718944623.2,3.0520871840430836e+16,CONVERGED
S4,S4_eta02_cons,"Asymmetric Filling (eta=0.2, beta->0)",1.2166666666666666,661801.0073733634,1,9.105612057707042e-07,2.8984063377224806e-07,3.50822828472526,3.50822828472526,False,0.029949930207446688,2.727124456244863e-08,730889718944623.2,3.0520871840430836e+16,CONVERGED
S4,S4_eta02_cons,"Asymmetric Filling (eta=0.2, beta->0)",1.2166666666666666,661801.0073733634,2,2.3337687241053837e-06,7.428616569492751e-07,0.5336388969400604,0.5336388969400604,False,0.5864669891582591,1.368678317020281e-06,730889718944623.2,3.0520871840430836e+16,CONVERGED
S4,S4_eta02_cons,"Asymmetric Filling (eta=0.2, beta->0)",1.2166666666666666,661801.0073733634,3,1.931773593444151e-05,6.149026326620601e-06,4.198342307517781,4.198342307517781,False,0.01502045548753181,2.901611927592661e-07,730889718944623.2,3.0520871840430836e+16,CONVERGED
S4,S4_eta02_cons,"Asymmetric Filling (eta=0.2, beta->0)",1.2166666666666666,661801.0073733634,4,2.786275697931757,0.8868991002853196,2.032218283272725e-08,2.032218283272725e-08,True,-0.9375362519370707,0.34788753306122466,730889718944623.2,3.0520871840430836e+16,CONVERGED
S4,S4_eta02_cons,"Asymmetric Filling (eta=0.2, beta->0)",1.2343434343434343,671416.215035492,0,2.8356710952297752,0.9026221435772548,-2.2320749258984021e-07,2.2320749258984021e-07,True,-0.9535700227280957,-0.30117214042707197,752281975016894.2,1.6453708231900574e+16,CONVERGED
S4,S4_eta02_cons,"Asymmetric Filling (eta=0.2, beta->0)",1.2343434343434343,671416.215035492,1,1.603236689941212e-06,5.103260883008645e-07,3.518393908953216,3.518393908953216,False,0.02964701275240589,-4.7531178591852845e-08,752281975016894.2,1.6453708231900574e+16,CONVERGED
S4,S4_eta02_cons,"Asymmetric Filling (eta=0.2, beta->0)",1.2343434343434343,671416.215035492,2,0.00013775138633440905,4.384762810576512e-05,0.7011627367064577,0.7011627367064577,False,0.49600823667565186,-6.832582266752767e-05,752281975016894.2,1.6453708231900574e+16,CONVERGED
S4,S4_eta02_cons,"Asymmetric Filling (eta=0.2, beta->0)",1.2343434343434343,671416.215035492,3,0.002076577977505881,0.0006609952996716632,4.210568726793489,4.210568726793489,False,0.014837895219335968,3.081209073407932e-05,752281975016894.2,1.6453708231900574e+16,CONVERGED
S4,S4_eta02_cons,"Asymmetric Filling (eta=0.2, beta->0)",1.2343434343434343,671416.215035492,4,2.8356711619229094,0.9026221648063387,1.7296994586524586e-07,1.7296994586524586e-07,True,-0.9535696650313453,0.30117195751293974,752281975016894.2,1.6453708231900574e+16,CONVERGED
S4,S4_eta02_cons,"Asymmetric Filling (eta=0.2, beta->0)",1.252020202020202,681031.4226976206,0,2.890576206559773,0.9200989833156148,-1.1177233220787398e-08,1.1177233220787398e-08,True,-0.9686604590383441,0.24838868221014263,773982794436585.9,1.0492555174350968e+16,CONVERGED
S4,S4_eta02_cons,"Asymmetric Filling (eta=0.2, beta->0)",1.252020202020202,681031.4226976206,1,4.630419866707443e-07,1.4739084207548094e-07,3.528515672503538,3.528515672503538,False,0.029348446258126496,1.3589562861063437e-08,773982794436585.9,1.0492555174350968e+16,CONVERGED
S4,S4_eta02_cons,"Asymmetric Filling (eta=0.2, beta->0)",1.252020202020202,681031.4226976206,2,1.7089808332049516e-06,5.439854945077479e-07,0.8317612951989927,0.8317612951989927,False,0.4352819507569665,-7.438885108844415e-07,773982794436585.9,1.0492555174350968e+16,CONVERGED
S4,S4_eta02_cons,"Asymmetric Filling (eta=0.2, beta->0)",1.252020202020202,681031.4226976206,3,2.2786543186154312e-06,7.25318196810681e-07,4.227013866398057,4.227013866398057,False,0.0145959108772024,-3.325903535452076e-08,773982794436585.9,1.0492555174350968e+16,CONVERGED
S4,S4_eta02_cons,"Asymmetric Filling (eta=0.2, beta->0)",1.252020202020202,681031.4226976206,4,2.890576142339078,0.9200989628735327,3.845703441735984e-08,3.845703441735984e-08,True,-0.9686603950078978,-0.24838873208959686,773982794436585.9,1.0492555174350968e+16,CONVERGED
S4,S4_eta02_cons,"Asymmetric Filling (eta=0.2, beta->0)",1.2696969696969698,690646.6303597492,0,2.9558667544754016,0.9408816101915158,-2.3668527867154758e-07,2.3668527867154758e-07,True,-0.9828026976620233,-0.18466004126209587,795992177203707.6,1.8495337147002828e+16,CONVERGED
S4,S4_eta02_cons,"Asymmetric Filling (eta=0.2, beta->0)",1.2696969696969698,690646.6303597492,1,1.6556087553784936e-07,5.269966344894156e-08,3.5385882551850196,3.5385882551850196,False,0.029054315422000813,4.8102578994193375e-09,795992177203707.6,1.8495337147002828e+16,CONVERGED
S4,S4_eta02_cons,"Asymmetric Filling (eta=0.2, beta->0)",1.2696969696969698,690646.6303597492,2,2.7242691871532283e-06,8.671618148967521e-07,0.9412927314807128,0.9412927314807128,False,0.390123184716227,1.0628005713191337e-06,795992177203707.6,1.8495337147002828e+16,CONVERGED
S4,S4_eta02_cons,"Asymmetric Filling (eta=0.2, beta->0)",1.2696969696969698,690646.6303597492,3,3.8940103310823085e-06,1.2395019852853146e-06,4.241104021265564,4.241104021265564,False,0.01439169433243248,-5.604140641255404e-08,795992177203707.6,1.8495337147002828e+16,CONVERGED
S4,S4_eta02_cons,"Asymmetric Filling (eta=0.2, beta->0)",1.2696969696969698,690646.6303597492,4,2.9558667225542345,0.9408816000306928,3.4699470105146833e-07,3.4699470105146833e-07,True,-0.982802118125371,0.18465996485194897,795992177203707.6,1.8495337147002828e+16,CONVERGED
S4,S4_eta02_cons,"Asymmetric Filling (eta=0.2, beta->0)",1.2873737373737373,700261.8380218776,0,3.052020160481213,0.9714881899134095,-1.1167382342115167e-08,1.1167382342115167e-08,True,-0.9959910768213838,0.08945276533984485,818310123318272.0,1.6572434289382132e+16,CONVERGED
S4,S4_eta02_cons,"Asymmetric Filling (eta=0.2, beta->0)",1.2873737373737373,700261.8380218776,1,4.848461910593617e-06,1.5433133589274986e-06,3.5486044426678025,3.5486044426678025,False,0.028764754520172842,-1.3946481665972644e-07,818310123318272.0,1.6572434289382132e+16,CONVERGED
S4,S4_eta02_cons,"Asymmetric Filling (eta=0.2, beta->0)",1.2873737373737373,700261.8380218776,2,5.841408964916928e-06,1.859378222775682e-06,1.0363970638233055,1.0363970638233055,False,0.35473045349481913,2.0721256511972524e-06,818310123318272.0,1.6572434289382132e+16,CONVERGED
S4,S4_eta02_cons,"Asymmetric Filling (eta=0.2, beta->0)",1.2873737373737373,700261.8380218776,3,1.320926322710263e-05,4.20463907439077e-06,4.255033129007816,4.255033129007816,False,0.014192620549113823,-1.8747406072653413e-07,818310123318272.0,1.6572434289382132e+16,CONVERGED
S4,S4_eta02_cons,"Asymmetric Filling (eta=0.2, beta->0)",1.2873737373737373,700261.8380218776,4,3.0520201984279662,0.9714882019922362,2.7521406273789773e-07,2.7521406273789773e-07,True,-0.9959907949825011,-0.08945270192761919,818310123318272.0,1.6572434289382132e+16,CONVERGED
S4,S4_eta02_cons,"Asymmetric Filling (eta=0.2, beta->0)",1.305050505050505,709877.0456840061,0,3.141592621339197,0.9999999897343165,-0.12814572033235147,0.12814572033235147,False,-1.1367186336459532,-3.665985375622795e-08,840936632780229.9,1.2731189618773762e+16,CONVERGED
S4,S4_eta02_cons,"Asymmetric Filling (eta=0.2, beta->0)",1.305050505050505,709877.0456840061,1,1.2641266656183846e-06,4.0238401505488285e-07,3.5585872684783633,3.5585872684783633,False,0.02847902953089298,-3.600110064095443e-08,840936632780229.9,1.2731189618773762e+16,CONVERGED
S4,S4_eta02_cons,"Asymmetric Filling (eta=0.2, beta->0)",1.305050505050505,709877.0456840061,2,1.0145178757814475e-06,3.229310695714137e-07,1.1207173226301246,1.1207173226301246,False,0.3260458306662887,-3.3077932353507424e-07,840936632780229.9,1.2731189618773762e+16,CONVERGED
S4,S4_eta02_cons,"Asymmetric Filling (eta=0.2, beta->0)",1.305050505050505,709877.0456840061,3,3.6210627132822874e-07,1.1526200601292531e-07,-1.1207177200096088,1.1207177200096088,False,3.0670547000568567,1.1105997413973559e-06,840936632780229.9,1.2731189618773762e+16,CONVERGED
S4,S4_eta02_cons,"Asymmetric Filling (eta=0.2, beta->0)",1.305050505050505,709877.0456840061,4,3.1415926117235324,0.9999999866735553,0.12814722556263403,0.12814722556263403,False,-0.8797238517709672,3.683074826137485e-08,840936632780229.9,1.2731189618773762e+16,CONVERGED
S4,S4_eta02_cons,"Asymmetric Filling (eta=0.2, beta->0)",1.3227272727272728,719492.2533461349,0,3.14159257180081,0.9999999739657581,-0.19712160621355457,0.19712160621355457,False,-1.217892134952181,-9.961015919805499e-08,863871705589630.4,2.8121179208221436e+16,CONVERGED
S4,S4_eta02_cons,"Asymmetric Filling (eta=0.2, beta->0)",1.3227272727272728,719492.2533461349,1,4.913668941350351e-07,1.5640694014660576e-07,3.568513865990428,3.568513865990428,False,0.028197728159856644,-1.3855430107573893e-08,863871705589630.4,2.8121179208221436e+16,CONVERGED
S4,S4_eta02_cons,"Asymmetric Filling (eta=0.2, beta->0)",1.3227272727272728,719492.2533461349,2,5.240514494772733e-06,1.6681075723756141e-06,1.196605600310557,1.196605600310557,False,0.3022183225845978,-1.5837795001049848e-06,863871705589630.4,2.8121179208221436e+16,CONVERGED
S4,S4_eta02_cons,"Asymmetric Filling (eta=0.2, beta->0)",1.3227272727272728,719492.2533461349,3,1.4318124356850453e-07,4.557600534394429e-08,-1.196599873647264,1.196599873647264,False,3.308847275662585,-4.737648677076305e-07,863871705589630.4,2.8121179208221436e+16,CONVERGED
S4,S4_eta02_cons,"Asymmetric Filling (eta=0.2, beta->0)",1.3227272727272728,719492.2533461349,4,3.14159259708633,0.999999982014389,0.1971223487371804,0.1971223487371804,False,-0.8210901678217247,4.639443830497418e-08,863871705589630.4,2.8121179208221436e+16,CONVERGED
S4,S4_eta02_cons,"Asymmetric Filling (eta=0.2, beta->0)",1.3404040404040405,729107.4610082634,0,3.141592649675487,0.9999999987540377,-0.24351351084939174,0.24351351084939174,False,-1.2757235538330287,-4.993572684212697e-09,887115341746461.2,5.225069878469084e+16,CONVERGED
S4,S4_eta02_cons,"Asymmetric Filling (eta=0.2, beta->0)",1.3404040404040405,729107.4610082634,1,2.0284633837925866e-07,6.456799488230052e-08,3.5783863210330806,3.5783863210330806,False,0.02792071699633802,-5.6636152076307784e-09,887115341746461.2,5.225069878469084e+16,CONVERGED
S4,S4_eta02_cons,"Asymmetric Filling (eta=0.2, beta->0)",1.3404040404040405,729107.4610082634,2,2.011045957463678e-06,6.401358098306358e-07,1.2655516996233063,1.2655516996233063,False,0.28208362777162843,-5.67283139297587e-07,887115341746461.2,5.225069878469084e+16,CONVERGED
S4,S4_eta02_cons,"Asymmetric Filling (eta=0.2, beta->0)",1.3404040404040405,729107.4610082634,3,2.2797987485295262e-07,7.25682480166382e-08,-1.2655560737052485,1.2655560737052485,False,3.545063504710213,8.08203134149618e-07,887115341746461.2,5.225069878469084e+16,CONVERGED
S4,S4_eta02_cons,"Asymmetric Filling (eta=0.2, beta->0)",1.3404040404040405,729107.4610082634,4,3.1415926045340745,0.9999999843850798,0.24351662712190109,0.24351662712190109,False,-0.7838664424810238,-3.84531318642303e-08,887115341746461.2,5.225069878469084e+16,CONVERGED
S4,S4_eta02_cons,"Asymmetric Filling (eta=0.2, beta->0)",1.358080808080808,738722.6686703919,0,3.1415924295089215,0.9999999286728433,-0.2788590895347021,0.2788590895347021,False,-1.321621100503775,2.9615000812190974e-07,910667541250725.5,9.402292172975678e+16,CONVERGED
S4,S4_eta02_cons,"Asymmetric Filling (eta=0.2, beta->0)",1.358080808080808,738722.6686703919,1,5.586558437485236e-07,1.778256780395021e-07,3.588194015501609,3.588194015501609,False,0.027648217614358483,-1.544583833949384e-08,910667541250725.5,9.402292172975678e+16,CONVERGED
S4,S4_eta02_cons,"Asymmetric Filling (eta=0.2, beta->0)",1.358080808080808,738722.6686703919,2,9.954145902451968e-06,3.1685030492663323e-06,1.328681686146488,1.328681686146488,False,0.2648261552495565,2.6361181882265482e-06,910667541250725.5,9.402292172975678e+16,CONVERGED
S4,S4_eta02_cons,"Asymmetric Filling (eta=0.2, beta->0)",1.358080808080808,738722.6686703919,3,8.198735626186844e-07,2.609738604022524e-07,-1.3286776740298651,1.3286776740298651,False,3.77604691990944,-3.0958810408421563e-06,910667541250725.5,9.402292172975678e+16,CONVERGED
S4,S4_eta02_cons,"Asymmetric Filling (eta=0.2, beta->0)",1.358080808080808,738722.6686703919,4,3.141591955133751,0.9999997776745366,0.2788672044307834,0.2788672044307834,False,-0.7566403750329038,-5.284800420742474e-07,910667541250725.5,9.402292172975678e+16,CONVERGED
S4,S4_eta02_cons,"Asymmetric Filling (eta=0.2, beta->0)",1.3757575757575757,748337.8763325205,0,3.1415923747661645,0.9999999112476825,-0.3070196524195292,0.3070196524195292,False,-1.359367682673418,3.7902383033083935e-07,934528304102388.2,2.360005305750701e+16,CONVERGED
S4,S4_eta02_cons,"Asymmetric Filling (eta=0.2, beta->0)",1.3757575757575757,748337.8763325205,1,9.824166401625323e-05,3.127129289151977e-05,3.5978035994850757,3.5978035994850757,False,0.02738380210869088,-2.690230294904428e-06,934528304102388.2,2.360005305750701e+16,CONVERGED
S4,S4_eta02_cons,"Asymmetric Filling (eta=0.2, beta->0)",1.3757575757575757,748337.8763325205,2,3.117420869938896e-06,9.923058822972238e-07,1.3867636410027286,1.3867636410027286,False,0.2498827075517217,-7.789895675610985e-07,934528304102388.2,2.360005305750701e+16,CONVERGED
S4,S4_eta02_cons,"Asymmetric Filling (eta=0.2, beta->0)",1.3757575757575757,748337.8763325205,3,3.900227074034368e-06,1.2414808360268186e-06,-1.3867676628974186,1.3867676628974186,False,4.001893655179512,-1.5608293981416634e-05,934528304102388.2,2.360005305750701e+16,CONVERGED
S4,S4_eta02_cons,"Asymmetric Filling (eta=0.2, beta->0)",1.3757575757575757,748337.8763325205,4,3.141565034556124,0.9999912085885363,0.3070735333772733,0.3070735333772733,False,-0.7355965077423555,-2.031646471952215e-05,934528304102388.2,2.360005305750701e+16,CONVERGED
S4,S4_eta02_cons,"Asymmetric Filling (eta=0.2, beta->0)",1.3934343434343435,757953.0839946492,0,3.1415926339025715,0.9999999937333627,-0.32985904348585887,0.32985904348585887,False,-1.3907720762628524,-2.7380438067499392e-08,958697630301498.4,1.3294343465899908e+16,CONVERGED
S4,S4_eta02_cons,"Asymmetric Filling (eta=0.2, beta->0)",1.3934343434343435,757953.0839946492,1,5.946025707170012e-07,1.89267876609518e-07,3.6077196587085756,3.6077196587085756,False,0.027113604697468943,1.6121819054521495e-08,958697630301498.4,1.3294343465899908e+16,CONVERGED
S4,S4_eta02_cons,"Asymmetric Filling (eta=0.2, beta->0)",1.3934343434343435,757953.0839946492,2,5.304252631808592e-06,1.6883960515210652e-06,1.4404457793431134,1.4404457793431134,False,0.23682216471571202,1.256164590475704e-06,958697630301498.4,1.3294343465899908e+16,CONVERGED
S4,S4_eta02_cons,"Asymmetric Filling (eta=0.2, beta->0)",1.3934343434343435,757953.0839946492,3,1.1626253080361756e-07,3.7007512947538965e-08,-1.4404343910114814,1.4404343910114814,False,4.222529647592553,-4.909219832224198e-07,958697630301498.4,1.3294343465899908e+16,CONVERGED
S4,S4_eta02_cons,"Asymmetric Filling (eta=0.2, beta->0)",1.3934343434343435,757953.0839946492,4,3.141592614079589,0.9999999874235115,0.32985908235016503,0.32985908235016503,False,-0.7190250496133028,2.8408826485499096e-08,958697630301498.4,1.3294343465899908e+16,CONVERGED
S4,S4_eta02_cons,"Asymmetric Filling (eta=0.2, beta->0)",1.4111111111111112,767568.2916567777,0,3.1415925755122767,0.9999999751471547,-0.34844156080527433,0.34844156080527433,False,-1.416857740478604,1.1062473388206251e-07,983175519848023.9,4.4287122702515496e+16,CONVERGED
S4,S4_eta02_cons,"Asymmetric Filling (eta=0.2, beta->0)",1.4111111111111112,767568.2916567777,1,0.00027054747961590255,8.611793744384937e-05,3.6160946282156856,3.6160946282156856,False,0.02688747632757337,7.274339131141247e-06,983175519848023.9,4.4287122702515496e+16,CONVERGED
S4,S4_eta02_cons,"Asymmetric Filling (eta=0.2, beta->0)",1.4111111111111112,767568.2916567777,2,3.96809241176761e-06,1.2630830439565114e-06,1.4901687326673108,1.4901687326673108,False,0.2253346310164363,8.941486394494682e-07,983175519848023.9,4.4287122702515496e+16,CONVERGED
S4,S4_eta02_cons,"Asymmetric Filling (eta=0.2, beta->0)",1.4111111111111112,767568.2916567777,3,1.8291545073722274e-06,5.822379630542214e-07,-1.4901641599575244,1.4901641599575244,False,4.437823972197959,-8.117465721679473e-06,983175519848023.9,4.4287122702515496e+16,CONVERGED
S4,S4_eta02_cons,"Asymmetric Filling (eta=0.2, beta->0)",1.4111111111111112,767568.2916567777,4,3.14153319169243,0.9999810726902181,0.34872864989315355,0.34872864989315355,False,-0.7055845634955559,4.1955396945182284e-05,983175519848023.9,4.4287122702515496e+16,CONVERGED
S4,S4_eta02_cons,"Asymmetric Filling (eta=0.2, beta->0)",1.4287878787878787,777183.4993189061,0,3.1415925640745703,0.9999999715064196,-0.36343953878013646,0.36343953878013646,False,-1.4382678948449588,-1.2874687142263568e-07,1007961972741985.5,1.4207630973223176e+16,CONVERGED
S4,S4_eta02_cons,"Asymmetric Filling (eta=0.2, beta->0)",1.4287878787878787,777183.4993189061,1,8.059183738842477e-06,2.5653178586452053e-06,3.626987370521233,3.626987370521233,False,0.026596188297373664,-2.14343568246027e-07,1007961972741985.5,1.4207630973223176e+16,CONVERGED
S4,S4_eta02_cons,"Asymmetric Filling (eta=0.2, beta->0)",1.4287878787878787,777183.4993189061,2,2.6410154045376623e-05,8.406613128280212e-06,1.5363238451144574,1.5363238451144574,False,0.21517064984742534,-5.682690009835515e-06,1007961972741985.5,1.4207630973223176e+16,CONVERGED
S4,S4_eta02_cons,"Asymmetric Filling (eta=0.2, beta->0)",1.4287878787878787,777183.4993189061,3,1.1896915554611607e-06,3.78690583612659e-07,-1.5363384134299793,1.5363384134299793,False,4.6475417013485645,-5.529141115750592e-06,1007961972741985.5,1.4207630973223176e+16,CONVERGED
S4,S4_eta02_cons,"Asymmetric Filling (eta=0.2, beta->0)",1.4287878787878787,777183.4993189061,4,3.141591485918052,0.999999628318541,0.363444569208775,0.363444569208775,False,-0.6952772659165315,-8.11855615646822e-07,1007961972741985.5,1.4207630973223176e+16,CONVERGED
S4,S4_eta02_cons,"Asymmetric Filling (eta=0.2, beta->0)",1.4464646464646465,786798.7069810347,0,3.141592572064806,0.9999999740497906,-0.37529176271850057,0.37529176271850057,False,-1.455415988803168,1.186527700079133e-07,1033056988983365.8,1.1898674421903388e+16,CONVERGED
S4,S4_eta02_cons,"Asymmetric Filling (eta=0.2, beta->0)",1.4464646464646465,786798.7069810347,1,3.306125296440598e-06,1.052372366819358e-06,3.636574056050635,3.636574056050635,False,0.02634243726368528,8.709139820768667e-08,1033056988983365.8,1.1898674421903388e+16,CONVERGED
S4,S4_eta02_cons,"Asymmetric Filling (eta=0.2, beta->0)",1.4464646464646465,786798.7069810347,2,6.32183695692848e-06,2.012303202232386e-06,1.57927575789798,1.57927575789798,False,0.20612432807160697,-1.303084394942495e-06,1033056988983365.8,1.1898674421903388e+16,CONVERGED
S4,S4_eta02_cons,"Asymmetric Filling (eta=0.2, beta->0)",1.4464646464646465,786798.7069810347,3,2.418301191777021e-08,7.69769177112669e-09,-1.5792762915482756,1.5792762915482756,False,4.851443509778514,-1.1732251621536276e-07,1033056988983365.8,1.1898674421903388e+16,CONVERGED
S4,S4_eta02_cons,"Asymmetric Filling (eta=0.2, beta->0)",1.4464646464646465,786798.7069810347,4,3.141592278472853,0.9999998805965694,0.37529402745253293,0.37529402745253293,False,-0.6870872265810317,2.577380580103652e-07,1033056988983365.8,1.1898674421903388e+16,CONVERGED
S4,S4_eta02_cons,"Asymmetric Filling (eta=0.2, beta->0)",1.4641414141414142,796413.9146431634,0,3.1415925779311764,0.9999999759171143,-0.38430131538143,0.38430131538143,False,-1.468587883139601,1.1111132797065164e-07,1058460568572181.5,1.204069751448168e+16,CONVERGED
S4,S4_eta02_cons,"Asymmetric Filling (eta=0.2, beta->0)",1.4641414141414142,796413.9146431634,1,5.702215555766392e-07,1.815071584551441e-07,3.6461023547955214,3.6461023547955214,False,0.026092630657852476,-1.4878580442808958e-08,1058460568572181.5,1.204069751448168e+16,CONVERGED
S4,S4_eta02_cons,"Asymmetric Filling (eta=0.2, beta->0)",1.4641414141414142,796413.9146431634,2,3.625082115405115e-08,1.1538994755614974e-08,1.619231523775799,1.619231523775799,False,0.1980508379787352,-7.179505506977094e-09,1058460568572181.5,1.204069751448168e+16,CONVERGED
S4,S4_eta02_cons,"Asymmetric Filling (eta=0.2, beta->0)",1.4641414141414142,796413.9146431634,3,8.741370461315668e-11,2.78246463663174e-11,-1.6192266994506874,1.6192266994506874,False,5.049184269515156,4.4136790227279516e-10,1058460568572181.5,1.204069751448168e+16,CONVERGED
S4,S4_eta02_cons,"Asymmetric Filling (eta=0.2, beta->0)",1.4641414141414142,796413.9146431634,4,3.141592632494549,0.9999999932851752,0.384301732943611,0.384301732943611,False,-0.6809259383919656,-1.4364299031756893e-08,1058460568572181.5,1.204069751448168e+16,CONVERGED
S4,S4_eta02_cons,"Asymmetric Filling (eta=0.2, beta->0)",1.4818181818181817,806029.1223052919,0,3.1415926418482867,0.9999999962625624,-0.39067514630741684,0.39067514630741684,False,-1.4779783087080927,-1.7353691811286213e-08,1084172711508409.2,2.142554986741393e+16,CONVERGED
S4,S4_eta02_cons,"Asymmetric Filling (eta=0.2, beta->0)",1.4818181818181817,806029.1223052919,1,5.017103758797708e-07,1.596993726435167e-07,3.6555720836523506,3.6555720836523506,False,0.025846706774391687,1.2967560971035359e-08,1084172711508409.2,2.142554986741393e+16,CONVERGED
S4,S4_eta02_cons,"Asymmetric Filling (eta=0.2, beta->0)",1.4818181818181817,806029.1223052919,2,1.1139658938227296e-05,3.545863568753377e-06,1.6564023483989447,1.6564023483989447,False,0.1908242658664587,-2.1257172389778867e-06,1084172711508409.2,2.142554986741393e+16,CONVERGED
S4,S4_eta02_cons,"Asymmetric Filling (eta=0.2, beta->0)",1.4818181818181817,806029.1223052919,3,2.9638601880972467e-07,9.43425999137903e-08,-1.6564069861129849,1.6564069861129849,False,5.2404479751150745,1.5531955121238856e-06,1084172711508409.2,2.142554986741393e+16,CONVERGED
S4,S4_eta02_cons,"Asymmetric Filling (eta=0.2, beta->0)",1.4818181818181817,806029.1223052919,4,3.141592607115277,0.9999999852067021,0.3906750833897518,0.3906750833897518,False,-0.6765999588936933,3.1444655902278964e-08,1084172711508409.2,2.142554986741393e+16,CONVERGED
S4,S4_eta02_cons,"Asymmetric Filling (eta=0.2, beta->0)",1.4994949494949494,815644.3299674204,0,3.1415926310955604,0.9999999928398634,-0.3945489852026411,0.3945489852026411,False,-1.483714862635669,-3.337502772843218e-08,1110193417792075.9,9859140097586918.0,CONVERGED
S4,S4_eta02_cons,"Asymmetric Filling (eta=0.2, beta->0)",1.4994949494949494,815644.3299674204,1,3.426684229097406e-08,1.0907474669517859e-08,3.6649858008836196,3.6649858008836196,False,0.02560453484290163,8.773865573954607e-10,1110193417792075.9,9859140097586918.0,CONVERGED
S4,S4_eta02_cons,"Asymmetric Filling (eta=0.2, beta->0)",1.4994949494949494,815644.3299674204,2,8.538472098195582e-06,2.7178800817601082e-06,1.6909935507588605,1.6909935507588605,False,0.18433628551661574,1.5739502306068879e-06,1110193417792075.9,9859140097586918.0,CONVERGED
S4,S4_eta02_cons,"Asymmetric Filling (eta=0.2, beta->0)",1.4994949494949494,815644.3299674204,3,1.969092092293083e-08,6.267814797832135e-09,-1.6909986782789057,1.6909986782789057,False,5.424895726276308,1.0682119276125221e-07,1110193417792075.9,9859140097586918.0,CONVERGED
S4,S4_eta02_cons,"Asymmetric Filling (eta=0.2, beta->0)",1.4994949494949494,815644.3299674204,4,3.1415925903794046,0.9999999798795084,0.39454907252275484,0.39454907252275484,False,-0.6739838885912953,4.260278351796371e-08,1110193417792075.9,9859140097586918.0,CONVERGED
S4,S4_eta02_cons,"Asymmetric Filling (eta=0.2, beta->0)",1.5171717171717172,825259.537629549,0,3.1415926083364627,0.9999999855954176,-0.39600379590511187,0.39600379590511187,False,-1.485874957781031,6.724079071480501e-08,1136522687423158.0,2.565729835996642e+16,CONVERGED
S4,S4_eta02_cons,"Asymmetric Filling (eta=0.2, beta->0)",1.5171717171717172,825259.537629549,1,1.178228981089326e-08,3.7504193286898705e-09,-3.674348804985384,3.674348804985384,False,39.42297645090557,-4.6449293375258967e-07,1136522687423158.0,2.565729835996642e+16,CONVERGED
S4,S4_eta02_cons,"Asymmetric Filling (eta=0.2, beta->0)",1.5171717171717172,825259.537629549,2,1.2148855963175811e-05,3.867100958901759e-06,1.7231491185980876,1.7231491185980876,False,0.17850313432518256,2.1686088679987585e-06,1136522687423158.0,2.565729835996642e+16,CONVERGED
S4,S4_eta02_cons,"Asymmetric Filling (eta=0.2, beta->0)",1.5171717171717172,825259.537629549,3,2.4499773885860107e-07,7.798520237136738e-08,-1.7231527473903385,1.7231527473903385,False,5.602162855601638,1.3725172323400725e-06,1136522687423158.0,2.565729835996642e+16,CONVERGED
S4,S4_eta02_cons,"Asymmetric Filling (eta=0.2, beta->0)",1.5171717171717172,825259.537629549,4,3.1415926336034814,0.9999999936381594,0.39600368333045993,0.39600368333045993,False,-0.6730042170358888,1.3450872078827352e-08,1136522687423158.0,2.565729835996642e+16,CONVERGED
S4,S4_eta02_cons,"Asymmetric Filling (eta=0.2, beta->0)",1.534848484848485,834874.7452916778,0,3.1415904404124593,0.9999992955237748,-0.3950565549844354,0.3950565549844354,False,-1.4844681426160133,3.285391246267015e-06,1163160520401672.0,1.0817032116086058e+16,CONVERGED
S4,S4_eta02_cons,"Asymmetric Filling (eta=0.2, beta->0)",1.534848484848485,834874.7452916778,1,0.00022830495298685434,7.267172360044128e-05,3.6820479354995848,3.6820479354995848,False,0.025171372010642956,5.746749003350685e-06,1163160520401672.0,1.0817032116086058e+16,CONVERGED
S4,S4_eta02_cons,"Asymmetric Filling (eta=0.2, beta->0)",1.534848484848485,834874.7452916778,2,1.0818143273865313e-05,3.4435219542240084e-06,1.7529810984092942,1.7529810984092942,False,0.17325667760716226,1.8743155615812918e-06,1163160520401672.0,1.0817032116086058e+16,CONVERGED
S4,S4_eta02_cons,"Asymmetric Filling (eta=0.2, beta->0)",1.534848484848485,834874.7452916778,3,1.343792170038969e-06,4.277423326997733e-07,-1.7529991290001061,1.7529991290001061,False,5.771887378340241,7.756217065365036e-06,1163160520401672.0,1.0817032116086058e+16,CONVERGED
S4,S4_eta02_cons,"Asymmetric Filling (eta=0.2, beta->0)",1.534848484848485,834874.7452916778,4,3.141579856948896,0.9999959267026924,0.3951621465967676,0.3951621465967676,False,-0.6735708131236002,8.619443815007585e-06,1163160520401672.0,1.0817032116086058e+16,CONVERGED
S4,S4_eta02_cons,"Asymmetric Filling (eta=0.2, beta->0)",1.5525252525252524,844489.952953806,0,3.1415915954849734,0.9999996631947753,-0.39172650018764743,0.39172650018764743,False,-1.4795330040613117,-1.5655010028242991e-06,1190106916727611.2,8.335582337312048e+16,CONVERGED
S4,S4_eta02_cons,"Asymmetric Filling (eta=0.2, beta->0)",1.5525252525252524,844489.952953806,1,0.00011266312143891748,3.586178536233241e-05,3.6916130401833067,3.6916130401833067,False,0.024931753511143486,-2.8088891853955063e-06,1190106916727611.2,8.335582337312048e+16,CONVERGED
S4,S4_eta02_cons,"Asymmetric Filling (eta=0.2, beta->0)",1.5525252525252524,844489.952953806,2,4.299945969435837e-06,1.3687153121275708e-06,1.7806463775515573,1.7806463775515573,False,0.16852917857555882,-7.246663621527728e-07,1190106916727611.2,8.335582337312048e+16,CONVERGED
S4,S4_eta02_cons,"Asymmetric Filling (eta=0.2, beta->0)",1.5525252525252524,844489.952953806,3,4.128807456571544e-07,1.3142402315760745e-07,-1.7806493585411107,1.7806493585411107,False,5.933708271985214,-2.4499138958494196e-06,1190106916727611.2,8.335582337312048e+16,CONVERGED
S4,S4_eta02_cons,"Asymmetric Filling (eta=0.2, beta->0)",1.5525252525252524,844489.952953806,4,3.1415883706278085,0.9999986366908581,0.391789015246945,0.391789015246945,False,-0.6758466922604449,-2.894625690363578e-06,1190106916727611.2,8.335582337312048e+16,CONVERGED
S4,S4_eta02_cons,"Asymmetric Filling (eta=0.2, beta->0)",1.5702020202020202,854105.1606159348,0,3.1415921332669487,0.9999998343760946,-0.3859383027620459,0.3859383027620459,False,-1.4709939117533786,-7.653917365040158e-07,1217361876400978.8,2.899998560880758e+16,CONVERGED
S4,S4_eta02_cons,"Asymmetric Filling (eta=0.2, beta->0)",1.5702020202020202,854105.1606159348,1,3.774513684089513e-05,1.2014650211816933e-05,3.7010706157390825,3.7010706157390825,False,0.024697071220402735,-9.321943332261318e-07,1217361876400978.8,2.899998560880758e+16,CONVERGED
S4,S4_eta02_cons,"Asymmetric Filling (eta=0.2, beta->0)",1.5702020202020202,854105.1606159348,2,8.560499843041548e-06,2.724891730714913e-06,1.8062036269559418,1.8062036269559418,False,0.1642766097723909,1.4062898922063018e-06,1217361876400978.8,2.899998560880758e+16,CONVERGED
S4,S4_eta02_cons,"Asymmetric Filling (eta=0.2, beta->0)",1.5702020202020202,854105.1606159348,3,1.2066405687298412e-07,3.8408562209714025e-08,-1.8061963292282643,1.8061963292282643,False,6.0872494486452835,-7.345122136713793e-07,1217361876400978.8,2.899998560880758e+16,CONVERGED
S4,S4_eta02_cons,"Asymmetric Filling (eta=0.2, beta->0)",1.5702020202020202,854105.1606159348,4,3.1415919346869248,0.9999997711661098,0.3859706709602943,0.3859706709602943,False,-0.6797904629892535,-4.88703313944243e-07,1217361876400978.8,2.899998560880758e+16,CONVERGED
S4,S4_eta02_cons,"Asymmetric Filling (eta=0.2, beta->0)",1.587878787878788,863720.3682780633,0,3.141592338367689,0.999999899661688,-0.3775808995487054,0.3775808995487054,False,-1.458751451354899,4.5983070173141963e-07,1244925399421769.8,1.4257552866999512e+16,CONVERGED
S4,S4_eta02_cons,"Asymmetric Filling (eta=0.2, beta->0)",1.587878787878788,863720.3682780633,1,4.8808747930761555e-06,1.553630699861404e-06,3.710460853840306,3.710460853840306,False,0.024466245309705904,1.1941668001430956e-07,1244925399421769.8,1.4257552866999512e+16,CONVERGED
S4,S4_eta02_cons,"Asymmetric Filling (eta=0.2, beta->0)",1.587878787878788,863720.3682780633,2,3.5622312417967206e-06,1.1338934211366576e-06,1.8297295578647557,1.8297295578647557,False,0.1604569562287147,5.715847824439541e-07,1244925399421769.8,1.4257552866999512e+16,CONVERGED
S4,S4_eta02_cons,"Asymmetric Filling (eta=0.2, beta->0)",1.587878787878788,863720.3682780633,3,2.729010798394475e-07,8.686711166312812e-08,-1.82972361982293,1.82972361982293,False,6.232163973894876,1.7007642782124563e-06,1244925399421769.8,1.4257552866999512e+16,CONVERGED
S4,S4_eta02_cons,"Asymmetric Filling (eta=0.2, beta->0)",1.587878787878788,863720.3682780633,4,3.141592650776387,0.999999999104465,0.3775924697563251,0.3775924697563251,False,-0.6855098097283596,1.9286174842459767e-09,1244925399421769.8,1.4257552866999512e+16,CONVERGED
S4,S4_eta02_cons,"Asymmetric Filling (eta=0.2, beta->0)",1.6055555555555556,873335.5759401919,0,3.1415926467886837,0.9999999978351396,-0.3664785614002792,0.3664785614002792,False,-1.4426454719199495,9.811589952924225e-09,1272797485789987.2,1.3566713396508144e+16,CONVERGED
S4,S4_eta02_cons,"Asymmetric Filling (eta=0.2, beta->0)",1.6055555555555556,873335.5759401919,1,4.353027586594834e-06,1.3856117156439028e-06,3.719728714420885,3.719728714420885,False,0.024240543063303286,-1.0551975266926574e-07,1272797485789987.2,1.3566713396508144e+16,CONVERGED
S4,S4_eta02_cons,"Asymmetric Filling (eta=0.2, beta->0)",1.6055555555555556,873335.5759401919,2,2.6007957422207663e-05,8.278589966935796e-06,1.8512919976523619,1.8512919976523619,False,0.15703414738896995,4.084137420045869e-06,1272797485789987.2,1.3566713396508144e+16,CONVERGED
S4,S4_eta02_cons,"Asymmetric Filling (eta=0.2, beta->0)",1.6055555555555556,873335.5759401919,3,5.677491594412265e-07,1.807201703226796e-07,-1.8512999804130248,1.8512999804130248,False,6.368092539625524,3.6154791866167243e-06,1272797485789987.2,1.3566713396508144e+16,CONVERGED
S4,S4_eta02_cons,"Asymmetric Filling (eta=0.2, beta->0)",1.6055555555555556,873335.5759401919,4,3.141592549548974,0.9999999668827787,0.36647715071431003,0.36647715071431003,False,-0.6931719747860876,7.211818020620464e-08,1272797485789987.2,1.3566713396508144e+16,CONVERGED
S4,S4_eta02_cons,"Asymmetric Filling (eta=0.2, beta->0)",1.6232323232323231,882950.7836023204,0,3.141592639302554,0.9999999954522306,-0.35237192676222356,0.35237192676222356,False,-1.4224374679101348,-2.032270419069289e-08,1300978135505630.0,1.863809874057675e+16,CONVERGED
S4,S4_eta02_cons,"Asymmetric Filling (eta=0.2, beta->0)",1.6232323232323231,882950.7836023204,1,1.4745488162657808e-06,4.6936346587800395e-07,3.728919714936197,3.728919714936197,False,0.024018768943927918,3.541684731445588e-08,1300978135505630.0,1.863809874057675e+16,CONVERGED
S4,S4_eta02_cons,"Asymmetric Filling (eta=0.2, beta->0)",1.6232323232323231,882950.7836023204,2,1.3124330155642314e-06,4.177604038080997e-07,1.8709890278388783,1.8709890278388783,False,0.15397130457802755,2.0207702357781546e-07,1300978135505630.0,1.863809874057675e+16,CONVERGED
S4,S4_eta02_cons,"Asymmetric Filling (eta=0.2, beta->0)",1.6232323232323231,882950.7836023204,3,6.432131408790883e-07,2.0474110166514113e-07,-1.8709835563183443,1.8709835563183443,False,6.4946811435672585,4.177464257362662e-06,1300978135505630.0,1.863809874057675e+16,CONVERGED
S4,S4_eta02_cons,"Asymmetric Filling (eta=0.2, beta->0)",1.6232323232323231,882950.7836023204,4,3.141592631614382,0.9999999930050093,0.3523626268650182,0.3523626268650182,False,-0.7030251399449403,-1.544926666451689e-08,1300978135505630.0,1.863809874057675e+16,CONVERGED
S4,S4_eta02_cons,"Asymmetric Filling (eta=0.2, beta->0)",1.6409090909090909,892565.9912644491,0,3.141592482762481,0.9999999456239776,-0.3348776166534771,0.3348776166534771,False,-1.3977693110683909,-2.3877717451506643e-07,1329467348568702.0,2.746999683117618e+16,CONVERGED
S4,S4_eta02_cons,"Asymmetric Filling (eta=0.2, beta->0)",1.6409090909090909,892565.9912644491,1,2.1593873941176586e-06,6.873543556483043e-07,3.7377686848451837,3.7377686848451837,False,0.023807165198637695,-5.140889241969477e-08,1329467348568702.0,2.746999683117618e+16,CONVERGED
S4,S4_eta02_cons,"Asymmetric Filling (eta=0.2, beta->0)",1.6409090909090909,892565.9912644491,2,1.5219229957614655e-05,4.844431355613258e-06,1.8888358552426454,1.8888358552426454,False,0.15124778068158254,-2.301874754949596e-06,1329467348568702.0,2.746999683117618e+16,CONVERGED
S4,S4_eta02_cons,"Asymmetric Filling (eta=0.2, beta->0)",1.6409090909090909,892565.9912644491,3,3.4069102709356904e-05,1.084453220579927e-05,-1.8886821682147117,1.8886821682147117,False,6.6106512081007125,0.000225218955071655,1329467348568702.0,2.746999683117618e+16,CONVERGED
S4,S4_eta02_cons,"Asymmetric Filling (eta=0.2, beta->0)",1.6409090909090909,892565.9912644491,4,3.141592592346577,0.9999999805056788,0.3348499351759959,0.3348499351759959,False,-0.715445441491504,4.381618012106142e-08,1329467348568702.0,2.746999683117618e+16,CONVERGED
S4,S4_eta02_cons,"Asymmetric Filling (eta=0.2, beta->0)",1.6585858585858586,902181.1989265776,0,3.141592588420657,0.9999999792560197,-0.3134308831914881,0.3134308831914881,False,-1.368110900034801,8.915860612343252e-08,1358265124979199.2,1.2265297286767924e+16,CONVERGED
S4,S4_eta02_cons,"Asymmetric Filling (eta=0.2, beta->0)",1.6585858585858586,902181.1989265776,1,4.826250537466604e-07,1.5362432592754532e-07,3.7470745752991808,3.7470745752991808,False,0.023586645982569286,1.1383506285041836e-08,1358265124979199.2,1.2265297286767924e+16,CONVERGED
S4,S4_eta02_cons,"Asymmetric Filling (eta=0.2, beta->0)",1.6585858585858586,902181.1989265776,2,1.4322726863750368e-05,4.559065557841901e-06,1.9048850346038764,1.9048850346038764,False,0.14883975304447034,-2.131791129469778e-06,1358265124979199.2,1.2265297286767924e+16,CONVERGED
S4,S4_eta02_cons,"Asymmetric Filling (eta=0.2, beta->0)",1.6585858585858586,902181.1989265776,3,0.00010652601175075013,3.390828267599442e-05,-1.9045426439694453,1.9045426439694453,False,6.716335130584279,-0.0007154643977489104,1358265124979199.2,1.2265297286767924e+16,CONVERGED
S4,S4_eta02_cons,"Asymmetric Filling (eta=0.2, beta->0)",1.6585858585858586,902181.1989265776,4,3.14159263937034,0.9999999954738075,0.31341283173128653,0.31341283173128653,False,-0.7309480917063742,-1.039368231333536e-08,1358265124979199.2,1.2265297286767924e+16,CONVERGED
S4,S4_eta02_cons,"Asymmetric Filling (eta=0.2, beta->0)",1.6762626262626263,911796.4065887061,0,3.1415926354912265,0.9999999942390473,-0.28713249407165686,0.28713249407165686,False,-1.3326007634805495,2.4118163716661514e-08,1387371464737125.5,1.4760155689313384e+16,CONVERGED
S4,S4_eta02_cons,"Asymmetric Filling (eta=0.2, beta->0)",1.6762626262626263,911796.4065887061,1,2.5047416897498376e-07,7.972840421840663e-08,3.756128098156714,3.756128098156714,False,0.02337406748818484,-5.854600129668406e-09,1387371464737125.5,1.4760155689313384e+16,CONVERGED
S4,S4_eta02_cons,"Asymmetric Filling (eta=0.2, beta->0)",1.6762626262626263,911796.4065887061,2,1.5276181108228593e-06,4.862559469883217e-07,1.9191159299320064,1.9191159299320064,False,0.1467366302665714,2.2415753391650658e-07,1387371464737125.5,1.4760155689313384e+16,CONVERGED
S4,S4_eta02_cons,"Asymmetric Filling (eta=0.2, beta->0)",1.6762626262626263,911796.4065887061,3,4.598606865658089e-05,1.4637820280116247e-05,-1.919328227138766,1.919328227138766,False,6.816377866028435,0.0003134584207573407,1387371464737125.5,1.4760155689313384e+16,CONVERGED
S4,S4_eta02_cons,"Asymmetric Filling (eta=0.2, beta->0)",1.6762626262626263,911796.4065887061,4,3.141592647465964,0.9999999980507247,0.28712187594615346,0.28712187594615346,False,-0.7504202650837456,4.5954454650617294e-09,1387371464737125.5,1.4760155689313384e+16,CONVERGED
S4,S4_eta02_cons,"Asymmetric Filling (eta=0.2, beta->0)",1.6939393939393939,921411.6142508347,0,3.141592574543184,0.9999999748386829,-0.2544765441479524,0.2544765441479524,False,-1.2897862979518848,1.0195323381542035e-07,1416786367842471.5,1.2607915135997596e+16,CONVERGED
S4,S4_eta02_cons,"Asymmetric Filling (eta=0.2, beta->0)",1.6939393939393939,921411.6142508347,1,1.326170145448287e-06,4.221330680579854e-07,3.7650449292961468,3.7650449292961468,False,0.02316657135415672,3.072281530229815e-08,1416786367842471.5,1.2607915135997596e+16,CONVERGED
S4,S4_eta02_cons,"Asymmetric Filling (eta=0.2, beta->0)",1.6939393939393939,921411.6142508347,2,6.036121273153282e-06,1.921357075448979e-06,1.931697271875284,1.931697271875284,False,0.14490205147423574,-8.746463554378086e-07,1416786367842471.5,1.2607915135997596e+16,CONVERGED
S4,S4_eta02_cons,"Asymmetric Filling (eta=0.2, beta->0)",1.6939393939393939,921411.6142508347,3,0.0001863584099208676,5.931972425130357e-05,-1.9313367783036721,1.9313367783036721,False,6.89872602804004,-0.001285635627948387,1416786367842471.5,1.2607915135997596e+16,CONVERGED
S4,S4_eta02_cons,"Asymmetric Filling (eta=0.2, beta->0)",1.6939393939393939,921411.6142508347,4,3.1415926387774196,0.9999999952850751,0.254470979056468,0.254470979056468,False,-0.7753265534724042,-1.1484426678388135e-08,1416786367842471.5,1.2607915135997596e+16,CONVERGED
S4,S4_eta02_cons,"Asymmetric Filling (eta=0.2, beta->0)",1.7116161616161616,931026.8219129633,0,3.1415926022500127,0.9999999836580403,-0.21253126945201928,0.21253126945201928,False,-1.2368047871685783,6.349728640095159e-08,1446509834295246.2,1.5742499445422576e+16,CONVERGED
S4,S4_eta02_cons,"Asymmetric Filling (eta=0.2, beta->0)",1.7116161616161616,931026.8219129633,1,4.7104693786753525e-07,1.4993889717983828e-07,3.773859151889678,3.773859151889678,False,0.022963273310825878,1.0816779576480627e-08,1446509834295246.2,1.5742499445422576e+16,CONVERGED
S4,S4_eta02_cons,"Asymmetric Filling (eta=0.2, beta->0)",1.7116161616161616,931026.8219129633,2,4.7403759229344575e-05,1.508908520497649e-05,1.9424627717148895,1.9424627717148895,False,0.1433504750360685,-6.795351409111943e-06,1446509834295246.2,1.5742499445422576e+16,CONVERGED
S4,S4_eta02_cons,"Asymmetric Filling (eta=0.2, beta->0)",1.7116161616161616,931026.8219129633,3,0.00037577822633379725,0.00011961392445465774,-1.9424957449804157,1.9424957449804157,False,6.97613943607073,-0.0026214814273364142,1446509834295246.2,1.5742499445422576e+16,CONVERGED
S4,S4_eta02_cons,"Asymmetric Filling (eta=0.2, beta->0)",1.7116161616161616,931026.8219129633,4,3.141592589573517,0.9999999796229864,0.21252814754725224,0.21252814754725224,False,-0.8085375576520427,-5.175956390450191e-08,1446509834295246.2,1.5742499445422576e+16,CONVERGED
S4,S4_eta02_cons,"Asymmetric Filling (eta=0.2, beta->0)",1.7292929292929293,940642.0295750919,0,3.1415926329803034,0.9999999934397957,-0.15386743960579996,0.15386743960579996,False,-1.1663362665351438,2.403759538627085e-08,1476541864095445.2,2.3278212183444116e+16,CONVERGED
S4,S4_eta02_cons,"Asymmetric Filling (eta=0.2, beta->0)",1.7292929292929293,940642.0295750919,1,1.5386865642085248e-07,4.897791451257435e-08,3.782608314634441,3.782608314634441,False,0.02276324023246457,-3.502549190354445e-09,1476541864095445.2,2.3278212183444116e+16,CONVERGED
S4,S4_eta02_cons,"Asymmetric Filling (eta=0.2, beta->0)",1.7292929292929293,940642.0295750919,2,7.130677859457044e-06,2.2697652578570478e-06,1.9515825532860775,1.9515825532860775,False,0.1420490933503643,1.0129063249265572e-06,1476541864095445.2,2.3278212183444116e+16,CONVERGED
S4,S4_eta02_cons,"Asymmetric Filling (eta=0.2, beta->0)",1.7292929292929293,940642.0295750919,3,6.988317341067725e-05,2.2244504974514785e-05,-1.9515840201782855,1.9515840201782855,False,7.039829968921539,0.0004919656593006906,1476541864095445.2,2.3278212183444116e+16,CONVERGED
S4,S4_eta02_cons,"Asymmetric Filling (eta=0.2, beta->0)",1.7292929292929293,940642.0295750919,4,3.1415925961327846,0.9999999817108661,0.15386581693514928,0.15386581693514928,False,-0.8573870601166234,-4.926289554382164e-08,1476541864095445.2,2.3278212183444116e+16,CONVERGED
S4,S4_eta02_cons,"Asymmetric Filling (eta=0.2, beta->0)",1.7469696969696968,950257.2372372204,0,3.141591607272778,0.99999966694695,-0.016298085069969336,0.016298085069969336,False,-1.0164316233442208,1.063509702401405e-06,1506882457243075.5,3.95188945642832e+16,CONVERGED
S4,S4_eta02_cons,"Asymmetric Filling (eta=0.2, beta->0)",1.7469696969696968,950257.2372372204,1,1.6476508572037094e-06,5.244635568271379e-07,3.791300820458857,3.791300820458857,False,0.02256622813902793,3.718126513715748e-08,1506882457243075.5,3.95188945642832e+16,CONVERGED
S4,S4_eta02_cons,"Asymmetric Filling (eta=0.2, beta->0)",1.7469696969696968,950257.2372372204,2,2.112927472096829e-05,6.725657031577462e-06,1.958991490426758,1.958991490426758,False,0.14100054961258346,2.9792393490151514e-06,1506882457243075.5,3.95188945642832e+16,CONVERGED
S4,S4_eta02_cons,"Asymmetric Filling (eta=0.2, beta->0)",1.7469696969696968,950257.2372372204,3,0.0002354142069921025,7.493466943370348e-05,-1.9591930729475704,1.9591930729475704,False,7.093600540205932,0.0016699343767404998,1506882457243075.5,3.95188945642832e+16,CONVERGED
S4,S4_eta02_cons,"Asymmetric Filling (eta=0.2, beta->0)",1.7469696969696968,950257.2372372204,4,3.1415916364199177,0.9999996762247727,0.016297046871879377,0.016297046871879377,False,-0.9838350315266684,-1.0007273564696265e-06,1506882457243075.5,3.95188945642832e+16,CONVERGED
S4,S4_eta02_cons,"Asymmetric Filling (eta=0.2, beta->0)",1.7646464646464646,959872.4448993491,0,2.983260126140853,0.9496011912085359,-3.8341851428520466e-07,3.8341851428520466e-07,True,-0.9874919481365618,-0.15767187194544396,1537531613738130.2,1.6587709058277066e+16,CONVERGED
S4,S4_eta02_cons,"Asymmetric Filling (eta=0.2, beta->0)",1.7646464646464646,959872.4448993491,1,0.0010280608362481349,0.0003272419277761565,4.588021355103819,4.588021355103819,False,0.010172961786337387,-1.0458427285718191e-05,1537531613738130.2,1.6587709058277066e+16,CONVERGED
S4,S4_eta02_cons,"Asymmetric Filling (eta=0.2, beta->0)",1.7646464646464646,959872.4448993491,2,2.1908960435946977e-05,6.973838702771456e-06,1.9646964988046476,1.9646964988046476,False,0.14019843051703212,-3.071601867870977e-06,1537531613738130.2,1.6587709058277066e+16,CONVERGED
S4,S4_eta02_cons,"Asymmetric Filling (eta=0.2, beta->0)",1.7646464646464646,959872.4448993491,3,1.020050595692387e-06,3.246921890165516e-07,3.7999348400786777,3.7999348400786777,False,0.02237222958138014,-2.2820806111461566e-08,1537531613738130.2,1.6587709058277066e+16,CONVERGED
S4,S4_eta02_cons,"Asymmetric Filling (eta=0.2, beta->0)",1.7646464646464646,959872.4448993491,4,2.9832601945099415,0.9496012129710928,-7.524241831871495e-08,7.524241831871495e-08,True,-0.9874916545950719,0.15767175584084522,1537531613738130.2,1.6587709058277066e+16,CONVERGED
S4,S4_eta02_cons,"Asymmetric Filling (eta=0.2, beta->0)",1.7823232323232323,969487.6525614776,0,2.9128134261691314,0.9271773101585136,5.4496011820910286e-08,5.4496011820910286e-08,True,-0.9739439250491666,0.22678871635909412,1568489333580604.5,1.2982352835041484e+16,CONVERGED
S4,S4_eta02_cons,"Asymmetric Filling (eta=0.2, beta->0)",1.7823232323232323,969487.6525614776,1,0.0002553760261633623,8.12887138221286e-05,4.604096232131067,4.604096232131067,False,0.010010744981084736,-2.556504327780019e-06,1568489333580604.5,1.2982352835041484e+16,CONVERGED
S4,S4_eta02_cons,"Asymmetric Filling (eta=0.2, beta->0)",1.7823232323232323,969487.6525614776,2,1.250803903373593e-05,3.981432481210895e-06,1.9687686587871989,1.9687686587871989,False,0.13962868094432562,-1.7464809915717647e-06,1568489333580604.5,1.2982352835041484e+16,CONVERGED
S4,S4_eta02_cons,"Asymmetric Filling (eta=0.2, beta->0)",1.7823232323232323,969487.6525614776,3,3.774888328809477e-07,1.2015842742998645e-07,3.808520720142654,3.808520720142654,False,0.022180966557082925,8.373067177804964e-09,1568489333580604.5,1.2982352835041484e+16,CONVERGED
S4,S4_eta02_cons,"Asymmetric Filling (eta=0.2, beta->0)",1.7823232323232323,969487.6525614776,4,2.912813531947629,0.9271773438288551,1.7730701460951817e-07,1.7730701460951817e-07,True,-0.9739438294275051,-0.2267885854846325,1568489333580604.5,1.2982352835041484e+16,CONVERGED
S4,S4_eta02_cons,"Asymmetric Filling (eta=0.2, beta->0)",1.8,979102.8602236061,0,2.856005881363776,0.9090949070371402,-3.434697865441253e-07,3.434697865441253e-07,True,-0.9594968416348907,-0.28172060242814784,1599755616770511.0,1.0874331381161788e+16,CONVERGED
S4,S4_eta02_cons,"Asymmetric Filling (eta=0.2, beta->0)",1.8,979102.8602236061,1,0.0004843622986411248,0.00015417730815217568,4.6147133869151675,4.6147133869151675,False,0.009905020747163816,-4.797618992369041e-06,1599755616770511.0,1.0874331381161788e+16,CONVERGED
S4,S4_eta02_cons,"Asymmetric Filling (eta=0.2, beta->0)",1.8,979102.8602236061,2,2.128450556758846e-05,6.775068544697342e-06,1.9710551116873267,1.9710551116873267,False,0.1393097912232475,-2.9651400273585633e-06,1599755616770511.0,1.0874331381161788e+16,CONVERGED
S4,S4_eta02_cons,"Asymmetric Filling (eta=0.2, beta->0)",1.8,979102.8602236061,3,1.27819426188557e-06,4.068618700215701e-07,3.817052232612952,3.817052232612952,False,0.021992534313245958,-2.8110731163527797e-08,1599755616770511.0,1.0874331381161788e+16,CONVERGED
S4,S4_eta02_cons,"Asymmetric Filling (eta=0.2, beta->0)",1.8,979102.8602236061,4,2.856005943150767,0.9090949267045504,-8.247005719507118e-08,8.247005719507118e-08,True,-0.9594966086131693,0.2817204696147487,1599755616770511.0,1.0874331381161788e+16,CONVERGED
S4,S4_eta05_cons,"Symmetric Baseline (eta=0.5, beta->0)",0.05,27197.301672877948,0,2.371320282622289e-10,7.548146892668152e-11,3.13512719530996,3.13512719530996,False,0.04349422121649991,1.0313872894754692e-11,1894455434658.2542,4.528374882415026e+16,CONVERGED
S4,S4_eta05_cons,"Symmetric Baseline (eta=0.5, beta->0)",0.05,27197.301672877948,1,0.11387084855860707,0.036246216844341886,-8.538035895584521e-09,8.538035895584521e-09,True,0.9935237258773666,-0.11362492329954402,1894455434658.2542,4.528374882415026e+16,CONVERGED
S4,S4_eta05_cons,"Symmetric Baseline (eta=0.5, beta->0)",0.05,27197.301672877948,2,0.11387087419093594,0.03624622500336557,7.395506496357565e-09,7.395506496357565e-09,True,0.9935237071345426,0.11362494695542294,1894455434658.2542,4.528374882415026e+16,CONVERGED
S4,S4_eta05_cons,"Symmetric Baseline (eta=0.5, beta->0)",0.05,27197.301672877948,3,0.2729932913651851,0.08689646350339048,-2.6505255981507643e-07,2.6505255981507643e-07,True,0.9629684302983601,-0.2696151560168169,1894455434658.2542,4.528374882415026e+16,CONVERGED
S4,S4_eta05_cons,"Symmetric Baseline (eta=0.5, beta->0)",0.05,27197.301672877948,4,0.2729935267889355,0.08689653844109768,1.724929081558101e-07,1.724929081558101e-07,True,0.9629679454821697,0.26961526475348585,1894455434658.2542,4.528374882415026e+16,CONVERGED
S4,S4_eta05_cons,"Symmetric Baseline (eta=0.5, beta->0)",0.06767676767676768,36812.509335006514,0,6.249394258960284e-09,1.989243975287283e-09,3.141327745547899,3.141327745547899,False,0.043225367494671804,2.701323634626504e-10,2261454476074.756,9544107540209594.0,CONVERGED
S4,S4_eta05_cons,"Symmetric Baseline (eta=0.5, beta->0)",0.06767676767676768,36812.509335006514,1,0.15408162110978738,0.04904570327847038,-2.081966152043446e-09,2.081966152043446e-09,True,0.9881528955816611,0.15347266570145682,2261454476074.756,9544107540209594.0,CONVERGED
S4,S4_eta05_cons,"Symmetric Baseline (eta=0.5, beta->0)",0.06767676767676768,36812.509335006514,2,0.15408164675824887,0.04904571144262924,2.8863070215674275e-09,2.8863070215674275e-09,True,0.9881528867359095,-0.15347269028356403,2261454476074.756,9544107540209594.0,CONVERGED
S4,S4_eta05_cons,"Symmetric Baseline (eta=0.5, beta->0)",0.06767676767676768,36812.509335006514,3,0.368819107924723,0.1173987682659258,-4.301035743839149e-07,4.301035743839149e-07,True,0.932754125417481,-0.3605143571679064,2261454476074.756,9544107540209594.0,CONVERGED
S4,S4_eta05_cons,"Symmetric Baseline (eta=0.5, beta->0)",0.06767676767676768,36812.509335006514,4,0.36881969677485693,0.1173989557027449,2.5286354867345044e-07,2.5286354867345044e-07,True,0.9327532760883528,0.3605146602004912,2261454476074.756,9544107540209594.0,CONVERGED
S4,S4_eta05_cons,"Symmetric Baseline (eta=0.5, beta->0)",0.08535353535353535,46427.71699713508,0,2.0900323315873186e-08,6.6527795358800204e-09,3.1492662994943648,3.1492662994943648,False,0.04288357903101343,8.962806666899807e-10,3597092965648.007,5.5189952648720744e+16,CONVERGED
S4,S4_eta05_cons,"Symmetric Baseline (eta=0.5, beta->0)",0.08535353535353535,46427.71699713508,1,0.19425065999697808,0.06183190547476431,-1.918111809174594e-08,1.918111809174594e-08,True,0.9811926099380129,0.19303134606914835,3597092965648.007,5.5189952648720744e+16,CONVERGED
S4,S4_eta05_cons,"Symmetric Baseline (eta=0.5, beta->0)",0.08535353535353535,46427.71699713508,2,0.19425066064981505,0.06183190568256878,2.5666302279524046e-08,2.5666302279524046e-08,True,0.9811925658080385,-0.1930313380527494,3597092965648.007,5.5189952648720744e+16,CONVERGED
S4,S4_eta05_cons,"Symmetric Baseline (eta=0.5, beta->0)",0.08535353535353535,46427.71699713508,3,0.4640502455807429,0.1477117808543664,-7.13887508392631e-07,7.13887508392631e-07,True,0.8942476923436422,0.4475740078625061,3597092965648.007,5.5189952648720744e+16,CONVERGED
S4,S4_eta05_cons,"Symmetric Baseline (eta=0.5, beta->0)",0.08535353535353535,46427.71699713508,4,0.46404924319378266,0.14771146178468716,1.0403798920299987e-06,1.0403798920299987e-06,True,0.8942465722365566,-0.4475723263178251,3597092965648.007,5.5189952648720744e+16,CONVERGED
S4,S4_eta05_cons,"Symmetric Baseline (eta=0.5, beta->0)",0.10303030303030303,56042.924659263655,0,1.430427441441769e-07,4.553191960795004e-08,3.158852948298281,3.158852948298281,False,0.04247443352004804,6.075659526677124e-09,5241294802646.863,1.7779881230964468e+16,CONVERGED
S4,S4_eta05_cons,"Symmetric Baseline (eta=0.5, beta->0)",0.10303030303030303,56042.924659263655,1,0.2343674389705675,0.07460147282390785,-9.734336445642993e-09,9.734336445642993e-09,True,0.9726614436218904,0.23222776655700136,5241294802646.863,1.7779881230964468e+16,CONVERGED
S4,S4_eta05_cons,"Symmetric Baseline (eta=0.5, beta->0)",0.10303030303030303,56042.924659263655,2,0.23436746300088884,0.0746014804729967,1.790252633004616e-08,1.790252633004616e-08,True,0.972661411160072,-0.23222778351232087,5241294802646.863,1.7779881230964468e+16,CONVERGED
S4,S4_eta05_cons,"Symmetric Baseline (eta=0.5, beta->0)",0.10303030303030303,56042.924659263655,3,0.5585855697106166,0.17780330911849423,-1.0965109209831322e-05,1.0965109209831322e-05,True,0.8480148876207418,0.5299930950799918,5241294802646.863,1.7779881230964468e+16,CONVERGED
S4,S4_eta05_cons,"Symmetric Baseline (eta=0.5, beta->0)",0.10303030303030303,56042.924659263655,4,0.5585824471477481,0.17780231517586295,1.7860362470580218e-05,1.7860362470580218e-05,True,0.8479920984288434,-0.5299751700931687,5241294802646.863,1.7779881230964468e+16,CONVERGED
S4,S4_eta05_cons,"Symmetric Baseline (eta=0.5, beta->0)",0.12070707070707071,65658.13232139223,0,4.310862082935552e-09,1.3721900189732344e-09,3.169983779149782,3.169983779149782,False,0.0420042792430417,-1.8107465470986535e-10,7194059987072.216,2.3644268854910504e+16,CONVERGED
S4,S4_eta05_cons,"Symmetric Baseline (eta=0.5, beta->0)",0.12070707070707071,65658.13232139223,1,0.2744293742458946,0.0873535828816996,-1.8323989759571532e-06,1.8323989759571532e-06,True,0.962581756438278,0.27099820474842057,7194059987072.216,2.3644268854910504e+16,CONVERGED
S4,S4_eta05_cons,"Symmetric Baseline (eta=0.5, beta->0)",0.12070707070707071,65658.13232139223,2,0.2744681423684286,0.08736592315837097,2.9653892673689968e-05,2.9653892673689968e-05,True,0.9625409423013439,-0.27102698826309807,7194059987072.216,2.3644268854910504e+16,CONVERGED
S4,S4_eta05_cons,"Symmetric Baseline (eta=0.5, beta->0)",0.12070707070707071,65658.13232139223,3,0.6522401668340291,0.20761449326943646,-2.3095492963722966e-07,2.3095492963722966e-07,True,0.7947262672026468,0.6069683864322039,7194059987072.216,2.3644268854910504e+16,CONVERGED
S4,S4_eta05_cons,"Symmetric Baseline (eta=0.5, beta->0)",0.12070707070707071,65658.13232139223,4,0.6522402632722214,0.20761452396666646,1.4043089404324236e-07,1.4043089404324236e-07,True,0.7947259135177164,-0.6069682376547249,7194059987072.216,2.3644268854910504e+16,CONVERGED
S4,S4_eta05_cons,"Symmetric Baseline (eta=0.5, beta->0)",0.1383838383838384,75273.3399835208,0,6.019181195442437e-08,1.915964881240895e-08,3.1825474099531235,3.1825474099531235,False,0.041479854225751726,2.496747585453386e-09,9455388518924.242,1.4283413703946228e+16,CONVERGED
S4,S4_eta05_cons,"Symmetric Baseline (eta=0.5, beta->0)",0.1383838383838384,75273.3399835208,1,0.31440305538037316,0.10007760077396262,-1.5036500375716327e-06,1.5036500375716327e-06,True,0.9509825827178072,0.30924930828049724,9455388518924.242,1.4283413703946228e+16,CONVERGED
S4,S4_eta05_cons,"Symmetric Baseline (eta=0.5, beta->0)",0.1383838383838384,75273.3399835208,2,0.31440332166824997,0.10007768553602638,-6.031930700208335e-07,6.031930700208335e-07,True,0.9509816440499989,-0.30924928304982213,9455388518924.242,1.4283413703946228e+16,CONVERGED
S4,S4_eta05_cons,"Symmetric Baseline (eta=0.5, beta->0)",0.1383838383838384,75273.3399835208,3,0.7449875789925182,0.23713691147744625,-6.78689860556878e-06,6.78689860556878e-06,True,0.7351013124587084,0.6779672811506614,9455388518924.242,1.4283413703946228e+16,CONVERGED
S4,S4_eta05_cons,"Symmetric Baseline (eta=0.5, beta->0)",0.1383838383838384,75273.3399835208,4,0.7449868427655385,0.23713667712912012,6.854625303586481e-06,6.854625303586481e-06,True,0.735091783755772,-0.6779574915126475,9455388518924.242,1.4283413703946228e+16,CONVERGED
S4,S4_eta05_cons,"Symmetric Baseline (eta=0.5, beta->0)",0.15606060606060607,84888.54764564935,0,1.788198685397659e-08,5.692013200229329e-09,3.1964259676609648,3.1964259676609648,False,0.040908150066258156,-7.315190017053299e-10,12025280398200.914,1.8491420654739532e+16,CONVERGED
S4,S4_eta05_cons,"Symmetric Baseline (eta=0.5, beta->0)",0.15606060606060607,84888.54764564935,1,0.35430235582692426,0.11277794255791718,-1.0645636891923074e-07,1.0645636891923074e-07,True,0.9378888548571098,-0.346936174025684,12025280398200.914,1.8491420654739532e+16,CONVERGED
S4,S4_eta05_cons,"Symmetric Baseline (eta=0.5, beta->0)",0.15606060606060607,84888.54764564935,2,0.35430240951677,0.11277795964792586,-1.0526131688270438e-07,1.0526131688270438e-07,True,0.9378888351093329,0.34693622396618456,12025280398200.914,1.8491420654739532e+16,CONVERGED
S4,S4_eta05_cons,"Symmetric Baseline (eta=0.5, beta->0)",0.15606060606060607,84888.54764564935,3,0.8367548099363857,0.26634732831459035,-3.0651556681277974e-06,3.0651556681277974e-06,True,0.6698778687217878,-0.7424754348305955,12025280398200.914,1.8491420654739532e+16,CONVERGED
S4,S4_eta05_cons,"Symmetric Baseline (eta=0.5, beta->0)",0.15606060606060607,84888.54764564935,4,0.8367548385492123,0.2663473374223359,3.741760286455328e-06,3.741760286455328e-06,True,0.6698732876907781,0.7424704000468817,12025280398200.914,1.8491420654739532e+16,CONVERGED
S4,S4_eta05_cons,"Symmetric Baseline (eta=0.5, beta->0)",0.17373737373737375,94503.75530777793,0,1.1572721960710862e-07,3.683711810150529e-08,3.2114993874191016,3.2114993874191016,False,0.04029614841526391,-4.6633612169739094e-09,14903735624904.37,2.0144048231754784e+17,CONVERGED
S4,S4_eta05_cons,"Symmetric Baseline (eta=0.5, beta->0)",0.17373737373737375,94503.75530777793,1,0.3941101962139863,0.1254491717007454,-7.843561300998047e-08,7.843561300998047e-08,True,0.9233386751322573,-0.38398678086132876,14903735624904.37,2.0144048231754784e+17,CONVERGED
S4,S4_eta05_cons,"Symmetric Baseline (eta=0.5, beta->0)",0.17373737373737375,94503.75530777793,2,0.39411024083222373,0.12544918590317147,3.0213987582897972e-09,3.0213987582897972e-09,True,0.9233385827870382,0.3839867907806548,14903735624904.37,2.0144048231754784e+17,CONVERGED
S4,S4_eta05_cons,"Symmetric Baseline (eta=0.5, beta->0)",0.17373737373737375,94503.75530777793,3,0.9274728142508438,0.29522376594274613,-6.614629726321949e-07,6.614629726321949e-07,True,0.5998583103231632,-0.8001070743738365,14903735624904.37,2.0144048231754784e+17,CONVERGED
S4,S4_eta05_cons,"Symmetric Baseline (eta=0.5, beta->0)",0.17373737373737375,94503.75530777793,4,0.9274705821709233,0.29522305544964067,-1.9346704700709166e-08,1.9346704700709166e-08,True,0.5998597110448013,0.8001052216794099,14903735624904.37,2.0144048231754784e+17,CONVERGED
S4,S4_eta05_cons,"Symmetric Baseline (eta=0.5, beta->0)",0.19141414141414143,104118.96296990648,0,8.284908253327463e-08,2.6371682031598128e-08,3.2276486520764327,3.2276486520764327,False,0.03965062167027858,3.2850176272565652e-09,18090754199034.543,2.8315097490975184e+16,CONVERGED
S4,S4_eta05_cons,"Symmetric Baseline (eta=0.5, beta->0)",0.19141414141414143,104118.96296990648,1,0.4338169981011004,0.138088239290155,-6.451747645425424e-08,6.451747645425424e-08,True,0.9073679954498919,-0.4203373048733674,18090754199034.543,2.8315097490975184e+16,CONVERGED
S4,S4_eta05_cons,"Symmetric Baseline (eta=0.5, beta->0)",0.19141414141414143,104118.96296990648,2,0.4338170028547314,0.13808824080328275,5.2007862062784564e-08,5.2007862062784564e-08,True,0.907367887720407,0.42033726020671563,18090754199034.543,2.8315097490975184e+16,CONVERGED
S4,S4_eta05_cons,"Symmetric Baseline (eta=0.5, beta->0)",0.19141414141414143,104118.96296990648,3,1.0170826213944117,0.32374745345556666,-2.506563923442875e-06,2.506563923442875e-06,True,0.5258509603077579,0.8505796733309711,18090754199034.543,2.8315097490975184e+16,CONVERGED
S4,S4_eta05_cons,"Symmetric Baseline (eta=0.5, beta->0)",0.19141414141414143,104118.96296990648,4,1.017081226874698,0.3237470095661553,1.5474212472749997e-06,1.5474212472749997e-06,True,0.5258500146648867,-0.8505754917931935,18090754199034.543,2.8315097490975184e+16,CONVERGED
S4,S4_eta05_cons,"Symmetric Baseline (eta=0.5, beta->0)",0.2090909090909091,113734.17063203505,0,9.233216488755489e-07,2.9390240896460594e-07,3.2412624040375415,3.2412624040375415,False,0.03911448563358773,-3.611525137013345e-08,21586336120590.656,1.6144398795283162e+16,CONVERGED
S4,S4_eta05_cons,"Symmetric Baseline (eta=0.5, beta->0)",0.2090909090909091,113734.17063203505,1,0.47341990593794553,0.15069423637624832,-4.6384226754069135e-06,4.6384226754069135e-06,True,0.8900183772119387,-0.45593482551062947,21586336120590.656,1.6144398795283162e+16,CONVERGED
S4,S4_eta05_cons,"Symmetric Baseline (eta=0.5, beta->0)",0.2090909090909091,113734.17063203505,2,0.4733781980832407,0.15068096035376427,-7.785147706230905e-07,7.785147706230905e-07,True,0.8900339570455402,0.45589594463716265,21586336120590.656,1.6144398795283162e+16,CONVERGED
S4,S4_eta05_cons,"Symmetric Baseline (eta=0.5, beta->0)",0.2090909090909091,113734.17063203505,3,1.1056146755550857,0.351928081539068,-1.2418462771174993e-06,1.2418462771174993e-06,True,0.44858571491611554,-0.8937412041910321,21586336120590.656,1.6144398795283162e+16,CONVERGED
S4,S4_eta05_cons,"Symmetric Baseline (eta=0.5, beta->0)",0.2090909090909091,113734.17063203505,4,1.105613227035628,0.3519276204610043,5.251098127917012e-07,5.251098127917012e-07,True,0.4485862168843213,0.8937389752060377,21586336120590.656,1.6144398795283162e+16,CONVERGED
S4,S4_eta05_cons,"Symmetric Baseline (eta=0.5, beta->0)",0.22676767676767678,123349.37829416365,0,2.749543452484022e-08,8.75206863417576e-09,3.244952068242637,3.244952068242637,False,0.03897043223382175,-1.0715089678897691e-09,25390481389571.64,1.285510853415405e+17,CONVERGED
S4,S4_eta05_cons,"Symmetric Baseline (eta=0.5, beta->0)",0.22676767676767678,123349.37829416365,1,0.5128951732910905,0.16325960423450261,-1.0540413123936462e-07,1.0540413123936462e-07,True,0.8713275860531835,-0.49070199570718764,25390481389571.64,1.285510853415405e+17,CONVERGED
S4,S4_eta05_cons,"Symmetric Baseline (eta=0.5, beta->0)",0.22676767676767678,123349.37829416365,2,0.5128952119851098,0.1632596165511915,1.3474694362567885e-07,1.3474694362567885e-07,True,0.8713273578157237,0.4907019115797481,25390481389571.64,1.285510853415405e+17,CONVERGED
S4,S4_eta05_cons,"Symmetric Baseline (eta=0.5, beta->0)",0.22676767676767678,123349.37829416365,3,1.1930048202011783,0.37974522853495074,-7.295884109903936e-07,7.295884109903936e-07,True,0.3688688859068834,0.9294822237072107,25390481389571.64,1.285510853415405e+17,CONVERGED
S4,S4_eta05_cons,"Symmetric Baseline (eta=0.5, beta->0)",0.22676767676767678,123349.37829416365,4,1.19300485633343,0.37974524003620364,2.1565137273098234e-07,2.1565137273098234e-07,True,0.36886850365324814,-0.9294813584521,25390481389571.64,1.285510853415405e+17,CONVERGED
S4,S4_eta05_cons,"Symmetric Baseline (eta=0.5, beta->0)",0.24444444444444446,132964.58595629223,0,3.8061501502032606e-08,1.2115352211096177e-08,3.24890809643002,3.24890809643002,False,0.03881656865043243,-1.4774168859921865e-09,29503190005979.54,3.2523069674467732e+16,CONVERGED
S4,S4_eta05_cons,"Symmetric Baseline (eta=0.5, beta->0)",0.24444444444444446,132964.58595629223,1,0.5522506947278143,0.1757868557837299,-3.078357046058063e-08,3.078357046058063e-08,True,0.8513459805851287,-0.5246046920383848,29503190005979.54,3.2523069674467732e+16,CONVERGED
S4,S4_eta05_cons,"Symmetric Baseline (eta=0.5, beta->0)",0.24444444444444446,132964.58595629223,2,0.5522507074214665,0.1757868598242449,3.883167977039337e-08,3.883167977039337e-08,True,0.8513459146593181,0.5246046663245882,29503190005979.54,3.2523069674467732e+16,CONVERGED
S4,S4_eta05_cons,"Symmetric Baseline (eta=0.5, beta->0)",0.24444444444444446,132964.58595629223,3,1.2792829699492765,0.40720841656141593,-2.495510458593059e-05,2.495510458593059e-05,True,0.28740923426725634,-0.9578339331599275,29503190005979.54,3.2523069674467732e+16,CONVERGED
S4,S4_eta05_cons,"Symmetric Baseline (eta=0.5, beta->0)",0.24444444444444446,132964.58595629223,4,1.2792983612153535,0.4072133157535691,2.3721052185836363e-05,2.3721052185836363e-05,True,0.287380503037412,0.9577917338831815,29503190005979.54,3.2523069674467732e+16,CONVERGED
S4,S4_eta05_cons,"Symmetric Baseline (eta=0.5, beta->0)",0.2621212121212121,142579.79361842075,0,1.532533031209257e-08,4.878204147371183e-09,3.2531237640844575,3.2531237640844575,False,0.03865327533452694,-5.923742121458858e-10,33924461969813.555,1.9694131534726852e+16,CONVERGED
S4,S4_eta05_cons,"Symmetric Baseline (eta=0.5, beta->0)",0.2621212121212121,142579.79361842075,1,0.5914740745150682,0.18827204533955427,5.7288124887059036e-08,5.7288124887059036e-08,True,0.8301196114625773,-0.557585254547658,33924461969813.555,1.9694131534726852e+16,CONVERGED
S4,S4_eta05_cons,"Symmetric Baseline (eta=0.5, beta->0)",0.2621212121212121,142579.79361842075,2,0.5914741968380408,0.1882720842761658,2.0997655154541332e-07,2.0997655154541332e-07,True,0.8301194165074479,0.5575852709535281,33924461969813.555,1.9694131534726852e+16,CONVERGED
S4,S4_eta05_cons,"Symmetric Baseline (eta=0.5, beta->0)",0.2621212121212121,142579.79361842075,3,1.3644547634908444,0.4343194404697017,-9.716677656254648e-07,9.716677656254648e-07,True,0.20488064768661146,-0.9787879563730513,33924461969813.555,1.9694131534726852e+16,CONVERGED
S4,S4_eta05_cons,"Symmetric Baseline (eta=0.5, beta->0)",0.2621212121212121,142579.79361842075,4,1.3644538475664414,0.43431914892190926,8.212732967836533e-07,8.212732967836533e-07,True,0.20488117684209592,0.9787860138102471,33924461969813.555,1.9694131534726852e+16,CONVERGED
S4,S4_eta05_cons,"Symmetric Baseline (eta=0.5, beta->0)",0.27979797979797977,152195.0012805493,0,3.771133213087055e-08,1.2003889838416532e-08,3.257591867670297,3.257591867670297,False,0.03848095375841119,1.4511680278961165e-09,38654297281076.72,3.1901561671165504e+16,CONVERGED
S4,S4_eta05_cons,"Symmetric Baseline (eta=0.5, beta->0)",0.27979797979797977,152195.0012805493,1,0.6305590028871276,0.20071316444116613,-3.0916230692344855e-07,3.0916230692344855e-07,True,0.8076982981705858,0.5895965378605479,38654297281076.72,3.1901561671165504e+16,CONVERGED
S4,S4_eta05_cons,"Symmetric Baseline (eta=0.5, beta->0)",0.27979797979797977,152195.0012805493,2,0.6305587524847291,0.20071308473560717,-9.728037091982427e-08,9.728037091982427e-08,True,0.8076982746702555,-0.5895962106861384,38654297281076.72,3.1901561671165504e+16,CONVERGED
S4,S4_eta05_cons,"Symmetric Baseline (eta=0.5, beta->0)",0.27979797979797977,152195.0012805493,3,1.4485438465453857,0.46108582692609207,-3.299510937404353e-06,3.299510937404353e-06,True,0.12194858592190301,-0.9925397430003983,38654297281076.72,3.1901561671165504e+16,CONVERGED
S4,S4_eta05_cons,"Symmetric Baseline (eta=0.5, beta->0)",0.27979797979797977,152195.0012805493,4,1.4485426872487441,0.46108545791051003,3.2812660468850373e-06,3.2812660468850373e-06,True,0.12194893404843256,0.9925330699648706,38654297281076.72,3.1901561671165504e+16,CONVERGED
S4,S4_eta05_cons,"Symmetric Baseline (eta=0.5, beta->0)",0.29747474747474745,161810.20894267788,0,3.1774714439683943e-08,1.0114205736818246e-08,3.2623049697306525,3.2623049697306525,False,0.03830001582038831,-1.2169720657282163e-09,43692695939760.164,2.9072135025972428e+16,CONVERGED
S4,S4_eta05_cons,"Symmetric Baseline (eta=0.5, beta->0)",0.29747474747474745,161810.20894267788,1,0.6695008695268133,0.21310874557902884,-2.400982936985092e-06,2.400982936985092e-06,True,0.7841334039489688,-0.6205961704593469,43692695939760.164,2.9072135025972428e+16,CONVERGED
S4,S4_eta05_cons,"Symmetric Baseline (eta=0.5, beta->0)",0.29747474747474745,161810.20894267788,2,0.6694983549319855,0.2131079451586354,3.1379250647890234e-06,3.1379250647890234e-06,True,0.7841306212550092,0.6205907612749297,43692695939760.164,2.9072135025972428e+16,CONVERGED
S4,S4_eta05_cons,"Symmetric Baseline (eta=0.5, beta->0)",0.29747474747474745,161810.20894267788,3,1.5315706481316895,0.48751407868923263,-5.981687816214381e-07,5.981687816214381e-07,True,0.039215643770930377,0.9992313694144667,43692695939760.164,2.9072135025972428e+16,CONVERGED
S4,S4_eta05_cons,"Symmetric Baseline (eta=0.5, beta->0)",0.29747474747474745,161810.20894267788,4,1.5315709468186636,0.4875141737642493,8.807603428367363e-07,8.807603428367363e-07,True,0.039215287316861004,-0.9992299033363252,43692695939760.164,2.9072135025972428e+16,CONVERGED
S4,S4_eta05_cons,"Symmetric Baseline (eta=0.5, beta->0)",0.3151515151515151,171425.41660480644,0,4.293492592873765e-08,1.3666611385685965e-08,3.267255498184628,3.267255498184628,False,0.03811087905203442,-1.6362877691781782e-09,49039657945875.19,9684445781886382.0,CONVERGED
S4,S4_eta05_cons,"Symmetric Baseline (eta=0.5, beta->0)",0.3151515151515151,171425.41660480644,1,0.7082877313423315,0.22545498714895285,-3.5660600190218e-07,3.5660600190218e-07,True,0.7594771491086637,0.6505345288253612,49039657945875.19,9684445781886382.0,CONVERGED
S4,S4_eta05_cons,"Symmetric Baseline (eta=0.5, beta->0)",0.3151515151515151,171425.41660480644,2,0.7082875552204126,0.22545493108760492,1.8876926212124357e-07,1.8876926212124357e-07,True,0.7594768494820412,-0.6505340402795076,49039657945875.19,9684445781886382.0,CONVERGED
S4,S4_eta05_cons,"Symmetric Baseline (eta=0.5, beta->0)",0.3151515151515151,171425.41660480644,3,1.6135733285535336,0.5136163425610756,-3.1995229042035845e-06,3.1995229042035845e-06,True,-0.04276409370459458,0.9990884001708292,49039657945875.19,9684445781886382.0,CONVERGED
S4,S4_eta05_cons,"Symmetric Baseline (eta=0.5, beta->0)",0.3151515151515151,171425.41660480644,4,1.6135714636237368,0.5136157489354842,3.5319038326599767e-06,3.5319038326599767e-06,True,-0.04276194262494022,-0.9990817546528535,49039657945875.19,9684445781886382.0,CONVERGED
S4,S4_eta05_cons,"Symmetric Baseline (eta=0.5, beta->0)",0.3328282828282828,181040.62426693502,0,5.741167676256225e-08,1.827470429591177e-08,3.2724357367114973,3.2724357367114973,False,0.037913966076511624,2.176704365171438e-09,54695183299410.836,1.875611250873098e+16,CONVERGED
S4,S4_eta05_cons,"Symmetric Baseline (eta=0.5, beta->0)",0.3328282828282828,181040.62426693502,1,0.7469216586944337,0.23775254816723335,-1.413978378394184e-07,1.413978378394184e-07,True,0.733783819258834,-0.6793832419110988,54695183299410.836,1.875611250873098e+16,CONVERGED
S4,S4_eta05_cons,"Symmetric Baseline (eta=0.5, beta->0)",0.3328282828282828,181040.62426693502,2,0.7469215864025331,0.2377525251560067,1.7192373035757758e-07,1.7192373035757758e-07,True,0.7337836384624615,0.6793829759990972,54695183299410.836,1.875611250873098e+16,CONVERGED
S4,S4_eta05_cons,"Symmetric Baseline (eta=0.5, beta->0)",0.3328282828282828,181040.62426693502,3,1.694586902154863,0.5394037639534569,-5.692847208864358e-07,5.692847208864358e-07,True,-0.12347472448213795,0.9923482911680506,54695183299410.836,1.875611250873098e+16,CONVERGED
S4,S4_eta05_cons,"Symmetric Baseline (eta=0.5, beta->0)",0.3328282828282828,181040.62426693502,4,1.6945869586997646,0.5394037819522581,-5.524708976822881e-07,5.524708976822881e-07,True,-0.12347477851829128,-0.9923482675010143,54695183299410.836,1.875611250873098e+16,CONVERGED
S4,S4_eta05_cons,"Symmetric Baseline (eta=0.5, beta->0)",0.3505050505050505,190655.83192906357,0,4.7054955491826685e-08,1.497805752698669e-08,3.2778376976876116,3.2778376976876116,False,0.037709708503741425,-1.7744286552533124e-09,60659272000377.78,4.248175091298393e+16,CONVERGED
S4,S4_eta05_cons,"Symmetric Baseline (eta=0.5, beta->0)",0.3505050505050505,190655.83192906357,1,0.7853944141759244,0.24999880658572346,-7.273279158559875e-08,7.273279158559875e-08,True,0.7071094837115863,0.7071041815112732,60659272000377.78,4.248175091298393e+16,CONVERGED
S4,S4_eta05_cons,"Symmetric Baseline (eta=0.5, beta->0)",0.3505050505050505,190655.83192906357,2,0.785394475751938,0.24999882618597732,6.351326307390073e-08,6.351326307390073e-08,True,0.7071093438300634,-0.7071041287121007,60659272000377.78,4.248175091298393e+16,CONVERGED
S4,S4_eta05_cons,"Symmetric Baseline (eta=0.5, beta->0)",0.3505050505050505,190655.83192906357,3,1.7746294014658144,0.564882082798992,-9.205473779969754e-06,9.205473779969754e-06,True,-0.2024263939246181,-0.9793068804821693,60659272000377.78,4.248175091298393e+16,CONVERGED
S4,S4_eta05_cons,"Symmetric Baseline (eta=0.5, beta->0)",0.3505050505050505,190655.83192906357,4,1.7746345620066026,0.5648837254501429,4.495799720777721e-06,4.495799720777721e-06,True,-0.20242867412539445,0.9792924181942887,60659272000377.78,4.248175091298393e+16,CONVERGED
S4,S4_eta05_cons,"Symmetric Baseline (eta=0.5, beta->0)",0.36818181818181817,200271.03959119215,0,3.601542152162135e-08,1.1464064725408538e-08,3.283453544949734,3.283453544949734,False,0.03749853006841146,-1.3505253668550322e-09,66931924048768.305,1.6245339266288514e+16,CONVERGED
S4,S4_eta05_cons,"Symmetric Baseline (eta=0.5, beta->0)",0.36818181818181817,200271.03959119215,1,0.823702926568151,0.26219278480516345,-2.602909210080491e-07,2.602909210080491e-07,True,0.6795093338376827,0.7336672173468337,66931924048768.305,1.6245339266288514e+16,CONVERGED
S4,S4_eta05_cons,"Symmetric Baseline (eta=0.5, beta->0)",0.36818181818181817,200271.03959119215,2,0.8237028936294855,0.26219277432046056,2.6270766295991554e-07,2.6270766295991554e-07,True,0.6795090026213624,-0.7336668112578989,66931924048768.305,1.6245339266288514e+16,CONVERGED
S4,S4_eta05_cons,"Symmetric Baseline (eta=0.5, beta->0)",0.36818181818181817,200271.03959119215,3,1.8537983238117226,0.5900823334602113,-1.037640638653749e-06,1.037640638653749e-06,True,-0.27923977428422964,0.9602224865837725,66931924048768.305,1.6245339266288514e+16,CONVERGED
S4,S4_eta05_cons,"Symmetric Baseline (eta=0.5, beta->0)",0.36818181818181817,200271.03959119215,4,1.853798997964591,0.5900825480497341,9.093465231043369e-07,9.093465231043369e-07,True,-0.279239877943923,-0.9602204287945922,66931924048768.305,1.6245339266288514e+16,CONVERGED
S4,S4_eta05_cons,"Symmetric Baseline (eta=0.5, beta->0)",0.38585858585858585,209886.2472533207,0,3.7210012685907836e-08,1.1844314902948731e-08,3.289275270257888,3.289275270257888,False,0.03728085815472452,1.3872212048788306e-09,73513139444584.27,2.694334713539882e+16,CONVERGED
S4,S4_eta05_cons,"Symmetric Baseline (eta=0.5, beta->0)",0.38585858585858585,209886.2472533207,1,0.8618426385600046,0.2743330321883729,-1.718522945990164e-07,1.718522945990164e-07,True,0.6510400432925287,-0.7590436125377188,73513139444584.27,2.694334713539882e+16,CONVERGED
S4,S4_eta05_cons,"Symmetric Baseline (eta=0.5, beta->0)",0.38585858585858585,209886.2472533207,2,0.8618426666619105,0.2743330411334874,1.7259425667582453e-07,1.7259425667582453e-07,True,0.6510397977135047,0.7590433693832686,73513139444584.27,2.694334713539882e+16,CONVERGED
S4,S4_eta05_cons,"Symmetric Baseline (eta=0.5, beta->0)",0.38585858585858585,209886.2472533207,3,1.9320745756284734,0.614998438266895,-4.501558781856685e-06,4.501558781856685e-06,True,-0.3534718453493012,-0.93544997605615,73513139444584.27,2.694334713539882e+16,CONVERGED
S4,S4_eta05_cons,"Symmetric Baseline (eta=0.5, beta->0)",0.38585858585858585,209886.2472533207,4,1.9320735614886904,0.6149981154561761,5.225739769023976e-06,5.225739769023976e-06,True,-0.35346745837186533,0.9354412351651022,73513139444584.27,2.694334713539882e+16,CONVERGED
S4,S4_eta05_cons,"Symmetric Baseline (eta=0.5, beta->0)",0.4035353535353535,219501.45491544926,0,1.53428277212159e-08,4.883773745677741e-09,3.2952948134507314,3.2952948134507314,False,0.037057118499653,5.685609849848587e-10,80402918187825.8,1.957160355353876e+16,CONVERGED
S4,S4_eta05_cons,"Symmetric Baseline (eta=0.5, beta->0)",0.4035353535353535,219501.45491544926,1,0.899810774992196,0.2864186653747144,-1.090157786936364e-07,1.090157786936364e-07,True,0.6217582499631079,0.7832093568353193,80402918187825.8,1.957160355353876e+16,CONVERGED
S4,S4_eta05_cons,"Symmetric Baseline (eta=0.5, beta->0)",0.4035353535353535,219501.45491544926,2,0.8998107691947982,0.28641866352934536,8.881714840785154e-08,8.881714840785154e-08,True,0.6217581314994408,-0.7832091982861559,80402918187825.8,1.957160355353876e+16,CONVERGED
S4,S4_eta05_cons,"Symmetric Baseline (eta=0.5, beta->0)",0.4035353535353535,219501.45491544926,3,2.0095405815853162,0.6396566338061306,-2.193926039771892e-06,2.193926039771892e-06,True,-0.42480392395393285,0.9052878073049738,80402918187825.8,1.957160355353876e+16,CONVERGED
S4,S4_eta05_cons,"Symmetric Baseline (eta=0.5, beta->0)",0.4035353535353535,219501.45491544926,4,2.009542648856207,0.6396572918388925,3.094585278438316e-06,3.094585278438316e-06,True,-0.4248035488438403,-0.9052821415107419,80402918187825.8,1.957160355353876e+16,CONVERGED
S4,S4_eta05_cons,"Symmetric Baseline (eta=0.5, beta->0)",0.4212121212121212,229116.66257757787,0,2.2417611887163602e-08,7.135747488315439e-09,3.3015042245868673,3.3015042245868673,False,0.03682772854069548,-8.255897251111294e-10,87601260278495.81,1.9821318851296548e+16,CONVERGED
S4,S4_eta05_cons,"Symmetric Baseline (eta=0.5, beta->0)",0.4212121212121212,229116.66257757787,1,0.9376046949941306,0.29844884374896946,-1.383899461251287e-07,1.383899461251287e-07,True,0.5917207610805321,0.8061431744338015,87601260278495.81,1.9821318851296548e+16,CONVERGED
S4,S4_eta05_cons,"Symmetric Baseline (eta=0.5, beta->0)",0.4212121212121212,229116.66257757787,2,0.9376047168355574,0.29844885070131155,1.2938575968898898e-07,1.2938575968898898e-07,True,0.5917205850247963,-0.8061429714922949,87601260278495.81,1.9821318851296548e+16,CONVERGED
S4,S4_eta05_cons,"Symmetric Baseline (eta=0.5, beta->0)",0.4212121212121212,229116.66257757787,3,2.0862092137825203,0.6640610173946895,8.16738841178189e-07,8.16738841178189e-07,True,-0.49289373701813327,0.8700885762564355,87601260278495.81,1.9821318851296548e+16,CONVERGED
S4,S4_eta05_cons,"Symmetric Baseline (eta=0.5, beta->0)",0.4212121212121212,229116.66257757787,4,2.0862090929480317,0.6640609789318772,5.465920648524824e-06,5.465920648524824e-06,True,-0.49289134033464205,-0.8700845906241389,87601260278495.81,1.9821318851296548e+16,CONVERGED
S4,S4_eta05_cons,"Symmetric Baseline (eta=0.5, beta->0)",0.4388888888888889,238731.87023970645,0,4.259170430234147e-08,1.3557360548851981e-08,3.3078956067662646,3.3078956067662646,False,0.036593099054862785,1.5585624544510078e-09,95108165716592.14,4.0785009526012744e+16,CONVERGED
S4,S4_eta05_cons,"Symmetric Baseline (eta=0.5, beta->0)",0.4388888888888889,238731.87023970645,1,0.9752218713365409,0.3104227628690777,-4.914178580666162e-08,4.914178580666162e-08,True,0.5609844239821598,0.8278264155805738,95108165716592.14,4.0785009526012744e+16,CONVERGED
S4,S4_eta05_cons,"Symmetric Baseline (eta=0.5, beta->0)",0.4388888888888889,238731.87023970645,2,0.9752218979103064,0.31042277132776996,3.238443680309039e-08,3.238443680309039e-08,True,0.5609843562487572,-0.8278263629984829,95108165716592.14,4.0785009526012744e+16,CONVERGED
S4,S4_eta05_cons,"Symmetric Baseline (eta=0.5, beta->0)",0.4388888888888889,238731.87023970645,3,2.1621643767909005,0.6882382966869582,-4.096620252407739e-09,4.096620252407739e-09,True,-0.5574972726031154,-0.8301787754654585,95108165716592.14,4.0785009526012744e+16,CONVERGED
S4,S4_eta05_cons,"Symmetric Baseline (eta=0.5, beta->0)",0.4388888888888889,238731.87023970645,4,2.1621639656435985,0.6882381658147073,4.70470177603507e-08,4.70470177603507e-08,True,-0.5574969027648838,0.8301789622205146,95108165716592.14,4.0785009526012744e+16,CONVERGED
S4,S4_eta05_cons,"Symmetric Baseline (eta=0.5, beta->0)",0.45656565656565656,248347.077901835,0,5.019821355634761e-08,1.5978587643750626e-08,3.314460976894993,3.314460976894993,False,0.03635363874832467,-1.8248877214387166e-09,102923634502112.95,1.8479116068819824e+16,CONVERGED
S4,S4_eta05_cons,"Symmetric Baseline (eta=0.5, beta->0)",0.45656565656565656,248347.077901835,1,1.0126604545692686,0.32233983403676963,-1.7372286023773793e-08,1.7372286023773793e-08,True,0.5296058933232429,-0.8482438520271529,102923634502112.95,1.8479116068819824e+16,CONVERGED
S4,S4_eta05_cons,"Symmetric Baseline (eta=0.5, beta->0)",0.45656565656565656,248347.077901835,2,1.0126604273558224,0.32233982537446065,3.1002976235038066e-08,3.1002976235038066e-08,True,0.5296058907870567,0.848243796580734,102923634502112.95,1.8479116068819824e+16,CONVERGED
S4,S4_eta05_cons,"Symmetric Baseline (eta=0.5, beta->0)",0.45656565656565656,248347.077901835,3,2.2374152853792744,0.7121914048349504,-4.880816193873298e-07,4.880816193873298e-07,True,-0.618332610988629,-0.785917144711642,102923634502112.95,1.8479116068819824e+16,CONVERGED
S4,S4_eta05_cons,"Symmetric Baseline (eta=0.5, beta->0)",0.45656565656565656,248347.077901835,4,2.237413044371319,0.7121906914999632,1.2786470842391759e-06,1.2786470842391759e-06,True,-0.6183297573186072,0.785917141894369,102923634502112.95,1.8479116068819824e+16,CONVERGED
S4,S4_eta05_cons,"Symmetric Baseline (eta=0.5, beta->0)",0.4742424242424242,257962.28556396352,0,1.0116070572600301e-07,3.220045272591596e-08,3.3211926722913514,3.3211926722913514,False,0.03610973897624849,-3.6528866784190667e-09,111047666635060.98,1.46643950249884e+16,CONVERGED
S4,S4_eta05_cons,"Symmetric Baseline (eta=0.5, beta->0)",0.4742424242424242,257962.28556396352,1,1.0499184946474982,0.334199436533502,-1.750376696553366e-08,1.750376696553366e-08,True,0.4976417545853115,-0.8673826831916736,111047666635060.98,1.46643950249884e+16,CONVERGED
S4,S4_eta05_cons,"Symmetric Baseline (eta=0.5, beta->0)",0.4742424242424242,257962.28556396352,2,1.0499185191762825,0.33419944434125654,4.9779090035556326e-08,4.9779090035556326e-08,True,0.4976416998267121,0.8673826370382367,111047666635060.98,1.46643950249884e+16,CONVERGED
S4,S4_eta05_cons,"Symmetric Baseline (eta=0.5, beta->0)",0.4742424242424242,257962.28556396352,3,2.3120174001409635,0.7359379954938137,-4.4325440849239233e-07,4.4325440849239233e-07,True,-0.675189432270305,0.7376449803663773,111047666635060.98,1.46643950249884e+16,CONVERGED
S4,S4_eta05_cons,"Symmetric Baseline (eta=0.5, beta->0)",0.4742424242424242,257962.28556396352,4,2.312017972075342,0.7359381775461806,2.287555315963436e-07,2.287555315963436e-07,True,-0.6751894004205771,-0.7376440984978753,111047666635060.98,1.46643950249884e+16,CONVERGED
S4,S4_eta05_cons,"Symmetric Baseline (eta=0.5, beta->0)",0.49191919191919187,267577.4932260921,0,1.1148928066091829e-07,3.54881402378896e-08,3.3280827785918876,3.3280827785918876,False,0.035861794200050895,-3.9982056385735825e-09,119480262115431.89,1.4518779662384846e+16,CONVERGED
S4,S4_eta05_cons,"Symmetric Baseline (eta=0.5, beta->0)",0.49191919191919187,267577.4932260921,1,1.0869955647650826,0.34600143450265874,-5.559521122194663e-08,5.559521122194663e-08,True,0.46514711452888574,-0.885233456798759,119480262115431.89,1.4518779662384846e+16,CONVERGED
S4,S4_eta05_cons,"Symmetric Baseline (eta=0.5, beta->0)",0.49191919191919187,267577.4932260921,2,1.0869955678052428,0.34600143547037177,8.608983445491217e-08,8.608983445491217e-08,True,0.46514704593324907,0.8852333327885467,119480262115431.89,1.4518779662384846e+16,CONVERGED
S4,S4_eta05_cons,"Symmetric Baseline (eta=0.5, beta->0)",0.49191919191919187,267577.4932260921,3,2.3860228336718827,0.7594946566180227,-1.358057424591181e-07,1.358057424591181e-07,True,-0.7278810326883509,0.685703634133626,119480262115431.89,1.4518779662384846e+16,CONVERGED
S4,S4_eta05_cons,"Symmetric Baseline (eta=0.5, beta->0)",0.49191919191919187,267577.4932260921,4,2.3860219886071112,0.7594943876255514,6.806822956865236e-07,6.806822956865236e-07,True,-0.7278798589186657,-0.6857036893709109,119480262115431.89,1.4518779662384846e+16,CONVERGED
S4,S4_eta05_cons,"Symmetric Baseline (eta=0.5, beta->0)",0.5095959595959596,277192.70088822074,0,1.9880635980178292e-08,6.328202976111926e-09,3.335124506021834,3.335124506021834,False,0.03561015225695614,-7.079524742192696e-10,128221420943235.06,1.5435260461106462e+16,CONVERGED
S4,S4_eta05_cons,"Symmetric Baseline (eta=0.5, beta->0)",0.5095959595959596,277192.70088822074,1,1.123890291289576,0.3577453907034523,-6.725440527615855e-08,6.725440527615855e-08,True,0.43217753438044226,-0.9017886189599319,128221420943235.06,1.5435260461106462e+16,CONVERGED
S4,S4_eta05_cons,"Symmetric Baseline (eta=0.5, beta->0)",0.5095959595959596,277192.70088822074,2,1.1238902591495885,0.35774538047297655,4.215064205784647e-08,4.215064205784647e-08,True,0.43217751608151284,0.9017885064095312,128221420943235.06,1.5435260461106462e+16,CONVERGED
S4,S4_eta05_cons,"Symmetric Baseline (eta=0.5, beta->0)",0.5095959595959596,277192.70088822074,3,2.4594699997266747,0.7828736156854456,-2.10332988295418e-06,2.10332988295418e-06,True,-0.7762378907560533,0.6304434499804145,128221420943235.06,1.5435260461106462e+16,CONVERGED
S4,S4_eta05_cons,"Symmetric Baseline (eta=0.5, beta->0)",0.5095959595959596,277192.70088822074,4,2.459470341290463,0.7828737244085762,1.8107448641705012e-06,1.8107448641705012e-06,True,-0.7762350678446384,-0.6304407172487029,128221420943235.06,1.5435260461106462e+16,CONVERGED
S4,S4_eta05_cons,"Symmetric Baseline (eta=0.5, beta->0)",0.5272727272727272,286807.90855034924,0,1.8372065540191842e-08,5.848010091059608e-09,3.3423096509246846,3.3423096509246846,False,0.03535520516570442,-6.495481464912509e-10,137271143118461.4,1.4107676299677514e+16,CONVERGED
S4,S4_eta05_cons,"Symmetric Baseline (eta=0.5, beta->0)",0.5272727272727272,286807.90855034924,1,1.1606024711434408,0.3694312404942949,-3.2806877520725496e-08,3.2806877520725496e-08,True,0.39878712263096827,0.9170435629987652,137271143118461.4,1.4107676299677514e+16,CONVERGED
S4,S4_eta05_cons,"Symmetric Baseline (eta=0.5, beta->0)",0.5272727272727272,286807.90855034924,2,1.1606024216209951,0.3694312247308108,3.808840960080655e-08,3.808840960080655e-08,True,0.39878713977307806,-0.9170434782357875,137271143118461.4,1.4107676299677514e+16,CONVERGED
S4,S4_eta05_cons,"Symmetric Baseline (eta=0.5, beta->0)",0.5272727272727272,286807.90855034924,3,2.5324182026618955,0.8060937498590678,-6.786542002350174e-07,6.786542002350174e-07,True,-0.8201212252625473,-0.5721909936229159,137271143118461.4,1.4107676299677514e+16,CONVERGED
S4,S4_eta05_cons,"Symmetric Baseline (eta=0.5, beta->0)",0.5272727272727272,286807.90855034924,4,2.5324179527266937,0.8060936703022221,1.0870877101299071e-06,1.0870877101299071e-06,True,-0.8201196341309622,0.5721901882589738,137271143118461.4,1.4107676299677514e+16,CONVERGED
S4,S4_eta05_cons,"Symmetric Baseline (eta=0.5, beta->0)",0.544949494949495,296423.11621247785,0,1.6236007510101048e-06,5.168081702619435e-07,3.6449577340348167,3.6449577340348167,False,0.026122513923815358,-4.24125332250158e-08,146629428641108.9,1.5054921779710176e+16,CONVERGED
S4,S4_eta05_cons,"Symmetric Baseline (eta=0.5, beta->0)",0.544949494949495,296423.11621247785,1,2.6049140060652185,0.829169880789182,1.2512509777634788e-06,1.2512509777634788e-06,True,-0.8594104988821082,0.5112837684812434,146629428641108.9,1.5054921779710176e+16,CONVERGED
S4,S4_eta05_cons,"Symmetric Baseline (eta=0.5, beta->0)",0.544949494949495,296423.11621247785,2,1.1972547999745105,0.3810980391128835,2.4618126730525004e-05,2.4618126730525004e-05,True,0.3649060361864333,-0.9310179105223104,146629428641108.9,1.5054921779710176e+16,CONVERGED
S4,S4_eta05_cons,"Symmetric Baseline (eta=0.5, beta->0)",0.544949494949495,296423.11621247785,3,2.6049165908865572,0.8291707035633681,-9.724840423861434e-07,9.724840423861434e-07,True,-0.8594137315627188,-0.5112826840128847,146629428641108.9,1.5054921779710176e+16,CONVERGED
S4,S4_eta05_cons,"Symmetric Baseline (eta=0.5, beta->0)",0.544949494949495,296423.11621247785,4,1.3886359054837932e-05,4.420165370252713e-06,3.349623716787099,3.349623716787099,False,0.03509755823503656,-4.873772956311287e-07,146629428641108.9,1.5054921779710176e+16,CONVERGED
S4,S4_eta05_cons,"Symmetric Baseline (eta=0.5, beta->0)",0.5626262626262627,306038.32387460646,0,1.2335410651374594,0.3926483160469366,0.00016261927462018393,0.00016261927462018393,True,0.33084441828108274,0.9435130021506514,156296277511188.88,2.7319585552642824e+16,CONVERGED
S4,S4_eta05_cons,"Symmetric Baseline (eta=0.5, beta->0)",0.5626262626262627,306038.32387460646,1,2.6770603320978275,0.8521347696172004,6.235194763538872e-05,6.235194763538872e-05,True,-0.8939754427082647,-0.44797679818769515,156296277511188.88,2.7319585552642824e+16,CONVERGED
S4,S4_eta05_cons,"Symmetric Baseline (eta=0.5, beta->0)",0.5626262626262627,306038.32387460646,2,1.233470852829808,0.3926259667752794,8.446109459074912e-05,8.446109459074912e-05,True,0.33093652807668517,-0.9435635148000995,156296277511188.88,2.7319585552642824e+16,CONVERGED
S4,S4_eta05_cons,"Symmetric Baseline (eta=0.5, beta->0)",0.5626262626262627,306038.32387460646,3,2.677044178428174,0.8521296277444516,-5.29690642484902e-05,5.29690642484902e-05,True,-0.8940713053851808,0.4480429048952539,156296277511188.88,2.7319585552642824e+16,CONVERGED
S4,S4_eta05_cons,"Symmetric Baseline (eta=0.5, beta->0)",0.5626262626262627,306038.32387460646,4,4.250223288844709e-06,1.3528880913278559e-06,3.3570971715598974,3.3570971715598974,False,0.03483623593049036,1.480617812483505e-07,156296277511188.88,2.7319585552642824e+16,CONVERGED
S4,S4_eta05_cons,"Symmetric Baseline (eta=0.5, beta->0)",0.5803030303030303,315653.531536735,0,1.2697001479806147,0.40415810959125165,1.7820520725786294e-05,1.7820520725786294e-05,True,0.29656196358609305,-0.9549949535718205,166271689728690.78,2.0417264337047588e+16,CONVERGED
S4,S4_eta05_cons,"Symmetric Baseline (eta=0.5, beta->0)",0.5803030303030303,315653.531536735,1,2.7488407846870846,0.8749831973111077,1.7237721638213253e-06,1.7237721638213253e-06,True,-0.9238577379140759,0.38273154110668983,166271689728690.78,2.0417264337047588e+16,CONVERGED
S4,S4_eta05_cons,"Symmetric Baseline (eta=0.5, beta->0)",0.5803030303030303,315653.531536735,2,1.269571416448776,0.4041171330720038,-2.6787411731733925e-05,2.6787411731733925e-05,True,0.2966981338868673,0.9549993683802469,166271689728690.78,2.0417264337047588e+16,CONVERGED
S4,S4_eta05_cons,"Symmetric Baseline (eta=0.5, beta->0)",0.5803030303030303,315653.531536735,3,2.748839457812833,0.8749827749539157,-1.8937442350490604e-06,1.8937442350490604e-06,True,-0.9238605721513603,-0.382734151493963,166271689728690.78,2.0417264337047588e+16,CONVERGED
S4,S4_eta05_cons,"Symmetric Baseline (eta=0.5, beta->0)",0.5803030303030303,315653.531536735,4,7.534961612183134e-06,2.3984527731732454e-06,3.364655484911111,3.364655484911111,False,0.03457392530440728,-2.6051319995612624e-07,166271689728690.78,2.0417264337047588e+16,CONVERGED
S4,S4_eta05_cons,"Symmetric Baseline (eta=0.5, beta->0)",0.5979797979797981,325268.7391988636,0,1.3056593320185759,0.41560427336963707,2.910504611386244e-05,2.910504611386244e-05,True,0.26203385170437454,-0.9650285240151799,176555665293623.84,4.901904326485862e+16,CONVERGED
S4,S4_eta05_cons,"Symmetric Baseline (eta=0.5, beta->0)",0.5979797979797981,325268.7391988636,1,2.820462303888774,0.8977810349365077,9.42259545647335e-06,9.42259545647335e-06,True,-0.948870300662861,-0.3156363532716538,176555665293623.84,4.901904326485862e+16,CONVERGED
S4,S4_eta05_cons,"Symmetric Baseline (eta=0.5, beta->0)",0.5979797979797981,325268.7391988636,2,1.3055761697823471,0.4155778020076883,1.544587158430063e-05,1.544587158430063e-05,True,0.2621176850150112,0.9650199106424425,176555665293623.84,4.901904326485862e+16,CONVERGED
S4,S4_eta05_cons,"Symmetric Baseline (eta=0.5, beta->0)",0.5979797979797981,325268.7391988636,3,2.8204616954600508,0.89778084126763,-5.8055515028743315e-06,5.8055515028743315e-06,True,-0.9488845582639418,0.31564173719370336,176555665293623.84,4.901904326485862e+16,CONVERGED
S4,S4_eta05_cons,"Symmetric Baseline (eta=0.5, beta->0)",0.5979797979797981,325268.7391988636,4,4.627612428643643e-06,1.4730147854642531e-06,3.3723479112230974,3.3723479112230974,False,0.03430898824314127,-1.587687004092825e-07,176555665293623.84,4.901904326485862e+16,CONVERGED
S4,S4_eta05_cons,"Symmetric Baseline (eta=0.5, beta->0)",0.6156565656565657,334883.9468609921,0,1.341432196972612,0.4269911299416244,1.2255159225132767e-08,1.2255159225132767e-08,True,0.22735834927779497,-0.9738111503281106,187148204205978.12,4.7494711200907224e+16,CONVERGED
S4,S4_eta05_cons,"Symmetric Baseline (eta=0.5, beta->0)",0.6156565656565657,334883.9468609921,1,2.8921562950963633,0.9206019411178571,-6.632932138893892e-08,6.632932138893892e-08,True,-0.9690517792123953,0.2468578171011457,187148204205978.12,4.7494711200907224e+16,CONVERGED
S4,S4_eta05_cons,"Symmetric Baseline (eta=0.5, beta->0)",0.6156565656565657,334883.9468609921,2,1.3414321619313034,0.42699111878762946,-6.463595681870667e-08,6.463595681870667e-08,True,0.22735840088325213,0.9738112172386044,187148204205978.12,4.7494711200907224e+16,CONVERGED
S4,S4_eta05_cons,"Symmetric Baseline (eta=0.5, beta->0)",0.6156565656565657,334883.9468609921,3,2.8921561307549815,0.9206018888063706,-1.3079712915286009e-07,1.3079712915286009e-07,True,-0.9690518011160706,-0.24685799227084404,187148204205978.12,4.7494711200907224e+16,CONVERGED
S4,S4_eta05_cons,"Symmetric Baseline (eta=0.5, beta->0)",0.6156565656565657,334883.9468609921,4,5.111825422086771e-08,1.6271445682958477e-08,3.3801444948527473,3.3801444948527473,False,0.03404253540805825,1.7401949793120136e-09,187148204205978.12,4.7494711200907224e+16,CONVERGED
S4,S4_eta05_cons,"Symmetric Baseline (eta=0.5, beta->0)",0.6333333333333333,344499.15452312067,0,1.377044105330505,0.4383267524378129,7.250925263553086e-05,7.250925263553086e-05,True,0.19252829362428234,0.9812175335589587,198049306465762.34,1.1586226157703398e+16,CONVERGED
S4,S4_eta05_cons,"Symmetric Baseline (eta=0.5, beta->0)",0.6333333333333333,344499.15452312067,1,2.9644187948440504,0.9436038091878997,6.74410485645291e-07,6.74410485645291e-07,True,-0.9843450621111645,0.1762482620547112,198049306465762.34,1.1586226157703398e+16,CONVERGED
S4,S4_eta05_cons,"Symmetric Baseline (eta=0.5, beta->0)",0.6333333333333333,344499.15452312067,2,1.3770676926843286,0.4383342605257239,6.273404732375146e-05,6.273404732375146e-05,True,0.19250703103213948,-0.9812316662130995,198049306465762.34,1.1586226157703398e+16,CONVERGED
S4,S4_eta05_cons,"Symmetric Baseline (eta=0.5, beta->0)",0.6333333333333333,344499.15452312067,3,2.9644182595571777,0.9436036388007961,-6.219861152388264e-07,6.219861152388264e-07,True,-0.9843462438699399,-0.1762490174501552,198049306465762.34,1.1586226157703398e+16,CONVERGED
S4,S4_eta05_cons,"Symmetric Baseline (eta=0.5, beta->0)",0.6333333333333333,344499.15452312067,4,9.95602660391548e-07,3.1691016951351285e-07,3.3880527077224407,3.3880527077224407,False,0.033774381498035196,-3.362586407253403e-08,198049306465762.34,1.1586226157703398e+16,CONVERGED
S4,S4_eta05_cons,"Symmetric Baseline (eta=0.5, beta->0)",0.651010101010101,354114.3621852493,0,1.4125036764882926,0.4496138844971743,3.545445780220692e-07,3.545445780220692e-07,True,0.15763237713619943,0.9874975061181098,209258972072967.62,1.7688358212511006e+16,CONVERGED
S4,S4_eta05_cons,"Symmetric Baseline (eta=0.5, beta->0)",0.651010101010101,354114.3621852493,1,3.039322509384728,0.9674464020380859,1.507902862253638e-06,1.507902862253638e-06,True,-0.9947734652944292,-0.10209180645348598,209258972072967.62,1.7688358212511006e+16,CONVERGED
S4,S4_eta05_cons,"Symmetric Baseline (eta=0.5, beta->0)",0.651010101010101,354114.3621852493,2,1.4125038330858168,0.44961393434371444,-7.92192677331356e-08,7.92192677331356e-08,True,0.15763229087170663,-0.9874979591437573,209258972072967.62,1.7688358212511006e+16,CONVERGED
S4,S4_eta05_cons,"Symmetric Baseline (eta=0.5, beta->0)",0.651010101010101,354114.3621852493,3,3.039276340101264,0.9674317058987213,-5.314894491130575e-05,5.314894491130575e-05,True,-0.9948231231387257,0.10214331700192306,209258972072967.62,1.7688358212511006e+16,CONVERGED
S4,S4_eta05_cons,"Symmetric Baseline (eta=0.5, beta->0)",0.651010101010101,354114.3621852493,4,9.527008247520463e-08,3.032540910940274e-08,3.3960455888164005,3.3960455888164005,False,0.03350550287162746,3.1920720219531633e-09,209258972072967.62,1.7688358212511006e+16,CONVERGED
S4,S4_eta05_cons,"Symmetric Baseline (eta=0.5, beta->0)",0.6686868686868687,363729.5698473778,0,1.4477759862389963,0.4608414093993602,-4.648907928151554e-09,4.648907928151554e-09,True,0.1227102774530561,0.992442540959027,220777201027601.97,4.139502939630802e+16,CONVERGED
S4,S4_eta05_cons,"Symmetric Baseline (eta=0.5, beta->0)",0.6686868686868687,363729.5698473778,1,1.1022315155065817e-06,3.5085118824908715e-07,3.7946977635982244,3.7946977635982244,False,0.022489701996252068,-2.478885831463035e-08,220777201027601.97,4.139502939630802e+16,CONVERGED
S4,S4_eta05_cons,"Symmetric Baseline (eta=0.5, beta->0)",0.6686868686868687,363729.5698473778,2,1.447776231112167,0.46084148734491126,-1.2564788706097256e-07,1.2564788706097256e-07,True,0.12271004927829048,-0.9924426910919971,220777201027601.97,4.139502939630802e+16,CONVERGED
S4,S4_eta05_cons,"Symmetric Baseline (eta=0.5, beta->0)",0.6686868686868687,363729.5698473778,3,3.1415902363833683,0.9999992305792981,0.0249558246484825,0.0249558246484825,False,-0.9753529976353396,2.3576295323274113e-06,220777201027601.97,4.139502939630802e+16,CONVERGED
S4,S4_eta05_cons,"Symmetric Baseline (eta=0.5, beta->0)",0.6686868686868687,363729.5698473778,4,1.1068250383693808e-07,3.523133519887274e-08,3.4041357989220806,3.4041357989220806,False,0.033235529855421414,3.678591660745366e-09,220777201027601.97,4.139502939630802e+16,CONVERGED
S4,S4_eta05_cons,"Symmetric Baseline (eta=0.5, beta->0)",0.6863636363636364,373344.7775095064,0,1.4828740105171232,0.4720134575126067,-2.7667264357929644e-08,2.7667264357929644e-08,True,0.08780908434229856,0.9961373499881918,232603993329668.5,1.386403707462298e+16,CONVERGED
S4,S4_eta05_cons,"Symmetric Baseline (eta=0.5, beta->0)",0.6863636363636364,373344.7775095064,1,0.00017489297352557011,5.567016249726894e-05,3.815617612438059,3.815617612438059,False,0.022024107552484355,-3.851861698373962e-06,232603993329668.5,1.386403707462298e+16,CONVERGED
S4,S4_eta05_cons,"Symmetric Baseline (eta=0.5, beta->0)",0.6863636363636364,373344.7775095064,2,1.4828742192827962,0.4720135239647843,-1.65569251385701e-07,1.65569251385701e-07,True,0.0878088884920319,-0.9961375056890246,232603993329668.5,1.386403707462298e+16,CONVERGED
S4,S4_eta05_cons,"Symmetric Baseline (eta=0.5, beta->0)",0.6863636363636364,373344.7775095064,3,3.1415825438206046,0.9999967819605202,0.04523008048911708,0.04523008048911708,False,-0.9557775507179351,-9.66269043390286e-06,232603993329668.5,1.386403707462298e+16,CONVERGED
S4,S4_eta05_cons,"Symmetric Baseline (eta=0.5, beta->0)",0.6863636363636364,373344.7775095064,4,6.913763743105856e-08,2.200719350169644e-08,3.4123116787681824,3.4123116787681824,False,0.03296490795026756,2.279115853813822e-09,232603993329668.5,1.386403707462298e+16,CONVERGED
S4,S4_eta05_cons,"Symmetric Baseline (eta=0.5, beta->0)",0.704040404040404,382959.98517163494,0,1.5178268996752236,0.4831393076823163,6.644386350705347e-05,6.644386350705347e-05,True,0.05294114294493562,-0.9985310994084524,244739348979149.4,1.193392585195965e+16,CONVERGED
S4,S4_eta05_cons,"Symmetric Baseline (eta=0.5, beta->0)",0.704040404040404,382959.98517163494,1,3.063298964665084,0.9750783447894666,-4.281584450612387e-06,4.281584450612387e-06,True,-0.9969408829488151,0.07821405954687552,244739348979149.4,1.193392585195965e+16,CONVERGED
S4,S4_eta05_cons,"Symmetric Baseline (eta=0.5, beta->0)",0.704040404040404,382959.98517163494,2,1.517831274397472,0.48314070019965727,5.8804360102293194e-05,5.8804360102293194e-05,True,0.05293717906042746,0.9985389593143345,244739348979149.4,1.193392585195965e+16,CONVERGED
S4,S4_eta05_cons,"Symmetric Baseline (eta=0.5, beta->0)",0.704040404040404,382959.98517163494,3,3.0633083542016726,0.9750813335717896,1.4865048757985421e-05,1.4865048757985421e-05,True,-0.9969225294059003,-0.07820320138818372,244739348979149.4,1.193392585195965e+16,CONVERGED
S4,S4_eta05_cons,"Symmetric Baseline (eta=0.5, beta->0)",0.704040404040404,382959.98517163494,4,1.4395739985272182e-07,4.582306356243433e-08,3.4205685289902767,3.4205685289902767,False,0.03269384225715422,-4.706520522534996e-09,244739348979149.4,1.193392585195965e+16,CONVERGED
S4,S4_eta05_cons,"Symmetric Baseline (eta=0.5, beta->0)",0.7217171717171718,392575.19283376355,0,1.5525556886052505,0.49419382453393407,8.528314066493853e-08,8.528314066493853e-08,True,0.018239625144070997,0.9998335589028491,257183267976062.22,1.3027960844552114e+16,CONVERGED
S4,S4_eta05_cons,"Symmetric Baseline (eta=0.5, beta->0)",0.7217171717171718,392575.19283376355,1,2.9872160915616246,0.9508604141113688,-8.040350779048564e-05,8.040350779048564e-05,True,-0.9881870356862903,0.15377646909480205,257183267976062.22,1.3027960844552114e+16,CONVERGED
S4,S4_eta05_cons,"Symmetric Baseline (eta=0.5, beta->0)",0.7217171717171718,392575.19283376355,2,1.5525556014339885,0.4941937967864596,-3.920628806608242e-08,3.920628806608242e-08,True,0.01823971457147557,-0.9998336817815903,257183267976062.22,1.3027960844552114e+16,CONVERGED
S4,S4_eta05_cons,"Symmetric Baseline (eta=0.5, beta->0)",0.7217171717171718,392575.19283376355,3,2.987240370740065,0.9508681424138948,9.688549744392586e-05,9.688549744392586e-05,True,-0.9880155891321423,-0.15372522047264944,257183267976062.22,1.3027960844552114e+16,CONVERGED
S4,S4_eta05_cons,"Symmetric Baseline (eta=0.5, beta->0)",0.7217171717171718,392575.19283376355,4,4.301085256282068e-09,1.3690779583939252e-09,3.428897444233305,3.428897444233305,False,0.03242266887371427,-1.3945266306204797e-10,257183267976062.22,1.3027960844552114e+16,CONVERGED
S4,S4_eta05_cons,"Symmetric Baseline (eta=0.5, beta->0)",0.7393939393939394,402190.40049589204,0,1.5871441814112996,0.5052036837422964,-3.7320796272559593e-08,3.7320796272559593e-08,True,-0.016347127069125597,0.9998664141164965,269935750320404.16,2.1316885430114256e+16,CONVERGED
S4,S4_eta05_cons,"Symmetric Baseline (eta=0.5, beta->0)",0.7393939393939394,402190.40049589204,1,2.91573380754266,0.9281068964211349,-3.2056845824189673e-06,3.2056845824189673e-06,True,-0.9746052578352312,0.22394419570428742,269935750320404.16,2.1316885430114256e+16,CONVERGED
S4,S4_eta05_cons,"Symmetric Baseline (eta=0.5, beta->0)",0.7393939393939394,402190.40049589204,2,1.5871441580924726,0.5052036763196832,-4.643899098042826e-08,4.643899098042826e-08,True,-0.016347103902469632,-0.9998664236146687,269935750320404.16,2.1316885430114256e+16,CONVERGED
S4,S4_eta05_cons,"Symmetric Baseline (eta=0.5, beta->0)",0.7393939393939394,402190.40049589204,3,2.9157299733906377,0.9281056759726409,1.006050381467576e-05,1.006050381467576e-05,True,-0.9745914699921651,-0.2239449615716049,269935750320404.16,2.1316885430114256e+16,CONVERGED
S4,S4_eta05_cons,"Symmetric Baseline (eta=0.5, beta->0)",0.7393939393939394,402190.40049589204,4,8.27191741611729e-08,2.6330330912460106e-08,3.4372974266342293,3.4372974266342293,False,0.03215145969664254,-2.6595421941825115e-09,269935750320404.16,2.1316885430114256e+16,CONVERGED
S4,S4_eta05_cons,"Symmetric Baseline (eta=0.5, beta->0)",0.7570707070707071,411805.6081580207,0,1.621567636994748,0.5161610099711167,5.366559410940278e-08,5.366559410940278e-08,True,-0.050749497866952244,0.9987113602713598,282996796012167.94,1.44061042608124e+16,CONVERGED
S4,S4_eta05_cons,"Symmetric Baseline (eta=0.5, beta->0)",0.7570707070707071,411805.6081580207,1,2.8456826808331313,0.9058089302511784,3.0319417549339946e-06,3.0319417549339946e-06,True,-0.9565342807138358,0.2916095093685049,282996796012167.94,1.44061042608124e+16,CONVERGED
S4,S4_eta05_cons,"Symmetric Baseline (eta=0.5, beta->0)",0.7570707070707071,411805.6081580207,2,1.6215675255551967,0.5161609744988057,1.3523798227327372e-08,1.3523798227327372e-08,True,-0.05074938860817762,-0.9987114060169234,282996796012167.94,1.44061042608124e+16,CONVERGED
S4,S4_eta05_cons,"Symmetric Baseline (eta=0.5, beta->0)",0.7570707070707071,411805.6081580207,3,2.8456912470326907,0.9058116569571851,2.5024358973657314e-05,2.5024358973657314e-05,True,-0.9565157423393906,-0.29159490254699816,282996796012167.94,1.44061042608124e+16,CONVERGED
S4,S4_eta05_cons,"Symmetric Baseline (eta=0.5, beta->0)",0.7570707070707071,411805.6081580207,4,1.5200755013452085e-07,4.838550598239619e-08,3.44576224589876,3.44576224589876,False,0.03188045203486861,-4.846069411001515e-09,282996796012167.94,1.44061042608124e+16,CONVERGED
S4,S4_eta05_cons,"Symmetric Baseline (eta=0.5, beta->0)",0.7747474747474747,421420.81582014915,0,1.6558285725100312,0.5270666044555367,6.962665627347575e-08,6.962665627347575e-08,True,-0.08492980614250116,0.9963868670226913,296366405051357.1,1.5297724472311208e+16,CONVERGED
S4,S4_eta05_cons,"Symmetric Baseline (eta=0.5, beta->0)",0.7747474747474747,421420.81582014915,1,2.7761913033204304,0.8836891377843558,-4.4293386000720466e-05,4.4293386000720466e-05,True,-0.9340217943094045,-0.3573400039891503,296366405051357.1,1.5297724472311208e+16,CONVERGED
S4,S4_eta05_cons,"Symmetric Baseline (eta=0.5, beta->0)",0.7747474747474747,421420.81582014915,2,1.6558284769897975,0.527066574050502,-9.865631175380285e-08,9.865631175380285e-08,True,-0.08492972525961948,-0.9963870428101564,296366405051357.1,1.5297724472311208e+16,CONVERGED
S4,S4_eta05_cons,"Symmetric Baseline (eta=0.5, beta->0)",0.7747474747474747,421420.81582014915,3,2.7761776322010996,0.8836847861319175,6.19793979848968e-05,6.19793979848968e-05,True,-0.933917653681239,0.35731479822298656,296366405051357.1,1.5297724472311208e+16,CONVERGED
S4,S4_eta05_cons,"Symmetric Baseline (eta=0.5, beta->0)",0.7747474747474747,421420.81582014915,4,2.2278212321403253e-07,7.091375228404193e-08,3.4542873454549654,3.4542873454549654,False,0.03160982321523536,-7.042103530310466e-09,296366405051357.1,1.5297724472311208e+16,CONVERGED
S4,S4_eta05_cons,"Symmetric Baseline (eta=0.5, beta->0)",0.7924242424242425,431036.0234822779,0,1.6899296350912232,0.5379213098045021,8.211041779202094e-08,8.211041779202094e-08,True,-0.11885169366847038,0.9929119350130272,310044577437977.75,3.0414453006267984e+16,CONVERGED
S4,S4_eta05_cons,"Symmetric Baseline (eta=0.5, beta->0)",0.7924242424242425,431036.0234822779,1,2.7067617110731423,0.8615890121783345,-8.21339901595661e-07,8.21339901595661e-07,True,-0.9069420168289013,-0.4212574281736493,310044577437977.75,3.0414453006267984e+16,CONVERGED
S4,S4_eta05_cons,"Symmetric Baseline (eta=0.5, beta->0)",0.7924242424242425,431036.0234822779,2,1.689929530411558,0.5379212764839298,-8.353693321903665e-09,8.353693321903665e-09,True,-0.11885160048258488,-0.9929120372772781,310044577437977.75,3.0414453006267984e+16,CONVERGED
S4,S4_eta05_cons,"Symmetric Baseline (eta=0.5, beta->0)",0.7924242424242425,431036.0234822779,3,2.7067654440819626,0.8615902004319471,2.567093064551355e-06,2.567093064551355e-06,True,-0.9069405162679268,0.42125261515949924,310044577437977.75,3.0414453006267984e+16,CONVERGED
S4,S4_eta05_cons,"Symmetric Baseline (eta=0.5, beta->0)",0.7924242424242425,431036.0234822779,4,1.334537635498313e-08,4.247965228634531e-09,3.462868290463156,3.462868290463156,False,0.0313397414959314,4.182406451310865e-10,310044577437977.75,3.0414453006267984e+16,CONVERGED
S4,S4_eta05_cons,"Symmetric Baseline (eta=0.5, beta->0)",0.8101010101010101,440651.2311444063,0,1.7236054734984059,0.5486406620950363,-6.345495226982779e-05,6.345495226982779e-05,True,-0.1522248013150287,0.9884101010322296,324031313172019.94,3.587245418909617e+16,CONVERGED
S4,S4_eta05_cons,"Symmetric Baseline (eta=0.5, beta->0)",0.8101010101010101,440651.2311444063,1,2.637629542181797,0.8395835593668917,-1.7595141886020846e-06,1.7595141886020846e-06,True,-0.8756771990504053,0.482900571647835,324031313172019.94,3.587245418909617e+16,CONVERGED
S4,S4_eta05_cons,"Symmetric Baseline (eta=0.5, beta->0)",0.8101010101010101,440651.2311444063,2,1.7237628964291953,0.5486907713702185,-9.801175839972902e-05,9.801175839972902e-05,True,-0.1523856637139481,-0.9884202811684532,324031313172019.94,3.587245418909617e+16,CONVERGED
S4,S4_eta05_cons,"Symmetric Baseline (eta=0.5, beta->0)",0.8101010101010101,440651.2311444063,3,2.637628791922591,0.8395833205519693,5.0756793152658735e-06,5.0756793152658735e-06,True,-0.8756708513493892,-0.48289792792051855,324031313172019.94,3.587245418909617e+16,CONVERGED
S4,S4_eta05_cons,"Symmetric Baseline (eta=0.5, beta->0)",0.8101010101010101,440651.2311444063,4,1.0056286110084565e-05,3.201015287132653e-06,3.47151569357802,3.47151569357802,False,0.03106990250089588,3.124478289719734e-07,324031313172019.94,3.587245418909617e+16,CONVERGED
S4,S4_eta05_cons,"Symmetric Baseline (eta=0.5, beta->0)",0.8277777777777778,450266.438806535,0,1.7572051352827158,0.5593357666134138,-7.049864013140257e-06,7.049864013140257e-06,True,-0.1853324260235254,0.9826830575987674,338326612253487.44,2.6552090172282984e+16,CONVERGED
S4,S4_eta05_cons,"Symmetric Baseline (eta=0.5, beta->0)",0.8277777777777778,450266.438806535,1,2.5685232945584904,0.8175863575513281,1.7455223680149365e-06,1.7455223680149365e-06,True,-0.8402392208463276,0.5422126526676724,338326612253487.44,2.6552090172282984e+16,CONVERGED
S4,S4_eta05_cons,"Symmetric Baseline (eta=0.5, beta->0)",0.8277777777777778,450266.438806535,2,2.5685206360701818,0.8175855113282172,-2.694916292006449e-06,2.694916292006449e-06,True,-0.8402415104099634,-0.5422172941091906,338326612253487.44,2.6552090172282984e+16,CONVERGED
S4,S4_eta05_cons,"Symmetric Baseline (eta=0.5, beta->0)",0.8277777777777778,450266.438806535,3,2.55651920290528e-05,8.137653365034549e-06,3.4802019408943234,3.4802019408943234,False,0.030801190374672577,7.874383468234682e-07,338326612253487.44,2.6552090172282984e+16,CONVERGED
S4,S4_eta05_cons,"Symmetric Baseline (eta=0.5, beta->0)",0.8277777777777778,450266.438806535,4,9.840366235307167e-07,3.132285856367441e-07,3.978374818397003,3.978374818397003,False,0.018716031584786658,1.8417260526593656e-08,338326612253487.44,2.6552090172282984e+16,CONVERGED
S4,S4_eta05_cons,"Symmetric Baseline (eta=0.5, beta->0)",0.8454545454545455,459881.6464686634,0,1.791301149154597,0.5701888649082932,-1.263608162403946e-07,1.263608162403946e-07,True,-0.21872227774363381,0.975787281091684,352930474682382.7,1.3889861634094286e+16,CONVERGED
S4,S4_eta05_cons,"Symmetric Baseline (eta=0.5, beta->0)",0.8454545454545455,459881.6464686634,1,2.499414276385052,0.7955882738422675,1.5322236655417465e-06,1.5322236655417465e-06,True,-0.8007917118813059,-0.5989403724408398,352930474682382.7,1.3889861634094286e+16,CONVERGED
S4,S4_eta05_cons,"Symmetric Baseline (eta=0.5, beta->0)",0.8454545454545455,459881.6464686634,2,2.4994126167149036,0.7955877455528514,1.2729666785280104e-07,1.2729666785280104e-07,True,-0.8007918428900356,0.5989425429600717,352930474682382.7,1.3889861634094286e+16,CONVERGED
S4,S4_eta05_cons,"Symmetric Baseline (eta=0.5, beta->0)",0.8454545454545455,459881.6464686634,3,4.1489384511236726e-08,1.3206481261607291e-08,3.48890264180856,3.48890264180856,False,0.030534360924358815,-1.2668518411956054e-09,352930474682382.7,1.3889861634094286e+16,CONVERGED
S4,S4_eta05_cons,"Symmetric Baseline (eta=0.5, beta->0)",0.8454545454545455,459881.6464686634,4,1.7913012861850675,0.5701889085264467,-1.7499618163804454e-07,1.7499618163804454e-07,True,-0.2187224220938667,-0.9757872985778289,352930474682382.7,1.3889861634094286e+16,CONVERGED
S4,S4_eta05_cons,"Symmetric Baseline (eta=0.5, beta->0)",0.8631313131313132,469496.85413079214,0,1.824794907182373,0.580850259213982,1.4195936817847184e-06,1.4195936817847184e-06,True,-0.25127588860276556,0.9679140398938108,367842900458706.44,4.483416426781505e+16,CONVERGED
S4,S4_eta05_cons,"Symmetric Baseline (eta=0.5, beta->0)",0.8631313131313132,469496.85413079214,1,2.430207575089935,0.7735590966298632,1.5951327246279603e-06,1.5951327246279603e-06,True,-0.7574570996551969,-0.6528824947274791,367842900458706.44,4.483416426781505e+16,CONVERGED
S4,S4_eta05_cons,"Symmetric Baseline (eta=0.5, beta->0)",0.8631313131313132,469496.85413079214,2,2.430207966839369,0.7735592213275808,-1.313670382791547e-06,1.313670382791547e-06,True,-0.7574595587190002,0.6528840971025673,367842900458706.44,4.483416426781505e+16,CONVERGED
S4,S4_eta05_cons,"Symmetric Baseline (eta=0.5, beta->0)",0.8631313131313132,469496.85413079214,3,3.7750764487730376e-07,1.2016441547440543e-07,3.497665336682187,3.497665336682187,False,0.03026796650749595,-1.1426388751470447e-08,367842900458706.44,4.483416426781505e+16,CONVERGED
S4,S4_eta05_cons,"Symmetric Baseline (eta=0.5, beta->0)",0.8631313131313132,469496.85413079214,4,1.824792664500237,0.5808495453460866,-2.3348329915640625e-06,2.3348329915640625e-06,True,-0.251274661269127,-0.9679182373945495,367842900458706.44,4.483416426781505e+16,CONVERGED
S4,S4_eta05_cons,"Symmetric Baseline (eta=0.5, beta->0)",0.8808080808080808,479112.06179292063,0,1.8581354928773381,0.5914628972518473,3.323578435050983e-07,3.323578435050983e-07,True,-0.2834013938419911,-0.959001035063545,383063889582452.2,4.886290349124505e+16,CONVERGED
S4,S4_eta05_cons,"Symmetric Baseline (eta=0.5, beta->0)",0.8808080808080808,479112.06179292063,1,2.3608559214814013,0.7514837796630731,2.5997780397651447e-05,2.5997780397651447e-05,True,-0.7103767481383316,0.7037846840443175,383063889582452.2,4.886290349124505e+16,CONVERGED
S4,S4_eta05_cons,"Symmetric Baseline (eta=0.5, beta->0)",0.8808080808080808,479112.06179292063,2,2.360845583502928,0.7514804889823219,-5.285434996197122e-05,5.285434996197122e-05,True,-0.7104254887441738,-0.7038475255549935,383063889582452.2,4.886290349124505e+16,CONVERGED
S4,S4_eta05_cons,"Symmetric Baseline (eta=0.5, beta->0)",0.8808080808080808,479112.06179292063,3,1.4017880431265071e-08,4.462029924613972e-09,3.5064639638214343,3.5064639638214343,False,0.0300028181373131,4.205759172498461e-10,383063889582452.2,4.886290349124505e+16,CONVERGED
S4,S4_eta05_cons,"Symmetric Baseline (eta=0.5, beta->0)",0.8808080808080808,479112.06179292063,4,1.8581355875060852,0.591462927373113,3.308858945429662e-07,3.308858945429662e-07,True,-0.28340148500820883,0.9590010096572223,383063889582452.2,4.886290349124505e+16,CONVERGED
S4,S4_eta05_cons,"Symmetric Baseline (eta=0.5, beta->0)",0.8984848484848484,488727.2694550492,0,1.8913373582863702,0.6020313792512858,-1.6708133325670816e-07,1.6708133325670816e-07,True,-0.31508013344988595,0.9490652473186048,398593442053630.06,1.680795284316472e+16,CONVERGED
S4,S4_eta05_cons,"Symmetric Baseline (eta=0.5, beta->0)",0.8984848484848484,488727.2694550492,1,2.2912835178894886,0.7293381957941987,1.001245465197569e-05,1.001245465197569e-05,True,-0.6597442610663425,0.7514768694252797,398593442053630.06,1.680795284316472e+16,CONVERGED
S4,S4_eta05_cons,"Symmetric Baseline (eta=0.5, beta->0)",0.8984848484848484,488727.2694550492,2,2.2912872067267678,0.7293393699875731,-2.27706603697537e-05,2.27706603697537e-05,True,-0.6597686620551464,-0.7514990718076259,398593442053630.06,1.680795284316472e+16,CONVERGED
S4,S4_eta05_cons,"Symmetric Baseline (eta=0.5, beta->0)",0.8984848484848484,488727.2694550492,3,1.4439998614288953e-07,4.596394315408412e-08,3.51529546771498,3.51529546771498,False,0.029739014737113843,4.294313315942456e-09,398593442053630.06,1.680795284316472e+16,CONVERGED
S4,S4_eta05_cons,"Symmetric Baseline (eta=0.5, beta->0)",0.8984848484848484,488727.2694550492,4,1.8913377841677201,0.6020315148135299,-4.2085027237903374e-07,4.2085027237903374e-07,True,-0.31508061759671013,-0.9490653539750435,398593442053630.06,1.680795284316472e+16,CONVERGED
S4,S4_eta05_cons,"Symmetric Baseline (eta=0.5, beta->0)",0.9161616161616162,498342.4771171778,0,1.9243999049635523,0.612555514721046,-7.038989212456399e-08,7.038989212456399e-08,True,-0.34628070110941506,0.938131023268587,414431557872229.5,2.6524961741130176e+17,CONVERGED
S4,S4_eta05_cons,"Symmetric Baseline (eta=0.5, beta->0)",0.9161616161616162,498342.4771171778,1,2.2214828877789903,0.707119965168169,3.0809010106162233e-06,3.0809010106162233e-06,True,-0.6057309569371245,-0.7956656622130919,414431557872229.5,2.6524961741130176e+17,CONVERGED
S4,S4_eta05_cons,"Symmetric Baseline (eta=0.5, beta->0)",0.9161616161616162,498342.4771171778,2,2.2214817026464724,0.7071195879287722,-1.6801127000616015e-06,1.6801127000616015e-06,True,-0.605732897863216,0.7956701682715498,414431557872229.5,2.6524961741130176e+17,CONVERGED
S4,S4_eta05_cons,"Symmetric Baseline (eta=0.5, beta->0)",0.9161616161616162,498342.4771171778,3,2.4879260107063366e-07,7.919314453016264e-08,3.5241562123530117,3.5241562123530117,False,0.02947666892780889,-7.333577133447651e-09,414431557872229.5,2.6524961741130176e+17,CONVERGED
S4,S4_eta05_cons,"Symmetric Baseline (eta=0.5, beta->0)",0.9161616161616162,498342.4771171778,4,1.924400783292614,0.6125557943018696,-8.832491816295589e-07,8.832491816295589e-07,True,-0.34628180657529184,-0.9381314816884015,414431557872229.5,2.6524961741130176e+17,CONVERGED
S4,S4_eta05_cons,"Symmetric Baseline (eta=0.5, beta->0)",0.9338383838383838,507957.6847793063,0,1.957327833675952,0.6230367999617579,-4.210251262993308e-07,4.210251262993308e-07,True,-0.3769782526475112,0.926222564549923,430578237038252.0,1.7135469515691858e+16,CONVERGED
S4,S4_eta05_cons,"Symmetric Baseline (eta=0.5, beta->0)",0.9338383838383838,507957.6847793063,1,2.1513573330479905,0.6847983078231693,1.3761668548713545e-05,1.3761668548713545e-05,True,-0.5484855631766382,0.8361435666370173,430578237038252.0,1.7135469515691858e+16,CONVERGED
S4,S4_eta05_cons,"Symmetric Baseline (eta=0.5, beta->0)",0.9338383838383838,507957.6847793063,2,2.151343326494183,0.6847938493986211,-2.4745423675178885e-05,2.4745423675178885e-05,True,-0.5484949721728097,-0.8361834473207367,430578237038252.0,1.7135469515691858e+16,CONVERGED
S4,S4_eta05_cons,"Symmetric Baseline (eta=0.5, beta->0)",0.9338383838383838,507957.6847793063,3,3.7165169175906612e-06,1.183004077038416e-06,3.533043138957081,3.533043138957081,False,0.029215872490131214,1.0858128437224418e-07,430578237038252.0,1.7135469515691858e+16,CONVERGED
S4,S4_eta05_cons,"Symmetric Baseline (eta=0.5, beta->0)",0.9338383838383838,507957.6847793063,4,1.957323791673542,0.6230355133524308,-2.2146195153270785e-06,2.2146195153270785e-06,True,-0.3769751849905636,-0.9262257495611802,430578237038252.0,1.7135469515691858e+16,CONVERGED
S4,S4_eta05_cons,"Symmetric Baseline (eta=0.5, beta->0)",0.9515151515151515,517572.89244143496,0,1.9898987632028904,0.6334044488323779,3.4922231690168104e-05,3.4922231690168104e-05,True,-0.4069265225000265,0.9134226640836776,447033479551704.44,1.6471469378083346e+16,CONVERGED
S4,S4_eta05_cons,"Symmetric Baseline (eta=0.5, beta->0)",0.9515151515151515,517572.89244143496,1,2.0807726152213215,0.6623304943254473,4.464040037669944e-06,4.464040037669944e-06,True,-0.4881543734545365,0.872752186841711,447033479551704.44,1.6471469378083346e+16,CONVERGED
S4,S4_eta05_cons,"Symmetric Baseline (eta=0.5, beta->0)",0.9515151515151515,517572.89244143496,2,2.0807698817986555,0.6623296242499896,-7.67902569008011e-06,7.67902569008011e-06,True,-0.4881579155497671,-0.872764119138397,447033479551704.44,1.6471469378083346e+16,CONVERGED
S4,S4_eta05_cons,"Symmetric Baseline (eta=0.5, beta->0)",0.9515151515151515,517572.89244143496,3,5.1848883770124135e-05,1.6504012291624807e-05,3.5419564718295775,3.5419564718295775,False,0.028956618778306648,1.5013683627575949e-06,447033479551704.44,1.6471469378083346e+16,CONVERGED
S4,S4_eta05_cons,"Symmetric Baseline (eta=0.5, beta->0)",0.9515151515151515,517572.89244143496,4,1.9901215618474388,0.633475367843566,-7.794767035694782e-06,7.794767035694782e-06,True,-0.40714741347411815,-0.9133709943702637,447033479551704.44,1.6471469378083346e+16,CONVERGED
S4,S4_eta05_cons,"Symmetric Baseline (eta=0.5, beta->0)",0.9691919191919192,527188.1001035634,0,2.009708655894165,0.6397101335202506,9.179850469191924e-05,9.179850469191924e-05,True,-0.4249161327983861,-0.9051313164017584,463797285412582.5,3.0310143858316784e+16,CONVERGED
S4,S4_eta05_cons,"Symmetric Baseline (eta=0.5, beta->0)",0.9691919191919192,527188.1001035634,1,2.022787563756438,0.6438732791932991,1.8353849271780555e-07,1.8353849271780555e-07,True,-0.4367575939923818,-0.8995790332222443,463797285412582.5,3.0310143858316784e+16,CONVERGED
S4,S4_eta05_cons,"Symmetric Baseline (eta=0.5, beta->0)",0.9691919191919192,527188.1001035634,2,2.022790996590451,0.643874371898303,-1.3645368982702616e-06,1.3645368982702616e-06,True,-0.43676135823429807,0.8995789265155402,463797285412582.5,3.0310143858316784e+16,CONVERGED
S4,S4_eta05_cons,"Symmetric Baseline (eta=0.5, beta->0)",0.9691919191919192,527188.1001035634,3,1.8488874943795353e-06,5.885191679025838e-07,3.550890292024446,3.550890292024446,False,0.028699077717083906,-5.306136589140328e-08,463797285412582.5,3.0310143858316784e+16,CONVERGED
S4,S4_eta05_cons,"Symmetric Baseline (eta=0.5, beta->0)",0.9691919191919192,527188.1001035634,4,2.0097209938193257,0.6397140608038042,-8.729916211619574e-05,8.729916211619574e-05,True,-0.4250034105119026,0.9052881942346637,463797285412582.5,3.0310143858316784e+16,CONVERGED
S4,S4_eta05_cons,"Symmetric Baseline (eta=0.5, beta->0)",0.9868686868686869,536803.3077656921,0,1.9381170260923661,0.616921809986328,6.78169095596316e-06,6.78169095596316e-06,True,-0.3591137162801434,0.9332865452204564,480869654620889.75,1.612429682322555e+16,CONVERGED
S4,S4_eta05_cons,"Symmetric Baseline (eta=0.5, beta->0)",0.9868686868686869,536803.3077656921,1,2.0553279208357464,0.6542311965515936,-6.120728978504549e-07,6.120728978504549e-07,True,-0.4657942064016531,-0.8848937684429692,480869654620889.75,1.612429682322555e+16,CONVERGED
S4,S4_eta05_cons,"Symmetric Baseline (eta=0.5, beta->0)",0.9868686868686869,536803.3077656921,2,2.0553316768395806,0.6542323921247466,-1.124228483879632e-05,1.124228483879632e-05,True,-0.46580248161553894,0.8849014255516051,480869654620889.75,1.612429682322555e+16,CONVERGED
S4,S4_eta05_cons,"Symmetric Baseline (eta=0.5, beta->0)",0.9868686868686869,536803.3077656921,3,1.0152904301191069e-05,3.231769812547048e-06,3.5598398477733806,3.5598398477733806,False,0.028443379618548353,2.8878291127949265e-07,480869654620889.75,1.612429682322555e+16,CONVERGED
S4,S4_eta05_cons,"Symmetric Baseline (eta=0.5, beta->0)",0.9868686868686869,536803.3077656921,4,1.938109923811678,0.6169195492601705,5.085514431663529e-06,5.085514431663529e-06,True,-0.35910769691760813,-0.9332906787477269,480869654620889.75,1.612429682322555e+16,CONVERGED
S4,S4_eta05_cons,"Symmetric Baseline (eta=0.5, beta->0)",1.0045454545454544,546418.5154278205,0,1.8658606654720404,0.5939218960612171,7.31014333681065e-06,7.31014333681065e-06,True,-0.29079928311376013,0.9567764403248679,498250587176617.1,2.3934920088431856e+16,CONVERGED
S4,S4_eta05_cons,"Symmetric Baseline (eta=0.5, beta->0)",1.0045454545454544,546418.5154278205,1,2.0877449496975053,0.6645498573189967,5.607765404362595e-08,5.607765404362595e-08,True,-0.4942297574688353,0.8693312571609251,498250587176617.1,2.3934920088431856e+16,CONVERGED
S4,S4_eta05_cons,"Symmetric Baseline (eta=0.5, beta->0)",1.0045454545454544,546418.5154278205,2,2.087743228426349,0.6645493094213709,4.441537952960306e-08,4.441537952960306e-08,True,-0.49422826687711074,-0.869332118001453,498250587176617.1,2.3934920088431856e+16,CONVERGED
S4,S4_eta05_cons,"Symmetric Baseline (eta=0.5, beta->0)",1.0045454545454544,546418.5154278205,3,5.4248032150622845e-06,1.7267684939559375e-06,3.568801253470992,3.568801253470992,False,0.02818962564972747,-1.5292317185754392e-07,498250587176617.1,2.3934920088431856e+16,CONVERGED
S4,S4_eta05_cons,"Symmetric Baseline (eta=0.5, beta->0)",1.0045454545454544,546418.5154278205,4,1.865855191495587,0.5939201536403953,-2.0732472562642516e-06,2.0732472562642516e-06,True,-0.2907967743846131,-0.9567870100030694,498250587176617.1,2.3934920088431856e+16,CONVERGED
S4,S4_eta05_cons,"Symmetric Baseline (eta=0.5, beta->0)",1.0222222222222221,556033.7230899491,0,1.7928224618280335,0.5706731137722247,4.002967919297139e-05,4.002967919297139e-05,True,-0.22019765918025339,0.9754142375103082,515940083079775.8,4.564775623082885e+16,CONVERGED
S4,S4_eta05_cons,"Symmetric Baseline (eta=0.5, beta->0)",1.0222222222222221,556033.7230899491,1,2.1200430197290996,0.6748306523147096,-1.4119048376504666e-07,1.4119048376504666e-07,True,-0.5220449416478835,-0.85291814453725,515940083079775.8,4.564775623082885e+16,CONVERGED
S4,S4_eta05_cons,"Symmetric Baseline (eta=0.5, beta->0)",1.0222222222222221,556033.7230899491,2,2.1200424763809846,0.674830479361633,1.6396560571168028e-07,1.6396560571168028e-07,True,-0.5220443189113134,0.8529181679160465,515940083079775.8,4.564775623082885e+16,CONVERGED
S4,S4_eta05_cons,"Symmetric Baseline (eta=0.5, beta->0)",1.0222222222222221,556033.7230899491,3,9.360678132306745e-07,2.9795963908976587e-07,3.5777784751893993,3.5777784751893993,False,0.027937693647175806,2.6151575799028002e-08,515940083079775.8,4.564775623082885e+16,CONVERGED
S4,S4_eta05_cons,"Symmetric Baseline (eta=0.5, beta->0)",1.0222222222222221,556033.7230899491,4,1.7927925349046865,0.5706635877366604,-4.592417982862277e-05,4.592417982862277e-05,True,-0.22018739307732005,-0.9755046716995571,515940083079775.8,4.564775623082885e+16,CONVERGED
S4,S4_eta05_cons,"Symmetric Baseline (eta=0.5, beta->0)",1.0398989898989899,565648.9307520777,0,1.7188375800649365,0.5471229944788921,-1.2879891564915828e-06,1.2879891564915828e-06,True,-0.14750128490268902,-0.9890631663011653,533938142330357.6,2.0333653679733116e+16,CONVERGED
S4,S4_eta05_cons,"Symmetric Baseline (eta=0.5, beta->0)",1.0398989898989899,565648.9307520777,1,2.152225922566477,0.6850747884539392,8.80381237684505e-08,8.80381237684505e-08,True,-0.5492191314894939,0.8356782691500922,533938142330357.6,2.0333653679733116e+16,CONVERGED
S4,S4_eta05_cons,"Symmetric Baseline (eta=0.5, beta->0)",1.0398989898989899,565648.9307520777,2,2.1522258123942515,0.6850747533850307,2.0047216239075552e-07,2.0047216239075552e-07,True,-0.5492189776700444,-0.835678235700097,533938142330357.6,2.0333653679733116e+16,CONVERGED
S4,S4_eta05_cons,"Symmetric Baseline (eta=0.5, beta->0)",1.0398989898989899,565648.9307520777,3,3.5382887835221456e-07,1.1262722999683173e-07,3.5867678614530636,3.5867678614530636,False,0.027687676362285422,9.796699471446984e-09,533938142330357.6,2.0333653679733116e+16,CONVERGED
S4,S4_eta05_cons,"Symmetric Baseline (eta=0.5, beta->0)",1.0398989898989899,565648.9307520777,4,1.718834895123387,0.5471221398354531,-2.9458798277488366e-06,2.9458798277488366e-06,True,-0.14749887386217123,0.9890652020905413,533938142330357.6,2.0333653679733116e+16,CONVERGED
S4,S4_eta05_cons,"Symmetric Baseline (eta=0.5, beta->0)",1.0575757575757576,575264.1384142063,0,1.643931603519845,0.5232796816103383,4.3243588569438276e-05,4.3243588569438276e-05,True,-0.07306693713424486,0.9972836804343033,552244764928369.25,3.3365836920996936e+16,CONVERGED
S4,S4_eta05_cons,"Symmetric Baseline (eta=0.5, beta->0)",1.0575757575757576,575264.1384142063,1,2.184297142138781,0.6952833747057747,-8.356621977055946e-08,8.356621977055946e-08,True,-0.5757334282640523,0.8176375643962152,552244764928369.25,3.3365836920996936e+16,CONVERGED
S4,S4_eta05_cons,"Symmetric Baseline (eta=0.5, beta->0)",1.0575757575757576,575264.1384142063,2,2.1842972791604356,0.695283418321122,-5.4133866396365525e-08,5.4133866396365525e-08,True,-0.575733523352906,-0.8176374614432655,552244764928369.25,3.3365836920996936e+16,CONVERGED
S4,S4_eta05_cons,"Symmetric Baseline (eta=0.5, beta->0)",1.0575757575757576,575264.1384142063,3,6.221427020154006e-07,1.9803417266859815e-07,3.595766083654419,3.595766083654419,False,0.027439654051553186,-1.7071380514003336e-08,552244764928369.25,3.3365836920996936e+16,CONVERGED
S4,S4_eta05_cons,"Symmetric Baseline (eta=0.5, beta->0)",1.0575757575757576,575264.1384142063,4,1.643930911271218,0.5232794612607566,-6.082209115454321e-06,6.082209115454321e-06,True,-0.07306985090576221,-0.9973329240433344,552244764928369.25,3.3365836920996936e+16,CONVERGED
S4,S4_eta05_cons,"Symmetric Baseline (eta=0.5, beta->0)",1.0752525252525253,584879.3460763348,0,1.5675335305562557,0.49896141970063734,8.496429397298652e-07,8.496429397298652e-07,True,0.0032627876772377,0.9999938274470186,570859950873807.8,2.0803252050024936e+16,CONVERGED
S4,S4_eta05_cons,"Symmetric Baseline (eta=0.5, beta->0)",1.0752525252525253,584879.3460763348,1,2.216260745032614,0.7054577055049345,1.5906720298067862e-07,1.5906720298067862e-07,True,-0.6015693944817249,-0.7988203461908914,570859950873807.8,2.0803252050024936e+16,CONVERGED
S4,S4_eta05_cons,"Symmetric Baseline (eta=0.5, beta->0)",1.0752525252525253,584879.3460763348,2,2.216260831710447,0.7054577330953457,2.5414405232429843e-07,2.5414405232429843e-07,True,-0.6015694065264124,0.7988202180988438,570859950873807.8,2.0803252050024936e+16,CONVERGED
S4,S4_eta05_cons,"Symmetric Baseline (eta=0.5, beta->0)",1.0752525252525253,584879.3460763348,3,2.3874539870865224e-06,7.599502068985483e-07,3.6047578314287296,3.6047578314287296,False,0.02719402955491928,6.492449428596412e-08,570859950873807.8,2.0803252050024936e+16,CONVERGED
S4,S4_eta05_cons,"Symmetric Baseline (eta=0.5, beta->0)",1.0752525252525253,584879.3460763348,4,1.5675352848267652,0.49896197810228354,-7.464084703440541e-07,7.464084703440541e-07,True,0.003261038622332594,-0.9999954292121332,570859950873807.8,2.0803252050024936e+16,CONVERGED
S4,S4_eta05_cons,"Symmetric Baseline (eta=0.5, beta->0)",1.0929292929292929,594494.5537384634,0,1.4897551239251308,0.47420378393832735,1.69831149909745e-05,1.69831149909745e-05,True,0.08095114844660618,-0.9967010313589725,589783700166661.9,7.684201537348765e+16,CONVERGED
S4,S4_eta05_cons,"Symmetric Baseline (eta=0.5, beta->0)",1.0929292929292929,594494.5537384634,1,2.2481201321203312,0.7155988633827111,-9.221359794478764e-08,9.221359794478764e-08,True,-0.6267098966124667,0.7792527766490179,589783700166661.9,7.684201537348765e+16,CONVERGED
S4,S4_eta05_cons,"Symmetric Baseline (eta=0.5, beta->0)",1.0929292929292929,594494.5537384634,2,2.2481202011915564,0.7155988853687649,-1.1151056871093674e-08,1.1151056871093674e-08,True,-0.6267098996337103,-0.7792526701931914,589783700166661.9,7.684201537348765e+16,CONVERGED
S4,S4_eta05_cons,"Symmetric Baseline (eta=0.5, beta->0)",1.0929292929292929,594494.5537384634,3,4.3349182732582685e-07,1.3798473421768738e-07,3.613780599217518,3.613780599217518,False,0.026949767756937217,1.1682504070962096e-08,589783700166661.9,7.684201537348765e+16,CONVERGED
S4,S4_eta05_cons,"Symmetric Baseline (eta=0.5, beta->0)",1.0929292929292929,594494.5537384634,4,1.4897598814966717,0.47420529832038305,-1.2829705246683633e-05,1.2829705246683633e-05,True,0.08094881984586942,0.9967311314016734,589783700166661.9,7.684201537348765e+16,CONVERGED
S4,S4_eta05_cons,"Symmetric Baseline (eta=0.5, beta->0)",1.1106060606060606,604109.761400592,0,1.4102974524671377,0.44891162158010456,0.0003332960848625111,0.0003332960848625111,True,0.1597574337143503,-0.9868187231333232,609016012806949.0,6363538433582923.0,CONVERGED
S4,S4_eta05_cons,"Symmetric Baseline (eta=0.5, beta->0)",1.1106060606060606,604109.761400592,1,2.2798798935808615,0.7257083094384369,7.544972210024256e-09,7.544972210024256e-09,True,-0.6511385044733565,0.758958913843336,609016012806949.0,6363538433582923.0,CONVERGED
S4,S4_eta05_cons,"Symmetric Baseline (eta=0.5, beta->0)",1.1106060606060606,604109.761400592,2,3.7381303898810543e-07,1.1898838589432075e-07,3.622790413614672,3.622790413614672,False,0.02670804592102078,9.983815811171117e-09,609016012806949.0,6363538433582923.0,CONVERGED
S4,S4_eta05_cons,"Symmetric Baseline (eta=0.5, beta->0)",1.1106060606060606,604109.761400592,3,0.0005584664235535894,0.0001777653837188117,4.281612679328811,4.281612679328811,False,0.01382035414717059,7.71820455521115e-06,609016012806949.0,6363538433582923.0,CONVERGED
S4,S4_eta05_cons,"Symmetric Baseline (eta=0.5, beta->0)",1.1106060606060606,604109.761400592,4,2.2798797081892546,0.7257082504264556,-1.1381209918983492e-07,1.1381209918983492e-07,True,-0.6511384427889823,-0.7589591266639881,609016012806949.0,6363538433582923.0,CONVERGED
S4,S4_eta05_cons,"Symmetric Baseline (eta=0.5, beta->0)",1.1282828282828283,613724.9690627207,0,1.3286622835859598,0.4229263402649423,-2.850865242949358e-06,2.850865242949358e-06,True,0.23977564436430057,-0.970831263462619,628556888794663.8,2.600852985853838e+16,CONVERGED
S4,S4_eta05_cons,"Symmetric Baseline (eta=0.5, beta->0)",1.1282828282828283,613724.9690627207,1,2.3115433921165645,0.735787114053517,7.352391512089478e-08,7.352391512089478e-08,True,-0.6748393580491077,0.7379645613307246,628556888794663.8,2.600852985853838e+16,CONVERGED
S4,S4_eta05_cons,"Symmetric Baseline (eta=0.5, beta->0)",1.1282828282828283,613724.9690627207,2,6.891233310806618e-07,2.1935476908288017e-07,3.631804785467303,3.631804785467303,False,0.026468371543578832,-1.823997236639453e-08,628556888794663.8,2.600852985853838e+16,CONVERGED
S4,S4_eta05_cons,"Symmetric Baseline (eta=0.5, beta->0)",1.1282828282828283,613724.9690627207,3,1.3286610190718477,0.4229259377575992,4.26599212812364e-06,4.26599212812364e-06,True,0.23977516554221526,0.9708240510212673,628556888794663.8,2.600852985853838e+16,CONVERGED
S4,S4_eta05_cons,"Symmetric Baseline (eta=0.5, beta->0)",1.1282828282828283,613724.9690627207,4,2.311543356327405,0.7357871026614737,-1.0935038495544573e-07,1.0935038495544573e-07,True,-0.6748394550487575,-0.737964720437427,628556888794663.8,2.600852985853838e+16,CONVERGED
S4,S4_eta05_cons,"Symmetric Baseline (eta=0.5, beta->0)",1.145959595959596,623340.1767248492,0,1.2445201619791177,0.39614307111300573,-9.741346244051326e-06,9.741346244051326e-06,True,0.3205210063217606,-0.9472516916790188,648406328129803.9,2.6578719234164656e+16,CONVERGED
S4,S4_eta05_cons,"Symmetric Baseline (eta=0.5, beta->0)",1.145959595959596,623340.1767248492,1,2.343115386032523,0.7458367918435012,3.292269120106222e-09,3.292269120106222e-09,True,-0.6977982402886139,-0.7162943593702072,648406328129803.9,2.6578719234164656e+16,CONVERGED
S4,S4_eta05_cons,"Symmetric Baseline (eta=0.5, beta->0)",1.145959595959596,623340.1767248492,2,1.9153645040385975e-06,6.096794572809986e-07,3.640817359851902,3.640817359851902,False,0.026230895120570513,-5.0241725423161444e-08,648406328129803.9,2.6578719234164656e+16,CONVERGED
S4,S4_eta05_cons,"Symmetric Baseline (eta=0.5, beta->0)",1.145959595959596,623340.1767248492,3,1.244518460256226,0.3961425294377857,1.2509805207472501e-05,1.2509805207472501e-05,True,0.3205154863632085,0.9472300690454927,648406328129803.9,2.6578719234164656e+16,CONVERGED
S4,S4_eta05_cons,"Symmetric Baseline (eta=0.5, beta->0)",1.145959595959596,623340.1767248492,4,2.343115528770947,0.7458368372785527,-4.268889813931254e-08,4.268889813931254e-08,True,-0.697798374616918,0.7162942927036257,648406328129803.9,2.6578719234164656e+16,CONVERGED
S4,S4_eta05_cons,"Symmetric Baseline (eta=0.5, beta->0)",1.1636363636363636,632955.3843869776,0,1.1571927611500457,0.3683458960943775,1.7865123546809657e-06,1.7865123546809657e-06,True,0.4019109197966428,-0.9156768204611769,668564330812376.6,2.314719162658915e+16,CONVERGED
S4,S4_eta05_cons,"Symmetric Baseline (eta=0.5, beta->0)",1.1636363636363636,632955.3843869776,1,2.374600250362184,0.7558587354247877,-1.0925337897376521e-07,1.0925337897376521e-07,True,-0.7200011922361869,0.6939729833972295,668564330812376.6,2.314719162658915e+16,CONVERGED
S4,S4_eta05_cons,"Symmetric Baseline (eta=0.5, beta->0)",1.1636363636363636,632955.3843869776,2,1.2695362245551202e-05,4.041059311443397e-06,3.6498289041112306,3.6498289041112306,False,0.025995576132390275,3.3002325580022965e-07,668564330812376.6,2.314719162658915e+16,CONVERGED
S4,S4_eta05_cons,"Symmetric Baseline (eta=0.5, beta->0)",1.1636363636363636,632955.3843869776,3,1.1571890914286624,0.3683447279857817,2.7888979517756374e-06,2.7888979517756374e-06,True,0.40191387719986116,0.9156744276945967,668564330812376.6,2.314719162658915e+16,CONVERGED
S4,S4_eta05_cons,"Symmetric Baseline (eta=0.5, beta->0)",1.1636363636363636,632955.3843869776,4,2.3746004878918936,0.7558588110328425,-2.31923695221934e-07,2.31923695221934e-07,True,-0.7200014453981675,-0.6939728975054053,668564330812376.6,2.314719162658915e+16,CONVERGED
S4,S4_eta05_cons,"Symmetric Baseline (eta=0.5, beta->0)",1.1813131313131313,642570.5920491063,0,1.0659652130248471,0.3393072656338193,-1.25575430844006e-05,1.25575430844006e-05,True,0.48366570212217286,0.8752671614954035,689030896842364.1,2.475053116607613e+16,CONVERGED
S4,S4_eta05_cons,"Symmetric Baseline (eta=0.5, beta->0)",1.1813131313131313,642570.5920491063,1,2.406506024489447,0.7660146587558425,0.00030805366848219037,0.00030805366848219037,True,-0.741544187660686,0.6704448524411553,689030896842364.1,2.475053116607613e+16,CONVERGED
S4,S4_eta05_cons,"Symmetric Baseline (eta=0.5, beta->0)",1.1813131313131313,642570.5920491063,2,0.00015405469670542508,4.903713297438225e-05,3.658537922709056,3.658537922709056,False,0.025770162860275815,-3.9700146548957874e-06,689030896842364.1,2.475053116607613e+16,CONVERGED
S4,S4_eta05_cons,"Symmetric Baseline (eta=0.5, beta->0)",1.1813131313131313,642570.5920491063,3,1.065965532311338,0.33930736726586586,1.5789455174333592e-05,1.5789455174333592e-05,True,0.4836517123925971,-0.8752425050738615,689030896842364.1,2.475053116607613e+16,CONVERGED
S4,S4_eta05_cons,"Symmetric Baseline (eta=0.5, beta->0)",1.1813131313131313,642570.5920491063,4,2.4062351057766,0.7659284226511911,3.513499028153973e-05,3.513499028153973e-05,True,-0.7415648836856935,-0.6708287827549874,689030896842364.1,2.475053116607613e+16,CONVERGED
S4,S4_eta05_cons,"Symmetric Baseline (eta=0.5, beta->0)",1.198989898989899,652185.7997112349,0,0.9696037666581101,0.3086344646083178,-1.1273393786987375e-05,1.1273393786987375e-05,True,0.5656327105627612,-0.8246709548560434,709806026219775.9,1.2159683623423106e+16,CONVERGED
S4,S4_eta05_cons,"Symmetric Baseline (eta=0.5, beta->0)",1.198989898989899,652185.7997112349,1,2.437329213843848,0.7758259846510633,1.4879345428677985e-07,1.4879345428677985e-07,True,-0.7620885476921017,-0.6474725846626087,709806026219775.9,1.2159683623423106e+16,CONVERGED
S4,S4_eta05_cons,"Symmetric Baseline (eta=0.5, beta->0)",1.198989898989899,652185.7997112349,2,2.905687530004336e-06,9.2490906696134e-07,3.6678317544887373,3.6678317544887373,False,0.025531769117602843,7.418734314417717e-08,709806026219775.9,1.2159683623423106e+16,CONVERGED
S4,S4_eta05_cons,"Symmetric Baseline (eta=0.5, beta->0)",1.198989898989899,652185.7997112349,3,0.9696089613106408,0.3086361181175736,1.0477871311925244e-05,1.0477871311925244e-05,True,0.5656161236760142,0.8246559556049213,709806026219775.9,1.2159683623423106e+16,CONVERGED
S4,S4_eta05_cons,"Symmetric Baseline (eta=0.5, beta->0)",1.198989898989899,652185.7997112349,4,2.4373293065564003,0.7758260141623853,4.569665169542571e-08,4.569665169542571e-08,True,-0.7620886862898371,0.647472580759781,709806026219775.9,1.2159683623423106e+16,CONVERGED
S4,S4_eta05_cons,"Symmetric Baseline (eta=0.5, beta->0)",1.2166666666666666,661801.0073733634,0,0.8664071781253524,0.2757859702579002,-4.091605684271952e-06,4.091605684271952e-06,True,0.6475711268316819,0.7620103798104044,730889718944623.2,5.58435452950616e+16,CONVERGED
S4,S4_eta05_cons,"Symmetric Baseline (eta=0.5, beta->0)",1.2166666666666666,661801.0073733634,1,0.00022150998825589828,7.050881915030779e-05,3.676826635811294,3.676826635811294,False,0.02530314303468639,-5.604899008121949e-06,730889718944623.2,5.58435452950616e+16,CONVERGED
S4,S4_eta05_cons,"Symmetric Baseline (eta=0.5, beta->0)",1.2166666666666666,661801.0073733634,2,8.029677346886625e-06,2.555925682380044e-06,4.388644118727238,4.388644118727238,False,0.012417554540552517,9.970895640014663e-08,730889718944623.2,5.58435452950616e+16,CONVERGED
S4,S4_eta05_cons,"Symmetric Baseline (eta=0.5, beta->0)",1.2166666666666666,661801.0073733634,3,0.8664069269708236,0.2757858903129307,-1.3838863904853325e-06,1.3838863904853325e-06,True,0.6475695647750409,-0.7620081538629855,730889718944623.2,5.58435452950616e+16,CONVERGED
S4,S4_eta05_cons,"Symmetric Baseline (eta=0.5, beta->0)",1.2166666666666666,661801.0073733634,4,2.468753304153646,0.7858285832610041,0.00018034379433185866,0.00018034379433185866,True,-0.7819142863864947,-0.6230966427417045,730889718944623.2,5.58435452950616e+16,CONVERGED
S4,S4_eta05_cons,"Symmetric Baseline (eta=0.5, beta->0)",1.2343434343434343,671416.215035492,0,0.7535107653446266,0.2398499259551091,-7.96194542202916e-06,7.96194542202916e-06,True,0.7292970974529263,-0.6842087895258047,752281975016894.2,2.8295417623691656e+16,CONVERGED
S4,S4_eta05_cons,"Symmetric Baseline (eta=0.5, beta->0)",1.2343434343434343,671416.215035492,1,0.0001454825481771478,4.630853335199576e-05,3.685911142899137,3.685911142899137,False,0.025074317759965662,-3.647875667259289e-06,752281975016894.2,2.8295417623691656e+16,CONVERGED
S4,S4_eta05_cons,"Symmetric Baseline (eta=0.5, beta->0)",1.2343434343434343,671416.215035492,2,2.6819787209113475e-07,8.537003414006396e-08,4.406178904733626,4.406178904733626,False,0.012201713274901382,-3.27247353619478e-09,752281975016894.2,2.8295417623691656e+16,CONVERGED
S4,S4_eta05_cons,"Symmetric Baseline (eta=0.5, beta->0)",1.2343434343434343,671416.215035492,3,0.7535122282206987,0.23985039160302513,3.884540104744574e-06,3.884540104744574e-06,True,0.7292874569950012,0.6842017509621954,752281975016894.2,2.8295417623691656e+16,CONVERGED
S4,S4_eta05_cons,"Symmetric Baseline (eta=0.5, beta->0)",1.2343434343434343,671416.215035492,4,2.499883444576929,0.7957376147160249,0.0002334745430814022,0.0002334745430814022,True,-0.8008868464107641,-0.5984257841736231,752281975016894.2,2.8295417623691656e+16,CONVERGED
S4,S4_eta05_cons,"Symmetric Baseline (eta=0.5, beta->0)",1.252020202020202,681031.4226976206,0,0.6256197540631598,0.19914095271017554,-4.997718507666054e-06,4.997718507666054e-06,True,0.8106043985351894,0.5856026849002434,773982794436585.9,1.1066405074106034e+16,CONVERGED
S4,S4_eta05_cons,"Symmetric Baseline (eta=0.5, beta->0)",1.252020202020202,681031.4226976206,1,8.092625910855571e-07,2.575962832612432e-07,3.6948058926012757,3.6948058926012757,False,0.02485227720520465,-2.0112018245464832e-08,773982794436585.9,1.1066405074106034e+16,CONVERGED
S4,S4_eta05_cons,"Symmetric Baseline (eta=0.5, beta->0)",1.252020202020202,681031.4226976206,2,2.5309011070436305,0.8056108433254878,-5.737024502849708e-08,5.737024502849708e-08,True,-0.8192517043714411,0.5734341807260755,773982794436585.9,1.1066405074106034e+16,CONVERGED
S4,S4_eta05_cons,"Symmetric Baseline (eta=0.5, beta->0)",1.252020202020202,681031.4226976206,3,0.6256235748150714,0.19914216889328162,1.3091568874991886e-05,1.3091568874991886e-05,True,0.8105874980038729,-0.5855951889188015,773982794436585.9,1.1066405074106034e+16,CONVERGED
S4,S4_eta05_cons,"Symmetric Baseline (eta=0.5, beta->0)",1.252020202020202,681031.4226976206,4,2.5309009515916503,0.8056107938435857,2.1813378421258336e-08,2.1813378421258336e-08,True,-0.8192515503586436,-0.5734342626737636,773982794436585.9,1.1066405074106034e+16,CONVERGED
S4,S4_eta05_cons,"Symmetric Baseline (eta=0.5, beta->0)",1.2696969696969698,690646.6303597492,0,0.470658786833662,0.14981534486842396,-6.698201670999598e-06,6.698201670999598e-06,True,0.891275709149054,0.453476577977215,795992177203707.6,1.2999402050803708e+16,CONVERGED
S4,S4_eta05_cons,"Symmetric Baseline (eta=0.5, beta->0)",1.2696969696969698,690646.6303597492,1,3.3072421965316475e-06,1.0527278871602185e-06,4.440956818935693,4.440956818935693,False,0.011784657340230863,3.8974716027420024e-08,795992177203707.6,1.2999402050803708e+16,CONVERGED
S4,S4_eta05_cons,"Symmetric Baseline (eta=0.5, beta->0)",1.2696969696969698,690646.6303597492,2,2.5619123685106877,0.8154820344334827,0.0003357058630399142,0.0003357058630399142,True,-0.8363570015088527,-0.5475726249982351,795992177203707.6,1.2999402050803708e+16,CONVERGED
S4,S4_eta05_cons,"Symmetric Baseline (eta=0.5, beta->0)",1.2696969696969698,690646.6303597492,3,0.47066301125758847,0.14981668954432317,4.329977355687475e-06,4.329977355687475e-06,True,0.8912639643910375,-0.4534753420647669,795992177203707.6,1.2999402050803708e+16,CONVERGED
S4,S4_eta05_cons,"Symmetric Baseline (eta=0.5, beta->0)",1.2696969696969698,690646.6303597492,4,7.243814489782246e-05,2.3057777657790806e-05,3.703858970698934,3.703858970698934,False,0.024628302892044353,1.784028576601804e-06,795992177203707.6,1.2999402050803708e+16,CONVERGED
S4,S4_eta05_cons,"Symmetric Baseline (eta=0.5, beta->0)",1.2873737373737373,700261.8380218776,0,0.24081807919623338,0.07665477537995213,-2.851003546202529e-05,2.851003546202529e-05,True,0.971170877985944,0.23850397784651264,818310123318272.0,2.259511463928327e+16,CONVERGED
S4,S4_eta05_cons,"Symmetric Baseline (eta=0.5, beta->0)",1.2873737373737373,700261.8380218776,1,5.46294698617009e-06,1.7389100333958836e-06,4.458186743238087,4.458186743238087,False,0.01158334784015198,-6.327921517374757e-08,818310123318272.0,2.259511463928327e+16,CONVERGED
S4,S4_eta05_cons,"Symmetric Baseline (eta=0.5, beta->0)",1.2873737373737373,700261.8380218776,2,2.592772704015673,0.825305184315668,0.000306853666959967,0.000306853666959967,True,-0.8528789764265388,-0.5215207881911585,818310123318272.0,2.259511463928327e+16,CONVERGED
S4,S4_eta05_cons,"Symmetric Baseline (eta=0.5, beta->0)",1.2873737373737373,700261.8380218776,3,0.24081757551446795,0.07665461505306671,4.0168258923495985e-05,4.0168258923495985e-05,True,0.9711043020385308,-0.2384871092350749,818310123318272.0,2.259511463928327e+16,CONVERGED
S4,S4_eta05_cons,"Symmetric Baseline (eta=0.5, beta->0)",1.2873737373737373,700261.8380218776,4,0.00011386319436179581,3.6243780437826064e-05,3.712668655281957,3.712668655281957,False,0.024412288125197364,2.779661119628116e-06,818310123318272.0,2.259511463928327e+16,CONVERGED
S4,S4_eta05_cons,"Symmetric Baseline (eta=0.5, beta->0)",1.305050505050505,709877.0456840061,0,2.6238036458721496,0.835182639886179,7.325530905565501e-05,7.325530905565501e-05,True,-0.8688520054186134,0.4949239262695823,840936632780229.9,1.451264056224552e+16,CONVERGED
S4,S4_eta05_cons,"Symmetric Baseline (eta=0.5, beta->0)",1.305050505050505,709877.0456840061,1,8.772358214108216e-06,2.7923283446962275e-06,4.475392040601202,4.475392040601202,False,0.011385757569746227,9.987994394337017e-08,840936632780229.9,1.451264056224552e+16,CONVERGED
S4,S4_eta05_cons,"Symmetric Baseline (eta=0.5, beta->0)",1.305050505050505,709877.0456840061,2,2.6238040564893703,0.8351827705896998,7.409059133713352e-05,7.409059133713352e-05,True,-0.8688514829062751,-0.49492315610322946,840936632780229.9,1.451264056224552e+16,CONVERGED
S4,S4_eta05_cons,"Symmetric Baseline (eta=0.5, beta->0)",1.305050505050505,709877.0456840061,3,5.838624025020146e-06,1.8584917488741086e-06,0.31491299380908405,0.31491299380908405,False,0.7298523731690988,-4.261333600751492e-06,840936632780229.9,1.451264056224552e+16,CONVERGED
S4,S4_eta05_cons,"Symmetric Baseline (eta=0.5, beta->0)",1.305050505050505,709877.0456840061,4,3.680925377395176e-07,1.1716749379296851e-07,3.7216110399739555,3.7216110399739555,False,0.02419495738690425,8.905983265045475e-09,840936632780229.9,1.451264056224552e+16,CONVERGED
S4,S4_eta05_cons,"Symmetric Baseline (eta=0.5, beta->0)",1.3227272727272728,719492.2533461349,0,2.6549950190881786,0.8451111623444894,-2.739449248445248e-07,2.739449248445248e-07,True,-0.8839292319754268,0.4676212791879042,863871705589630.4,9804345140942538.0,CONVERGED
S4,S4_eta05_cons,"Symmetric Baseline (eta=0.5, beta->0)",1.3227272727272728,719492.2533461349,1,1.7281528489912442e-06,5.500881366705965e-07,4.492434740572297,4.492434740572297,False,0.01119335768364006,-1.9343832970779862e-08,863871705589630.4,9804345140942538.0,CONVERGED
S4,S4_eta05_cons,"Symmetric Baseline (eta=0.5, beta->0)",1.3227272727272728,719492.2533461349,2,2.6549951530338283,0.8451112049807138,3.819430135007724e-08,3.819430135007724e-08,True,-0.8839290187022919,-0.4676210148265404,863871705589630.4,9804345140942538.0,CONVERGED
S4,S4_eta05_cons,"Symmetric Baseline (eta=0.5, beta->0)",1.3227272727272728,719492.2533461349,3,2.373966196670409e-06,7.556569098663243e-07,0.5001289393687205,0.5001289393687205,False,0.6064524590722304,-1.4396976377278245e-06,863871705589630.4,9804345140942538.0,CONVERGED
S4,S4_eta05_cons,"Symmetric Baseline (eta=0.5, beta->0)",1.3227272727272728,719492.2533461349,4,1.9360024168030432e-05,6.162487089441203e-06,3.7305893502011376,3.7305893502011376,False,0.023978699815530514,-4.642282080046168e-07,863871705589630.4,9804345140942538.0,CONVERGED
S4,S4_eta05_cons,"Symmetric Baseline (eta=0.5, beta->0)",1.3404040404040405,729107.4610082634,0,2.6859667143414834,0.8549697591354878,3.739522101106852e-08,3.739522101106852e-08,True,-0.8979857419364796,-0.44002446805643775,887115341746461.2,1.577532464016419e+16,CONVERGED
S4,S4_eta05_cons,"Symmetric Baseline (eta=0.5, beta->0)",1.3404040404040405,729107.4610082634,1,3.2726240128684913e-06,1.0417085770585099e-06,4.509417628722585,4.509417628722585,False,0.011004867228510795,-3.6014792750582525e-08,887115341746461.2,1.577532464016419e+16,CONVERGED
S4,S4_eta05_cons,"Symmetric Baseline (eta=0.5, beta->0)",1.3404040404040405,729107.4610082634,2,2.685966661128185,0.8549697421971689,1.1013187365825413e-07,1.1013187365825413e-07,True,-0.8979856532048524,0.4400244838353107,887115341746461.2,1.577532464016419e+16,CONVERGED
S4,S4_eta05_cons,"Symmetric Baseline (eta=0.5, beta->0)",1.3404040404040405,729107.4610082634,3,2.8508985704426647e-06,9.074691994791362e-07,0.6283650024313266,0.6283650024313266,False,0.5334632995593378,1.5208497581014635e-06,887115341746461.2,1.577532464016419e+16,CONVERGED
S4,S4_eta05_cons,"Symmetric Baseline (eta=0.5, beta->0)",1.3404040404040405,729107.4610082634,4,3.6080578987415708e-06,1.1484804990929563e-06,3.739556562741021,3.739556562741021,False,0.023764638921340675,8.574419317125666e-08,887115341746461.2,1.577532464016419e+16,CONVERGED
S4,S4_eta05_cons,"Symmetric Baseline (eta=0.5, beta->0)",1.358080808080808,738722.6686703919,0,2.7169477461306184,0.8648313278381438,8.121528923833242e-08,8.121528923833242e-08,True,-0.9111850135460627,0.4119972192363635,910667541250725.5,2.4501689130890188e+16,CONVERGED
S4,S4_eta05_cons,"Symmetric Baseline (eta=0.5, beta->0)",1.358080808080808,738722.6686703919,1,1.72283883322037e-06,5.483966329153907e-07,4.5263066006666826,4.5263066006666826,False,0.01082056703582837,-1.864209308680779e-08,910667541250725.5,2.4501689130890188e+16,CONVERGED
S4,S4_eta05_cons,"Symmetric Baseline (eta=0.5, beta->0)",1.358080808080808,738722.6686703919,2,2.716947856425677,0.8648313629461513,2.699793571465365e-07,2.699793571465365e-07,True,-0.9111848869883326,-0.4119970409669117,910667541250725.5,2.4501689130890188e+16,CONVERGED
S4,S4_eta05_cons,"Symmetric Baseline (eta=0.5, beta->0)",1.358080808080808,738722.6686703919,3,9.845674889936689e-06,3.1339756536183536e-06,0.7303428080339444,0.7303428080339444,False,0.4817438161065179,-4.743092993775482e-06,910667541250725.5,2.4501689130890188e+16,CONVERGED
S4,S4_eta05_cons,"Symmetric Baseline (eta=0.5, beta->0)",1.358080808080808,738722.6686703919,4,1.1529987250798835e-05,3.670108929502335e-06,3.748508359189807,3.748508359189807,False,0.02355285206034157,2.7156408398772334e-07,910667541250725.5,2.4501689130890188e+16,CONVERGED
S4,S4_eta05_cons,"Symmetric Baseline (eta=0.5, beta->0)",1.3757575757575757,748337.8763325205,0,2.7479599562773833,0.8747028209202683,-2.873369904068149e-07,2.873369904068149e-07,True,-0.9235221160533847,-0.38354592402269705,934528304102388.2,7.506950224717541e+16,CONVERGED
S4,S4_eta05_cons,"Symmetric Baseline (eta=0.5, beta->0)",1.3757575757575757,748337.8763325205,1,6.121288317275673e-07,1.948466587570187e-07,4.543096616611242,4.543096616611242,False,0.010640406226539206,-6.513299432558991e-09,934528304102388.2,7.506950224717541e+16,CONVERGED
S4,S4_eta05_cons,"Symmetric Baseline (eta=0.5, beta->0)",1.3757575757575757,748337.8763325205,2,2.747959887836026,0.8747027991347076,2.3610060709657857e-07,2.3610060709657857e-07,True,-0.9235216063969214,0.3835457864674661,934528304102388.2,7.506950224717541e+16,CONVERGED
S4,S4_eta05_cons,"Symmetric Baseline (eta=0.5, beta->0)",1.3757575757575757,748337.8763325205,3,3.652759565779354e-06,1.1627094816399788e-06,0.8160287485804362,0.8160287485804362,False,0.44218419692626554,-1.6151925551660617e-06,934528304102388.2,7.506950224717541e+16,CONVERGED
S4,S4_eta05_cons,"Symmetric Baseline (eta=0.5, beta->0)",1.3757575757575757,748337.8763325205,4,1.8883930119929308e-07,6.010941647177355e-08,3.757367551974655,3.757367551974655,False,0.02334511435773673,-4.40847508173264e-09,934528304102388.2,7.506950224717541e+16,CONVERGED
S4,S4_eta05_cons,"Symmetric Baseline (eta=0.5, beta->0)",1.3934343434343435,757953.0839946492,0,2.7790313979106953,0.8845931679701341,-9.105347778681657e-08,9.105347778681657e-08,True,-0.9349915756638221,-0.3546701785386748,958697630301498.4,8.157985629132949e+16,CONVERGED
S4,S4_eta05_cons,"Symmetric Baseline (eta=0.5, beta->0)",1.3934343434343435,757953.0839946492,1,1.7877415803359552e-06,5.690558189627679e-07,4.559782830332923,4.559782830332923,False,0.010464331231994913,-1.870752005386541e-08,958697630301498.4,8.157985629132949e+16,CONVERGED
S4,S4_eta05_cons,"Symmetric Baseline (eta=0.5, beta->0)",1.3934343434343435,757953.0839946492,2,2.779031232839752,0.884593115426421,2.4870142716154177e-07,2.4870142716154177e-07,True,-0.9349911994501684,0.3546702123776464,958697630301498.4,8.157985629132949e+16,CONVERGED
S4,S4_eta05_cons,"Symmetric Baseline (eta=0.5, beta->0)",1.3934343434343435,757953.0839946492,3,6.47580760062125e-06,2.061313580301877e-06,0.8901442155553806,0.8901442155553806,False,0.41059653406651253,-2.658944156133832e-06,958697630301498.4,8.157985629132949e+16,CONVERGED
S4,S4_eta05_cons,"Symmetric Baseline (eta=0.5, beta->0)",1.3934343434343435,757953.0839946492,4,3.041329407940661e-05,9.680852176890072e-06,3.766236452973014,3.766236452973014,False,0.0231389842637885,-7.037327333303384e-07,958697630301498.4,8.157985629132949e+16,CONVERGED
S4,S4_eta05_cons,"Symmetric Baseline (eta=0.5, beta->0)",1.4111111111111112,767568.2916567777,0,2.8101996470851716,0.8945143298174097,-6.098805298776937e-08,6.098805298776937e-08,True,-0.9455900894158549,0.32536057655258266,983175519848023.9,4.341409583825123e+16,CONVERGED
S4,S4_eta05_cons,"Symmetric Baseline (eta=0.5, beta->0)",1.4111111111111112,767568.2916567777,1,2.9339595260752116e-06,9.33908322812849e-07,4.576388143319159,4.576388143319159,False,0.010292002482833898,-3.019631872698689e-08,983175519848023.9,4.341409583825123e+16,CONVERGED
S4,S4_eta05_cons,"Symmetric Baseline (eta=0.5, beta->0)",1.4111111111111112,767568.2916567777,2,2.810199803453129,0.8945143795908764,5.525653555252887e-07,5.525653555252887e-07,True,-0.9455895601219364,-0.3253602290666492,983175519848023.9,4.341409583825123e+16,CONVERGED
S4,S4_eta05_cons,"Symmetric Baseline (eta=0.5, beta->0)",1.4111111111111112,767568.2916567777,3,1.5523602902343614e-06,4.941316273007359e-07,0.9554203625655028,0.9554203625655028,False,0.38465041792648536,-5.971160344116069e-07,983175519848023.9,4.341409583825123e+16,CONVERGED
S4,S4_eta05_cons,"Symmetric Baseline (eta=0.5, beta->0)",1.4111111111111112,767568.2916567777,4,2.8143061299837894e-06,8.958214639214844e-07,3.7751162545936605,3.7751162545936605,False,0.02293442425467866,6.454449076776145e-08,983175519848023.9,4.341409583825123e+16,CONVERGED
S4,S4_eta05_cons,"Symmetric Baseline (eta=0.5, beta->0)",1.4287878787878787,777183.4993189061,0,2.8414451191107712,0.9044600724616372,0.0001296821567255643,0.0001296821567255643,True,-0.9551690029004652,-0.2956228090264615,1007961972741985.5,2.3693075563652976e+16,CONVERGED
S4,S4_eta05_cons,"Symmetric Baseline (eta=0.5, beta->0)",1.4287878787878787,777183.4993189061,1,9.271209857237134e-06,2.9511177544431903e-06,4.592870419694648,4.592870419694648,False,0.01012375719458164,9.385947749736989e-08,1007961972741985.5,2.3693075563652976e+16,CONVERGED
S4,S4_eta05_cons,"Symmetric Baseline (eta=0.5, beta->0)",1.4287878787878787,777183.4993189061,2,2.841445529800922,0.9044602031883723,0.00013008769663734327,0.00013008769663734327,True,-0.9551687369506369,0.2956222968612702,1007961972741985.5,2.3693075563652976e+16,CONVERGED
S4,S4_eta05_cons,"Symmetric Baseline (eta=0.5, beta->0)",1.4287878787878787,777183.4993189061,3,1.1810798779087112e-05,3.7594940151108725e-06,1.013587777998098,1.013587777998098,False,0.36291458404475274,4.286311126347979e-06,1007961972741985.5,2.3693075563652976e+16,CONVERGED
S4,S4_eta05_cons,"Symmetric Baseline (eta=0.5, beta->0)",1.4287878787878787,777183.4993189061,4,8.326248854013074e-07,2.650327325058819e-07,3.7836542192887546,3.7836542192887546,False,0.022739444499753566,-1.893342737070108e-08,1007961972741985.5,2.3693075563652976e+16,CONVERGED
S4,S4_eta05_cons,"Symmetric Baseline (eta=0.5, beta->0)",1.4464646464646465,786798.7069810347,0,2.8730595694134777,0.9145232645392548,1.4836347699979782e-07,1.4836347699979782e-07,True,-0.9641609888032532,-0.26531734007226726,1033056988983365.8,1.1229169254785978e+16,CONVERGED
S4,S4_eta05_cons,"Symmetric Baseline (eta=0.5, beta->0)",1.4464646464646465,786798.7069810347,1,3.7491199876330318e-06,1.1933819565528451e-06,4.6092891285927236,4.6092891285927236,False,0.009958895285976592,-3.7337093371574155e-08,1033056988983365.8,1.1229169254785978e+16,CONVERGED
S4,S4_eta05_cons,"Symmetric Baseline (eta=0.5, beta->0)",1.4464646464646465,786798.7069810347,2,2.8730595750675687,0.9145232663390078,4.0614975540407006e-07,4.0614975540407006e-07,True,-0.96416074175594,0.26531726622565416,1033056988983365.8,1.1229169254785978e+16,CONVERGED
S4,S4_eta05_cons,"Symmetric Baseline (eta=0.5, beta->0)",1.4464646464646465,786798.7069810347,3,5.110737659556731e-06,1.6267983227287157e-06,1.0658456057488486,1.0658456057488486,False,0.344436474120878,1.7603244596298349e-06,1033056988983365.8,1.1229169254785978e+16,CONVERGED
S4,S4_eta05_cons,"Symmetric Baseline (eta=0.5, beta->0)",1.4464646464646465,786798.7069810347,4,9.41727903882679e-06,2.9976130190099533e-06,3.7927849089381866,3.7927849089381866,False,0.022532762697835797,-2.1219731384746017e-07,1033056988983365.8,1.1229169254785978e+16,CONVERGED
S4,S4_eta05_cons,"Symmetric Baseline (eta=0.5, beta->0)",1.4641414141414142,796413.9146431634,0,2.9049424629451077,0.9246719047505179,6.896719790363409e-07,6.896719790363409e-07,True,-0.9721281116001249,0.23444734012943783,1058460568572181.5,1.6645305849935966e+16,CONVERGED
S4,S4_eta05_cons,"Symmetric Baseline (eta=0.5, beta->0)",1.4641414141414142,796413.9146431634,1,1.7249356337115708e-06,5.49064065241095e-07,4.625589643626758,4.625589643626758,False,0.009797876077026991,-1.6900705579970754e-08,1058460568572181.5,1.6645305849935966e+16,CONVERGED
S4,S4_eta05_cons,"Symmetric Baseline (eta=0.5, beta->0)",1.4641414141414142,796413.9146431634,2,2.9049425901963537,0.9246719452558475,8.957215898493751e-07,8.957215898493751e-07,True,-0.9721279411272287,-0.23444716811716956,1058460568572181.5,1.6645305849935966e+16,CONVERGED
S4,S4_eta05_cons,"Symmetric Baseline (eta=0.5, beta->0)",1.4641414141414142,796413.9146431634,3,3.3383771995092033e-07,1.0626384664143363e-07,1.113032308862327,1.113032308862327,False,0.32856115011691295,-1.0968610521948636e-07,1058460568572181.5,1.6645305849935966e+16,CONVERGED
S4,S4_eta05_cons,"Symmetric Baseline (eta=0.5, beta->0)",1.4641414141414142,796413.9146431634,4,1.3124767278339532e-07,4.1777431785569966e-08,3.801615202914845,3.801615202914845,False,0.022334667685885823,-2.9313731561630326e-09,1058460568572181.5,1.6645305849935966e+16,CONVERGED
S4,S4_eta05_cons,"Symmetric Baseline (eta=0.5, beta->0)",1.4818181818181817,806029.1223052919,0,2.9373534285205265,0.9349886355139362,1.1808391460590834e-06,1.1808391460590834e-06,True,-0.9792144136714394,-0.20282201651348378,1084172711508409.2,3.799466207235965e+16,CONVERGED
S4,S4_eta05_cons,"Symmetric Baseline (eta=0.5, beta->0)",1.4818181818181817,806029.1223052919,1,1.9200753886182836e-05,6.1117897841538355e-06,4.641792970582106,4.641792970582106,False,0.00964039717226047,1.8510289349237347e-07,1084172711508409.2,3.799466207235965e+16,CONVERGED
S4,S4_eta05_cons,"Symmetric Baseline (eta=0.5, beta->0)",1.4818181818181817,806029.1223052919,2,2.9373533546230215,0.9349886119916297,1.4206327675356954e-06,1.4206327675356954e-06,True,-0.9792141638740569,0.20282204023954828,1084172711508409.2,3.799466207235965e+16,CONVERGED
S4,S4_eta05_cons,"Symmetric Baseline (eta=0.5, beta->0)",1.4818181818181817,806029.1223052919,3,1.6832492689904365e-05,5.357948832312947e-06,1.155811696665209,1.155811696665209,False,0.31480190946674885,5.298900840367436e-06,1084172711508409.2,3.799466207235965e+16,CONVERGED
S4,S4_eta05_cons,"Symmetric Baseline (eta=0.5, beta->0)",1.4818181818181817,806029.1223052919,4,7.672892999567531e-07,2.442357697392745e-07,3.810353978180523,3.810353978180523,False,0.02214034037236751,-1.698804626512144e-08,1084172711508409.2,3.799466207235965e+16,CONVERGED
S4,S4_eta05_cons,"Symmetric Baseline (eta=0.5, beta->0)",1.4994949494949494,815644.3299674204,0,2.9706223124312543,0.9455784501650216,-2.2594153692432036e-06,2.2594153692432036e-06,True,-0.9854223648201176,0.1701390071479069,1110193417792075.9,1.7987895491258218e+17,CONVERGED
S4,S4_eta05_cons,"Symmetric Baseline (eta=0.5, beta->0)",1.4994949494949494,815644.3299674204,1,0.0017530082417748544,0.000557999853918601,4.657666824794747,4.657666824794747,False,0.0094885605240682,1.6633541839776048e-05,1110193417792075.9,1.7987895491258218e+17,CONVERGED
S4,S4_eta05_cons,"Symmetric Baseline (eta=0.5, beta->0)",1.4994949494949494,815644.3299674204,2,2.970621097011882,0.9455780632850196,-5.697122927462138e-07,5.697122927462138e-07,True,-0.9854204929596991,-0.17013991736302855,1110193417792075.9,1.7987895491258218e+17,CONVERGED
S4,S4_eta05_cons,"Symmetric Baseline (eta=0.5, beta->0)",1.4994949494949494,815644.3299674204,3,0.0004221014749040717,0.00013435907243472526,1.19467067118584,1.19467067118584,False,0.30280363275825817,-0.00012781386758442266,1110193417792075.9,1.7987895491258218e+17,CONVERGED
S4,S4_eta05_cons,"Symmetric Baseline (eta=0.5, beta->0)",1.4994949494949494,815644.3299674204,4,1.2126129709558058e-05,3.859866967699308e-06,3.819220659503992,3.819220659503992,False,0.021944896776765605,-2.661066647909653e-07,1110193417792075.9,1.7987895491258218e+17,CONVERGED
S4,S4_eta05_cons,"Symmetric Baseline (eta=0.5, beta->0)",1.5171717171717172,825259.537629549,0,3.0054195214409427,0.9566547458044091,1.2137540328508521e-05,1.2137540328508521e-05,True,-0.9907307320543357,-0.13575102864089258,1136522687423158.0,2.1991445122533256e+16,CONVERGED
S4,S4_eta05_cons,"Symmetric Baseline (eta=0.5, beta->0)",1.5171717171717172,825259.537629549,1,7.204581694846949e-06,2.293289579288554e-06,4.673888933818147,4.673888933818147,False,0.009335892171258414,6.726119784327707e-08,1136522687423158.0,2.1991445122533256e+16,CONVERGED
S4,S4_eta05_cons,"Symmetric Baseline (eta=0.5, beta->0)",1.5171717171717172,825259.537629549,2,3.005418579521981,0.9566544459822917,1.2351421857370923e-05,1.2351421857370923e-05,True,-0.9907303922884746,0.13575193279406092,1136522687423158.0,2.1991445122533256e+16,CONVERGED
S4,S4_eta05_cons,"Symmetric Baseline (eta=0.5, beta->0)",1.5171717171717172,825259.537629549,3,1.3332216552178725e-07,4.24377633330166e-08,1.2299245795856903,1.2299245795856903,False,0.29231462333950103,3.8972018597308085e-08,1136522687423158.0,2.1991445122533256e+16,CONVERGED
S4,S4_eta05_cons,"Symmetric Baseline (eta=0.5, beta->0)",1.5171717171717172,825259.537629549,4,1.5060590592590545e-06,4.793934877388166e-07,3.827919945719935,3.827919945719935,False,0.02175481980600495,3.276404345140683e-08,1136522687423158.0,2.1991445122533256e+16,CONVERGED
S4,S4_eta05_cons,"Symmetric Baseline (eta=0.5, beta->0)",1.534848484848485,834874.7452916778,0,3.0433870178821754,0.9687401752753014,-2.9182091690677923e-06,2.9182091690677923e-06,True,-0.9951846050239911,0.09804814306560279,1163160520401672.0,1.920981194297578e+16,CONVERGED
S4,S4_eta05_cons,"Symmetric Baseline (eta=0.5, beta->0)",1.534848484848485,834874.7452916778,1,0.0010680354053560167,0.0003399662283191324,4.69122595623505,4.69122595623505,False,0.009175425348697851,9.799682857775523e-06,1163160520401672.0,1.920981194297578e+16,CONVERGED
S4,S4_eta05_cons,"Symmetric Baseline (eta=0.5, beta->0)",1.534848484848485,834874.7452916778,2,3.0433850404868594,0.9687395458508234,6.405763983118013e-07,6.405763983118013e-07,True,-0.9951808695004893,-0.0980497620000888,1163160520401672.0,1.920981194297578e+16,CONVERGED
S4,S4_eta05_cons,"Symmetric Baseline (eta=0.5, beta->0)",1.534848484848485,834874.7452916778,3,0.00020634304635941034,6.568103160148056e-05,1.2616886190332384,1.2616886190332384,False,0.2831754410661896,-5.843128399305231e-05,1163160520401672.0,1.920981194297578e+16,CONVERGED
S4,S4_eta05_cons,"Symmetric Baseline (eta=0.5, beta->0)",1.534848484848485,834874.7452916778,4,1.9423995764574244e-05,6.18284988105606e-06,3.836720527261164,3.836720527261164,False,0.02156420472835664,-4.188630213626891e-07,1163160520401672.0,1.920981194297578e+16,CONVERGED
S4,S4_eta05_cons,"Symmetric Baseline (eta=0.5, beta->0)",1.5525252525252524,844489.952953806,0,3.091367493111978,0.984012834884744,-4.659416539749679e-07,4.659416539749679e-07,True,-0.9987394470986879,-0.05020407047988599,1190106916727611.2,9861909887735996.0,CONVERGED
S4,S4_eta05_cons,"Symmetric Baseline (eta=0.5, beta->0)",1.5525252525252524,844489.952953806,1,2.2138443591091393e-06,7.046885459766572e-07,4.705558394973755,4.705558394973755,False,0.009044862201909868,-2.0023917164650342e-08,1190106916727611.2,9861909887735996.0,CONVERGED
S4,S4_eta05_cons,"Symmetric Baseline (eta=0.5, beta->0)",1.5525252525252524,844489.952953806,2,3.0913677382016713,0.9840129128992164,-3.9260205282691934e-07,3.9260205282691934e-07,True,-0.9987393861560072,0.050203822017211325,1190106916727611.2,9861909887735996.0,CONVERGED
S4,S4_eta05_cons,"Symmetric Baseline (eta=0.5, beta->0)",1.5525252525252524,844489.952953806,3,3.183614386074469e-06,1.0133759328844428e-06,1.2910692011577605,1.2910692011577605,False,0.2749766205358762,-8.754195249751132e-07,1190106916727611.2,9861909887735996.0,CONVERGED
S4,S4_eta05_cons,"Symmetric Baseline (eta=0.5, beta->0)",1.5525252525252524,844489.952953806,4,2.250285060433139e-07,7.16287981467557e-08,3.8454300112979,3.8454300112979,False,0.021377207143857165,-4.810480986960716e-09,1190106916727611.2,9861909887735996.0,CONVERGED
S4,S4_eta05_cons,"Symmetric Baseline (eta=0.5, beta->0)",1.5702020202020202,854105.1606159348,0,3.14159240393763,0.9999999205332484,-0.0531889203262086,0.0531889203262086,False,-1.054628867129794,-2.632903777990862e-07,1217361876400978.8,8214374178845037.0,CONVERGED
S4,S4_eta05_cons,"Symmetric Baseline (eta=0.5, beta->0)",1.5702020202020202,854105.1606159348,1,6.5119585624885494e-09,2.0728207888592913e-09,-3.8541330344695566,3.8541330344695566,False,47.187689102412435,3.072842760945023e-07,1217361876400978.8,8214374178845037.0,CONVERGED
S4,S4_eta05_cons,"Symmetric Baseline (eta=0.5, beta->0)",1.5702020202020202,854105.1606159348,2,3.141592599283082,0.999999982713637,0.053179302007287835,0.053179302007287835,False,-0.94820998128631,5.14941655463538e-08,1217361876400978.8,8214374178845037.0,CONVERGED
S4,S4_eta05_cons,"Symmetric Baseline (eta=0.5, beta->0)",1.5702020202020202,854105.1606159348,3,7.268083408723647e-07,2.3135028026051216e-07,1.3173988590870498,1.3173988590870498,False,0.2678310630230027,-1.946618505498646e-07,1217361876400978.8,8214374178845037.0,CONVERGED
S4,S4_eta05_cons,"Symmetric Baseline (eta=0.5, beta->0)",1.5702020202020202,854105.1606159348,4,1.8160771660000865e-07,5.7807531601046867e-08,-1.3173990981341013,1.3173990981341013,False,3.7336977561893723,6.780683239761352e-07,1217361876400978.8,8214374178845037.0,CONVERGED
S4,S4_eta05_cons,"Symmetric Baseline (eta=0.5, beta->0)",1.587878787878788,863720.3682780633,0,3.141592443756402,0.9999999332079572,-0.08011761304579683,0.08011761304579683,False,-1.0834144838591921,2.2733653519362673e-07,1244925399421769.8,2.155224598883901e+16,CONVERGED
S4,S4_eta05_cons,"Symmetric Baseline (eta=0.5, beta->0)",1.587878787878788,863720.3682780633,1,4.431844503781168e-07,1.4106999195828419e-07,3.862816770540235,3.862816770540235,False,0.021008739303043967,-9.31074658115729e-09,1244925399421769.8,2.155224598883901e+16,CONVERGED
S4,S4_eta05_cons,"Symmetric Baseline (eta=0.5, beta->0)",1.587878787878788,863720.3682780633,2,3.141592498104851,0.9999999505076057,0.08011789743675435,0.08011789743675435,False,-0.9230075197508764,-1.435137709113745e-07,1244925399421769.8,2.155224598883901e+16,CONVERGED
S4,S4_eta05_cons,"Symmetric Baseline (eta=0.5, beta->0)",1.587878787878788,863720.3682780633,3,5.5267219356738e-06,1.7592102303137866e-06,1.3411447498038152,1.3411447498038152,False,0.2615460923012505,1.4454925255258028e-06,1244925399421769.8,2.155224598883901e+16,CONVERGED
S4,S4_eta05_cons,"Symmetric Baseline (eta=0.5, beta->0)",1.587878787878788,863720.3682780633,4,9.001035360205934e-07,2.865118541043426e-07,-1.3411376146379372,1.3411376146379372,False,3.8233905773369448,-3.4414473782497315e-06,1244925399421769.8,2.155224598883901e+16,CONVERGED
S4,S4_eta05_cons,"Symmetric Baseline (eta=0.5, beta->0)",1.6055555555555556,873335.5759401919,0,3.1415922786455504,0.9999998806515408,-0.0908088956288632,0.0908088956288632,False,-1.0950597145627332,-4.1058633568881775e-07,1272797485789987.2,7626938968088919.0,CONVERGED
S4,S4_eta05_cons,"Symmetric Baseline (eta=0.5, beta->0)",1.6055555555555556,873335.5759401919,1,6.637820010341033e-06,2.1128837320001427e-06,3.8709735369736915,3.8709735369736915,False,0.02083807291221503,1.3831937735567784e-07,1272797485789987.2,7626938968088919.0,CONVERGED
S4,S4_eta05_cons,"Symmetric Baseline (eta=0.5, beta->0)",1.6055555555555556,873335.5759401919,2,3.1415921692797877,0.9999998458393373,0.0910373260294648,0.0910373260294648,False,-0.9129836322091949,-4.4216710787156623e-07,1272797485789987.2,7626938968088919.0,CONVERGED
S4,S4_eta05_cons,"Symmetric Baseline (eta=0.5, beta->0)",1.6055555555555556,873335.5759401919,3,2.8121897806813466e-05,8.951478090158987e-06,1.3624426467812205,1.3624426467812205,False,0.2560346102948229,7.200179147616386e-06,1272797485789987.2,7626938968088919.0,CONVERGED
S4,S4_eta05_cons,"Symmetric Baseline (eta=0.5, beta->0)",1.6055555555555556,873335.5759401919,4,7.551933317828123e-07,2.4038550348654466e-07,-1.3624322467569452,1.3624322467569452,False,3.905681339263543,-2.949544503480952e-06,1272797485789987.2,7626938968088919.0,CONVERGED
S4,S4_eta05_cons,"Symmetric Baseline (eta=0.5, beta->0)",1.6232323232323231,882950.7836023204,0,3.141592613060558,0.9999999870991438,-0.09131700522464319,0.09131700522464319,False,-1.0956162662943945,4.440448946419045e-08,1300978135505630.0,2.6531278751067332e+16,CONVERGED
S4,S4_eta05_cons,"Symmetric Baseline (eta=0.5, beta->0)",1.6232323232323231,882950.7836023204,1,4.594341170768811e-08,1.4624242151569239e-08,3.8801295186884364,3.8801295186884364,False,0.020648150687122134,-9.48646488020836e-10,1300978135505630.0,2.6531278751067332e+16,CONVERGED
S4,S4_eta05_cons,"Symmetric Baseline (eta=0.5, beta->0)",1.6232323232323231,882950.7836023204,2,3.141592597891145,0.9999999822705697,0.09131721373933502,0.09131721373933502,False,-0.9127281350682552,-5.08377232331762e-08,1300978135505630.0,2.6531278751067332e+16,CONVERGED
S4,S4_eta05_cons,"Symmetric Baseline (eta=0.5, beta->0)",1.6232323232323231,882950.7836023204,3,1.2823403818051542e-05,4.081816209812773e-06,1.3814061229272123,1.3814061229272123,False,0.251225051259372,3.2215602816862094e-06,1300978135505630.0,2.6531278751067332e+16,CONVERGED
S4,S4_eta05_cons,"Symmetric Baseline (eta=0.5, beta->0)",1.6232323232323231,882950.7836023204,4,1.6919757388364274e-06,5.385726048547584e-07,-1.3814047545846333,1.3814047545846333,False,3.9804893125179563,-6.7348913454844985e-06,1300978135505630.0,2.6531278751067332e+16,CONVERGED
S4,S4_eta05_cons,"Symmetric Baseline (eta=0.5, beta->0)",1.6409090909090909,892565.9912644491,0,3.1415925723429896,0.9999999741383392,-0.08173737876395824,0.08173737876395824,False,-1.0851707835117195,8.816665760600312e-08,1329467348568702.0,1.8377483841175452e+16,CONVERGED
S4,S4_eta05_cons,"Symmetric Baseline (eta=0.5, beta->0)",1.6409090909090909,892565.9912644491,1,2.5498434173671437e-08,8.116403679686234e-09,3.8887413844598333,3.8887413844598333,False,0.02047109506885119,5.219808700760721e-10,1329467348568702.0,1.8377483841175452e+16,CONVERGED
S4,S4_eta05_cons,"Symmetric Baseline (eta=0.5, beta->0)",1.6409090909090909,892565.9912644491,2,3.1415926134547227,0.9999999872246104,0.08174235594250485,0.08174235594250485,False,-0.9215093495216975,3.6984842804742385e-08,1329467348568702.0,1.8377483841175452e+16,CONVERGED
S4,S4_eta05_cons,"Symmetric Baseline (eta=0.5, beta->0)",1.6409090909090909,892565.9912644491,3,1.3308466110129742e-05,4.2362163327962336e-06,1.3981573992705523,1.3981573992705523,False,0.24705176254282707,-3.2878800094431457e-06,1329467348568702.0,1.8377483841175452e+16,CONVERGED
S4,S4_eta05_cons,"Symmetric Baseline (eta=0.5, beta->0)",1.6409090909090909,892565.9912644491,4,2.597141556758191e-07,8.266958333348927e-08,-1.3981632506700918,1.3981632506700918,False,4.047758417245509,1.051260159714631e-06,1329467348568702.0,1.8377483841175452e+16,CONVERGED
S4,S4_eta05_cons,"Symmetric Baseline (eta=0.5, beta->0)",1.6585858585858586,902181.1989265776,0,3.1415925036450623,0.9999999522711098,-0.05732146029074465,0.05732146029074465,False,-1.0589961809049668,-1.5879089723846644e-07,1358265124979199.2,1.0469578981141848e+16,CONVERGED
S4,S4_eta05_cons,"Symmetric Baseline (eta=0.5, beta->0)",1.6585858585858586,902181.1989265776,1,2.6910423773195543e-07,8.565853928403448e-08,3.897356373225866,3.897356373225866,False,0.020295494300189194,-5.461603523045791e-09,1358265124979199.2,1.0469578981141848e+16,CONVERGED
S4,S4_eta05_cons,"Symmetric Baseline (eta=0.5, beta->0)",1.6585858585858586,902181.1989265776,2,3.1415926379305104,0.9999999950154955,0.057322814167020925,0.057322814167020925,False,-0.9442891902311474,-1.4786891609448908e-08,1358265124979199.2,1.0469578981141848e+16,CONVERGED
S4,S4_eta05_cons,"Symmetric Baseline (eta=0.5, beta->0)",1.6585858585858586,902181.1989265776,3,6.940711925539828e-07,2.2092972230530612e-07,1.412797334992458,1.412797334992458,False,0.24346128693490607,1.6897946576366477e-07,1358265124979199.2,1.0469578981141848e+16,CONVERGED
S4,S4_eta05_cons,"Symmetric Baseline (eta=0.5, beta->0)",1.6585858585858586,902181.1989265776,4,5.265472162997181e-08,1.676051844907551e-08,-1.412796125053875,1.412796125053875,False,4.107424234265529,2.1627527967145175e-07,1358265124979199.2,1.0469578981141848e+16,CONVERGED
S4,S4_eta05_cons,"Symmetric Baseline (eta=0.5, beta->0)",1.6762626262626263,911796.4065887061,0,3.0986621697421493,0.9863348025726414,1.9592760216386648e-08,1.9592760216386648e-08,True,-0.9990786087260042,0.04291729721909546,1387371464737125.5,3.885431920477433e+16,CONVERGED
S4,S4_eta05_cons,"Symmetric Baseline (eta=0.5, beta->0)",1.6762626262626263,911796.4065887061,1,8.548796902161071e-06,2.721166568935233e-06,4.812936440502762,4.812936440502762,False,0.008123969086002247,6.945016175736017e-08,1387371464737125.5,3.885431920477433e+16,CONVERGED
S4,S4_eta05_cons,"Symmetric Baseline (eta=0.5, beta->0)",1.6762626262626263,911796.4065887061,2,3.098662254943501,0.986334829693074,1.192147737062408e-07,1.192147737062408e-07,True,-0.9990785128523942,-0.04291720782074864,1387371464737125.5,3.885431920477433e+16,CONVERGED
S4,S4_eta05_cons,"Symmetric Baseline (eta=0.5, beta->0)",1.6762626262626263,911796.4065887061,3,1.0153652528306084e-07,3.232007980634868e-08,3.905943470085255,3.905943470085255,False,0.020121961064511324,-2.043114008371527e-09,1387371464737125.5,3.885431920477433e+16,CONVERGED
S4,S4_eta05_cons,"Symmetric Baseline (eta=0.5, beta->0)",1.6762626262626263,911796.4065887061,4,4.4260001834156365e-06,1.408839614632468e-06,1.4253715416427577,1.4253715416427577,False,0.24041912089469206,1.0640950731834814e-06,1387371464737125.5,3.885431920477433e+16,CONVERGED
S4,S4_eta05_cons,"Symmetric Baseline (eta=0.5, beta->0)",1.6939393939393939,921411.6142508347,0,3.0483115327301133,0.9703076970360589,4.2430195832740004e-08,4.2430195832740004e-08,True,-0.9956524278264977,-0.09314589686514814,1416786367842471.5,2.335051178585377e+16,CONVERGED
S4,S4_eta05_cons,"Symmetric Baseline (eta=0.5, beta->0)",1.6939393939393939,921411.6142508347,1,1.5650876615415125e-07,4.981828754129339e-08,4.827818090325494,4.827818090325494,False,0.008003966158640432,-1.252690867828406e-09,1416786367842471.5,2.335051178585377e+16,CONVERGED
S4,S4_eta05_cons,"Symmetric Baseline (eta=0.5, beta->0)",1.6939393939393939,921411.6142508347,2,3.048311256833983,0.970307609215593,1.2819364322540695e-07,1.2819364322540695e-07,True,-0.9956523167372885,0.09314616357326036,1416786367842471.5,2.335051178585377e+16,CONVERGED
S4,S4_eta05_cons,"Symmetric Baseline (eta=0.5, beta->0)",1.6939393939393939,921411.6142508347,3,6.973302863747379e-07,2.21967124088453e-07,3.9145076756882924,3.9145076756882924,False,0.0199503682795559,1.3911996025666456e-08,1416786367842471.5,2.335051178585377e+16,CONVERGED
S4,S4_eta05_cons,"Symmetric Baseline (eta=0.5, beta->0)",1.6939393939393939,921411.6142508347,4,2.143347692294782e-06,6.822487599866425e-07,1.4359478722933297,1.4359478722933297,False,0.23788976799297476,5.098804852490643e-07,1416786367842471.5,2.335051178585377e+16,CONVERGED
S4,S4_eta05_cons,"Symmetric Baseline (eta=0.5, beta->0)",1.7116161616161616,931026.8219129633,0,3.0101165013415114,0.9581498409419668,2.254286426029544e-09,2.254286426029544e-09,True,-0.9913694514992618,-0.13109769687328585,1446509834295246.2,2.1503020652861668e+16,CONVERGED
S4,S4_eta05_cons,"Symmetric Baseline (eta=0.5, beta->0)",1.7116161616161616,931026.8219129633,1,1.2217270266482427e-05,3.888877908000631e-06,4.842567493966694,4.842567493966694,False,0.007886778776892953,-9.635490785405296e-08,1446509834295246.2,2.1503020652861668e+16,CONVERGED
S4,S4_eta05_cons,"Symmetric Baseline (eta=0.5, beta->0)",1.7116161616161616,931026.8219129633,2,3.0101167078580846,0.9581499066782336,3.0149010594803297e-09,3.0149010594803297e-09,True,-0.9913694778190376,0.13109749203934676,1446509834295246.2,2.1503020652861668e+16,CONVERGED
S4,S4_eta05_cons,"Symmetric Baseline (eta=0.5, beta->0)",1.7116161616161616,931026.8219129633,3,7.857905824028115e-08,2.501249108489335e-08,3.9230515607607694,3.9230515607607694,False,0.019780640724667203,-1.5543441195337044e-09,1446509834295246.2,2.1503020652861668e+16,CONVERGED
S4,S4_eta05_cons,"Symmetric Baseline (eta=0.5, beta->0)",1.7116161616161616,931026.8219129633,4,1.9151394715589786e-05,6.096078272180235e-06,1.4445769017392824,1.4445769017392824,False,0.23584584137125483,4.5167768006834914e-06,1446509834295246.2,2.1503020652861668e+16,CONVERGED
S4,S4_eta05_cons,"Symmetric Baseline (eta=0.5, beta->0)",1.7292929292929293,940642.0295750919,0,2.9754779311405106,0.9471240416037169,3.0749676400001056e-08,3.0749676400001056e-08,True,-0.9862346164324807,-0.16535180631286378,1476541864095445.2,1.7249652181649314e+16,CONVERGED
S4,S4_eta05_cons,"Symmetric Baseline (eta=0.5, beta->0)",1.7292929292929293,940642.0295750919,1,3.557920214160278e-06,1.1325211784203663e-06,4.857226616494591,4.857226616494591,False,0.007772008789872902,-2.7652187178236837e-08,1476541864095445.2,1.7249652181649314e+16,CONVERGED
S4,S4_eta05_cons,"Symmetric Baseline (eta=0.5, beta->0)",1.7292929292929293,940642.0295750919,2,2.9754777490316724,0.9471239836366734,6.746155887137522e-08,6.746155887137522e-08,True,-0.9862345501139114,0.16535197984451896,1476541864095445.2,1.7249652181649314e+16,CONVERGED
S4,S4_eta05_cons,"Symmetric Baseline (eta=0.5, beta->0)",1.7292929292929293,940642.0295750919,3,1.2882400562887138e-06,4.1005954569466056e-07,3.931572282786027,3.931572282786027,False,0.019612811412417146,-2.526600927792617e-08,1476541864095445.2,1.7249652181649314e+16,CONVERGED
S4,S4_eta05_cons,"Symmetric Baseline (eta=0.5, beta->0)",1.7292929292929293,940642.0295750919,4,1.1658964014241995e-05,3.7111635083942806e-06,1.451299907278512,1.451299907278512,False,0.23426556655083414,-2.7312938103159443e-06,1476541864095445.2,1.7249652181649314e+16,CONVERGED
S4,S4_eta05_cons,"Symmetric Baseline (eta=0.5, beta->0)",1.7469696969696968,950257.2372372204,0,2.941997418207655,0.9364668633426847,0.00022380428132443386,0.00022380428132443386,True,-0.9799275753404384,0.19822824896196875,1506882457243075.5,1.8757167365973556e+16,CONVERGED
S4,S4_eta05_cons,"Symmetric Baseline (eta=0.5, beta->0)",1.7469696969696968,950257.2372372204,1,5.265619458582654e-07,1.6760987305485983e-07,4.871736271295809,4.871736271295809,False,0.007660053803521016,-4.033492836161406e-09,1506882457243075.5,1.8757167365973556e+16,CONVERGED
S4,S4_eta05_cons,"Symmetric Baseline (eta=0.5, beta->0)",1.7469696969696968,950257.2372372204,2,2.9419988981897602,0.9364673344356201,0.00022719086621134064,0.00022719086621134064,True,-0.9799245501103354,-0.1982261273757315,1506882457243075.5,1.8757167365973556e+16,CONVERGED
S4,S4_eta05_cons,"Symmetric Baseline (eta=0.5, beta->0)",1.7469696969696968,950257.2372372204,3,5.977670927745642e-06,1.9027517526548697e-06,3.938359026865687,3.938359026865687,False,0.01948015494228031,1.1644595586783656e-07,1506882457243075.5,1.8757167365973556e+16,CONVERGED
S4,S4_eta05_cons,"Symmetric Baseline (eta=0.5, beta->0)",1.7469696969696968,950257.2372372204,4,7.359777718396064e-06,2.34269000788065e-06,1.4561347377273428,1.4561347377273428,False,0.2331356659061429,-1.7158266793304395e-06,1506882457243075.5,1.8757167365973556e+16,CONVERGED
S4,S4_eta05_cons,"Symmetric Baseline (eta=0.5, beta->0)",1.7646464646464646,959872.4448993491,0,2.910125771923123,0.9263218032413653,0.00012434918829029018,0.00012434918829029018,True,-0.973209906150039,-0.22937700651488463,1537531613738130.2,1.1565801952346104e+16,CONVERGED
S4,S4_eta05_cons,"Symmetric Baseline (eta=0.5, beta->0)",1.7646464646464646,959872.4448993491,1,1.187863279579053e-05,3.7810862532471266e-06,4.8861211430762825,4.8861211430762825,False,0.007550653651230224,8.96914420953774e-08,1537531613738130.2,1.1565801952346104e+16,CONVERGED
S4,S4_eta05_cons,"Symmetric Baseline (eta=0.5, beta->0)",1.7646464646464646,959872.4448993491,2,2.9101304240529187,0.9263232840602711,0.00013930657827204043,0.00013930657827204043,True,-0.9731964166439175,0.2293690482256391,1537531613738130.2,1.1565801952346104e+16,CONVERGED
S4,S4_eta05_cons,"Symmetric Baseline (eta=0.5, beta->0)",1.7646464646464646,959872.4448993491,3,2.0344755875889187e-05,6.475936927291294e-06,3.9473718227417076,3.9473718227417076,False,0.019305373098160293,-3.9276310282921906e-07,1537531613738130.2,1.1565801952346104e+16,CONVERGED
S4,S4_eta05_cons,"Symmetric Baseline (eta=0.5, beta->0)",1.7646464646464646,959872.4448993491,4,2.3967951542017742e-05,7.629235927398278e-06,1.4590958734168578,1.4590958734168578,False,0.23244634060133582,-5.571262628718995e-06,1537531613738130.2,1.1565801952346104e+16,CONVERGED
S4,S4_eta05_cons,"Symmetric Baseline (eta=0.5, beta->0)",1.7823232323232323,969487.6525614776,0,2.8792039899561237,0.9164790943428498,-2.4161447178685636e-07,2.4161447178685636e-07,True,-0.9657733761269592,0.25938825955196054,1568489333580604.5,4.427394851548132e+16,CONVERGED
S4,S4_eta05_cons,"Symmetric Baseline (eta=0.5, beta->0)",1.7823232323232323,969487.6525614776,1,2.9103584936720722e-05,9.263958808747857e-06,4.900392208726792,4.900392208726792,False,0.007443663025577127,-2.1663727916637674e-07,1568489333580604.5,4.427394851548132e+16,CONVERGED
S4,S4_eta05_cons,"Symmetric Baseline (eta=0.5, beta->0)",1.7823232323232323,969487.6525614776,2,2.879203726200075,0.916479010386692,-1.626211479145732e-07,1.626211479145732e-07,True,-0.9657732314220625,-0.2593884937905612,1568489333580604.5,4.427394851548132e+16,CONVERGED
S4,S4_eta05_cons,"Symmetric Baseline (eta=0.5, beta->0)",1.7823232323232323,969487.6525614776,3,5.915991889244972e-07,1.8831187049297958e-07,3.9570042021372043,3.9570042021372043,False,0.019120309158014544,-1.131155938986836e-08,1568489333580604.5,4.427394851548132e+16,CONVERGED
S4,S4_eta05_cons,"Symmetric Baseline (eta=0.5, beta->0)",1.7823232323232323,969487.6525614776,4,2.8621821513710363e-05,9.110608748401918e-06,1.4602434178299986,1.4602434178299986,False,0.23217975106431682,6.645407395875238e-06,1568489333580604.5,4.427394851548132e+16,CONVERGED
S4,S4_eta05_cons,"Symmetric Baseline (eta=0.5, beta->0)",1.8,979102.8602236061,0,2.8480107101408314,0.906549964995145,2.0677059512087944e-05,2.0677059512087944e-05,True,-0.957193673567698,-0.28937677518767946,1599755616770511.0,2.7920023639645896e+16,CONVERGED
S4,S4_eta05_cons,"Symmetric Baseline (eta=0.5, beta->0)",1.8,979102.8602236061,1,1.2315731844361988e-05,3.920219201648951e-06,4.914552812075197,4.914552812075197,False,0.007338999069915202,9.038514455566745e-08,1599755616770511.0,2.7920023639645896e+16,CONVERGED
S4,S4_eta05_cons,"Symmetric Baseline (eta=0.5, beta->0)",1.8,979102.8602236061,2,2.8480111636073002,0.906550109338005,2.687559031312156e-05,2.687559031312156e-05,True,-0.957187871613371,0.2893745474298099,1599755616770511.0,2.7920023639645896e+16,CONVERGED
S4,S4_eta05_cons,"Symmetric Baseline (eta=0.5, beta->0)",1.8,979102.8602236061,3,5.29739354834778e-06,1.686212737445329e-06,3.9649714428847167,3.9649714428847167,False,0.018968578292306408,-1.0048402426793366e-07,1599755616770511.0,2.7920023639645896e+16,CONVERGED
S4,S4_eta05_cons,"Symmetric Baseline (eta=0.5, beta->0)",1.8,979102.8602236061,4,3.079000174295267e-07,9.800761950397982e-08,1.4595011358800174,1.4595011358800174,False,0.23235215797716274,7.154123349095882e-08,1599755616770511.0,2.7920023639645896e+16,CONVERGED
S4,S4_eta08_cons,"Asymmetric Filling (eta=0.8, beta->0)",0.05,27197.301672877948,0,3.6414862198801044e-09,1.1591210641898782e-09,2.9445979532002333,2.9445979532002333,False,0.052623212557995215,-1.9162670337576125e-10,1894455434658.2542,4.78076823013711e+16,CONVERGED
S4,S4_eta08_cons,"Asymmetric Filling (eta=0.8, beta->0)",0.05,27197.301672877948,1,0.0990971113096441,0.03154359022211525,1.2010219979143116e-08,1.2010219979143116e-08,True,0.9950938862096484,-0.09893499688047479,1894455434658.2542,4.78076823013711e+16,CONVERGED
S4,S4_eta08_cons,"Asymmetric Filling (eta=0.8, beta->0)",0.05,27197.301672877948,2,0.09909712567216312,0.031543594793847045,-1.2561832055460785e-08,1.2561832055460785e-08,True,0.9950939092401916,0.09893501360356592,1894455434658.2542,4.78076823013711e+16,CONVERGED
S4,S4_eta08_cons,"Asymmetric Filling (eta=0.8, beta->0)",0.05,27197.301672877948,3,0.2408329165404011,0.07665949825328543,4.5594679929829296e-07,4.5594679929829296e-07,True,0.9711392087049363,0.23851147859750343,1894455434658.2542,4.78076823013711e+16,CONVERGED
S4,S4_eta08_cons,"Asymmetric Filling (eta=0.8, beta->0)",0.05,27197.301672877948,4,0.24083315524295784,0.0766595742346691,-5.002955929550508e-07,5.002955929550508e-07,True,0.9711400804164786,-0.2385119384860263,1894455434658.2542,4.78076823013711e+16,CONVERGED
S4,S4_eta08_cons,"Asymmetric Filling (eta=0.8, beta->0)",0.06767676767676768,36812.509335006514,0,6.232964606231773e-10,1.9840142543972314e-10,2.9490317786916496,2.9490317786916496,False,0.05239040690791832,-3.2654755196313544e-11,2261454476074.756,1.418406624601275e+16,CONVERGED
S4,S4_eta08_cons,"Asymmetric Filling (eta=0.8, beta->0)",0.06767676767676768,36812.509335006514,1,0.13410288899627476,0.042686275333321734,3.455564933023472e-07,3.455564933023472e-07,True,0.9910213324407278,0.13370126227772405,2261454476074.756,1.418406624601275e+16,CONVERGED
S4,S4_eta08_cons,"Asymmetric Filling (eta=0.8, beta->0)",0.06767676767676768,36812.509335006514,2,0.13410288968077977,0.042686275551206444,-3.9475104394365345e-07,3.9475104394365345e-07,True,0.9910220660100421,-0.13370136193617246,2261454476074.756,1.418406624601275e+16,CONVERGED
S4,S4_eta08_cons,"Asymmetric Filling (eta=0.8, beta->0)",0.06767676767676768,36812.509335006514,3,0.32552926371599905,0.10361918288293284,1.8500268606159487e-06,1.8500268606159487e-06,True,0.9474798422753763,-0.3198097065990212,2261454476074.756,1.418406624601275e+16,CONVERGED
S4,S4_eta08_cons,"Asymmetric Filling (eta=0.8, beta->0)",0.06767676767676768,36812.509335006514,4,0.3255293677990686,0.10361921601360287,-1.6869318537070238e-06,1.6869318537070238e-06,True,0.9474831601914888,0.31981093637170765,2261454476074.756,1.418406624601275e+16,CONVERGED
S4,S4_eta08_cons,"Asymmetric Filling (eta=0.8, beta->0)",0.08535353535353535,46427.71699713508,0,4.8575357114670415e-09,1.5462016394507727e-09,2.9547211135964857,2.9547211135964857,False,0.05209318663177914,-2.5304451438798467e-10,3597092965648.007,2.6560087752471188e+16,CONVERGED
S4,S4_eta08_cons,"Asymmetric Filling (eta=0.8, beta->0)",0.08535353535353535,46427.71699713508,1,0.16908356058375906,0.05382096892496643,-2.332584605017969e-07,2.332584605017969e-07,True,0.9857396283159812,-0.16827908867266048,3597092965648.007,2.6560087752471188e+16,CONVERGED
S4,S4_eta08_cons,"Asymmetric Filling (eta=0.8, beta->0)",0.08535353535353535,46427.71699713508,2,0.16908251289836182,0.053820635436346874,-2.4958924611161775e-06,2.4958924611161775e-06,True,0.985742034989905,0.16827843667963568,3597092965648.007,2.6560087752471188e+16,CONVERGED
S4,S4_eta08_cons,"Asymmetric Filling (eta=0.8, beta->0)",0.08535353535353535,46427.71699713508,3,0.4098462613057862,0.13045811678909694,-4.270790867908895e-09,4.270790867908895e-09,True,0.9171820975726983,0.3984683280183346,3597092965648.007,2.6560087752471188e+16,CONVERGED
S4,S4_eta08_cons,"Asymmetric Filling (eta=0.8, beta->0)",0.08535353535353535,46427.71699713508,4,0.40984649255250244,0.13045819039721288,-1.6666476564464338e-07,1.6666476564464338e-07,True,0.917182154373025,-0.39846860482256746,3597092965648.007,2.6560087752471188e+16,CONVERGED
S4,S4_eta08_cons,"Asymmetric Filling (eta=0.8, beta->0)",0.10303030303030303,56042.924659263655,0,3.605534518759531e-09,1.1476772822980748e-09,2.961609935340055,2.961609935340055,False,0.05173555918517567,1.865343444894776e-10,5241294802646.863,1.1884166717998546e+16,CONVERGED
S4,S4_eta08_cons,"Asymmetric Filling (eta=0.8, beta->0)",0.10303030303030303,56042.924659263655,1,0.2040300143977067,0.0649447706610112,3.3021863810910707e-08,3.3021863810910707e-08,True,0.9792579487802948,-0.20261738253882378,5241294802646.863,1.1884166717998546e+16,CONVERGED
S4,S4_eta08_cons,"Asymmetric Filling (eta=0.8, beta->0)",0.10303030303030303,56042.924659263655,2,0.20403000507607486,0.06494476769384362,2.849128951120894e-09,2.849128951120894e-09,True,0.9792579802159104,0.20261737952406206,5241294802646.863,1.1884166717998546e+16,CONVERGED
S4,S4_eta08_cons,"Asymmetric Filling (eta=0.8, beta->0)",0.10303030303030303,56042.924659263655,3,0.49369479838251396,0.1571479350826675,2.774261109790781e-07,2.774261109790781e-07,True,0.8805877279059037,-0.47388257892588764,5241294802646.863,1.1884166717998546e+16,CONVERGED
S4,S4_eta08_cons,"Asymmetric Filling (eta=0.8, beta->0)",0.10303030303030303,56042.924659263655,4,0.4936948585755972,0.157147954242721,-2.3135212721626543e-07,2.3135212721626543e-07,True,0.8805881474054208,0.4738828730324091,5241294802646.863,1.1884166717998546e+16,CONVERGED
S4,S4_eta08_cons,"Asymmetric Filling (eta=0.8, beta->0)",0.12070707070707071,65658.13232139223,0,9.018977337182193e-08,2.8708296496926516e-08,2.969633447241781,2.969633447241781,False,0.05132211914882811,4.628730294994463e-09,7194059987072.216,4.436270407646083e+16,CONVERGED
S4,S4_eta08_cons,"Asymmetric Filling (eta=0.8, beta->0)",0.12070707070707071,65658.13232139223,1,0.23892476182099945,0.07605211374173164,4.263094750564332e-06,4.263094750564332e-06,True,0.9715888582578729,-0.23665706065108158,7194059987072.216,4.436270407646083e+16,CONVERGED
S4,S4_eta08_cons,"Asymmetric Filling (eta=0.8, beta->0)",0.12070707070707071,65658.13232139223,2,0.23894048899136106,0.07605711985553942,1.9686562084145962e-06,1.9686562084145962e-06,True,0.9715873654367455,0.23667288399607234,7194059987072.216,4.436270407646083e+16,CONVERGED
S4,S4_eta08_cons,"Asymmetric Filling (eta=0.8, beta->0)",0.12070707070707071,65658.13232139223,3,0.5770030503408338,0.18366577528169084,2.3796736729461387e-05,2.3796736729461387e-05,True,0.8380813473401838,0.545501661683587,7194059987072.216,4.436270407646083e+16,CONVERGED
S4,S4_eta08_cons,"Asymmetric Filling (eta=0.8, beta->0)",0.12070707070707071,65658.13232139223,4,0.5770031044367797,0.18366579250096524,-2.1387918232630763e-05,2.1387918232630763e-05,True,0.838119187101479,-0.5455263558836735,7194059987072.216,4.436270407646083e+16,CONVERGED
S4,S4_eta08_cons,"Asymmetric Filling (eta=0.8, beta->0)",0.1383838383838384,75273.3399835208,0,9.94134559497746e-08,3.1644285848510044e-08,2.9787201273303845,2.9787201273303845,False,0.050857883843739564,-5.0559579951983735e-09,9455388518924.242,7.83039638554173e+16,CONVERGED
S4,S4_eta08_cons,"Asymmetric Filling (eta=0.8, beta->0)",0.1383838383838384,75273.3399835208,1,0.2738024738151155,0.08715403427692975,1.3658531582512701e-07,1.3658531582512701e-07,True,0.9627495605285131,0.27039417621605777,9455388518924.242,7.83039638554173e+16,CONVERGED
S4,S4_eta08_cons,"Asymmetric Filling (eta=0.8, beta->0)",0.1383838383838384,75273.3399835208,2,0.27380244769510326,0.08715402596267162,1.1667915782213463e-08,1.1667915782213463e-08,True,0.9627496878553924,-0.2703941848459638,9455388518924.242,7.83039638554173e+16,CONVERGED
S4,S4_eta08_cons,"Asymmetric Filling (eta=0.8, beta->0)",0.1383838383838384,75273.3399835208,3,0.6597052847301702,0.20999071409730571,3.9692193000837493e-07,3.9692193000837493e-07,True,0.7901725784481157,0.6128837593093094,9455388518924.242,7.83039638554173e+16,CONVERGED
S4,S4_eta08_cons,"Asymmetric Filling (eta=0.8, beta->0)",0.1383838383838384,75273.3399835208,4,0.6597045756410058,0.20999048838721449,-4.886052347635915e-07,4.886052347635915e-07,True,0.7901737127571276,-0.6128837417313038,9455388518924.242,7.83039638554173e+16,CONVERGED
S4,S4_eta08_cons,"Asymmetric Filling (eta=0.8, beta->0)",0.15606060606060607,84888.54764564935,0,1.0603355756917712e-10,3.375152964150719e-11,2.9887937409426346,2.9887937409426346,False,0.05034813299996823,-5.338591658952718e-12,12025280398200.914,1.5106551183238618e+16,CONVERGED
S4,S4_eta08_cons,"Asymmetric Filling (eta=0.8, beta->0)",0.15606060606060607,84888.54764564935,1,0.30861279718843754,0.09823450434791282,-8.562741940633913e-07,8.562741940633913e-07,True,0.9527566474660744,0.3037375236269978,12025280398200.914,1.5106551183238618e+16,CONVERGED
S4,S4_eta08_cons,"Asymmetric Filling (eta=0.8, beta->0)",0.15606060606060607,84888.54764564935,2,0.30859255032032756,0.09822805956962917,-3.622776684243355e-05,3.622776684243355e-05,True,0.9527964982426683,-0.3037289763838139,12025280398200.914,1.5106551183238618e+16,CONVERGED
S4,S4_eta08_cons,"Asymmetric Filling (eta=0.8, beta->0)",0.15606060606060607,84888.54764564935,3,0.7417537138353375,0.23610754022733033,2.940158645880859e-08,2.940158645880859e-08,True,0.7372848940345094,0.6755819167394514,12025280398200.914,1.5106551183238618e+16,CONVERGED
S4,S4_eta08_cons,"Asymmetric Filling (eta=0.8, beta->0)",0.15606060606060607,84888.54764564935,4,0.7417536640951182,0.23610752439452679,-6.308192120566725e-08,6.308192120566725e-08,True,0.7372849958248006,-0.6755819425469232,12025280398200.914,1.5106551183238618e+16,CONVERGED
S4,S4_eta08_cons,"Asymmetric Filling (eta=0.8, beta->0)",0.17373737373737375,94503.75530777793,0,2.0963958812098779e-10,6.673035343440838e-11,2.999775573340484,2.999775573340484,False,0.04979824316721938,1.0439683186724665e-11,14903735624904.37,2.5970156415779456e+16,CONVERGED
S4,S4_eta08_cons,"Asymmetric Filling (eta=0.8, beta->0)",0.17373737373737375,94503.75530777793,1,0.34337515984003664,0.10929970804702299,1.0075598294356824e-05,1.0075598294356824e-05,True,0.9416142382642793,-0.3366637421885915,14903735624904.37,2.5970156415779456e+16,CONVERGED
S4,S4_eta08_cons,"Asymmetric Filling (eta=0.8, beta->0)",0.17373737373737375,94503.75530777793,2,0.34337234713082,0.10929881273387237,8.212706436944271e-07,8.212706436944271e-07,True,0.9416238992535311,0.33666420928669794,14903735624904.37,2.5970156415779456e+16,CONVERGED
S4,S4_eta08_cons,"Asymmetric Filling (eta=0.8, beta->0)",0.17373737373737375,94503.75530777793,3,0.8231088192800143,0.2620036745818957,2.2257095397408945e-07,2.2257095397408945e-07,True,0.6799447626124692,-0.7332630323792848,14903735624904.37,2.5970156415779456e+16,CONVERGED
S4,S4_eta08_cons,"Asymmetric Filling (eta=0.8, beta->0)",0.17373737373737375,94503.75530777793,4,0.8231090529581695,0.26200374896396267,-8.060848892802559e-08,8.060848892802559e-08,True,0.6799447974101516,0.7332634135778621,14903735624904.37,2.5970156415779456e+16,CONVERGED
S4,S4_eta08_cons,"Asymmetric Filling (eta=0.8, beta->0)",0.19141414141414143,104118.96296990648,0,5.590496618150247e-09,1.779510342234272e-09,3.011585952378744,3.011585952378744,False,0.04921356646284446,2.7512827687764434e-10,18090754199034.543,3.0541924962152556e+16,CONVERGED
S4,S4_eta08_cons,"Asymmetric Filling (eta=0.8, beta->0)",0.19141414141414143,104118.96296990648,1,0.3780636247762395,0.12034138937275614,3.589328933272341e-08,3.589328933272341e-08,True,0.9293811019398379,0.36912151870422905,18090754199034.543,3.0541924962152556e+16,CONVERGED
S4,S4_eta08_cons,"Asymmetric Filling (eta=0.8, beta->0)",0.19141414141414143,104118.96296990648,2,0.3780636265518806,0.12034138993796026,-3.94122411420647e-08,3.94122411420647e-08,True,0.9293811712719501,-0.3691215481513692,18090754199034.543,3.0541924962152556e+16,CONVERGED
S4,S4_eta08_cons,"Asymmetric Filling (eta=0.8, beta->0)",0.19141414141414143,104118.96296990648,3,0.9037438432309008,0.2876705998781296,1.4539234100819706e-07,1.4539234100819706e-07,True,0.6186728756728954,0.7856485105452631,18090754199034.543,3.0541924962152556e+16,CONVERGED
S4,S4_eta08_cons,"Asymmetric Filling (eta=0.8, beta->0)",0.19141414141414143,104118.96296990648,4,0.903743698761867,0.2876705538922079,-3.430417384250504e-07,3.430417384250504e-07,True,0.618673291355816,-0.7856488049037393,18090754199034.543,3.0541924962152556e+16,CONVERGED
S4,S4_eta08_cons,"Asymmetric Filling (eta=0.8, beta->0)",0.2090909090909091,113734.17063203505,0,6.303619138157124e-08,2.006504290412759e-08,3.0241457789632986,3.0241457789632986,False,0.048599318103645886,3.063515916995286e-09,21586336120590.656,6.420770103521076e+16,CONVERGED
S4,S4_eta08_cons,"Asymmetric Filling (eta=0.8, beta->0)",0.2090909090909091,113734.17063203505,1,0.4126869438438509,0.1313623341244726,2.4839251138034086e-06,2.4839251138034086e-06,True,0.9160441971858436,0.40107114202377536,21586336120590.656,6.420770103521076e+16,CONVERGED
S4,S4_eta08_cons,"Asymmetric Filling (eta=0.8, beta->0)",0.2090909090909091,113734.17063203505,2,0.4126870933213745,0.13136238170464612,-2.210359152117658e-06,2.210359152117658e-06,True,0.9160484374163858,-0.4010731616988023,21586336120590.656,6.420770103521076e+16,CONVERGED
S4,S4_eta08_cons,"Asymmetric Filling (eta=0.8, beta->0)",0.2090909090909091,113734.17063203505,3,0.9836428469706084,0.31310324266471423,2.8902979306546e-07,2.8902979306546e-07,True,0.5539933225731608,0.8325207627950973,21586336120590.656,6.420770103521076e+16,CONVERGED
S4,S4_eta08_cons,"Asymmetric Filling (eta=0.8, beta->0)",0.2090909090909091,113734.17063203505,4,0.9836428671174852,0.31310324907766424,-2.968340081155728e-07,2.968340081155728e-07,True,0.5539936303651866,-0.8325212617002604,21586336120590.656,6.420770103521076e+16,CONVERGED
S4,S4_eta08_cons,"Asymmetric Filling (eta=0.8, beta->0)",0.22676767676767678,123349.37829416365,0,6.595326906064977e-09,2.0993577568144353e-09,3.037378145697926,3.037378145697926,False,0.0479604701601746,3.16314979274926e-10,25390481389571.64,2.451759917429028e+16,CONVERGED
S4,S4_eta08_cons,"Asymmetric Filling (eta=0.8, beta->0)",0.22676767676767678,123349.37829416365,1,0.44724009385063046,0.14236094337042204,3.2627967265493054e-07,3.2627967265493054e-07,True,0.9016438413054142,0.4324785900791907,25390481389571.64,2.451759917429028e+16,CONVERGED
S4,S4_eta08_cons,"Asymmetric Filling (eta=0.8, beta->0)",0.22676767676767678,123349.37829416365,2,0.4472400622441943,0.14236093330978095,-2.9235396832895037e-07,2.9235396832895037e-07,True,0.9016444127619141,-0.43247882912731195,25390481389571.64,2.451759917429028e+16,CONVERGED
S4,S4_eta08_cons,"Asymmetric Filling (eta=0.8, beta->0)",0.22676767676767678,123349.37829416365,3,1.0627938937564796,0.3382978033584527,5.714255854970144e-07,5.714255854970144e-07,True,0.4864326305077118,-0.8737174332281747,25390481389571.64,2.451759917429028e+16,CONVERGED
S4,S4_eta08_cons,"Asymmetric Filling (eta=0.8, beta->0)",0.22676767676767678,123349.37829416365,4,1.0627932009135925,0.33829758281971223,3.8548109288691345e-07,3.8548109288691345e-07,True,0.4864333263060937,0.8737172586694741,25390481389571.64,2.451759917429028e+16,CONVERGED
S4,S4_eta08_cons,"Asymmetric Filling (eta=0.8, beta->0)",0.24444444444444446,132964.58595629223,0,4.186899385080636e-09,1.3327314667280006e-09,3.041182268196963,3.041182268196963,False,0.047778369243275186,2.0004322480482444e-10,29503190005979.54,1.8059260560279004e+16,CONVERGED
S4,S4_eta08_cons,"Asymmetric Filling (eta=0.8, beta->0)",0.24444444444444446,132964.58595629223,1,0.4817133287748113,0.15333411485552514,6.150458673147825e-08,6.150458673147825e-08,True,0.8862023872273115,0.46329818245213134,29503190005979.54,1.8059260560279004e+16,CONVERGED
S4,S4_eta08_cons,"Asymmetric Filling (eta=0.8, beta->0)",0.24444444444444446,132964.58595629223,2,0.4817133367139043,0.15333411738261693,-8.924659156214876e-08,8.924659156214876e-08,True,0.8862025171452077,-0.4632982593305277,29503190005979.54,1.8059260560279004e+16,CONVERGED
S4,S4_eta08_cons,"Asymmetric Filling (eta=0.8, beta->0)",0.24444444444444446,132964.58595629223,3,1.1412370558626386,0.36326703736036087,2.833342407705917e-05,2.833342407705917e-05,True,0.4164583544694527,-0.9091236295190974,29503190005979.54,1.8059260560279004e+16,CONVERGED
S4,S4_eta08_cons,"Asymmetric Filling (eta=0.8, beta->0)",0.24444444444444446,132964.58595629223,4,1.1412333736080889,0.36326586526233423,-2.5052933464283914e-05,2.5052933464283914e-05,True,0.41648393605807044,0.9091706320200986,29503190005979.54,1.8059260560279004e+16,CONVERGED
S4,S4_eta08_cons,"Asymmetric Filling (eta=0.8, beta->0)",0.2621212121212121,142579.79361842075,0,1.4664942297284393e-08,4.667996113540453e-09,3.0441539534681255,3.0441539534681255,False,0.04763659772161716,6.985879568264649e-10,33924461969813.555,1.3418624949369588e+16,CONVERGED
S4,S4_eta08_cons,"Asymmetric Filling (eta=0.8, beta->0)",0.2621212121212121,142579.79361842075,1,0.5161017329768751,0.16428028388312624,8.449861206116203e-07,8.449861206116203e-07,True,0.8697488174090431,0.49349296311574475,33924461969813.555,1.3418624949369588e+16,CONVERGED
S4,S4_eta08_cons,"Asymmetric Filling (eta=0.8, beta->0)",0.2621212121212121,142579.79361842075,2,0.5161015414093751,0.16428022290529715,-1.0778107198161274e-07,1.0778107198161274e-07,True,0.8697497406148642,-0.4934932666840994,33924461969813.555,1.3418624949369588e+16,CONVERGED
S4,S4_eta08_cons,"Asymmetric Filling (eta=0.8, beta->0)",0.2621212121212121,142579.79361842075,3,1.2188598411350073,0.3879751373056774,2.5873191480326042e-05,2.5873191480326042e-05,True,0.3447073263830191,0.938682648233007,33924461969813.555,1.3418624949369588e+16,CONVERGED
S4,S4_eta08_cons,"Asymmetric Filling (eta=0.8, beta->0)",0.2621212121212121,142579.79361842075,4,1.2188525169948277,0.3879728059594504,-3.512943343548386e-05,3.512943343548386e-05,True,0.3447352305296146,-0.9387373872211421,33924461969813.555,1.3418624949369588e+16,CONVERGED
S4,S4_eta08_cons,"Asymmetric Filling (eta=0.8, beta->0)",0.27979797979797977,152195.0012805493,0,2.8534717042015517e-08,9.082882533930631e-09,3.0473081635525583,3.0473081635525583,False,0.047486578604979665,1.3550160837865231e-09,38654297281076.72,4.9033026509617496e+16,CONVERGED
S4,S4_eta08_cons,"Asymmetric Filling (eta=0.8, beta->0)",0.27979797979797977,152195.0012805493,1,0.5504065709661254,0.1751998529590379,1.7328950975515243e-07,1.7328950975515243e-07,True,0.8523117944558771,-0.5230337068033409,38654297281076.72,4.9033026509617496e+16,CONVERGED
S4,S4_eta08_cons,"Asymmetric Filling (eta=0.8, beta->0)",0.27979797979797977,152195.0012805493,2,0.55040656066739,0.1751998496808486,-2.0701501913734535e-07,2.0701501913734535e-07,True,0.852312123980562,0.5230338969377292,38654297281076.72,4.9033026509617496e+16,CONVERGED
S4,S4_eta08_cons,"Asymmetric Filling (eta=0.8, beta->0)",0.27979797979797977,152195.0012805493,3,1.295853956207417,0.41248312531119774,2.013294602001528e-07,2.013294602001528e-07,True,0.27149141784725933,0.9624406513528226,38654297281076.72,4.9033026509617496e+16,CONVERGED
S4,S4_eta08_cons,"Asymmetric Filling (eta=0.8, beta->0)",0.27979797979797977,152195.0012805493,4,1.2958542081343805,0.4124832055020409,-2.448475825995828e-07,2.448475825995828e-07,True,0.2714912965156567,-0.9624411491678506,38654297281076.72,4.9033026509617496e+16,CONVERGED
S4,S4_eta08_cons,"Asymmetric Filling (eta=0.8, beta->0)",0.29747474747474745,161810.20894267788,0,3.6075150753005115e-08,1.148307713025215e-08,3.0506403474021972,3.0506403474021972,False,0.047328607934504226,-1.7073866661671146e-09,43692695939760.164,2.8298820919781276e+16,CONVERGED
S4,S4_eta08_cons,"Asymmetric Filling (eta=0.8, beta->0)",0.29747474747474745,161810.20894267788,1,0.584618431931511,0.18608982652906544,2.008122520568049e-08,2.008122520568049e-08,True,0.8339227100956539,0.5518812131466974,43692695939760.164,2.8298820919781276e+16,CONVERGED
S4,S4_eta08_cons,"Asymmetric Filling (eta=0.8, beta->0)",0.29747474747474745,161810.20894267788,2,0.5846183855843141,0.1860898117762945,-2.4905877692283577e-08,2.4905877692283577e-08,True,0.833922773189569,-0.5518811993242525,43692695939760.164,2.8298820919781276e+16,CONVERGED
S4,S4_eta08_cons,"Asymmetric Filling (eta=0.8, beta->0)",0.29747474747474745,161810.20894267788,3,1.3721368892962578,0.4367647370604724,1.0937449182062069e-06,1.0937449182062069e-06,True,0.19735509631415973,-0.9803309535413971,43692695939760.164,2.8298820919781276e+16,CONVERGED
S4,S4_eta08_cons,"Asymmetric Filling (eta=0.8, beta->0)",0.29747474747474745,161810.20894267788,4,1.3721370137065707,0.436764776661505,1.9933626086148682e-07,1.9933626086148682e-07,True,0.19735515086695396,0.9803318549113048,43692695939760.164,2.8298820919781276e+16,CONVERGED
S4,S4_eta08_cons,"Asymmetric Filling (eta=0.8, beta->0)",0.3151515151515151,171425.41660480644,0,1.511822772534642e-08,4.812281346555648e-09,3.0541459218842837,3.0541459218842837,False,0.04716298444660572,7.130207390707567e-10,49039657945875.19,6.215589799250365e+16,CONVERGED
S4,S4_eta08_cons,"Asymmetric Filling (eta=0.8, beta->0)",0.3151515151515151,171425.41660480644,1,0.6187338360061231,0.19694909691716925,7.179199244737544e-06,7.179199244737544e-06,True,0.8146076416206647,-0.5800000275153533,49039657945875.19,6.215589799250365e+16,CONVERGED
S4,S4_eta08_cons,"Asymmetric Filling (eta=0.8, beta->0)",0.3151515151515151,171425.41660480644,2,0.6187336376339113,0.1969490337733331,-7.990275111092413e-06,7.990275111092413e-06,True,0.8146201139417383,0.5800086642796478,49039657945875.19,6.215589799250365e+16,CONVERGED
S4,S4_eta08_cons,"Asymmetric Filling (eta=0.8, beta->0)",0.3151515151515151,171425.41660480644,3,1.4477697503171039,0.4608394244437724,-6.867451201307536e-08,6.867451201307536e-08,True,0.12271647410183442,0.9924418392697112,49039657945875.19,6.215589799250365e+16,CONVERGED
S4,S4_eta08_cons,"Asymmetric Filling (eta=0.8, beta->0)",0.3151515151515151,171425.41660480644,4,1.4477690951766822,0.46083921590609933,-2.3762693460473657e-07,2.3762693460473657e-07,True,0.12271714502393039,-0.9924419265484292,49039657945875.19,6.215589799250365e+16,CONVERGED
S4,S4_eta08_cons,"Asymmetric Filling (eta=0.8, beta->0)",0.3328282828282828,181040.62426693502,0,2.5377705669465982e-08,8.077974603253457e-09,3.057820006869029,3.057820006869029,False,0.046990021568338994,-1.1924989367631655e-09,54695183299410.836,6705648400889809.0,CONVERGED
S4,S4_eta08_cons,"Asymmetric Filling (eta=0.8, beta->0)",0.3328282828282828,181040.62426693502,1,0.6527488381667195,0.20777640838345007,7.546043210698713e-06,7.546043210698713e-06,True,0.7944112388228556,0.6073678388418335,54695183299410.836,6705648400889809.0,CONVERGED
S4,S4_eta08_cons,"Asymmetric Filling (eta=0.8, beta->0)",0.3328282828282828,181040.62426693502,2,0.6527483191061314,0.20777624316133336,-8.400472099925682e-06,8.400472099925682e-06,True,0.7944242222804728,-0.6073771119653772,54695183299410.836,6705648400889809.0,CONVERGED
S4,S4_eta08_cons,"Asymmetric Filling (eta=0.8, beta->0)",0.3328282828282828,181040.62426693502,3,1.5227852829919661,0.48471761011152426,-8.754735792592412e-08,8.754735792592412e-08,True,0.047992605404861215,-0.9988477786535767,54695183299410.836,6705648400889809.0,CONVERGED
S4,S4_eta08_cons,"Asymmetric Filling (eta=0.8, beta->0)",0.3328282828282828,181040.62426693502,4,1.5227859453756503,0.4847178209547993,-2.6573839483244137e-07,2.6573839483244137e-07,True,0.047991952336114356,0.9988479884286192,54695183299410.836,6705648400889809.0,CONVERGED
S4,S4_eta08_cons,"Asymmetric Filling (eta=0.8, beta->0)",0.3505050505050505,190655.83192906357,0,7.99663919861936e-09,2.5454093131653677e-09,3.0616577888898777,3.0616577888898777,False,0.046810029714074344,3.7432291850010393e-10,60659272000377.78,1.6036769507658582e+16,CONVERGED
S4,S4_eta08_cons,"Asymmetric Filling (eta=0.8, beta->0)",0.3505050505050505,190655.83192906357,1,0.6866669649867253,0.21857288347109352,4.005965731755605e-06,4.005965731755605e-06,True,0.77336022979451,-0.6339605216989577,60659272000377.78,1.6036769507658582e+16,CONVERGED
S4,S4_eta08_cons,"Asymmetric Filling (eta=0.8, beta->0)",0.3505050505050505,190655.83192906357,2,0.6866667505067354,0.21857281519999236,-4.429351517256891e-06,4.429351517256891e-06,True,0.7733668893338858,0.6339657035079281,60659272000377.78,1.6036769507658582e+16,CONVERGED
S4,S4_eta08_cons,"Asymmetric Filling (eta=0.8, beta->0)",0.3505050505050505,190655.83192906357,3,1.597233940132509,0.5084153536924665,2.4890043165034505e-07,2.4890043165034505e-07,True,-0.026434527115494145,0.9996502978419207,60659272000377.78,1.6036769507658582e+16,CONVERGED
S4,S4_eta08_cons,"Asymmetric Filling (eta=0.8, beta->0)",0.3505050505050505,190655.83192906357,4,1.597233695122526,0.5084152757033668,7.665761558112026e-08,7.665761558112026e-08,True,-0.026434286744306566,-0.9996504765012121,60659272000377.78,1.6036769507658582e+16,CONVERGED
S4,S4_eta08_cons,"Asymmetric Filling (eta=0.8, beta->0)",0.36818181818181817,200271.03959119215,0,8.115736381786485e-09,2.5833191239841054e-09,3.065654226502456,3.065654226502456,False,0.046623329666715015,-3.783826528161842e-10,66931924048768.305,1.2849390140949056e+16,CONVERGED
S4,S4_eta08_cons,"Asymmetric Filling (eta=0.8, beta->0)",0.36818181818181817,200271.03959119215,1,0.7204851886718193,0.22933755840323378,3.6952367913055434e-06,3.6952367913055434e-06,True,0.7514829377771474,0.6597469240425111,66931924048768.305,1.2849390140949056e+16,CONVERGED
S4,S4_eta08_cons,"Asymmetric Filling (eta=0.8, beta->0)",0.36818181818181817,200271.03959119215,2,0.7204855673432646,0.22933767893809842,-3.079486661619474e-06,3.079486661619474e-06,True,0.7514877790544081,-0.6597516782276214,66931924048768.305,1.2849390140949056e+16,CONVERGED
S4,S4_eta08_cons,"Asymmetric Filling (eta=0.8, beta->0)",0.36818181818181817,200271.03959119215,3,1.671256685348384,0.5319775252971434,1.00062798426e-05,1.00062798426e-05,True,-0.10029046119060117,0.9949481448973817,66931924048768.305,1.2849390140949056e+16,CONVERGED
S4,S4_eta08_cons,"Asymmetric Filling (eta=0.8, beta->0)",0.36818181818181817,200271.03959119215,4,1.6712657525970496,0.5319804114920341,4.226237488146055e-07,4.226237488146055e-07,True,-0.10030044386907166,-0.9949567707757593,66931924048768.305,1.2849390140949056e+16,CONVERGED
S4,S4_eta08_cons,"Asymmetric Filling (eta=0.8, beta->0)",0.38585858585858585,209886.2472533207,0,4.540607623319663e-08,1.4453202957841343e-08,3.0698042892472497,3.0698042892472497,False,0.04643024086567766,-2.1082150562726426e-09,73513139444584.27,3.93439635164485e+16,CONVERGED
S4,S4_eta08_cons,"Asymmetric Filling (eta=0.8, beta->0)",0.38585858585858585,209886.2472533207,1,0.7541936990184758,0.2400673104951031,8.817549765264261e-06,8.817549765264261e-06,True,0.7288174289043026,0.6846952025399979,73513139444584.27,3.93439635164485e+16,CONVERGED
S4,S4_eta08_cons,"Asymmetric Filling (eta=0.8, beta->0)",0.38585858585858585,209886.2472533207,2,0.7541947847196289,0.24006765608451358,-9.946007383535519e-06,9.946007383535519e-06,True,0.7288303608513305,-0.6847088412704585,73513139444584.27,3.93439635164485e+16,CONVERGED
S4,S4_eta08_cons,"Asymmetric Filling (eta=0.8, beta->0)",0.38585858585858585,209886.2472533207,3,1.7446368364461098,0.5553351528412098,-4.750120722752053e-07,4.750120722752053e-07,True,-0.1729663220554189,-0.9849282214756652,73513139444584.27,3.93439635164485e+16,CONVERGED
S4,S4_eta08_cons,"Asymmetric Filling (eta=0.8, beta->0)",0.38585858585858585,209886.2472533207,4,1.744637110843286,0.5553352401845438,-7.83738601616032e-07,7.83738601616032e-07,True,-0.17296664571631912,0.9849284780876615,73513139444584.27,3.93439635164485e+16,CONVERGED
S4,S4_eta08_cons,"Asymmetric Filling (eta=0.8, beta->0)",0.4035353535353535,219501.45491544926,0,1.9898616539514157e-08,6.333926365907646e-09,3.074102951498067,3.074102951498067,False,0.04623108130848792,-9.199345591647017e-10,80402918187825.8,4.265593969428982e+16,CONVERGED
S4,S4_eta08_cons,"Asymmetric Filling (eta=0.8, beta->0)",0.4035353535353535,219501.45491544926,1,0.7877785349237285,0.2507576957896054,8.495990637154816e-09,8.495990637154816e-09,True,0.7054215966426676,0.7087879471309656,80402918187825.8,4.265593969428982e+16,CONVERGED
S4,S4_eta08_cons,"Asymmetric Filling (eta=0.8, beta->0)",0.4035353535353535,219501.45491544926,2,0.7877786113107664,0.25075772010435476,-4.576986000253242e-09,4.576986000253242e-09,True,0.7054215517224132,-0.7087880102819988,80402918187825.8,4.265593969428982e+16,CONVERGED
S4,S4_eta08_cons,"Asymmetric Filling (eta=0.8, beta->0)",0.4035353535353535,219501.45491544926,3,1.8177150742176305,0.5785966783887746,8.266105110373906e-07,8.266105110373906e-07,True,-0.2444171236039965,-0.9696693335717559,80402918187825.8,4.265593969428982e+16,CONVERGED
S4,S4_eta08_cons,"Asymmetric Filling (eta=0.8, beta->0)",0.4035353535353535,219501.45491544926,4,1.8177167478436103,0.5785972111204697,-9.436804861061234e-07,9.436804861061234e-07,True,-0.24441917916013203,0.9696706411052366,80402918187825.8,4.265593969428982e+16,CONVERGED
S4,S4_eta08_cons,"Asymmetric Filling (eta=0.8, beta->0)",0.4212121212121212,229116.66257757787,0,2.9527223589277914e-09,9.398807180026392e-10,3.078545058798458,3.078545058798458,False,0.04602617333325119,1.3590251109697684e-10,87601260278495.81,2.934989537146906e+16,CONVERGED
S4,S4_eta08_cons,"Asymmetric Filling (eta=0.8, beta->0)",0.4212121212121212,229116.66257757787,1,0.8212614582592788,0.261415641305645,1.0500483173194599e-07,1.0500483173194599e-07,True,0.6812982832455948,0.7320057644834252,87601260278495.81,2.934989537146906e+16,CONVERGED
S4,S4_eta08_cons,"Asymmetric Filling (eta=0.8, beta->0)",0.4212121212121212,229116.66257757787,2,0.8212613585704577,0.2614156095737077,-1.2988636045851165e-07,1.2988636045851165e-07,True,0.6812985162493851,-0.7320058685073099,87601260278495.81,2.934989537146906e+16,CONVERGED
S4,S4_eta08_cons,"Asymmetric Filling (eta=0.8, beta->0)",0.4212121212121212,229116.66257757787,3,1.8904757781022206,0.601757129760931,1.1592086132940085e-07,1.1592086132940085e-07,True,-0.3142622318583826,0.9493360931649509,87601260278495.81,2.934989537146906e+16,CONVERGED
S4,S4_eta08_cons,"Asymmetric Filling (eta=0.8, beta->0)",0.4212121212121212,229116.66257757787,4,1.8904769282558187,0.6017574958661919,1.1643816247804982e-07,1.1643816247804982e-07,True,-0.3142633235779292,-0.9493357312233939,87601260278495.81,2.934989537146906e+16,CONVERGED
S4,S4_eta08_cons,"Asymmetric Filling (eta=0.8, beta->0)",0.4388888888888889,238731.87023970645,0,4.2606775001435444e-10,1.3562157701365294e-10,3.083125474126847,3.083125474126847,False,0.04581583642634723,1.9520650341199464e-11,95108165716592.14,1.2503261072980028e+16,CONVERGED
S4,S4_eta08_cons,"Asymmetric Filling (eta=0.8, beta->0)",0.4388888888888889,238731.87023970645,1,0.854630872476171,0.2720374557470437,5.3587301806588886e-08,5.3587301806588886e-08,True,0.6564969627398305,-0.7543285959969831,95108165716592.14,1.2503261072980028e+16,CONVERGED
S4,S4_eta08_cons,"Asymmetric Filling (eta=0.8, beta->0)",0.4388888888888889,238731.87023970645,2,0.8546308688956045,0.272037454607314,-4.8742851147348744e-08,4.8742851147348744e-08,True,0.6564970326201925,0.7543286708369163,95108165716592.14,1.2503261072980028e+16,CONVERGED
S4,S4_eta08_cons,"Asymmetric Filling (eta=0.8, beta->0)",0.4388888888888889,238731.87023970645,3,1.9630098753508993,0.6248454500006019,1.3476483347186895e-10,1.3476483347186895e-10,True,-0.38223481309092555,0.9240652289702365,95108165716592.14,1.2503261072980028e+16,CONVERGED
S4,S4_eta08_cons,"Asymmetric Filling (eta=0.8, beta->0)",0.4388888888888889,238731.87023970645,4,1.9630098952963058,0.6248454563494219,-1.1259834808614929e-08,1.1259834808614929e-08,True,-0.38223483587719503,-0.9240652318757608,95108165716592.14,1.2503261072980028e+16,CONVERGED
S4,S4_eta08_cons,"Asymmetric Filling (eta=0.8, beta->0)",0.45656565656565656,248347.077901835,0,2.5804250175975142e-08,8.213747936572708e-09,3.087839112222798,3.087839112222798,False,0.0456003853325264,1.176683751241379e-09,102923634502112.95,3.638718100187533e+16,CONVERGED
S4,S4_eta08_cons,"Asymmetric Filling (eta=0.8, beta->0)",0.45656565656565656,248347.077901835,1,0.8878861081515589,0.2826229260298916,1.5321761268851193e-07,1.5321761268851193e-07,True,0.6310531680191191,0.7757393845215382,102923634502112.95,3.638718100187533e+16,CONVERGED
S4,S4_eta08_cons,"Asymmetric Filling (eta=0.8, beta->0)",0.45656565656565656,248347.077901835,2,0.887886173393859,0.2826229467971607,-2.4096345037356723e-07,2.4096345037356723e-07,True,0.6310533661573338,-0.7757397314747485,102923634502112.95,3.638718100187533e+16,CONVERGED
S4,S4_eta08_cons,"Asymmetric Filling (eta=0.8, beta->0)",0.45656565656565656,248347.077901835,3,2.0354166076939695,0.6478932287316648,-2.1825693385585042e-07,2.1825693385585042e-07,True,-0.4480834658015438,0.8939919709870104,102923634502112.95,3.638718100187533e+16,CONVERGED
S4,S4_eta08_cons,"Asymmetric Filling (eta=0.8, beta->0)",0.45656565656565656,248347.077901835,4,2.0354169474223904,0.6478933368705798,-3.392230381593318e-07,3.392230381593318e-07,True,-0.44808382371894967,-0.8939919269029848,102923634502112.95,3.638718100187533e+16,CONVERGED
S4,S4_eta08_cons,"Asymmetric Filling (eta=0.8, beta->0)",0.4742424242424242,257962.28556396352,0,5.298943080325908e-08,1.686705968792925e-08,3.0926808058357675,3.0926808058357675,False,0.045380135858605605,2.40466756892208e-09,111047666635060.98,1.6683810445406746e+16,CONVERGED
S4,S4_eta08_cons,"Asymmetric Filling (eta=0.8, beta->0)",0.4742424242424242,257962.28556396352,1,0.9210252391777075,0.29317143905505466,1.0840647901129718e-07,1.0840647901129718e-07,True,0.6050040908558715,0.7962222260366297,111047666635060.98,1.6683810445406746e+16,CONVERGED
S4,S4_eta08_cons,"Asymmetric Filling (eta=0.8, beta->0)",0.4742424242424242,257962.28556396352,2,0.9210252158050732,0.2931714316153141,-5.8586136297135435e-08,5.8586136297135435e-08,True,0.6050042104969092,-0.7962223448593307,111047666635060.98,1.6683810445406746e+16,CONVERGED
S4,S4_eta08_cons,"Asymmetric Filling (eta=0.8, beta->0)",0.4742424242424242,257962.28556396352,3,2.1078223676595815,0.6709406979453696,1.325953836151832e-07,1.325953836151832e-07,True,-0.5115828633922752,0.8592337916380085,111047666635060.98,1.6683810445406746e+16,CONVERGED
S4,S4_eta08_cons,"Asymmetric Filling (eta=0.8, beta->0)",0.4742424242424242,257962.28556396352,4,2.1078220264789405,0.6709405893441985,-8.707230546025937e-08,8.707230546025937e-08,True,-0.5115826826164831,-0.8592341549260881,111047666635060.98,1.6683810445406746e+16,CONVERGED
S4,S4_eta08_cons,"Asymmetric Filling (eta=0.8, beta->0)",0.49191919191919187,267577.4932260921,0,7.616176521996307e-08,2.4243042818723033e-08,3.0976455894174926,3.0976455894174926,False,0.0451553916699318,-3.439114338780829e-09,119480262115431.89,2.117863101873072e+16,CONVERGED
S4,S4_eta08_cons,"Asymmetric Filling (eta=0.8, beta->0)",0.49191919191919187,267577.4932260921,1,0.9540479292291989,0.3036828877668275,3.363293277651464e-08,3.363293277651464e-08,True,0.5783856649610031,-0.8157634187077495,119480262115431.89,2.117863101873072e+16,CONVERGED
S4,S4_eta08_cons,"Asymmetric Filling (eta=0.8, beta->0)",0.49191919191919187,267577.4932260921,2,0.9540478488819686,0.30368286219150975,-9.642854382592966e-09,9.642854382592966e-09,True,0.5783857555354308,0.8157634075388634,119480262115431.89,2.117863101873072e+16,CONVERGED
S4,S4_eta08_cons,"Asymmetric Filling (eta=0.8, beta->0)",0.49191919191919187,267577.4932260921,3,2.1803770163641505,0.6940355599166259,8.335990315104912e-07,8.335990315104912e-07,True,-0.5725232455309757,0.8198874716264452,119480262115431.89,2.117863101873072e+16,CONVERGED
S4,S4_eta08_cons,"Asymmetric Filling (eta=0.8, beta->0)",0.49191919191919187,267577.4932260921,4,2.1803766234858974,0.6940354348595938,-3.0887119576999226e-07,3.0887119576999226e-07,True,-0.5725235775057419,-0.8198886332561326,119480262115431.89,2.117863101873072e+16,CONVERGED
S4,S4_eta08_cons,"Asymmetric Filling (eta=0.8, beta->0)",0.5095959595959596,277192.70088822074,0,3.880682824588384e-08,1.2352597082101198e-08,3.1027284048881714,3.1027284048881714,False,0.04492645745462939,-1.7434533181378114e-09,128221420943235.06,1.5657976051696082e+16,CONVERGED
S4,S4_eta08_cons,"Asymmetric Filling (eta=0.8, beta->0)",0.5095959595959596,277192.70088822074,1,0.9869533461459442,0.3141570072804269,3.713304341021813e-08,3.713304341021813e-08,True,0.5512343714469682,-0.8343504020909811,128221420943235.06,1.5657976051696082e+16,CONVERGED
S4,S4_eta08_cons,"Asymmetric Filling (eta=0.8, beta->0)",0.5095959595959596,277192.70088822074,2,0.9869533708317604,0.3141570151381662,-3.774723202305293e-08,3.774723202305293e-08,True,0.5512343921269289,0.8343504781750425,128221420943235.06,1.5657976051696082e+16,CONVERGED
S4,S4_eta08_cons,"Asymmetric Filling (eta=0.8, beta->0)",0.5095959595959596,277192.70088822074,3,2.253209852191353,0.7172189715992254,6.448906759956863e-05,6.448906759956863e-05,True,-0.630627212436724,0.7760028022606683,128221420943235.06,1.5657976051696082e+16,CONVERGED
S4,S4_eta08_cons,"Asymmetric Filling (eta=0.8, beta->0)",0.5095959595959596,277192.70088822074,4,2.2532669763253983,0.7172371547758317,-8.955799125293528e-05,8.955799125293528e-05,True,-0.6307687004751565,-0.776086321568428,128221420943235.06,1.5657976051696082e+16,CONVERGED
S4,S4_eta08_cons,"Asymmetric Filling (eta=0.8, beta->0)",0.5272727272727272,286807.90855034924,0,5.1829243424713005e-05,1.649776057551238e-05,3.3099510901327593,3.3099510901327593,False,0.036517959749579526,-1.8926982269295954e-06,137271143118461.4,1.4653362214603702e+17,CONVERGED
S4,S4_eta08_cons,"Asymmetric Filling (eta=0.8, beta->0)",0.5272727272727272,286807.90855034924,1,1.019741290687154,0.32459373417553977,4.674581881949289e-08,4.674581881949289e-08,True,0.5235863575399715,0.8519725539630909,137271143118461.4,1.4653362214603702e+17,CONVERGED
S4,S4_eta08_cons,"Asymmetric Filling (eta=0.8, beta->0)",0.5272727272727272,286807.90855034924,2,1.019741466355735,0.3245937900925858,-1.3314803939136282e-07,1.3314803939136282e-07,True,0.5235863020651054,-0.8519727992054104,137271143118461.4,1.4653362214603702e+17,CONVERGED
S4,S4_eta08_cons,"Asymmetric Filling (eta=0.8, beta->0)",0.5272727272727272,286807.90855034924,3,1.538872333418542e-08,4.898382773018405e-09,3.107924366597446,3.107924366597446,False,0.044693626715594674,6.877778563276446e-10,137271143118461.4,1.4653362214603702e+17,CONVERGED
S4,S4_eta08_cons,"Asymmetric Filling (eta=0.8, beta->0)",0.5272727272727272,286807.90855034924,4,2.3267078351820336,0.7406141061997271,3.650152583248244e-05,3.650152583248244e-05,True,-0.6859271716547414,-0.7276200346325821,137271143118461.4,1.4653362214603702e+17,CONVERGED
S4,S4_eta08_cons,"Asymmetric Filling (eta=0.8, beta->0)",0.544949494949495,296423.11621247785,0,2.401199515397885,0.7643255444508741,-9.432681811454344e-07,9.432681811454344e-07,True,-0.7382041096621555,-0.6745788160148865,146629428641108.9,2.8023149055621736e+16,CONVERGED
S4,S4_eta08_cons,"Asymmetric Filling (eta=0.8, beta->0)",0.544949494949495,296423.11621247785,1,1.0524118592685765,0.3349930991422521,3.3837535363530833e-08,3.3837535363530833e-08,True,0.4954774832069831,-0.8686207434547055,146629428641108.9,2.8023149055621736e+16,CONVERGED
S4,S4_eta08_cons,"Asymmetric Filling (eta=0.8, beta->0)",0.544949494949495,296423.11621247785,2,1.0524118360840453,0.3349930917623866,-5.397055742688803e-08,5.397055742688803e-08,True,0.49547754685248424,0.8686208082392253,146629428641108.9,2.8023149055621736e+16,CONVERGED
S4,S4_eta08_cons,"Asymmetric Filling (eta=0.8, beta->0)",0.544949494949495,296423.11621247785,3,1.4843778033859916e-09,4.724921296495402e-10,3.1132284548690663,3.1132284548690663,False,0.044457195355019956,-6.599127398578643e-11,146629428641108.9,2.8023149055621736e+16,CONVERGED
S4,S4_eta08_cons,"Asymmetric Filling (eta=0.8, beta->0)",0.544949494949495,296423.11621247785,4,2.40119951752279,0.7643255451272524,-2.1342056663211795e-06,2.1342056663211795e-06,True,-0.7382049902510425,0.6745796178279482,146629428641108.9,2.8023149055621736e+16,CONVERGED
S4,S4_eta08_cons,"Asymmetric Filling (eta=0.8, beta->0)",0.5626262626262627,306038.32387460646,0,2.477062060478056,0.788473342540956,9.378624303991805e-05,9.378624303991805e-05,True,-0.7871325245653115,0.6166318463037556,156296277511188.88,1.886377644749685e+16,CONVERGED
S4,S4_eta08_cons,"Asymmetric Filling (eta=0.8, beta->0)",0.5626262626262627,306038.32387460646,1,1.0849653341744914,0.34535519203444076,1.4162077452585565e-07,1.4162077452585565e-07,True,0.4669432906195666,-0.8842871027578442,156296277511188.88,1.886377644749685e+16,CONVERGED
S4,S4_eta08_cons,"Asymmetric Filling (eta=0.8, beta->0)",0.5626262626262627,306038.32387460646,2,1.0849651981898076,0.34535514874917156,-2.0914556664188098e-07,2.0914556664188098e-07,True,0.46694357465712477,0.884287349438884,156296277511188.88,1.886377644749685e+16,CONVERGED
S4,S4_eta08_cons,"Asymmetric Filling (eta=0.8, beta->0)",0.5626262626262627,306038.32387460646,3,4.4226244258479595e-08,1.4077650776253167e-08,3.1186360167550933,3.1186360167550933,False,0.04421743915235033,1.955571264436306e-09,156296277511188.88,1.886377644749685e+16,CONVERGED
S4,S4_eta08_cons,"Asymmetric Filling (eta=0.8, beta->0)",0.5626262626262627,306038.32387460646,4,2.4771127737767333,0.788489485085286,-7.794552232578442e-05,7.794552232578442e-05,True,-0.7872989876243528,-0.6166978249369468,156296277511188.88,1.886377644749685e+16,CONVERGED
S4,S4_eta08_cons,"Asymmetric Filling (eta=0.8, beta->0)",0.5803030303030303,315653.531536735,0,2.5550705388844124,0.813304212423854,2.080145500726701e-06,2.080145500726701e-06,True,-0.8328688771354714,0.5534665962971492,166271689728690.78,3.0090108617002692e+16,CONVERGED
S4,S4_eta08_cons,"Asymmetric Filling (eta=0.8, beta->0)",0.5803030303030303,315653.531536735,1,1.1173970051185278,0.3556785135213872,3.279434353552876e-05,3.279434353552876e-05,True,0.43800956000286134,-0.898933834500582,166271689728690.78,3.0090108617002692e+16,CONVERGED
S4,S4_eta08_cons,"Asymmetric Filling (eta=0.8, beta->0)",0.5803030303030303,315653.531536735,2,1.1174006220012083,0.3556796648109015,-8.616676536589954e-06,8.616676536589954e-06,True,0.4380244473253869,0.8989726453273523,166271689728690.78,3.0090108617002692e+16,CONVERGED
S4,S4_eta08_cons,"Asymmetric Filling (eta=0.8, beta->0)",0.5803030303030303,315653.531536735,3,7.876315924843437e-07,2.5071092255844925e-07,3.1241419918782967,3.1241419918782967,False,0.0439746480466124,-3.463582206989902e-08,166271689728690.78,3.0090108617002692e+16,CONVERGED
S4,S4_eta08_cons,"Asymmetric Filling (eta=0.8, beta->0)",0.5803030303030303,315653.531536735,4,2.5550676902339706,0.8133033056702561,9.175894268059595e-07,9.175894268059595e-07,True,-0.8328682687547299,-0.5534696122862839,166271689728690.78,3.0090108617002692e+16,CONVERGED
S4,S4_eta08_cons,"Asymmetric Filling (eta=0.8, beta->0)",0.5979797979797981,325268.7391988636,0,2.6364469614610773,0.8392071322322763,-2.3740116028169663e-07,2.3740116028169663e-07,True,-0.8751041859529932,0.48393505610772025,176555665293623.84,1.066456485643735e+16,CONVERGED
S4,S4_eta08_cons,"Asymmetric Filling (eta=0.8, beta->0)",0.5979797979797981,325268.7391988636,1,1.1497219716987361,0.3659678699544281,3.6413526186436818e-06,3.6413526186436818e-06,True,0.40873971093254113,0.9126470106388692,176555665293623.84,1.066456485643735e+16,CONVERGED
S4,S4_eta08_cons,"Asymmetric Filling (eta=0.8, beta->0)",0.5979797979797981,325268.7391988636,2,1.1497218889481078,0.365967843614085,-4.1845365051940486e-06,4.1845365051940486e-06,True,0.40874298521941915,-0.9126541191173954,176555665293623.84,1.066456485643735e+16,CONVERGED
S4,S4_eta08_cons,"Asymmetric Filling (eta=0.8, beta->0)",0.5979797979797981,325268.7391988636,3,1.9374227923135712e-08,6.167008285112148e-09,3.1297423206635706,3.1297423206635706,False,0.043729063877263,8.472168504234542e-10,176555665293623.84,1.066456485643735e+16,CONVERGED
S4,S4_eta08_cons,"Asymmetric Filling (eta=0.8, beta->0)",0.5979797979797981,325268.7391988636,4,2.636447572936868,0.8392073268710657,-6.087928827305014e-07,6.087928827305014e-07,True,-0.8751048068740219,-0.48393470073191436,176555665293623.84,1.066456485643735e+16,CONVERGED
S4,S4_eta08_cons,"Asymmetric Filling (eta=0.8, beta->0)",0.6156565656565657,334883.9468609921,0,2.723368396405656,0.8668750842964169,1.1008367007293868e-07,1.1008367007293868e-07,True,-0.9138114774269597,0.40613835518877217,187148204205978.12,1.2108548735655638e+16,CONVERGED
S4,S4_eta08_cons,"Asymmetric Filling (eta=0.8, beta->0)",0.6156565656565657,334883.9468609921,1,1.1819334223557303,0.3762210931468707,1.0160465478203585e-05,1.0160465478203585e-05,True,0.3791326073911426,0.9253313705307445,187148204205978.12,1.2108548735655638e+16,CONVERGED
S4,S4_eta08_cons,"Asymmetric Filling (eta=0.8, beta->0)",0.6156565656565657,334883.9468609921,2,1.1819320196923824,0.37622064666526006,-8.931307864637695e-06,8.931307864637695e-06,True,0.37914114372685154,-0.9253485051097028,187148204205978.12,1.2108548735655638e+16,CONVERGED
S4,S4_eta08_cons,"Asymmetric Filling (eta=0.8, beta->0)",0.6156565656565657,334883.9468609921,3,2.0493502749226835e-08,6.5232845276135955e-09,3.1354319744422154,3.1354319744422154,False,0.04348096710539024,-8.910773189133566e-10,187148204205978.12,1.2108548735655638e+16,CONVERGED
S4,S4_eta08_cons,"Asymmetric Filling (eta=0.8, beta->0)",0.6156565656565657,334883.9468609921,4,2.7233684528337117,0.8668751022580249,-1.5773938594064413e-08,1.5773938594064413e-08,True,-0.9138116153546934,-0.40613835473976556,187148204205978.12,1.2108548735655638e+16,CONVERGED
S4,S4_eta08_cons,"Asymmetric Filling (eta=0.8, beta->0)",0.6333333333333333,344499.15452312067,0,2.8205641393078626,0.8978134501571673,0.00010688561034225292,0.00010688561034225292,True,-0.9488099603171891,-0.31550897107633696,198049306465762.34,9429915002245994.0,CONVERGED
S4,S4_eta08_cons,"Asymmetric Filling (eta=0.8, beta->0)",0.6333333333333333,344499.15452312067,1,1.2140168181819075,0.38643355522069067,-3.5457704098199816e-08,3.5457704098199816e-08,True,0.3492583763933313,0.9370264977227191,198049306465762.34,9429915002245994.0,CONVERGED
S4,S4_eta08_cons,"Asymmetric Filling (eta=0.8, beta->0)",0.6333333333333333,344499.15452312067,2,1.2140169582497273,0.3864335998056625,-1.2135101209958096e-07,1.2135101209958096e-07,True,0.3492582751450165,-0.9370266271268824,198049306465762.34,9429915002245994.0,CONVERGED
S4,S4_eta08_cons,"Asymmetric Filling (eta=0.8, beta->0)",0.6333333333333333,344499.15452312067,3,2.8360257121316105e-08,9.027350216429168e-09,3.1412067678012145,3.1412067678012145,False,0.04323059711855856,-1.2260308497903482e-09,198049306465762.34,9429915002245994.0,CONVERGED
S4,S4_eta08_cons,"Asymmetric Filling (eta=0.8, beta->0)",0.6333333333333333,344499.15452312067,4,2.8204958555621085,0.8977917147658281,-3.283136170006532e-05,3.283136170006532e-05,True,-0.9489209850761579,0.3156178527291163,198049306465762.34,9429915002245994.0,CONVERGED
S4,S4_eta08_cons,"Asymmetric Filling (eta=0.8, beta->0)",0.651010101010101,354114.3621852493,0,2.9430085883705153,0.9367887288021371,-6.462909699569302e-06,6.462909699569302e-06,True,-0.9803532340230177,0.19728269676671664,209258972072967.62,5.891346979955305e+16,CONVERGED
S4,S4_eta08_cons,"Asymmetric Filling (eta=0.8, beta->0)",0.651010101010101,354114.3621852493,1,1.24599441761612,0.3966123412570257,-3.267722065712589e-08,3.267722065712589e-08,True,0.31912106911075555,0.9477139909297804,209258972072967.62,5.891346979955305e+16,CONVERGED
S4,S4_eta08_cons,"Asymmetric Filling (eta=0.8, beta->0)",0.651010101010101,354114.3621852493,2,1.2459944295219136,0.3966123450467575,-6.016342768077915e-08,6.016342768077915e-08,True,0.31912106659889594,-0.9477140207782333,209258972072967.62,5.891346979955305e+16,CONVERGED
S4,S4_eta08_cons,"Asymmetric Filling (eta=0.8, beta->0)",0.651010101010101,354114.3621852493,3,9.382133912746693e-08,2.9864259779274826e-08,3.1470624560791234,3.1470624560791234,False,0.0429781919420092,4.032271521276624e-09,209258972072967.62,5.891346979955305e+16,CONVERGED
S4,S4_eta08_cons,"Asymmetric Filling (eta=0.8, beta->0)",0.651010101010101,354114.3621852493,4,2.943065584940952,0.9368068713739858,-1.3412352551205245e-05,1.3412352551205245e-05,True,-0.9803712898783206,-0.19722819029541894,209258972072967.62,5.891346979955305e+16,CONVERGED
S4,S4_eta08_cons,"Asymmetric Filling (eta=0.8, beta->0)",0.6686868686868687,363729.5698473778,0,3.302089207222297e-06,1.0510876397196529e-06,3.4418827988892033,3.4418827988892033,False,0.03200437077167545,1.0568128730947435e-07,220777201027601.97,1.7722504216126412e+16,CONVERGED
S4,S4_eta08_cons,"Asymmetric Filling (eta=0.8, beta->0)",0.6686868686868687,363729.5698473778,1,1.2778606133150712,0.40675566638306926,3.4090615335249104e-07,3.4090615335249104e-07,True,0.2887640198585136,-0.9573999472650276,220777201027601.97,1.7722504216126412e+16,CONVERGED
S4,S4_eta08_cons,"Asymmetric Filling (eta=0.8, beta->0)",0.6686868686868687,363729.5698473778,2,1.2778607966857836,0.40675572475177985,1.2096167167191682e-07,1.2096167167191682e-07,True,0.28876390781141936,0.9574002107907456,220777201027601.97,1.7722504216126412e+16,CONVERGED
S4,S4_eta08_cons,"Asymmetric Filling (eta=0.8, beta->0)",0.6686868686868687,363729.5698473778,3,9.263247702941877e-08,2.9485833220156893e-08,3.15299419164898,3.15299419164898,False,0.04272401128365359,-3.957630993837681e-09,220777201027601.97,1.7722504216126412e+16,CONVERGED
S4,S4_eta08_cons,"Asymmetric Filling (eta=0.8, beta->0)",0.6686868686868687,363729.5698473778,4,3.1415923271104407,0.9999998960783945,0.12698019159817556,0.12698019159817556,False,-0.8807511186963862,2.875470549560636e-07,220777201027601.97,1.7722504216126412e+16,CONVERGED
S4,S4_eta08_cons,"Asymmetric Filling (eta=0.8, beta->0)",0.6863636363636364,373344.7775095064,0,1.0888178783804455e-07,3.465814949421561e-08,3.4580060940512887,3.4580060940512887,False,0.03149249252640616,3.4289588897513726e-09,232603993329668.5,2.1020986179288726e+17,CONVERGED
S4,S4_eta08_cons,"Asymmetric Filling (eta=0.8, beta->0)",0.6863636363636364,373344.7775095064,1,1.3096173110926905,0.41686413723823634,-3.968427171569399e-08,3.968427171569399e-08,True,0.2582197721531281,0.9660862428570925,232603993329668.5,2.1020986179288726e+17,CONVERGED
S4,S4_eta08_cons,"Asymmetric Filling (eta=0.8, beta->0)",0.6863636363636364,373344.7775095064,2,1.3096174097845987,0.41686416865284637,-4.836497453227167e-08,4.836497453227167e-08,True,0.2582196790497603,-0.9660862767275977,232603993329668.5,2.1020986179288726e+17,CONVERGED
S4,S4_eta08_cons,"Asymmetric Filling (eta=0.8, beta->0)",0.6863636363636364,373344.7775095064,3,2.3256178766238708e-09,7.402671616151333e-10,3.1589990838305195,3.1589990838305195,False,0.04246822694961076,9.876486778253442e-11,232603993329668.5,2.1020986179288726e+17,CONVERGED
S4,S4_eta08_cons,"Asymmetric Filling (eta=0.8, beta->0)",0.6863636363636364,373344.7775095064,4,3.1415922522443434,0.9999998722477755,0.25246214760268837,0.25246214760268837,False,-0.7768856192658216,3.117995082032091e-07,232603993329668.5,2.1020986179288726e+17,CONVERGED
S4,S4_eta08_cons,"Asymmetric Filling (eta=0.8, beta->0)",0.704040404040404,382959.98517163494,0,0.00012279772814999943,3.9087730871054385e-05,3.474139644857658,3.474139644857658,False,0.030988483224912503,-3.805315357960764e-06,244739348979149.4,1.8699511671143316e+16,CONVERGED
S4,S4_eta08_cons,"Asymmetric Filling (eta=0.8, beta->0)",0.704040404040404,382959.98517163494,1,1.341266175272067,0.4269382835930199,1.4320727820104305e-07,1.4320727820104305e-07,True,0.2275199901326502,0.9737732629701451,244739348979149.4,1.8699511671143316e+16,CONVERGED
S4,S4_eta08_cons,"Asymmetric Filling (eta=0.8, beta->0)",0.704040404040404,382959.98517163494,2,1.341266220784864,0.4269382980801931,-1.9572030500774133e-07,1.9572030500774133e-07,True,0.22752002292630347,-0.9737736033638933,244739348979149.4,1.8699511671143316e+16,CONVERGED
S4,S4_eta08_cons,"Asymmetric Filling (eta=0.8, beta->0)",0.704040404040404,382959.98517163494,3,7.195552711230736e-08,2.290415564541322e-08,3.1650723432741654,3.1650723432741654,False,0.04221108801533367,3.0373210881273397e-09,244739348979149.4,1.8699511671143316e+16,CONVERGED
S4,S4_eta08_cons,"Asymmetric Filling (eta=0.8, beta->0)",0.704040404040404,382959.98517163494,4,3.141590609491644,0.9999993493433509,0.32180062978794755,0.32180062978794755,False,-0.7248426879640522,1.4816495967755225e-06,244739348979149.4,1.8699511671143316e+16,CONVERGED
S4,S4_eta08_cons,"Asymmetric Filling (eta=0.8, beta->0)",0.7217171717171718,392575.19283376355,0,5.167706349261157e-07,1.6449320198645714e-07,3.489973616379774,3.489973616379774,False,0.030501676905257197,-1.5762370940642404e-08,257183267976062.22,2.2434594134003892e+16,CONVERGED
S4,S4_eta08_cons,"Asymmetric Filling (eta=0.8, beta->0)",0.7217171717171718,392575.19283376355,1,1.3728095223217731,0.4369788428022677,2.041028289121122e-07,2.041028289121122e-07,True,0.1966958237322081,0.9804643515807873,257183267976062.22,2.2434594134003892e+16,CONVERGED
S4,S4_eta08_cons,"Asymmetric Filling (eta=0.8, beta->0)",0.7217171717171718,392575.19283376355,2,1.3728094524413035,0.4369788205586233,9.933236168867149e-08,9.933236168867149e-08,True,0.19669591285543855,-0.9804644405593005,257183267976062.22,2.2434594134003892e+16,CONVERGED
S4,S4_eta08_cons,"Asymmetric Filling (eta=0.8, beta->0)",0.7217171717171718,392575.19283376355,3,3.9965334365508284e-08,1.272136103318208e-08,3.1712099394990827,3.1712099394990827,False,0.04195280682450117,-1.676657952312768e-09,257183267976062.22,2.2434594134003892e+16,CONVERGED
S4,S4_eta08_cons,"Asymmetric Filling (eta=0.8, beta->0)",0.7217171717171718,392575.19283376355,4,3.14159200272425,0.9999997928230631,0.36837048661580524,0.36837048661580524,False,-0.6918608090304511,-4.5030836124725373e-07,257183267976062.22,2.2434594134003892e+16,CONVERGED
S4,S4_eta08_cons,"Asymmetric Filling (eta=0.8, beta->0)",0.7393939393939394,402190.40049589204,0,3.868706193761403e-05,1.2314474282147182e-05,3.50575942463577,3.50575942463577,False,0.030023963723983377,-1.1615389447819093e-06,269935750320404.16,7124922771937867.0,CONVERGED
S4,S4_eta08_cons,"Asymmetric Filling (eta=0.8, beta->0)",0.7393939393939394,402190.40049589204,1,1.4042496044570343,0.4469865317683517,7.273306391764364e-08,7.273306391764364e-08,True,0.16577783715480932,0.9861630510428568,269935750320404.16,7124922771937867.0,CONVERGED
S4,S4_eta08_cons,"Asymmetric Filling (eta=0.8, beta->0)",0.7393939393939394,402190.40049589204,2,1.4042495528036623,0.4469865153265727,4.9926309192451056e-08,4.9926309192451056e-08,True,0.16577789187431177,-0.9861630649710501,269935750320404.16,7124922771937867.0,CONVERGED
S4,S4_eta08_cons,"Asymmetric Filling (eta=0.8, beta->0)",0.7393939393939394,402190.40049589204,3,2.4746064140689624e-08,7.876916860119699e-09,3.177408734925465,3.177408734925465,False,0.04169355431422008,-1.031751369313017e-09,269935750320404.16,7124922771937867.0,CONVERGED
S4,S4_eta08_cons,"Asymmetric Filling (eta=0.8, beta->0)",0.7393939393939394,402190.40049589204,4,3.1415775030319533,0.9999951774276584,0.4003422825991944,0.4003422825991944,False,-0.6700906463330737,1.0152247095982991e-05,269935750320404.16,7124922771937867.0,CONVERGED
S4,S4_eta08_cons,"Asymmetric Filling (eta=0.8, beta->0)",0.7570707070707071,411805.6081580207,0,3.357982479396638e-05,1.068879020823907e-05,3.521454395545523,3.521454395545523,False,0.02955641715474396,-9.924993099667333e-07,282996796012167.94,2.5214805860728536e+16,CONVERGED
S4,S4_eta08_cons,"Asymmetric Filling (eta=0.8, beta->0)",0.7570707070707071,411805.6081580207,1,1.4356336846705644,0.4569763947691034,0.0001297046294815358,0.0001297046294815358,True,0.1347339947677725,-0.9907509147301492,282996796012167.94,2.5214805860728536e+16,CONVERGED
S4,S4_eta08_cons,"Asymmetric Filling (eta=0.8, beta->0)",0.7570707070707071,411805.6081580207,2,1.4356349781742164,0.45697680650410366,0.00012942666153703864,0.00012942666153703864,True,0.13473275067911394,0.9907513644053166,282996796012167.94,2.5214805860728536e+16,CONVERGED
S4,S4_eta08_cons,"Asymmetric Filling (eta=0.8, beta->0)",0.7570707070707071,411805.6081580207,3,1.0135269751246598e-07,3.226156560961321e-08,3.183641213987385,3.183641213987385,False,0.04143450819821384,-4.1994991759913735e-09,282996796012167.94,2.5214805860728536e+16,CONVERGED
S4,S4_eta08_cons,"Asymmetric Filling (eta=0.8, beta->0)",0.7570707070707071,411805.6081580207,4,3.141573437161902,0.9999938832210251,0.4211802384114232,0.4211802384114232,False,-0.6562718052399144,1.2611199823907572e-05,282996796012167.94,2.5214805860728536e+16,CONVERGED
S4,S4_eta08_cons,"Asymmetric Filling (eta=0.8, beta->0)",0.7747474747474747,421420.81582014915,0,4.9066548974128255e-05,1.5618367619386157e-05,3.537179758142181,3.537179758142181,False,0.029095267137770706,-1.4276043510764357e-06,296366405051357.1,2.4628326330786004e+16,CONVERGED
S4,S4_eta08_cons,"Asymmetric Filling (eta=0.8, beta->0)",0.7747474747474747,421420.81582014915,1,1.4667824841537092,0.4668913655873449,-4.102410113364318e-05,4.102410113364318e-05,True,0.10383065133776044,0.9946362387381075,296366405051357.1,2.4628326330786004e+16,CONVERGED
S4,S4_eta08_cons,"Asymmetric Filling (eta=0.8, beta->0)",0.7747474747474747,421420.81582014915,2,1.4668283332007168,0.46690595979227956,-6.261948183674237e-05,6.261948183674237e-05,True,0.10378728940680396,-0.9946624781120419,296366405051357.1,2.4628326330786004e+16,CONVERGED
S4,S4_eta08_cons,"Asymmetric Filling (eta=0.8, beta->0)",0.7747474747474747,421420.81582014915,3,4.877085674244673e-06,1.5524245858774178e-06,3.1899858953408775,3.1899858953408775,False,0.04117245165787852,2.0080157415576276e-07,296366405051357.1,2.4628326330786004e+16,CONVERGED
S4,S4_eta08_cons,"Asymmetric Filling (eta=0.8, beta->0)",0.7747474747474747,421420.81582014915,4,3.1415580097300215,0.9999889725169392,0.43270703512532976,0.43270703512532976,False,-0.6487505246940382,2.2475222213329694e-05,296366405051357.1,2.4628326330786004e+16,CONVERGED
S4,S4_eta08_cons,"Asymmetric Filling (eta=0.8, beta->0)",0.7924242424242425,431036.0234822779,0,9.950023499211646e-09,3.1671908475601017e-09,-3.196335344740719,3.196335344740719,False,24.44279146249225,-2.432063494381277e-07,310044577437977.75,1.5776395334749786e+16,CONVERGED
S4,S4_eta08_cons,"Asymmetric Filling (eta=0.8, beta->0)",0.7924242424242425,431036.0234822779,1,1.4978438651248667,0.47677851022898543,-0.00017988864613082312,0.00017988864613082312,True,0.0729008821655447,-0.9975195754466973,310044577437977.75,1.5776395334749786e+16,CONVERGED
S4,S4_eta08_cons,"Asymmetric Filling (eta=0.8, beta->0)",0.7924242424242425,431036.0234822779,2,1.4978809957959622,0.4767903292886758,-0.0002015433635721352,0.0002015433635721352,True,0.07286542140705983,0.9975438829147755,310044577437977.75,1.5776395334749786e+16,CONVERGED
S4,S4_eta08_cons,"Asymmetric Filling (eta=0.8, beta->0)",0.7924242424242425,431036.0234822779,3,3.141586762297857,0.9999981247435343,-0.4356724240847793,0.4356724240847793,False,-1.5460022786544734,9.107950757570591e-06,310044577437977.75,1.5776395334749786e+16,CONVERGED
S4,S4_eta08_cons,"Asymmetric Filling (eta=0.8, beta->0)",0.7924242424242425,431036.0234822779,4,3.1415901626093827,0.9999992070963091,0.4356692050790937,0.4356692050790937,False,-0.6468316591750043,-1.6112449919247914e-06,310044577437977.75,1.5776395334749786e+16,CONVERGED
S4,S4_eta08_cons,"Asymmetric Filling (eta=0.8, beta->0)",0.8101010101010101,440651.2311444063,0,4.907315623071112e-07,1.5620470774477035e-07,3.2027730988738274,3.2027730988738274,False,0.04064932294388763,-1.994790575498188e-08,324031313172019.94,1.3007703766555966e+16,CONVERGED
S4,S4_eta08_cons,"Asymmetric Filling (eta=0.8, beta->0)",0.8101010101010101,440651.2311444063,1,1.5285217139058016,0.48654357278280835,2.1287599479258722e-05,2.1287599479258722e-05,True,0.04226112257111089,-0.9990852932689891,324031313172019.94,1.3007703766555966e+16,CONVERGED
S4,S4_eta08_cons,"Asymmetric Filling (eta=0.8, beta->0)",0.8101010101010101,440651.2311444063,2,1.5285236789166186,0.48654419826517786,1.4568123689395972e-05,1.4568123689395972e-05,True,0.042259443317973225,0.9990920896631764,324031313172019.94,1.3007703766555966e+16,CONVERGED
S4,S4_eta08_cons,"Asymmetric Filling (eta=0.8, beta->0)",0.8101010101010101,440651.2311444063,3,7.841303349777035e-07,2.495964376800105e-07,3.568170027834964,3.568170027834964,False,0.02820742528171486,-2.211829783501415e-08,324031313172019.94,1.3007703766555966e+16,CONVERGED
S4,S4_eta08_cons,"Asymmetric Filling (eta=0.8, beta->0)",0.8101010101010101,440651.2311444063,4,3.141591775973408,0.9999997206460284,0.4303682044113866,0.4303682044113866,False,-0.6502696184955491,-5.706872719476408e-07,324031313172019.94,1.3007703766555966e+16,CONVERGED
S4,S4_eta08_cons,"Asymmetric Filling (eta=0.8, beta->0)",0.8277777777777778,450266.438806535,0,4.58010778583402e-06,1.4578935880183206e-06,3.2091811102216585,3.2091811102216585,False,0.04038967442457706,-1.8498906230060014e-07,338326612253487.44,4.902457526126715e+16,CONVERGED
S4,S4_eta08_cons,"Asymmetric Filling (eta=0.8, beta->0)",0.8277777777777778,450266.438806535,1,1.5599993631370521,0.496563219726941,6.406595672408337e-05,6.406595672408337e-05,True,0.010796062201886697,0.9998776531836422,338326612253487.44,4.902457526126715e+16,CONVERGED
S4,S4_eta08_cons,"Asymmetric Filling (eta=0.8, beta->0)",0.8277777777777778,450266.438806535,2,1.5599601704013544,0.4965507442917018,4.584240996846998e-05,4.584240996846998e-05,True,0.010835447592662889,-0.9998954507639558,338326612253487.44,4.902457526126715e+16,CONVERGED
S4,S4_eta08_cons,"Asymmetric Filling (eta=0.8, beta->0)",0.8277777777777778,450266.438806535,3,8.946126000995631e-06,2.84764034916277e-06,3.5835112691832673,3.5835112691832673,False,0.02777799081283985,-2.485054058727939e-07,338326612253487.44,4.902457526126715e+16,CONVERGED
S4,S4_eta08_cons,"Asymmetric Filling (eta=0.8, beta->0)",0.8277777777777778,450266.438806535,4,3.141584548969938,0.9999974202193763,0.41660016631655333,0.41660016631655333,False,-0.6592844713692196,5.343250017030889e-06,338326612253487.44,4.902457526126715e+16,CONVERGED
S4,S4_eta08_cons,"Asymmetric Filling (eta=0.8, beta->0)",0.8454545454545455,459881.6464686634,0,3.3426433935203367e-09,1.0639964381444582e-09,3.215687959080573,3.215687959080573,False,0.04012771809742059,1.341326517953894e-10,352930474682382.7,3.8029195638194216e+16,CONVERGED
S4,S4_eta08_cons,"Asymmetric Filling (eta=0.8, beta->0)",0.8454545454545455,459881.6464686634,1,1.5908725313952012,0.5063904544013255,5.8749630080728653e-08,5.8749630080728653e-08,True,-0.02007485481569407,0.9997984210353983,352930474682382.7,3.8029195638194216e+16,CONVERGED
S4,S4_eta08_cons,"Asymmetric Filling (eta=0.8, beta->0)",0.8454545454545455,459881.6464686634,2,1.5908725695306443,0.506390466540214,3.482689422594823e-08,3.482689422594823e-08,True,-0.02007489342369615,-0.9997984441877479,352930474682382.7,3.8029195638194216e+16,CONVERGED
S4,S4_eta08_cons,"Asymmetric Filling (eta=0.8, beta->0)",0.8454545454545455,459881.6464686634,3,5.320977773990845e-06,1.6937198296255057e-06,3.5987576063108246,3.5987576063108246,False,0.027357690363632017,-1.455696623739833e-07,352930474682382.7,3.8029195638194216e+16,CONVERGED
S4,S4_eta08_cons,"Asymmetric Filling (eta=0.8, beta->0)",0.8454545454545455,459881.6464686634,4,3.1415912930330916,0.9999995669213512,0.39358428625269243,0.39358428625269243,False,-0.6746344527698596,-9.178784259909119e-07,352930474682382.7,3.8029195638194216e+16,CONVERGED
S4,S4_eta08_cons,"Asymmetric Filling (eta=0.8, beta->0)",0.8631313131313132,469496.85413079214,0,6.929406042083747e-08,2.205698448576949e-08,3.222219091316136,3.222219091316136,False,0.0398664926417739,-2.7625111498859576e-09,367842900458706.44,1.308096810769034e+16,CONVERGED
S4,S4_eta08_cons,"Asymmetric Filling (eta=0.8, beta->0)",0.8631313131313132,469496.85413079214,1,1.621669712131871,0.5161935014963964,1.4265255066545262e-07,1.4265255066545262e-07,True,-0.05085143667631845,-0.9987060859346426,367842900458706.44,1.308096810769034e+16,CONVERGED
S4,S4_eta08_cons,"Asymmetric Filling (eta=0.8, beta->0)",0.8631313131313132,469496.85413079214,2,1.6216696729233533,0.5161934890159376,2.030752015391542e-08,2.030752015391542e-08,True,-0.05085140373994936,0.9987062101151856,367842900458706.44,1.308096810769034e+16,CONVERGED
S4,S4_eta08_cons,"Asymmetric Filling (eta=0.8, beta->0)",0.8631313131313132,469496.85413079214,3,3.290303179510522e-07,1.0473360305801589e-07,3.6138979712640493,3.6138979712640493,False,0.026946604793168523,-8.866249942797906e-09,367842900458706.44,1.308096810769034e+16,CONVERGED
S4,S4_eta08_cons,"Asymmetric Filling (eta=0.8, beta->0)",0.8631313131313132,469496.85413079214,4,3.1415907705848807,0.9999994006209206,0.3596234424878726,0.3596234424878726,False,-0.6979390908013211,1.3142227367396177e-06,367842900458706.44,1.308096810769034e+16,CONVERGED
S4,S4_eta08_cons,"Asymmetric Filling (eta=0.8, beta->0)",0.8808080808080808,479112.06179292063,0,6.91470314773681e-09,2.2010183719508032e-09,3.2287860427243915,3.2287860427243915,False,0.03960554906144611,-2.7386061476302606e-10,383063889582452.2,1.1113570754222876e+16,CONVERGED
S4,S4_eta08_cons,"Asymmetric Filling (eta=0.8, beta->0)",0.8808080808080808,479112.06179292063,1,1.6523891786797222,0.5259718113968698,7.606340496507363e-08,7.606340496507363e-08,True,-0.08150234319625918,0.9966730737442047,383063889582452.2,1.1113570754222876e+16,CONVERGED
S4,S4_eta08_cons,"Asymmetric Filling (eta=0.8, beta->0)",0.8808080808080808,479112.06179292063,2,1.6523890992704293,0.5259717861201068,-4.62769590659e-08,4.62769590659e-08,True,-0.08150227402217224,-0.9966732021495999,383063889582452.2,1.1113570754222876e+16,CONVERGED
S4,S4_eta08_cons,"Asymmetric Filling (eta=0.8, beta->0)",0.8808080808080808,479112.06179292063,3,8.0193635617077e-07,2.552642702593616e-07,3.6289447490575784,3.6289447490575784,False,0.026544180406275947,2.1286743312553045e-08,383063889582452.2,1.1113570754222876e+16,CONVERGED
S4,S4_eta08_cons,"Asymmetric Filling (eta=0.8, beta->0)",0.8808080808080808,479112.06179292063,4,3.1415922956324396,0.9999998860586355,0.3112813963899905,0.3112813963899905,False,-0.7325077218365806,2.622065257772558e-07,383063889582452.2,1.1113570754222876e+16,CONVERGED
S4,S4_eta08_cons,"Asymmetric Filling (eta=0.8, beta->0)",0.8984848484848484,488727.2694550492,0,6.024697640013615e-07,1.917720820084486e-07,3.2353853840031435,3.2353853840031435,False,0.03934503906928434,2.370419640269895e-08,398593442053630.06,1.2165720264886414e+16,CONVERGED
S4,S4_eta08_cons,"Asymmetric Filling (eta=0.8, beta->0)",0.8984848484848484,488727.2694550492,1,1.683034484845925,0.5357265153147012,5.748713980525269e-08,5.748713980525269e-08,True,-0.11200264842521636,-0.9937078503118834,398593442053630.06,1.2165720264886414e+16,CONVERGED
S4,S4_eta08_cons,"Asymmetric Filling (eta=0.8, beta->0)",0.8984848484848484,488727.2694550492,2,1.683034396379358,0.5357264871549183,-3.4324827318944055e-08,3.4324827318944055e-08,True,-0.11200257079846965,0.9937079514546469,398593442053630.06,1.2165720264886414e+16,CONVERGED
S4,S4_eta08_cons,"Asymmetric Filling (eta=0.8, beta->0)",0.8984848484848484,488727.2694550492,3,3.968209230621854e-05,1.26312022855271e-05,3.6438424487324372,3.6438424487324372,False,0.02615166421153377,1.0377527537480206e-06,398593442053630.06,1.2165720264886414e+16,CONVERGED
S4,S4_eta08_cons,"Asymmetric Filling (eta=0.8, beta->0)",0.8984848484848484,488727.2694550492,4,3.1414103940390405,0.999941984983144,0.23993857270317182,0.23993857270317182,False,-0.7866761699076767,-0.00014337924690283272,398593442053630.06,1.2165720264886414e+16,CONVERGED
S4,S4_eta08_cons,"Asymmetric Filling (eta=0.8, beta->0)",0.9161616161616162,498342.4771171778,0,4.4036102533683003e-07,1.4017126785474373e-07,3.242014701517289,3.242014701517289,False,0.039085070970312635,-1.7211541927850754e-08,414431557872229.5,1.225768184849059e+16,CONVERGED
S4,S4_eta08_cons,"Asymmetric Filling (eta=0.8, beta->0)",0.9161616161616162,498342.4771171778,1,1.7136098797072092,0.545458965773021,2.080123815998489e-06,2.080123815998489e-06,True,-0.14232828769083428,-0.9898174065371941,414431557872229.5,1.225768184849059e+16,CONVERGED
S4,S4_eta08_cons,"Asymmetric Filling (eta=0.8, beta->0)",0.9161616161616162,498342.4771171778,2,1.713609331593339,0.5454587913029574,-1.9641399664581706e-06,1.9641399664581706e-06,True,-0.14232832077027222,0.9898214876402528,414431557872229.5,1.225768184849059e+16,CONVERGED
S4,S4_eta08_cons,"Asymmetric Filling (eta=0.8, beta->0)",0.9161616161616162,498342.4771171778,3,3.856825633727743e-06,1.2276657285026043e-06,3.658738061551346,3.658738061551346,False,0.02576500607134689,-9.937113586961434e-08,414431557872229.5,1.225768184849059e+16,CONVERGED
S4,S4_eta08_cons,"Asymmetric Filling (eta=0.8, beta->0)",0.9161616161616162,498342.4771171778,4,3.1415552692828683,0.9999881002055178,0.10815522640858695,0.10815522640858695,False,-0.8974882711089495,3.355197700436817e-05,414431557872229.5,1.225768184849059e+16,CONVERGED
S4,S4_eta08_cons,"Asymmetric Filling (eta=0.8, beta->0)",0.9338383838383838,507957.6847793063,0,1.336824854549828e-06,4.2552456729941827e-07,3.24866949692377,3.24866949692377,False,0.038825831369508235,-5.190333637334991e-08,430578237038252.0,4.5337695189344424e+16,CONVERGED
S4,S4_eta08_cons,"Asymmetric Filling (eta=0.8, beta->0)",0.9338383838383838,507957.6847793063,1,1.7441204292791639,0.5551707753346748,4.471897025527869e-06,4.471897025527869e-06,True,-0.17245682189218223,0.98501253841197,430578237038252.0,4.5337695189344424e+16,CONVERGED
S4,S4_eta08_cons,"Asymmetric Filling (eta=0.8, beta->0)",0.9338383838383838,507957.6847793063,2,1.744123306237855,0.5551716910990683,4.033483862821589e-06,4.033483862821589e-06,True,-0.1724597313404513,-0.9850124740990804,430578237038252.0,4.5337695189344424e+16,CONVERGED
S4,S4_eta08_cons,"Asymmetric Filling (eta=0.8, beta->0)",0.9338383838383838,507957.6847793063,3,3.362714978141056e-05,1.0703854219606079e-05,3.6735663023823424,3.6735663023823424,False,0.025385774955844327,8.536512570791237e-07,430578237038252.0,4.5337695189344424e+16,CONVERGED
S4,S4_eta08_cons,"Asymmetric Filling (eta=0.8, beta->0)",0.9338383838383838,507957.6847793063,4,2.9396849654499415,0.9357307867685716,0.00022012691390792879,0.00022012691390792879,True,-0.9794701641033621,-0.2004944904505189,430578237038252.0,4.5337695189344424e+16,CONVERGED
S4,S4_eta08_cons,"Asymmetric Filling (eta=0.8, beta->0)",0.9515151515151515,517572.89244143496,0,8.266804210640525e-06,2.631405507392667e-06,3.2553276036762644,3.2553276036762644,False,0.03856818351347473,-3.1883562187321247e-07,447033479551704.44,2.2548568304765932e+16,CONVERGED
S4,S4_eta08_cons,"Asymmetric Filling (eta=0.8, beta->0)",0.9515151515151515,517572.89244143496,1,1.7745705247720382,0.5648633417652972,4.7832486312420406e-05,4.7832486312420406e-05,True,-0.2023571928518206,-0.979262940228136,447033479551704.44,2.2548568304765932e+16,CONVERGED
S4,S4_eta08_cons,"Asymmetric Filling (eta=0.8, beta->0)",0.9515151515151515,517572.89244143496,2,1.7745923701439963,0.5648702953631588,4.345506874220401e-05,4.345506874220401e-05,True,-0.20237947106422194,0.9792628060591589,447033479551704.44,2.2548568304765932e+16,CONVERGED
S4,S4_eta08_cons,"Asymmetric Filling (eta=0.8, beta->0)",0.9515151515151515,517572.89244143496,3,2.8250321513429775,0.8992356625595325,1.963768659164178e-06,1.963768659164178e-06,True,-0.9503098859463479,0.31129920196337424,447033479551704.44,2.2548568304765932e+16,CONVERGED
S4,S4_eta08_cons,"Asymmetric Filling (eta=0.8, beta->0)",0.9515151515151515,517572.89244143496,4,2.8250300188676505,0.8992349837715539,-4.659347286149388e-06,4.659347286149388e-06,True,-0.9503155161353246,-0.311303290266009,447033479551704.44,2.2548568304765932e+16,CONVERGED
S4,S4_eta08_cons,"Asymmetric Filling (eta=0.8, beta->0)",0.9691919191919192,527188.1001035634,0,6.317104925785047e-06,2.010796949937702e-06,3.2620661926666528,3.2620661926666528,False,0.03830916207686745,-2.420029964616962e-07,463797285412582.5,4.904293002821656e+16,CONVERGED
S4,S4_eta08_cons,"Asymmetric Filling (eta=0.8, beta->0)",0.9691919191919192,527188.1001035634,1,1.8049581298308308,0.5745360168729594,-6.08806337330046e-06,6.08806337330046e-06,True,-0.23202915784864359,-0.9727150898947364,463797285412582.5,4.904293002821656e+16,CONVERGED
S4,S4_eta08_cons,"Asymmetric Filling (eta=0.8, beta->0)",0.9691919191919192,527188.1001035634,2,1.8049796293907066,0.5745428603954165,-5.271027914304076e-06,5.271027914304076e-06,True,-0.23204988114827516,0.9727093064068358,463797285412582.5,4.904293002821656e+16,CONVERGED
S4,S4_eta08_cons,"Asymmetric Filling (eta=0.8, beta->0)",0.9691919191919192,527188.1001035634,3,2.733984503651338,0.8702542961855049,3.5325482237744574e-05,3.5325482237744574e-05,True,-0.9180391815051638,-0.3964005710800301,463797285412582.5,4.904293002821656e+16,CONVERGED
S4,S4_eta08_cons,"Asymmetric Filling (eta=0.8, beta->0)",0.9691919191919192,527188.1001035634,4,2.733984183684093,0.8702541943367674,-3.200396057266066e-05,3.200396057266066e-05,True,-0.918100867808846,0.39642755517034867,463797285412582.5,4.904293002821656e+16,CONVERGED
S4,S4_eta08_cons,"Asymmetric Filling (eta=0.8, beta->0)",0.9868686868686869,536803.3077656921,0,1.3427635059109606e-06,4.274148987382656e-07,3.2687887780580427,3.2687887780580427,False,0.03805248918363579,5.1095493784888407e-08,480869654620889.75,1.2653887552487994e+16,CONVERGED
S4,S4_eta08_cons,"Asymmetric Filling (eta=0.8, beta->0)",0.9868686868686869,536803.3077656921,1,1.8353161374570062,0.584199270825214,-8.912630085345985e-07,8.912630085345985e-07,True,-0.26144604385966197,-0.9652190159117968,480869654620889.75,1.2653887552487994e+16,CONVERGED
S4,S4_eta08_cons,"Asymmetric Filling (eta=0.8, beta->0)",0.9868686868686869,536803.3077656921,2,1.835312338288819,0.5841980615124207,3.360103786245588e-06,3.360103786245588e-06,True,-0.2614412653433193,0.9652159056867495,480869654620889.75,1.2653887552487994e+16,CONVERGED
S4,S4_eta08_cons,"Asymmetric Filling (eta=0.8, beta->0)",0.9868686868686869,536803.3077656921,3,2.653178577554753,0.8445329710467251,2.6208460371535984e-06,2.6208460371535984e-06,True,-0.8830758111614144,0.4692247543163865,480869654620889.75,1.2653887552487994e+16,CONVERGED
S4,S4_eta08_cons,"Asymmetric Filling (eta=0.8, beta->0)",0.9868686868686869,536803.3077656921,4,2.6531787551915347,0.8445330275902688,-1.276542441974491e-06,1.276542441974491e-06,True,-0.8830793362094999,-0.4692264262037382,480869654620889.75,1.2653887552487994e+16,CONVERGED
S4,S4_eta08_cons,"Asymmetric Filling (eta=0.8, beta->0)",1.0045454545454544,546418.5154278205,0,1.9003277030563626e-08,6.048930948717751e-09,3.2755356609936217,3.2755356609936217,False,0.037796617632057626,-7.182595956802769e-10,498250587176617.1,2.74693386789139e+16,CONVERGED
S4,S4_eta08_cons,"Asymmetric Filling (eta=0.8, beta->0)",1.0045454545454544,546418.5154278205,1,1.8656190482417778,0.5938449869081522,7.897484037756342e-08,7.897484037756342e-08,True,-0.2905702021087431,-0.9568535936583067,498250587176617.1,2.74693386789139e+16,CONVERGED
S4,S4_eta08_cons,"Asymmetric Filling (eta=0.8, beta->0)",1.0045454545454544,546418.5154278205,2,1.8656191174683023,0.5938450089436393,2.5351114628272417e-07,2.5351114628272417e-07,True,-0.2905702176333343,0.9568534065374658,498250587176617.1,2.74693386789139e+16,CONVERGED
S4,S4_eta08_cons,"Asymmetric Filling (eta=0.8, beta->0)",1.0045454545454544,546418.5154278205,3,2.5782922453428463,0.8206959111636315,1.8500995921060036e-05,1.8500995921060036e-05,True,-0.845481726047792,-0.5339697085153515,498250587176617.1,2.74693386789139e+16,CONVERGED
S4,S4_eta08_cons,"Asymmetric Filling (eta=0.8, beta->0)",1.0045454545454544,546418.5154278205,4,2.578308846121178,0.8207011953554928,-4.682161462541416e-05,4.682161462541416e-05,True,-0.8455458217005161,0.5339905533047509,498250587176617.1,2.74693386789139e+16,CONVERGED
S4,S4_eta08_cons,"Asymmetric Filling (eta=0.8, beta->0)",1.0222222222222221,556033.7230899491,0,1.551090203281016e-06,4.93727346067173e-07,3.2822988480083097,3.2822988480083097,False,0.037541854514833356,5.8230802751005904e-08,515940083079775.8,1.0600441784000544e+16,CONVERGED
S4,S4_eta08_cons,"Asymmetric Filling (eta=0.8, beta->0)",1.0222222222222221,556033.7230899491,1,1.895885374131249,0.6034790576572313,-5.878093423164181e-07,5.878093423164181e-07,True,-0.31939335810624553,-0.9476228460822329,515940083079775.8,1.0600441784000544e+16,CONVERGED
S4,S4_eta08_cons,"Asymmetric Filling (eta=0.8, beta->0)",1.0222222222222221,556033.7230899491,2,1.8958817978997078,0.6034779193073765,2.91175959515833e-06,2.91175959515833e-06,True,-0.31938885146023244,0.9476206720311033,515940083079775.8,1.0600441784000544e+16,CONVERGED
S4,S4_eta08_cons,"Asymmetric Filling (eta=0.8, beta->0)",1.0222222222222221,556033.7230899491,3,2.506747103094701,0.7979223850776213,3.7178682363080845e-06,3.7178682363080845e-06,True,-0.8051603093586577,0.5930509594669273,515940083079775.8,1.0600441784000544e+16,CONVERGED
S4,S4_eta08_cons,"Asymmetric Filling (eta=0.8, beta->0)",1.0222222222222221,556033.7230899491,4,2.506745305403966,0.7979218128548881,-3.4847365184159063e-06,3.4847365184159063e-06,True,-0.80516504249982,-0.5930566784326661,515940083079775.8,1.0600441784000544e+16,CONVERGED
S4,S4_eta08_cons,"Asymmetric Filling (eta=0.8, beta->0)",1.0398989898989899,565648.9307520777,0,1.8236421596151873e-06,5.804833282670725e-07,3.289080307212127,3.289080307212127,False,0.03728812725289671,6.800020091155385e-08,533938142330357.6,2.099907238697026e+16,CONVERGED
S4,S4_eta08_cons,"Asymmetric Filling (eta=0.8, beta->0)",1.0398989898989899,565648.9307520777,1,1.9261239906796874,0.61310430824912,-5.938794529343826e-06,5.938794529343826e-06,True,-0.3478996455604705,-0.9375381135071238,533938142330357.6,2.099907238697026e+16,CONVERGED
S4,S4_eta08_cons,"Asymmetric Filling (eta=0.8, beta->0)",1.0398989898989899,565648.9307520777,2,1.926120056025335,0.6131030558097409,-5.44450057950805e-07,5.44450057950805e-07,True,-0.3478940800037898,0.9375344249674384,533938142330357.6,2.099907238697026e+16,CONVERGED
S4,S4_eta08_cons,"Asymmetric Filling (eta=0.8, beta->0)",1.0398989898989899,565648.9307520777,3,2.4380002105223717,0.7760395695274339,3.150145187719426e-05,3.150145187719426e-05,True,-0.7624989213101988,0.6469407964270534,533938142330357.6,2.099907238697026e+16,CONVERGED
S4,S4_eta08_cons,"Asymmetric Filling (eta=0.8, beta->0)",1.0398989898989899,565648.9307520777,4,2.438031060784748,0.7760493894709396,-2.3260964574032024e-05,2.3260964574032024e-05,True,-0.7625606377604625,-0.6469527005505631,533938142330357.6,2.099907238697026e+16,CONVERGED
S4,S4_eta08_cons,"Asymmetric Filling (eta=0.8, beta->0)",1.0575757575757576,575264.1384142063,0,1.5380628391765229e-06,4.89580607281797e-07,3.2958780556081475,3.2958780556081475,False,0.03703551152752885,-5.6962944010430775e-08,552244764928369.25,1.3884588580924782e+16,CONVERGED
S4,S4_eta08_cons,"Asymmetric Filling (eta=0.8, beta->0)",1.0575757575757576,575264.1384142063,1,1.9563335083962423,0.6227202963951438,-1.828659579187082e-05,1.828659579187082e-05,True,-0.37606381846747233,0.9266134999556477,552244764928369.25,1.3884588580924782e+16,CONVERGED
S4,S4_eta08_cons,"Asymmetric Filling (eta=0.8, beta->0)",1.0575757575757576,575264.1384142063,2,1.9563310311266182,0.6227195078557317,-3.049413557378214e-06,3.049413557378214e-06,True,-0.3760557929205396,-0.9266003126788901,552244764928369.25,1.3884588580924782e+16,CONVERGED
S4,S4_eta08_cons,"Asymmetric Filling (eta=0.8, beta->0)",1.0575757575757576,575264.1384142063,3,2.371253844806459,0.75479354145322,1.2389195114304407e-05,1.2389195114304407e-05,True,-0.7176658803195417,-0.6963698055932138,552244764928369.25,1.3884588580924782e+16,CONVERGED
S4,S4_eta08_cons,"Asymmetric Filling (eta=0.8, beta->0)",1.0575757575757576,575264.1384142063,4,2.3712303207297554,0.7547860535070419,-1.6270826130894906e-05,1.6270826130894906e-05,True,-0.7176700668088694,0.6964066465710247,552244764928369.25,1.3884588580924782e+16,CONVERGED
S4,S4_eta08_cons,"Asymmetric Filling (eta=0.8, beta->0)",1.0752525252525253,584879.3460763348,0,9.376511937622026e-07,2.984636447665422e-07,3.302601982601605,3.302601982601605,False,0.03678732278843601,-3.4493677127902614e-08,570859950873807.8,1.476488012455095e+16,CONVERGED
S4,S4_eta08_cons,"Asymmetric Filling (eta=0.8, beta->0)",1.0752525252525253,584879.3460763348,1,1.986533105031106,0.6323331265627836,-4.605570348943027e-06,4.605570348943027e-06,True,-0.4038659187075398,-0.9148232238469001,570859950873807.8,1.476488012455095e+16,CONVERGED
S4,S4_eta08_cons,"Asymmetric Filling (eta=0.8, beta->0)",1.0752525252525253,584879.3460763348,2,1.9865489188196663,0.6323381602480205,0.00016635487164561768,0.00016635487164561768,True,-0.40381134381072364,0.9146604529595861,570859950873807.8,1.476488012455095e+16,CONVERGED
S4,S4_eta08_cons,"Asymmetric Filling (eta=0.8, beta->0)",1.0752525252525253,584879.3460763348,3,2.305886979997142,0.7339866221555752,1.8906910728207627e-07,1.8906910728207627e-07,True,-0.670654275415671,-0.7417698192354136,570859950873807.8,1.476488012455095e+16,CONVERGED
S4,S4_eta08_cons,"Asymmetric Filling (eta=0.8, beta->0)",1.0752525252525253,584879.3460763348,4,2.3058899475379766,0.7339875667531605,1.9080604339290782e-07,1.9080604339290782e-07,True,-0.670656475480059,0.741767827749796,570859950873807.8,1.476488012455095e+16,CONVERGED
S4,S4_eta08_cons,"Asymmetric Filling (eta=0.8, beta->0)",1.0929292929292929,594494.5537384634,0,3.1967239463641186e-07,1.0175488355281608e-07,3.309485630757828,3.309485630757828,False,0.03653496138183404,1.1679218592880116e-08,589783700166661.9,6474470159462402.0,CONVERGED
S4,S4_eta08_cons,"Asymmetric Filling (eta=0.8, beta->0)",1.0929292929292929,594494.5537384634,1,2.016722704557526,0.6419427745519726,2.6041401093809246e-07,2.6041401093809246e-07,True,-0.431293741610855,0.9022112765973516,589783700166661.9,6474470159462402.0,CONVERGED
S4,S4_eta08_cons,"Asymmetric Filling (eta=0.8, beta->0)",1.0929292929292929,594494.5537384634,2,2.0167230956054714,0.6419428990263996,3.83922379450604e-07,3.83922379450604e-07,True,-0.43129404115026143,-0.9022109965101359,589783700166661.9,6474470159462402.0,CONVERGED
S4,S4_eta08_cons,"Asymmetric Filling (eta=0.8, beta->0)",1.0929292929292929,594494.5537384634,3,2.241698142196524,0.7135546805009906,9.341629943485374e-08,9.341629943485374e-08,True,-0.6216925388000132,0.7832612593303799,589783700166661.9,6474470159462402.0,CONVERGED
S4,S4_eta08_cons,"Asymmetric Filling (eta=0.8, beta->0)",1.0929292929292929,594494.5537384634,4,2.2416938718415045,0.7135533212047703,-5.549428673745074e-06,5.549428673745074e-06,True,-0.6216927020963355,-0.7832683340204026,589783700166661.9,6474470159462402.0,CONVERGED
S4,S4_eta08_cons,"Asymmetric Filling (eta=0.8, beta->0)",1.1106060606060606,604109.761400592,0,2.491524331036355e-07,7.930768262363274e-08,3.3163098911757105,3.3163098911757105,False,0.03628648608537454,9.040866296952468e-09,609016012806949.0,9428620290633748.0,CONVERGED
S4,S4_eta08_cons,"Asymmetric Filling (eta=0.8, beta->0)",1.1106060606060606,604109.761400592,1,2.046915909020524,0.6515535700281134,-1.0578217835007417e-06,1.0578217835007417e-06,True,-0.4583342815025041,-0.8887810765567572,609016012806949.0,9428620290633748.0,CONVERGED
S4,S4_eta08_cons,"Asymmetric Filling (eta=0.8, beta->0)",1.1106060606060606,604109.761400592,2,2.0469155015467764,0.6515534403251912,-2.6223058438494385e-07,2.6223058438494385e-07,True,-0.45833355470122267,0.888780556209601,609016012806949.0,9428620290633748.0,CONVERGED
S4,S4_eta08_cons,"Asymmetric Filling (eta=0.8, beta->0)",1.1106060606060606,604109.761400592,3,2.178647307302927,0.6934849764222167,5.8917690784063955e-05,5.8917690784063955e-05,True,-0.5710710518785082,0.8208288647867605,609016012806949.0,9428620290633748.0,CONVERGED
S4,S4_eta08_cons,"Asymmetric Filling (eta=0.8, beta->0)",1.1106060606060606,604109.761400592,4,2.1786159393508626,0.6934749916929653,-8.158955306533999e-05,8.158955306533999e-05,True,-0.5711255455159711,-0.820962120733746,609016012806949.0,9428620290633748.0,CONVERGED
S4,S4_eta08_cons,"Asymmetric Filling (eta=0.8, beta->0)",1.1282828282828283,613724.9690627207,0,1.3861640011912037e-05,4.4122970545124e-06,3.323146234640627,3.323146234640627,False,0.03603926520614172,-4.995633206133596e-07,628556888794663.8,1.2267493395909106e+16,CONVERGED
S4,S4_eta08_cons,"Asymmetric Filling (eta=0.8, beta->0)",1.1282828282828283,613724.9690627207,1,2.0771462649003714,0.6611761911675231,-1.5859310410952122e-05,1.5859310410952122e-05,True,-0.4849961221511188,0.8745344364987806,628556888794663.8,1.2267493395909106e+16,CONVERGED
S4,S4_eta08_cons,"Asymmetric Filling (eta=0.8, beta->0)",1.1282828282828283,613724.9690627207,2,2.077120405824085,0.6611679599678936,-1.551934978209484e-07,1.551934978209484e-07,True,-0.48496589131539897,-0.8745332438779583,628556888794663.8,1.2267493395909106e+16,CONVERGED
S4,S4_eta08_cons,"Asymmetric Filling (eta=0.8, beta->0)",1.1282828282828283,613724.9690627207,3,2.11587717640695,0.6735046232009767,1.5767519585200997e-06,1.5767519585200997e-06,True,-0.5184864079946925,-0.8550840258277642,628556888794663.8,1.2267493395909106e+16,CONVERGED
S4,S4_eta08_cons,"Asymmetric Filling (eta=0.8, beta->0)",1.1282828282828283,613724.9690627207,4,2.115876417900773,0.6735043817609618,-1.4564298702237381e-06,1.4564298702237381e-06,True,-0.518487332071997,0.8550870127331168,628556888794663.8,1.2267493395909106e+16,CONVERGED
S4,S4_eta08_cons,"Asymmetric Filling (eta=0.8, beta->0)",1.145959595959596,623340.1767248492,0,2.49780289436813e-05,7.950753550158624e-06,3.8428966399426088,3.8428966399426088,False,0.021431432198513862,-5.353149338703506e-07,648406328129803.9,8828680334566231.0,CONVERGED
S4,S4_eta08_cons,"Asymmetric Filling (eta=0.8, beta->0)",1.145959595959596,623340.1767248492,1,2.1073498367306116,0.6707902866791509,4.578421415482549e-08,4.578421415482549e-08,True,-0.5111768361269655,0.8594755090395545,648406328129803.9,8828680334566231.0,CONVERGED
S4,S4_eta08_cons,"Asymmetric Filling (eta=0.8, beta->0)",1.145959595959596,623340.1767248492,2,2.053534778533174,0.6536604216293503,0.00037843749802851846,0.00037843749802851846,True,-0.46403079394163377,0.8853919096284253,648406328129803.9,8828680334566231.0,CONVERGED
S4,S4_eta08_cons,"Asymmetric Filling (eta=0.8, beta->0)",1.145959595959596,623340.1767248492,3,2.5871020846512447e-05,8.235001701111853e-06,3.3299701849521326,3.3299701849521326,False,0.035794172244726585,9.260317765335794e-07,648406328129803.9,8828680334566231.0,CONVERGED
S4,S4_eta08_cons,"Asymmetric Filling (eta=0.8, beta->0)",1.145959595959596,623340.1767248492,4,2.107381934895316,0.6708005038423046,9.808444096559679e-06,9.808444096559679e-06,True,-0.5111994327595233,-0.8594507101925964,648406328129803.9,8828680334566231.0,CONVERGED
S4,S4_eta08_cons,"Asymmetric Filling (eta=0.8, beta->0)",1.1636363636363636,632955.3843869776,0,8.012821072813157e-09,2.5505601636982354e-09,-3.3368130440338355,3.3368130440338355,False,28.129336745516426,-2.253953422387315e-07,668564330812376.6,2.423432890377379e+16,CONVERGED
S4,S4_eta08_cons,"Asymmetric Filling (eta=0.8, beta->0)",1.1636363636363636,632955.3843869776,1,2.137662049751428,0.6804389637557857,-0.0001565519157887993,0.0001565519157887993,True,-0.537074725063539,0.8437202691364137,668564330812376.6,2.423432890377379e+16,CONVERGED
S4,S4_eta08_cons,"Asymmetric Filling (eta=0.8, beta->0)",1.1636363636363636,632955.3843869776,2,1.9925268128815585,0.6342409830264801,-0.0006022148508306307,0.0006022148508306307,True,-0.4095865142677426,-0.9129315651506434,668564330812376.6,2.423432890377379e+16,CONVERGED
S4,S4_eta08_cons,"Asymmetric Filling (eta=0.8, beta->0)",1.1636363636363636,632955.3843869776,3,1.9925792738031791,0.6342576818564702,0.0004978978984743526,0.0004978978984743526,True,-0.40918401069050975,0.9119063248154288,668564330812376.6,2.423432890377379e+16,CONVERGED
S4,S4_eta08_cons,"Asymmetric Filling (eta=0.8, beta->0)",1.1636363636363636,632955.3843869776,4,2.137618417351383,0.6804250751314935,-1.1689691930127026e-05,1.1689691930127026e-05,True,-0.5369601201405335,-0.8436214844560468,668564330812376.6,2.423432890377379e+16,CONVERGED
S4,S4_eta08_cons,"Asymmetric Filling (eta=0.8, beta->0)",1.1813131313131313,642570.5920491063,0,2.466999295871844e-07,7.852702650844583e-08,3.343655722016379,3.343655722016379,False,0.03530764656190071,-8.710393920710275e-09,689030896842364.1,2.9898718984825132e+16,CONVERGED
S4,S4_eta08_cons,"Asymmetric Filling (eta=0.8, beta->0)",1.1813131313131313,642570.5920491063,1,2.1679243493458977,0.6900717528953612,-3.976272210173512e-08,3.976272210173512e-08,True,-0.56226982508127,-0.8269538822259228,689030896842364.1,2.9898718984825132e+16,CONVERGED
S4,S4_eta08_cons,"Asymmetric Filling (eta=0.8, beta->0)",1.1813131313131313,642570.5920491063,2,1.931368903693033,0.6147738159134419,-7.5474752510585624e-06,7.5474752510585624e-06,True,-0.3528127112356954,0.9357020283482073,689030896842364.1,2.9898718984825132e+16,CONVERGED
S4,S4_eta08_cons,"Asymmetric Filling (eta=0.8, beta->0)",1.1813131313131313,642570.5920491063,3,1.9313644601900104,0.6147724015025006,3.336119054549462e-06,3.336119054549462e-06,True,-0.35280471363315336,-0.9356934123004067,689030896842364.1,2.9898718984825132e+16,CONVERGED
S4,S4_eta08_cons,"Asymmetric Filling (eta=0.8, beta->0)",1.1813131313131313,642570.5920491063,4,2.16792451389166,0.690071805271904,7.933254957339236e-09,7.933254957339236e-09,True,-0.5622699343350047,0.8269537502644266,689030896842364.1,2.9898718984825132e+16,CONVERGED
S4,S4_eta08_cons,"Asymmetric Filling (eta=0.8, beta->0)",1.198989898989899,652185.7997112349,0,6.32095902415184e-05,2.012023747550177e-05,3.3505063465554423,3.3505063465554423,False,0.035066593685766916,-2.2165450209951766e-06,709806026219775.9,5.264737704170112e+16,CONVERGED
S4,S4_eta08_cons,"Asymmetric Filling (eta=0.8, beta->0)",1.198989898989899,652185.7997112349,1,2.198398021634702,0.6997718240532126,-1.0144679920614735e-05,1.0144679920614735e-05,True,-0.5872111259554389,0.8094463435706022,709806026219775.9,5.264737704170112e+16,CONVERGED
S4,S4_eta08_cons,"Asymmetric Filling (eta=0.8, beta->0)",1.198989898989899,652185.7997112349,2,1.8705740600005973,0.5954222161371414,2.1639500480204148e-06,2.1639500480204148e-06,True,-0.2953072207536842,-0.9554000824157407,709806026219775.9,5.264737704170112e+16,CONVERGED
S4,S4_eta08_cons,"Asymmetric Filling (eta=0.8, beta->0)",1.198989898989899,652185.7997112349,3,1.8705801858663593,0.5954241660607749,4.345055506919762e-06,4.345055506919762e-06,True,-0.29531242929254325,0.9553961895633045,709806026219775.9,5.264737704170112e+16,CONVERGED
S4,S4_eta08_cons,"Asymmetric Filling (eta=0.8, beta->0)",1.198989898989899,652185.7997112349,4,2.1982997896864203,0.6997405558529354,-3.296260458543261e-06,3.296260458543261e-06,True,-0.5871275887212829,-0.8094984787539627,709806026219775.9,5.264737704170112e+16,CONVERGED
S4,S4_eta08_cons,"Asymmetric Filling (eta=0.8, beta->0)",1.2166666666666666,661801.0073733634,0,0.00010728175239617198,3.414884239482312e-05,3.896707360175631,3.896707360175631,False,0.020308670499319684,-2.178749768362139e-06,730889718944623.2,1.741569412290676e+16,CONVERGED
S4,S4_eta08_cons,"Asymmetric Filling (eta=0.8, beta->0)",1.2166666666666666,661801.0073733634,1,1.7732618898285287e-05,5.644467903253725e-06,3.357344253851743,3.357344253851743,False,0.03482762957159883,6.175850823885452e-07,730889718944623.2,1.741569412290676e+16,CONVERGED
S4,S4_eta08_cons,"Asymmetric Filling (eta=0.8, beta->0)",1.2166666666666666,661801.0073733634,2,1.8104632726332996,0.5762883582518388,0.0001791175447741754,0.0001791175447741754,True,-0.2373365901398987,-0.9712431065648526,730889718944623.2,1.741569412290676e+16,CONVERGED
S4,S4_eta08_cons,"Asymmetric Filling (eta=0.8, beta->0)",1.2166666666666666,661801.0073733634,3,2.228749132962718,0.7094328828455849,1.0647929430848908e-06,1.0647929430848908e-06,True,-0.6114976499738681,0.7912449017167934,730889718944623.2,1.741569412290676e+16,CONVERGED
S4,S4_eta08_cons,"Asymmetric Filling (eta=0.8, beta->0)",1.2166666666666666,661801.0073733634,4,2.2287753950340132,0.7094412423225098,5.838206821904919e-07,5.838206821904919e-07,True,-0.6115187236164853,-0.7912292228082719,730889718944623.2,1.741569412290676e+16,CONVERGED
S4,S4_eta08_cons,"Asymmetric Filling (eta=0.8, beta->0)",1.2343434343434343,671416.215035492,0,0.0003961247813910429,0.00012609043407916184,3.90950522081279,3.90950522081279,False,0.020050417564832956,7.94246769009894e-06,752281975016894.2,2.0814950626283092e+16,CONVERGED
S4,S4_eta08_cons,"Asymmetric Filling (eta=0.8, beta->0)",1.2343434343434343,671416.215035492,1,2.1426114626275336e-06,6.820144108050555e-07,3.3641886486964174,3.3641886486964174,False,0.034590069433764754,-7.411307926198006e-08,752281975016894.2,2.0814950626283092e+16,CONVERGED
S4,S4_eta08_cons,"Asymmetric Filling (eta=0.8, beta->0)",1.2343434343434343,671416.215035492,2,1.7493729264001896,0.5568426970954492,4.084514806848325e-05,4.084514806848325e-05,True,-0.17762173390080083,0.9840573320119603,752281975016894.2,2.0814950626283092e+16,CONVERGED
S4,S4_eta08_cons,"Asymmetric Filling (eta=0.8, beta->0)",1.2343434343434343,671416.215035492,3,2.259306902168333,0.7191597228834548,3.2397599663191014e-07,3.2397599663191014e-07,True,-0.6353875579460895,0.772192983169053,752281975016894.2,2.0814950626283092e+16,CONVERGED
S4,S4_eta08_cons,"Asymmetric Filling (eta=0.8, beta->0)",1.2343434343434343,671416.215035492,4,2.259309021396076,0.7191603974545965,1.208478397515724e-06,1.208478397515724e-06,True,-0.6353886323944363,-0.7721909536313241,752281975016894.2,2.0814950626283092e+16,CONVERGED
S4,S4_eta08_cons,"Asymmetric Filling (eta=0.8, beta->0)",1.252020202020202,681031.4226976206,0,1.6893060035741718,0.5377228017272889,-2.1475606797734027e-06,2.1475606797734027e-06,True,-0.1182327230403904,0.9929880756247972,773982794436585.9,1.3000567332903722e+16,CONVERGED
S4,S4_eta08_cons,"Asymmetric Filling (eta=0.8, beta->0)",1.252020202020202,681031.4226976206,1,7.575698122947817e-06,2.4114196072782766e-06,3.371035794980204,3.371035794980204,False,0.03435403517021421,-2.6025579975965386e-07,773982794436585.9,1.3000567332903722e+16,CONVERGED
S4,S4_eta08_cons,"Asymmetric Filling (eta=0.8, beta->0)",1.252020202020202,681031.4226976206,2,1.6893095985503332,0.5377239460437417,3.946539242944931e-06,3.946539242944931e-06,True,-0.11823557226649953,-0.9929815992270339,773982794436585.9,1.3000567332903722e+16,CONVERGED
S4,S4_eta08_cons,"Asymmetric Filling (eta=0.8, beta->0)",1.252020202020202,681031.4226976206,3,2.2899891128157095,0.7289261738624883,-1.903098103140312e-06,1.903098103140312e-06,True,-0.6587788428370853,0.7523391804456822,773982794436585.9,1.3000567332903722e+16,CONVERGED
S4,S4_eta08_cons,"Asymmetric Filling (eta=0.8, beta->0)",1.252020202020202,681031.4226976206,4,2.2899788755433126,0.7289229152374768,-8.881625247103302e-07,8.881625247103302e-07,True,-0.6587704722915102,-0.7523451609224636,773982794436585.9,1.3000567332903722e+16,CONVERGED
S4,S4_eta08_cons,"Asymmetric Filling (eta=0.8, beta->0)",1.2696969696969698,690646.6303597492,0,1.6290261361192466,0.5185351239785377,-1.8835400310682108e-07,1.8835400310682108e-07,True,-0.05819691912485244,-0.9983053116719617,795992177203707.6,9741175833109782.0,CONVERGED
S4,S4_eta08_cons,"Asymmetric Filling (eta=0.8, beta->0)",1.2696969696969698,690646.6303597492,1,3.1220859682494606e-06,9.937908292094958e-07,3.3778830587993984,3.3778830587993984,False,0.0341196075388128,-1.0652434793945207e-07,795992177203707.6,9741175833109782.0,CONVERGED
S4,S4_eta08_cons,"Asymmetric Filling (eta=0.8, beta->0)",1.2696969696969698,690646.6303597492,2,1.6290342580467365,0.5185377092683526,1.4633675072545089e-07,1.4633675072545089e-07,True,-0.058205007805606,0.9983045048445343,795992177203707.6,9741175833109782.0,CONVERGED
S4,S4_eta08_cons,"Asymmetric Filling (eta=0.8, beta->0)",1.2696969696969698,690646.6303597492,3,2.320798655264581,0.7387331558127633,-8.993652419317982e-06,8.993652419317982e-06,True,-0.6816465942018093,0.7316938622673318,795992177203707.6,9741175833109782.0,CONVERGED
S4,S4_eta08_cons,"Asymmetric Filling (eta=0.8, beta->0)",1.2696969696969698,690646.6303597492,4,2.3207949681496443,0.7387319821676274,-1.2759020363434531e-06,1.2759020363434531e-06,True,-0.6816386356206656,-0.7316907285435056,795992177203707.6,9741175833109782.0,CONVERGED
S4,S4_eta08_cons,"Asymmetric Filling (eta=0.8, beta->0)",1.2873737373737373,700261.8380218776,0,1.568717702490971,0.49933835333439863,-2.491702626251729e-06,2.491702626251729e-06,True,0.002078627986397553,-1.000000331361627,818310123318272.0,1.045206979323393e+16,CONVERGED
S4,S4_eta08_cons,"Asymmetric Filling (eta=0.8, beta->0)",1.2873737373737373,700261.8380218776,1,8.551915989839e-07,2.722159405378992e-07,3.3847157713383633,3.3847157713383633,False,0.03388727271115336,-2.898011093506179e-08,818310123318272.0,1.045206979323393e+16,CONVERGED
S4,S4_eta08_cons,"Asymmetric Filling (eta=0.8, beta->0)",1.2873737373737373,700261.8380218776,2,1.5687139554737264,0.4993371606217659,4.034411249934884e-06,4.034411249934884e-06,True,0.002082361415097128,0.9999937974712593,818310123318272.0,1.045206979323393e+16,CONVERGED
S4,S4_eta08_cons,"Asymmetric Filling (eta=0.8, beta->0)",1.2873737373737373,700261.8380218776,3,2.3517792854064705,0.7485945966671302,-1.6373626696778646e-07,1.6373626696778646e-07,True,-0.7039779931819284,-0.7102220164062307,818310123318272.0,1.045206979323393e+16,CONVERGED
S4,S4_eta08_cons,"Asymmetric Filling (eta=0.8, beta->0)",1.2873737373737373,700261.8380218776,4,2.3517810102874237,0.7485951457137902,2.6491126074366835e-09,2.6491126074366835e-09,True,-0.7039791010974701,0.7102206839565944,818310123318272.0,1.045206979323393e+16,CONVERGED
S4,S4_eta08_cons,"Asymmetric Filling (eta=0.8, beta->0)",1.305050505050505,709877.0456840061,0,1.508190321792603,0.48007188967329806,9.75994060711167e-06,9.75994060711167e-06,True,0.06256450489108181,0.9980311433202028,840936632780229.9,1.6132530861031808e+16,CONVERGED
S4,S4_eta08_cons,"Asymmetric Filling (eta=0.8, beta->0)",1.305050505050505,709877.0456840061,1,5.696511706164837e-08,1.8132559928339606e-08,3.391549121139636,3.391549121139636,False,0.03365649850136262,1.9172463770153166e-09,840936632780229.9,1.6132530861031808e+16,CONVERGED
S4,S4_eta08_cons,"Asymmetric Filling (eta=0.8, beta->0)",1.305050505050505,709877.0456840061,2,1.5081976844424447,0.48007423327753124,2.094120352445685e-05,2.094120352445685e-05,True,0.06255645727144032,-0.9980204447423175,840936632780229.9,1.6132530861031808e+16,CONVERGED
S4,S4_eta08_cons,"Asymmetric Filling (eta=0.8, beta->0)",1.305050505050505,709877.0456840061,3,2.3829693816992505,0.7585227126681465,-8.008409959074018e-07,8.008409959074018e-07,True,-0.7257843622777862,-0.6879234413481646,840936632780229.9,1.6132530861031808e+16,CONVERGED
S4,S4_eta08_cons,"Asymmetric Filling (eta=0.8, beta->0)",1.305050505050505,709877.0456840061,4,2.3829691547618572,0.7585226404317307,-4.043074831946507e-07,4.043074831946507e-07,True,-0.7257839183645113,0.6879233332710483,840936632780229.9,1.6132530861031808e+16,CONVERGED
S4,S4_eta08_cons,"Asymmetric Filling (eta=0.8, beta->0)",1.3227272727272728,719492.2533461349,0,1.4475192045144867,0.4607596732378575,4.999838687839121e-05,4.999838687839121e-05,True,0.12295896603653594,-0.9923613761614163,863871705589630.4,1.262056674126757e+16,CONVERGED
S4,S4_eta08_cons,"Asymmetric Filling (eta=0.8, beta->0)",1.3227272727272728,719492.2533461349,1,1.1836456643097177e-07,3.767661166883636e-08,3.3983790873775743,3.3983790873775743,False,0.03342740898031304,-3.9566207708655434e-09,863871705589630.4,1.262056674126757e+16,CONVERGED
S4,S4_eta08_cons,"Asymmetric Filling (eta=0.8, beta->0)",1.3227272727272728,719492.2533461349,2,1.447507768734862,0.46075603311614677,5.2416847287405216e-05,5.2416847287405216e-05,True,0.1229700170560239,0.9923575699844921,863871705589630.4,1.262056674126757e+16,CONVERGED
S4,S4_eta08_cons,"Asymmetric Filling (eta=0.8, beta->0)",1.3227272727272728,719492.2533461349,3,2.414396889497144,0.7685263990983341,-1.041188682659017e-06,1.041188682659017e-06,True,-0.7470423075549243,-0.664778063042507,863871705589630.4,1.262056674126757e+16,CONVERGED
S4,S4_eta08_cons,"Asymmetric Filling (eta=0.8, beta->0)",1.3227272727272728,719492.2533461349,4,2.4143970091062092,0.7685264371710822,-1.9316228948930738e-07,1.9316228948930738e-07,True,-0.7470417535570094,0.6647774099404417,863871705589630.4,1.262056674126757e+16,CONVERGED
S4,S4_eta08_cons,"Asymmetric Filling (eta=0.8, beta->0)",1.3404040404040405,729107.4610082634,0,2.446107643757552,0.7786202456777669,-3.831432164990323e-07,3.831432164990323e-07,True,-0.767743312388858,0.640758123295297,887115341746461.2,1.64800098055432e+16,CONVERGED
S4,S4_eta08_cons,"Asymmetric Filling (eta=0.8, beta->0)",1.3404040404040405,729107.4610082634,1,0.00019597539679827737,6.238090624968289e-05,3.985392617038736,3.985392617038736,False,0.018585145688218896,-3.64223134743077e-06,887115341746461.2,1.64800098055432e+16,CONVERGED
S4,S4_eta08_cons,"Asymmetric Filling (eta=0.8, beta->0)",1.3404040404040405,729107.4610082634,2,1.386826475470242,0.4414405775636003,8.002473363745242e-05,8.002473363745242e-05,True,0.18291922697986032,0.9830465501394368,887115341746461.2,1.64800098055432e+16,CONVERGED
S4,S4_eta08_cons,"Asymmetric Filling (eta=0.8, beta->0)",1.3404040404040405,729107.4610082634,3,2.4461082268688505,0.7786204312878579,-2.0366957756371215e-07,2.0366957756371215e-07,True,-0.7677435482322877,-0.6407575606162872,887115341746461.2,1.64800098055432e+16,CONVERGED
S4,S4_eta08_cons,"Asymmetric Filling (eta=0.8, beta->0)",1.3404040404040405,729107.4610082634,4,5.26970510696783e-07,1.6773992328210705e-07,3.405202167237708,3.405202167237708,False,0.033200107429459134,1.749547756729176e-08,887115341746461.2,1.64800098055432e+16,CONVERGED
S4,S4_eta08_cons,"Asymmetric Filling (eta=0.8, beta->0)",1.358080808080808,738722.6686703919,0,2.4781542987151166,0.7888210127698804,-1.9244292788546789e-07,1.9244292788546789e-07,True,-0.7878796042045073,-0.6158296145562332,910667541250725.5,2.149260546480715e+16,CONVERGED
S4,S4_eta08_cons,"Asymmetric Filling (eta=0.8, beta->0)",1.358080808080808,738722.6686703919,1,1.3256815940594595,0.4219775573210128,4.9374890600370055e-06,4.9374890600370055e-06,True,0.24266643153510542,0.9701046995436396,910667541250725.5,2.149260546480715e+16,CONVERGED
S4,S4_eta08_cons,"Asymmetric Filling (eta=0.8, beta->0)",1.358080808080808,738722.6686703919,2,1.325687852763802,0.4219795495284797,-1.021383726761724e-06,1.021383726761724e-06,True,0.24266180591838027,-0.9701119990588563,910667541250725.5,2.149260546480715e+16,CONVERGED
S4,S4_eta08_cons,"Asymmetric Filling (eta=0.8, beta->0)",1.358080808080808,738722.6686703919,3,2.4781543939220896,0.7888210430752011,-1.1216985784012205e-07,1.1216985784012205e-07,True,-0.7878795995902604,0.6158294901100724,910667541250725.5,2.149260546480715e+16,CONVERGED
S4,S4_eta08_cons,"Asymmetric Filling (eta=0.8, beta->0)",1.358080808080808,738722.6686703919,4,1.2322859443733632e-08,3.922487986993703e-09,3.4120193964702077,3.4120193964702077,False,0.032974544417531663,4.063406760783942e-10,910667541250725.5,2.149260546480715e+16,CONVERGED
S4,S4_eta08_cons,"Asymmetric Filling (eta=0.8, beta->0)",1.3757575757575757,748337.8763325205,0,2.510598648559626,0.7991483700761932,-8.392049355608348e-08,8.392049355608348e-08,True,-0.8074415641324468,0.5899476996754449,934528304102388.2,2.557169221357805e+16,CONVERGED
S4,S4_eta08_cons,"Asymmetric Filling (eta=0.8, beta->0)",1.3757575757575757,748337.8763325205,1,1.2640524412505303,0.40236038870479907,-3.5184644426732686e-07,3.5184644426732686e-07,True,0.301956223904287,-0.9533221609396271,934528304102388.2,2.557169221357805e+16,CONVERGED
S4,S4_eta08_cons,"Asymmetric Filling (eta=0.8, beta->0)",1.3757575757575757,748337.8763325205,2,1.2640514414360884,0.40236007045397787,-9.490183084978895e-07,9.490183084978895e-07,True,0.3019573573697844,0.9533224283361189,934528304102388.2,2.557169221357805e+16,CONVERGED
S4,S4_eta08_cons,"Asymmetric Filling (eta=0.8, beta->0)",1.3757575757575757,748337.8763325205,3,2.51059886679899,0.7991484395439403,2.3111397206522166e-07,2.3111397206522166e-07,True,-0.807441438510316,-0.5899473376061242,934528304102388.2,2.557169221357805e+16,CONVERGED
S4,S4_eta08_cons,"Asymmetric Filling (eta=0.8, beta->0)",1.3757575757575757,748337.8763325205,4,8.7483626012409e-07,2.784690303895522e-07,3.418828886020266,3.418828886020266,False,0.0327507673703175,2.865155884244995e-08,934528304102388.2,2.557169221357805e+16,CONVERGED
S4,S4_eta08_cons,"Asymmetric Filling (eta=0.8, beta->0)",1.3934343434343435,757953.0839946492,0,2.5435181087263743,0.8096269596951028,-4.3697443800289096e-07,4.3697443800289096e-07,True,-0.8264216391988236,-0.5630525270462671,958697630301498.4,2.8958062128151496e+16,CONVERGED
S4,S4_eta08_cons,"Asymmetric Filling (eta=0.8, beta->0)",1.3934343434343435,757953.0839946492,1,1.2018558372715964,0.3825625947712463,4.600650208158611e-06,4.600650208158611e-06,True,0.3606257594746662,-0.93270566651288,958697630301498.4,2.8958062128151496e+16,CONVERGED
S4,S4_eta08_cons,"Asymmetric Filling (eta=0.8, beta->0)",1.3934343434343435,757953.0839946492,2,1.2018598633242654,0.38256387630361316,-2.702946455172435e-06,2.702946455172435e-06,True,0.3606246381968914,0.9327139305450967,958697630301498.4,2.8958062128151496e+16,CONVERGED
S4,S4_eta08_cons,"Asymmetric Filling (eta=0.8, beta->0)",1.3934343434343435,757953.0839946492,3,2.543517859347259,0.809626880315265,-2.9993382964143325e-07,2.9993382964143325e-07,True,-0.8264213855319597,0.563052655977463,958697630301498.4,2.8958062128151496e+16,CONVERGED
S4,S4_eta08_cons,"Asymmetric Filling (eta=0.8, beta->0)",1.3934343434343435,757953.0839946492,4,1.613975312770757e-07,5.137442981115076e-08,3.4256333483617936,3.4256333483617936,False,0.03252867248218194,5.250047434344757e-09,958697630301498.4,2.8958062128151496e+16,CONVERGED
S4,S4_eta08_cons,"Asymmetric Filling (eta=0.8, beta->0)",1.4111111111111112,767568.2916567777,0,2.5770079658114744,0.8202871122921723,-9.76086163505044e-08,9.76086163505044e-08,True,-0.844810974770747,-0.5350650541047809,983175519848023.9,1.5033364040222414e+16,CONVERGED
S4,S4_eta08_cons,"Asymmetric Filling (eta=0.8, beta->0)",1.4111111111111112,767568.2916567777,1,1.1389475962179134,0.362538279721426,3.281992271451499e-06,3.281992271451499e-06,True,0.4185491481782091,-0.9081905343022991,983175519848023.9,1.5033364040222414e+16,CONVERGED
S4,S4_eta08_cons,"Asymmetric Filling (eta=0.8, beta->0)",1.4111111111111112,767568.2916567777,2,1.138949105864465,0.362538760256848,5.145522134179619e-07,5.145522134179619e-07,True,0.41854893543851135,0.9081936795306338,983175519848023.9,1.5033364040222414e+16,CONVERGED
S4,S4_eta08_cons,"Asymmetric Filling (eta=0.8, beta->0)",1.4111111111111112,767568.2916567777,3,2.577007960912692,0.8202871107328416,8.962860154363809e-08,8.962860154363809e-08,True,-0.8448108139695385,0.5350649580592424,983175519848023.9,1.5033364040222414e+16,CONVERGED
S4,S4_eta08_cons,"Asymmetric Filling (eta=0.8, beta->0)",1.4111111111111112,767568.2916567777,4,1.0200976457893019e-07,3.247071655275455e-08,3.432428124297037,3.432428124297037,False,0.03230839665114466,-3.295771936305975e-09,983175519848023.9,1.5033364040222414e+16,CONVERGED
S4,S4_eta08_cons,"Asymmetric Filling (eta=0.8, beta->0)",1.4287878787878787,777183.4993189061,0,2.6111885406711766,0.8311671271854607,-1.372697472552813e-06,1.372697472552813e-06,True,-0.8626038916083937,-0.5058826658235764,1007961972741985.5,1.8901679294059256e+16,CONVERGED
S4,S4_eta08_cons,"Asymmetric Filling (eta=0.8, beta->0)",1.4287878787878787,777183.4993189061,1,1.0751525770358217,0.34223169442648166,-9.493816731768381e-07,9.493816731768381e-07,True,0.4755984839712241,-0.8796635611467729,1007961972741985.5,1.8901679294059256e+16,CONVERGED
S4,S4_eta08_cons,"Asymmetric Filling (eta=0.8, beta->0)",1.4287878787878787,777183.4993189061,2,1.075176077532194,0.34223917486680716,-1.0792483710111737e-05,1.0792483710111737e-05,True,0.4755824924935303,0.8796833964751287,1007961972741985.5,1.8901679294059256e+16,CONVERGED
S4,S4_eta08_cons,"Asymmetric Filling (eta=0.8, beta->0)",1.4287878787878787,777183.4993189061,3,2.6111881453302943,0.8311670013445495,4.130738398493187e-06,4.130738398493187e-06,True,-0.8625989443411912,0.5058802227590948,1007961972741985.5,1.8901679294059256e+16,CONVERGED
S4,S4_eta08_cons,"Asymmetric Filling (eta=0.8, beta->0)",1.4287878787878787,777183.4993189061,4,6.117492530854109e-08,1.947258351226361e-08,3.4392142011936255,3.4392142011936255,False,0.032089891621558835,-1.963096723108043e-09,1007961972741985.5,1.8901679294059256e+16,CONVERGED
S4,S4_eta08_cons,"Asymmetric Filling (eta=0.8, beta->0)",1.4464646464646465,786798.7069810347,0,2.646220688937682,0.8423182063129457,-1.1194617525741866e-08,1.1194617525741866e-08,True,-0.8797919638310827,-0.47535894097774384,1033056988983365.8,2.096346551690827e+16,CONVERGED
S4,S4_eta08_cons,"Asymmetric Filling (eta=0.8, beta->0)",1.4464646464646465,786798.7069810347,1,1.0100513519997638,0.3215093308948287,5.740352804797826e-05,5.740352804797826e-05,True,0.5317867068551023,-0.8468105443050337,1033056988983365.8,2.096346551690827e+16,CONVERGED
S4,S4_eta08_cons,"Asymmetric Filling (eta=0.8, beta->0)",1.4464646464646465,786798.7069810347,2,1.010209646733791,0.3215597176736004,1.2611561720879961e-05,1.2611561720879961e-05,True,0.5316764688443716,0.8469326476596817,1033056988983365.8,2.096346551690827e+16,CONVERGED
S4,S4_eta08_cons,"Asymmetric Filling (eta=0.8, beta->0)",1.4464646464646465,786798.7069810347,3,2.6462209510858195,0.8423182897572895,2.0311179769986995e-07,2.0311179769986995e-07,True,-0.8797918999004449,0.47535860846949285,1033056988983365.8,2.096346551690827e+16,CONVERGED
S4,S4_eta08_cons,"Asymmetric Filling (eta=0.8, beta->0)",1.4464646464646465,786798.7069810347,4,5.476583306458599e-07,1.7432506089548847e-07,3.4459916283902206,3.4459916283902206,False,0.031873140055999574,-1.745559067551216e-08,1033056988983365.8,2.096346551690827e+16,CONVERGED
S4,S4_eta08_cons,"Asymmetric Filling (eta=0.8, beta->0)",1.4641414141414142,796413.9146431634,0,2.6823070887109237,0.8538048641175491,-5.993633040361619e-07,5.993633040361619e-07,True,-0.8963699781887827,0.44330808804844485,1058460568572181.5,2.868333795504863e+16,CONVERGED
S4,S4_eta08_cons,"Asymmetric Filling (eta=0.8, beta->0)",1.4641414141414142,796413.9146431634,1,0.944075228680613,0.3005084785902621,-3.236217949715918e-05,3.236217949715918e-05,True,0.5865111332374341,-0.809981121410988,1058460568572181.5,2.868333795504863e+16,CONVERGED
S4,S4_eta08_cons,"Asymmetric Filling (eta=0.8, beta->0)",1.4641414141414142,796413.9146431634,2,0.9440181923342763,0.3004903233573513,-5.60319452899152e-05,5.60319452899152e-05,True,0.5865712144861266,0.8099668391398765,1058460568572181.5,2.868333795504863e+16,CONVERGED
S4,S4_eta08_cons,"Asymmetric Filling (eta=0.8, beta->0)",1.4641414141414142,796413.9146431634,3,2.6823072680314595,0.8538049211970484,7.58673492234835e-07,7.58673492234835e-07,True,-0.8963688403803174,-0.4433073252828243,1058460568572181.5,2.868333795504863e+16,CONVERGED
S4,S4_eta08_cons,"Asymmetric Filling (eta=0.8, beta->0)",1.4641414141414142,796413.9146431634,4,1.1791545230266385e-06,3.753365420177113e-07,3.4527603627060586,3.4527603627060586,False,0.031658127740662435,-3.732982451597451e-08,1058460568572181.5,2.868333795504863e+16,CONVERGED
S4,S4_eta08_cons,"Asymmetric Filling (eta=0.8, beta->0)",1.4818181818181817,806029.1223052919,0,2.719736239775121,0.8657189329327496,-1.18083820970729e-06,1.18083820970729e-06,True,-0.9123314725480995,-0.40945530388239504,1084172711508409.2,2.2218834813790156e+16,CONVERGED
S4,S4_eta08_cons,"Asymmetric Filling (eta=0.8, beta->0)",1.4818181818181817,806029.1223052919,1,0.8760113933941401,0.2788430869269926,5.855348367451719e-06,5.855348367451719e-06,True,0.6402164933230862,-0.7681869115319043,1084172711508409.2,2.2218834813790156e+16,CONVERGED
S4,S4_eta08_cons,"Asymmetric Filling (eta=0.8, beta->0)",1.4818181818181817,806029.1223052919,2,0.8760225539340055,0.2788466394371669,3.410257988609122e-06,3.410257988609122e-06,True,0.6402094852707033,0.7681959349519519,1084172711508409.2,2.2218834813790156e+16,CONVERGED
S4,S4_eta08_cons,"Asymmetric Filling (eta=0.8, beta->0)",1.4818181818181817,806029.1223052919,3,2.719736497788732,0.8657190150610328,3.933321781377527e-07,3.933321781377527e-07,True,-0.912330142028887,0.4094544239369067,1084172711508409.2,2.2218834813790156e+16,CONVERGED
S4,S4_eta08_cons,"Asymmetric Filling (eta=0.8, beta->0)",1.4818181818181817,806029.1223052919,4,7.403087576191252e-09,2.356475963786072e-09,3.459516173613266,3.459516173613266,False,0.03144497224581896,2.3278988336670105e-10,1084172711508409.2,2.2218834813790156e+16,CONVERGED
S4,S4_eta08_cons,"Asymmetric Filling (eta=0.8, beta->0)",1.4994949494949494,815644.3299674204,0,2.758677441477621,0.8781143024145325,0.000368799600646323,0.000368799600646323,True,-0.9272373513245407,-0.3734883760798705,1110193417792075.9,4.67844603372852e+16,CONVERGED
S4,S4_eta08_cons,"Asymmetric Filling (eta=0.8, beta->0)",1.4994949494949494,815644.3299674204,1,0.8057845588825262,0.2564891912265529,4.070827463726239e-06,4.070827463726239e-06,True,0.6925426684523636,0.7213712710879852,1110193417792075.9,4.67844603372852e+16,CONVERGED
S4,S4_eta08_cons,"Asymmetric Filling (eta=0.8, beta->0)",1.4994949494949494,815644.3299674204,2,0.805786554822059,0.2564898265538384,2.1109918785444674e-06,2.1109918785444674e-06,True,0.6925425859058204,-0.72137406713302,1110193417792075.9,4.67844603372852e+16,CONVERGED
S4,S4_eta08_cons,"Asymmetric Filling (eta=0.8, beta->0)",1.4994949494949494,815644.3299674204,3,0.0003049739705089949,9.70762298417369e-05,3.4660376371511146,3.4660376371511146,False,0.031240570771103506,9.52756120441406e-06,1110193417792075.9,4.67844603372852e+16,CONVERGED
S4,S4_eta08_cons,"Asymmetric Filling (eta=0.8, beta->0)",1.4994949494949494,815644.3299674204,4,1.5872499793130561e-06,5.05237360260363e-07,4.090656160375808,4.090656160375808,False,0.016728253539497688,2.655192008453356e-08,1110193417792075.9,4.67844603372852e+16,CONVERGED
S4,S4_eta08_cons,"Asymmetric Filling (eta=0.8, beta->0)",1.5171717171717172,825259.537629549,0,2.79950821676183,0.891111141848045,0.00013417657409271115,0.00013417657409271115,True,-0.941931091613235,0.33540647207172314,1136522687423158.0,3.724854890375609e+16,CONVERGED
S4,S4_eta08_cons,"Asymmetric Filling (eta=0.8, beta->0)",1.5171717171717172,825259.537629549,1,0.7326329480973544,0.2332043103233639,3.186940251110579e-06,3.186940251110579e-06,True,0.7434136190904717,-0.6688271952385145,1136522687423158.0,3.724854890375609e+16,CONVERGED
S4,S4_eta08_cons,"Asymmetric Filling (eta=0.8, beta->0)",1.5171717171717172,825259.537629549,2,0.7326253866344601,0.23320190343497063,-1.6838988358053873e-06,1.6838988358053873e-06,True,0.7434222974628042,0.6688248316550968,1136522687423158.0,3.724854890375609e+16,CONVERGED
S4,S4_eta08_cons,"Asymmetric Filling (eta=0.8, beta->0)",1.5171717171717172,825259.537629549,3,0.0008373316301734191,0.00026653093589858894,3.4719059306860665,3.4719059306860665,False,0.031057769351318473,2.6005658718222566e-05,1136522687423158.0,3.724854890375609e+16,CONVERGED
S4,S4_eta08_cons,"Asymmetric Filling (eta=0.8, beta->0)",1.5171717171717172,825259.537629549,4,2.8001533886551435,0.8913165064399745,0.0006792968220535868,0.0006792968220535868,True,-0.9416338467813727,-0.33461623902935506,1136522687423158.0,3.724854890375609e+16,CONVERGED
S4,S4_eta08_cons,"Asymmetric Filling (eta=0.8, beta->0)",1.534848484848485,834874.7452916778,0,2.8454211084836527,0.905725669186387,-5.347400588827744e-07,5.347400588827744e-07,True,-0.9564613823944619,-0.2918607432813886,1163160520401672.0,5.86926386011549e+16,CONVERGED
S4,S4_eta08_cons,"Asymmetric Filling (eta=0.8, beta->0)",1.534848484848485,834874.7452916778,1,0.6555002363866842,0.20865220563769332,6.141536461526198e-06,6.141536461526198e-06,True,0.7927382366250907,0.6095521349278135,1163160520401672.0,5.86926386011549e+16,CONVERGED
S4,S4_eta08_cons,"Asymmetric Filling (eta=0.8, beta->0)",1.534848484848485,834874.7452916778,2,0.6554972820743548,0.208651265250872,4.450939502602899e-06,4.450939502602899e-06,True,0.7927413776340482,-0.6095508234327043,1163160520401672.0,5.86926386011549e+16,CONVERGED
S4,S4_eta08_cons,"Asymmetric Filling (eta=0.8, beta->0)",1.534848484848485,834874.7452916778,3,5.9776566031168346e-05,1.9027471929839045e-05,3.4797536585202113,3.4797536585202113,False,0.030815001055755818,1.8420149475538958e-06,1163160520401672.0,5.86926386011549e+16,CONVERGED
S4,S4_eta08_cons,"Asymmetric Filling (eta=0.8, beta->0)",1.534848484848485,834874.7452916778,4,2.845425316431541,0.9057270086178004,5.217582055478734e-06,5.217582055478734e-06,True,-0.9564571086555905,0.29185503969012266,1163160520401672.0,5.86926386011549e+16,CONVERGED
S4,S4_eta08_cons,"Asymmetric Filling (eta=0.8, beta->0)",1.5525252525252524,844489.952953806,0,2.895643327690626,0.921711898066056,5.998689076419154e-07,5.998689076419154e-07,True,-0.9699060410360578,-0.2434770457859741,1190106916727611.2,8685671714078517.0,CONVERGED
S4,S4_eta08_cons,"Asymmetric Filling (eta=0.8, beta->0)",1.5525252525252524,844489.952953806,1,2.8956433154798065,0.9217118941792315,6.309581157212998e-07,6.309581157212998e-07,True,-0.9699060079093933,0.243477050059813,1190106916727611.2,8685671714078517.0,CONVERGED
S4,S4_eta08_cons,"Asymmetric Filling (eta=0.8, beta->0)",1.5525252525252524,844489.952953806,2,0.5728901356118817,0.1823565938624345,0.00015620438862514328,0.00015620438862514328,True,0.8402065971752263,-0.5419783335895609,1190106916727611.2,8685671714078517.0,CONVERGED
S4,S4_eta08_cons,"Asymmetric Filling (eta=0.8, beta->0)",1.5525252525252524,844489.952953806,3,1.6400798717216517e-06,5.22053637300045e-07,3.486431958699901,3.486431958699901,False,0.03060989492595482,-5.0202672543618226e-08,1190106916727611.2,8685671714078517.0,CONVERGED
S4,S4_eta08_cons,"Asymmetric Filling (eta=0.8, beta->0)",1.5525252525252524,844489.952953806,4,0.0007936724546151012,0.00025263378869574266,4.123493316016482,4.123493316016482,False,0.016187861123646913,1.2847862170664497e-05,1190106916727611.2,8685671714078517.0,CONVERGED
S4,S4_eta08_cons,"Asymmetric Filling (eta=0.8, beta->0)",1.5702020202020202,854105.1606159348,0,2.9552845197064963,0.9406962791084934,0.00011052173052807917,0.00011052173052807917,True,-0.9825861798721083,-0.18521171693925473,1217361876400978.8,1.2985873863730672e+16,CONVERGED
S4,S4_eta08_cons,"Asymmetric Filling (eta=0.8, beta->0)",1.5702020202020202,854105.1606159348,1,2.955329710950604,0.9407106639282617,0.0001286877494096193,0.0001286877494096193,True,-0.9825766991476772,0.18516394873589234,1217361876400978.8,1.2985873863730672e+16,CONVERGED
S4,S4_eta08_cons,"Asymmetric Filling (eta=0.8, beta->0)",1.5702020202020202,854105.1606159348,2,0.4813899404921571,0.1532311771680803,-1.9631099511394188e-06,1.9631099511394188e-06,True,0.8863539606120636,-0.46301250818408596,1217361876400978.8,1.2985873863730672e+16,CONVERGED
S4,S4_eta08_cons,"Asymmetric Filling (eta=0.8, beta->0)",1.5702020202020202,854105.1606159348,3,6.400557069721753e-05,2.037360592375988e-05,3.492791939543805,3.492791939543805,False,0.03041583428325237,-1.9467828341900326e-06,1217361876400978.8,1.2985873863730672e+16,CONVERGED
S4,S4_eta08_cons,"Asymmetric Filling (eta=0.8, beta->0)",1.5702020202020202,854105.1606159348,4,0.4813885895788801,0.15323074715902885,-4.0506901514201597e-07,4.0506901514201597e-07,True,0.8863532051253464,0.46301058940631584,1217361876400978.8,1.2985873863730672e+16,CONVERGED
S4,S4_eta08_cons,"Asymmetric Filling (eta=0.8, beta->0)",1.587878787878788,863720.3682780633,0,3.040070553129256,0.967684511757267,0.00026759166809511365,0.00026759166809511365,True,-0.9945848780011942,-0.10132068051595636,1244925399421769.8,3.793654323861106e+16,CONVERGED
S4,S4_eta08_cons,"Asymmetric Filling (eta=0.8, beta->0)",1.587878787878788,863720.3682780633,1,3.04046550956406,0.9678102302950771,0.00025914671908443775,0.00025914671908443775,True,-0.9946332172733018,0.1009287072602949,1244925399421769.8,3.793654323861106e+16,CONVERGED
S4,S4_eta08_cons,"Asymmetric Filling (eta=0.8, beta->0)",1.587878787878788,863720.3682780633,2,0.37511992514300646,0.11940438067754247,6.973530389309466e-07,6.973530389309466e-07,True,0.9304630410742352,0.36638386221254465,1244925399421769.8,3.793654323861106e+16,CONVERGED
S4,S4_eta08_cons,"Asymmetric Filling (eta=0.8, beta->0)",1.587878787878788,863720.3682780633,3,0.0005708698177557615,0.0001817135067155978,3.4990538492207706,3.4990538492207706,False,0.030225963295600712,-1.7255092032486114e-05,1244925399421769.8,3.793654323861106e+16,CONVERGED
S4,S4_eta08_cons,"Asymmetric Filling (eta=0.8, beta->0)",1.587878787878788,863720.3682780633,4,0.37511900446576946,0.11940408761687595,2.11238344549089e-06,2.11238344549089e-06,True,0.9304620617620817,-0.36638248711352106,1244925399421769.8,3.793654323861106e+16,CONVERGED
S4,S4_eta08_cons,"Asymmetric Filling (eta=0.8, beta->0)",1.6055555555555556,873335.5759401919,0,3.141290427916221,0.9999037985802434,0.1134032752631902,0.1134032752631902,False,-0.8927905063917879,0.0002698242203687885,1272797485789987.2,2.7824258673950576e+16,CONVERGED
S4,S4_eta08_cons,"Asymmetric Filling (eta=0.8, beta->0)",1.6055555555555556,873335.5759401919,1,1.865317562166754e-05,5.937490209099254e-06,4.153841684590443,4.153841684590443,False,0.015703970747300178,2.9292892434089384e-07,1272797485789987.2,2.7824258673950576e+16,CONVERGED
S4,S4_eta08_cons,"Asymmetric Filling (eta=0.8, beta->0)",1.6055555555555556,873335.5759401919,2,0.23432455342006941,0.07458782192920987,-8.21060436464639e-06,8.21060436464639e-06,True,0.9726793787275078,0.23218795735745557,1272797485789987.2,2.7824258673950576e+16,CONVERGED
S4,S4_eta08_cons,"Asymmetric Filling (eta=0.8, beta->0)",1.6055555555555556,873335.5759401919,3,0.0005564926299728064,0.00017713710570876234,3.505685616152866,3.505685616152866,False,0.030026175202134874,1.6709346931133058e-05,1272797485789987.2,2.7824258673950576e+16,CONVERGED
S4,S4_eta08_cons,"Asymmetric Filling (eta=0.8, beta->0)",1.6055555555555556,873335.5759401919,4,0.23433342611974306,0.07459064619723314,-7.694146052912209e-06,7.694146052912209e-06,True,0.9726768162080512,-0.2321964677204955,1272797485789987.2,2.7824258673950576e+16,CONVERGED
S4,S4_eta08_cons,"Asymmetric Filling (eta=0.8, beta->0)",1.6232323232323231,882950.7836023204,0,3.141592498401777,0.9999999506021202,0.1854854746687427,0.1854854746687427,False,-0.8307009016990531,-1.2891482525059868e-07,1300978135505630.0,2.398010095371732e+16,CONVERGED
S4,S4_eta08_cons,"Asymmetric Filling (eta=0.8, beta->0)",1.6232323232323231,882950.7836023204,1,3.1415926346957903,0.9999999939858522,-0.18548548705371226,0.18548548705371226,False,-1.2038027289240119,-2.2744652051756798e-08,1300978135505630.0,2.398010095371732e+16,CONVERGED
S4,S4_eta08_cons,"Asymmetric Filling (eta=0.8, beta->0)",1.6232323232323231,882950.7836023204,2,3.6637280772536866e-06,1.1662008672789792e-06,-0.16038925326762243,0.16038925326762243,False,1.1739677528406642,-4.3010986178920025e-06,1300978135505630.0,2.398010095371732e+16,CONVERGED
S4,S4_eta08_cons,"Asymmetric Filling (eta=0.8, beta->0)",1.6232323232323231,882950.7836023204,3,1.7340418773739557e-07,5.519626726248306e-08,3.5131600448267077,3.5131600448267077,False,0.029802587963561434,-5.167893558293704e-09,1300978135505630.0,2.398010095371732e+16,CONVERGED
S4,S4_eta08_cons,"Asymmetric Filling (eta=0.8, beta->0)",1.6232323232323231,882950.7836023204,4,4.113898008337815e-07,1.309494406805733e-07,0.1605414793797608,0.1605414793797608,False,0.8516824955775227,-3.503734922292748e-07,1300978135505630.0,2.398010095371732e+16,CONVERGED
S4,S4_eta08_cons,"Asymmetric Filling (eta=0.8, beta->0)",1.6409090909090909,892565.9912644491,0,3.141592271774547,0.9999998784644325,0.23384566278990884,0.23384566278990884,False,-0.7914839618959582,-3.0220064390174757e-07,1329467348568702.0,1.814368548561599e+16,CONVERGED
S4,S4_eta08_cons,"Asymmetric Filling (eta=0.8, beta->0)",1.6409090909090909,892565.9912644491,1,3.141592628654504,0.9999999920628511,-0.23383990958014247,0.23383990958014247,False,-1.2634422110225412,-3.150429670305346e-08,1329467348568702.0,1.814368548561599e+16,CONVERGED
S4,S4_eta08_cons,"Asymmetric Filling (eta=0.8, beta->0)",1.6409090909090909,892565.9912644491,2,1.2284978365187076e-05,3.9104300651930295e-06,-0.3181175320444325,0.3181175320444325,False,1.3745378038686782,-1.6886167183507957e-05,1329467348568702.0,1.814368548561599e+16,CONVERGED
S4,S4_eta08_cons,"Asymmetric Filling (eta=0.8, beta->0)",1.6409090909090909,892565.9912644491,3,5.728335892427395e-07,1.8233859459410874e-07,3.5198010106998923,3.5198010106998923,False,0.02960532572483425,-1.6958924995659068e-08,1329467348568702.0,1.814368548561599e+16,CONVERGED
S4,S4_eta08_cons,"Asymmetric Filling (eta=0.8, beta->0)",1.6409090909090909,892565.9912644491,4,1.0215308451087092e-05,3.2516336703978474e-06,0.31833327973931236,0.31833327973931236,False,0.7273603335138897,-7.430210162188417e-06,1329467348568702.0,1.814368548561599e+16,CONVERGED
S4,S4_eta08_cons,"Asymmetric Filling (eta=0.8, beta->0)",1.6585858585858586,902181.1989265776,0,3.141588561944726,0.9999986975889243,0.2712966641370676,0.2712966641370676,False,-0.762390288989336,-3.119430465307739e-06,1358265124979199.2,4.7520469788564536e+16,CONVERGED
S4,S4_eta08_cons,"Asymmetric Filling (eta=0.8, beta->0)",1.6585858585858586,902181.1989265776,1,3.1415920449145776,0.9999998062526614,-0.2712909825204378,0.2712909825204378,False,-1.3116566840280701,-7.983729151923987e-07,1358265124979199.2,4.7520469788564536e+16,CONVERGED
S4,S4_eta08_cons,"Asymmetric Filling (eta=0.8, beta->0)",1.6585858585858586,902181.1989265776,2,0.00020770450534376384,6.611439745583402e-05,-0.4144724881531666,0.4144724881531666,False,1.5135720702011874,-0.00031437574266411915,1358265124979199.2,4.7520469788564536e+16,CONVERGED
S4,S4_eta08_cons,"Asymmetric Filling (eta=0.8, beta->0)",1.6585858585858586,902181.1989265776,3,7.0845279142972365e-06,2.2550752740658413e-06,3.5264358209820257,3.5264358209820257,False,0.029409550189521832,-2.0835277926807879e-07,1358265124979199.2,4.7520469788564536e+16,CONVERGED
S4,S4_eta08_cons,"Asymmetric Filling (eta=0.8, beta->0)",1.6585858585858586,902181.1989265776,4,4.646571241122063e-05,1.4790495629064388e-05,0.4144689106747781,0.4144689106747781,False,0.6606910728087576,-3.0699481403886595e-05,1358265124979199.2,4.7520469788564536e+16,CONVERGED
S4,S4_eta08_cons,"Asymmetric Filling (eta=0.8, beta->0)",1.6762626262626263,911796.4065887061,0,3.1415918153066675,0.9999997331661937,0.3019533356373237,0.3019533356373237,False,-0.7393725664338625,-6.198035461975399e-07,1387371464737125.5,1.1256931099002304e+16,CONVERGED
S4,S4_eta08_cons,"Asymmetric Filling (eta=0.8, beta->0)",1.6762626262626263,911796.4065887061,1,3.1415926431730465,0.9999999966842466,-0.3019375299049122,0.3019375299049122,False,-1.3524767347201763,-1.4088407313149276e-08,1387371464737125.5,1.1256931099002304e+16,CONVERGED
S4,S4_eta08_cons,"Asymmetric Filling (eta=0.8, beta->0)",1.6762626262626263,911796.4065887061,2,1.904563693085316e-06,6.062414523757669e-07,-0.4871158989458807,0.4871158989458807,False,1.6276152373348383,-3.0998968873441207e-06,1387371464737125.5,1.1256931099002304e+16,CONVERGED
S4,S4_eta08_cons,"Asymmetric Filling (eta=0.8, beta->0)",1.6762626262626263,911796.4065887061,3,1.1246195836343633e-06,3.5797753166671623e-07,3.53304282775525,3.53304282775525,False,0.02921588158234895,-3.285675258066599e-08,1387371464737125.5,1.1256931099002304e+16,CONVERGED
S4,S4_eta08_cons,"Asymmetric Filling (eta=0.8, beta->0)",1.6762626262626263,911796.4065887061,4,6.511778816736802e-07,2.0727635740095105e-07,0.4871173829087997,0.4871173829087997,False,0.6143949092499393,4.0008037551652504e-07,1387371464737125.5,1.1256931099002304e+16,CONVERGED
S4,S4_eta08_cons,"Asymmetric Filling (eta=0.8, beta->0)",1.6939393939393939,921411.6142508347,0,3.141592202531796,0.9999998564237803,0.32772728089418557,0.32772728089418557,False,-0.720559503255015,3.250141266238038e-07,1416786367842471.5,1.2502564105609826e+16,CONVERGED
S4,S4_eta08_cons,"Asymmetric Filling (eta=0.8, beta->0)",1.6939393939393939,921411.6142508347,1,3.141592625516358,0.9999999910639481,-0.32771100289629196,0.32771100289629196,False,-1.3877878476617405,3.8959972447435834e-08,1416786367842471.5,1.2502564105609826e+16,CONVERGED
S4,S4_eta08_cons,"Asymmetric Filling (eta=0.8, beta->0)",1.6939393939393939,921411.6142508347,2,8.856197394824219e-06,2.8190151847676804e-06,-0.5457464665757785,0.5457464665757785,False,1.7258962254286256,1.5284877655777557e-05,1416786367842471.5,1.2502564105609826e+16,CONVERGED
S4,S4_eta08_cons,"Asymmetric Filling (eta=0.8, beta->0)",1.6939393939393939,921411.6142508347,3,8.393799662079866e-07,2.671829415086183e-07,3.5396499808954722,3.5396499808954722,False,0.029023484078419183,2.4361731084987253e-08,1416786367842471.5,1.2502564105609826e+16,CONVERGED
S4,S4_eta08_cons,"Asymmetric Filling (eta=0.8, beta->0)",1.6939393939393939,921411.6142508347,4,4.852466920203147e-06,1.544588193080473e-06,0.5457402077467985,0.5457402077467985,False,0.5794127387637259,2.8115811480173554e-06,1416786367842471.5,1.2502564105609826e+16,CONVERGED
S4,S4_eta08_cons,"Asymmetric Filling (eta=0.8, beta->0)",1.7116161616161616,931026.8219129633,0,3.141592410268558,0.9999999225484453,0.3497199348562763,0.3497199348562763,False,-0.7048854759290285,-1.71513604798562e-07,1446509834295246.2,8974513790206914.0,CONVERGED
S4,S4_eta08_cons,"Asymmetric Filling (eta=0.8, beta->0)",1.7116161616161616,931026.8219129633,1,3.1415926355580313,0.9999999942603119,-0.34970204344578604,0.34970204344578604,False,-1.4186447911010918,-2.558066543536205e-08,1446509834295246.2,8974513790206914.0,CONVERGED
S4,S4_eta08_cons,"Asymmetric Filling (eta=0.8, beta->0)",1.7116161616161616,931026.8219129633,2,4.668075315867084e-06,1.485894522491014e-06,-0.594532156829882,0.594532156829882,False,1.8121829291802583,-8.459406399603518e-06,1446509834295246.2,8974513790206914.0,CONVERGED
S4,S4_eta08_cons,"Asymmetric Filling (eta=0.8, beta->0)",1.7116161616161616,931026.8219129633,3,4.6487926684892215e-07,1.4797566651988448e-07,3.5462414229575963,3.5462414229575963,False,0.028832806574905855,-1.3403773981739981e-08,1446509834295246.2,8974513790206914.0,CONVERGED
S4,S4_eta08_cons,"Asymmetric Filling (eta=0.8, beta->0)",1.7116161616161616,931026.8219129633,4,1.0504261652884087e-07,3.3436103311742905e-08,0.5945402336197527,0.5945402336197527,False,0.5518162140972117,-5.7964218971810375e-08,1446509834295246.2,8974513790206914.0,CONVERGED
S4,S4_eta08_cons,"Asymmetric Filling (eta=0.8, beta->0)",1.7292929292929293,940642.0295750919,0,3.1415923623559734,0.999999907297396,0.3686225971133917,0.3686225971133917,False,-0.6916864056431292,-2.0144247418843924e-07,1476541864095445.2,1.1709745935263684e+16,CONVERGED
S4,S4_eta08_cons,"Asymmetric Filling (eta=0.8, beta->0)",1.7292929292929293,940642.0295750919,1,3.141592634736063,0.9999999939986713,-0.36860001502435946,0.36860001502435946,False,-1.4457092260417073,-2.7257011910368407e-08,1476541864095445.2,1.1709745935263684e+16,CONVERGED
S4,S4_eta08_cons,"Asymmetric Filling (eta=0.8, beta->0)",1.7292929292929293,940642.0295750919,2,9.258094119985592e-06,2.9469428856114355e-06,-0.6358200527514868,0.6358200527514868,False,1.888570233748969,-1.7484560976750692e-05,1476541864095445.2,1.1709745935263684e+16,CONVERGED
S4,S4_eta08_cons,"Asymmetric Filling (eta=0.8, beta->0)",1.7292929292929293,940642.0295750919,3,2.970127904899284e-07,9.454210753597917e-08,3.552814266550693,3.552814266550693,False,0.028643914506000002,-8.507608977982249e-09,1476541864095445.2,1.1709745935263684e+16,CONVERGED
S4,S4_eta08_cons,"Asymmetric Filling (eta=0.8, beta->0)",1.7292929292929293,940642.0295750919,4,5.6569311740250195e-06,1.8006571181534413e-06,0.635823034039277,0.635823034039277,False,0.5294995127995427,-2.9953423006187437e-06,1476541864095445.2,1.1709745935263684e+16,CONVERGED
S4,S4_eta08_cons,"Asymmetric Filling (eta=0.8, beta->0)",1.7469696969696968,950257.2372372204,0,3.141592580707402,0.9999999768008143,0.38487415418362586,0.38487415418362586,False,-0.6805362734588334,4.959911091349166e-08,1506882457243075.5,2.4706090773418052e+16,CONVERGED
S4,S4_eta08_cons,"Asymmetric Filling (eta=0.8, beta->0)",1.7469696969696968,950257.2372372204,1,3.1415925953451773,0.999999981460163,-0.38487379906127084,0.38487379906127084,False,-1.46942886643675,-8.55863196367772e-08,1506882457243075.5,2.4706090773418052e+16,CONVERGED
S4,S4_eta08_cons,"Asymmetric Filling (eta=0.8, beta->0)",1.7469696969696968,950257.2372372204,2,9.02225410358701e-07,2.8718726768340196e-07,-0.6709834921010669,0.6709834921010669,False,1.9561602430380993,-1.7648974780029043e-06,1506882457243075.5,2.4706090773418052e+16,CONVERGED
S4,S4_eta08_cons,"Asymmetric Filling (eta=0.8, beta->0)",1.7469696969696968,950257.2372372204,3,2.064489982675691e-07,6.571475714130752e-08,3.5594182134886223,3.5594182134886223,False,0.028455374852658897,5.874583633659689e-09,1506882457243075.5,2.4706090773418052e+16,CONVERGED
S4,S4_eta08_cons,"Asymmetric Filling (eta=0.8, beta->0)",1.7469696969696968,950257.2372372204,4,3.9181297015367765e-06,1.2471794193495011e-06,0.6709861245787347,0.6709861245787347,False,0.511204218098526,-2.0029644304929686e-06,1506882457243075.5,2.4706090773418052e+16,CONVERGED
S4,S4_eta08_cons,"Asymmetric Filling (eta=0.8, beta->0)",1.7646464646464646,959872.4448993491,0,3.1415921524227914,0.9999998404735887,0.39888186473186543,0.39888186473186543,False,-0.6710699737021197,-3.3631812670366485e-07,1537531613738130.2,1.5076941992736806e+16,CONVERGED
S4,S4_eta08_cons,"Asymmetric Filling (eta=0.8, beta->0)",1.7646464646464646,959872.4448993491,1,3.1415925127805315,0.99999995517902,-0.3988511635642023,0.3988511635642023,False,-1.490111819169773,2.0982154526808802e-07,1537531613738130.2,1.5076941992736806e+16,CONVERGED
S4,S4_eta08_cons,"Asymmetric Filling (eta=0.8, beta->0)",1.7646464646464646,959872.4448993491,2,2.947175058485542e-06,9.381149574302395e-07,-0.7009924226094563,0.7009924226094563,False,2.0157521931817795,-5.940774587850071e-06,1537531613738130.2,1.5076941992736806e+16,CONVERGED
S4,S4_eta08_cons,"Asymmetric Filling (eta=0.8, beta->0)",1.7646464646464646,959872.4448993491,3,6.746038013060357e-07,2.147330592128768e-07,3.565918697928912,3.565918697928912,False,0.028271001039976772,-1.9071724768298113e-08,1537531613738130.2,1.5076941992736806e+16,CONVERGED
S4,S4_eta08_cons,"Asymmetric Filling (eta=0.8, beta->0)",1.7646464646464646,959872.4448993491,4,3.072427595935489e-06,9.779840783701632e-07,0.700995487256764,0.700995487256764,False,0.4960912054223653,1.5242043096453726e-06,1537531613738130.2,1.5076941992736806e+16,CONVERGED
S4,S4_eta08_cons,"Asymmetric Filling (eta=0.8, beta->0)",1.7823232323232323,969487.6525614776,0,3.1415924728042364,0.99999994245417,0.41081921242038416,0.41081921242038416,False,-0.6631068022386323,1.1988013252546794e-07,1568489333580604.5,4.364797657074654e+16,CONVERGED
S4,S4_eta08_cons,"Asymmetric Filling (eta=0.8, beta->0)",1.7823232323232323,969487.6525614776,1,3.1415926323472445,0.9999999932382868,-0.41078014873189317,0.41078014873189317,False,-1.507993785765166,-3.20336316754582e-08,1568489333580604.5,4.364797657074654e+16,CONVERGED
S4,S4_eta08_cons,"Asymmetric Filling (eta=0.8, beta->0)",1.7823232323232323,969487.6525614776,2,9.967148899161877e-06,3.1726420316691116e-06,-0.7265024876333882,0.7265024876333882,False,2.0678356645086997,2.0610425967838064e-05,1568489333580604.5,4.364797657074654e+16,CONVERGED
S4,S4_eta08_cons,"Asymmetric Filling (eta=0.8, beta->0)",1.7823232323232323,969487.6525614776,3,2.1804078225691412e-08,6.9404536583623025e-09,-3.572509316094366,3.572509316094366,False,35.60582742211324,7.763522464022255e-07,1568489333580604.5,4.364797657074654e+16,CONVERGED
S4,S4_eta08_cons,"Asymmetric Filling (eta=0.8, beta->0)",1.7823232323232323,969487.6525614776,4,1.23084172756541e-06,3.9178909021160595e-07,0.7265279904512207,0.7265279904512207,False,0.48358509074004147,5.952167085116487e-07,1568489333580604.5,4.364797657074654e+16,CONVERGED
S4,S4_eta08_cons,"Asymmetric Filling (eta=0.8, beta->0)",1.8,979102.8602236061,0,3.141591447868418,0.9999996162069663,0.42088407368503344,0.42088407368503344,False,-0.6564661987050853,7.91515327913157e-07,1599755616770511.0,1.656879099349932e+16,CONVERGED
S4,S4_eta08_cons,"Asymmetric Filling (eta=0.8, beta->0)",1.8,979102.8602236061,1,3.141592555528809,0.9999999687862193,-0.42084424142862775,0.42084424142862775,False,-1.5232470011534964,-1.4937110030476744e-07,1599755616770511.0,1.656879099349932e+16,CONVERGED
S4,S4_eta08_cons,"Asymmetric Filling (eta=0.8, beta->0)",1.8,979102.8602236061,2,1.2536703008470585e-05,3.990556507746258e-06,-0.7479936073465646,0.7479936073465646,False,2.1127567414273845,2.6487003797806845e-05,1599755616770511.0,1.656879099349932e+16,CONVERGED
S4,S4_eta08_cons,"Asymmetric Filling (eta=0.8, beta->0)",1.8,979102.8602236061,3,1.941393136535342e-06,6.179646283285572e-07,3.5789640717804008,3.5789640717804008,False,0.027904590440189156,5.417378035848101e-08,1599755616770511.0,1.656879099349932e+16,CONVERGED
S4,S4_eta08_cons,"Asymmetric Filling (eta=0.8, beta->0)",1.8,979102.8602236061,4,3.1691040442354063e-06,1.008757147625163e-06,0.747994589091277,0.747994589091277,False,0.47331479226357187,-1.4999838223639483e-06,1599755616770511.0,1.656879099349932e+16,CONVERGED
S4,S4_eta02_dpl,"Asymmetric Filling (eta=0.2, DPL)",0.05,27197.301672877948,0,3.527778576127699e-09,1.122926797048823e-09,2.8476780759826803,2.8476780759826803,False,0.0579787870424427,-2.045363227981996e-10,4069175047042571.5,6.735913733691772e+16,CONVERGED
S4,S4_eta02_dpl,"Asymmetric Filling (eta=0.2, DPL)",0.05,27197.301672877948,1,0.1315441396155308,0.04187180010916428,-2.562014501687641e-05,2.562014501687641e-05,True,0.9913859375817443,0.13116845797677734,4069175047042571.5,6.735913733691772e+16,CONVERGED
S4,S4_eta02_dpl,"Asymmetric Filling (eta=0.2, DPL)",0.05,27197.301672877948,2,0.1315569411394468,0.04187587496078496,-2.385421518401052e-06,2.385421518401052e-06,True,0.991361224072834,-0.13117810129449772,4069175047042571.5,6.735913733691772e+16,CONVERGED
S4,S4_eta02_dpl,"Asymmetric Filling (eta=0.2, DPL)",0.05,27197.301672877948,3,0.3074548063951642,0.09786590443030412,4.644885266543286e-08,4.644885266543286e-08,True,0.9531068734555164,0.30263376360569766,4069175047042571.5,6.735913733691772e+16,CONVERGED
S4,S4_eta02_dpl,"Asymmetric Filling (eta=0.2, DPL)",0.05,27197.301672877948,4,0.3074549897824106,0.09786596280427765,8.954002476312197e-09,8.954002476312197e-09,True,0.9531068536929258,-0.30263394974055197,4069175047042571.5,6.735913733691772e+16,CONVERGED
S4,S4_eta02_dpl,"Asymmetric Filling (eta=0.2, DPL)",0.06767676767676768,36812.509335006514,0,3.120061756209723e-09,9.93146502505515e-10,2.8569526586823883,2.8569526586823883,False,0.057443543902274144,-1.7922740447063978e-10,1.007278466470619e+16,7.506142281230766e+16,CONVERGED
S4,S4_eta02_dpl,"Asymmetric Filling (eta=0.2, DPL)",0.06767676767676768,36812.509335006514,1,0.1779468587334168,0.056642244350196984,3.4010853450626473e-07,3.4010853450626473e-07,True,0.9842088571558865,0.17700916721759416,1.007278466470619e+16,7.506142281230766e+16,CONVERGED
S4,S4_eta02_dpl,"Asymmetric Filling (eta=0.2, DPL)",0.06767676767676768,36812.509335006514,2,0.17794630142566423,0.05664206695362969,3.721428313772279e-06,3.721428313772279e-06,True,0.984205627884732,-0.17700802018860876,1.007278466470619e+16,7.506142281230766e+16,CONVERGED
S4,S4_eta02_dpl,"Asymmetric Filling (eta=0.2, DPL)",0.06767676767676768,36812.509335006514,3,0.41487258202551797,0.13205804436531798,6.762660280720647e-09,6.762660280720647e-09,True,0.9151676805211735,-0.4030733221191585,1.007278466470619e+16,7.506142281230766e+16,CONVERGED
S4,S4_eta02_dpl,"Asymmetric Filling (eta=0.2, DPL)",0.06767676767676768,36812.509335006514,4,0.4148726443507564,0.13205806420405752,-4.286944629479271e-09,4.286944629479271e-09,True,0.9151676655117719,0.4030733836110032,1.007278466470619e+16,7.506142281230766e+16,CONVERGED
S4,S4_eta02_dpl,"Asymmetric Filling (eta=0.2, DPL)",0.08535353535353535,46427.71699713508,0,8.219347225491834e-08,2.6162994798513615e-08,2.868723590364975,2.868723590364975,False,0.05677134384324322,4.666233875054051e-09,2.016113722121108e+16,7.99509931391875e+16,CONVERGED
S4,S4_eta02_dpl,"Asymmetric Filling (eta=0.2, DPL)",0.08535353535353535,46427.71699713508,1,0.5212075505056888,0.16590551607959814,1.6916639103127519e-06,1.6916639103127519e-06,True,0.8672170722032473,-0.4979268684828432,2.016113722121108e+16,7.99509931391875e+16,CONVERGED
S4,S4_eta02_dpl,"Asymmetric Filling (eta=0.2, DPL)",0.08535353535353535,46427.71699713508,2,0.5212068823045269,0.16590530338456236,2.401648730508227e-05,2.401648730508227e-05,True,0.867198044659064,0.49791517301489285,2.016113722121108e+16,7.99509931391875e+16,CONVERGED
S4,S4_eta02_dpl,"Asymmetric Filling (eta=0.2, DPL)",0.08535353535353535,46427.71699713508,3,0.5212083421299575,0.165905768061429,1.1063714897070518e-06,1.1063714897070518e-06,True,0.8672171856074796,0.497927846426077,2.016113722121108e+16,7.99509931391875e+16,CONVERGED
S4,S4_eta02_dpl,"Asymmetric Filling (eta=0.2, DPL)",0.08535353535353535,46427.71699713508,4,0.04418185139269197,0.014063520088196935,2.85069522122168,2.85069522122168,False,0.057747711566450546,-0.0025530622500560345,2.016113722121108e+16,7.99509931391875e+16,CONVERGED
S4,S4_eta02_dpl,"Asymmetric Filling (eta=0.2, DPL)",0.10303030303030303,56042.924659263655,0,3.1252821303864414e-05,9.948081992155431e-06,2.8776707258884433,2.8776707258884433,False,0.056265668454866025,-1.758460882334928e-06,3.5362837229609884e+16,1.3255189078589582e+17,CONVERGED
S4,S4_eta02_dpl,"Asymmetric Filling (eta=0.2, DPL)",0.10303030303030303,56042.924659263655,1,0.6262580789769568,0.19934413784083452,2.1185792021156982e-07,2.1185792021156982e-07,True,0.8102262076869688,0.5861169411145204,3.5362837229609884e+16,1.3255189078589582e+17,CONVERGED
S4,S4_eta02_dpl,"Asymmetric Filling (eta=0.2, DPL)",0.10303030303030303,56042.924659263655,2,0.6262586721843421,0.1993443266646098,3.7539841165421097e-07,3.7539841165421097e-07,True,0.8102257274932038,-0.586117325892664,3.5362837229609884e+16,1.3255189078589582e+17,CONVERGED
S4,S4_eta02_dpl,"Asymmetric Filling (eta=0.2, DPL)",0.10303030303030303,56042.924659263655,3,2.974920216361516e-05,9.46946515475892e-06,-2.817067424193134,2.817067424193134,False,16.727723348338888,0.0004976364237735643,3.5362837229609884e+16,1.3255189078589582e+17,CONVERGED
S4,S4_eta02_dpl,"Asymmetric Filling (eta=0.2, DPL)",0.10303030303030303,56042.924659263655,4,1.7546476182782695e-08,5.5852168366681536e-09,-2.882790388020395,2.882790388020395,False,17.86405133196581,-3.134511512243456e-07,3.5362837229609884e+16,1.3255189078589582e+17,CONVERGED
S4,S4_eta02_dpl,"Asymmetric Filling (eta=0.2, DPL)",0.12070707070707071,65658.13232139223,0,2.962666102003143e-05,9.430459097291953e-06,2.879579381567972,2.879579381567972,False,0.05615837909178671,-1.6637852612735752e-06,5.668499565097445e+16,4.579290806719692e+16,CONVERGED
S4,S4_eta02_dpl,"Asymmetric Filling (eta=0.2, DPL)",0.12070707070707071,65658.13232139223,1,0.7298655033989631,0.23232340531639903,-4.465811369256581e-07,4.465811369256581e-07,True,0.7452644201249455,0.6667697033147962,5.668499565097445e+16,4.579290806719692e+16,CONVERGED
S4,S4_eta02_dpl,"Asymmetric Filling (eta=0.2, DPL)",0.12070707070707071,65658.13232139223,2,0.7298695057242708,0.2323246792961122,-5.718644831589426e-07,5.718644831589426e-07,True,0.7452618448586104,-0.666772769635624,5.668499565097445e+16,4.579290806719692e+16,CONVERGED
S4,S4_eta02_dpl,"Asymmetric Filling (eta=0.2, DPL)",0.12070707070707071,65658.13232139223,3,2.9408682294347025e-05,9.361074313928862e-06,-2.809324991318649,2.809324991318649,False,16.598710155807677,0.0004881461936088271,5.668499565097445e+16,4.579290806719692e+16,CONVERGED
S4,S4_eta02_dpl,"Asymmetric Filling (eta=0.2, DPL)",0.12070707070707071,65658.13232139223,4,1.229599037897677e-07,3.913935298049081e-08,2.898933112923338,2.898933112923338,False,0.05508195494497684,-6.7728718805867065e-09,5.668499565097445e+16,4.579290806719692e+16,CONVERGED
S4,S4_eta02_dpl,"Asymmetric Filling (eta=0.2, DPL)",0.1383838383838384,75273.3399835208,0,2.8241439543143184e-05,8.989529406644313e-06,2.887789518780253,2.887789518780253,False,0.055699198642615605,-1.5730255514851555e-06,8.509012397136402e+16,1.1607579617781792e+17,CONVERGED
S4,S4_eta02_dpl,"Asymmetric Filling (eta=0.2, DPL)",0.1383838383838384,75273.3399835208,1,0.8319238619012461,0.26480958979536523,3.971282046158198e-06,3.971282046158198e-06,True,0.6734521594828852,0.7392254367615392,8.509012397136402e+16,1.1607579617781792e+17,CONVERGED
S4,S4_eta02_dpl,"Asymmetric Filling (eta=0.2, DPL)",0.1383838383838384,75273.3399835208,2,0.831928167206625,0.26481096021663036,3.209269691752742e-06,3.209269691752742e-06,True,0.6734494900620306,-0.7392288994732323,8.509012397136402e+16,1.1607579617781792e+17,CONVERGED
S4,S4_eta02_dpl,"Asymmetric Filling (eta=0.2, DPL)",0.1383838383838384,75273.3399835208,3,2.840554398393491e-05,9.041765472514981e-06,-2.8217747774873065,2.8217747774873065,False,16.806652280035152,0.00047740210069163974,8.509012397136402e+16,1.1607579617781792e+17,CONVERGED
S4,S4_eta02_dpl,"Asymmetric Filling (eta=0.2, DPL)",0.1383838383838384,75273.3399835208,4,2.7842041321604724e-08,8.862397004204396e-09,-2.9169226240892536,2.9169226240892536,False,18.484316653617814,-5.146411080716536e-07,8.509012397136402e+16,1.1607579617781792e+17,CONVERGED
S4,S4_eta02_dpl,"Asymmetric Filling (eta=0.2, DPL)",0.15606060606060607,84888.54764564935,0,1.0999005389704315e-07,3.5010921537316806e-08,2.936529340269528,2.936529340269528,False,0.053049526459384516,5.834920274480343e-09,1.2153553263944131e+17,9.963171014383203e+16,CONVERGED
S4,S4_eta02_dpl,"Asymmetric Filling (eta=0.2, DPL)",0.15606060606060607,84888.54764564935,1,0.9323524509947545,0.2967770025593186,2.096709360845755e-06,2.096709360845755e-06,True,0.5959453086603085,0.8030224129349319,1.2153553263944131e+17,9.963171014383203e+16,CONVERGED
S4,S4_eta02_dpl,"Asymmetric Filling (eta=0.2, DPL)",0.15606060606060607,84888.54764564935,2,0.9323654455003704,0.2967811388389222,2.40132425655016e-06,2.40132425655016e-06,True,0.5959346922001276,-0.8030299122668836,1.2153553263944131e+17,9.963171014383203e+16,CONVERGED
S4,S4_eta02_dpl,"Asymmetric Filling (eta=0.2, DPL)",0.15606060606060607,84888.54764564935,3,2.803299536624477e-05,8.923179564420105e-06,-2.7427561607629523,2.7427561607629523,False,15.529728587814194,0.0004353448096552727,1.2153553263944131e+17,9.963171014383203e+16,CONVERGED
S4,S4_eta02_dpl,"Asymmetric Filling (eta=0.2, DPL)",0.15606060606060607,84888.54764564935,4,2.8024849015672895e-05,8.920586500496758e-06,2.8725176222805713,2.8725176222805713,False,0.05655635961695282,-1.584983439556147e-06,1.2153553263944131e+17,9.963171014383203e+16,CONVERGED
S4,S4_eta02_dpl,"Asymmetric Filling (eta=0.2, DPL)",0.17373737373737375,94503.75530777793,0,3.8912846751172753e-07,1.2386343820453088e-07,2.9575309733788053,2.9575309733788053,False,0.051947017535229484,2.0214063325289707e-08,1.6693113497916925e+17,1.4349779243294326e+17,CONVERGED
S4,S4_eta02_dpl,"Asymmetric Filling (eta=0.2, DPL)",0.17373737373737375,94503.75530777793,1,1.0311321355739886,0.32821955271500536,-4.496066279421174e-06,4.496066279421174e-06,True,0.5138502468640708,0.857885141479162,1.6693113497916925e+17,1.4349779243294326e+17,CONVERGED
S4,S4_eta02_dpl,"Asymmetric Filling (eta=0.2, DPL)",0.17373737373737375,94503.75530777793,2,1.031137115052477,0.32822113773223627,-2.6762477105728305e-06,2.6762477105728305e-06,True,0.5138450399314967,-0.8578861389762306,1.6693113497916925e+17,1.4349779243294326e+17,CONVERGED
S4,S4_eta02_dpl,"Asymmetric Filling (eta=0.2, DPL)",0.17373737373737375,94503.75530777793,3,3.050370991392338e-05,9.709632430884319e-06,-2.757533656752836,2.757533656752836,False,15.7609231195141,0.0004807666269624205,1.6693113497916925e+17,1.4349779243294326e+17,CONVERGED
S4,S4_eta02_dpl,"Asymmetric Filling (eta=0.2, DPL)",0.17373737373737375,94503.75530777793,4,2.7284267899369895e-05,8.684852209656485e-06,2.882666309728972,2.882666309728972,False,0.055985289508633185,-1.5275176377563745e-06,1.6693113497916925e+17,1.4349779243294326e+17,CONVERGED
S4,S4_eta02_dpl,"Asymmetric Filling (eta=0.2, DPL)",0.19141414141414143,104118.96296990648,0,9.425410527628088e-08,3.0002013522847995e-08,2.9797195523920585,2.9797195523920585,False,0.05080708059129304,-4.788775922832235e-09,2.2213979713109872e+17,7.813308074207042e+16,CONVERGED
S4,S4_eta02_dpl,"Asymmetric Filling (eta=0.2, DPL)",0.19141414141414143,104118.96296990648,1,1.128251717828889,0.3591336758887799,-7.281506920689235e-06,7.281506920689235e-06,True,0.42824344103627077,0.9036714659262495,2.2213979713109872e+17,7.813308074207042e+16,CONVERGED
S4,S4_eta02_dpl,"Asymmetric Filling (eta=0.2, DPL)",0.19141414141414143,104118.96296990648,2,1.1282629421513286,0.3591372487015782,-7.560810073327668e-06,7.560810073327668e-06,True,0.42823341751630856,-0.9036765250114567,2.2213979713109872e+17,7.813308074207042e+16,CONVERGED
S4,S4_eta02_dpl,"Asymmetric Filling (eta=0.2, DPL)",0.19141414141414143,104118.96296990648,3,2.119518684038718e-05,6.746637510807821e-06,-2.6681919278328534,2.6681919278328534,False,14.413884271986271,0.0003055049702862151,2.2213979713109872e+17,7.813308074207042e+16,CONVERGED
S4,S4_eta02_dpl,"Asymmetric Filling (eta=0.2, DPL)",0.19141414141414143,104118.96296990648,4,2.4495001188249093e-05,7.797001040303386e-06,2.864455358139801,2.864455358139801,False,0.05701417496659253,-1.3965622838330406e-06,2.2213979713109872e+17,7.813308074207042e+16,CONVERGED
S4,S4_eta02_dpl,"Asymmetric Filling (eta=0.2, DPL)",0.2090909090909091,113734.17063203505,0,4.1237270454828e-07,1.3126230865006494e-07,3.002897790796767,3.002897790796767,False,0.04964300469335122,-2.047142010730136e-08,2.8796412336091216e+17,7.0626636711627944e+16,CONVERGED
S4,S4_eta02_dpl,"Asymmetric Filling (eta=0.2, DPL)",0.2090909090909091,113734.17063203505,1,1.2237428465161146,0.38952944619277247,9.710573605670234e-07,9.710573605670234e-07,True,0.3401281124379026,0.9403780755720511,2.8796412336091216e+17,7.0626636711627944e+16,CONVERGED
S4,S4_eta02_dpl,"Asymmetric Filling (eta=0.2, DPL)",0.2090909090909091,113734.17063203505,2,1.2237485614523527,0.389531265313476,5.111292305707403e-07,5.111292305707403e-07,True,0.34012289466365747,-0.9403804518744932,2.8796412336091216e+17,7.0626636711627944e+16,CONVERGED
S4,S4_eta02_dpl,"Asymmetric Filling (eta=0.2, DPL)",0.2090909090909091,113734.17063203505,3,2.9541406425227363e-05,9.403321716923224e-06,-2.6321864878170698,2.6321864878170698,False,13.904137912481234,0.0004107477891845063,2.8796412336091216e+17,7.0626636711627944e+16,CONVERGED
S4,S4_eta02_dpl,"Asymmetric Filling (eta=0.2, DPL)",0.2090909090909091,113734.17063203505,4,2.7490370784300896e-05,8.750456795501023e-06,2.861096229481182,2.861096229481182,False,0.05720601493840806,-1.572614562145246e-06,2.8796412336091216e+17,7.0626636711627944e+16,CONVERGED
S4,S4_eta02_dpl,"Asymmetric Filling (eta=0.2, DPL)",0.22676767676767678,123349.37829416365,0,2.121615116443787e-05,6.7533106624103164e-06,-2.5883950897944623,2.5883950897944623,False,13.308395671528366,0.00028235293436566116,3.653146723654493e+17,3.932221333779629e+16,CONVERGED
S4,S4_eta02_dpl,"Asymmetric Filling (eta=0.2, DPL)",0.22676767676767678,123349.37829416365,1,1.3176506122077367,0.41942121640184676,-1.3168957277829884e-07,1.3168957277829884e-07,True,0.25045068505369034,-0.9681294943009006,3.653146723654493e+17,3.932221333779629e+16,CONVERGED
S4,S4_eta02_dpl,"Asymmetric Filling (eta=0.2, DPL)",0.22676767676767678,123349.37829416365,2,1.3176652300244551,0.41942586939742266,7.546942850400219e-07,7.546942850400219e-07,True,0.2504363111046232,0.9681322971024556,3.653146723654493e+17,3.932221333779629e+16,CONVERGED
S4,S4_eta02_dpl,"Asymmetric Filling (eta=0.2, DPL)",0.22676767676767678,123349.37829416365,3,2.3292487562109008e-07,7.414229064832279e-08,-3.0268927527325524,3.0268927527325524,False,20.633020982315646,4.805943845993301e-06,3.653146723654493e+17,3.932221333779629e+16,CONVERGED
S4,S4_eta02_dpl,"Asymmetric Filling (eta=0.2, DPL)",0.22676767676767678,123349.37829416365,4,2.389931260474023e-05,7.607387475085697e-06,2.855528631435251,2.855528631435251,False,0.05752540332873985,-1.3748175971290727e-06,3.653146723654493e+17,3.932221333779629e+16,CONVERGED
S4,S4_eta02_dpl,"Asymmetric Filling (eta=0.2, DPL)",0.24444444444444446,132964.58595629223,0,1.861585490556019e-05,5.925610656202826e-06,-2.540130740303482,2.540130740303482,False,12.681328821039003,0.0002360737773694312,4.5479555057965357e+17,1.5356816197085706e+17,CONVERGED
S4,S4_eta02_dpl,"Asymmetric Filling (eta=0.2, DPL)",0.24444444444444446,132964.58595629223,1,1.4100692708928866,0.44883898912917547,-1.4621788598751204e-05,1.4621788598751204e-05,True,0.16003827389409428,-0.9871256226508326,4.5479555057965357e+17,1.5356816197085706e+17,CONVERGED
S4,S4_eta02_dpl,"Asymmetric Filling (eta=0.2, DPL)",0.24444444444444446,132964.58595629223,2,1.4100506250115232,0.44883305396080087,1.9772492301371923e-05,1.9772492301371923e-05,True,0.16005117475379216,0.9870886876351187,4.5479555057965357e+17,1.5356816197085706e+17,CONVERGED
S4,S4_eta02_dpl,"Asymmetric Filling (eta=0.2, DPL)",0.24444444444444446,132964.58595629223,3,8.469878538600084e-09,2.696046073612324e-09,-3.0515442818045115,3.0515442818045115,False,21.147977655697098,-1.7912080208078296e-07,4.5479555057965357e+17,1.5356816197085706e+17,CONVERGED
S4,S4_eta02_dpl,"Asymmetric Filling (eta=0.2, DPL)",0.24444444444444446,132964.58595629223,4,2.2560717983899542e-05,7.181299573679663e-06,2.8485287402228328,2.8485287402228328,False,0.057929487518513276,-1.306930831078743e-06,4.5479555057965357e+17,1.5356816197085706e+17,CONVERGED
S4,S4_eta02_dpl,"Asymmetric Filling (eta=0.2, DPL)",0.2621212121212121,142579.79361842075,0,2.8163413326984914e-05,8.964692890659622e-06,-2.4912633523884553,2.4912633523884553,False,12.076523386960234,0.00034011611978988505,5.576263772409091e+17,7.923183372018245e+16,CONVERGED
S4,S4_eta02_dpl,"Asymmetric Filling (eta=0.2, DPL)",0.2621212121212121,142579.79361842075,1,1.501011799153919,0.47778689494921084,-4.0937204456999845e-06,4.0937204456999845e-06,True,0.06972818649537968,-0.9975701316110432,5.576263772409091e+17,7.923183372018245e+16,CONVERGED
S4,S4_eta02_dpl,"Asymmetric Filling (eta=0.2, DPL)",0.2621212121212121,142579.79361842075,2,1.501003328636627,0.47778419869981575,-6.83413187006175e-07,6.83413187006175e-07,True,0.06973639860497596,0.9975661389286006,5.576263772409091e+17,7.923183372018245e+16,CONVERGED
S4,S4_eta02_dpl,"Asymmetric Filling (eta=0.2, DPL)",0.2621212121212121,142579.79361842075,3,2.604424290012774e-07,8.29013999328266e-08,-3.076711663320252,3.076711663320252,False,21.686970953187892,-5.6482073927285315e-06,5.576263772409091e+17,7.923183372018245e+16,CONVERGED
S4,S4_eta02_dpl,"Asymmetric Filling (eta=0.2, DPL)",0.2621212121212121,142579.79361842075,4,2.336263719889085e-05,7.436558387732141e-06,2.8411687129674794,2.8411687129674794,False,0.058357423001104886,-1.3633833016850722e-06,5.576263772409091e+17,7.923183372018245e+16,CONVERGED
S4,S4_eta02_dpl,"Asymmetric Filling (eta=0.2, DPL)",0.27979797979797977,152195.0012805493,0,4.7795911294685355e-05,1.5213911084261852e-05,-2.4414525863613727,2.4414525863613727,False,11.489718422139259,0.0005491615629236574,6.734524401256123e+17,1.556179909227509e+17,CONVERGED
S4,S4_eta02_dpl,"Asymmetric Filling (eta=0.2, DPL)",0.27979797979797977,152195.0012805493,1,1.5906419915768946,0.5063170712979994,1.5323605979667455e-05,1.5323605979667455e-05,True,-0.019844058018924547,0.9997877607867598,6.734524401256123e+17,1.556179909227509e+17,CONVERGED
S4,S4_eta02_dpl,"Asymmetric Filling (eta=0.2, DPL)",0.27979797979797977,152195.0012805493,2,1.5906212199937013,0.5063104594977174,2.4052562314268475e-05,2.4052562314268475e-05,True,-0.019823117804111515,-0.9997794456943635,6.734524401256123e+17,1.556179909227509e+17,CONVERGED
S4,S4_eta02_dpl,"Asymmetric Filling (eta=0.2, DPL)",0.27979797979797977,152195.0012805493,3,1.5447951656956078e-06,4.91723573369839e-07,-3.102268231053878,3.102268231053878,False,22.248358509853002,3.4369156670710994e-05,6.734524401256123e+17,1.556179909227509e+17,CONVERGED
S4,S4_eta02_dpl,"Asymmetric Filling (eta=0.2, DPL)",0.27979797979797977,152195.0012805493,4,2.8836318892441506e-05,9.178885384612549e-06,2.8332608688232597,2.8332608688232597,False,0.0588207338792055,-1.6961734400983492e-06,6.734524401256123e+17,1.556179909227509e+17,CONVERGED
S4,S4_eta02_dpl,"Asymmetric Filling (eta=0.2, DPL)",0.29747474747474745,161810.20894267788,0,5.377904231385339e-06,1.7118400837995935e-06,-2.385740945962646,2.385740945962646,False,10.867111624957099,5.8442285591357e-05,8.038778865589847e+17,8.754446635084662e+16,CONVERGED
S4,S4_eta02_dpl,"Asymmetric Filling (eta=0.2, DPL)",0.29747474747474745,161810.20894267788,1,1.6790066328001414,0.5344444101884427,6.900996961039593e-07,6.900996961039593e-07,True,-0.10799917418685952,0.9941502895319785,8.038778865589847e+17,8.754446635084662e+16,CONVERGED
S4,S4_eta02_dpl,"Asymmetric Filling (eta=0.2, DPL)",0.29747474747474745,161810.20894267788,2,1.679001841956267,0.5344428852154742,2.472724298153096e-06,2.472724298153096e-06,True,-0.10799421885347225,-0.9941490347316446,8.038778865589847e+17,8.754446635084662e+16,CONVERGED
S4,S4_eta02_dpl,"Asymmetric Filling (eta=0.2, DPL)",0.29747474747474745,161810.20894267788,3,4.748836650333916e-07,1.5116016536732026e-07,-3.128113864978461,3.128113864978461,False,22.830876790124787,1.084201044602107e-05,8.038778865589847e+17,8.754446635084662e+16,CONVERGED
S4,S4_eta02_dpl,"Asymmetric Filling (eta=0.2, DPL)",0.29747474747474745,161810.20894267788,4,1.6895513869947926e-05,5.3780090969597815e-06,2.8229994023175315,2.8229994023175315,False,0.059427428349768455,-1.0040569400343884e-06,8.038778865589847e+17,8.754446635084662e+16,CONVERGED
S4,S4_eta02_dpl,"Asymmetric Filling (eta=0.2, DPL)",0.3151515151515151,171425.41660480644,0,4.415193533323976e-05,1.4053997510717634e-05,-2.328682098996045,2.328682098996045,False,10.26440513534248,0.0004531933520642993,9.4885044762414e+17,1.4399396645949544e+17,CONVERGED
S4,S4_eta02_dpl,"Asymmetric Filling (eta=0.2, DPL)",0.3151515151515151,171425.41660480644,1,1.7662615176752363,0.5622185026620139,-9.700352346150932e-06,9.700352346150932e-06,True,-0.1942247724488177,0.980966940656051,9.4885044762414e+17,1.4399396645949544e+17,CONVERGED
S4,S4_eta02_dpl,"Asymmetric Filling (eta=0.2, DPL)",0.3151515151515151,171425.41660480644,2,1.7662530162516625,0.5622157965748437,-3.2261459759399435e-07,3.2261459759399435e-07,True,-0.19421461152409114,-0.9809593925846012,9.4885044762414e+17,1.4399396645949544e+17,CONVERGED
S4,S4_eta02_dpl,"Asymmetric Filling (eta=0.2, DPL)",0.3151515151515151,171425.41660480644,3,2.968666461954235e-06,9.449558836222891e-07,3.1541475113041066,3.1541475113041066,False,0.042674765245177076,1.2668714435549954e-07,9.4885044762414e+17,1.4399396645949544e+17,CONVERGED
S4,S4_eta02_dpl,"Asymmetric Filling (eta=0.2, DPL)",0.3151515151515151,171425.41660480644,4,2.980170707381186e-05,9.486177986747723e-06,2.811750863222097,2.811750863222097,False,0.0600996738847507,-1.7910728768752031e-06,9.4885044762414e+17,1.4399396645949544e+17,CONVERGED
S4,S4_eta02_dpl,"Asymmetric Filling (eta=0.2, DPL)",0.3328282828282828,181040.62426693502,0,7.013965501332489e-06,2.232614560426179e-06,-2.2686142598625745,2.2686142598625745,False,9.665996968888681,-6.779696927688139e-05,1.1084373118402094e+18,1.7163781346991027e+17,CONVERGED
S4,S4_eta02_dpl,"Asymmetric Filling (eta=0.2, DPL)",0.3328282828282828,181040.62426693502,1,1.8525106677607153,0.5896724598091714,1.2112034037093832e-06,1.2112034037093832e-06,True,-0.278002481647966,0.9605790950222157,1.1084373118402094e+18,1.7163781346991027e+17,CONVERGED
S4,S4_eta02_dpl,"Asymmetric Filling (eta=0.2, DPL)",0.3328282828282828,181040.62426693502,2,1.852488559695271,0.5896654225933761,9.777502908023153e-06,9.777502908023153e-06,True,-0.2779788637741291,-0.9605770122588954,1.1084373118402094e+18,1.7163781346991027e+17,CONVERGED
S4,S4_eta02_dpl,"Asymmetric Filling (eta=0.2, DPL)",0.3328282828282828,181040.62426693502,3,3.912997455476981e-06,1.2455457746903403e-06,3.1802853385104353,3.1802853385104353,False,0.04157379082471794,1.6267813771248382e-07,1.1084373118402094e+18,1.7163781346991027e+17,CONVERGED
S4,S4_eta02_dpl,"Asymmetric Filling (eta=0.2, DPL)",0.3328282828282828,181040.62426693502,4,1.2022276954868848e-05,3.8268096091743126e-06,2.7987900560698042,2.7987900560698042,False,0.060883683916824784,-7.319605101160264e-07,1.1084373118402094e+18,1.7163781346991027e+17,CONVERGED
S4,S4_eta02_dpl,"Asymmetric Filling (eta=0.2, DPL)",0.3505050505050505,190655.83192906357,0,6.803288218448357e-06,2.165553898489821e-06,-2.206027886571262,2.206027886571262,False,9.079579550663805,6.177099658644871e-05,1.2891036914680484e+18,3.6758907687881434e+17,CONVERGED
S4,S4_eta02_dpl,"Asymmetric Filling (eta=0.2, DPL)",0.3505050505050505,190655.83192906357,1,1.9378810935658297,0.6168467103306591,-5.351978864998007e-06,5.351978864998007e-06,True,-0.35889786835652343,-0.933382571137988,1.2891036914680484e+18,3.6758907687881434e+17,CONVERGED
S4,S4_eta02_dpl,"Asymmetric Filling (eta=0.2, DPL)",0.3505050505050505,190655.83192906357,2,1.937867879801373,0.6168425042587988,1.3892229627180644e-06,1.3892229627180644e-06,True,-0.3588831155160798,0.9333810213173431,1.2891036914680484e+18,3.6758907687881434e+17,CONVERGED
S4,S4_eta02_dpl,"Asymmetric Filling (eta=0.2, DPL)",0.3505050505050505,190655.83192906357,3,3.3890213092284776e-06,1.078758987214958e-06,3.206460660610134,3.206460660610134,False,0.040499702093373224,-1.3725435341237251e-07,1.2891036914680484e+18,3.6758907687881434e+17,CONVERGED
S4,S4_eta02_dpl,"Asymmetric Filling (eta=0.2, DPL)",0.3505050505050505,190655.83192906357,4,1.6748455056086667e-05,5.331198822657281e-06,2.784124802330794,2.784124802330794,False,0.06178313782537873,-1.0347721071891187e-06,1.2891036914680484e+18,3.6758907687881434e+17,CONVERGED
S4,S4_eta02_dpl,"Asymmetric Filling (eta=0.2, DPL)",0.36818181818181817,200271.03959119215,0,4.5502539080451454e-05,1.448390803577199e-05,-2.139850500088124,2.139850500088124,False,8.498167049889393,-0.00038668817856667376,1.4812207040448358e+18,5.41966687376144e+16,CONVERGED
S4,S4_eta02_dpl,"Asymmetric Filling (eta=0.2, DPL)",0.36818181818181817,200271.03959119215,1,2.0225285824901515,0.6437908428959036,-5.122282355376566e-06,5.122282355376566e-06,True,-0.43652692135838383,0.8996968887056117,1.4812207040448358e+18,5.41966687376144e+16,CONVERGED
S4,S4_eta02_dpl,"Asymmetric Filling (eta=0.2, DPL)",0.36818181818181817,200271.03959119215,2,2.022526690363926,0.6437902406134202,1.065402829662624e-05,1.065402829662624e-05,True,-0.43651833231438547,-0.8996835208693608,1.4812207040448358e+18,5.41966687376144e+16,CONVERGED
S4,S4_eta02_dpl,"Asymmetric Filling (eta=0.2, DPL)",0.36818181818181817,200271.03959119215,3,3.490002943694881e-05,1.1109024397886121e-05,3.232570490329407,3.232570490329407,False,0.03945594717088936,1.3770137182858091e-06,1.4812207040448358e+18,5.41966687376144e+16,CONVERGED
S4,S4_eta02_dpl,"Asymmetric Filling (eta=0.2, DPL)",0.36818181818181817,200271.03959119215,4,2.781914248240209e-06,8.855108077304065e-07,2.7671650350776744,2.7671650350776744,False,0.06283990137352516,1.7481521698947007e-07,1.4812207040448358e+18,5.41966687376144e+16,CONVERGED
S4,S4_eta02_dpl,"Asymmetric Filling (eta=0.2, DPL)",0.38585858585858585,209886.2472533207,0,4.3401042767785366e-05,1.3814980983671592e-05,-2.0707759966736954,2.0707759966736954,False,7.930975133424965,0.0003442125911721446,1.6896742116944788e+18,2.2787167482824106e+17,CONVERGED
S4,S4_eta02_dpl,"Asymmetric Filling (eta=0.2, DPL)",0.38585858585858585,209886.2472533207,1,2.106653016691633,0.670568481971853,4.626529181529469e-06,4.626529181529469e-06,True,-0.510575473493296,0.8598275599511468,1.6896742116944788e+18,2.2787167482824106e+17,CONVERGED
S4,S4_eta02_dpl,"Asymmetric Filling (eta=0.2, DPL)",0.38585858585858585,209886.2472533207,2,2.106646104120999,0.6705662816322813,7.37923577153092e-06,7.37923577153092e-06,True,-0.510568124416181,-0.8598287224601803,1.6896742116944788e+18,2.2787167482824106e+17,CONVERGED
S4,S4_eta02_dpl,"Asymmetric Filling (eta=0.2, DPL)",0.38585858585858585,209886.2472533207,3,3.7303660491123145e-07,1.1874123925168178e-07,-3.2587250871348417,3.2587250871348417,False,26.016347413983617,-9.705049911503994e-06,1.6896742116944788e+18,2.2787167482824106e+17,CONVERGED
S4,S4_eta02_dpl,"Asymmetric Filling (eta=0.2, DPL)",0.38585858585858585,209886.2472533207,4,3.143118359461516e-05,1.000485647262378e-05,2.747979905654942,2.747979905654942,False,0.06405713201166374,-2.013391477466126e-06,1.6896742116944788e+18,2.2787167482824106e+17,CONVERGED
S4,S4_eta02_dpl,"Asymmetric Filling (eta=0.2, DPL)",0.4035353535353535,219501.45491544926,0,4.6919177232306965e-05,1.4934837964652733e-05,-1.9984331240220783,1.9984331240220783,False,7.377487422010759,-0.00034614564013644094,1.9140763683400274e+18,1.131159831811928e+17,CONVERGED
S4,S4_eta02_dpl,"Asymmetric Filling (eta=0.2, DPL)",0.4035353535353535,219501.45491544926,1,2.1904158666666835,0.6972310252138413,3.1208248568318594e-06,3.1208248568318594e-06,True,-0.5807236578507563,-0.8140969178065982,1.9140763683400274e+18,1.131159831811928e+17,CONVERGED
S4,S4_eta02_dpl,"Asymmetric Filling (eta=0.2, DPL)",0.4035353535353535,219501.45491544926,2,2.190404895409346,0.6972275329541668,4.700429361237634e-06,4.700429361237634e-06,True,-0.5807138088501502,0.8141020030660879,1.9140763683400274e+18,1.131159831811928e+17,CONVERGED
S4,S4_eta02_dpl,"Asymmetric Filling (eta=0.2, DPL)",0.4035353535353535,219501.45491544926,3,2.3818331644492555e-06,7.581610434846205e-07,-3.2847018553948835,3.2847018553948835,False,26.701022362195,-6.359738058709752e-05,1.9140763683400274e+18,1.131159831811928e+17,CONVERGED
S4,S4_eta02_dpl,"Asymmetric Filling (eta=0.2, DPL)",0.4035353535353535,219501.45491544926,4,5.258266837109018e-06,1.6737583184441726e-06,2.7262190764498957,2.7262190764498957,False,0.06546634557087878,3.442395138652434e-07,1.9140763683400274e+18,1.131159831811928e+17,CONVERGED
S4,S4_eta02_dpl,"Asymmetric Filling (eta=0.2, DPL)",0.4212121212121212,229116.66257757787,0,5.822512441628909e-05,1.8533632725986033e-05,-1.9225019774042986,1.9225019774042986,False,6.838045708709794,0.00039814606260382647,2.1620626912267958e+18,7.84851754625035e+16,CONVERGED
S4,S4_eta02_dpl,"Asymmetric Filling (eta=0.2, DPL)",0.4212121212121212,229116.66257757787,1,2.2740723989937095,0.7238597264973875,-5.238353966264846e-06,5.238353966264846e-06,True,-0.646723291660405,-0.7627315784643666,2.1620626912267958e+18,7.84851754625035e+16,CONVERGED
S4,S4_eta02_dpl,"Asymmetric Filling (eta=0.2, DPL)",0.4212121212121212,229116.66257757787,2,2.2740651180268507,0.7238574088936554,-7.008824498181104e-07,7.008824498181104e-07,True,-0.6467148037632591,0.7627328263286768,2.1620626912267958e+18,7.84851754625035e+16,CONVERGED
S4,S4_eta02_dpl,"Asymmetric Filling (eta=0.2, DPL)",0.4212121212121212,229116.66257757787,3,4.779871984006924e-07,1.5214805072023338e-07,-3.310530204941911,3.310530204941911,False,27.399649050656528,-1.30966814868865e-05,2.1620626912267958e+18,7.84851754625035e+16,CONVERGED
S4,S4_eta02_dpl,"Asymmetric Filling (eta=0.2, DPL)",0.4212121212121212,229116.66257757787,4,3.8361902226594034e-05,1.2210972731540854e-05,2.7015190951077153,2.7015190951077153,False,0.06710349862890795,-2.574217854727324e-06,2.1620626912267958e+18,7.84851754625035e+16,CONVERGED
S4,S4_eta02_dpl,"Asymmetric Filling (eta=0.2, DPL)",0.4388888888888889,238731.87023970645,0,3.316190319197195e-05,1.0555761630674476e-05,-1.8426710715100287,1.8426710715100287,False,6.313379243241736,0.00020936367135533415,2.424069292530948e+18,8.174278504312765e+16,CONVERGED
S4,S4_eta02_dpl,"Asymmetric Filling (eta=0.2, DPL)",0.4388888888888889,238731.87023970645,1,2.357952977163644,0.7505597437876899,-1.8364635247348322e-06,1.8364635247348322e-06,True,-0.7083504261817307,-0.7058635467722888,2.424069292530948e+18,8.174278504312765e+16,CONVERGED
S4,S4_eta02_dpl,"Asymmetric Filling (eta=0.2, DPL)",0.4388888888888889,238731.87023970645,2,2.3579280743843123,0.7505518169868352,8.587212810988047e-06,8.587212810988047e-06,True,-0.7083254646040835,0.7058738286090984,2.424069292530948e+18,8.174278504312765e+16,CONVERGED
S4,S4_eta02_dpl,"Asymmetric Filling (eta=0.2, DPL)",0.4388888888888889,238731.87023970645,3,3.749388645266012e-06,1.1934674729334215e-06,3.3361713479485133,3.3361713479485133,False,0.03557289356169272,-1.333766032000921e-07,2.424069292530948e+18,8.174278504312765e+16,CONVERGED
S4,S4_eta02_dpl,"Asymmetric Filling (eta=0.2, DPL)",0.4388888888888889,238731.87023970645,4,2.7336138639599418e-05,8.701363179075213e-06,2.6734896217975512,2.6734896217975512,False,0.06901098237665651,-1.8864937823731377e-06,2.424069292530948e+18,8.174278504312765e+16,CONVERGED
S4,S4_eta02_dpl,"Asymmetric Filling (eta=0.2, DPL)",0.45656565656565656,248347.077901835,0,4.49767126270198e-05,1.4316532277227733e-05,-1.7585170249550233,1.7585170249550233,False,5.803824077167356,0.00026103692783255213,2.718356898650342e+18,8.396375167707077e+16,CONVERGED
S4,S4_eta02_dpl,"Asymmetric Filling (eta=0.2, DPL)",0.45656565656565656,248347.077901835,1,2.442462847581878,0.7774600710219248,1.563454712594262e-06,1.563454712594262e-06,True,-0.7654012953199626,0.6435508761690772,2.718356898650342e+18,8.396375167707077e+16,CONVERGED
S4,S4_eta02_dpl,"Asymmetric Filling (eta=0.2, DPL)",0.45656565656565656,248347.077901835,2,2.442471129431056,0.7774627072163941,9.218746549174885e-06,9.218746549174885e-06,True,-0.7654007656963473,-0.6435396107065333,2.718356898650342e+18,8.396375167707077e+16,CONVERGED
S4,S4_eta02_dpl,"Asymmetric Filling (eta=0.2, DPL)",0.45656565656565656,248347.077901835,3,2.541936564044175e-06,8.091235383873173e-07,-3.361609539560819,3.361609539560819,False,28.835565531701,-7.329817837008056e-05,2.718356898650342e+18,8.396375167707077e+16,CONVERGED
S4,S4_eta02_dpl,"Asymmetric Filling (eta=0.2, DPL)",0.45656565656565656,248347.077901835,4,3.585452095588531e-05,1.1412848484642191e-05,2.6416555673490603,2.6416555673490603,False,0.07124322386594789,-2.5543916641610535e-06,2.718356898650342e+18,8.396375167707077e+16,CONVERGED
S4,S4_eta02_dpl,"Asymmetric Filling (eta=0.2, DPL)",0.4742424242424242,257962.28556396352,0,6.412332706309694e-05,2.041108893918037e-05,-1.6695387337090777,1.6695387337090777,False,5.309718027367388,0.0003404767861483585,3.0177011697999887e+18,5.998645761920698e+16,CONVERGED
S4,S4_eta02_dpl,"Asymmetric Filling (eta=0.2, DPL)",0.4742424242424242,257962.28556396352,1,2.5282921011293173,0.80478037094985,-6.4061332794851115e-06,6.4061332794851115e-06,True,-0.8177580163496472,0.5755733133533265,3.0177011697999887e+18,5.998645761920698e+16,CONVERGED
S4,S4_eta02_dpl,"Asymmetric Filling (eta=0.2, DPL)",0.4742424242424242,257962.28556396352,2,2.528276747779171,0.8047754838267124,-2.653351773916623e-06,2.653351773916623e-06,True,-0.8177461104464118,-0.5755837085666978,3.0177011697999887e+18,5.998645761920698e+16,CONVERGED
S4,S4_eta02_dpl,"Asymmetric Filling (eta=0.2, DPL)",0.4742424242424242,257962.28556396352,3,3.066650338923568e-06,9.76145120348244e-07,-3.3868251713682547,3.3868251713682547,False,29.571917307006384,9.068673023243514e-05,3.0177011697999887e+18,5.998645761920698e+16,CONVERGED
S4,S4_eta02_dpl,"Asymmetric Filling (eta=0.2, DPL)",0.4742424242424242,257962.28556396352,4,4.729095434787363e-05,1.5053178295994496e-05,2.605460493192123,2.605460493192123,False,0.07386911305792279,-3.4933408559443517e-06,3.0177011697999887e+18,5.998645761920698e+16,CONVERGED
S4,S4_eta02_dpl,"Asymmetric Filling (eta=0.2, DPL)",0.49191919191919187,267577.4932260921,0,3.105588249905567e-05,9.885394423611587e-06,-1.5753469718359423,1.5753469718359423,False,4.8324180378869315,0.0001500750068191812,3.335318823089541e+18,2.210886277992875e+17,CONVERGED
S4,S4_eta02_dpl,"Asymmetric Filling (eta=0.2, DPL)",0.49191919191919187,267577.4932260921,1,2.6163774759085596,0.8328188165702871,5.262294427508189e-06,5.262294427508189e-06,True,-0.8652115187290206,-0.501396552964966,3.335318823089541e+18,2.210886277992875e+17,CONVERGED
S4,S4_eta02_dpl,"Asymmetric Filling (eta=0.2, DPL)",0.49191919191919187,267577.4932260921,2,2.616373353246508,0.8328175042861987,8.367805643413086e-06,8.367805643413086e-06,True,-0.8652067647196421,0.5013985628341217,3.335318823089541e+18,2.210886277992875e+17,CONVERGED
S4,S4_eta02_dpl,"Asymmetric Filling (eta=0.2, DPL)",0.49191919191919187,267577.4932260921,3,3.511838993692144e-08,1.1178530703779444e-08,3.411776479923135,3.411776479923135,False,0.032982555452969985,1.1582942435135349e-09,3.335318823089541e+18,2.210886277992875e+17,CONVERGED
S4,S4_eta02_dpl,"Asymmetric Filling (eta=0.2, DPL)",0.49191919191919187,267577.4932260921,4,2.862732308507861e-05,9.112359952957975e-06,2.56436477429837,2.56436477429837,False,0.07696805797347715,-2.203389463439701e-06,3.335318823089541e+18,2.210886277992875e+17,CONVERGED
S4,S4_eta02_dpl,"Asymmetric Filling (eta=0.2, DPL)",0.5095959595959596,277192.70088822074,0,9.851160023849298e-05,3.135721625969778e-05,-1.4748129217760433,1.4748129217760433,False,4.370218102599596,0.00043051718007097305,3.6315091840898995e+18,7.410674119930654e+16,CONVERGED
S4,S4_eta02_dpl,"Asymmetric Filling (eta=0.2, DPL)",0.5095959595959596,277192.70088822074,1,2.7085912213411896,0.8621713633835286,-5.182086734966084e-06,5.182086734966084e-06,True,-0.9077151516807104,0.41959929413244146,3.6315091840898995e+18,7.410674119930654e+16,CONVERGED
S4,S4_eta02_dpl,"Asymmetric Filling (eta=0.2, DPL)",0.5095959595959596,277192.70088822074,2,2.7085920180164877,0.8621716169731521,-2.6447083308868434e-07,2.6447083308868434e-07,True,-0.9077110221796826,-0.41959650755853756,3.6315091840898995e+18,7.410674119930654e+16,CONVERGED
S4,S4_eta02_dpl,"Asymmetric Filling (eta=0.2, DPL)",0.5095959595959596,277192.70088822074,3,1.0773340486191386e-06,3.429260783978804e-07,-3.4364902998081486,3.4364902998081486,False,31.077693151111212,3.348105698424287e-05,3.6315091840898995e+18,7.410674119930654e+16,CONVERGED
S4,S4_eta02_dpl,"Asymmetric Filling (eta=0.2, DPL)",0.5095959595959596,277192.70088822074,4,6.808044475947224e-05,2.1670678622729457e-05,2.517346222858899,2.517346222858899,False,0.0806734119982591,-5.492281777591102e-06,3.6315091840898995e+18,7.410674119930654e+16,CONVERGED
S4,S4_eta02_dpl,"Asymmetric Filling (eta=0.2, DPL)",0.5272727272727272,286807.90855034924,0,7.109614217649631e-06,2.263060492430714e-06,-1.3671988649026503,1.3671988649026503,False,3.9243426710971434,2.7900562449831474e-05,4.041134879777252e+18,5.39237890421474e+16,CONVERGED
S4,S4_eta02_dpl,"Asymmetric Filling (eta=0.2, DPL)",0.5272727272727272,286807.90855034924,1,2.808817573227583,0.8940744020451031,-7.54610664871808e-06,7.54610664871808e-06,True,-0.945146588620717,0.32666958589040185,4.041134879777252e+18,5.39237890421474e+16,CONVERGED
S4,S4_eta02_dpl,"Asymmetric Filling (eta=0.2, DPL)",0.5272727272727272,286807.90855034924,2,2.8088109722602765,0.8940723008919511,-4.766343104303248e-07,4.766343104303248e-07,True,-0.9451377506160675,-0.3266735153474725,4.041134879777252e+18,5.39237890421474e+16,CONVERGED
S4,S4_eta02_dpl,"Asymmetric Filling (eta=0.2, DPL)",0.5272727272727272,286807.90855034924,3,4.16484660454603e-07,1.325711848665994e-07,-3.460918854604671,3.460918854604671,False,31.846225125594692,1.326346425819492e-05,4.041134879777252e+18,5.39237890421474e+16,CONVERGED
S4,S4_eta02_dpl,"Asymmetric Filling (eta=0.2, DPL)",0.5272727272727272,286807.90855034924,4,1.666407147845572e-05,5.304338695665793e-06,2.463513873126388,2.463513873126388,False,0.08513527020566297,-1.4187002281761295e-06,4.041134879777252e+18,5.39237890421474e+16,CONVERGED
S4,S4_eta02_dpl,"Asymmetric Filling (eta=0.2, DPL)",0.544949494949495,296423.11621247785,0,0.0008682735433067439,0.0002763800527463663,-1.251185887661104,1.251185887661104,False,3.4944832501207514,0.0030341681160938314,4.426367991816099e+18,1.4324672049336773e+17,CONVERGED
S4,S4_eta02_dpl,"Asymmetric Filling (eta=0.2, DPL)",0.544949494949495,296423.11621247785,1,2.9286802188287457,0.9322278671240972,-2.0263891682718577e-05,2.0263891682718577e-05,True,-0.9774394482890187,-0.21131174490095386,4.426367991816099e+18,1.4324672049336773e+17,CONVERGED
S4,S4_eta02_dpl,"Asymmetric Filling (eta=0.2, DPL)",0.544949494949495,296423.11621247785,2,2.9286441368764766,0.9322163818819772,3.299935807786881e-05,3.299935807786881e-05,True,-0.9773797633035904,0.21133575595797588,4.426367991816099e+18,1.4324672049336773e+17,CONVERGED
S4,S4_eta02_dpl,"Asymmetric Filling (eta=0.2, DPL)",0.544949494949495,296423.11621247785,3,8.078236840127196e-06,2.5713826491465927e-06,-3.4850617816251783,3.4850617816251783,False,32.624442637619715,-0.0002635479744095689,4.426367991816099e+18,1.4324672049336773e+17,CONVERGED
S4,S4_eta02_dpl,"Asymmetric Filling (eta=0.2, DPL)",0.544949494949495,296423.11621247785,4,0.0005677643418197208,0.00018072500302385015,2.401512308584991,2.401512308584991,False,0.09058084883739058,-5.142858154774271e-05,4.426367991816099e+18,1.4324672049336773e+17,CONVERGED
S4,S4_eta02_dpl,"Asymmetric Filling (eta=0.2, DPL)",0.5626262626262627,306038.32387460646,0,7.709314080327493e-05,2.453950887464139e-05,-1.1240137764186298,1.1240137764186298,False,3.0771805547555524,-0.00023722951425484898,4.817721194180567e+18,2.4657009920645507e+17,CONVERGED
S4,S4_eta02_dpl,"Asymmetric Filling (eta=0.2, DPL)",0.5626262626262627,306038.32387460646,1,3.1414517483015176,0.9999551484537264,-0.09460802552026519,0.09460802552026519,False,-1.0992278904732307,0.00015488702381256803,4.817721194180567e+18,2.4657009920645507e+17,CONVERGED
S4,S4_eta02_dpl,"Asymmetric Filling (eta=0.2, DPL)",0.5626262626262627,306038.32387460646,2,3.141487804257092,0.9999666254208415,0.09463536760513902,0.09463536760513902,False,-0.9097045767597817,-9.538191817795252e-05,4.817721194180567e+18,2.4657009920645507e+17,CONVERGED
S4,S4_eta02_dpl,"Asymmetric Filling (eta=0.2, DPL)",0.5626262626262627,306038.32387460646,3,0.00036199885118698254,0.0001152278131199914,3.508613640385131,3.508613640385131,False,0.02993838909421162,1.083766293189406e-05,4.817721194180567e+18,2.4657009920645507e+17,CONVERGED
S4,S4_eta02_dpl,"Asymmetric Filling (eta=0.2, DPL)",0.5626262626262627,306038.32387460646,4,3.934564607088133e-05,1.2524108122649947e-05,2.328882851667552,2.328882851667552,False,0.09740450153190655,3.832443044962656e-06,4.817721194180567e+18,2.4657009920645507e+17,CONVERGED
S4,S4_eta02_dpl,"Asymmetric Filling (eta=0.2, DPL)",0.5803030303030303,315653.531536735,0,8.541256770543771e-07,2.7187664704983194e-07,-0.9838452718441659,0.9838452718441659,False,2.674721524247447,2.2845483328303217e-06,5.260632615584649e+18,1.2101915850433072e+17,CONVERGED
S4,S4_eta02_dpl,"Asymmetric Filling (eta=0.2, DPL)",0.5803030303030303,315653.531536735,1,3.1415607967993835,0.9999898596686705,-0.22892227404370374,0.22892227404370374,False,-1.2572443140574123,-4.005176862044116e-05,5.260632615584649e+18,1.2101915850433072e+17,CONVERGED
S4,S4_eta02_dpl,"Asymmetric Filling (eta=0.2, DPL)",0.5803030303030303,315653.531536735,2,3.141567306107954,0.9999919316459407,0.228950985802989,0.228950985802989,False,-0.7953675165943748,-2.0160563686649258e-05,5.260632615584649e+18,1.2101915850433072e+17,CONVERGED
S4,S4_eta02_dpl,"Asymmetric Filling (eta=0.2, DPL)",0.5803030303030303,315653.531536735,3,0.00022482765821321522,7.156486629681673e-05,3.5322635778157156,3.5322635778157156,False,0.029238656190045037,-6.573658711269774e-06,5.260632615584649e+18,1.2101915850433072e+17,CONVERGED
S4,S4_eta02_dpl,"Asymmetric Filling (eta=0.2, DPL)",0.5803030303030303,315653.531536735,4,1.2965894266911623e-05,4.127172328371703e-06,2.2434860269350363,2.2434860269350363,False,0.106088033267902,-1.375526222413302e-06,5.260632615584649e+18,1.2101915850433072e+17,CONVERGED
S4,S4_eta02_dpl,"Asymmetric Filling (eta=0.2, DPL)",0.5979797979797981,325268.7391988636,0,8.158506814821022e-05,2.5969333756553602e-05,-0.8266296015249799,0.8266296015249799,False,2.285602345626755,0.00018647102354139267,5.648754457631581e+18,8.71650909948284e+16,CONVERGED
S4,S4_eta02_dpl,"Asymmetric Filling (eta=0.2, DPL)",0.5979797979797981,325268.7391988636,1,3.1415584012790165,0.9999890971508552,-0.2918295682077611,0.2918295682077611,False,-1.338874810573962,4.5859556120776e-05,5.648754457631581e+18,8.71650909948284e+16,CONVERGED
S4,S4_eta02_dpl,"Asymmetric Filling (eta=0.2, DPL)",0.5979797979797981,325268.7391988636,2,3.1415925304692887,0.9999999608095262,0.2918531662488412,0.2918531662488412,False,-0.7468781948493508,9.195602026722686e-08,5.648754457631581e+18,8.71650909948284e+16,CONVERGED
S4,S4_eta02_dpl,"Asymmetric Filling (eta=0.2, DPL)",0.5979797979797981,325268.7391988636,3,0.00028332975448597903,9.018666190291335e-05,3.555557025704563,3.555557025704563,False,0.028565457642481824,8.093444317193113e-06,5.648754457631581e+18,8.71650909948284e+16,CONVERGED
S4,S4_eta02_dpl,"Asymmetric Filling (eta=0.2, DPL)",0.5979797979797981,325268.7391988636,4,6.969071259454158e-05,2.21832427940358e-05,2.141302954709864,2.141302954709864,False,0.11750164363200599,-8.188773289001443e-06,5.648754457631581e+18,8.71650909948284e+16,CONVERGED
S4,S4_eta02_dpl,"Asymmetric Filling (eta=0.2, DPL)",0.6156565656565657,334883.9468609921,0,4.898362987756612e-07,1.5591973651197e-07,-3.578727974442748,3.578727974442748,False,35.82793779654374,-1.754982444302501e-05,6.133234631107359e+18,1.697697908959817e+17,CONVERGED
S4,S4_eta02_dpl,"Asymmetric Filling (eta=0.2, DPL)",0.6156565656565657,334883.9468609921,1,3.141591642426178,0.9999996781366248,-0.3277115699363961,0.3277115699363961,False,-1.3877886345926203,-1.4032813726409337e-06,6.133234631107359e+18,1.697697908959817e+17,CONVERGED
S4,S4_eta02_dpl,"Asymmetric Filling (eta=0.2, DPL)",0.6156565656565657,334883.9468609921,2,3.1415881791021376,0.9999985757263437,0.3277071714595132,0.3277071714595132,False,-0.7205739934378276,3.224199438569666e-06,6.133234631107359e+18,1.697697908959817e+17,CONVERGED
S4,S4_eta02_dpl,"Asymmetric Filling (eta=0.2, DPL)",0.6156565656565657,334883.9468609921,3,2.5145735047424758,0.8004136060953531,0.5011475033647687,0.5011475033647687,False,-0.4905931588637076,0.35546374770781886,6.133234631107359e+18,1.697697908959817e+17,CONVERGED
S4,S4_eta02_dpl,"Asymmetric Filling (eta=0.2, DPL)",0.6156565656565657,334883.9468609921,4,0.07428212173092036,0.023644733713659744,1.4155393654258306,1.4155393654258306,False,0.24212508088861137,-0.018018718360265508,6.133234631107359e+18,1.697697908959817e+17,CONVERGED
S4,S4_eta02_dpl,"Asymmetric Filling (eta=0.2, DPL)",0.6333333333333333,344499.15452312067,0,1.7603898383642817e-07,5.603494890888362e-08,-3.601389107476565,3.601389107476565,False,36.64910865146276,-6.45167184551442e-06,6.670781524037308e+18,1.0135373915217558e+17,CONVERGED
S4,S4_eta02_dpl,"Asymmetric Filling (eta=0.2, DPL)",0.6333333333333333,344499.15452312067,1,3.1415926144923554,0.999999987554899,-0.34523044941867437,0.34523044941867437,False,-1.4123153494199279,5.521791144084162e-08,6.670781524037308e+18,1.0135373915217558e+17,CONVERGED
S4,S4_eta02_dpl,"Asymmetric Filling (eta=0.2, DPL)",0.6333333333333333,344499.15452312067,2,3.1415839917960904,0.9999972428654323,0.3452214962736633,0.3452214962736633,False,-0.7080635026435874,6.133099988728863e-06,6.670781524037308e+18,1.0135373915217558e+17,CONVERGED
S4,S4_eta02_dpl,"Asymmetric Filling (eta=0.2, DPL)",0.6333333333333333,344499.15452312067,3,0.00012770212281607655,4.064884817901379e-05,-0.4291105951994164,0.4291105951994164,False,1.5358908746401483,0.00019613652617157465,6.670781524037308e+18,1.0135373915217558e+17,CONVERGED
S4,S4_eta02_dpl,"Asymmetric Filling (eta=0.2, DPL)",0.6333333333333333,344499.15452312067,4,0.00011126105500632385,3.541549375575142e-05,1.8550566199994358,1.8550566199994358,False,0.15644408359189194,-1.7406133861755057e-05,6.670781524037308e+18,1.0135373915217558e+17,CONVERGED
S4,S4_eta02_dpl,"Asymmetric Filling (eta=0.2, DPL)",0.651010101010101,354114.3621852493,0,1.2683253379860467e-05,4.037204939783564e-06,-3.623758067135132,3.623758067135132,False,37.47814889668792,-0.0004753448586903197,6.964830768499867e+18,4.162321913772182e+17,CONVERGED
S4,S4_eta02_dpl,"Asymmetric Filling (eta=0.2, DPL)",0.651010101010101,354114.3621852493,1,3.1415910231307222,0.9999994810087587,-0.3473321910811301,0.3473321910811301,False,-1.4152867929379536,2.3075671898349687e-06,6.964830768499867e+18,4.162321913772182e+17,CONVERGED
S4,S4_eta02_dpl,"Asymmetric Filling (eta=0.2, DPL)",0.651010101010101,354114.3621852493,2,3.1415389046915054,0.9999828911943035,0.34735225389647945,0.34735225389647945,False,-0.7065563961522636,3.797662790780378e-05,6.964830768499867e+18,4.162321913772182e+17,CONVERGED
S4,S4_eta02_dpl,"Asymmetric Filling (eta=0.2, DPL)",0.651010101010101,354114.3621852493,3,2.2108469198376694e-05,7.037344314233127e-06,-0.15137607265631778,0.15137607265631778,False,1.1634341112919726,-2.5721747218030136e-05,6.964830768499867e+18,4.162321913772182e+17,CONVERGED
S4,S4_eta02_dpl,"Asymmetric Filling (eta=0.2, DPL)",0.651010101010101,354114.3621852493,4,8.968615793827721e-06,2.8547990725594494e-06,1.6336519965509049,1.6336519965509049,False,0.19521534496514048,1.7508114260988288e-06,6.964830768499867e+18,4.162321913772182e+17,CONVERGED
S4,S4_eta02_dpl,"Asymmetric Filling (eta=0.2, DPL)",0.6686868686868687,363729.5698473778,0,1.1920086818714257e-05,3.7942814785658385e-06,3.645788423245279,3.645788423245279,False,0.02610082324188305,3.111240790978966e-07,7.808120953664304e+18,4.5233952816070944e+17,CONVERGED
S4,S4_eta02_dpl,"Asymmetric Filling (eta=0.2, DPL)",0.6686868686868687,363729.5698473778,1,3.1415921995774836,0.9999998554833934,-0.3343894634810374,0.3343894634810374,False,-1.3970871520573191,6.342947648570553e-07,7.808120953664304e+18,4.5233952816070944e+17,CONVERGED
S4,S4_eta02_dpl,"Asymmetric Filling (eta=0.2, DPL)",0.6686868686868687,363729.5698473778,2,3.141572380979518,0.9999935470277307,0.3343847167321604,0.3343847167321604,False,-0.7157783571926525,-1.45106956806986e-05,7.808120953664304e+18,4.5233952816070944e+17,CONVERGED
S4,S4_eta02_dpl,"Asymmetric Filling (eta=0.2, DPL)",0.6686868686868687,363729.5698473778,3,0.0005974820472178328,0.00019018444244676662,0.2817586666399526,0.2817586666399526,False,0.7544556032380546,-0.0004507737319974289,7.808120953664304e+18,4.5233952816070944e+17,CONVERGED
S4,S4_eta02_dpl,"Asymmetric Filling (eta=0.2, DPL)",0.6686868686868687,363729.5698473778,4,0.0005494878586899919,0.00017490741775898617,1.2574311347494562,1.2574311347494562,False,0.28438358926680457,0.00015626534524021594,7.808120953664304e+18,4.5233952816070944e+17,CONVERGED
S4,S4_eta02_dpl,"Asymmetric Filling (eta=0.2, DPL)",0.6863636363636364,373344.7775095064,0,9.1239422342315e-08,2.9042410141257095e-08,-3.6675596029933946,3.6675596029933946,False,39.156232414816515,-3.5725920266292985e-06,8.321707695303281e+18,9.224894517212717e+16,CONVERGED
S4,S4_eta02_dpl,"Asymmetric Filling (eta=0.2, DPL)",0.6863636363636364,373344.7775095064,1,3.1415806007908875,0.9999961634749521,-0.30453550367780524,0.30453550367780524,False,-1.3559950019111378,1.6343535076079682e-05,8.321707695303281e+18,9.224894517212717e+16,CONVERGED
S4,S4_eta02_dpl,"Asymmetric Filling (eta=0.2, DPL)",0.6863636363636364,373344.7775095064,2,3.1415831631044746,0.9999969790846984,0.3045326257092168,0.3045326257092168,False,-0.7374679673934321,6.9989289176975865e-06,8.321707695303281e+18,9.224894517212717e+16,CONVERGED
S4,S4_eta02_dpl,"Asymmetric Filling (eta=0.2, DPL)",0.6863636363636364,373344.7775095064,3,0.6195296285161692,0.19720240554046795,0.7980207701346897,0.7980207701346897,False,0.36654668874152563,0.2614207835879528,8.321707695303281e+18,9.224894517212717e+16,CONVERGED
S4,S4_eta02_dpl,"Asymmetric Filling (eta=0.2, DPL)",0.6863636363636364,373344.7775095064,4,0.6195189596060099,0.19719900952088942,0.7986957961838574,0.7986957961838574,False,0.36630213084190805,-0.26124046926569977,8.321707695303281e+18,9.224894517212717e+16,CONVERGED
S4,S4_eta02_dpl,"Asymmetric Filling (eta=0.2, DPL)",0.704040404040404,382959.98517163494,0,7.3098438837171615e-06,2.3267955746472883e-06,-3.6889926933990815,3.6889926933990815,False,40.0045298268094,-0.000292426867680692,9.104184570820995e+18,1.8424172157712077e+17,CONVERGED
S4,S4_eta02_dpl,"Asymmetric Filling (eta=0.2, DPL)",0.704040404040404,382959.98517163494,1,3.141587413904702,0.999998332156435,-0.25182455656057123,0.25182455656057123,False,-1.2863703322330584,-6.740175451517455e-06,9.104184570820995e+18,1.8424172157712077e+17,CONVERGED
S4,S4_eta02_dpl,"Asymmetric Filling (eta=0.2, DPL)",0.704040404040404,382959.98517163494,2,3.1415675058261376,0.999991995218213,0.25191889515667654,0.25191889515667654,False,-0.777307778692288,1.9547552310257063e-05,9.104184570820995e+18,1.8424172157712077e+17,CONVERGED
S4,S4_eta02_dpl,"Asymmetric Filling (eta=0.2, DPL)",0.704040404040404,382959.98517163494,3,1.0440934971679317,0.3323452822487603,0.8275522914744978,0.8275522914744978,False,0.21973295863699976,0.3778749775631975,9.104184570820995e+18,1.8424172157712077e+17,CONVERGED
S4,S4_eta02_dpl,"Asymmetric Filling (eta=0.2, DPL)",0.704040404040404,382959.98517163494,4,1.0441118550290818,0.33235112573745357,0.8275485893594463,0.8275485893594463,False,0.2197268350761213,-0.3778804102808331,9.104184570820995e+18,1.8424172157712077e+17,CONVERGED
S4,S4_eta02_dpl,"Asymmetric Filling (eta=0.2, DPL)",0.7217171717171718,392575.19283376355,0,5.820837755799903e-07,1.8528302035429787e-07,-3.710133763053788,3.710133763053788,False,40.85927162240904,-2.3783519093422895e-05,9.64488057326958e+18,9.743647028695616e+16,CONVERGED
S4,S4_eta02_dpl,"Asymmetric Filling (eta=0.2, DPL)",0.7217171717171718,392575.19283376355,1,3.1415908737977287,0.9999994334745905,-0.15426524611680237,0.15426524611680237,False,-1.1668003349927494,-2.076661977058191e-06,9.64488057326958e+18,9.743647028695616e+16,CONVERGED
S4,S4_eta02_dpl,"Asymmetric Filling (eta=0.2, DPL)",0.7217171717171718,392575.19283376355,2,3.141579234045909,0.9999957284265136,0.15440357219342332,0.15440357219342332,False,-0.8569261195871954,1.1499557668135376e-05,9.64488057326958e+18,9.743647028695616e+16,CONVERGED
S4,S4_eta02_dpl,"Asymmetric Filling (eta=0.2, DPL)",0.7217171717171718,392575.19283376355,3,1.3824802283038278,0.4400571241227324,0.8572085834192,0.8572085834192,False,0.07943950969643358,0.4168429013536163,9.64488057326958e+18,9.743647028695616e+16,CONVERGED
S4,S4_eta02_dpl,"Asymmetric Filling (eta=0.2, DPL)",0.7217171717171718,392575.19283376355,4,1.3824913359985769,0.4400606598117837,0.8571979138240308,0.8571979138240308,False,0.07943572707035479,-0.41684823129587373,9.64488057326958e+18,9.743647028695616e+16,CONVERGED
S4,S4_eta02_dpl,"Asymmetric Filling (eta=0.2, DPL)",0.7393939393939394,402190.40049589204,0,2.80230004997949e-06,8.919998099618025e-07,3.731161721711671,3.731161721711671,False,0.023964979022364937,6.715706191230649e-08,1.0432835487411274e+19,7.46428575035517e+16,CONVERGED
S4,S4_eta02_dpl,"Asymmetric Filling (eta=0.2, DPL)",0.7393939393939394,402190.40049589204,1,2.9796926990443917,0.9484656438954924,-7.241740830221525e-05,7.241740830221525e-05,True,-0.9869942773270662,-0.16120527854042227,1.0432835487411274e+19,7.46428575035517e+16,CONVERGED
S4,S4_eta02_dpl,"Asymmetric Filling (eta=0.2, DPL)",0.7393939393939394,402190.40049589204,2,2.9796514027559478,0.9484524988786179,1.3310581644708442e-05,1.3310581644708442e-05,True,-0.986903010467804,0.16123221489713546,1.0432835487411274e+19,7.46428575035517e+16,CONVERGED
S4,S4_eta02_dpl,"Asymmetric Filling (eta=0.2, DPL)",0.7393939393939394,402190.40049589204,3,1.7039886911353357,0.5423964463337552,0.8874715246018314,0.8874715246018314,False,-0.05467269763788873,0.4080490143655992,1.0432835487411274e+19,7.46428575035517e+16,CONVERGED
S4,S4_eta02_dpl,"Asymmetric Filling (eta=0.2, DPL)",0.7393939393939394,402190.40049589204,4,1.7040089523785957,0.5424028956877912,0.8873104215031238,0.8873104215031238,False,-0.05468977518958213,-0.4081136496227472,1.0432835487411274e+19,7.46428575035517e+16,CONVERGED
S4,S4_eta02_dpl,"Asymmetric Filling (eta=0.2, DPL)",0.7570707070707071,411805.6081580207,0,4.874454325779547e-05,1.551587001646974e-05,3.7515700623018153,3.7515700623018153,False,0.023480850473503217,1.1445633325420107e-06,1.0702692091405988e+19,7.745616690519058e+16,CONVERGED
S4,S4_eta02_dpl,"Asymmetric Filling (eta=0.2, DPL)",0.7570707070707071,411805.6081580207,1,2.8471716908650206,0.9062828968649556,3.9993984896552756e-05,3.9993984896552756e-05,True,-0.9569320588302888,-0.290174171855429,1.0702692091405988e+19,7.745616690519058e+16,CONVERGED
S4,S4_eta02_dpl,"Asymmetric Filling (eta=0.2, DPL)",0.7570707070707071,411805.6081580207,2,2.847165705586972,0.9062809916917811,5.373458688422011e-05,5.373458688422011e-05,True,-0.9569171733316981,0.2901759121355685,1.0702692091405988e+19,7.745616690519058e+16,CONVERGED
S4,S4_eta02_dpl,"Asymmetric Filling (eta=0.2, DPL)",0.7570707070707071,411805.6081580207,3,2.0472722325811454,0.6516669913401395,0.9182974311810371,0.9182974311810371,False,-0.18309240405741867,-0.35473414646126356,1.0702692091405988e+19,7.745616690519058e+16,CONVERGED
S4,S4_eta02_dpl,"Asymmetric Filling (eta=0.2, DPL)",0.7570707070707071,411805.6081580207,4,2.0472640244547726,0.6516643786123679,0.9182375006810901,0.9182375006810901,False,-0.18310046532216417,0.35475690941677385,1.0702692091405988e+19,7.745616690519058e+16,CONVERGED
S4,S4_eta02_dpl,"Asymmetric Filling (eta=0.2, DPL)",0.7747474747474747,421420.81582014915,0,3.5979113400599936e-06,1.1452507491538663e-06,3.771887771544474,3.771887771544474,False,0.02300858730723163,8.278285719180631e-08,1.2031137146695666e+19,8.293610657756034e+16,CONVERGED
S4,S4_eta02_dpl,"Asymmetric Filling (eta=0.2, DPL)",0.7747474747474747,421420.81582014915,1,2.7443454166338164,0.8735522772177177,1.7335936311542072e-05,1.7335936311542072e-05,True,-0.9221134934692861,0.38687470050432127,1.2031137146695666e+19,8.293610657756034e+16,CONVERGED
S4,S4_eta02_dpl,"Asymmetric Filling (eta=0.2, DPL)",0.7747474747474747,421420.81582014915,2,2.744310339936369,0.8735411119581455,4.056574455872744e-05,4.056574455872744e-05,True,-0.9220785026596012,-0.3868980572902642,1.2031137146695666e+19,8.293610657756034e+16,CONVERGED
S4,S4_eta02_dpl,"Asymmetric Filling (eta=0.2, DPL)",0.7747474747474747,421420.81582014915,3,2.4824444200682074,0.7901866008094974,0.9499852089930255,0.9499852089930255,False,-0.3057287839657679,0.23686062248476863,1.2031137146695666e+19,8.293610657756034e+16,CONVERGED
S4,S4_eta02_dpl,"Asymmetric Filling (eta=0.2, DPL)",0.7747474747474747,421420.81582014915,4,2.482468016973572,0.7901941119377582,0.9497905986946449,0.9497905986946449,False,-0.30579387790585005,-0.23689950676356436,1.2031137146695666e+19,8.293610657756034e+16,CONVERGED
S4,S4_eta02_dpl,"Asymmetric Filling (eta=0.2, DPL)",0.7924242424242425,431036.0234822779,0,1.9611196818291668e-05,6.242437827158339e-06,3.791884008157589,3.791884008157589,False,0.0225530716247944,4.4229272654757383e-07,1.1835606200735035e+19,6.243092600479946e+16,CONVERGED
S4,S4_eta02_dpl,"Asymmetric Filling (eta=0.2, DPL)",0.7924242424242425,431036.0234822779,1,2.6519212560583862,0.8441327531843201,-4.845417445757443e-06,4.845417445757443e-06,True,-0.8824917358295018,-0.47033820499134515,1.1835606200735035e+19,6.243092600479946e+16,CONVERGED
S4,S4_eta02_dpl,"Asymmetric Filling (eta=0.2, DPL)",0.7924242424242425,431036.0234822779,2,2.6519119769039525,0.8441297995377285,-3.838168646283819e-06,3.838168646283819e-06,True,-0.8824864825667713,0.47034591999259795,1.1835606200735035e+19,6.243092600479946e+16,CONVERGED
S4,S4_eta02_dpl,"Asymmetric Filling (eta=0.2, DPL)",0.7924242424242425,431036.0234822779,3,3.1415414163438786,0.9999836906780846,1.4862782757079909,1.4862782757079909,False,-0.22621299291196423,-1.1590530757026388e-05,1.1835606200735035e+19,6.243092600479946e+16,CONVERGED
S4,S4_eta02_dpl,"Asymmetric Filling (eta=0.2, DPL)",0.7924242424242425,431036.0234822779,4,3.1415391405243427,0.9999829662622272,0.4786190714376246,0.4786190714376246,False,-0.6196384768490034,3.3158754399079945e-05,1.1835606200735035e+19,6.243092600479946e+16,CONVERGED
S4,S4_eta02_dpl,"Asymmetric Filling (eta=0.2, DPL)",0.8101010101010101,440651.2311444063,0,1.2534716961994401e-05,3.989924329518468e-06,3.8116111760149747,3.8116111760149747,False,0.022112523072254222,-2.77174218040794e-07,1.2763616019521354e+19,8.857973261185306e+16,CONVERGED
S4,S4_eta02_dpl,"Asymmetric Filling (eta=0.2, DPL)",0.8101010101010101,440651.2311444063,1,2.564716202699479,0.8163745225749951,-8.039933827751028e-06,8.039933827751028e-06,True,-0.8381770851774416,0.5454129205293775,1.2763616019521354e+19,8.857973261185306e+16,CONVERGED
S4,S4_eta02_dpl,"Asymmetric Filling (eta=0.2, DPL)",0.8101010101010101,440651.2311444063,2,2.564702631838287,0.8163702028357136,7.4225131311819604e-06,7.4225131311819604e-06,True,-0.8381567233231477,-0.5454158617349966,1.2763616019521354e+19,8.857973261185306e+16,CONVERGED
S4,S4_eta02_dpl,"Asymmetric Filling (eta=0.2, DPL)",0.8101010101010101,440651.2311444063,3,3.1414719651787535,0.9999615836856183,1.9586196874065118,1.9586196874065118,False,-0.14105298279399356,1.7023460448493342e-05,1.2763616019521354e+19,8.857973261185306e+16,CONVERGED
S4,S4_eta02_dpl,"Asymmetric Filling (eta=0.2, DPL)",0.8101010101010101,440651.2311444063,4,3.1415113981204197,0.999974135580792,0.0736502984230126,0.0736502984230126,False,-0.9289965055211044,-7.548604726846277e-05,1.2763616019521354e+19,8.857973261185306e+16,CONVERGED
S4,S4_eta02_dpl,"Asymmetric Filling (eta=0.2, DPL)",0.8277777777777778,450266.438806535,0,2.1246407290269456e-05,6.7629414863801315e-06,3.8309145361442205,3.8309145361442205,False,0.02168977047272012,4.6082969756521295e-07,1.3782835844952052e+19,1.1447275973761603e+17,CONVERGED
S4,S4_eta02_dpl,"Asymmetric Filling (eta=0.2, DPL)",0.8277777777777778,450266.438806535,1,2.4804366161674776,0.7895474969783767,1.3225559671838008e-05,1.3225559671838008e-05,True,-0.78927247910916,0.6140215818286558,1.3782835844952052e+19,1.1447275973761603e+17,CONVERGED
S4,S4_eta02_dpl,"Asymmetric Filling (eta=0.2, DPL)",0.8277777777777778,450266.438806535,2,2.480402231973402,0.7895365521494739,2.7771856841672493e-05,2.7771856841672493e-05,True,-0.7892398854039491,-0.6140397878935872,1.3782835844952052e+19,1.1447275973761603e+17,CONVERGED
S4,S4_eta02_dpl,"Asymmetric Filling (eta=0.2, DPL)",0.8277777777777778,450266.438806535,3,3.1415061080084494,0.9999724516858528,2.268172718692718,2.268172718692718,False,-0.10350113269352686,8.957565721056628e-06,1.3782835844952052e+19,1.1447275973761603e+17,CONVERGED
S4,S4_eta02_dpl,"Asymmetric Filling (eta=0.2, DPL)",0.8277777777777778,450266.438806535,4,3.141561376096149,0.999990044064558,-0.16607525155700298,0.16607525155700298,False,-1.1806619444525832,-3.692814647542223e-05,1.3782835844952052e+19,1.1447275973761603e+17,CONVERGED
S4,S4_eta02_dpl,"Asymmetric Filling (eta=0.2, DPL)",0.8454545454545455,459881.6464686634,0,1.165617274615448e-05,3.710275020167035e-06,-3.8502280861417066,3.8502280861417066,False,47.0037829173254,-0.0005478842134319029,1.4211443559386302e+19,8.735471060981298e+16,CONVERGED
S4,S4_eta02_dpl,"Asymmetric Filling (eta=0.2, DPL)",0.8454545454545455,459881.6464686634,1,2.3978002473974795,0.7632435238405568,-2.7900234006973057e-05,2.7900234006973057e-05,True,-0.7359266129977746,0.6771025197904027,1.4211443559386302e+19,8.735471060981298e+16,CONVERGED
S4,S4_eta02_dpl,"Asymmetric Filling (eta=0.2, DPL)",0.8454545454545455,459881.6464686634,2,2.397826415050542,0.7632518532632249,-6.210338768145213e-06,6.210338768145213e-06,True,-0.7359283685473094,-0.6770685763805383,1.4211443559386302e+19,8.735471060981298e+16,CONVERGED
S4,S4_eta02_dpl,"Asymmetric Filling (eta=0.2, DPL)",0.8454545454545455,459881.6464686634,3,3.141532961972807,0.999980999568191,2.5170800627907877,2.5170800627907877,False,-0.08069488694009153,4.81680828971235e-06,1.4211443559386302e+19,8.735471060981298e+16,CONVERGED
S4,S4_eta02_dpl,"Asymmetric Filling (eta=0.2, DPL)",0.8454545454545455,459881.6464686634,4,3.141563670703135,0.9999907744606465,-0.3419592809753451,0.3419592809753451,False,-1.407702975463644,-4.0799295797565634e-05,1.4211443559386302e+19,8.735471060981298e+16,CONVERGED
S4,S4_eta02_dpl,"Asymmetric Filling (eta=0.2, DPL)",0.8631313131313132,469496.85413079214,0,1.1660931162928538e-06,3.7117896712688006e-07,3.8691019503888335,3.8691019503888335,False,0.020877109689336378,2.4344653896837025e-08,1.4993509045010397e+19,5.151430722957382e+16,CONVERGED
S4,S4_eta02_dpl,"Asymmetric Filling (eta=0.2, DPL)",0.8631313131313132,469496.85413079214,1,2.3160981308373607,0.7372369324173307,1.992301677548878e-06,1.992301677548878e-06,True,-0.6781922809111255,0.7348817901657031,1.4993509045010397e+19,5.151430722957382e+16,CONVERGED
S4,S4_eta02_dpl,"Asymmetric Filling (eta=0.2, DPL)",0.8631313131313132,469496.85413079214,2,2.3160948153321685,0.7372358770592503,2.421259847887133e-06,2.421259847887133e-06,True,-0.6781895534879947,-0.7348837234772475,1.4993509045010397e+19,5.151430722957382e+16,CONVERGED
S4,S4_eta02_dpl,"Asymmetric Filling (eta=0.2, DPL)",0.8631313131313132,469496.85413079214,3,3.1415466890926327,0.9999853690461403,2.733232070549026,2.733232070549026,False,-0.0650088365368666,2.988098484515337e-06,1.4993509045010397e+19,5.151430722957382e+16,CONVERGED
S4,S4_eta02_dpl,"Asymmetric Filling (eta=0.2, DPL)",0.8631313131313132,469496.85413079214,4,3.1415420716428977,0.9999838992662408,-0.48145032433603896,0.48145032433603896,False,-1.6184199326371556,-8.18628311571769e-05,1.4993509045010397e+19,5.151430722957382e+16,CONVERGED
S4,S4_eta02_dpl,"Asymmetric Filling (eta=0.2, DPL)",0.8808080808080808,479112.06179292063,0,3.92504895903006e-06,1.2493818874146647e-06,-3.887757897302348,3.887757897302348,False,48.80134613902069,-0.00019154767286321247,1.5881283024173554e+19,6.054289203540175e+16,CONVERGED
S4,S4_eta02_dpl,"Asymmetric Filling (eta=0.2, DPL)",0.8808080808080808,479112.06179292063,1,2.2347574886767467,0.7113454018690691,-1.0530823722699614e-05,1.0530823722699614e-05,True,-0.6162478103254704,0.7875656786188099,1.5881283024173554e+19,6.054289203540175e+16,CONVERGED
S4,S4_eta02_dpl,"Asymmetric Filling (eta=0.2, DPL)",0.8808080808080808,479112.06179292063,2,2.2347905978658558,0.7113559408512861,-1.3440011805376846e-05,1.3440011805376846e-05,True,-0.6162756785079355,-0.7875475658425118,1.5881283024173554e+19,6.054289203540175e+16,CONVERGED
S4,S4_eta02_dpl,"Asymmetric Filling (eta=0.2, DPL)",0.8808080808080808,479112.06179292063,3,3.14154348890534,0.9999843503948875,2.929739968118201,2.929739968118201,False,-0.053410924818375984,-2.6259312671454637e-06,1.5881283024173554e+19,6.054289203540175e+16,CONVERGED
S4,S4_eta02_dpl,"Asymmetric Filling (eta=0.2, DPL)",0.8808080808080808,479112.06179292063,4,3.1415593417505034,0.9999893965122272,-0.5968288172576586,0.5968288172576586,False,-1.816349679989076,6.050594865665219e-05,1.5881283024173554e+19,6.054289203540175e+16,CONVERGED
S4,S4_eta02_dpl,"Asymmetric Filling (eta=0.2, DPL)",0.8984848484848484,488727.2694550492,0,6.6767404634382674e-06,2.125272496995745e-06,3.906115200587397,3.906115200587397,False,0.020118505806280374,-1.3432604178270593e-07,1.6875288771346842e+19,1.195665888753181e+17,CONVERGED
S4,S4_eta02_dpl,"Asymmetric Filling (eta=0.2, DPL)",0.8984848484848484,488727.2694550492,1,2.1534581738092795,0.6854670262067855,3.7083596448781996e-06,3.7083596448781996e-06,True,-0.5502464877628683,0.834997835933029,1.6875288771346842e+19,1.195665888753181e+17,CONVERGED
S4,S4_eta02_dpl,"Asymmetric Filling (eta=0.2, DPL)",0.8984848484848484,488727.2694550492,2,2.153454246846049,0.6854657762155665,4.084613047386579e-06,4.084613047386579e-06,True,-0.5502430017219857,-0.8349996825527852,1.6875288771346842e+19,1.195665888753181e+17,CONVERGED
S4,S4_eta02_dpl,"Asymmetric Filling (eta=0.2, DPL)",0.8984848484848484,488727.2694550492,3,3.1415788256827644,0.9999955984404875,3.113975823278212,3.113975823278212,False,-0.04442398186030795,6.142906910592979e-07,1.6875288771346842e+19,1.195665888753181e+17,CONVERGED
S4,S4_eta02_dpl,"Asymmetric Filling (eta=0.2, DPL)",0.8984848484848484,488727.2694550492,4,3.1415488955392434,0.9999860713799099,-0.6947208339051206,0.6947208339051206,False,-2.0031497824569207,8.765392949587396e-05,1.6875288771346842e+19,1.195665888753181e+17,CONVERGED
S4,S4_eta02_dpl,"Asymmetric Filling (eta=0.2, DPL)",0.9161616161616162,498342.4771171778,0,9.286503020975597e-06,2.9559857196521706e-06,-3.924204834170856,3.924204834170856,False,50.61281646928353,-0.0004700160730555962,1.8690453645328683e+19,7.786370822806808e+16,CONVERGED
S4,S4_eta02_dpl,"Asymmetric Filling (eta=0.2, DPL)",0.9161616161616162,498342.4771171778,1,2.0717859085048036,0.6594699367333454,-4.278289091207229e-06,4.278289091207229e-06,True,-0.4802957982105474,-0.877111454055916,1.8690453645328683e+19,7.786370822806808e+16,CONVERGED
S4,S4_eta02_dpl,"Asymmetric Filling (eta=0.2, DPL)",0.9161616161616162,498342.4771171778,2,2.0717734397178305,0.6594659677951832,1.290817450481124e-05,1.290817450481124e-05,True,-0.4802766073299801,0.8771023682762654,1.8690453645328683e+19,7.786370822806808e+16,CONVERGED
S4,S4_eta02_dpl,"Asymmetric Filling (eta=0.2, DPL)",0.9161616161616162,498342.4771171778,3,3.1415865913129535,0.9999980703173491,3.291508814385393,3.291508814385393,False,-0.037197682634915616,-2.255026499394631e-07,1.8690453645328683e+19,7.786370822806808e+16,CONVERGED
S4,S4_eta02_dpl,"Asymmetric Filling (eta=0.2, DPL)",0.9161616161616162,498342.4771171778,4,3.1415471844695904,0.9999855267295233,-0.779341165552546,0.779341165552546,False,-2.1800355075140323,9.91242966063358e-05,1.8690453645328683e+19,7.786370822806808e+16,CONVERGED
S4,S4_eta02_dpl,"Asymmetric Filling (eta=0.2, DPL)",0.9338383838383838,507957.6847793063,0,5.213450404120109e-07,1.6594928047603094e-07,3.942115565851794,3.942115565851794,False,0.019407114257112973,-1.0117802766655992e-08,1.90130563584783e+19,6.527318989671324e+16,CONVERGED
S4,S4_eta02_dpl,"Asymmetric Filling (eta=0.2, DPL)",0.9338383838383838,507957.6847793063,1,1.9894452286375655,0.6332600842965089,-1.9393286668376207e-05,1.9393286668376207e-05,True,-0.4065342924333862,0.9136567497705206,1.90130563584783e+19,6.527318989671324e+16,CONVERGED
S4,S4_eta02_dpl,"Asymmetric Filling (eta=0.2, DPL)",0.9338383838383838,507957.6847793063,2,1.9894930659659236,0.6332753113910539,-1.6149781600945414e-05,1.6149781600945414e-05,True,-0.40657668013049547,-0.913634337828271,1.90130563584783e+19,6.527318989671324e+16,CONVERGED
S4,S4_eta02_dpl,"Asymmetric Filling (eta=0.2, DPL)",0.9338383838383838,507957.6847793063,3,3.14151171276299,0.9999742357346326,3.4665943353601225,3.4665943353601225,False,-0.031223185391079007,2.527230446503489e-06,1.90130563584783e+19,6.527318989671324e+16,CONVERGED
S4,S4_eta02_dpl,"Asymmetric Filling (eta=0.2, DPL)",0.9338383838383838,507957.6847793063,4,3.1415243588024606,0.9999782610940172,-0.8536550683152477,0.8536550683152477,False,-2.348214062869908,0.00016037078028474145,1.90130563584783e+19,6.527318989671324e+16,CONVERGED
S4,S4_eta02_dpl,"Asymmetric Filling (eta=0.2, DPL)",0.9515151515151515,517572.89244143496,0,6.882644669514937e-05,2.1908138413967734e-05,-3.9597368521242085,3.9597368521242085,False,52.44352360708306,-0.0036095013877482083,1.8416311032816232e+19,9.09408255413609e+16,CONVERGED
S4,S4_eta02_dpl,"Asymmetric Filling (eta=0.2, DPL)",0.9515151515151515,517572.89244143496,1,1.9062355425141473,0.6067736185771747,-3.2797697422391456e-05,3.2797697422391456e-05,True,-0.3291947346547228,-0.944296788209023,1.8416311032816232e+19,9.09408255413609e+16,CONVERGED
S4,S4_eta02_dpl,"Asymmetric Filling (eta=0.2, DPL)",0.9515151515151515,517572.89244143496,2,1.906196479306923,0.6067611843721292,-3.6669619877751604e-05,3.6669619877751604e-05,True,-0.3291591216185756,0.9443133031914943,1.8416311032816232e+19,9.09408255413609e+16,CONVERGED
S4,S4_eta02_dpl,"Asymmetric Filling (eta=0.2, DPL)",0.9515151515151515,517572.89244143496,3,3.141496218544306,0.9999693037716468,3.643160024569924,3.643160024569924,False,-0.026169516728837494,2.523658543951113e-06,1.8416311032816232e+19,9.09408255413609e+16,CONVERGED
S4,S4_eta02_dpl,"Asymmetric Filling (eta=0.2, DPL)",0.9515151515151515,517572.89244143496,4,3.1415830758433807,0.9999969513086295,-0.919552855181235,0.919552855181235,False,-2.508168624439099,2.402260304498094e-05,1.8416311032816232e+19,9.09408255413609e+16,CONVERGED
S4,S4_eta02_dpl,"Asymmetric Filling (eta=0.2, DPL)",0.9691919191919192,527188.1001035634,0,2.9829296432424e-06,9.494959952347437e-07,3.977130320079782,3.977130320079782,False,0.018739338154009764,5.5898127274504836e-08,2.2207328471582392e+19,6.635150476984046e+16,CONVERGED
S4,S4_eta02_dpl,"Asymmetric Filling (eta=0.2, DPL)",0.9691919191919192,527188.1001035634,1,1.8217054825877605,0.5798668648228975,-2.4080992629319744e-05,2.4080992629319744e-05,True,-0.24829072824172513,0.9687104197923441,2.2207328471582392e+19,6.635150476984046e+16,CONVERGED
S4,S4_eta02_dpl,"Asymmetric Filling (eta=0.2, DPL)",0.9691919191919192,527188.1001035634,2,1.8217533885902242,0.5798821137770893,-1.9075091737153328e-05,1.9075091737153328e-05,True,-0.24833589185257846,-0.9686936748678533,2.2207328471582392e+19,6.635150476984046e+16,CONVERGED
S4,S4_eta02_dpl,"Asymmetric Filling (eta=0.2, DPL)",0.9691919191919192,527188.1001035634,3,3.1413888900672653,0.9999351400563358,3.82545306054094,3.82545306054094,False,-0.02180855224502766,4.443787488185939e-06,2.2207328471582392e+19,6.635150476984046e+16,CONVERGED
S4,S4_eta02_dpl,"Asymmetric Filling (eta=0.2, DPL)",0.9691919191919192,527188.1001035634,4,3.1415325391568207,0.9999808649816826,-0.978475003421051,0.978475003421051,False,-2.6603960471435024,0.00015992820004937067,2.2207328471582392e+19,6.635150476984046e+16,CONVERGED
S4,S4_eta02_dpl,"Asymmetric Filling (eta=0.2, DPL)",0.9868686868686869,536803.3077656921,0,2.211407823708999e-05,7.039129726707557e-06,3.9943276791833466,3.9943276791833466,False,0.018419826276772643,4.0733747946455666e-07,2.0800983260591145e+19,9.940476506083726e+16,CONVERGED
S4,S4_eta02_dpl,"Asymmetric Filling (eta=0.2, DPL)",0.9868686868686869,536803.3077656921,1,1.7356824953731476,0.5524848975534244,3.161197508919103e-05,3.161197508919103e-05,True,-0.16413485581375217,-0.9864058633014162,2.0800983260591145e+19,9.940476506083726e+16,CONVERGED
S4,S4_eta02_dpl,"Asymmetric Filling (eta=0.2, DPL)",0.9868686868686869,536803.3077656921,2,1.7356507816357063,0.552474802757269,3.1310714381764956e-05,3.1310714381764956e-05,True,-0.1641036225526238,0.9864113653020342,2.0800983260591145e+19,9.940476506083726e+16,CONVERGED
S4,S4_eta02_dpl,"Asymmetric Filling (eta=0.2, DPL)",0.9868686868686869,536803.3077656921,3,1.3592751812635455e-05,4.326707282404506e-06,-3.9942608621973714,3.9942608621973714,False,54.285701172451766,-0.0007378920630574754,2.0800983260591145e+19,9.940476506083726e+16,CONVERGED
S4,S4_eta02_dpl,"Asymmetric Filling (eta=0.2, DPL)",0.9868686868686869,536803.3077656921,4,3.1415852099857973,0.9999976306272593,-1.0314983412890402,1.0314983412890402,False,-2.8052659330194585,-2.0881288708750692e-05,2.0800983260591145e+19,9.940476506083726e+16,CONVERGED
S4,S4_eta02_dpl,"Asymmetric Filling (eta=0.2, DPL)",1.0045454545454544,546418.5154278205,0,1.74722996121076e-05,5.5616057008990604e-06,4.011226106584526,4.011226106584526,False,0.01811117538347313,-3.1644388265967174e-07,2.13956041169379e+19,4.268253147699587e+17,CONVERGED
S4,S4_eta02_dpl,"Asymmetric Filling (eta=0.2, DPL)",1.0045454545454544,546418.5154278205,1,1.6476657759033821,0.5244683055967327,7.953441454276663e-06,7.953441454276663e-06,True,-0.0767931582279642,0.997039068488783,2.13956041169379e+19,4.268253147699587e+17,CONVERGED
S4,S4_eta02_dpl,"Asymmetric Filling (eta=0.2, DPL)",1.0045454545454544,546418.5154278205,2,1.6477202397430835,0.5244856419753492,1.948172225354008e-05,1.948172225354008e-05,True,-0.0768465747760445,-0.9970233905278992,2.13956041169379e+19,4.268253147699587e+17,CONVERGED
S4,S4_eta02_dpl,"Asymmetric Filling (eta=0.2, DPL)",1.0045454545454544,546418.5154278205,3,1.1484017412727905e-05,3.65547627557809e-06,-4.011228264984961,4.011228264984961,False,55.21464714524867,-0.0006340859692815378,2.13956041169379e+19,4.268253147699587e+17,CONVERGED
S4,S4_eta02_dpl,"Asymmetric Filling (eta=0.2, DPL)",1.0045454545454544,546418.5154278205,4,3.141581789011173,0.999996541697216,-1.0796621492558085,1.0796621492558085,False,-2.943684856752595,3.1981895561454196e-05,2.13956041169379e+19,4.268253147699587e+17,CONVERGED
S4,S4_eta02_dpl,"Asymmetric Filling (eta=0.2, DPL)",1.0222222222222221,556033.7230899491,0,2.4378744348636015e-05,7.75999533891806e-06,4.027924143510831,4.027924143510831,False,0.017811265229449612,4.3421628164052344e-07,2.298853528578796e+19,1.1629060450685424e+17,CONVERGED
S4,S4_eta02_dpl,"Asymmetric Filling (eta=0.2, DPL)",1.0222222222222221,556033.7230899491,1,1.5573335588663375,0.4957146678729416,-8.523298194656931e-06,8.523298194656931e-06,True,0.013462475997377083,-0.9999179008707182,2.298853528578796e+19,1.1629060450685424e+17,CONVERGED
S4,S4_eta02_dpl,"Asymmetric Filling (eta=0.2, DPL)",1.0222222222222221,556033.7230899491,2,1.557375367798256,0.495727976069302,2.3315019719496845e-05,2.3315019719496845e-05,True,0.013420243201409868,0.999886627633423,2.298853528578796e+19,1.1629060450685424e+17,CONVERGED
S4,S4_eta02_dpl,"Asymmetric Filling (eta=0.2, DPL)",1.0222222222222221,556033.7230899491,3,1.729335443404751e-05,5.504645681637615e-06,-4.027881080259442,4.027881080259442,False,56.14182509481647,0.0009708804800357479,2.298853528578796e+19,1.1629060450685424e+17,CONVERGED
S4,S4_eta02_dpl,"Asymmetric Filling (eta=0.2, DPL)",1.0222222222222221,556033.7230899491,4,3.14157065200076,0.9999929966766989,-1.123661285864254,1.123661285864254,False,-3.0760960772192845,-6.767900172939178e-05,2.298853528578796e+19,1.1629060450685424e+17,CONVERGED
S4,S4_eta02_dpl,"Asymmetric Filling (eta=0.2, DPL)",1.0398989898989899,565648.9307520777,0,5.592781683248998e-05,1.780237701045778e-05,4.044382745928538,4.044382745928538,False,0.017520515901189575,-9.798842051541254e-07,2.5254686765932724e+19,1.2611166824675602e+17,CONVERGED
S4,S4_eta02_dpl,"Asymmetric Filling (eta=0.2, DPL)",1.0398989898989899,565648.9307520777,1,1.4640922640587675,0.4660350419351147,2.013805852573263e-05,2.013805852573263e-05,True,0.1064995488394477,-0.9942924976037054,2.5254686765932724e+19,1.2611166824675602e+17,CONVERGED
S4,S4_eta02_dpl,"Asymmetric Filling (eta=0.2, DPL)",1.0398989898989899,565648.9307520777,2,1.4641264661385878,0.46604592879524953,2.2760734859115276e-05,2.2760734859115276e-05,True,0.10646526268150498,0.9942935318146882,2.5254686765932724e+19,1.2611166824675602e+17,CONVERGED
S4,S4_eta02_dpl,"Asymmetric Filling (eta=0.2, DPL)",1.0398989898989899,565648.9307520777,3,0.00012521246647618955,3.9856365952827604e-05,-4.044376646648637,4.044376646648637,False,57.07559623103446,-0.007146576217035326,2.5254686765932724e+19,1.2611166824675602e+17,CONVERGED
S4,S4_eta02_dpl,"Asymmetric Filling (eta=0.2, DPL)",1.0398989898989899,565648.9307520777,4,3.1415798642362605,0.9999959290223327,-1.1640050581313035,1.1640050581313035,False,-3.2027347622969238,4.09609071483147e-05,2.5254686765932724e+19,1.2611166824675602e+17,CONVERGED
S4,S4_eta02_dpl,"Asymmetric Filling (eta=0.2, DPL)",1.0575757575757576,575264.1384142063,0,1.9949663481250275e-05,6.3501751121217e-06,4.06071010546281,4.06071010546281,False,0.017236774837092055,-3.4386785754768756e-07,2.5199904385977496e+19,3.252192799413841e+17,CONVERGED
S4,S4_eta02_dpl,"Asymmetric Filling (eta=0.2, DPL)",1.0575757575757576,575264.1384142063,1,1.3673051908201959,0.43522675966848273,-4.379997081926153e-05,4.379997081926153e-05,True,0.2020985105545714,0.9794099222543384,2.5199904385977496e+19,3.252192799413841e+17,CONVERGED
S4,S4_eta02_dpl,"Asymmetric Filling (eta=0.2, DPL)",1.0575757575757576,575264.1384142063,2,1.3672984195604374,0.4352246043095597,-3.392369335112872e-05,3.392369335112872e-05,True,0.2021031463523246,-0.979398880907508,2.5199904385977496e+19,3.252192799413841e+17,CONVERGED
S4,S4_eta02_dpl,"Asymmetric Filling (eta=0.2, DPL)",1.0575757575757576,575264.1384142063,3,1.0831566886091519e-06,3.447794822703907e-07,-4.0607370596092505,4.0607370596092505,False,58.017057353336654,-6.284156372571195e-05,2.5199904385977496e+19,3.252192799413841e+17,CONVERGED
S4,S4_eta02_dpl,"Asymmetric Filling (eta=0.2, DPL)",1.0575757575757576,575264.1384142063,4,3.1415671625429873,0.9999918859477925,-1.2012491431207049,1.2012491431207049,False,-3.3242668142357497,-8.473904097620079e-05,2.5199904385977496e+19,3.252192799413841e+17,CONVERGED
S4,S4_eta02_dpl,"Asymmetric Filling (eta=0.2, DPL)",1.0752525252525253,584879.3460763348,0,2.30912664472772e-05,7.35017839467239e-06,4.076742500792048,4.076742500792048,False,0.016962631506743642,3.9168864383881353e-07,3.3379192566563557e+19,1.550801556991797e+17,CONVERGED
S4,S4_eta02_dpl,"Asymmetric Filling (eta=0.2, DPL)",1.0752525252525253,584879.3460763348,1,1.2659558463926577,0.40296626137895125,1.2448432193176532e-07,1.2448432193176532e-07,True,0.30014097674415396,-0.9538947243330641,3.3379192566563557e+19,1.550801556991797e+17,CONVERGED
S4,S4_eta02_dpl,"Asymmetric Filling (eta=0.2, DPL)",1.0752525252525253,584879.3460763348,2,1.2659697484314338,0.40297068653533186,8.635117415374013e-06,8.635117415374013e-06,True,0.30012516136770484,0.9538907785634098,3.3379192566563557e+19,1.550801556991797e+17,CONVERGED
S4,S4_eta02_dpl,"Asymmetric Filling (eta=0.2, DPL)",1.0752525252525253,584879.3460763348,3,9.740812760548167e-06,3.100597001147703e-06,-4.0768366880296645,4.0768366880296645,False,58.958669883366994,-0.0005743053639630122,3.3379192566563557e+19,1.550801556991797e+17,CONVERGED
S4,S4_eta02_dpl,"Asymmetric Filling (eta=0.2, DPL)",1.0752525252525253,584879.3460763348,4,3.141561523565589,0.9999900910055387,-1.2358023366931024,1.2358023366931024,False,-3.4411383633038035,0.00010712272057536374,3.3379192566563557e+19,1.550801556991797e+17,CONVERGED
S4,S4_eta02_dpl,"Asymmetric Filling (eta=0.2, DPL)",1.0929292929292929,594494.5537384634,0,5.820403201284939e-07,1.85269188054478e-07,4.092593160566595,4.092593160566595,False,0.016695882270916416,-9.717676661792934e-09,3.1037238537840734e+19,6.5246131117581144e+16,CONVERGED
S4,S4_eta02_dpl,"Asymmetric Filling (eta=0.2, DPL)",1.0929292929292929,594494.5537384634,1,1.1588939909399072,0.3688874143551608,2.005070767179472e-06,2.005070767179472e-06,True,0.4003524747610977,0.9163590376152629,3.1037238537840734e+19,6.5246131117581144e+16,CONVERGED
S4,S4_eta02_dpl,"Asymmetric Filling (eta=0.2, DPL)",1.0929292929292929,594494.5537384634,2,1.1588944699752168,0.3688875668368357,8.588489018339394e-06,8.588489018339394e-06,True,0.400349400116493,-0.9163531966419122,3.1037238537840734e+19,6.5246131117581144e+16,CONVERGED
S4,S4_eta02_dpl,"Asymmetric Filling (eta=0.2, DPL)",1.0929292929292929,594494.5537384634,3,2.5362346506151772e-06,8.073085629727032e-07,-4.092467752081873,4.092467752081873,False,59.88749699780477,0.00015188874502477053,3.1037238537840734e+19,6.5246131117581144e+16,CONVERGED
S4,S4_eta02_dpl,"Asymmetric Filling (eta=0.2, DPL)",1.0929292929292929,594494.5537384634,4,3.1415817825103067,0.999996539627926,-1.267890794696343,1.267890794696343,False,-3.5533499081357562,3.862874929646682e-05,3.1037238537840734e+19,6.5246131117581144e+16,CONVERGED
S4,S4_eta02_dpl,"Asymmetric Filling (eta=0.2, DPL)",1.1106060606060606,604109.761400592,0,8.472247753534954e-06,2.6968002181485873e-06,4.108247240194283,4.108247240194283,False,0.016436558631836712,1.39254596947756e-07,3.208804766692749e+19,2.4750109428267408e+17,CONVERGED
S4,S4_eta02_dpl,"Asymmetric Filling (eta=0.2, DPL)",1.1106060606060606,604109.761400592,1,1.0442432541890394,0.33239295138910435,-6.2465807981952916e-06,6.2465807981952916e-06,True,0.5025594498394567,0.864549878617017,3.208804766692749e+19,2.4750109428267408e+17,CONVERGED
S4,S4_eta02_dpl,"Asymmetric Filling (eta=0.2, DPL)",1.1106060606060606,604109.761400592,2,1.0442446802678373,0.3323934053240842,-6.16504608025051e-06,6.16504608025051e-06,True,0.5025581759467531,-0.864550524814628,3.208804766692749e+19,2.4750109428267408e+17,CONVERGED
S4,S4_eta02_dpl,"Asymmetric Filling (eta=0.2, DPL)",1.1106060606060606,604109.761400592,3,6.466177949013547e-05,2.058248366994639e-05,-4.108320060623077,4.108320060623077,False,60.84441660534478,0.003934308255224047,3.208804766692749e+19,2.4750109428267408e+17,CONVERGED
S4,S4_eta02_dpl,"Asymmetric Filling (eta=0.2, DPL)",1.1106060606060606,604109.761400592,4,3.141574833490372,0.9999943276861816,-1.2981572616035955,1.2981572616035955,False,-3.662541339243026,6.526685080678045e-05,3.208804766692749e+19,2.4750109428267408e+17,CONVERGED
S4,S4_eta02_dpl,"Asymmetric Filling (eta=0.2, DPL)",1.1282828282828283,613724.9690627207,0,3.3229086792343353e-06,1.0577146834862116e-06,4.123722934789497,4.123722934789497,False,0.016184149610793497,-5.3778451207930636e-08,3.072428964893023e+19,1.2459244217405248e+17,CONVERGED
S4,S4_eta02_dpl,"Asymmetric Filling (eta=0.2, DPL)",1.1282828282828283,613724.9690627207,1,0.9190323274336648,0.2925370755446341,6.385952288832633e-05,6.385952288832633e-05,True,0.606551019447242,0.7949642444270465,3.072428964893023e+19,1.2459244217405248e+17,CONVERGED
S4,S4_eta02_dpl,"Asymmetric Filling (eta=0.2, DPL)",1.1282828282828283,613724.9690627207,2,0.9190072825547483,0.29252910351207667,3.9312055785482833e-05,3.9312055785482833e-05,True,0.6065858190029371,-0.7949685674061331,3.072428964893023e+19,1.2459244217405248e+17,CONVERGED
S4,S4_eta02_dpl,"Asymmetric Filling (eta=0.2, DPL)",1.1282828282828283,613724.9690627207,3,5.675930185858098e-05,1.806704691447633e-05,-4.123656575988122,4.123656575988122,False,61.784750254485026,0.0035068592937172742,3.072428964893023e+19,1.2459244217405248e+17,CONVERGED
S4,S4_eta02_dpl,"Asymmetric Filling (eta=0.2, DPL)",1.1282828282828283,613724.9690627207,4,3.1415842302358405,0.9999973187631621,-1.326512337933228,1.326512337933228,False,-3.7678793550314014,-3.17381814588657e-05,3.072428964893023e+19,1.2459244217405248e+17,CONVERGED
S4,S4_eta02_dpl,"Asymmetric Filling (eta=0.2, DPL)",1.145959595959596,623340.1767248492,0,0.0014430801717867602,0.00045934668523552876,4.139483869371236,4.139483869371236,False,0.015931055309016673,-2.298980599068903e-05,2.742513310278925e+19,7.10248904690986e+17,CONVERGED
S4,S4_eta02_dpl,"Asymmetric Filling (eta=0.2, DPL)",1.145959595959596,623340.1767248492,1,0.7782389925243127,0.24772116513420192,1.9684093273865262e-05,1.9684093273865262e-05,True,0.7121368974562653,0.7020125866889666,2.742513310278925e+19,7.10248904690986e+17,CONVERGED
S4,S4_eta02_dpl,"Asymmetric Filling (eta=0.2, DPL)",1.145959595959596,623340.1767248492,2,0.7782943280690044,0.24773877898513466,9.640364271454818e-06,9.640364271454818e-06,True,0.7121052022728862,-0.7020590433526378,2.742513310278925e+19,7.10248904690986e+17,CONVERGED
S4,S4_eta02_dpl,"Asymmetric Filling (eta=0.2, DPL)",1.145959595959596,623340.1767248492,3,0.0001536224300803069,4.8899538234139835e-05,-4.1389449281707815,4.1389449281707815,False,62.73659416423237,-0.009637748126287852,2.742513310278925e+19,7.10248904690986e+17,CONVERGED
S4,S4_eta02_dpl,"Asymmetric Filling (eta=0.2, DPL)",1.145959595959596,623340.1767248492,4,3.141578836987073,0.9999956020387607,-1.3534173742630655,1.3534173742630655,False,-3.87063034710735,-5.3478961787181966e-05,2.742513310278925e+19,7.10248904690986e+17,CONVERGED
S4,S4_eta02_dpl,"Asymmetric Filling (eta=0.2, DPL)",1.1636363636363636,632955.3843869776,0,4.463622032748093e-05,1.4208150212115058e-05,4.152924081486351,4.152924081486351,False,0.01571838736003908,-7.01609401861356e-07,3.234975574984796e+19,9.990314936877133e+16,CONVERGED
S4,S4_eta02_dpl,"Asymmetric Filling (eta=0.2, DPL)",1.1636363636363636,632955.3843869776,1,0.6109669396931994,0.1944768170358012,7.894845019106413e-05,7.894845019106413e-05,True,0.8190290428454817,0.573614454612409,3.234975574984796e+19,9.990314936877133e+16,CONVERGED
S4,S4_eta02_dpl,"Asymmetric Filling (eta=0.2, DPL)",1.1636363636363636,632955.3843869776,2,0.6109149166703263,0.19446025759331154,-1.5079475850064829e-05,1.5079475850064829e-05,True,0.8191359009239831,-0.5736257797762757,3.234975574984796e+19,9.990314936877133e+16,CONVERGED
S4,S4_eta02_dpl,"Asymmetric Filling (eta=0.2, DPL)",1.1636363636363636,632955.3843869776,3,0.0004588362999427943,0.0001460521304117825,-4.153868715822691,4.153868715822691,False,63.67987703538773,-0.029218641210203605,3.234975574984796e+19,9.990314936877133e+16,CONVERGED
S4,S4_eta02_dpl,"Asymmetric Filling (eta=0.2, DPL)",1.1636363636363636,632955.3843869776,4,3.1415838270872625,0.9999971904369841,-1.3791653908559005,1.3791653908559005,False,-3.9715855221132026,3.505520966362108e-05,3.234975574984796e+19,9.990314936877133e+16,CONVERGED
S4,S4_eta02_dpl,"Asymmetric Filling (eta=0.2, DPL)",1.1813131313131313,642570.5920491063,0,0.000803531686225501,0.00025577207958750865,4.168850463713054,4.168850463713054,False,0.015470028276903842,1.2430660582636751e-05,3.7217108900763574e+19,9.311991753507706e+16,CONVERGED
S4,S4_eta02_dpl,"Asymmetric Filling (eta=0.2, DPL)",1.1813131313131313,642570.5920491063,1,0.38410539722156234,0.12226454527217522,3.519034753611004e-05,3.519034753611004e-05,True,0.927101412415702,0.37471668348020115,3.7217108900763574e+19,9.311991753507706e+16,CONVERGED
S4,S4_eta02_dpl,"Asymmetric Filling (eta=0.2, DPL)",1.1813131313131313,642570.5920491063,2,0.3840557031968722,0.12224872717283208,-1.0150689268007515e-05,1.0150689268007515e-05,True,0.9271620699875971,-0.37468759995618284,3.7217108900763574e+19,9.311991753507706e+16,CONVERGED
S4,S4_eta02_dpl,"Asymmetric Filling (eta=0.2, DPL)",1.1813131313131313,642570.5920491063,3,0.00021692395175619618,6.90490383940529e-05,-4.168824186767241,4.168824186767241,False,64.63940201983246,0.014021834745236663,3.7217108900763574e+19,9.311991753507706e+16,CONVERGED
S4,S4_eta02_dpl,"Asymmetric Filling (eta=0.2, DPL)",1.1813131313131313,642570.5920491063,4,3.141568318129483,0.9999922537823985,-1.4036262162588977,1.4036262162588977,False,-4.069931691761954,9.904366116955496e-05,3.7217108900763574e+19,9.311991753507706e+16,CONVERGED
S4,S4_eta02_dpl,"Asymmetric Filling (eta=0.2, DPL)",1.198989898989899,652185.7997112349,0,6.152652457742369e-05,1.9584501035523933e-05,4.1838105591985135,4.1838105591985135,False,0.01524032259813158,9.376840840850135e-07,4.229903015686477e+19,6.7003748088535016e+16,CONVERGED
S4,S4_eta02_dpl,"Asymmetric Filling (eta=0.2, DPL)",1.198989898989899,652185.7997112349,1,0.00021063847940707957,6.704831040599424e-05,0.26785350668399643,0.26785350668399643,False,0.7650198262167097,-0.00016114261529377843,4.229903015686477e+19,6.7003748088535016e+16,CONVERGED
S4,S4_eta02_dpl,"Asymmetric Filling (eta=0.2, DPL)",1.198989898989899,652185.7997112349,2,0.00012899050778736692,4.105895385258613e-05,-0.2679017677866381,0.2679017677866381,False,1.307218711844088,0.00016861880636510746,4.229903015686477e+19,6.7003748088535016e+16,CONVERGED
S4,S4_eta02_dpl,"Asymmetric Filling (eta=0.2, DPL)",1.198989898989899,652185.7997112349,3,0.00016742232358629832,5.32921807653804e-05,-4.183621164519712,4.183621164519712,False,65.60298188654822,-0.010983403764258205,4.229903015686477e+19,6.7003748088535016e+16,CONVERGED
S4,S4_eta02_dpl,"Asymmetric Filling (eta=0.2, DPL)",1.198989898989899,652185.7997112349,4,1.7280196886612247,0.5500457504211038,1.3129779749157298,1.3129779749157298,False,-0.04212183457260671,-0.2656996281547901,4.229903015686477e+19,6.7003748088535016e+16,CONVERGED
S4,S4_eta02_dpl,"Asymmetric Filling (eta=0.2, DPL)",1.2166666666666666,661801.0073733634,0,0.003078578168074233,0.000979941866287612,4.197314156996831,4.197314156996831,False,0.015035835468780347,-4.6289141050361946e-05,4.078167439017073e+19,6.4506154079822984e+16,CONVERGED
S4,S4_eta02_dpl,"Asymmetric Filling (eta=0.2, DPL)",1.2166666666666666,661801.0073733634,1,0.00038612711815415226,0.0001229080790321233,0.5336217498810188,0.5336217498810188,False,0.5864770017100145,0.00022645468578833222,4.078167439017073e+19,6.4506154079822984e+16,CONVERGED
S4,S4_eta02_dpl,"Asymmetric Filling (eta=0.2, DPL)",1.2166666666666666,661801.0073733634,2,0.0001866448782941946,5.9410909966612555e-05,-0.5336474768370845,0.5336474768370845,False,1.7051404102865022,-0.00031825572804805574,4.078167439017073e+19,6.4506154079822984e+16,CONVERGED
S4,S4_eta02_dpl,"Asymmetric Filling (eta=0.2, DPL)",1.2166666666666666,661801.0073733634,3,6.152953604356036e-05,1.9585459614967145e-05,-4.198552399976915,4.198552399976915,False,66.58986561894804,0.004097243541907466,4.078167439017073e+19,6.4506154079822984e+16,CONVERGED
S4,S4_eta02_dpl,"Asymmetric Filling (eta=0.2, DPL)",1.2166666666666666,661801.0073733634,4,3.1415917394692428,0.9999997090263917,-1.4505528519102158,1.4505528519102158,False,-4.265472037790611,3.899155647240656e-06,4.078167439017073e+19,6.4506154079822984e+16,CONVERGED
S4,S4_eta02_dpl,"Asymmetric Filling (eta=0.2, DPL)",1.2343434343434343,671416.215035492,0,2.8242460560089406e-05,8.989854406432255e-06,4.212742395532078,4.212742395532078,False,0.014805709494773141,-4.1814966658144887e-07,4.063254216711343e+19,7.732353516644771e+16,CONVERGED
S4,S4_eta02_dpl,"Asymmetric Filling (eta=0.2, DPL)",1.2343434343434343,671416.215035492,1,2.0463455230915407e-05,6.513720105479779e-06,0.7010802710972139,0.7010802710972139,False,0.49604914658621213,1.015087950491765e-05,4.063254216711343e+19,7.732353516644771e+16,CONVERGED
S4,S4_eta02_dpl,"Asymmetric Filling (eta=0.2, DPL)",1.2343434343434343,671416.215035492,2,5.380753291257767e-06,1.712746967723317e-06,-0.7010386695738668,0.7010386695738668,False,2.015845417736951,-1.0846766866259666e-05,4.063254216711343e+19,7.732353516644771e+16,CONVERGED
S4,S4_eta02_dpl,"Asymmetric Filling (eta=0.2, DPL)",1.2343434343434343,671416.215035492,3,9.352448159969375e-05,2.9769767093396543e-05,-4.212448701262048,4.212448701262048,False,67.52167766333693,-0.006314929918617078,4.063254216711343e+19,7.732353516644771e+16,CONVERGED
S4,S4_eta02_dpl,"Asymmetric Filling (eta=0.2, DPL)",1.2343434343434343,671416.215035492,4,3.1415915393056095,0.9999996453123283,-1.4734401362297869,1.4734401362297869,False,-4.364222867570084,-4.86298451551986e-06,4.063254216711343e+19,7.732353516644771e+16,CONVERGED
S4,S4_eta02_dpl,"Asymmetric Filling (eta=0.2, DPL)",1.252020202020202,681031.4226976206,0,1.20907019376138e-06,3.8485899576439866e-07,4.227013831873987,4.227013831873987,False,0.014595911381139876,-1.7647481401727322e-08,5.523055378209915e+19,7.361799952463206e+16,CONVERGED
S4,S4_eta02_dpl,"Asymmetric Filling (eta=0.2, DPL)",1.252020202020202,681031.4226976206,1,1.8528123293733897e-06,5.897684816827678e-07,0.8317842951661576,0.8317842951661576,False,0.435271939401411,8.064772159541241e-07,5.523055378209915e+19,7.361799952463206e+16,CONVERGED
S4,S4_eta02_dpl,"Asymmetric Filling (eta=0.2, DPL)",1.252020202020202,681031.4226976206,2,6.030380483258509e-07,1.9195297252709685e-07,-0.8317695514658442,0.8317695514658442,False,2.2973804784697647,-1.3854078399984842e-06,5.523055378209915e+19,7.361799952463206e+16,CONVERGED
S4,S4_eta02_dpl,"Asymmetric Filling (eta=0.2, DPL)",1.252020202020202,681031.4226976206,3,3.7438132507825347e-05,1.191692769749956e-05,4.128471530567733,4.128471530567733,False,0.016107479796100572,-6.03033963255273e-07,5.523055378209915e+19,7.361799952463206e+16,CONVERGED
S4,S4_eta02_dpl,"Asymmetric Filling (eta=0.2, DPL)",1.252020202020202,681031.4226976206,4,3.141583527491837,0.9999970950727983,-1.496166751337923,1.496166751337923,False,-4.464542525998794,-4.0743852421692165e-05,5.523055378209915e+19,7.361799952463206e+16,CONVERGED
S4,S4_eta02_dpl,"Asymmetric Filling (eta=0.2, DPL)",1.2696969696969698,690646.6303597492,0,2.3742495645648836e-05,7.557471086685627e-06,-4.24080580701884,4.24080580701884,False,69.46380369352985,0.0016492440570337343,3.791098545808479e+19,4.267151369015937e+17,CONVERGED
S4,S4_eta02_dpl,"Asymmetric Filling (eta=0.2, DPL)",1.2696969696969698,690646.6303597492,1,3.090260711724973e-06,9.83660535427416e-07,0.9412955262926026,0.9412955262926026,False,0.3901220943964203,-1.2055789810929566e-06,3.791098545808479e+19,4.267151369015937e+17,CONVERGED
S4,S4_eta02_dpl,"Asymmetric Filling (eta=0.2, DPL)",1.2696969696969698,690646.6303597492,2,5.029357294085692e-07,1.6008941478580342e-07,-0.9412957777367976,0.9412957777367976,False,2.5633007353415382,-1.289175525022627e-06,3.791098545808479e+19,4.267151369015937e+17,CONVERGED
S4,S4_eta02_dpl,"Asymmetric Filling (eta=0.2, DPL)",1.2696969696969698,690646.6303597492,3,2.4139779996339612e-05,7.68393062313661e-06,4.0234908114452255,4.0234908114452255,False,0.01789040377693535,4.318704113047904e-07,3.791098545808479e+19,4.267151369015937e+17,CONVERGED
S4,S4_eta02_dpl,"Asymmetric Filling (eta=0.2, DPL)",1.2696969696969698,690646.6303597492,4,3.1415921233794526,0.9999998312288069,-1.5189565622669383,1.5189565622669383,False,-4.567456851016575,2.4217128529384745e-06,3.791098545808479e+19,4.267151369015937e+17,CONVERGED
S4,S4_eta02_dpl,"Asymmetric Filling (eta=0.2, DPL)",1.2873737373737373,700261.8380218776,0,0.0006186194814520366,0.0001969126967320734,-4.25387611371642,4.25387611371642,False,70.3776627526469,-0.04353699879157448,3.6248910709325324e+19,1.4080585145647896e+17,CONVERGED
S4,S4_eta02_dpl,"Asymmetric Filling (eta=0.2, DPL)",1.2873737373737373,700261.8380218776,1,3.208382473227051e-05,1.0212598598869714e-05,1.036399554161801,1.036399554161801,False,0.354729569920493,-1.1381081352587915e-05,3.6248910709325324e+19,1.4080585145647896e+17,CONVERGED
S4,S4_eta02_dpl,"Asymmetric Filling (eta=0.2, DPL)",1.2873737373737373,700261.8380218776,2,1.2069240641028506e-05,3.841758614770565e-06,-1.036369973849061,1.036369973849061,False,2.8189655002862573,3.4022772983364146e-05,3.6248910709325324e+19,1.4080585145647896e+17,CONVERGED
S4,S4_eta02_dpl,"Asymmetric Filling (eta=0.2, DPL)",1.2873737373737373,700261.8380218776,3,0.00011790458336314807,3.7530194510870926e-05,3.9292592676677316,3.9292592676677316,False,0.019658228510229594,-2.317795252896449e-06,3.6248910709325324e+19,1.4080585145647896e+17,CONVERGED
S4,S4_eta02_dpl,"Asymmetric Filling (eta=0.2, DPL)",1.2873737373737373,700261.8380218776,4,3.1415693935335227,0.9999925960941359,-1.5421299370329675,1.5421299370329675,False,-4.674536141565709,-0.00010872997371204247,3.6248910709325324e+19,1.4080585145647896e+17,CONVERGED
S4,S4_eta02_dpl,"Asymmetric Filling (eta=0.2, DPL)",1.305050505050505,709877.0456840061,0,0.0003573424490785158,0.00011374563429481939,-4.268950067531604,4.268950067531604,False,71.4465775775907,0.025530896096565343,5.235643977094359e+19,1.870810634149289e+18,CONVERGED
S4,S4_eta02_dpl,"Asymmetric Filling (eta=0.2, DPL)",1.305050505050505,709877.0456840061,1,9.566170914384235e-06,3.0450067749723344e-06,1.1207165773567318,1.1207165773567318,False,0.326046073644911,-3.11901246654627e-06,5.235643977094359e+19,1.870810634149289e+18,CONVERGED
S4,S4_eta02_dpl,"Asymmetric Filling (eta=0.2, DPL)",1.305050505050505,709877.0456840061,2,1.8121968088738424e-05,5.768401599752614e-06,-1.1207134493222062,1.1207134493222062,False,3.0670416011495396,5.5580830028949516e-05,5.235643977094359e+19,1.870810634149289e+18,CONVERGED
S4,S4_eta02_dpl,"Asymmetric Filling (eta=0.2, DPL)",1.305050505050505,709877.0456840061,3,3.468874932356729e-05,1.104177184904275e-05,3.843299271415459,3.843299271415459,False,0.021422804960110366,7.431303113670143e-07,5.235643977094359e+19,1.870810634149289e+18,CONVERGED
S4,S4_eta02_dpl,"Asymmetric Filling (eta=0.2, DPL)",1.305050505050505,709877.0456840061,4,3.141589783890533,0.9999990865463552,-1.5659230947071128,1.5659230947071128,False,-4.787091836089689,1.3737513899506995e-05,5.235643977094359e+19,1.870810634149289e+18,CONVERGED
S4,S4_eta02_dpl,"Asymmetric Filling (eta=0.2, DPL)",1.3227272727272728,719492.2533461349,0,0.0001371104204686646,4.364360233399231e-05,3.7647038192179467,3.7647038192179467,False,0.023174474835250806,3.177462008713044e-06,5.270583388213768e+19,3.4662578460177414e+17,CONVERGED
S4,S4_eta02_dpl,"Asymmetric Filling (eta=0.2, DPL)",1.3227272727272728,719492.2533461349,1,5.659493073225703e-06,1.8014725959964255e-06,1.1965936787708638,1.1965936787708638,False,0.3022219255131126,1.7104228940366568e-06,5.270583388213768e+19,3.4662578460177414e+17,CONVERGED
S4,S4_eta02_dpl,"Asymmetric Filling (eta=0.2, DPL)",1.3227272727272728,719492.2533461349,2,2.590518627317477e-07,8.245876894184157e-08,-1.1965989979416218,1.1965989979416218,False,3.308844378087548,-8.571622996330697e-07,5.270583388213768e+19,3.4662578460177414e+17,CONVERGED
S4,S4_eta02_dpl,"Asymmetric Filling (eta=0.2, DPL)",1.3227272727272728,719492.2533461349,3,5.178369310382661e-06,1.6483261458055394e-06,4.282539652763563,4.282539652763563,False,0.013807551134955336,7.15005990494311e-08,5.270583388213768e+19,3.4662578460177414e+17,CONVERGED
S4,S4_eta02_dpl,"Asymmetric Filling (eta=0.2, DPL)",1.3227272727272728,719492.2533461349,4,3.1415746499440735,0.9999942692615801,-1.5907084308441928,1.5907084308441928,False,-4.907224125347652,8.834792462999205e-05,5.270583388213768e+19,3.4662578460177414e+17,CONVERGED
S4,S4_eta02_dpl,"Asymmetric Filling (eta=0.2, DPL)",1.3404040404040405,729107.4610082634,0,6.985609942651601e-05,2.2235887057697878e-05,3.6919775257061707,3.6919775257061707,False,0.02492266800117752,-1.7410003766962603e-06,3.895619480219959e+19,2.8325725472923302e+17,CONVERGED
S4,S4_eta02_dpl,"Asymmetric Filling (eta=0.2, DPL)",1.3404040404040405,729107.4610082634,1,2.1396444447864477e-06,6.810699796937542e-07,1.2655780623220807,1.2655780623220807,False,0.2820761913838671,-6.035427559019311e-07,3.895619480219959e+19,2.8325725472923302e+17,CONVERGED
S4,S4_eta02_dpl,"Asymmetric Filling (eta=0.2, DPL)",1.3404040404040405,729107.4610082634,2,3.6399555635367337e-07,1.1586338411434333e-07,-1.2655576224913458,1.2655576224913458,False,3.5450689952593923,1.2903893612416575e-06,3.895619480219959e+19,2.8325725472923302e+17,CONVERGED
S4,S4_eta02_dpl,"Asymmetric Filling (eta=0.2, DPL)",1.3404040404040405,729107.4610082634,3,0.0002769494305083522,8.815574170377923e-05,-4.29577695740228,4.29577695740228,False,73.3892097770488,0.020325100372863416,3.895619480219959e+19,2.8325725472923302e+17,CONVERGED
S4,S4_eta02_dpl,"Asymmetric Filling (eta=0.2, DPL)",1.3404040404040405,729107.4610082634,4,3.141572939515826,0.9999937248153593,-1.6167890465436194,1.6167890465436194,False,-5.0368910991508375,-9.929764370689773e-05,3.895619480219959e+19,2.8325725472923302e+17,CONVERGED
S4,S4_eta02_dpl,"Asymmetric Filling (eta=0.2, DPL)",1.358080808080808,738722.6686703919,0,2.9768281126225645e-05,9.475538177175969e-06,4.309177076917633,4.309177076917633,False,0.01344460891619155,4.0022289796756917e-07,3.5437979118983737e+19,1.501367059093149e+17,CONVERGED
S4,S4_eta02_dpl,"Asymmetric Filling (eta=0.2, DPL)",1.358080808080808,738722.6686703919,1,6.209315203768517e-05,1.9764864157908377e-05,1.3287329014635487,1.3287329014635487,False,0.2648125919439833,-1.644304855420362e-05,3.5437979118983737e+19,1.501367059093149e+17,CONVERGED
S4,S4_eta02_dpl,"Asymmetric Filling (eta=0.2, DPL)",1.358080808080808,738722.6686703919,2,4.314843156054672e-06,1.3734572339046708e-06,-1.3286743362113114,1.3286743362113114,False,3.776034316137124,1.6292995826112966e-05,3.5437979118983737e+19,1.501367059093149e+17,CONVERGED
S4,S4_eta02_dpl,"Asymmetric Filling (eta=0.2, DPL)",1.358080808080808,738722.6686703919,3,4.315642416638744e-06,1.3737116464502179e-06,3.624387634006213,3.624387634006213,False,0.026665421334701775,-1.1507842337029712e-07,3.5437979118983737e+19,1.501367059093149e+17,CONVERGED
S4,S4_eta02_dpl,"Asymmetric Filling (eta=0.2, DPL)",1.358080808080808,738722.6686703919,4,3.1415884784537096,0.9999986710129084,-1.644590255149023,1.644590255149023,False,-5.178887449633798,-2.1622559864965373e-05,3.5437979118983737e+19,1.501367059093149e+17,CONVERGED
S4,S4_eta02_dpl,"Asymmetric Filling (eta=0.2, DPL)",1.3757575757575757,748337.8763325205,0,0.00012576815761609314,4.0033247936323654e-05,4.322653999598845,4.322653999598845,False,0.013264632350826457,-1.6682683810142869e-06,6.302037353307515e+19,1.314172976210038e+17,CONVERGED
S4,S4_eta02_dpl,"Asymmetric Filling (eta=0.2, DPL)",1.3757575757575757,748337.8763325205,1,7.604347612063692e-06,2.420539022897974e-06,1.3868347566730816,1.3868347566730816,False,0.24986493760132256,1.9000598416236851e-06,6.302037353307515e+19,1.314172976210038e+17,CONVERGED
S4,S4_eta02_dpl,"Asymmetric Filling (eta=0.2, DPL)",1.3757575757575757,748337.8763325205,2,7.065652207670686e-07,2.2490669500379052e-07,-1.3867679832022444,1.3867679832022444,False,4.001894937035006,-2.8275997796732235e-06,6.302037353307515e+19,1.314172976210038e+17,CONVERGED
S4,S4_eta02_dpl,"Asymmetric Filling (eta=0.2, DPL)",1.3757575757575757,748337.8763325205,3,1.0145254473998636e-05,3.229334796924099e-06,3.5614727188599598,3.5614727188599598,False,0.028396973144572634,-2.880945188528788e-07,6.302037353307515e+19,1.314172976210038e+17,CONVERGED
S4,S4_eta02_dpl,"Asymmetric Filling (eta=0.2, DPL)",1.3757575757575757,748337.8763325205,4,3.141585743198615,0.9999978003541706,-1.6746440299724912,1.6746440299724912,False,-5.336895036101343,-3.6880032377459816e-05,6.302037353307515e+19,1.314172976210038e+17,CONVERGED
S4,S4_eta02_dpl,"Asymmetric Filling (eta=0.2, DPL)",1.3934343434343435,757953.0839946492,0,0.0009835661856678315,0.0003130788406141526,4.335342146253104,4.335342146253104,False,0.013097385747436718,-1.2882149895901243e-05,4.603647190512265e+19,1.4178366149765798e+17,CONVERGED
S4,S4_eta02_dpl,"Asymmetric Filling (eta=0.2, DPL)",1.3934343434343435,757953.0839946492,1,4.96044706146753e-05,1.5789593395564484e-05,1.4404492313040946,1.4404492313040946,False,0.23682134692822066,-1.1747397554263977e-05,4.603647190512265e+19,1.4178366149765798e+17,CONVERGED
S4,S4_eta02_dpl,"Asymmetric Filling (eta=0.2, DPL)",1.3934343434343435,757953.0839946492,2,6.466616427809831e-06,2.0583879391303783e-06,-1.4404327017959038,1.4404327017959038,False,4.22252251474746,-2.7305433461043416e-05,4.603647190512265e+19,1.4178366149765798e+17,CONVERGED
S4,S4_eta02_dpl,"Asymmetric Filling (eta=0.2, DPL)",1.3934343434343435,757953.0839946492,3,3.14021910402906,0.9995627855956553,1.872965328930072,1.872965328930072,False,-0.15366716645356562,-0.0002110696017187677,4.603647190512265e+19,1.4178366149765798e+17,CONVERGED
S4,S4_eta02_dpl,"Asymmetric Filling (eta=0.2, DPL)",1.3934343434343435,757953.0839946492,4,0.006303348602207416,0.002006418176145399,-3.173791344554468,3.173791344554468,False,23.897443300030275,-0.15063591085908792,4.603647190512265e+19,1.4178366149765798e+17,CONVERGED
S4,S4_eta02_dpl,"Asymmetric Filling (eta=0.2, DPL)",1.4111111111111112,767568.2916567777,0,4.453034161640427e-06,1.4174447971642962e-06,4.348939940004337,4.348939940004337,False,0.012920501830471151,-5.753543603700601e-08,4.051169898464479e+19,2.6092933374047613e+17,CONVERGED
S4,S4_eta02_dpl,"Asymmetric Filling (eta=0.2, DPL)",1.4111111111111112,767568.2916567777,1,9.83098037235424e-07,3.1292982433991584e-07,1.4901671861908785,1.4901671861908785,False,0.2253349794930671,2.2152637606019017e-07,4.051169898464479e+19,2.6092933374047613e+17,CONVERGED
S4,S4_eta02_dpl,"Asymmetric Filling (eta=0.2, DPL)",1.4111111111111112,767568.2916567777,2,1.4879471527818403e-06,4.73628288849483e-07,-1.4901650303649383,1.4901650303649383,False,4.437827834917039,6.60325329150568e-06,4.051169898464479e+19,2.6092933374047613e+17,CONVERGED
S4,S4_eta02_dpl,"Asymmetric Filling (eta=0.2, DPL)",1.4111111111111112,767568.2916567777,3,2.5263797949794438e-05,8.041716649969351e-06,3.4473860493739004,3.4473860493739004,False,0.03182872644336315,-8.04114514035484e-07,4.051169898464479e+19,2.6092933374047613e+17,CONVERGED
S4,S4_eta02_dpl,"Asymmetric Filling (eta=0.2, DPL)",1.4111111111111112,767568.2916567777,4,3.141584691061762,0.9999974654486087,-1.7439363776953445,1.7439363776953445,False,-5.719814516402901,-4.55441834216543e-05,4.051169898464479e+19,2.6092933374047613e+17,CONVERGED
S4,S4_eta02_dpl,"Asymmetric Filling (eta=0.2, DPL)",1.4287878787878787,777183.4993189061,0,0.0015157826181177948,0.00048248859265244355,-4.360847198834724,4.360847198834724,False,78.32337189062022,-0.11872129662875477,6.714800065357509e+19,7.713710490022117e+16,CONVERGED
S4,S4_eta02_dpl,"Asymmetric Filling (eta=0.2, DPL)",1.4287878787878787,777183.4993189061,1,1.7737715117589138e-05,5.646090080240302e-06,1.5363598135210945,1.5363598135210945,False,0.21516291068236926,3.8164984139554e-06,6.714800065357509e+19,7.713710490022117e+16,CONVERGED
S4,S4_eta02_dpl,"Asymmetric Filling (eta=0.2, DPL)",1.4287878787878787,777183.4993189061,2,1.458867413537727e-08,4.64371920360435e-09,-1.5363411759534495,1.5363411759534495,False,4.6475545403126155,-6.780165871501385e-08,6.714800065357509e+19,7.713710490022117e+16,CONVERGED
S4,S4_eta02_dpl,"Asymmetric Filling (eta=0.2, DPL)",1.4287878787878787,777183.4993189061,3,1.3594085342893633e-05,4.32713175826921e-06,3.395514190585574,3.395514190585574,False,0.03352331236502738,-4.557187692947358e-07,6.714800065357509e+19,7.713710490022117e+16,CONVERGED
S4,S4_eta02_dpl,"Asymmetric Filling (eta=0.2, DPL)",1.4287878787878787,777183.4993189061,4,3.14158638110835,0.9999980034071457,-1.7847919432513042,1.7847919432513042,False,-5.958340145616931,-3.737357799737043e-05,6.714800065357509e+19,7.713710490022117e+16,CONVERGED
S4,S4_eta02_dpl,"Asymmetric Filling (eta=0.2, DPL)",1.4464646464646465,786798.7069810347,0,1.919595701137772e-05,6.11026289148058e-06,4.3746713279286205,4.3746713279286205,False,0.01259228029089322,2.417208711688953e-07,3.882804414390205e+19,4.932885986800201e+16,CONVERGED
S4,S4_eta02_dpl,"Asymmetric Filling (eta=0.2, DPL)",1.4464646464646465,786798.7069810347,1,1.3470766232905382e-05,4.287878066404563e-06,1.5792780962773558,1.5792780962773558,False,0.20612384606071005,-2.7766461454791515e-06,3.882804414390205e+19,4.932885986800201e+16,CONVERGED
S4,S4_eta02_dpl,"Asymmetric Filling (eta=0.2, DPL)",1.4464646464646465,786798.7069810347,2,8.900992815696424e-08,2.833274010087067e-08,-1.5792760223493352,1.5792760223493352,False,4.85144220377522,-4.3182652201569775e-07,3.882804414390205e+19,4.932885986800201e+16,CONVERGED
S4,S4_eta02_dpl,"Asymmetric Filling (eta=0.2, DPL)",1.4464646464646465,786798.7069810347,3,1.482033779446893e-05,4.717460036562736e-06,3.3467335483331713,3.3467335483331713,False,0.03519914281775241,-5.216631866730387e-07,3.882804414390205e+19,4.932885986800201e+16,CONVERGED
S4,S4_eta02_dpl,"Asymmetric Filling (eta=0.2, DPL)",1.4464646464646465,786798.7069810347,4,3.141583863645764,0.9999972020739165,-1.831283283733099,1.831283283733099,False,-6.241891638858568,-5.486587814446756e-05,3.882804414390205e+19,4.932885986800201e+16,CONVERGED
S4,S4_eta02_dpl,"Asymmetric Filling (eta=0.2, DPL)",1.4641414141414142,796413.9146431634,0,0.0015948393711128503,0.0005076531387003597,-4.385287934569835,4.385287934569835,False,80.2612278248021,0.12800387463536117,6.854479117064138e+19,2.9893463413359315e+17,CONVERGED
S4,S4_eta02_dpl,"Asymmetric Filling (eta=0.2, DPL)",1.4641414141414142,796413.9146431634,1,5.007164888744153e-06,1.5938300858396242e-06,1.619211434084233,1.619211434084233,False,0.1980548167964685,9.916931247182206e-07,6.854479117064138e+19,2.9893463413359315e+17,CONVERGED
S4,S4_eta02_dpl,"Asymmetric Filling (eta=0.2, DPL)",1.4641414141414142,796413.9146431634,2,2.2802557954395454e-07,7.258279627162908e-08,-1.6192263331068162,1.6192263331068162,False,5.049182419777652,-1.1513427474929658e-06,6.854479117064138e+19,2.9893463413359315e+17,CONVERGED
S4,S4_eta02_dpl,"Asymmetric Filling (eta=0.2, DPL)",1.4641414141414142,796413.9146431634,3,1.4082716197121858e-05,4.482667789864485e-06,3.30083897326498,3.30083897326498,False,0.036852236383169645,-5.189795862477351e-07,6.854479117064138e+19,2.9893463413359315e+17,CONVERGED
S4,S4_eta02_dpl,"Asymmetric Filling (eta=0.2, DPL)",1.4641414141414142,796413.9146431634,4,3.1415801459593378,0.9999960186975734,-1.8849265459001283,1.8849265459001283,False,-6.585870664530863,-8.237363650435796e-05,6.854479117064138e+19,2.9893463413359315e+17,CONVERGED
S4,S4_eta02_dpl,"Asymmetric Filling (eta=0.2, DPL)",1.4818181818181817,806029.1223052919,0,8.219470921207925e-06,2.6163388534206718e-06,4.399921245234794,4.399921245234794,False,0.012278306839750052,-1.0092118603326667e-07,7.92693449602943e+19,5.36712157206021e+16,CONVERGED
S4,S4_eta02_dpl,"Asymmetric Filling (eta=0.2, DPL)",1.4818181818181817,806029.1223052919,1,1.3673588720686787e-05,4.352438469405775e-06,1.65643050007098,1.65643050007098,False,0.19081889391392576,2.609179075677994e-06,7.92693449602943e+19,5.36712157206021e+16,CONVERGED
S4,S4_eta02_dpl,"Asymmetric Filling (eta=0.2, DPL)",1.4818181818181817,806029.1223052919,2,6.025592297373469e-07,1.9180055983668747e-07,-1.6564075481921547,1.6564075481921547,False,5.2404509206618295,3.1576820702307447e-06,7.92693449602943e+19,5.36712157206021e+16,CONVERGED
S4,S4_eta02_dpl,"Asymmetric Filling (eta=0.2, DPL)",1.4818181818181817,806029.1223052919,3,9.97133971057666e-06,3.173976008373569e-06,3.257672196318211,3.257672196318211,False,0.03847786275766204,-3.836758409063102e-07,7.92693449602943e+19,5.36712157206021e+16,CONVERGED
S4,S4_eta02_dpl,"Asymmetric Filling (eta=0.2, DPL)",1.4818181818181817,806029.1223052919,4,3.141584432280838,0.9999973830760822,-1.9477767082620012,1.9477767082620012,False,-7.0130781159518385,-5.765668191955176e-05,7.92693449602943e+19,5.36712157206021e+16,CONVERGED
S4,S4_eta02_dpl,"Asymmetric Filling (eta=0.2, DPL)",1.4994949494949494,815644.3299674204,0,2.073868979175908e-05,6.601329987215774e-06,4.4123480762874285,4.4123480762874285,False,0.012126670523648143,-2.514912582328624e-07,1.1148934880326936e+20,3.4549496319959296e+17,CONVERGED
S4,S4_eta02_dpl,"Asymmetric Filling (eta=0.2, DPL)",1.4994949494949494,815644.3299674204,1,5.7581431091477975e-06,1.832873877702814e-06,1.6909749532782676,1.6909749532782676,False,0.18433971374264993,-1.0614544524412485e-06,1.1148934880326936e+20,3.4549496319959296e+17,CONVERGED
S4,S4_eta02_dpl,"Asymmetric Filling (eta=0.2, DPL)",1.4994949494949494,815644.3299674204,2,6.067852872648449e-07,1.9314575572727153e-07,-1.6910008549311568,1.6910008549311568,False,5.424907534399656,-3.2917540766463207e-06,1.1148934880326936e+20,3.4549496319959296e+17,CONVERGED
S4,S4_eta02_dpl,"Asymmetric Filling (eta=0.2, DPL)",1.4994949494949494,815644.3299674204,3,6.341500469429107e-05,2.0185622926584342e-05,3.2169919287763142,3.2169919287763142,False,0.04007542678897904,-2.5413833813555168e-06,1.1148934880326936e+20,3.4549496319959296e+17,CONVERGED
S4,S4_eta02_dpl,"Asymmetric Filling (eta=0.2, DPL)",1.4994949494949494,815644.3299674204,4,3.141569089349054,0.9999924992692123,-2.022692466173633,2.022692466173633,False,-7.558648965061415,-0.00017811382390785113,1.1148934880326936e+20,3.4549496319959296e+17,CONVERGED
S4,S4_eta02_dpl,"Asymmetric Filling (eta=0.2, DPL)",1.5171717171717172,825259.537629549,0,0.0006558685782677981,0.00020876945249994743,-4.424772368431437,4.424772368431437,False,83.49378127623362,-0.05476095547190251,7.284313910637886e+19,4.222527535271855e+16,CONVERGED
S4,S4_eta02_dpl,"Asymmetric Filling (eta=0.2, DPL)",1.5171717171717172,825259.537629549,1,2.940526106046939e-05,9.359985301362663e-06,1.7231474086337801,1.7231474086337801,False,0.1785034394954318,5.24894024006774e-06,7.284313910637886e+19,4.222527535271855e+16,CONVERGED
S4,S4_eta02_dpl,"Asymmetric Filling (eta=0.2, DPL)",1.5171717171717172,825259.537629549,2,4.58861608237047e-07,1.460601862920456e-07,-1.723148266818719,1.723148266818719,False,5.60213775476555,2.5706059397173806e-06,7.284313910637886e+19,4.222527535271855e+16,CONVERGED
S4,S4_eta02_dpl,"Asymmetric Filling (eta=0.2, DPL)",1.5171717171717172,825259.537629549,3,3.1746534380781356e-05,1.0105235745476311e-05,3.179006113025478,3.179006113025478,False,0.04162700708734503,-1.321513212111387e-06,7.284313910637886e+19,4.222527535271855e+16,CONVERGED
S4,S4_eta02_dpl,"Asymmetric Filling (eta=0.2, DPL)",1.5171717171717172,825259.537629549,4,3.1415584260171228,0.999989105025239,-2.1139219813053924,2.1139219813053924,False,-8.280654247876456,-0.00028342669513714243,7.284313910637886e+19,4.222527535271855e+16,CONVERGED
S4,S4_eta02_dpl,"Asymmetric Filling (eta=0.2, DPL)",1.534848484848485,834874.7452916778,0,0.0009295712301490142,0.000295891712468459,-4.437442620266898,4.437442620266898,False,84.55838040853182,-0.07860306033614002,5.6835875443078775e+19,1.2535359771822474e+17,CONVERGED
S4,S4_eta02_dpl,"Asymmetric Filling (eta=0.2, DPL)",1.534848484848485,834874.7452916778,1,1.5665539372975713e-05,4.986496054819591e-06,1.7529927135682783,1.7529927135682783,False,0.17325466520387298,-2.714127779525021e-06,5.6835875443078775e+19,1.2535359771822474e+17,CONVERGED
S4,S4_eta02_dpl,"Asymmetric Filling (eta=0.2, DPL)",1.534848484848485,834874.7452916778,2,2.652394474212511e-06,8.442833832010998e-07,-1.7529992044644127,1.7529992044644127,False,5.771887813896644,1.530932334338989e-05,5.6835875443078775e+19,1.2535359771822474e+17,CONVERGED
S4,S4_eta02_dpl,"Asymmetric Filling (eta=0.2, DPL)",1.534848484848485,834874.7452916778,3,4.502521270890618e-05,1.4331970332772893e-05,3.143289839934914,3.143289839934914,False,0.04314063835043387,-1.9424164194388814e-06,5.6835875443078775e+19,1.2535359771822474e+17,CONVERGED
S4,S4_eta02_dpl,"Asymmetric Filling (eta=0.2, DPL)",1.534848484848485,834874.7452916778,4,3.1414652155350415,0.9999594352072966,-2.227645730275872,2.227645730275872,False,-9.27799736343485,-0.0011823699423901064,5.6835875443078775e+19,1.2535359771822474e+17,CONVERGED
S4,S4_eta02_dpl,"Asymmetric Filling (eta=0.2, DPL)",1.5525252525252524,844489.952953806,0,0.0002130942044736166,6.782999197242233e-05,-4.450007872926921,4.450007872926921,False,85.62761619538863,0.018246749030318237,7.552722051164784e+19,6.218118976152236e+16,CONVERGED
S4,S4_eta02_dpl,"Asymmetric Filling (eta=0.2, DPL)",1.5525252525252524,844489.952953806,1,1.2214110058549737e-05,3.88787198257326e-06,1.7806292558213717,1.7806292558213717,False,0.16853206410037225,2.0584691794188696e-06,7.552722051164784e+19,6.218118976152236e+16,CONVERGED
S4,S4_eta02_dpl,"Asymmetric Filling (eta=0.2, DPL)",1.5525252525252524,844489.952953806,2,7.028434519657094e-07,2.237220192002275e-07,-1.7806337004641102,1.7806337004641102,False,5.933615362250627,-4.170402703841681e-06,7.552722051164784e+19,6.218118976152236e+16,CONVERGED
S4,S4_eta02_dpl,"Asymmetric Filling (eta=0.2, DPL)",1.5525252525252524,844489.952953806,3,2.7621333196117773e-05,8.792143425900808e-06,3.1098263339459504,3.1098263339459504,False,0.04460870166779755,-1.2321518125258024e-06,7.552722051164784e+19,6.218118976152236e+16,CONVERGED
S4,S4_eta02_dpl,"Asymmetric Filling (eta=0.2, DPL)",1.5525252525252524,844489.952953806,4,3.1415742280933148,0.999994134982313,-2.3749087932273376,2.3749087932273376,False,-10.750032663751727,-0.00019807468901323296,7.552722051164784e+19,6.218118976152236e+16,CONVERGED
S4,S4_eta02_dpl,"Asymmetric Filling (eta=0.2, DPL)",1.5702020202020202,854105.1606159348,0,0.002849988479093086,0.0009071795084052348,-4.461610255088835,4.461610255088835,False,86.62653642547278,-0.24688529923324035,5.711051732093521e+19,1.4446866720577994e+17,CONVERGED
S4,S4_eta02_dpl,"Asymmetric Filling (eta=0.2, DPL)",1.5702020202020202,854105.1606159348,1,6.8381540550769605e-06,2.176652038978774e-06,1.8061867668514737,1.8061867668514737,False,0.16427937951872082,-1.1233677052389774e-06,5.711051732093521e+19,1.4446866720577994e+17,CONVERGED
S4,S4_eta02_dpl,"Asymmetric Filling (eta=0.2, DPL)",1.5702020202020202,854105.1606159348,2,1.7744718684149269e-06,5.648319384714938e-07,-1.80619547656743,1.80619547656743,False,6.087244258278763,1.080164369249729e-05,5.711051732093521e+19,1.4446866720577994e+17,CONVERGED
S4,S4_eta02_dpl,"Asymmetric Filling (eta=0.2, DPL)",1.5702020202020202,854105.1606159348,3,0.00017302882648531534,5.507678606505559e-05,3.078566321976991,3.078566321976991,False,0.046025193991941514,7.963685384659485e-06,5.711051732093521e+19,1.4446866720577994e+17,CONVERGED
S4,S4_eta02_dpl,"Asymmetric Filling (eta=0.2, DPL)",1.5702020202020202,854105.1606159348,4,3.1414786233238816,0.9999637030390363,-2.5746343800430287,2.5746343800430287,False,-13.126516879110993,0.001496820216704258,5.711051732093521e+19,1.4446866720577994e+17,CONVERGED
S4,S4_eta02_dpl,"Asymmetric Filling (eta=0.2, DPL)",1.587878787878788,863720.3682780633,0,0.00044440371624933806,0.0001414580963389804,-4.473330459855961,4.473330459855961,False,87.6481374346223,-0.03895116056249435,2.678957175261419e+20,1.672397125712661e+17,CONVERGED
S4,S4_eta02_dpl,"Asymmetric Filling (eta=0.2, DPL)",1.587878787878788,863720.3682780633,1,6.764890396341138e-05,2.1533314921051664e-05,1.829583053710536,1.829583053710536,False,0.16048046519524994,1.0856327594557918e-05,2.678957175261419e+20,1.672397125712661e+17,CONVERGED
S4,S4_eta02_dpl,"Asymmetric Filling (eta=0.2, DPL)",1.587878787878788,863720.3682780633,2,5.267503383280361e-06,1.6766984024047042e-06,-1.8297378809024811,1.8297378809024811,False,6.2322528518286,-3.2828412982769454e-05,2.678957175261419e+20,1.672397125712661e+17,CONVERGED
S4,S4_eta02_dpl,"Asymmetric Filling (eta=0.2, DPL)",1.587878787878788,863720.3682780633,3,0.00010685285719540411,3.4012320812281924e-05,3.0492919030712113,3.0492919030712113,False,0.047392470705215545,-5.064020923674645e-06,2.678957175261419e+20,1.672397125712661e+17,CONVERGED
S4,S4_eta02_dpl,"Asymmetric Filling (eta=0.2, DPL)",1.587878787878788,863720.3682780633,4,3.141468935409268,0.9999606192800382,-2.867402105215533,2.867402105215533,False,-17.59125841273232,-0.0021763584950732235,2.678957175261419e+20,1.672397125712661e+17,CONVERGED
S4,S4_eta02_dpl,"Asymmetric Filling (eta=0.2, DPL)",1.6055555555555556,873335.5759401919,0,2.6583516556572398e-05,8.461796129487475e-06,4.485602711640877,4.485602711640877,False,0.01127009285319386,-2.9959870002756103e-07,9.46533641280883e+19,1.3362759446545448e+17,CONVERGED
S4,S4_eta02_dpl,"Asymmetric Filling (eta=0.2, DPL)",1.6055555555555556,873335.5759401919,1,7.469761309896262e-05,2.3776988723731625e-05,1.8512894592114266,1.8512894592114266,False,0.15703454562638858,-1.1730105754188321e-05,9.46533641280883e+19,1.3362759446545448e+17,CONVERGED
S4,S4_eta02_dpl,"Asymmetric Filling (eta=0.2, DPL)",1.6055555555555556,873335.5759401919,2,3.0922590717022477e-07,9.842966331643367e-08,-1.8512998212084295,1.8512998212084295,False,6.36809152579673,-1.9691788790075774e-06,9.46533641280883e+19,1.3362759446545448e+17,CONVERGED
S4,S4_eta02_dpl,"Asymmetric Filling (eta=0.2, DPL)",1.6055555555555556,873335.5759401919,3,0.0001215281878184177,3.868362363260288e-05,3.0223183301867387,3.0223183301867387,False,0.048688211708359755,5.916990166165969e-06,9.46533641280883e+19,1.3362759446545448e+17,CONVERGED
S4,S4_eta02_dpl,"Asymmetric Filling (eta=0.2, DPL)",1.6055555555555556,873335.5759401919,4,3.141167733815669,0.9998647438350613,-3.367625553954625,3.367625553954625,False,-29.00956095272198,0.012326736829364639,9.46533641280883e+19,1.3362759446545448e+17,CONVERGED
S4,S4_eta02_dpl,"Asymmetric Filling (eta=0.2, DPL)",1.6232323232323231,882950.7836023204,0,3.336939381622316e-05,1.0621807947664083e-05,4.497772076427803,4.497772076427803,False,0.011133774118329842,3.7152729335332187e-07,1.2104542254179443e+20,9.439812443008392e+16,CONVERGED
S4,S4_eta02_dpl,"Asymmetric Filling (eta=0.2, DPL)",1.6232323232323231,882950.7836023204,1,2.9806664999779034e-05,9.487756143598042e-06,1.8709452890174707,1.8709452890174707,False,0.1539780391804353,-4.589571832533268e-06,1.2104542254179443e+20,9.439812443008392e+16,CONVERGED
S4,S4_eta02_dpl,"Asymmetric Filling (eta=0.2, DPL)",1.6232323232323231,882950.7836023204,2,1.4508624188847736e-06,4.618238514235515e-07,-1.8709839733508178,1.8709839733508178,False,6.494683852055274,-9.422892723491405e-06,1.2104542254179443e+20,9.439812443008392e+16,CONVERGED
S4,S4_eta02_dpl,"Asymmetric Filling (eta=0.2, DPL)",1.6232323232323231,882950.7836023204,3,0.00024681872222904723,7.856483938075668e-05,2.9970254111427383,2.9970254111427383,False,0.04993538338665025,1.23249877717879e-05,1.2104542254179443e+20,9.439812443008392e+16,CONVERGED
S4,S4_eta02_dpl,"Asymmetric Filling (eta=0.2, DPL)",1.6232323232323231,882950.7836023204,4,0.0015811457149090197,0.0005032943125526785,-4.496725016793026,4.496725016793026,False,89.72269676619712,0.14186477574364964,1.2104542254179443e+20,9.439812443008392e+16,CONVERGED
S4,S4_eta02_dpl,"Asymmetric Filling (eta=0.2, DPL)",1.6409090909090909,892565.9912644491,0,0.00020438457339212244,6.505763029416911e-05,4.509397289592117,4.509397289592117,False,0.011005090830418209,-2.249270825836221e-06,6.270790575056346e+19,3.039283891485947e+17,CONVERGED
S4,S4_eta02_dpl,"Asymmetric Filling (eta=0.2, DPL)",1.6409090909090909,892565.9912644491,1,7.054176256204525e-05,2.245414041232861e-05,1.8888270779670702,1.8888270779670702,False,0.151249107872058,1.0669378672929326e-05,6.270790575056346e+19,3.039283891485947e+17,CONVERGED
S4,S4_eta02_dpl,"Asymmetric Filling (eta=0.2, DPL)",1.6409090909090909,892565.9912644491,2,2.280757393519583e-06,7.259876263440575e-07,-1.8888246819209793,1.8888246819209793,False,6.611593387459945,-1.50794405014206e-05,6.270790575056346e+19,3.039283891485947e+17,CONVERGED
S4,S4_eta02_dpl,"Asymmetric Filling (eta=0.2, DPL)",1.6409090909090909,892565.9912644491,3,0.00029546016299322855,9.404789085421882e-05,2.971985536467081,2.971985536467081,False,0.05120154456454464,-1.5128017142754116e-05,6.270790575056346e+19,3.039283891485947e+17,CONVERGED
S4,S4_eta02_dpl,"Asymmetric Filling (eta=0.2, DPL)",1.6409090909090909,892565.9912644491,4,6.602244133814866e-05,2.1015595787922095e-05,-3.801967036574065,3.801967036574065,False,44.78919979686321,-0.0029570923204676395,6.270790575056346e+19,3.039283891485947e+17,CONVERGED
S4,S4_eta02_dpl,"Asymmetric Filling (eta=0.2, DPL)",1.6585858585858586,902181.1989265776,0,9.810028292430556e-05,3.122628989223337e-05,-2.8339559879568026,2.8339559879568026,False,17.01262955352843,-0.001668943777841327,7.591188166838821e+19,5.439394627071394e+16,CONVERGED
S4,S4_eta02_dpl,"Asymmetric Filling (eta=0.2, DPL)",1.6585858585858586,902181.1989265776,1,1.6983762005568447e-06,5.406099350965081e-07,1.9048732604222367,1.9048732604222367,False,0.1488415055361269,2.5278887065785084e-07,7.591188166838821e+19,5.439394627071394e+16,CONVERGED
S4,S4_eta02_dpl,"Asymmetric Filling (eta=0.2, DPL)",1.6585858585858586,902181.1989265776,2,2.3044748653522733e-06,7.335371321036884e-07,-1.9048616978397115,1.9048616978397115,False,6.718478383286077,-1.5482564567722747e-05,7.591188166838821e+19,5.439394627071394e+16,CONVERGED
S4,S4_eta02_dpl,"Asymmetric Filling (eta=0.2, DPL)",1.6585858585858586,902181.1989265776,3,0.00019654371486629805,6.256180750923075e-05,2.9521329108015477,2.9521329108015477,False,0.052228187985627506,-1.02651222196092e-05,7.591188166838821e+19,5.439394627071394e+16,CONVERGED
S4,S4_eta02_dpl,"Asymmetric Filling (eta=0.2, DPL)",1.6585858585858586,902181.1989265776,4,0.00021093896890382174,6.714395918350166e-05,-4.520962776033117,4.520962776033117,False,91.92405562238652,-0.01939036579803682,7.591188166838821e+19,5.439394627071394e+16,CONVERGED
S4,S4_eta02_dpl,"Asymmetric Filling (eta=0.2, DPL)",1.6762626262626263,911796.4065887061,0,0.00030834395944259936,9.814893063563317e-05,-2.277542075926516,2.277542075926516,False,9.752679115960754,0.0030071797890920283,7.044007859535026e+19,1.1526443173176168e+17,CONVERGED
S4,S4_eta02_dpl,"Asymmetric Filling (eta=0.2, DPL)",1.6762626262626263,911796.4065887061,1,1.988076974461899e-05,6.32824555465582e-06,1.9191646731514302,1.9191646731514302,False,0.14672947799629202,2.9170949671767424e-06,7.044007859535026e+19,1.1526443173176168e+17,CONVERGED
S4,S4_eta02_dpl,"Asymmetric Filling (eta=0.2, DPL)",1.6762626262626263,911796.4065887061,2,2.0840073504096354e-06,6.633601425150742e-07,-1.919132473328219,1.919132473328219,False,6.815043671869941,1.420260110556019e-05,7.044007859535026e+19,1.1526443173176168e+17,CONVERGED
S4,S4_eta02_dpl,"Asymmetric Filling (eta=0.2, DPL)",1.6762626262626263,911796.4065887061,3,8.186507409681492e-05,2.6058462418184748e-05,2.931858248445371,2.931858248445371,False,0.05329790513871584,4.363236963133297e-06,7.044007859535026e+19,1.1526443173176168e+17,CONVERGED
S4,S4_eta02_dpl,"Asymmetric Filling (eta=0.2, DPL)",1.6762626262626263,911796.4065887061,4,1.25197615313608e-05,3.985163868095657e-06,4.532883338469982,4.532883338469982,False,0.010749636504141876,1.3458288558769895e-07,7.044007859535026e+19,1.1526443173176168e+17,CONVERGED
S4,S4_eta02_dpl,"Asymmetric Filling (eta=0.2, DPL)",1.6939393939393939,921411.6142508347,0,8.07972631711351e-07,2.57185676439658e-07,-1.9316670517109005,1.9316670517109005,False,6.90100498992243,5.575823163162005e-06,1.3592912654427457e+20,5.489431571743502e+16,CONVERGED
S4,S4_eta02_dpl,"Asymmetric Filling (eta=0.2, DPL)",1.6939393939393939,921411.6142508347,1,5.339139053805804e-05,1.6995007445363573e-05,1.9316545560011131,1.9316545560011131,False,0.1449082410203322,7.73685249585126e-06,1.3592912654427457e+20,5.489431571743502e+16,CONVERGED
S4,S4_eta02_dpl,"Asymmetric Filling (eta=0.2, DPL)",1.6939393939393939,921411.6142508347,2,8.656250912584817e-06,2.7553702427632074e-06,-1.8602753831708734,1.8602753831708734,False,6.425506003786633,5.56207922104865e-05,1.3592912654427457e+20,5.489431571743502e+16,CONVERGED
S4,S4_eta02_dpl,"Asymmetric Filling (eta=0.2, DPL)",1.6939393939393939,921411.6142508347,3,0.0002532009915547691,8.059637880342149e-05,2.911839169153524,2.911839169153524,False,0.054375630120964906,-1.3767963757268475e-05,1.3592912654427457e+20,5.489431571743502e+16,CONVERGED
S4,S4_eta02_dpl,"Asymmetric Filling (eta=0.2, DPL)",1.6939393939393939,921411.6142508347,4,0.0007217882142798213,0.00022975232433621146,4.544685772166823,4.544685772166823,False,0.010623507627172414,7.667923931212021e-06,1.3592912654427457e+20,5.489431571743502e+16,CONVERGED
S4,S4_eta02_dpl,"Asymmetric Filling (eta=0.2, DPL)",1.7116161616161616,931026.8219129633,0,1.617489746510378e-06,5.148629771151669e-07,-1.942477018529855,1.942477018529855,False,6.976009291493141,-1.1283623500561123e-05,8.97448371697591e+19,5.849311362560036e+16,CONVERGED
S4,S4_eta02_dpl,"Asymmetric Filling (eta=0.2, DPL)",1.7116161616161616,931026.8219129633,1,1.34987408018388e-05,4.2967826482578e-06,1.9424815367986938,1.9424815367986938,False,0.14334778522562924,-1.935014597395957e-06,8.97448371697591e+19,5.849311362560036e+16,CONVERGED
S4,S4_eta02_dpl,"Asymmetric Filling (eta=0.2, DPL)",1.7116161616161616,931026.8219129633,2,9.350702992680527e-05,2.9764212053385693e-05,-1.5085892721670944,1.5085892721670944,False,4.520349291754702,0.0004226844377356428,8.97448371697591e+19,5.849311362560036e+16,CONVERGED
S4,S4_eta02_dpl,"Asymmetric Filling (eta=0.2, DPL)",1.7116161616161616,931026.8219129633,3,0.0018661519272864197,0.0005940146075762018,2.8934539095279064,2.8934539095279064,False,0.055384492078834675,-0.00010335599661460363,8.97448371697591e+19,5.849311362560036e+16,CONVERGED
S4,S4_eta02_dpl,"Asymmetric Filling (eta=0.2, DPL)",1.7116161616161616,931026.8219129633,4,3.5624164150496584e-05,1.1339523636137244e-05,4.55624538217347,4.55624538217347,False,0.010501413804786312,3.741040893522546e-07,8.97448371697591e+19,5.849311362560036e+16,CONVERGED
S4,S4_eta02_dpl,"Asymmetric Filling (eta=0.2, DPL)",1.7292929292929293,940642.0295750919,0,1.968529985200717e-06,6.266025555386194e-07,-1.95158115873334,1.95158115873334,False,7.0398098420408495,1.3858076764186435e-05,8.610227868349766e+19,1.4177004873802643e+17,CONVERGED
S4,S4_eta02_dpl,"Asymmetric Filling (eta=0.2, DPL)",1.7292929292929293,940642.0295750919,1,1.0840684326713471e-05,3.4506969941905686e-06,1.9515747978080153,1.9515747978080153,False,0.14205019500852797,1.5399213226958654e-06,8.610227868349766e+19,1.4177004873802643e+17,CONVERGED
S4,S4_eta02_dpl,"Asymmetric Filling (eta=0.2, DPL)",1.7292929292929293,940642.0295750919,2,0.0006240170067094412,0.00019863078238243197,-1.1913241959847578,1.1913241959847578,False,3.2914361894940916,0.0020539124253391716,8.610227868349766e+19,1.4177004873802643e+17,CONVERGED
S4,S4_eta02_dpl,"Asymmetric Filling (eta=0.2, DPL)",1.7292929292929293,940642.0295750919,3,0.003922658145823757,0.0012486208679350793,2.8706041945214755,2.8706041945214755,False,0.05666424378979966,-0.00022227559755000562,8.610227868349766e+19,1.4177004873802643e+17,CONVERGED
S4,S4_eta02_dpl,"Asymmetric Filling (eta=0.2, DPL)",1.7292929292929293,940642.0295750919,4,0.0007503246095701201,0.0002388357410731621,-4.566690620915846,4.566690620915846,False,96.2251097208594,-0.07220008143138253,8.610227868349766e+19,1.4177004873802643e+17,CONVERGED
S4,S4_eta02_dpl,"Asymmetric Filling (eta=0.2, DPL)",1.7469696969696968,950257.2372372204,0,8.006632058148831e-08,2.548590139144844e-08,-1.9589931590532197,1.9589931590532197,False,7.092182769161227,-5.678449792181715e-07,9.000370811690004e+19,5.907135517706924e+16,CONVERGED
S4,S4_eta02_dpl,"Asymmetric Filling (eta=0.2, DPL)",1.7469696969696968,950257.2372372204,1,2.3559331951708975e-05,7.4991682721146275e-06,1.9590213324126355,1.9590213324126355,False,0.14099634193130034,3.321779624150744e-06,9.000370811690004e+19,5.907135517706924e+16,CONVERGED
S4,S4_eta02_dpl,"Asymmetric Filling (eta=0.2, DPL)",1.7469696969696968,950257.2372372204,2,0.0007496670220422633,0.00023862642446201412,-0.8910470584113275,0.8910470584113275,False,2.437680024605359,0.0018274486670802658,9.000370811690004e+19,5.907135517706924e+16,CONVERGED
S4,S4_eta02_dpl,"Asymmetric Filling (eta=0.2, DPL)",1.7469696969696968,950257.2372372204,3,0.003883149402164747,0.0012360448442377155,2.8481649491059398,2.8481649491059398,False,0.057950128686627786,-0.00022503013863116713,9.000370811690004e+19,5.907135517706924e+16,CONVERGED
S4,S4_eta02_dpl,"Asymmetric Filling (eta=0.2, DPL)",1.7469696969696968,950257.2372372204,4,0.00038994414213736306,0.00012412307550177992,-4.578713067443943,4.578713067443943,False,97.38897307097072,-0.037976261482643416,9.000370811690004e+19,5.907135517706924e+16,CONVERGED
S4,S4_eta02_dpl,"Asymmetric Filling (eta=0.2, DPL)",1.7646464646464646,959872.4448993491,0,4.988403000894706e-07,1.5878579914536736e-07,-1.964709087506433,1.964709087506433,False,7.132837256829401,3.5581466776864292e-06,7.703108489878007e+19,2.55363036621916e+17,CONVERGED
S4,S4_eta02_dpl,"Asymmetric Filling (eta=0.2, DPL)",1.7646464646464646,959872.4448993491,1,2.5072138215019843e-05,7.980709461607235e-06,1.9647088371815289,1.9647088371815289,False,0.1401967006962125,-3.515031057881739e-06,7.703108489878007e+19,2.55363036621916e+17,CONVERGED
S4,S4_eta02_dpl,"Asymmetric Filling (eta=0.2, DPL)",1.7646464646464646,959872.4448993491,2,0.3975110168922234,0.12653168654376654,1.3645959846580182,1.3645959846580182,False,0.2355631314836895,-0.09890410121920971,7.703108489878007e+19,2.55363036621916e+17,CONVERGED
S4,S4_eta02_dpl,"Asymmetric Filling (eta=0.2, DPL)",1.7646464646464646,959872.4448993491,3,4.417645514480235e-05,1.406180240914537e-05,4.590586363367252,4.590586363367252,False,0.010146906844292513,4.482543753569745e-07,7.703108489878007e+19,2.55363036621916e+17,CONVERGED
S4,S4_eta02_dpl,"Asymmetric Filling (eta=0.2, DPL)",1.7646464646464646,959872.4448993491,4,2.9656049785223977,0.9439813831795474,-2.086839781778036,2.086839781778036,False,-7.934920598399789,-1.4110458740765028,7.703108489878007e+19,2.55363036621916e+17,CONVERGED
S4,S4_eta02_dpl,"Asymmetric Filling (eta=0.2, DPL)",1.7823232323232323,969487.6525614776,0,3.3000533339901264e-07,1.0504396011428362e-07,-1.9687235498992497,1.9687235498992497,False,7.161529316816212,-2.363342869842823e-06,1.1943782116921336e+20,1.0029284393087887e+18,CONVERGED
S4,S4_eta02_dpl,"Asymmetric Filling (eta=0.2, DPL)",1.7823232323232323,969487.6525614776,1,3.0917603415935865e-06,9.841378824402124e-07,1.968756913408388,1.968756913408388,False,0.13963032095596264,4.317034888170047e-07,1.1943782116921336e+20,1.0029284393087887e+18,CONVERGED
S4,S4_eta02_dpl,"Asymmetric Filling (eta=0.2, DPL)",1.7823232323232323,969487.6525614776,2,0.4278556929561209,0.13619069692794974,1.4310942821522894,1.4310942821522894,False,0.2174988962305351,-0.09918563954941718,1.1943782116921336e+20,1.0029284393087887e+18,CONVERGED
S4,S4_eta02_dpl,"Asymmetric Filling (eta=0.2, DPL)",1.7823232323232323,969487.6525614776,3,7.047667909116299e-06,2.2433423700119634e-06,4.601959500968633,4.601959500968633,False,0.010032158447643451,7.070332115179734e-08,1.1943782116921336e+20,1.0029284393087887e+18,CONVERGED
S4,S4_eta02_dpl,"Asymmetric Filling (eta=0.2, DPL)",1.7823232323232323,969487.6525614776,4,2.8967206063288873,0.9220548065067893,-2.1373216327102305,2.1373216327102305,False,-8.22382944437331,-2.0550257958033984,1.1943782116921336e+20,1.0029284393087887e+18,CONVERGED
S4,S4_eta02_dpl,"Asymmetric Filling (eta=0.2, DPL)",1.8,979102.8602236061,0,1.936388482835056e-06,6.163715975788298e-07,-1.9710412987675965,1.9710412987675965,False,7.178147193866494,1.3899681554315227e-05,6.937386108478461e+19,4.240478534651367e+17,CONVERGED
S4,S4_eta02_dpl,"Asymmetric Filling (eta=0.2, DPL)",1.8,979102.8602236061,1,4.179324604425851e-05,1.3303203391599088e-05,1.9710532596808767,1.9710532596808767,False,0.1393100491360094,5.822219163368825e-06,6.937386108478461e+19,4.240478534651367e+17,CONVERGED
S4,S4_eta02_dpl,"Asymmetric Filling (eta=0.2, DPL)",1.8,979102.8602236061,2,0.3700925455490378,0.1178041160511836,1.3317902629440144,1.3317902629440144,False,0.24612949978965826,-0.0954907717970934,6.937386108478461e+19,4.240478534651367e+17,CONVERGED
S4,S4_eta02_dpl,"Asymmetric Filling (eta=0.2, DPL)",1.8,979102.8602236061,3,8.166392978834786e-05,2.599443619625008e-05,4.613221272580234,4.613221272580234,False,0.009919812332939749,-8.100908596716101e-07,6.937386108478461e+19,4.240478534651367e+17,CONVERGED
S4,S4_eta02_dpl,"Asymmetric Filling (eta=0.2, DPL)",1.8,979102.8602236061,4,2.863393114643838,0.9114463364217299,-2.1189471743639263,2.1189471743639263,False,-8.002387758453827,-2.2855299236221005,6.937386108478461e+19,4.240478534651367e+17,CONVERGED
S4,S4_eta05_dpl,"Symmetric Baseline (eta=0.5, DPL)",0.05,27197.301672877948,0,2.1988025749428903e-08,6.999005973706973e-09,3.135127197658043,3.135127197658043,False,0.043494221114371845,-9.563520538141626e-10,4069175047042571.5,7.98851405499901e+16,CONVERGED
S4,S4_eta05_dpl,"Symmetric Baseline (eta=0.5, DPL)",0.05,27197.301672877948,1,4.695486466281939e-05,1.4946197626597335e-05,3.1718803055377403,3.1718803055377403,False,0.04192469246585576,-1.9685682622113207e-06,4069175047042571.5,7.98851405499901e+16,CONVERGED
S4,S4_eta05_dpl,"Symmetric Baseline (eta=0.5, DPL)",0.05,27197.301672877948,2,0.19125043663941424,0.06087690471929222,0.027681872870309016,0.027681872870309016,True,0.9549628637584847,0.18489688873028962,4069175047042571.5,7.98851405499901e+16,CONVERGED
S4,S4_eta05_dpl,"Symmetric Baseline (eta=0.5, DPL)",0.05,27197.301672877948,3,0.2729950363463195,0.08689701894813676,8.26910520654012e-07,8.26910520654012e-07,True,0.9629669082986475,-0.2696165419666799,4069175047042571.5,7.98851405499901e+16,CONVERGED
S4,S4_eta05_dpl,"Symmetric Baseline (eta=0.5, DPL)",0.05,27197.301672877948,4,0.27299614404807354,0.08689737154055602,1.8387560872136326e-06,1.8387560872136326e-06,True,0.9629656352703385,0.2696173358354039,4069175047042571.5,7.98851405499901e+16,CONVERGED
S4,S4_eta05_dpl,"Symmetric Baseline (eta=0.5, DPL)",0.06767676767676768,36812.509335006514,0,0.021410785129019647,0.006815264577523842,-0.19593076836545997,0.19593076836545997,False,1.2161638748807608,-0.026043003087796092,1.007278466470619e+16,7.002934961883128e+16,CONVERGED
S4,S4_eta05_dpl,"Symmetric Baseline (eta=0.5, DPL)",0.06767676767676768,36812.509335006514,1,1.1563846390286488e-08,3.680886628338931e-09,-3.14132774416182,3.14132774416182,False,23.134563257031576,2.67524535810679e-07,1.007278466470619e+16,7.002934961883128e+16,CONVERGED
S4,S4_eta05_dpl,"Symmetric Baseline (eta=0.5, DPL)",0.06767676767676768,36812.509335006514,2,0.30292162912351583,0.09642294928891477,-0.13331363728418838,0.13331363728418838,False,1.0905842222639908,0.3408515757620867,1.007278466470619e+16,7.002934961883128e+16,CONVERGED
S4,S4_eta05_dpl,"Symmetric Baseline (eta=0.5, DPL)",0.06767676767676768,36812.509335006514,3,0.3688218096474623,0.11739962825098343,-9.278338835483057e-07,9.278338835483057e-07,True,0.9327536156638702,0.3605170566498429,1.007278466470619e+16,7.002934961883128e+16,CONVERGED
S4,S4_eta05_dpl,"Symmetric Baseline (eta=0.5, DPL)",0.06767676767676768,36812.509335006514,4,0.3688186764561956,0.11739863092522794,9.552487417759174e-07,9.552487417759174e-07,True,0.9327529887755845,-0.3605134552753277,1.007278466470619e+16,7.002934961883128e+16,CONVERGED
S4,S4_eta05_dpl,"Symmetric Baseline (eta=0.5, DPL)",0.08535353535353535,46427.71699713508,0,0.44172116020708113,0.14060421223048797,-0.44893578914039767,0.44893578914039767,False,1.4162731960867485,-0.6697341560585303,2.016113722121108e+16,1.2998710994285942e+17,CONVERGED
S4,S4_eta05_dpl,"Symmetric Baseline (eta=0.5, DPL)",0.08535353535353535,46427.71699713508,1,9.353570974118268e-09,2.977334112183594e-09,3.1492662857326503,3.1492662857326503,False,0.04288357962116502,-4.011146056108188e-10,2.016113722121108e+16,1.2998710994285942e+17,CONVERGED
S4,S4_eta05_dpl,"Symmetric Baseline (eta=0.5, DPL)",0.08535353535353535,46427.71699713508,2,0.5362000234000163,0.17067776842020507,-0.4460058259454488,0.4460058259454488,False,1.342835033732108,0.7980145907920977,2.016113722121108e+16,1.2998710994285942e+17,CONVERGED
S4,S4_eta05_dpl,"Symmetric Baseline (eta=0.5, DPL)",0.08535353535353535,46427.71699713508,3,0.46405178077621,0.1477122695222608,-1.2081119964712964e-07,1.2081119964712964e-07,True,0.8942464748724447,-0.4475751152607064,2.016113722121108e+16,1.2998710994285942e+17,CONVERGED
S4,S4_eta05_dpl,"Symmetric Baseline (eta=0.5, DPL)",0.08535353535353535,46427.71699713508,4,0.46405077749135837,0.14771195016677385,1.6401227035720274e-07,1.6401227035720274e-07,True,0.8942466692148521,0.4475740905969156,2.016113722121108e+16,1.2998710994285942e+17,CONVERGED
S4,S4_eta05_dpl,"Symmetric Baseline (eta=0.5, DPL)",0.10303030303030303,56042.924659263655,0,2.5085053881344893e-05,7.98482064588515e-06,-0.668439572242241,0.668439572242241,False,1.9511902518448339,4.8945712610549094e-05,3.5362837229609884e+16,1.014597751006236e+17,CONVERGED
S4,S4_eta05_dpl,"Symmetric Baseline (eta=0.5, DPL)",0.10303030303030303,56042.924659263655,1,2.902135740421322e-08,9.237784972234221e-09,3.1588526013442157,3.1588526013442157,False,0.04247444825672838,-1.2326661434052757e-09,3.5362837229609884e+16,1.014597751006236e+17,CONVERGED
S4,S4_eta05_dpl,"Symmetric Baseline (eta=0.5, DPL)",0.10303030303030303,56042.924659263655,2,4.43034380842086e-09,1.4102222334135057e-09,-3.158852672029726,3.158852672029726,False,23.54356823286345,1.0430610174860064e-07,3.5362837229609884e+16,1.014597751006236e+17,CONVERGED
S4,S4_eta05_dpl,"Symmetric Baseline (eta=0.5, DPL)",0.10303030303030303,56042.924659263655,3,0.5585618980589341,0.1777957741977414,-3.6027920558678e-07,3.6027920558678e-07,True,0.8480184400560077,-0.5299674007744685,3.5362837229609884e+16,1.014597751006236e+17,CONVERGED
S4,S4_eta05_dpl,"Symmetric Baseline (eta=0.5, DPL)",0.10303030303030303,56042.924659263655,4,0.5585605593283824,0.17779534806657188,-3.383583113431598e-08,3.383583113431598e-08,True,0.848018872708611,0.5299660925018517,3.5362837229609884e+16,1.014597751006236e+17,CONVERGED
S4,S4_eta05_dpl,"Symmetric Baseline (eta=0.5, DPL)",0.12070707070707071,65658.13232139223,0,1.3882412563053489e-05,4.418909162901982e-06,-3.089941936197579,3.089941936197579,False,21.97580193797855,0.0003050771489265669,5.668499565097445e+16,1.1087070858752256e+17,CONVERGED
S4,S4_eta05_dpl,"Symmetric Baseline (eta=0.5, DPL)",0.12070707070707071,65658.13232139223,1,3.2200039819829015e-08,1.0249591010163301e-08,3.16998379283826,3.16998379283826,False,0.04200427866806702,1.3525394457149528e-09,5.668499565097445e+16,1.1087070858752256e+17,CONVERGED
S4,S4_eta05_dpl,"Symmetric Baseline (eta=0.5, DPL)",0.12070707070707071,65658.13232139223,2,4.677459413226955e-08,1.4888815734535725e-08,-3.1699837749101034,3.1699837749101034,False,23.807098080988435,1.1135673502053682e-06,5.668499565097445e+16,1.1087070858752256e+17,CONVERGED
S4,S4_eta05_dpl,"Symmetric Baseline (eta=0.5, DPL)",0.12070707070707071,65658.13232139223,3,0.652241077976739,0.20761478329516875,3.089844732423636e-08,3.089844732423636e-08,True,0.7947255060659117,-0.6069689516041061,5.668499565097445e+16,1.1087070858752256e+17,CONVERGED
S4,S4_eta05_dpl,"Symmetric Baseline (eta=0.5, DPL)",0.12070707070707071,65658.13232139223,4,0.6522395375471903,0.20761429296121442,-4.127108796552008e-07,4.127108796552008e-07,True,0.7947267936060168,0.6069679966413382,5.668499565097445e+16,1.1087070858752256e+17,CONVERGED
S4,S4_eta05_dpl,"Symmetric Baseline (eta=0.5, DPL)",0.1383838383838384,75273.3399835208,0,1.0509702469078536e-05,3.3453421967578926e-06,-3.0627692523684753,3.0627692523684753,False,21.386700402515288,0.00022476785803403332,8.509012397136402e+16,9.847026251806722e+16,CONVERGED
S4,S4_eta05_dpl,"Symmetric Baseline (eta=0.5, DPL)",0.1383838383838384,75273.3399835208,1,1.434302126359078e-05,4.565525465945271e-06,3.1752907200542686,3.1752907200542686,False,0.04178195546242354,-5.992794756730388e-07,8.509012397136402e+16,9.847026251806722e+16,CONVERGED
S4,S4_eta05_dpl,"Symmetric Baseline (eta=0.5, DPL)",0.1383838383838384,75273.3399835208,2,8.096260609557255e-09,2.5771197931424777e-09,-3.1825474391155884,3.1825474391155884,False,24.10808928401774,-1.951853736418822e-07,8.509012397136402e+16,9.847026251806722e+16,CONVERGED
S4,S4_eta05_dpl,"Symmetric Baseline (eta=0.5, DPL)",0.1383838383838384,75273.3399835208,3,0.7449992437950943,0.2371406244994266,1.362891436962335e-06,1.362891436962335e-06,True,0.7350874132217164,-0.6779703305778554,8.509012397136402e+16,9.847026251806722e+16,CONVERGED
S4,S4_eta05_dpl,"Symmetric Baseline (eta=0.5, DPL)",0.1383838383838384,75273.3399835208,4,0.7449960510964585,0.2371396082318872,-2.768314387364641e-07,2.768314387364641e-07,True,0.7350907831171041,0.6779690953423418,8.509012397136402e+16,9.847026251806722e+16,CONVERGED
S4,S4_eta05_dpl,"Symmetric Baseline (eta=0.5, DPL)",0.15606060606060607,84888.54764564935,0,2.098486066823045e-05,6.67968861088714e-06,-3.034683777246111,3.034683777246111,False,20.79440119228849,0.0004363676117635127,1.2153553263944131e+17,1.6832907647395568e+17,CONVERGED
S4,S4_eta05_dpl,"Symmetric Baseline (eta=0.5, DPL)",0.15606060606060607,84888.54764564935,1,1.4733372823983787e-05,4.689778226705634e-06,3.176354753726245,3.176354753726245,False,0.04173752169839627,-6.149344679760803e-07,1.2153553263944131e+17,1.6832907647395568e+17,CONVERGED
S4,S4_eta05_dpl,"Symmetric Baseline (eta=0.5, DPL)",0.15606060606060607,84888.54764564935,2,8.704608332586662e-07,2.7707628876201363e-07,3.196425769267589,3.196425769267589,False,0.040908158182149476,3.560894945832015e-08,1.2153553263944131e+17,1.6832907647395568e+17,CONVERGED
S4,S4_eta05_dpl,"Symmetric Baseline (eta=0.5, DPL)",0.15606060606060607,84888.54764564935,3,0.836753348734908,0.2663468631997143,-5.905308458180161e-07,5.905308458180161e-07,True,0.6698772959302397,-0.7424726186598258,1.2153553263944131e+17,1.6832907647395568e+17,CONVERGED
S4,S4_eta05_dpl,"Symmetric Baseline (eta=0.5, DPL)",0.15606060606060607,84888.54764564935,4,0.836763312701415,0.2663500348287591,-3.4200445560625976e-06,3.4200445560625976e-06,True,0.6698717933334241,0.7424813941162216,1.2153553263944131e+17,1.6832907647395568e+17,CONVERGED
S4,S4_eta05_dpl,"Symmetric Baseline (eta=0.5, DPL)",0.17373737373737375,94503.75530777793,0,1.828573874788807e-05,5.8205314196267825e-06,-3.0013240785970576,3.0013240785970576,False,20.112149363971454,0.00036776550896907493,1.6693113497916925e+17,8.452860947294011e+16,CONVERGED
S4,S4_eta05_dpl,"Symmetric Baseline (eta=0.5, DPL)",0.17373737373737375,94503.75530777793,1,1.3949850604321213e-05,4.440375358142369e-06,3.1772083238102757,3.1772083238102757,False,0.041701910999237576,-5.817354283917986e-07,1.6693113497916925e+17,8.452860947294011e+16,CONVERGED
S4,S4_eta05_dpl,"Symmetric Baseline (eta=0.5, DPL)",0.17373737373737375,94503.75530777793,2,6.5841284469999e-07,2.0957931765839965e-07,3.2114992420743653,3.2114992420743653,False,0.040296154272088935,-2.6531505564759565e-08,1.6693113497916925e+17,8.452860947294011e+16,CONVERGED
S4,S4_eta05_dpl,"Symmetric Baseline (eta=0.5, DPL)",0.17373737373737375,94503.75530777793,3,0.9274682365665191,0.29522230882056977,3.077301112574021e-06,3.077301112574021e-06,True,0.5998597302162825,0.8001013370077338,1.6693113497916925e+17,8.452860947294011e+16,CONVERGED
S4,S4_eta05_dpl,"Symmetric Baseline (eta=0.5, DPL)",0.17373737373737375,94503.75530777793,4,0.927474224089198,0.2952242147082322,-2.129668526050018e-06,2.129668526050018e-06,True,0.5998580630152189,-0.8001090948000483,1.6693113497916925e+17,8.452860947294011e+16,CONVERGED
S4,S4_eta05_dpl,"Symmetric Baseline (eta=0.5, DPL)",0.19141414141414143,104118.96296990648,0,1.063519799902952e-05,3.3852886646131646e-06,-2.9665268852758935,2.9665268852758935,False,19.424339346892147,0.00020658169496232635,2.2213979713109872e+17,1.2146078809912189e+17,CONVERGED
S4,S4_eta05_dpl,"Symmetric Baseline (eta=0.5, DPL)",0.19141414141414143,104118.96296990648,1,1.2750712124395776e-05,4.0586777250787e-06,3.178163075915774,3.178163075915774,False,0.04166211501324874,-5.312216350561908e-07,2.2213979713109872e+17,1.2146078809912189e+17,CONVERGED
S4,S4_eta05_dpl,"Symmetric Baseline (eta=0.5, DPL)",0.19141414141414143,104118.96296990648,2,2.040081418075761e-07,6.493780839933618e-08,3.227648649773426,3.227648649773426,False,0.03965062176159354,-8.08904966709785e-09,2.2213979713109872e+17,1.2146078809912189e+17,CONVERGED
S4,S4_eta05_dpl,"Symmetric Baseline (eta=0.5, DPL)",0.19141414141414143,104118.96296990648,3,1.017096176275101,0.3237517681080961,-1.3419632570849959e-08,1.3419632570849959e-08,True,0.5258381197615207,0.850584680466874,2.2213979713109872e+17,1.2146078809912189e+17,CONVERGED
S4,S4_eta05_dpl,"Symmetric Baseline (eta=0.5, DPL)",0.19141414141414143,104118.96296990648,4,1.0170968513911918,0.32375198300422214,-2.58042801981923e-06,2.58042801981923e-06,True,0.5258388953491185,-0.8505872189301786,2.2213979713109872e+17,1.2146078809912189e+17,CONVERGED
S4,S4_eta05_dpl,"Symmetric Baseline (eta=0.5, DPL)",0.2090909090909091,113734.17063203505,0,4.289227505951e-08,1.3653035192356473e-08,-3.24475767233259,3.24475767233259,False,25.65549227128917,1.1004224312872687e-06,2.8796412336091216e+17,2.2733767710064346e+17,CONVERGED
S4,S4_eta05_dpl,"Symmetric Baseline (eta=0.5, DPL)",0.2090909090909091,113734.17063203505,1,1.4083772181287853e-05,4.483003920064174e-06,3.179291088631325,3.179291088631325,False,0.04161514611275113,-5.86098237181745e-07,2.8796412336091216e+17,2.2733767710064346e+17,CONVERGED
S4,S4_eta05_dpl,"Symmetric Baseline (eta=0.5, DPL)",0.2090909090909091,113734.17063203505,2,2.6203481267416347e-05,8.340827139850388e-06,-2.9313855013031724,2.9313855013031724,False,18.75359562990691,0.0004914094918974378,2.8796412336091216e+17,2.2733767710064346e+17,CONVERGED
S4,S4_eta05_dpl,"Symmetric Baseline (eta=0.5, DPL)",0.2090909090909091,113734.17063203505,3,1.105603467999466,0.35192451406331426,5.23081828072085e-06,5.23081828072085e-06,True,0.4485928279419023,0.8937303917497984,2.8796412336091216e+17,2.2733767710064346e+17,CONVERGED
S4,S4_eta05_dpl,"Symmetric Baseline (eta=0.5, DPL)",0.2090909090909091,113734.17063203505,4,1.105618807156152,0.3519293966685331,-1.9344782369957297e-06,1.9344782369957297e-06,True,0.44858233303252754,-0.893743676595842,2.8796412336091216e+17,2.2733767710064346e+17,CONVERGED
S4,S4_eta05_dpl,"Symmetric Baseline (eta=0.5, DPL)",0.22676767676767678,123349.37829416365,0,3.65271698951579e-08,1.1626959291943698e-08,-3.2627149702618956,3.2627149702618956,False,26.12035695453676,9.54102716200534e-07,3.653146723654493e+17,3.7386352516283616e+17,CONVERGED
S4,S4_eta05_dpl,"Symmetric Baseline (eta=0.5, DPL)",0.22676767676767678,123349.37829416365,1,1.3238356441903382e-05,4.2138997322827175e-06,3.1798994825790006,3.1798994825790006,False,0.04158983541042474,-5.505810655554617e-07,3.653146723654493e+17,3.7386352516283616e+17,CONVERGED
S4,S4_eta05_dpl,"Symmetric Baseline (eta=0.5, DPL)",0.22676767676767678,123349.37829416365,2,2.2271832111393852e-05,7.089344344482272e-06,-2.889693950987099,2.889693950987099,False,17.987803605041346,0.00040062134201044664,3.653146723654493e+17,3.7386352516283616e+17,CONVERGED
S4,S4_eta05_dpl,"Symmetric Baseline (eta=0.5, DPL)",0.22676767676767678,123349.37829416365,3,1.1929939833970171,0.37974177907305157,9.190208028610781e-06,9.190208028610781e-06,True,0.3688752993160234,-0.929469006103687,3.653146723654493e+17,3.7386352516283616e+17,CONVERGED
S4,S4_eta05_dpl,"Symmetric Baseline (eta=0.5, DPL)",0.22676767676767678,123349.37829416365,4,1.1930204336937944,0.3797501984640083,-8.892257486062152e-06,8.892257486062152e-06,True,0.3688573842465607,0.9294955700593213,3.653146723654493e+17,3.7386352516283616e+17,CONVERGED
S4,S4_eta05_dpl,"Symmetric Baseline (eta=0.5, DPL)",0.24444444444444446,132964.58595629223,0,1.8375334866279805e-07,5.8490507498745654e-08,3.281414763679458,3.281414763679458,False,0.037575059355907554,-6.904542982851491e-09,4.5479555057965357e+17,7.986707414704728e+16,CONVERGED
S4,S4_eta05_dpl,"Symmetric Baseline (eta=0.5, DPL)",0.24444444444444446,132964.58595629223,1,1.228890488513979e-05,3.911679915312276e-06,3.180669356782289,3.180669356782289,False,0.04155782879164299,-5.107002052791328e-07,4.5479555057965357e+17,7.986707414704728e+16,CONVERGED
S4,S4_eta05_dpl,"Symmetric Baseline (eta=0.5, DPL)",0.24444444444444446,132964.58595629223,2,1.360403069372046e-05,4.330297461758955e-06,-2.848551656649981,2.848551656649981,False,17.262761318630787,0.00023484313485151097,4.5479555057965357e+17,7.986707414704728e+16,CONVERGED
S4,S4_eta05_dpl,"Symmetric Baseline (eta=0.5, DPL)",0.24444444444444446,132964.58595629223,3,1.2792812446128732,0.40720786736978176,4.26398901304047e-06,4.26398901304047e-06,True,0.28740248908966554,0.957805450664905,4.5479555057965357e+17,7.986707414704728e+16,CONVERGED
S4,S4_eta05_dpl,"Symmetric Baseline (eta=0.5, DPL)",0.24444444444444446,132964.58595629223,4,1.2792801439219597,0.40720751700898233,-4.622869607001885e-07,4.622869607001885e-07,True,0.28740490168891936,-0.957809661185108,4.5479555057965357e+17,7.986707414704728e+16,CONVERGED
S4,S4_eta05_dpl,"Symmetric Baseline (eta=0.5, DPL)",0.2621212121212121,142579.79361842075,0,8.557068328701452e-07,2.723799445775879e-07,3.300759506150798,3.300759506150798,False,0.0368551650440517,-3.1537216554759665e-08,5.576263772409091e+17,8.432448575242978e+16,CONVERGED
S4,S4_eta05_dpl,"Symmetric Baseline (eta=0.5, DPL)",0.2621212121212121,142579.79361842075,1,1.1528633743945265e-05,3.669678094889826e-06,3.180913247959416,3.180913247959416,False,0.04154769444012607,-4.789881521267852e-07,5.576263772409091e+17,8.432448575242978e+16,CONVERGED
S4,S4_eta05_dpl,"Symmetric Baseline (eta=0.5, DPL)",0.2621212121212121,142579.79361842075,2,1.1309334069302579e-05,3.59987284041417e-06,-2.8022180076129355,2.8022180076129355,False,16.481161601891177,0.00018639096241389587,5.576263772409091e+17,8.432448575242978e+16,CONVERGED
S4,S4_eta05_dpl,"Symmetric Baseline (eta=0.5, DPL)",0.2621212121212121,142579.79361842075,3,1.364449609644645,0.4343177999495046,-2.8500392578294657e-06,2.8500392578294657e-06,True,0.20488607705828404,-0.978788738963842,5.576263772409091e+17,8.432448575242978e+16,CONVERGED
S4,S4_eta05_dpl,"Symmetric Baseline (eta=0.5, DPL)",0.2621212121212121,142579.79361842075,4,1.3644486193721408,0.4343174847359765,-8.174371612963627e-06,8.174371612963627e-06,True,0.20488813721539326,0.9787937474796585,5.576263772409091e+17,8.432448575242978e+16,CONVERGED
S4,S4_eta05_dpl,"Symmetric Baseline (eta=0.5, DPL)",0.27979797979797977,152195.0012805493,0,2.950822421388095e-05,9.392759491006221e-06,-2.7552895104291912,2.7552895104291912,False,15.72559296015952,0.00046403432309929867,6.734524401256123e+17,8.191813215999339e+16,CONVERGED
S4,S4_eta05_dpl,"Symmetric Baseline (eta=0.5, DPL)",0.27979797979797977,152195.0012805493,1,1.368160773711955e-05,4.3549910016137945e-06,3.1810792904814633,3.1810792904814633,False,0.04154079632773436,-5.683448804790999e-07,6.734524401256123e+17,8.191813215999339e+16,CONVERGED
S4,S4_eta05_dpl,"Symmetric Baseline (eta=0.5, DPL)",0.27979797979797977,152195.0012805493,2,1.0021600519950696e-07,3.189974520884924e-08,-3.320661762825168,3.320661762825168,False,27.678661208232757,-2.7738448555596548e-06,6.734524401256123e+17,8.191813215999339e+16,CONVERGED
S4,S4_eta05_dpl,"Symmetric Baseline (eta=0.5, DPL)",0.27979797979797977,152195.0012805493,3,1.4485418264451118,0.4610851839082038,-1.965267942251368e-06,1.965267942251368e-06,True,0.12195042823984763,0.9925381723620139,6.734524401256123e+17,8.191813215999339e+16,CONVERGED
S4,S4_eta05_dpl,"Symmetric Baseline (eta=0.5, DPL)",0.27979797979797977,152195.0012805493,4,1.448545449916507,0.46108633729497117,-4.047108302932091e-06,4.047108302932091e-06,True,0.12194708567947157,-0.992540680548484,6.734524401256123e+17,8.191813215999339e+16,CONVERGED
S4,S4_eta05_dpl,"Symmetric Baseline (eta=0.5, DPL)",0.29747474747474745,161810.20894267788,0,1.7449447733933647e-05,5.554331722158423e-06,-2.7056086407402504,2.7056086407402504,False,14.96342126505558,0.00026110343731191915,8.038778865589847e+17,1.1710280646823794e+17,CONVERGED
S4,S4_eta05_dpl,"Symmetric Baseline (eta=0.5, DPL)",0.29747474747474745,161810.20894267788,1,1.1864003977651906e-05,3.7764297558104183e-06,3.1808518586576056,3.1808518586576056,False,0.04155024510220748,-4.929522731881296e-07,8.038778865589847e+17,1.1710280646823794e+17,CONVERGED
S4,S4_eta05_dpl,"Symmetric Baseline (eta=0.5, DPL)",0.29747474747474745,161810.20894267788,2,7.913288106476912e-06,2.5188778365122104e-06,3.3410301519418373,3.3410301519418373,False,0.03540047106630604,2.80134126658527e-07,8.038778865589847e+17,1.1710280646823794e+17,CONVERGED
S4,S4_eta05_dpl,"Symmetric Baseline (eta=0.5, DPL)",0.29747474747474745,161810.20894267788,3,1.5315599146110055,0.4875106621034853,4.875617429360725e-06,4.875617429360725e-06,True,0.03922615432307246,-0.9992254788733657,8.038778865589847e+17,1.1710280646823794e+17,CONVERGED
S4,S4_eta05_dpl,"Symmetric Baseline (eta=0.5, DPL)",0.29747474747474745,161810.20894267788,4,1.531572646901037,0.4875147149172761,-9.591563202539258e-06,9.591563202539258e-06,True,0.03921399920319572,0.9992404343184348,8.038778865589847e+17,1.1710280646823794e+17,CONVERGED
S4,S4_eta05_dpl,"Symmetric Baseline (eta=0.5, DPL)",0.3151515151515151,171425.41660480644,0,9.932869651378677e-06,3.161730608208775e-06,-2.6541097356889107,2.6541097356889107,False,14.212327696695034,0.00014116919845859338,9.4885044762414e+17,8.18884562508047e+16,CONVERGED
S4,S4_eta05_dpl,"Symmetric Baseline (eta=0.5, DPL)",0.3151515151515151,171425.41660480644,1,1.0831471418072176e-05,3.4477644342895364e-06,3.1802733051432233,3.1802733051432233,False,0.04157429109829884,-4.5031074577544666e-07,9.4885044762414e+17,8.18884562508047e+16,CONVERGED
S4,S4_eta05_dpl,"Symmetric Baseline (eta=0.5, DPL)",0.3151515151515151,171425.41660480644,2,1.2392678374662826e-06,3.9447120429512485e-07,3.3617980302127353,3.3617980302127353,False,0.03467286001407423,-4.296896024843491e-08,9.4885044762414e+17,8.18884562508047e+16,CONVERGED
S4,S4_eta05_dpl,"Symmetric Baseline (eta=0.5, DPL)",0.3151515151515151,171425.41660480644,3,1.6135759345752172,0.5136171720835411,-1.0211389500846403e-06,1.0211389500846403e-06,True,-0.04276660418829803,-0.9990861123277548,9.4885044762414e+17,8.18884562508047e+16,CONVERGED
S4,S4_eta05_dpl,"Symmetric Baseline (eta=0.5, DPL)",0.3151515151515151,171425.41660480644,4,1.6135727454031727,0.5136161569385506,-2.9764017502774166e-06,2.9764017502774166e-06,True,-0.042763501544383124,0.9990882021908186,9.4885044762414e+17,8.18884562508047e+16,CONVERGED
S4,S4_eta05_dpl,"Symmetric Baseline (eta=0.5, DPL)",0.3328282828282828,181040.62426693502,0,1.44925625910996e-06,4.6131259488843764e-07,-2.6005067524690877,2.6005067524690877,False,13.470562546502915,1.952229708426522e-05,1.1084373118402094e+18,8.095215819245992e+16,CONVERGED
S4,S4_eta05_dpl,"Symmetric Baseline (eta=0.5, DPL)",0.3328282828282828,181040.62426693502,1,9.545175366314961e-06,3.0383236844560376e-06,3.179234858271502,3.179234858271502,False,0.04161748621541443,-3.972462042433907e-07,1.1084373118402094e+18,8.095215819245992e+16,CONVERGED
S4,S4_eta05_dpl,"Symmetric Baseline (eta=0.5, DPL)",0.3328282828282828,181040.62426693502,2,7.516898916514181e-07,2.3927032385706886e-07,3.3828931638828283,3.3828931638828283,False,0.03394909222628869,2.5519189457247753e-08,1.1084373118402094e+18,8.095215819245992e+16,CONVERGED
S4,S4_eta05_dpl,"Symmetric Baseline (eta=0.5, DPL)",0.3328282828282828,181040.62426693502,3,1.69458651633041,0.5394036411417191,1.9761702204714563e-07,1.9761702204714563e-07,True,-0.12347424691724061,-0.9923475777741659,1.1084373118402094e+18,8.095215819245992e+16,CONVERGED
S4,S4_eta05_dpl,"Symmetric Baseline (eta=0.5, DPL)",0.3328282828282828,181040.62426693502,4,1.6945843632105708,0.5394029557823882,-2.8674327833780703e-07,2.8674327833780703e-07,True,-0.1234721700787004,0.9923483242807324,1.1084373118402094e+18,8.095215819245992e+16,CONVERGED
S4,S4_eta05_dpl,"Symmetric Baseline (eta=0.5, DPL)",0.3505050505050505,190655.83192906357,0,5.646072875292599e-05,1.797200814319775e-05,-2.544816553038431,2.544816553038431,False,12.740890573694221,0.0007193599675164563,1.2891036914680484e+18,6.441004739987721e+16,CONVERGED
S4,S4_eta05_dpl,"Symmetric Baseline (eta=0.5, DPL)",0.3505050505050505,190655.83192906357,1,1.718487508057197e-05,5.470115630979525e-06,3.177659526294568,3.177659526294568,False,0.0416830992355717,-7.16318853404899e-07,1.2891036914680484e+18,6.441004739987721e+16,CONVERGED
S4,S4_eta05_dpl,"Symmetric Baseline (eta=0.5, DPL)",0.3505050505050505,190655.83192906357,2,3.1413665377026923e-06,9.999280250777126e-07,3.4042532286884244,3.4042532286884244,False,0.033231627243898276,-1.0439272181773457e-07,1.2891036914680484e+18,6.441004739987721e+16,CONVERGED
S4,S4_eta05_dpl,"Symmetric Baseline (eta=0.5, DPL)",0.3505050505050505,190655.83192906357,3,1.7746461877221882,0.5648874260303478,6.204268368726305e-06,6.204268368726305e-06,True,-0.20243971322464496,0.9792883916649741,1.2891036914680484e+18,6.441004739987721e+16,CONVERGED
S4,S4_eta05_dpl,"Symmetric Baseline (eta=0.5, DPL)",0.3505050505050505,190655.83192906357,4,1.774651832765004,0.564889222903284,1.0921435130026043e-06,1.0921435130026043e-06,True,-0.20244627627431483,-0.9792922551200042,1.2891036914680484e+18,6.441004739987721e+16,CONVERGED
S4,S4_eta05_dpl,"Symmetric Baseline (eta=0.5, DPL)",0.36818181818181817,200271.03959119215,0,6.038689433861436e-05,1.9221745463916932e-05,-2.4868196263059295,2.4868196263059295,False,12.022977667176434,-0.000726030282905812,1.4812207040448358e+18,5.323889877838283e+16,CONVERGED
S4,S4_eta05_dpl,"Symmetric Baseline (eta=0.5, DPL)",0.36818181818181817,200271.03959119215,1,1.9558596455034352e-09,6.225694611516677e-10,3.1754307309122587,3.1754307309122587,False,0.04177610594879544,-8.1708199771525e-11,1.4812207040448358e+18,5.323889877838283e+16,CONVERGED
S4,S4_eta05_dpl,"Symmetric Baseline (eta=0.5, DPL)",0.36818181818181817,200271.03959119215,2,4.972176266256303e-05,1.582692861397789e-05,3.4258254704222786,3.4258254704222786,False,0.032522423566691015,1.6170722271269614e-06,1.4812207040448358e+18,5.323889877838283e+16,CONVERGED
S4,S4_eta05_dpl,"Symmetric Baseline (eta=0.5, DPL)",0.36818181818181817,200271.03959119215,3,1.8537923247043029,0.5900804238850114,2.6627636578589572e-05,2.6627636578589572e-05,True,-0.27922628882181794,-0.9601975972557286,1.4812207040448358e+18,5.323889877838283e+16,CONVERGED
S4,S4_eta05_dpl,"Symmetric Baseline (eta=0.5, DPL)",0.36818181818181817,200271.03959119215,4,1.8537994511259366,0.5900826922954705,-3.0404967074339546e-05,3.0404967074339546e-05,True,-0.2792490574343198,0.9602503713642365,1.4812207040448358e+18,5.323889877838283e+16,CONVERGED
S4,S4_eta05_dpl,"Symmetric Baseline (eta=0.5, DPL)",0.38585858585858585,209886.2472533207,0,2.5675288093661602e-05,8.17269803082946e-06,-2.426826161409863,2.426826161409863,False,11.322887967942806,0.00029071841069306867,1.6896742116944788e+18,1.2712819967746715e+17,CONVERGED
S4,S4_eta05_dpl,"Symmetric Baseline (eta=0.5, DPL)",0.38585858585858585,209886.2472533207,1,1.2996574858355988e-05,4.13693826394241e-06,3.172505482943986,3.172505482943986,False,0.0418984903293704,-5.445368660484263e-07,1.6896742116944788e+18,1.2712819967746715e+17,CONVERGED
S4,S4_eta05_dpl,"Symmetric Baseline (eta=0.5, DPL)",0.38585858585858585,209886.2472533207,2,2.860395336313704e-07,9.104921139426608e-08,-3.4475663896441704,3.4475663896441704,False,31.423825832085125,8.988456485923285e-06,1.6896742116944788e+18,1.2712819967746715e+17,CONVERGED
S4,S4_eta05_dpl,"Symmetric Baseline (eta=0.5, DPL)",0.38585858585858585,209886.2472533207,3,1.9320892198009663,0.6150030996517745,2.560366209721127e-07,2.560366209721127e-07,True,-0.3534838624650076,0.9354403491958794,1.6896742116944788e+18,1.2712819967746715e+17,CONVERGED
S4,S4_eta05_dpl,"Symmetric Baseline (eta=0.5, DPL)",0.38585858585858585,209886.2472533207,4,1.9320816201178088,0.6150006805974937,-4.357905749578549e-06,4.357905749578549e-06,True,-0.35347838432966544,-0.935447351624436,1.6896742116944788e+18,1.2712819967746715e+17,CONVERGED
S4,S4_eta05_dpl,"Symmetric Baseline (eta=0.5, DPL)",0.4035353535353535,219501.45491544926,0,1.5678265620308163e-05,4.99054694515953e-06,-2.364623208999291,2.364623208999291,False,10.64002899364464,-0.00016681720078380913,1.9140763683400274e+18,2.545744907660311e+17,CONVERGED
S4,S4_eta05_dpl,"Symmetric Baseline (eta=0.5, DPL)",0.4035353535353535,219501.45491544926,1,6.072148967764036e-06,1.9328250468199922e-06,3.1687554199033885,3.1687554199033885,False,0.04205590728946558,-2.55369734039247e-07,1.9140763683400274e+18,2.545744907660311e+17,CONVERGED
S4,S4_eta05_dpl,"Symmetric Baseline (eta=0.5, DPL)",0.4035353535353535,219501.45491544926,2,1.0845222288152488e-06,3.452141472179728e-07,3.4694181560383917,3.4694181560383917,False,0.031135141185674637,-3.376675271317854e-08,1.9140763683400274e+18,2.545744907660311e+17,CONVERGED
S4,S4_eta05_dpl,"Symmetric Baseline (eta=0.5, DPL)",0.4035353535353535,219501.45491544926,3,2.00953969192279,0.6396563506177531,-1.123992858748146e-06,1.123992858748146e-06,True,-0.42480266404241795,0.9052872166393983,1.9140763683400274e+18,2.545744907660311e+17,CONVERGED
S4,S4_eta05_dpl,"Symmetric Baseline (eta=0.5, DPL)",0.4035353535353535,219501.45491544926,4,2.0095356998042497,0.6396550798869549,-4.429810635155366e-06,4.429810635155366e-06,True,-0.42480045433572344,-0.9052919052199019,1.9140763683400274e+18,2.545744907660311e+17,CONVERGED
S4,S4_eta05_dpl,"Symmetric Baseline (eta=0.5, DPL)",0.4212121212121212,229116.66257757787,0,6.509870816101031e-05,2.0721562385442998e-05,-2.300163085366081,2.300163085366081,False,9.975809209521834,0.0006494122933179497,2.1620626912267958e+18,6.234083814798897e+17,CONVERGED
S4,S4_eta05_dpl,"Symmetric Baseline (eta=0.5, DPL)",0.4212121212121212,229116.66257757787,1,2.0192780648045117e-05,6.427561709813492e-06,3.1640696282269967,3.1640696282269967,False,0.042253434927228835,-8.532143432279457e-07,2.1620626912267958e+18,6.234083814798897e+17,CONVERGED
S4,S4_eta05_dpl,"Symmetric Baseline (eta=0.5, DPL)",0.4212121212121212,229116.66257757787,2,3.7737185498672413e-06,1.2012119220979012e-06,3.4913626090402143,3.4913626090402143,False,0.03045933970952554,-1.1494497527909004e-07,2.1620626912267958e+18,6.234083814798897e+17,CONVERGED
S4,S4_eta05_dpl,"Symmetric Baseline (eta=0.5, DPL)",0.4212121212121212,229116.66257757787,3,2.0862232323315357,0.664065479637431,7.301898289079684e-06,7.301898289079684e-06,True,-0.4929027377858432,0.8700760239158858,2.1620626912267958e+18,6.234083814798897e+17,CONVERGED
S4,S4_eta05_dpl,"Symmetric Baseline (eta=0.5, DPL)",0.4212121212121212,229116.66257757787,4,2.0862244626330715,0.6640658712545728,-1.4680921551155802e-06,1.4680921551155802e-06,True,-0.4929081310219821,-0.8700830480827892,2.1620626912267958e+18,6.234083814798897e+17,CONVERGED
S4,S4_eta05_dpl,"Symmetric Baseline (eta=0.5, DPL)",0.4388888888888889,238731.87023970645,0,2.7184680624332315e-05,8.653152595473919e-06,-2.233373073378317,2.233373073378317,False,9.331288171454643,-0.00025366808881709184,2.424069292530948e+18,7.29862738781191e+16,CONVERGED
S4,S4_eta05_dpl,"Symmetric Baseline (eta=0.5, DPL)",0.4388888888888889,238731.87023970645,1,3.446125769780143e-06,1.0969359015537454e-06,3.158322902082925,3.158322902082925,False,0.042496952900161755,-1.4644984452696014e-07,2.424069292530948e+18,7.29862738781191e+16,CONVERGED
S4,S4_eta05_dpl,"Symmetric Baseline (eta=0.5, DPL)",0.4388888888888889,238731.87023970645,2,3.828353521288156e-07,1.2186027736325472e-07,-3.513353920559857,3.513353920559857,False,33.560638953606215,-1.2848199031472508e-05,2.424069292530948e+18,7.29862738781191e+16,CONVERGED
S4,S4_eta05_dpl,"Symmetric Baseline (eta=0.5, DPL)",0.4388888888888889,238731.87023970645,3,2.1621572211794486,0.6882360189850915,5.387004789342993e-06,5.387004789342993e-06,True,-0.5574883266678846,0.8301782890906644,2.424069292530948e+18,7.29862738781191e+16,CONVERGED
S4,S4_eta05_dpl,"Symmetric Baseline (eta=0.5, DPL)",0.4388888888888889,238731.87023970645,4,2.162165508020089,0.6882386567683925,-1.192603838931754e-05,1.192603838931754e-05,True,-0.5575048582260573,-0.8301880422022383,2.424069292530948e+18,7.29862738781191e+16,CONVERGED
S4,S4_eta05_dpl,"Symmetric Baseline (eta=0.5, DPL)",0.45656565656565656,248347.077901835,0,9.075070458830569e-05,2.8886846448602396e-05,-2.164128654790635,2.164128654790635,False,8.707011761652634,0.0007901674543978329,2.718356898650342e+18,1.6399519972501133e+17,CONVERGED
S4,S4_eta05_dpl,"Symmetric Baseline (eta=0.5, DPL)",0.45656565656565656,248347.077901835,1,2.6394418731928243e-05,8.401604422447391e-06,3.151369714902047,3.151369714902047,False,0.04279347183487555,-1.1295088148649794e-06,2.718356898650342e+18,1.6399519972501133e+17,CONVERGED
S4,S4_eta05_dpl,"Symmetric Baseline (eta=0.5, DPL)",0.45656565656565656,248347.077901835,2,4.0907449227975374e-07,1.3021245507826038e-07,-3.5353646874103926,3.5353646874103926,False,34.30752395517418,-1.4034332943339151e-05,2.718356898650342e+18,1.6399519972501133e+17,CONVERGED
S4,S4_eta05_dpl,"Symmetric Baseline (eta=0.5, DPL)",0.45656565656565656,248347.077901835,3,2.2374181162369235,0.7121923059249264,5.805891871854437e-06,5.805891871854437e-06,True,-0.6183309440348942,-0.7859104477818,2.718356898650342e+18,1.6399519972501133e+17,CONVERGED
S4,S4_eta05_dpl,"Symmetric Baseline (eta=0.5, DPL)",0.45656565656565656,248347.077901835,4,2.237412119624776,0.7121903971439962,9.837966182871444e-07,9.837966182871444e-07,True,-0.6183292128588121,0.7859179454205769,2.718356898650342e+18,1.6399519972501133e+17,CONVERGED
S4,S4_eta05_dpl,"Symmetric Baseline (eta=0.5, DPL)",0.4742424242424242,257962.28556396352,0,1.353437236889133e-05,4.30812452831084e-06,-2.0921399786886825,2.0921399786886825,False,8.102235235396918,-0.00010965866870290952,3.0177011697999887e+18,1.5842023647576237e+17,CONVERGED
S4,S4_eta05_dpl,"Symmetric Baseline (eta=0.5, DPL)",0.4742424242424242,257962.28556396352,1,5.547305162427162e-06,1.7657620748789444e-06,3.143014835508645,3.143014835508645,False,0.04315250389146667,-2.3938010761124675e-07,3.0177011697999887e+18,1.5842023647576237e+17,CONVERGED
S4,S4_eta05_dpl,"Symmetric Baseline (eta=0.5, DPL)",0.4742424242424242,257962.28556396352,2,2.956558889769496e-06,9.411019236982029e-07,3.5573651437198692,3.5573651437198692,False,0.02851385573452697,8.430289365376628e-08,3.0177011697999887e+18,1.5842023647576237e+17,CONVERGED
S4,S4_eta05_dpl,"Symmetric Baseline (eta=0.5, DPL)",0.4742424242424242,257962.28556396352,3,2.312015680527087,0.7359374481237164,-4.3264155183556084e-07,4.3264155183556084e-07,True,-0.6751881566390872,0.7376461336018711,3.0177011697999887e+18,1.5842023647576237e+17,CONVERGED
S4,S4_eta05_dpl,"Symmetric Baseline (eta=0.5, DPL)",0.4742424242424242,257962.28556396352,4,2.3120023273645964,0.7359331976800838,-2.264862653124384e-06,2.264862653124384e-06,True,-0.6751795437472836,-0.7376565009818428,3.0177011697999887e+18,1.5842023647576237e+17,CONVERGED
S4,S4_eta05_dpl,"Symmetric Baseline (eta=0.5, DPL)",0.49191919191919187,267577.4932260921,0,9.101427488038728e-05,2.8970743478276315e-05,-2.0173915274193592,2.0173915274193592,False,7.518687012211712,0.000684307848358545,3.335318823089541e+18,7.071695437935371e+16,CONVERGED
S4,S4_eta05_dpl,"Symmetric Baseline (eta=0.5, DPL)",0.49191919191919187,267577.4932260921,1,2.8786248843426864e-05,9.162947593009481e-06,3.133100265373621,3.133100265373621,False,0.04358247034468841,-1.2545758369000062e-06,3.335318823089541e+18,7.071695437935371e+16,CONVERGED
S4,S4_eta05_dpl,"Symmetric Baseline (eta=0.5, DPL)",0.49191919191919187,267577.4932260921,2,1.2320056999231971e-06,3.9215959412033426e-07,-3.5793512651061716,3.5793512651061716,False,35.85027597650547,4.416774434689675e-05,3.335318823089541e+18,7.071695437935371e+16,CONVERGED
S4,S4_eta05_dpl,"Symmetric Baseline (eta=0.5, DPL)",0.49191919191919187,267577.4932260921,3,2.386020567968961,0.7594939354223835,-4.8247789089667866e-06,4.8247789089667866e-06,True,-0.727882892101103,-0.6857084985552601,3.335318823089541e+18,7.071695437935371e+16,CONVERGED
S4,S4_eta05_dpl,"Symmetric Baseline (eta=0.5, DPL)",0.49191919191919187,267577.4932260921,4,2.38602781042093,0.7594962407664455,-8.11475963243423e-06,8.11475963243423e-06,True,-0.7278902530338405,0.6857054828345008,3.335318823089541e+18,7.071695437935371e+16,CONVERGED
S4,S4_eta05_dpl,"Symmetric Baseline (eta=0.5, DPL)",0.5095959595959596,277192.70088822074,0,1.841838262298327e-05,5.862753276411313e-06,-1.939477765316443,1.939477765316443,False,6.95511781710811,0.00012810202115791098,3.6315091840898995e+18,1.253159478647568e+17,CONVERGED
S4,S4_eta05_dpl,"Symmetric Baseline (eta=0.5, DPL)",0.5095959595959596,277192.70088822074,1,1.254896421701759e-05,3.9944593716433306e-06,3.1213631421286214,3.1213631421286214,False,0.04409701692649634,-5.533718875168692e-07,3.6315091840898995e+18,1.253159478647568e+17,CONVERGED
S4,S4_eta05_dpl,"Symmetric Baseline (eta=0.5, DPL)",0.5095959595959596,277192.70088822074,2,6.603851859222131e-08,2.102071333683611e-08,3.601267021949911,3.601267021949911,False,0.027289124613934092,1.8021333631827333e-09,3.6315091840898995e+18,1.253159478647568e+17,CONVERGED
S4,S4_eta05_dpl,"Symmetric Baseline (eta=0.5, DPL)",0.5095959595959596,277192.70088822074,3,2.4594598031986914,0.7828703700297837,1.7467618943402936e-05,1.7467618943402936e-05,True,-0.7762162709438498,-0.6304390264683536,3.6315091840898995e+18,1.253159478647568e+17,CONVERGED
S4,S4_eta05_dpl,"Symmetric Baseline (eta=0.5, DPL)",0.5095959595959596,277192.70088822074,4,2.459474091291307,0.782874918070918,2.231354178468789e-06,2.231354178468789e-06,True,-0.776237105499777,0.6304375411941527,3.6315091840898995e+18,1.253159478647568e+17,CONVERGED
S4,S4_eta05_dpl,"Symmetric Baseline (eta=0.5, DPL)",0.5272727272727272,286807.90855034924,0,3.661176244249762e-05,1.16538859360594e-05,-1.8582993309282199,1.8582993309282199,False,6.412821401022395,0.00023478469382530014,4.041134879777252e+18,9.400941185848347e+16,CONVERGED
S4,S4_eta05_dpl,"Symmetric Baseline (eta=0.5, DPL)",0.5272727272727272,286807.90855034924,1,1.7496798221035747e-05,5.56940385031864e-06,3.1075800971160916,3.1075800971160916,False,0.0447090160093216,-7.82264631855984e-07,4.041134879777252e+18,9.400941185848347e+16,CONVERGED
S4,S4_eta05_dpl,"Symmetric Baseline (eta=0.5, DPL)",0.5272727272727272,286807.90855034924,2,5.763613147864888e-06,1.8346150451042721e-06,3.6231561082281747,3.6231561082281747,False,0.02669828071769858,1.5387856177161906e-07,4.041134879777252e+18,9.400941185848347e+16,CONVERGED
S4,S4_eta05_dpl,"Symmetric Baseline (eta=0.5, DPL)",0.5272727272727272,286807.90855034924,3,2.5324201192510225,0.8060943599283346,8.273075213442074e-06,8.273075213442074e-06,True,-0.8201149804358258,-0.57218429972449,4.041134879777252e+18,9.400941185848347e+16,CONVERGED
S4,S4_eta05_dpl,"Symmetric Baseline (eta=0.5, DPL)",0.5272727272727272,286807.90855034924,4,2.5324144769855392,0.8060925639394508,-3.823108031132213e-06,3.823108031132213e-06,True,-0.8201216722890791,0.5721958483658013,4.041134879777252e+18,9.400941185848347e+16,CONVERGED
S4,S4_eta05_dpl,"Symmetric Baseline (eta=0.5, DPL)",0.544949494949495,296423.11621247785,0,2.8877577104788245e-05,9.192018281488786e-06,-1.7731456182649177,1.7731456182649177,False,5.889349898766186,0.00017007015584597204,4.426367991816099e+18,1.1106186369933374e+17,CONVERGED
S4,S4_eta05_dpl,"Symmetric Baseline (eta=0.5, DPL)",0.544949494949495,296423.11621247785,1,1.6040427490510695e-05,5.105826648843806e-06,3.091339636470341,3.091339636470341,False,0.04544103913244965,-7.288936933600313e-07,4.426367991816099e+18,1.1106186369933374e+17,CONVERGED
S4,S4_eta05_dpl,"Symmetric Baseline (eta=0.5, DPL)",0.544949494949495,296423.11621247785,2,1.8405929299853897e-06,5.858789260543393e-07,-3.64496531290912,3.64496531290912,False,38.28144495650264,-7.046055693664318e-05,4.426367991816099e+18,1.1106186369933374e+17,CONVERGED
S4,S4_eta05_dpl,"Symmetric Baseline (eta=0.5, DPL)",0.544949494949495,296423.11621247785,3,2.6049277136821867,0.8291742440591789,-1.912690597251551e-05,1.912690597251551e-05,True,-0.8594350208067225,0.5112824068502454,4.426367991816099e+18,1.1106186369933374e+17,CONVERGED
S4,S4_eta05_dpl,"Symmetric Baseline (eta=0.5, DPL)",0.544949494949495,296423.11621247785,4,2.6049310972693442,0.829175321088422,-2.030024153840764e-05,2.030024153840764e-05,True,-0.8594377591786864,-0.5112800987767917,4.426367991816099e+18,1.1106186369933374e+17,CONVERGED
S4,S4_eta05_dpl,"Symmetric Baseline (eta=0.5, DPL)",0.5626262626262627,306038.32387460646,0,1.801155023970904e-06,5.733254506795412e-07,-1.6840390565005536,1.6840390565005536,False,5.387271580601992,9.703311272907443e-06,4.817721194180567e+18,4.8852841991102216e+16,CONVERGED
S4,S4_eta05_dpl,"Symmetric Baseline (eta=0.5, DPL)",0.5626262626262627,306038.32387460646,1,8.841212555218849e-06,2.8142453621784128e-06,3.0723743794510594,3.0723743794510594,False,0.04631106416968587,-4.0944596199324086e-07,4.817721194180567e+18,4.8852841991102216e+16,CONVERGED
S4,S4_eta05_dpl,"Symmetric Baseline (eta=0.5, DPL)",0.5626262626262627,306038.32387460646,2,1.5751597840245224e-05,5.0138893157413e-06,3.6666554973038266,3.6666554973038266,False,0.025561818710969894,-4.026394884337533e-07,4.817721194180567e+18,4.8852841991102216e+16,CONVERGED
S4,S4_eta05_dpl,"Symmetric Baseline (eta=0.5, DPL)",0.5626262626262627,306038.32387460646,3,2.677014355746077,0.8521201348899075,3.91070300560241e-06,3.91070300560241e-06,True,-0.8940070907850051,0.4480440829323691,4.817721194180567e+18,4.8852841991102216e+16,CONVERGED
S4,S4_eta05_dpl,"Symmetric Baseline (eta=0.5, DPL)",0.5626262626262627,306038.32387460646,4,2.677044565152191,0.8521297508425293,-1.3299657839720691e-05,1.3299657839720691e-05,True,-0.8940360120726943,-0.4480247859065361,4.817721194180567e+18,4.8852841991102216e+16,CONVERGED
S4,S4_eta05_dpl,"Symmetric Baseline (eta=0.5, DPL)",0.5803030303030303,315653.531536735,0,1.942699626681052e-05,6.183804970581383e-06,-1.590211747522865,1.590211747522865,False,4.904787394031882,9.528528640534381e-05,5.260632615584649e+18,1.8101424497233446e+17,CONVERGED
S4,S4_eta05_dpl,"Symmetric Baseline (eta=0.5, DPL)",0.5803030303030303,315653.531536735,1,1.417433416319363e-05,4.51183069421718e-06,3.050151156504928,3.050151156504928,False,0.04735176631790398,-6.711797590523771e-07,5.260632615584649e+18,1.8101424497233446e+17,CONVERGED
S4,S4_eta05_dpl,"Symmetric Baseline (eta=0.5, DPL)",0.5803030303030303,315653.531536735,2,1.769785824502198e-05,5.633403243669808e-06,3.688283395322532,3.688283395322532,False,0.025014905907826148,-4.427102588154911e-07,5.260632615584649e+18,1.8101424497233446e+17,CONVERGED
S4,S4_eta05_dpl,"Symmetric Baseline (eta=0.5, DPL)",0.5803030303030303,315653.531536735,3,2.748848921428365,0.8749857873162986,1.3767683334541685e-05,1.3767683334541685e-05,True,-0.9238497252399919,0.38271941443623836,5.260632615584649e+18,1.8101424497233446e+17,CONVERGED
S4,S4_eta05_dpl,"Symmetric Baseline (eta=0.5, DPL)",0.5803030303030303,315653.531536735,4,2.748842114034654,0.8749836204555813,-1.096299896741327e-05,1.096299896741327e-05,True,-0.9238699675489866,-0.38273516862100043,5.260632615584649e+18,1.8101424497233446e+17,CONVERGED
S4,S4_eta05_dpl,"Symmetric Baseline (eta=0.5, DPL)",0.5979797979797981,325268.7391988636,0,5.6544431243619285e-05,1.7998651473483632e-05,-1.4905494987569672,1.4905494987569672,False,4.439534360389438,-0.00025103094566226406,5.648754457631581e+18,5.869579135351704e+16,CONVERGED
S4,S4_eta05_dpl,"Symmetric Baseline (eta=0.5, DPL)",0.5979797979797981,325268.7391988636,1,1.0483194562021084e-05,3.3369044678794645e-06,3.0239267843452353,3.0239267843452353,False,0.048609962255544925,5.095876919960461e-07,5.648754457631581e+18,5.869579135351704e+16,CONVERGED
S4,S4_eta05_dpl,"Symmetric Baseline (eta=0.5, DPL)",0.5979797979797981,325268.7391988636,2,1.036960514327717e-05,3.3007478329274065e-06,-3.70978963888825,3.70978963888825,False,40.84521337649781,-0.0004235487347223664,5.648754457631581e+18,5.869579135351704e+16,CONVERGED
S4,S4_eta05_dpl,"Symmetric Baseline (eta=0.5, DPL)",0.5979797979797981,325268.7391988636,3,2.820503847401544,0.8977942586473292,3.9609823361426435e-05,3.9609823361426435e-05,True,-0.9488547687594314,-0.31558740674107455,5.648754457631581e+18,5.869579135351704e+16,CONVERGED
S4,S4_eta05_dpl,"Symmetric Baseline (eta=0.5, DPL)",0.5979797979797981,325268.7391988636,4,2.820494074192511,0.8977911477382742,1.4449956867920695e-05,1.4449956867920695e-05,True,-0.9488755576944469,0.3156046205522268,5.648754457631581e+18,5.869579135351704e+16,CONVERGED
S4,S4_eta05_dpl,"Symmetric Baseline (eta=0.5, DPL)",0.6156565656565657,334883.9468609921,0,0.00011017689666256791,3.507039543674526e-05,-1.3844129702677201,1.3844129702677201,False,3.992481487184599,-0.0004398792220206434,6.133234631107359e+18,6.6427751317504664e+16,CONVERGED
S4,S4_eta05_dpl,"Symmetric Baseline (eta=0.5, DPL)",0.6156565656565657,334883.9468609921,1,3.094437563336257e-05,9.849900685884106e-06,2.9929920134059333,2.9929920134059333,False,0.0501372008806302,1.5514643777507816e-06,6.133234631107359e+18,6.6427751317504664e+16,CONVERGED
S4,S4_eta05_dpl,"Symmetric Baseline (eta=0.5, DPL)",0.6156565656565657,334883.9468609921,2,2.666286583394387e-06,8.487053788936355e-07,3.7311987773113757,3.7311987773113757,False,0.023964091002157423,-6.38951343224459e-08,6.133234631107359e+18,6.6427751317504664e+16,CONVERGED
S4,S4_eta05_dpl,"Symmetric Baseline (eta=0.5, DPL)",0.6156565656565657,334883.9468609921,3,2.8921552303376283,0.9206016021946254,-1.125800186881238e-05,1.125800186881238e-05,True,-0.9690623617357705,0.24686161168621448,6.133234631107359e+18,6.6427751317504664e+16,CONVERGED
S4,S4_eta05_dpl,"Symmetric Baseline (eta=0.5, DPL)",0.6156565656565657,334883.9468609921,4,2.892148896710198,0.9205995861383989,-1.6192136534582238e-05,1.6192136534582238e-05,True,-0.9690655796751321,-0.24686896744294462,6.133234631107359e+18,6.6427751317504664e+16,CONVERGED
S4,S4_eta05_dpl,"Symmetric Baseline (eta=0.5, DPL)",0.6333333333333333,344499.15452312067,0,3.786355225556668e-05,1.2052343008983442e-05,-1.2714605079947388,1.2714605079947388,False,3.566057013082377,0.0001350235861257001,6.670781524037308e+18,1.9853017727989795e+17,CONVERGED
S4,S4_eta05_dpl,"Symmetric Baseline (eta=0.5, DPL)",0.6333333333333333,344499.15452312067,1,2.2577568212060283e-05,7.18666316788768e-06,2.956633961755103,2.956633961755103,False,0.05199363550583825,-1.1738898524255247e-06,6.670781524037308e+18,1.9853017727989795e+17,CONVERGED
S4,S4_eta05_dpl,"Symmetric Baseline (eta=0.5, DPL)",0.6333333333333333,344499.15452312067,2,4.007797562476698e-06,1.2757215859596313e-06,3.7524933357732113,3.7524933357732113,False,0.02345918125971387,9.401964947088367e-08,6.670781524037308e+18,1.9853017727989795e+17,CONVERGED
S4,S4_eta05_dpl,"Symmetric Baseline (eta=0.5, DPL)",0.6333333333333333,344499.15452312067,3,2.9644261618474634,0.9436061541779176,5.495592572949506e-06,5.495592572949506e-06,True,-0.9843416148044,0.17624016068854237,6.670781524037308e+18,1.9853017727989795e+17,CONVERGED
S4,S4_eta05_dpl,"Symmetric Baseline (eta=0.5, DPL)",0.6333333333333333,344499.15452312067,4,2.964425230522187,0.9436058577278748,9.570538298742331e-07,9.570538298742331e-07,True,-0.9843459181490049,-0.1762418773094658,6.670781524037308e+18,1.9853017727989795e+17,CONVERGED
S4,S4_eta05_dpl,"Symmetric Baseline (eta=0.5, DPL)",0.651010101010101,354114.3621852493,0,0.00016287242038746604,5.1843901596012825e-05,-1.1490793867616085,1.1490793867616085,False,3.155286731555916,0.0005139091915291981,6.964830768499867e+18,9.92596519658476e+16,CONVERGED
S4,S4_eta05_dpl,"Symmetric Baseline (eta=0.5, DPL)",0.651010101010101,354114.3621852493,1,7.554810146339478e-05,2.404770757821466e-05,2.9131135435916535,2.9131135435916535,False,0.05430638092879828,-4.102743984324111e-06,6.964830768499867e+18,9.92596519658476e+16,CONVERGED
S4,S4_eta05_dpl,"Symmetric Baseline (eta=0.5, DPL)",0.651010101010101,354114.3621852493,2,4.027893927331927e-05,1.2821184575694072e-05,3.7735401121982504,3.7735401121982504,False,0.0229706006566239,-9.252314294201847e-07,6.964830768499867e+18,9.92596519658476e+16,CONVERGED
S4,S4_eta05_dpl,"Symmetric Baseline (eta=0.5, DPL)",0.651010101010101,354114.3621852493,3,3.03917503752076,0.9673994602858509,1.898536400314094e-05,1.898536400314094e-05,True,-0.9947410131090177,0.10223671958605514,6.964830768499867e+18,9.92596519658476e+16,CONVERGED
S4,S4_eta05_dpl,"Symmetric Baseline (eta=0.5, DPL)",0.651010101010101,354114.3621852493,4,3.03916975666322,0.9673977793366884,1.854829635512669e-06,1.854829635512669e-06,True,-0.9947575137794156,-0.10224372414483734,6.964830768499867e+18,9.92596519658476e+16,CONVERGED
S4,S4_eta05_dpl,"Symmetric Baseline (eta=0.5, DPL)",0.6686868686868687,363729.5698473778,0,2.2066581801756436e-06,7.024011141782398e-07,-1.0157746070783737,1.0157746070783737,False,2.761501647834028,-6.093690200771368e-06,7.808120953664304e+18,1.3498069648735522e+17,CONVERGED
S4,S4_eta05_dpl,"Symmetric Baseline (eta=0.5, DPL)",0.6686868686868687,363729.5698473778,1,7.34440928950055e-06,2.3377980850280953e-06,2.8607898982422086,2.8607898982422086,False,0.05722354163226683,-4.202731107496986e-07,7.808120953664304e+18,1.3498069648735522e+17,CONVERGED
S4,S4_eta05_dpl,"Symmetric Baseline (eta=0.5, DPL)",0.6686868686868687,363729.5698473778,2,5.554432441952523e-06,1.7680307584134622e-06,-3.7947030284670094,3.7947030284670094,False,44.46502959591296,0.0002469780029224579,7.808120953664304e+18,1.3498069648735522e+17,CONVERGED
S4,S4_eta05_dpl,"Symmetric Baseline (eta=0.5, DPL)",0.6686868686868687,363729.5698473778,3,3.1414806000879962,0.9999643322625965,0.02486060620513063,0.02486060620513063,False,-0.9754458675301844,-0.00010930212572766544,7.808120953664304e+18,1.3498069648735522e+17,CONVERGED
S4,S4_eta05_dpl,"Symmetric Baseline (eta=0.5, DPL)",0.6686868686868687,363729.5698473778,4,3.1415173787193402,0.9999760392645537,-0.024922920669274803,0.024922920669274803,False,-1.0252360900622404,7.717451400888154e-05,7.808120953664304e+18,1.3498069648735522e+17,CONVERGED
S4,S4_eta05_dpl,"Symmetric Baseline (eta=0.5, DPL)",0.6863636363636364,373344.7775095064,0,0.0005559403439189534,0.0001769613075978195,-0.8688958912068033,0.8688958912068033,False,2.3842765301624667,0.0013255156507353066,8.321707695303281e+18,2.7622898220159478e+17,CONVERGED
S4,S4_eta05_dpl,"Symmetric Baseline (eta=0.5, DPL)",0.6863636363636364,373344.7775095064,1,0.00027809056093377706,8.851897479961708e-05,2.797149222471094,2.797149222471094,False,0.06098366356182879,-1.6958981644876377e-05,8.321707695303281e+18,2.7622898220159478e+17,CONVERGED
S4,S4_eta05_dpl,"Symmetric Baseline (eta=0.5, DPL)",0.6863636363636364,373344.7775095064,2,2.7140597695194993e-06,8.63912056331757e-07,-3.815613024949944,3.815613024949944,False,45.404581994616045,-0.0001232307493437394,8.321707695303281e+18,2.7622898220159478e+17,CONVERGED
S4,S4_eta05_dpl,"Symmetric Baseline (eta=0.5, DPL)",0.6863636363636364,373344.7775095064,3,3.14158240624283,0.9999967381681545,0.04523884720703522,0.04523884720703522,False,-0.9557691717211453,9.794098319445013e-06,8.321707695303281e+18,2.7622898220159478e+17,CONVERGED
S4,S4_eta05_dpl,"Symmetric Baseline (eta=0.5, DPL)",0.6863636363636364,373344.7775095064,4,3.1415902580967026,0.9999992374908669,-0.04523408428035518,0.04523408428035518,False,-1.0462727472455533,-2.5063391369397917e-06,8.321707695303281e+18,2.7622898220159478e+17,CONVERGED
S4,S4_eta05_dpl,"Symmetric Baseline (eta=0.5, DPL)",0.704040404040404,382959.98517163494,0,3.68074949002501e-05,1.1716189512409066e-05,-0.7034282477779811,0.7034282477779811,False,2.02066819658083,-7.437573437433435e-05,9.104184570820995e+18,4.689295800338761e+16,CONVERGED
S4,S4_eta05_dpl,"Symmetric Baseline (eta=0.5, DPL)",0.704040404040404,382959.98517163494,1,1.1066677508769002e-05,3.522632858248977e-06,2.717881307858879,2.717881307858879,False,0.0660144707024905,7.305608582063662e-07,9.104184570820995e+18,4.689295800338761e+16,CONVERGED
S4,S4_eta05_dpl,"Symmetric Baseline (eta=0.5, DPL)",0.704040404040404,382959.98517163494,2,3.1121491484125895e-05,9.906278412181924e-06,3.8364032451075687,3.8364032451075687,False,0.021571047744823532,6.713231789109346e-07,9.104184570820995e+18,4.689295800338761e+16,CONVERGED
S4,S4_eta05_dpl,"Symmetric Baseline (eta=0.5, DPL)",0.704040404040404,382959.98517163494,3,3.0633154145696446,0.9750835809567151,1.0545898702505523e-06,1.0545898702505523e-06,True,-0.996936849584734,-0.07819724267868508,9.104184570820995e+18,4.689295800338761e+16,CONVERGED
S4,S4_eta05_dpl,"Symmetric Baseline (eta=0.5, DPL)",0.704040404040404,382959.98517163494,4,3.0633112214918463,0.9750822462585984,-4.465838291579119e-08,4.465838291579119e-08,True,-0.9969376175701802,0.07820150887459265,9.104184570820995e+18,4.689295800338761e+16,CONVERGED
S4,S4_eta05_dpl,"Symmetric Baseline (eta=0.5, DPL)",0.7217171717171718,392575.19283376355,0,4.575736464729969e-05,1.4565021532952171e-05,-0.5134630271848566,0.5134630271848566,False,1.6710681389620523,-7.646367423833602e-05,9.64488057326958e+18,9.035990216061664e+16,CONVERGED
S4,S4_eta05_dpl,"Symmetric Baseline (eta=0.5, DPL)",0.7217171717171718,392575.19283376355,1,1.788925319752814e-05,5.694326149218196e-06,2.617059428637503,2.617059428637503,False,0.07301725989976256,1.3062242502759123e-06,9.64488057326958e+18,9.035990216061664e+16,CONVERGED
S4,S4_eta05_dpl,"Symmetric Baseline (eta=0.5, DPL)",0.7217171717171718,392575.19283376355,2,2.847940071171763e-05,9.065274799129405e-06,3.8570622723441637,3.8570622723441637,False,0.02112998255939965,-6.01769240503441e-07,9.64488057326958e+18,9.035990216061664e+16,CONVERGED
S4,S4_eta05_dpl,"Symmetric Baseline (eta=0.5, DPL)",0.7217171717171718,392575.19283376355,3,2.987259501653075,0.9508742319726375,6.373443752495205e-06,6.373443752495205e-06,True,-0.9881079614886412,0.15372023170844545,9.64488057326958e+18,9.035990216061664e+16,CONVERGED
S4,S4_eta05_dpl,"Symmetric Baseline (eta=0.5, DPL)",0.7217171717171718,392575.19283376355,4,2.9872183323048658,0.9508611273620948,-7.343618771709599e-06,7.343618771709599e-06,True,-0.988115186034345,-0.15376302050139748,9.64488057326958e+18,9.035990216061664e+16,CONVERGED
S4,S4_eta05_dpl,"Symmetric Baseline (eta=0.5, DPL)",0.7393939393939394,402190.40049589204,0,0.0003939235788177083,0.00012538976953857623,-0.2883063279764375,0.2883063279764375,False,1.3341658303684614,-0.0005255594058197421,1.0432835487411274e+19,1.35281262734832e+17,CONVERGED
S4,S4_eta05_dpl,"Symmetric Baseline (eta=0.5, DPL)",0.7393939393939394,402190.40049589204,1,0.0002427616173850949,7.72734227996425e-05,2.484186594784159,2.484186594784159,False,0.08339335706815436,2.0244706638733023e-05,1.0432835487411274e+19,1.35281262734832e+17,CONVERGED
S4,S4_eta05_dpl,"Symmetric Baseline (eta=0.5, DPL)",0.7393939393939394,402190.40049589204,2,1.0179449029603974e-05,3.2402192620269396e-06,3.8776005799236217,3.8776005799236217,False,0.020700434678386226,-2.1071901970655744e-07,1.0432835487411274e+19,1.35281262734832e+17,CONVERGED
S4,S4_eta05_dpl,"Symmetric Baseline (eta=0.5, DPL)",0.7393939393939394,402190.40049589204,3,2.9157805645746375,0.9281217796466618,7.4500400716711305e-06,7.4500400716711305e-06,True,-0.9746053425542889,-0.22389624002090686,1.0432835487411274e+19,1.35281262734832e+17,CONVERGED
S4,S4_eta05_dpl,"Symmetric Baseline (eta=0.5, DPL)",0.7393939393939394,402190.40049589204,4,2.915777135095665,0.9281206880096005,-3.4987518952913166e-06,3.4987518952913166e-06,True,-0.974615245502265,0.22390203385148816,1.0432835487411274e+19,1.35281262734832e+17,CONVERGED
S4,S4_eta05_dpl,"Symmetric Baseline (eta=0.5, DPL)",0.7570707070707071,411805.6081580207,0,0.0002132368594485332,6.787540046125157e-05,-0.004092311496228125,0.004092311496228125,False,1.004100673608739,0.00021411127745569447,1.0702692091405988e+19,4.7677752323310776e+16,CONVERGED
S4,S4_eta05_dpl,"Symmetric Baseline (eta=0.5, DPL)",0.7570707070707071,411805.6081580207,1,0.0001607271056903747,5.116102671895326e-05,2.296376719613224,2.296376719613224,False,0.1006227672278263,-1.6172806282349934e-05,1.0702692091405988e+19,4.7677752323310776e+16,CONVERGED
S4,S4_eta05_dpl,"Symmetric Baseline (eta=0.5, DPL)",0.7570707070707071,411805.6081580207,2,0.00011264083181631218,3.585469035509784e-05,3.897875040957579,3.897875040957579,False,0.020284970282946464,-2.2849159357039016e-06,1.0702692091405988e+19,4.7677752323310776e+16,CONVERGED
S4,S4_eta05_dpl,"Symmetric Baseline (eta=0.5, DPL)",0.7570707070707071,411805.6081580207,3,2.8456374517405005,0.9057945333838509,-7.765776667432953e-07,7.765776667432953e-07,True,-0.9565247334380395,-0.29165388301517126,1.0702692091405988e+19,4.7677752323310776e+16,CONVERGED
S4,S4_eta05_dpl,"Symmetric Baseline (eta=0.5, DPL)",0.7570707070707071,411805.6081580207,4,2.8456628768234347,0.9058026264391058,-3.5115695010006956e-06,3.5115695010006956e-06,True,-0.9565347645642297,0.29163036080579463,1.0702692091405988e+19,4.7677752323310776e+16,CONVERGED
S4,S4_eta05_dpl,"Symmetric Baseline (eta=0.5, DPL)",0.7747474747474747,421420.81582014915,0,0.00018423732191946883,5.864456097099253e-05,0.4000967237890492,0.4000967237890492,False,0.6702552019010294,-0.00012348602479801666,1.2031137146695666e+19,1.0953319403141288e+17,CONVERGED
S4,S4_eta05_dpl,"Symmetric Baseline (eta=0.5, DPL)",0.7747474747474747,421420.81582014915,1,0.00013946559535480554,4.439327778394276e-05,1.992861184430913,1.992861184430913,False,0.13630487228370303,1.900984028605864e-05,1.2031137146695666e+19,1.0953319403141288e+17,CONVERGED
S4,S4_eta05_dpl,"Symmetric Baseline (eta=0.5, DPL)",0.7747474747474747,421420.81582014915,2,8.650072592787702e-05,2.7534036224917805e-05,3.918415804127439,3.918415804127439,False,0.01987255176094234,1.7189901576481997e-06,1.2031137146695666e+19,1.0953319403141288e+17,CONVERGED
S4,S4_eta05_dpl,"Symmetric Baseline (eta=0.5, DPL)",0.7747474747474747,421420.81582014915,3,2.7760275544916433,0.8836370149133018,5.052354272038481e-07,5.052354272038481e-07,True,-0.933921428450572,0.3574769293402012,1.2031137146695666e+19,1.0953319403141288e+17,CONVERGED
S4,S4_eta05_dpl,"Symmetric Baseline (eta=0.5, DPL)",0.7747474747474747,421420.81582014915,4,2.7760378061122073,0.8836402781054767,-1.6767178959224285e-05,1.6767178959224285e-05,True,-0.9339412243998633,-0.3574735294909059,1.2031137146695666e+19,1.0953319403141288e+17,CONVERGED
S4,S4_eta05_dpl,"Symmetric Baseline (eta=0.5, DPL)",0.7924242424242425,431036.0234822779,0,0.42697705962903204,0.1359110192536068,1.249031389180371,1.249031389180371,False,0.2610356228831228,-0.1187626758306146,1.1835606200735035e+19,1.52083058519622e+17,CONVERGED
S4,S4_eta05_dpl,"Symmetric Baseline (eta=0.5, DPL)",0.7924242424242425,431036.0234822779,1,0.42692874252195356,0.13589563944075192,1.2497967532321597,1.2497967532321597,False,0.2608416456109041,0.11865921094828469,1.1835606200735035e+19,1.52083058519622e+17,CONVERGED
S4,S4_eta05_dpl,"Symmetric Baseline (eta=0.5, DPL)",0.7924242424242425,431036.0234822779,2,5.099076135342213e-05,1.6230863442832633e-05,3.9385554151268316,3.9385554151268316,False,0.019476329619186664,-9.931128765132511e-07,1.1835606200735035e+19,1.52083058519622e+17,CONVERGED
S4,S4_eta05_dpl,"Symmetric Baseline (eta=0.5, DPL)",0.7924242424242425,431036.0234822779,3,2.7067474166342915,0.8615844621171308,-5.252450866321491e-06,5.252450866321491e-06,True,-0.9069400138406318,-0.421272259057802,1.1835606200735035e+19,1.52083058519622e+17,CONVERGED
S4,S4_eta05_dpl,"Symmetric Baseline (eta=0.5, DPL)",0.7924242424242425,431036.0234822779,4,2.706762379432622,0.8615892249237644,-1.5509939992710334e-05,1.5509939992710334e-05,True,-0.90695562019066,0.42126300972869923,1.1835606200735035e+19,1.52083058519622e+17,CONVERGED
S4,S4_eta05_dpl,"Symmetric Baseline (eta=0.5, DPL)",0.8101010101010101,440651.2311444063,0,1.0892234365999343,0.34671058813284245,1.30497649719395,1.30497649719395,False,0.12560295176936354,0.24033705267261576,1.2763616019521354e+19,7.720033359753354e+16,CONVERGED
S4,S4_eta05_dpl,"Symmetric Baseline (eta=0.5, DPL)",0.8101010101010101,440651.2311444063,1,1.0891872236970683,0.34669906120785277,1.3054201396421266,1.3054201396421266,False,0.12555594068673853,-0.24022590601451677,1.2763616019521354e+19,7.720033359753354e+16,CONVERGED
S4,S4_eta05_dpl,"Symmetric Baseline (eta=0.5, DPL)",0.8101010101010101,440651.2311444063,2,1.284031002419834e-05,4.08719762236716e-06,3.9584757472901404,3.9584757472901404,False,0.019092193450019213,2.451496829536885e-07,1.2763616019521354e+19,7.720033359753354e+16,CONVERGED
S4,S4_eta05_dpl,"Symmetric Baseline (eta=0.5, DPL)",0.8101010101010101,440651.2311444063,3,2.637603768100652,0.839575355222056,9.412177333707612e-07,9.412177333707612e-07,True,-0.8756623875084741,0.48292183701843916,1.2763616019521354e+19,7.720033359753354e+16,CONVERGED
S4,S4_eta05_dpl,"Symmetric Baseline (eta=0.5, DPL)",0.8101010101010101,440651.2311444063,4,2.6376298759538153,0.8395836656098249,-2.554152298503431e-07,2.554152298503431e-07,True,-0.8756760431246398,-0.4828995530420009,1.2763616019521354e+19,7.720033359753354e+16,CONVERGED
S4,S4_eta05_dpl,"Symmetric Baseline (eta=0.5, DPL)",0.8277777777777778,450266.438806535,0,1.5846489494607918,0.5044094267441281,1.3641716713755363,1.3641716713755363,False,-0.0035405104892760808,-0.25556777967820243,1.3782835844952052e+19,1.7854081068645832e+18,CONVERGED
S4,S4_eta05_dpl,"Symmetric Baseline (eta=0.5, DPL)",0.8277777777777778,450266.438806535,1,1.58454044732112,0.5043748894403984,1.3649881512258992,1.3649881512258992,False,-0.0035099138733675783,0.2553595812345848,1.3782835844952052e+19,1.7854081068645832e+18,CONVERGED
S4,S4_eta05_dpl,"Symmetric Baseline (eta=0.5, DPL)",0.8277777777777778,450266.438806535,2,3.003604540535694e-06,9.560770194390337e-07,3.9783757659896737,3.9783757659896737,False,0.01871601384954534,5.6215504179392366e-08,1.3782835844952052e+19,1.7854081068645832e+18,CONVERGED
S4,S4_eta05_dpl,"Symmetric Baseline (eta=0.5, DPL)",0.8277777777777778,450266.438806535,3,2.5685239699073334,0.8175865725215415,2.4532540499127876e-06,2.4532540499127876e-06,True,-0.840238992364858,0.5422117014724278,1.3782835844952052e+19,1.7854081068645832e+18,CONVERGED
S4,S4_eta05_dpl,"Symmetric Baseline (eta=0.5, DPL)",0.8277777777777778,450266.438806535,4,2.5685302001618107,0.817588555673135,-1.0678271078871513e-06,1.0678271078871513e-06,True,-0.8402453290322186,-0.5422083757154946,1.3782835844952052e+19,1.7854081068645832e+18,CONVERGED
S4,S4_eta05_dpl,"Symmetric Baseline (eta=0.5, DPL)",0.8454545454545455,459881.6464686634,0,2.1254357122713228,0.6765471996640489,1.42801708026503,1.42801708026503,False,-0.1262790332056035,-0.20383801338831004,1.4211443559386302e+19,1.1249579576652658e+17,CONVERGED
S4,S4_eta05_dpl,"Symmetric Baseline (eta=0.5, DPL)",0.8454545454545455,459881.6464686634,1,2.1254064776351216,0.676537893990327,1.4282351427880637,1.4282351427880637,False,-0.12624554159836746,0.2037972596324149,1.4211443559386302e+19,1.1249579576652658e+17,CONVERGED
S4,S4_eta05_dpl,"Symmetric Baseline (eta=0.5, DPL)",0.8454545454545455,459881.6464686634,2,3.029333156135108e-05,9.642666921421497e-06,3.9981167429086857,3.9981167429086857,False,0.0183501644371792,-5.558876156708263e-07,1.4211443559386302e+19,1.1249579576652658e+17,CONVERGED
S4,S4_eta05_dpl,"Symmetric Baseline (eta=0.5, DPL)",0.8454545454545455,459881.6464686634,3,2.4994133413954214,0.7955879762258246,9.763269912033736e-06,9.763269912033736e-06,True,-0.8007845605560404,0.5989361912807464,1.4211443559386302e+19,1.1249579576652658e+17,CONVERGED
S4,S4_eta05_dpl,"Symmetric Baseline (eta=0.5, DPL)",0.8454545454545455,459881.6464686634,4,2.4994051565211817,0.7955853708994369,8.307635358531392e-06,8.307635358531392e-06,True,-0.8007808239552029,-0.598943617423996,1.4211443559386302e+19,1.1249579576652658e+17,CONVERGED
S4,S4_eta05_dpl,"Symmetric Baseline (eta=0.5, DPL)",0.8631313131313132,469496.85413079214,0,3.141201444470915,0.9998754742698958,1.084593659585383,1.084593659585383,False,-0.3380390910786558,0.00013224398171380667,1.4993509045010397e+19,7.069397028915192e+16,CONVERGED
S4,S4_eta05_dpl,"Symmetric Baseline (eta=0.5, DPL)",0.8631313131313132,469496.85413079214,1,3.1411728948463913,0.9998663866421631,1.909238778732822,1.909238778732822,False,-0.14819313839342402,-6.220536920628748e-05,1.4993509045010397e+19,7.069397028915192e+16,CONVERGED
S4,S4_eta05_dpl,"Symmetric Baseline (eta=0.5, DPL)",0.8631313131313132,469496.85413079214,2,0.0005381304957172409,0.00017129225684378178,4.0175776811546235,4.0175776811546235,False,0.017996502852271678,9.684467935893425e-06,1.4993509045010397e+19,7.069397028915192e+16,CONVERGED
S4,S4_eta05_dpl,"Symmetric Baseline (eta=0.5, DPL)",0.8631313131313132,469496.85413079214,3,2.4301433948456848,0.7735386674236207,4.1760936287082695e-05,4.1760936287082695e-05,True,-0.7573847743582075,0.6529048821885524,1.4993509045010397e+19,7.069397028915192e+16,CONVERGED
S4,S4_eta05_dpl,"Symmetric Baseline (eta=0.5, DPL)",0.8631313131313132,469496.85413079214,4,2.430239224554592,0.7735691709673559,2.445006488367152e-05,2.445006488367152e-05,True,-0.7574604507522219,-0.6528436004220807,1.4993509045010397e+19,7.069397028915192e+16,CONVERGED
S4,S4_eta05_dpl,"Symmetric Baseline (eta=0.5, DPL)",0.8808080808080808,479112.06179292063,0,3.1414363281194193,0.9999502400573177,0.4449935831061331,0.4449935831061331,False,-0.6408283803167082,0.00010017779879793314,1.5881283024173554e+19,6.839136724560132e+16,CONVERGED
S4,S4_eta05_dpl,"Symmetric Baseline (eta=0.5, DPL)",0.8808080808080808,479112.06179292063,1,3.141386449214872,0.9999343631088883,2.6992762973662354,2.6992762973662354,False,-0.06725416572003004,-1.3868103399690479e-05,1.5881283024173554e+19,6.839136724560132e+16,CONVERGED
S4,S4_eta05_dpl,"Symmetric Baseline (eta=0.5, DPL)",0.8808080808080808,479112.06179292063,2,0.0004643856546370949,0.0001478185448729188,4.037775772189477,4.037775772189477,False,0.01763665486276192,-8.190210102802828e-06,1.5881283024173554e+19,6.839136724560132e+16,CONVERGED
S4,S4_eta05_dpl,"Symmetric Baseline (eta=0.5, DPL)",0.8808080808080808,479112.06179292063,3,2.360929722957793,0.7515072714026235,-4.326431666349747e-05,4.326431666349747e-05,True,-0.7104778940371693,0.7037809989347155,1.5881283024173554e+19,6.839136724560132e+16,CONVERGED
S4,S4_eta05_dpl,"Symmetric Baseline (eta=0.5, DPL)",0.8808080808080808,479112.06179292063,4,2.360855533287261,0.7514836560970405,-3.9714581214706605e-05,3.9714581214706605e-05,True,-0.7104231569827664,-0.7038312086996772,1.5881283024173554e+19,6.839136724560132e+16,CONVERGED
S4,S4_eta05_dpl,"Symmetric Baseline (eta=0.5, DPL)",0.8984848484848484,488727.2694550492,0,3.141553344739926,0.9999874876044728,0.13130723392040458,0.13130723392040458,False,-0.8769483040548743,3.447182924326351e-05,1.6875288771346842e+19,8.779270990540848e+16,CONVERGED
S4,S4_eta05_dpl,"Symmetric Baseline (eta=0.5, DPL)",0.8984848484848484,488727.2694550492,1,3.141549620510878,0.9999863021455484,3.179868861518132,3.179868861518132,False,-0.04159110891993924,-1.78979347341853e-06,1.6875288771346842e+19,8.779270990540848e+16,CONVERGED
S4,S4_eta05_dpl,"Symmetric Baseline (eta=0.5, DPL)",0.8984848484848484,488727.2694550492,2,1.4259348076695036e-05,4.538891463347852e-06,4.056793990798588,4.056793990798588,False,0.017304408369374847,-2.4674958221691447e-07,1.6875288771346842e+19,8.779270990540848e+16,CONVERGED
S4,S4_eta05_dpl,"Symmetric Baseline (eta=0.5, DPL)",0.8984848484848484,488727.2694550492,3,2.291300362644241,0.7293435576461667,8.500083212034068e-06,8.500083212034068e-06,True,-0.6597579172145865,0.751466892584596,1.6875288771346842e+19,8.779270990540848e+16,CONVERGED
S4,S4_eta05_dpl,"Symmetric Baseline (eta=0.5, DPL)",0.8984848484848484,488727.2694550492,4,2.291302634721968,0.7293442808709693,1.2773815669979262e-05,1.2773815669979262e-05,True,-0.6597568049739757,-0.7514621820062067,1.6875288771346842e+19,8.779270990540848e+16,CONVERGED
S4,S4_eta05_dpl,"Symmetric Baseline (eta=0.5, DPL)",0.9161616161616162,498342.4771171778,0,3.1415644890341023,0.9999910349434836,-0.08648206098467755,0.08648206098467755,False,-1.0903318076308794,3.070871092563498e-05,1.8690453645328683e+19,1.5915830286248397e+17,CONVERGED
S4,S4_eta05_dpl,"Symmetric Baseline (eta=0.5, DPL)",0.9161616161616162,498342.4771171778,1,3.1415285356336993,0.9999795906206934,3.586512653041459,3.586512653041459,False,-0.027694743335008844,-1.77573033962187e-06,1.8690453645328683e+19,1.5915830286248397e+17,CONVERGED
S4,S4_eta05_dpl,"Symmetric Baseline (eta=0.5, DPL)",0.9161616161616162,498342.4771171778,2,2.4663663913528713e-06,7.85068805319059e-07,4.076081191148597,4.076081191148597,False,0.016973852772966373,-4.186374001110088e-08,1.8690453645328683e+19,1.5915830286248397e+17,CONVERGED
S4,S4_eta05_dpl,"Symmetric Baseline (eta=0.5, DPL)",0.9161616161616162,498342.4771171778,3,2.2214571788351996,0.7071117817571971,-1.4339035948435122e-07,1.4339035948435122e-07,True,-0.6057124540034515,-0.7956838001655411,1.8690453645328683e+19,1.5915830286248397e+17,CONVERGED
S4,S4_eta05_dpl,"Symmetric Baseline (eta=0.5, DPL)",0.9161616161616162,498342.4771171778,4,2.221506299582721,0.70712741737675,3.0212910423830774e-05,3.0212910423830774e-05,True,-0.6057331497589601,0.7956298934101488,1.8690453645328683e+19,1.5915830286248397e+17,CONVERGED
S4,S4_eta05_dpl,"Symmetric Baseline (eta=0.5, DPL)",0.9338383838383838,507957.6847793063,0,3.141563720063177,0.999990790172436,-0.2531153824462138,0.2531153824462138,False,-1.288031883991607,3.726730480827038e-05,1.90130563584783e+19,8.694215344410786e+16,CONVERGED
S4,S4_eta05_dpl,"Symmetric Baseline (eta=0.5, DPL)",0.9338383838383838,507957.6847793063,1,3.1415816472583584,0.9999964965758937,3.9724483054311714,3.9724483054311714,False,-0.018827281724588054,-2.072193026833316e-07,1.90130563584783e+19,8.694215344410786e+16,CONVERGED
S4,S4_eta05_dpl,"Symmetric Baseline (eta=0.5, DPL)",0.9338383838383838,507957.6847793063,2,0.00017025770212498111,5.4194709785316476e-05,4.095209073985818,4.095209073985818,False,0.01665226412229327,2.835176252034983e-06,1.90130563584783e+19,8.694215344410786e+16,CONVERGED
S4,S4_eta05_dpl,"Symmetric Baseline (eta=0.5, DPL)",0.9338383838383838,507957.6847793063,3,2.1513475885743234,0.6847952060608654,9.274458394758315e-06,9.274458394758315e-06,True,-0.5484798765105801,-0.8361526632847494,1.90130563584783e+19,8.694215344410786e+16,CONVERGED
S4,S4_eta05_dpl,"Symmetric Baseline (eta=0.5, DPL)",0.9338383838383838,507957.6847793063,4,2.1513090428850314,0.684782936586894,8.925818271004381e-06,8.925818271004381e-06,True,-0.5484478372332592,0.8361740957222712,1.90130563584783e+19,8.694215344410786e+16,CONVERGED
S4,S4_eta05_dpl,"Symmetric Baseline (eta=0.5, DPL)",0.9515151515151515,517572.89244143496,0,3.141565101573372,0.9999912299207888,-0.3873133271029667,0.3873133271029667,False,-1.4730179548642441,-4.0584614891439364e-05,1.8416311032816232e+19,2.2404107408158704e+17,CONVERGED
S4,S4_eta05_dpl,"Symmetric Baseline (eta=0.5, DPL)",0.9515151515151515,517572.89244143496,1,2.487766083304557e-05,7.918805388285683e-06,-4.114388321740301,4.114388321740301,False,61.21475905241712,0.0015228800139968084,1.8416311032816232e+19,2.2404107408158704e+17,CONVERGED
S4,S4_eta05_dpl,"Symmetric Baseline (eta=0.5, DPL)",0.9515151515151515,517572.89244143496,2,0.0002812840357502379,8.953548940497555e-05,4.114598317970275,4.114598317970275,False,0.01633249891746133,4.5940713305519755e-06,1.8416311032816232e+19,2.2404107408158704e+17,CONVERGED
S4,S4_eta05_dpl,"Symmetric Baseline (eta=0.5, DPL)",0.9515151515151515,517572.89244143496,3,2.080752000175383,0.6623239323525211,-5.847756297557858e-05,5.847756297557858e-05,True,-0.4881671065776593,0.8728171847649797,1.8416311032816232e+19,2.2404107408158704e+17,CONVERGED
S4,S4_eta05_dpl,"Symmetric Baseline (eta=0.5, DPL)",0.9515151515151515,517572.89244143496,4,2.080829460535133,0.6623485887508168,5.189463254882992e-06,5.189463254882992e-06,True,-0.4882036303833653,-0.8727238030487386,1.8416311032816232e+19,2.2404107408158704e+17,CONVERGED
S4,S4_eta05_dpl,"Symmetric Baseline (eta=0.5, DPL)",0.9691919191919192,527188.1001035634,0,3.1415904744516414,0.999999306358783,-0.49846302751839977,0.49846302751839977,False,-1.6461891778502973,3.5872736425408803e-06,2.2207328471582392e+19,8.781830411763053e+16,CONVERGED
S4,S4_eta05_dpl,"Symmetric Baseline (eta=0.5, DPL)",0.9691919191919192,527188.1001035634,1,1.879273947210086e-05,5.981914762446055e-06,-4.1334047095939495,4.1334047095939495,False,62.38998148855724,0.0011724786679216787,2.2207328471582392e+19,8.781830411763053e+16,CONVERGED
S4,S4_eta05_dpl,"Symmetric Baseline (eta=0.5, DPL)",0.9691919191919192,527188.1001035634,2,9.957262093548297e-07,3.1694949636995314e-07,4.133356859742025,4.133356859742025,False,0.01602898136783506,-1.596047685721887e-08,2.2207328471582392e+19,8.781830411763053e+16,CONVERGED
S4,S4_eta05_dpl,"Symmetric Baseline (eta=0.5, DPL)",0.9691919191919192,527188.1001035634,3,2.0097332513737345,0.639717962504553,-1.6332429817834092e-06,1.6332429817834092e-06,True,-0.4249780994003469,0.9052054360869511,2.2207328471582392e+19,8.781830411763053e+16,CONVERGED
S4,S4_eta05_dpl,"Symmetric Baseline (eta=0.5, DPL)",0.9691919191919192,527188.1001035634,4,2.009737619119762,0.6397193528012939,5.265605936296262e-06,5.265605936296262e-06,True,-0.42497912122687653,-0.9051973350407149,2.2207328471582392e+19,8.781830411763053e+16,CONVERGED
S4,S4_eta05_dpl,"Symmetric Baseline (eta=0.5, DPL)",0.9868686868686869,536803.3077656921,0,3.1415536260880903,0.9999875771603749,-0.5924942366123139,0.5924942366123139,False,-1.8084936041438615,-7.058098725123296e-05,2.0800983260591145e+19,1.1565658623391696e+17,CONVERGED
S4,S4_eta05_dpl,"Symmetric Baseline (eta=0.5, DPL)",0.9868686868686869,536803.3077656921,1,2.232973373559064e-05,7.107775003890208e-06,-4.152274957041773,4.152274957041773,False,63.57847418158647,-0.0014196904000259105,2.0800983260591145e+19,1.1565658623391696e+17,CONVERGED
S4,S4_eta05_dpl,"Symmetric Baseline (eta=0.5, DPL)",0.9868686868686869,536803.3077656921,2,8.611616452652985e-06,2.741162652902431e-06,4.152246939040268,4.152246939040268,False,0.01572903456681639,1.354524128632919e-07,2.0800983260591145e+19,1.1565658623391696e+17,CONVERGED
S4,S4_eta05_dpl,"Symmetric Baseline (eta=0.5, DPL)",0.9868686868686869,536803.3077656921,3,1.9381403811808788,0.6169292441418942,-8.417303427214782e-06,8.417303427214782e-06,True,-0.3591409717122013,0.9332923428305694,2.0800983260591145e+19,1.1565658623391696e+17,CONVERGED
S4,S4_eta05_dpl,"Symmetric Baseline (eta=0.5, DPL)",0.9868686868686869,536803.3077656921,4,1.9381322779773127,0.6169266648120894,3.4876385439599704e-06,3.4876385439599704e-06,True,-0.35912913360562454,-0.933284142232639,2.0800983260591145e+19,1.1565658623391696e+17,CONVERGED
S4,S4_eta05_dpl,"Symmetric Baseline (eta=0.5, DPL)",1.0045454545454544,546418.5154278205,0,3.1415471457600312,0.9999855144078881,-0.6732102614602149,0.6732102614602149,False,-1.9605210121134269,8.921905652595282e-05,2.13956041169379e+19,6.695921879992627e+16,CONVERGED
S4,S4_eta05_dpl,"Symmetric Baseline (eta=0.5, DPL)",1.0045454545454544,546418.5154278205,1,8.215617861108605e-06,2.615112386298998e-06,-4.171011998530025,4.171011998530025,False,64.78097719767577,-0.0005322157533372685,2.13956041169379e+19,6.695921879992627e+16,CONVERGED
S4,S4_eta05_dpl,"Symmetric Baseline (eta=0.5, DPL)",1.0045454545454544,546418.5154278205,2,9.962639728283085e-07,3.1712067179999003e-07,4.1710492741788245,4.1710492741788245,False,0.015436054969661099,-1.537838544887581e-08,2.13956041169379e+19,6.695921879992627e+16,CONVERGED
S4,S4_eta05_dpl,"Symmetric Baseline (eta=0.5, DPL)",1.0045454545454544,546418.5154278205,3,1.8657970265050312,0.5939016391488716,-2.0445999114976507e-05,2.0445999114976507e-05,True,-0.29074646414890487,-0.9568215018587473,2.13956041169379e+19,6.695921879992627e+16,CONVERGED
S4,S4_eta05_dpl,"Symmetric Baseline (eta=0.5, DPL)",1.0045454545454544,546418.5154278205,4,1.8658561603550516,0.5939204620379411,4.511215024930729e-05,4.511215024930729e-05,True,-0.29078398029521363,0.9567415829644199,2.13956041169379e+19,6.695921879992627e+16,CONVERGED
S4,S4_eta05_dpl,"Symmetric Baseline (eta=0.5, DPL)",1.0222222222222221,556033.7230899491,0,3.1415885805344934,0.9999987035062311,-0.7434011240888442,0.7434011240888442,False,-2.10307618751808,-8.565945611950693e-06,2.298853528578796e+19,5.6526257265965896e+16,CONVERGED
S4,S4_eta05_dpl,"Symmetric Baseline (eta=0.5, DPL)",1.0222222222222221,556033.7230899491,1,7.041782311778991e-05,2.241468926193401e-05,-4.189678939755924,4.189678939755924,False,66.0015969058295,-0.00464768878408849,2.298853528578796e+19,5.6526257265965896e+16,CONVERGED
S4,S4_eta05_dpl,"Symmetric Baseline (eta=0.5, DPL)",1.0222222222222221,556033.7230899491,2,1.6615921000541337e-05,5.28901192252117e-06,4.189657208196042,4.189657208196042,False,0.015151477783263345,2.517557579113299e-07,2.298853528578796e+19,5.6526257265965896e+16,CONVERGED
S4,S4_eta05_dpl,"Symmetric Baseline (eta=0.5, DPL)",1.0222222222222221,556033.7230899491,3,1.792796047539109,0.5706647058429235,2.082310808642365e-05,2.082310808642365e-05,True,-0.22017612301770031,-0.9754387881891479,2.298853528578796e+19,5.6526257265965896e+16,CONVERGED
S4,S4_eta05_dpl,"Symmetric Baseline (eta=0.5, DPL)",1.0222222222222221,556033.7230899491,4,1.792808690973221,0.5706687303729967,4.307721607241362e-05,4.307721607241362e-05,True,-0.2201835558529991,0.9754142971122429,2.298853528578796e+19,5.6526257265965896e+16,CONVERGED
S4,S4_eta05_dpl,"Symmetric Baseline (eta=0.5, DPL)",1.0398989898989899,565648.9307520777,0,3.141587831657759,0.999998465131363,-0.8049051905448933,0.8049051905448933,False,-2.2364844488700224,-1.0784176007967607e-05,2.5254686765932724e+19,8.496408468269074e+16,CONVERGED
S4,S4_eta05_dpl,"Symmetric Baseline (eta=0.5, DPL)",1.0398989898989899,565648.9307520777,1,4.60505747481718e-05,1.4658353206788711e-05,-4.208271247244489,4.208271247244489,False,67.24019752745562,-0.003096449744508766,2.5254686765932724e+19,8.496408468269074e+16,CONVERGED
S4,S4_eta05_dpl,"Symmetric Baseline (eta=0.5, DPL)",1.0398989898989899,565648.9307520777,2,3.139760841561846e-05,9.99416916121874e-06,4.20825481557514,4.20825481557514,False,0.014872300603262844,4.669546707340558e-07,2.5254686765932724e+19,8.496408468269074e+16,CONVERGED
S4,S4_eta05_dpl,"Symmetric Baseline (eta=0.5, DPL)",1.0398989898989899,565648.9307520777,3,1.718823302258264,0.5471184497118753,2.3218272196725607e-07,2.3218272196725607e-07,True,-0.1474869390293121,0.989063768647112,2.5254686765932724e+19,8.496408468269074e+16,CONVERGED
S4,S4_eta05_dpl,"Symmetric Baseline (eta=0.5, DPL)",1.0398989898989899,565648.9307520777,4,1.7188468977948905,0.5471259604044533,1.3333090254826029e-05,1.3333090254826029e-05,True,-0.1475083439727988,-0.989047330835806,2.5254686765932724e+19,8.496408468269074e+16,CONVERGED
S4,S4_eta05_dpl,"Symmetric Baseline (eta=0.5, DPL)",1.0575757575757576,575264.1384142063,0,3.1415776271717264,0.9999952169425754,-0.8589315037417146,0.8589315037417146,False,-2.360637013591676,3.547191867346454e-05,2.5199904385977496e+19,7.507979175513718e+16,CONVERGED
S4,S4_eta05_dpl,"Symmetric Baseline (eta=0.5, DPL)",1.0575757575757576,575264.1384142063,1,3.601032694573897e-05,1.1462443071539262e-05,-4.226736943363376,4.226736943363376,False,68.49336934604477,0.0024664686248324534,2.5199904385977496e+19,7.507979175513718e+16,CONVERGED
S4,S4_eta05_dpl,"Symmetric Baseline (eta=0.5, DPL)",1.0575757575757576,575264.1384142063,2,1.2498868443924075e-05,3.978513391811645e-06,4.226703217379178,4.226703217379178,False,0.014600445785839652,-1.8248905110935837e-07,2.5199904385977496e+19,7.507979175513718e+16,CONVERGED
S4,S4_eta05_dpl,"Symmetric Baseline (eta=0.5, DPL)",1.0575757575757576,575264.1384142063,3,1.6437781078656426,0.5232308224261195,3.170614862754127e-06,3.170614862754127e-06,True,-0.07291677949677221,-0.9973348495155472,2.5199904385977496e+19,7.507979175513718e+16,CONVERGED
S4,S4_eta05_dpl,"Symmetric Baseline (eta=0.5, DPL)",1.0575757575757576,575264.1384142063,4,1.6437918631940254,0.5232352008831315,1.464535797896372e-05,1.464535797896372e-05,True,-0.07292966130430581,0.9973224023429185,2.5199904385977496e+19,7.507979175513718e+16,CONVERGED
S4,S4_eta05_dpl,"Symmetric Baseline (eta=0.5, DPL)",1.0752525252525253,584879.3460763348,0,3.1415722563907185,0.9999935073698841,-0.9067956381952212,0.9067956381952212,False,-2.4763746054512,5.051110581860929e-05,3.3379192566563557e+19,1.5968547288007725e+17,CONVERGED
S4,S4_eta05_dpl,"Symmetric Baseline (eta=0.5, DPL)",1.0752525252525253,584879.3460763348,1,6.929330523954763e-05,2.2056744104099074e-05,-4.24513261728755,4.24513261728755,False,69.76501140955033,0.004834248238379808,3.3379192566563557e+19,1.5968547288007725e+17,CONVERGED
S4,S4_eta05_dpl,"Symmetric Baseline (eta=0.5, DPL)",1.0752525252525253,584879.3460763348,2,7.034691003668811e-06,2.239211692715955e-06,4.245099562192983,4.245099562192983,False,0.014334306452623768,1.0083741664776758e-07,3.3379192566563557e+19,1.5968547288007725e+17,CONVERGED
S4,S4_eta05_dpl,"Symmetric Baseline (eta=0.5, DPL)",1.0752525252525253,584879.3460763348,3,1.5675396104148092,0.4989633549797215,-8.75479688597567e-06,8.75479688597567e-06,True,0.0032567391351569887,1.0000034516926786,3.3379192566563557e+19,1.5968547288007725e+17,CONVERGED
S4,S4_eta05_dpl,"Symmetric Baseline (eta=0.5, DPL)",1.0752525252525253,584879.3460763348,4,1.5675423681809741,0.4989642328039556,-4.208640383717579e-06,4.208640383717579e-06,True,0.0032539665663858333,-0.9999989145082997,3.3379192566563557e+19,1.5968547288007725e+17,CONVERGED
S4,S4_eta05_dpl,"Symmetric Baseline (eta=0.5, DPL)",1.0929292929292929,594494.5537384634,0,3.1415822427587603,0.9999966861295588,-0.9492833115054427,0.9492833115054427,False,-2.5838571747191637,-2.6900100460474232e-05,3.1037238537840734e+19,8.115056597364018e+16,CONVERGED
S4,S4_eta05_dpl,"Symmetric Baseline (eta=0.5, DPL)",1.0929292929292929,594494.5537384634,1,8.31213657300162e-05,2.6458352464962696e-05,-4.263290525362994,4.263290525362994,False,71.04336902575272,-0.005905221873082141,3.1037238537840734e+19,8.115056597364018e+16,CONVERGED
S4,S4_eta05_dpl,"Symmetric Baseline (eta=0.5, DPL)",1.0929292929292929,594494.5537384634,2,5.52275500002419e-07,1.7579475154786606e-07,4.263352443348781,4.263352443348781,False,0.0140750374621747,-7.773298351976101e-09,3.1037238537840734e+19,8.115056597364018e+16,CONVERGED
S4,S4_eta05_dpl,"Symmetric Baseline (eta=0.5, DPL)",1.0929292929292929,594494.5537384634,3,1.4897869660734588,0.4742139196089375,-4.073647611744886e-05,4.073647611744886e-05,True,0.08092408207362244,0.9967611394972156,3.1037238537840734e+19,8.115056597364018e+16,CONVERGED
S4,S4_eta05_dpl,"Symmetric Baseline (eta=0.5, DPL)",1.0929292929292929,594494.5537384634,4,1.4898179324282905,0.47422377650581954,-5.068075222779475e-06,5.068075222779475e-06,True,0.08089033069549942,-0.9967280926119165,3.1037238537840734e+19,8.115056597364018e+16,CONVERGED
S4,S4_eta05_dpl,"Symmetric Baseline (eta=0.5, DPL)",1.1106060606060606,604109.761400592,0,3.141572298046711,0.9999935206293983,-0.9868909790696636,0.9868909790696636,False,-2.6828803607727143,-5.4611486776339603e-05,3.208804766692749e+19,7.68047406720108e+16,CONVERGED
S4,S4_eta05_dpl,"Symmetric Baseline (eta=0.5, DPL)",1.1106060606060606,604109.761400592,1,2.4408953684539123e-05,7.769611269191066e-06,-4.281516271589747,4.281516271589747,False,72.35005919783282,-0.0017659892443842888,3.208804766692749e+19,7.68047406720108e+16,CONVERGED
S4,S4_eta05_dpl,"Symmetric Baseline (eta=0.5, DPL)",1.1106060606060606,604109.761400592,2,0.00012315261796336368,3.9200695807154154e-05,4.281765593300802,4.281765593300802,False,0.013818243033555786,1.7017528138396568e-06,3.208804766692749e+19,7.68047406720108e+16,CONVERGED
S4,S4_eta05_dpl,"Symmetric Baseline (eta=0.5, DPL)",1.1106060606060606,604109.761400592,3,1.4102102695405807,0.448883870392675,-0.0001333587138800215,0.0001333587138800215,True,0.15991807597921176,-0.9872653959169858,3.208804766692749e+19,7.68047406720108e+16,CONVERGED
S4,S4_eta05_dpl,"Symmetric Baseline (eta=0.5, DPL)",1.1106060606060606,604109.761400592,4,1.4103134845013152,0.4489167247350789,5.294515941490342e-05,5.294515941490342e-05,True,0.1597864029695195,0.987097979287474,3.208804766692749e+19,7.68047406720108e+16,CONVERGED
S4,S4_eta05_dpl,"Symmetric Baseline (eta=0.5, DPL)",1.1282828282828283,613724.9690627207,0,3.1415621848825954,0.9999903015092797,-1.0203963690213365,1.0203963690213365,False,-2.774294189046002,-8.45291573522231e-05,3.072428964893023e+19,9.052157774959301e+16,CONVERGED
S4,S4_eta05_dpl,"Symmetric Baseline (eta=0.5, DPL)",1.1282828282828283,613724.9690627207,1,1.3149536946535908e-05,4.185627608821395e-06,-4.299639295939515,4.299639295939515,False,73.67321467225058,0.0009687686583586671,3.072428964893023e+19,9.052157774959301e+16,CONVERGED
S4,S4_eta05_dpl,"Symmetric Baseline (eta=0.5, DPL)",1.1282828282828283,613724.9690627207,2,2.5293036893013902e-06,8.051023694657674e-07,4.2996235778283,4.2996235778283,False,0.013573667480017681,3.4331927234632235e-08,3.072428964893023e+19,9.052157774959301e+16,CONVERGED
S4,S4_eta05_dpl,"Symmetric Baseline (eta=0.5, DPL)",1.1282828282828283,613724.9690627207,3,1.3286546979671008,0.4229239256874666,-1.6369024260493617e-05,1.6369024260493617e-05,True,0.2397862501600937,0.9708425685035539,3.072428964893023e+19,9.052157774959301e+16,CONVERGED
S4,S4_eta05_dpl,"Symmetric Baseline (eta=0.5, DPL)",1.1282828282828283,613724.9690627207,4,1.3286625924158484,0.42292643856854895,1.4766246488349658e-05,1.4766246488349658e-05,True,0.23977112043075144,-0.9708142344189671,3.072428964893023e+19,9.052157774959301e+16,CONVERGED
S4,S4_eta05_dpl,"Symmetric Baseline (eta=0.5, DPL)",1.145959595959596,623340.1767248492,0,3.1415832240943127,0.9999969984983669,-1.0501829321608611,1.0501829321608611,False,-2.8581739220474955,-2.6951138081070984e-05,2.742513310278925e+19,8.031458275147688e+16,CONVERGED
S4,S4_eta05_dpl,"Symmetric Baseline (eta=0.5, DPL)",1.145959595959596,623340.1767248492,1,0.00010850378604641788,3.453782778694565e-05,-4.3175590043198,4.3175590043198,False,75.00531655570107,0.00813836085184147,2.742513310278925e+19,8.031458275147688e+16,CONVERGED
S4,S4_eta05_dpl,"Symmetric Baseline (eta=0.5, DPL)",1.145959595959596,623340.1767248492,2,1.2659492457494758e-05,4.029641603289713e-06,4.317603791487362,4.317603791487362,False,0.013331791048790167,1.6877370823607128e-07,2.742513310278925e+19,8.031458275147688e+16,CONVERGED
S4,S4_eta05_dpl,"Symmetric Baseline (eta=0.5, DPL)",1.145959595959596,623340.1767248492,3,1.2444934968871628,0.39613458335062046,-1.8997931386861472e-06,1.8997931386861472e-06,True,0.32054375119056844,-0.9472357167918526,2.742513310278925e+19,8.031458275147688e+16,CONVERGED
S4,S4_eta05_dpl,"Symmetric Baseline (eta=0.5, DPL)",1.145959595959596,623340.1767248492,4,1.244494330598509,0.3961348487291842,5.589205621180958e-06,5.589205621180958e-06,True,0.3205405609324403,0.9472288902099388,2.742513310278925e+19,8.031458275147688e+16,CONVERGED
S4,S4_eta05_dpl,"Symmetric Baseline (eta=0.5, DPL)",1.1636363636363636,632955.3843869776,0,3.141544318110034,0.9999846143389393,-1.0765492843454558,1.0765492843454558,False,-2.934535807460048,-0.0001418421962351135,3.234975574984796e+19,7.619457055212704e+16,CONVERGED
S4,S4_eta05_dpl,"Symmetric Baseline (eta=0.5, DPL)",1.1636363636363636,632955.3843869776,1,3.394657588908483e-05,1.0805530707584004e-05,-4.3355035845878245,4.3355035845878245,False,76.36340459826323,-0.0025922761103395857,3.234975574984796e+19,7.619457055212704e+16,CONVERGED
S4,S4_eta05_dpl,"Symmetric Baseline (eta=0.5, DPL)",1.1636363636363636,632955.3843869776,2,0.0003897472080172146,0.00012406038942440977,4.3352461984920225,4.3352461984920225,False,0.013098647813534856,-5.105161672622269e-06,3.234975574984796e+19,7.619457055212704e+16,CONVERGED
S4,S4_eta05_dpl,"Symmetric Baseline (eta=0.5, DPL)",1.1636363636363636,632955.3843869776,3,1.157211388433836,0.36835182534296074,1.3107394257962682e-05,1.3107394257962682e-05,True,0.4018893133877136,0.9156739405158589,3.234975574984796e+19,7.619457055212704e+16,CONVERGED
S4,S4_eta05_dpl,"Symmetric Baseline (eta=0.5, DPL)",1.1636363636363636,632955.3843869776,4,1.1571469019370382,0.3683312986535046,2.53047540914949e-05,2.53047540914949e-05,True,0.40194345847777996,-0.9156368537577426,3.234975574984796e+19,7.619457055212704e+16,CONVERGED
S4,S4_eta05_dpl,"Symmetric Baseline (eta=0.5, DPL)",1.1813131313131313,642570.5920491063,0,3.1415823838843946,0.9999967310512434,-1.0998657424670353,1.0998657424670353,False,-3.0037627189430056,-3.084775821272166e-05,3.7217108900763574e+19,1.0163197891624686e+17,CONVERGED
S4,S4_eta05_dpl,"Symmetric Baseline (eta=0.5, DPL)",1.1813131313131313,642570.5920491063,1,0.00017976886644365588,5.722220741706917e-05,-4.353473013789379,4.353473013789379,False,77.74801324632718,0.013976672360099232,3.7217108900763574e+19,1.0163197891624686e+17,CONVERGED
S4,S4_eta05_dpl,"Symmetric Baseline (eta=0.5, DPL)",1.1813131313131313,642570.5920491063,2,3.572823550280036e-05,1.1372650576444053e-05,4.3533214825207445,4.3533214825207445,False,0.012864013936691857,4.5960851963699704e-07,3.7217108900763574e+19,1.0163197891624686e+17,CONVERGED
S4,S4_eta05_dpl,"Symmetric Baseline (eta=0.5, DPL)",1.1813131313131313,642570.5920491063,3,1.0659422870450486,0.33929996806779894,-1.5829508555643273e-05,1.5829508555643273e-05,True,0.4836873509580486,-0.8752589365676016,3.7217108900763574e+19,1.0163197891624686e+17,CONVERGED
S4,S4_eta05_dpl,"Symmetric Baseline (eta=0.5, DPL)",1.1813131313131313,642570.5920491063,4,1.0659430506022078,0.3393002111155914,-5.576559826570793e-06,5.576559826570793e-06,True,0.4836817234583455,0.8752503319475029,3.7217108900763574e+19,1.0163197891624686e+17,CONVERGED
S4,S4_eta05_dpl,"Symmetric Baseline (eta=0.5, DPL)",1.198989898989899,652185.7997112349,0,3.141591241084408,0.9999995503855716,-1.120279620811816,1.120279620811816,False,-3.065711320138636,4.330333748699043e-06,4.229903015686477e+19,1.725182357433054e+17,CONVERGED
S4,S4_eta05_dpl,"Symmetric Baseline (eta=0.5, DPL)",1.198989898989899,652185.7997112349,1,3.915197432230229e-05,1.2462460490402736e-05,-4.37104856245885,4.37104856245885,False,79.1265572924958,-0.0030979609409109076,4.229903015686477e+19,1.725182357433054e+17,CONVERGED
S4,S4_eta05_dpl,"Symmetric Baseline (eta=0.5, DPL)",1.198989898989899,652185.7997112349,2,0.00014748745487003947,4.694671497321923e-05,4.3709598430814225,4.3709598430814225,False,0.012639103050730204,-1.8641091543087245e-06,4.229903015686477e+19,1.725182357433054e+17,CONVERGED
S4,S4_eta05_dpl,"Symmetric Baseline (eta=0.5, DPL)",1.198989898989899,652185.7997112349,3,0.9696166395206015,0.3086385621677123,-9.631086377826791e-05,9.631086377826791e-05,True,0.5656701957571624,0.8247483676324351,4.229903015686477e+19,1.725182357433054e+17,CONVERGED
S4,S4_eta05_dpl,"Symmetric Baseline (eta=0.5, DPL)",1.198989898989899,652185.7997112349,4,0.9696192041923801,0.3086393785280942,0.0001038640431651732,0.0001038640431651732,True,0.5655548593234567,-0.8245847406927197,4.229903015686477e+19,1.725182357433054e+17,CONVERGED
S4,S4_eta05_dpl,"Symmetric Baseline (eta=0.5, DPL)",1.2166666666666666,661801.0073733634,0,3.1415753770725994,0.9999945007137784,-1.1381632925707774,1.1381632925707774,False,-3.121030676874532,-5.3920540156924735e-05,4.078167439017073e+19,6.472057132900918e+16,CONVERGED
S4,S4_eta05_dpl,"Symmetric Baseline (eta=0.5, DPL)",1.2166666666666666,661801.0073733634,1,3.5966400342724637e-05,1.144846079953333e-05,-4.388703328547802,4.388703328547802,False,80.5359225625703,0.0028965872341050643,4.078167439017073e+19,6.472057132900918e+16,CONVERGED
S4,S4_eta05_dpl,"Symmetric Baseline (eta=0.5, DPL)",1.2166666666666666,661801.0073733634,2,0.00047862488857106566,0.0001523510338057854,4.389319902232138,4.389319902232138,False,0.012409164375872533,-5.939335370193216e-06,4.078167439017073e+19,6.472057132900918e+16,CONVERGED
S4,S4_eta05_dpl,"Symmetric Baseline (eta=0.5, DPL)",1.2166666666666666,661801.0073733634,3,0.8664352284508042,0.27579489895380216,-8.775497035148479e-05,8.775497035148479e-05,True,0.6476039303951532,-0.7620923006304573,4.078167439017073e+19,6.472057132900918e+16,CONVERGED
S4,S4_eta05_dpl,"Symmetric Baseline (eta=0.5, DPL)",1.2166666666666666,661801.0073733634,4,0.8664956935351247,0.2758141455879103,1.571667629171098e-05,1.571667629171098e-05,True,0.6474908488255591,0.7620526017464911,4.078167439017073e+19,6.472057132900918e+16,CONVERGED
S4,S4_eta05_dpl,"Symmetric Baseline (eta=0.5, DPL)",1.2343434343434343,671416.215035492,0,3.141591816772768,0.999999733632868,-1.1536579890043384,1.1536579890043384,False,-3.169766700119324,2.6525147405327046e-06,4.063254216711343e+19,1.0114871137730519e+18,CONVERGED
S4,S4_eta05_dpl,"Symmetric Baseline (eta=0.5, DPL)",1.2343434343434343,671416.215035492,1,3.197520008457375e-05,1.0178022299624605e-05,4.367650208813084,4.367650208813084,False,0.012681003289516284,-4.0547761759360973e-07,4.063254216711343e+19,1.0114871137730519e+18,CONVERGED
S4,S4_eta05_dpl,"Symmetric Baseline (eta=0.5, DPL)",1.2343434343434343,671416.215035492,2,0.0013875283098822822,0.00044166397839541673,4.404964548313775,4.404964548313775,False,0.012216527744240032,1.6950788971679776e-05,4.063254216711343e+19,1.0114871137730519e+18,CONVERGED
S4,S4_eta05_dpl,"Symmetric Baseline (eta=0.5, DPL)",1.2343434343434343,671416.215035492,3,0.7532492336439895,0.23976667782924588,-3.40265970579537e-05,3.40265970579537e-05,True,0.729495028583663,0.6840358607423355,4.063254216711343e+19,1.0114871137730519e+18,CONVERGED
S4,S4_eta05_dpl,"Symmetric Baseline (eta=0.5, DPL)",1.2343434343434343,671416.215035492,4,0.7533643886138771,0.23980333279460428,0.0002136220524303789,0.0002136220524303789,True,0.7292356370336223,-0.6839504608018568,4.063254216711343e+19,1.0114871137730519e+18,CONVERGED
S4,S4_eta05_dpl,"Symmetric Baseline (eta=0.5, DPL)",1.252020202020202,681031.4226976206,0,3.1415895566475642,0.9999990142126716,-1.1669019848051805,1.1669019848051805,False,-3.212026302263064,-9.947459896558703e-06,5.523055378209915e+19,6.689676395465832e+16,CONVERGED
S4,S4_eta05_dpl,"Symmetric Baseline (eta=0.5, DPL)",1.252020202020202,681031.4226976206,1,1.089554941485049e-06,3.468161094150927e-07,4.326224164806383,4.326224164806383,False,0.013217359961959729,-1.440103985994556e-08,5.523055378209915e+19,6.689676395465832e+16,CONVERGED
S4,S4_eta05_dpl,"Symmetric Baseline (eta=0.5, DPL)",1.252020202020202,681031.4226976206,2,0.00023921234727357577,7.614365503440932e-05,-4.423483681889933,4.423483681889933,False,83.38626881291691,-0.019947025473596423,5.523055378209915e+19,6.689676395465832e+16,CONVERGED
S4,S4_eta05_dpl,"Symmetric Baseline (eta=0.5, DPL)",1.252020202020202,681031.4226976206,3,0.6256546824833381,0.19915207077162705,-0.0001439383236574493,0.0001439383236574493,True,0.8106965747120944,0.5857123712521795,5.523055378209915e+19,6.689676395465832e+16,CONVERGED
S4,S4_eta05_dpl,"Symmetric Baseline (eta=0.5, DPL)",1.252020202020202,681031.4226976206,4,0.6257887305765576,0.1991947396049229,0.0001620640059440414,0.0001620640059440414,True,0.8103700407374714,-0.585641803141707,5.523055378209915e+19,6.689676395465832e+16,CONVERGED
S4,S4_eta05_dpl,"Symmetric Baseline (eta=0.5, DPL)",1.2696969696969698,690646.6303597492,0,3.1415499919620524,0.9999864203821295,-1.1778216439240612,1.1778216439240612,False,-3.247292729898278,-0.00013853479369172158,3.791098545808479e+19,6.73711003688014e+16,CONVERGED
S4,S4_eta05_dpl,"Symmetric Baseline (eta=0.5, DPL)",1.2696969696969698,690646.6303597492,1,3.442974096438813e-05,1.0959326927711781e-05,4.440911111004269,4.440911111004269,False,0.011785195997930287,-4.0576124558361424e-07,3.791098545808479e+19,6.73711003688014e+16,CONVERGED
S4,S4_eta05_dpl,"Symmetric Baseline (eta=0.5, DPL)",1.2696969696969698,690646.6303597492,2,0.0001238460001799041,3.9421406221583e-05,4.287456249480949,4.287456249480949,False,0.013739831480456507,-1.7016231807002055e-06,3.791098545808479e+19,6.73711003688014e+16,CONVERGED
S4,S4_eta05_dpl,"Symmetric Baseline (eta=0.5, DPL)",1.2696969696969698,690646.6303597492,3,0.47068916532382277,0.14982501464216946,-0.00018960528225158137,0.00018960528225158137,True,0.8914249658316906,0.4535866099940427,3.791098545808479e+19,6.73711003688014e+16,CONVERGED
S4,S4_eta05_dpl,"Symmetric Baseline (eta=0.5, DPL)",1.2696969696969698,690646.6303597492,4,0.4707811761042025,0.14985430258319982,0.00013099167175876865,0.00013099167175876865,True,0.8910974982572649,-0.45352320731222306,3.791098545808479e+19,6.73711003688014e+16,CONVERGED
S4,S4_eta05_dpl,"Symmetric Baseline (eta=0.5, DPL)",1.2873737373737373,700261.8380218776,0,3.141590723021858,0.9999993854811402,-1.1870490437326937,1.1870490437326937,False,-3.2773954726055314,-6.327234611649139e-06,3.6248910709325324e+19,7.008179853749939e+16,CONVERGED
S4,S4_eta05_dpl,"Symmetric Baseline (eta=0.5, DPL)",1.2873737373737373,700261.8380218776,1,6.99144506317689e-05,2.225446082320061e-05,-4.45820308631943,4.45820308631943,False,86.33223784314795,0.006035870990449405,3.6248910709325324e+19,7.008179853749939e+16,CONVERGED
S4,S4_eta05_dpl,"Symmetric Baseline (eta=0.5, DPL)",1.2873737373737373,700261.8380218776,2,1.58348320235791e-05,5.040383579164907e-06,4.252365516423225,4.252365516423225,False,0.01423053150514711,2.2533807600908862e-07,3.6248910709325324e+19,7.008179853749939e+16,CONVERGED
S4,S4_eta05_dpl,"Symmetric Baseline (eta=0.5, DPL)",1.2873737373737373,700261.8380218776,3,0.2405697000494016,0.07657571384199369,-0.0001936374020649073,0.0001936374020649073,True,0.9713904773517564,-0.23830209884729336,3.6248910709325324e+19,7.008179853749939e+16,CONVERGED
S4,S4_eta05_dpl,"Symmetric Baseline (eta=0.5, DPL)",1.2873737373737373,700261.8380218776,4,0.2406647407248988,0.07660596622859403,0.0002887079339388525,0.0002887079339388525,True,0.9708994028120707,0.23827945866932757,3.6248910709325324e+19,7.008179853749939e+16,CONVERGED
S4,S4_eta05_dpl,"Symmetric Baseline (eta=0.5, DPL)",1.305050505050505,709877.0456840061,0,3.1415189767046487,0.9999765479190753,-1.194143827000324,1.194143827000324,False,-3.300730555038687,-0.0002431875464364308,5.235643977094359e+19,2.0915398324801504e+17,CONVERGED
S4,S4_eta05_dpl,"Symmetric Baseline (eta=0.5, DPL)",1.305050505050505,709877.0456840061,1,0.0005902433727154718,0.00018788030078979858,-4.475289580212104,4.475289580212104,False,87.8200123725131,0.05183518631423922,5.235643977094359e+19,2.0915398324801504e+17,CONVERGED
S4,S4_eta05_dpl,"Symmetric Baseline (eta=0.5, DPL)",1.305050505050505,709877.0456840061,2,0.00022588539709568925,7.190155504010921e-05,4.218721292644954,4.218721292644954,False,0.014717451416211542,-3.324457413930066e-06,5.235643977094359e+19,2.0915398324801504e+17,CONVERGED
S4,S4_eta05_dpl,"Symmetric Baseline (eta=0.5, DPL)",1.305050505050505,709877.0456840061,3,4.0637147328921236e-05,1.2935205741102852e-05,-0.3149264235994646,0.3149264235994646,False,1.370158494786621,-5.567933264726608e-05,5.235643977094359e+19,2.0915398324801504e+17,CONVERGED
S4,S4_eta05_dpl,"Symmetric Baseline (eta=0.5, DPL)",1.305050505050505,709877.0456840061,4,6.05922234005922e-05,1.9287103734265322e-05,0.31491464251883544,0.31491464251883544,False,0.729851168528012,4.422330510675331e-05,5.235643977094359e+19,2.0915398324801504e+17,CONVERGED
S4,S4_eta05_dpl,"Symmetric Baseline (eta=0.5, DPL)",1.3227272727272728,719492.2533461349,0,3.141535798878762,0.9999819025834027,-1.1996976835860218,1.1996976835860218,False,-3.31911334323614,0.0001887072302128462,5.270583388213768e+19,1.1600842015251264e+17,CONVERGED
S4,S4_eta05_dpl,"Symmetric Baseline (eta=0.5, DPL)",1.3227272727272728,719492.2533461349,1,0.00020050215888528478,6.382181937437931e-05,4.1876791616444935,4.1876791616444935,False,0.015181477469488948,3.0439190484904916e-06,5.270583388213768e+19,1.1600842015251264e+17,CONVERGED
S4,S4_eta05_dpl,"Symmetric Baseline (eta=0.5, DPL)",1.3227272727272728,719492.2533461349,2,0.00014991597094696883,4.771973564926212e-05,4.4923229439719545,4.4923229439719545,False,0.01119460900714652,-1.6782506912508353e-06,5.270583388213768e+19,1.1600842015251264e+17,CONVERGED
S4,S4_eta05_dpl,"Symmetric Baseline (eta=0.5, DPL)",1.3227272727272728,719492.2533461349,3,9.909917425339904e-05,3.154424687750709e-05,-0.5002496486025431,0.5002496486025431,False,1.649132914945644,-0.00016342771064020286,5.270583388213768e+19,1.1600842015251264e+17,CONVERGED
S4,S4_eta05_dpl,"Symmetric Baseline (eta=0.5, DPL)",1.3227272727272728,719492.2533461349,4,0.00018919440214737278,6.022244861414055e-05,0.5003753302221877,0.5003753302221877,False,0.6063030422906803,0.00011470914297497152,5.270583388213768e+19,1.1600842015251264e+17,CONVERGED
S4,S4_eta05_dpl,"Symmetric Baseline (eta=0.5, DPL)",1.3404040404040405,729107.4610082634,0,3.141581673516661,0.999996504934171,-1.2032100538336863,1.2032100538336863,False,-3.330791800892421,3.6572337563489885e-05,3.895619480219959e+19,1.2136352618578875e+17,CONVERGED
S4,S4_eta05_dpl,"Symmetric Baseline (eta=0.5, DPL)",1.3404040404040405,729107.4610082634,1,3.1829858321495716e-05,1.0131758579561484e-05,4.157039537223681,4.157039537223681,False,0.015653831968818917,4.982592539242752e-07,3.895619480219959e+19,1.2136352618578875e+17,CONVERGED
S4,S4_eta05_dpl,"Symmetric Baseline (eta=0.5, DPL)",1.3404040404040405,729107.4610082634,2,3.228728469354722e-05,1.0277361915986661e-05,-4.509306878465467,4.509306878465467,False,90.85882042797179,0.002933584603097199,3.895619480219959e+19,1.2136352618578875e+17,CONVERGED
S4,S4_eta05_dpl,"Symmetric Baseline (eta=0.5, DPL)",1.3404040404040405,729107.4610082634,3,4.399199527693589e-06,1.4003087009599322e-06,-0.6282801319497815,0.6282801319497815,False,1.874384112144328,-8.24578970091489e-06,3.895619480219959e+19,1.2136352618578875e+17,CONVERGED
S4,S4_eta05_dpl,"Symmetric Baseline (eta=0.5, DPL)",1.3404040404040405,729107.4610082634,4,6.833872867413943e-06,2.1752892946210277e-06,0.6281573991569575,0.6281573991569575,False,0.5335740597734858,3.6463772898986944e-06,3.895619480219959e+19,1.2136352618578875e+17,CONVERGED
S4,S4_eta05_dpl,"Symmetric Baseline (eta=0.5, DPL)",1.358080808080808,738722.6686703919,0,3.14158134016012,0.9999963988234885,-1.2052131846523042,1.2052131846523042,False,-3.337470499507103,-3.7758237783531526e-05,3.5437979118983737e+19,7.350999930766005e+16,CONVERGED
S4,S4_eta05_dpl,"Symmetric Baseline (eta=0.5, DPL)",1.358080808080808,738722.6686703919,1,0.0003989134714068434,0.00012697810168069317,4.5258076952715145,4.5258076952715145,False,0.010825965960617965,-4.318623891759462e-06,3.5437979118983737e+19,7.350999930766005e+16,CONVERGED
S4,S4_eta05_dpl,"Symmetric Baseline (eta=0.5, DPL)",1.358080808080808,738722.6686703919,2,5.267523262599007e-05,1.67670473018836e-05,4.128084631573331,4.128084631573331,False,0.016113712958499962,-8.487935793424598e-07,3.5437979118983737e+19,7.350999930766005e+16,CONVERGED
S4,S4_eta05_dpl,"Symmetric Baseline (eta=0.5, DPL)",1.358080808080808,738722.6686703919,3,3.764416035360096e-05,1.1982508397639088e-05,-0.7304060105025342,0.7304060105025342,False,2.075923281779557,7.81463889379965e-05,3.5437979118983737e+19,7.350999930766005e+16,CONVERGED
S4,S4_eta05_dpl,"Symmetric Baseline (eta=0.5, DPL)",1.358080808080808,738722.6686703919,4,8.3670544877018e-05,2.6633161616739354e-05,0.7304523186432408,0.7304523186432408,False,0.4816910612735051,-4.030335365319461e-05,3.5437979118983737e+19,7.350999930766005e+16,CONVERGED
S4,S4_eta05_dpl,"Symmetric Baseline (eta=0.5, DPL)",1.3757575757575757,748337.8763325205,0,3.141586232080342,0.9999979559700575,-1.205627782567751,1.205627782567751,False,-3.3388544948448358,-2.1440485696181812e-05,6.302037353307515e+19,9.062979629617371e+16,CONVERGED
S4,S4_eta05_dpl,"Symmetric Baseline (eta=0.5, DPL)",1.3757575757575757,748337.8763325205,1,0.00012598054401766412,4.01008526276347e-05,-4.54292706572973,4.54292706572973,False,93.96544025389431,-0.011837817344671306,6.302037353307515e+19,9.062979629617371e+16,CONVERGED
S4,S4_eta05_dpl,"Symmetric Baseline (eta=0.5, DPL)",1.3757575757575757,748337.8763325205,2,1.3970591200735613e-05,4.44697729502642e-06,4.100085592890423,4.100085592890423,False,0.016571256957659566,-2.3151025665286937e-07,6.302037353307515e+19,9.062979629617371e+16,CONVERGED
S4,S4_eta05_dpl,"Symmetric Baseline (eta=0.5, DPL)",1.3757575757575757,748337.8763325205,3,7.84808721409797e-06,2.4981237478799877e-06,-0.8160434869486706,0.8160434869486706,False,2.2615343230055087,-1.774871860498764e-05,6.302037353307515e+19,9.062979629617371e+16,CONVERGED
S4,S4_eta05_dpl,"Symmetric Baseline (eta=0.5, DPL)",1.3757575757575757,748337.8763325205,4,1.4697182883596321e-06,4.6782586108999015e-07,0.8160604164252988,0.8160604164252988,False,0.44217019412990927,6.498656208807245e-07,6.302037353307515e+19,9.062979629617371e+16,CONVERGED
S4,S4_eta05_dpl,"Symmetric Baseline (eta=0.5, DPL)",1.3934343434343435,757953.0839946492,0,3.141541857608536,0.9999838311369874,-1.2041165689353353,1.2041165689353353,False,-3.333812578845749,-0.00016934428141589637,4.603647190512265e+19,8.256864529783717e+16,CONVERGED
S4,S4_eta05_dpl,"Symmetric Baseline (eta=0.5, DPL)",1.3934343434343435,757953.0839946492,1,0.00014692830917576656,4.676873337091506e-05,4.071701983354685,4.071701983354685,False,0.01704834761289762,-2.504884907028855e-06,4.603647190512265e+19,8.256864529783717e+16,CONVERGED
S4,S4_eta05_dpl,"Symmetric Baseline (eta=0.5, DPL)",1.3934343434343435,757953.0839946492,2,2.4528858082140586e-05,7.807778024344525e-06,4.559827815246383,4.559827815246383,False,0.010463860502416752,2.566665493065726e-07,4.603647190512265e+19,8.256864529783717e+16,CONVERGED
S4,S4_eta05_dpl,"Symmetric Baseline (eta=0.5, DPL)",1.3934343434343435,757953.0839946492,3,9.995847005195353e-06,3.181776922534318e-06,-0.8901494351181255,0.8901494351181255,False,2.43549357224591,2.434482113111763e-05,4.603647190512265e+19,8.256864529783717e+16,CONVERGED
S4,S4_eta05_dpl,"Symmetric Baseline (eta=0.5, DPL)",1.3934343434343435,757953.0839946492,4,2.6990399891143725e-05,8.591311117404955e-06,0.8901451225984363,0.8901451225984363,False,0.41059616149700007,-1.1082154595263711e-05,4.603647190512265e+19,8.256864529783717e+16,CONVERGED
S4,S4_eta05_dpl,"Symmetric Baseline (eta=0.5, DPL)",1.4111111111111112,767568.2916567777,0,3.1412234914031543,0.9998824920263877,-1.2014261020216346,1.2014261020216346,False,-3.324854899412874,-0.0012274107606822006,4.051169898464479e+19,1.2310352047697899e+17,CONVERGED
S4,S4_eta05_dpl,"Symmetric Baseline (eta=0.5, DPL)",1.4111111111111112,767568.2916567777,1,0.0010885106764834712,0.0003464837095412947,4.044889327970187,4.044889327970187,False,0.017511632223204013,-1.9061606166026403e-05,4.051169898464479e+19,1.2310352047697899e+17,CONVERGED
S4,S4_eta05_dpl,"Symmetric Baseline (eta=0.5, DPL)",1.4111111111111112,767568.2916567777,2,0.0016746925311853687,0.0005330711889944591,-4.575827108520599,4.575827108520599,False,97.10818887811284,0.162626510664979,4.051169898464479e+19,1.2310352047697899e+17,CONVERGED
S4,S4_eta05_dpl,"Symmetric Baseline (eta=0.5, DPL)",1.4111111111111112,767568.2916567777,3,7.782991118433253e-06,2.4774030170779427e-06,-0.9554123868893196,0.9554123868893196,False,2.5997424615180047,2.0233772488616986e-05,4.051169898464479e+19,1.2310352047697899e+17,CONVERGED
S4,S4_eta05_dpl,"Symmetric Baseline (eta=0.5, DPL)",1.4111111111111112,767568.2916567777,4,2.0510389730262014e-05,6.528659820624891e-06,0.9553852948846849,0.9553852948846849,False,0.3846639068806349,-7.88960664639336e-06,4.051169898464479e+19,1.2310352047697899e+17,CONVERGED
S4,S4_eta05_dpl,"Symmetric Baseline (eta=0.5, DPL)",1.4287878787878787,777183.4993189061,0,3.1415303139672157,0.9999801566818326,-1.1970535601237127,1.1970535601237127,False,-3.3103487890757037,0.0002063658943785429,6.714800065357509e+19,9.573670619115418e+16,CONVERGED
S4,S4_eta05_dpl,"Symmetric Baseline (eta=0.5, DPL)",1.4287878787878787,777183.4993189061,1,0.0001876269997582028,5.972352893803965e-05,4.0179091761976355,4.0179091761976355,False,0.017990540377705536,3.37551115470807e-06,6.714800065357509e+19,9.573670619115418e+16,CONVERGED
S4,S4_eta05_dpl,"Symmetric Baseline (eta=0.5, DPL)",1.4287878787878787,777183.4993189061,2,0.00021836048656348874,6.950630162506125e-05,4.592265657075206,4.592265657075206,False,0.010129881275127355,-2.2119658392236536e-06,6.714800065357509e+19,9.573670619115418e+16,CONVERGED
S4,S4_eta05_dpl,"Symmetric Baseline (eta=0.5, DPL)",1.4287878787878787,777183.4993189061,3,8.107136014212999e-06,2.58058154196065e-06,-1.013613457941233,1.013613457941233,False,2.7555400750908836,-2.2339538181865918e-05,6.714800065357509e+19,9.573670619115418e+16,CONVERGED
S4,S4_eta05_dpl,"Symmetric Baseline (eta=0.5, DPL)",1.4287878787878787,777183.4993189061,4,2.728386571138126e-05,8.684724189243599e-06,1.013639301906147,1.013639301906147,False,0.362895885639043,9.90120261344527e-06,6.714800065357509e+19,9.573670619115418e+16,CONVERGED
S4,S4_eta05_dpl,"Symmetric Baseline (eta=0.5, DPL)",1.4464646464646465,786798.7069810347,0,3.141500826626644,0.9999707705698114,-1.1911863049519982,1.1911863049519982,False,-3.290982988123506,-0.00030220097442444627,3.882804414390205e+19,9.024345287383826e+16,CONVERGED
S4,S4_eta05_dpl,"Symmetric Baseline (eta=0.5, DPL)",1.4464646464646465,786798.7069810347,1,0.00026988148178475724,8.590594375001886e-05,3.9911063666949294,3.9911063666949294,False,0.01847925729736147,-4.987209462776523e-06,3.882804414390205e+19,9.024345287383826e+16,CONVERGED
S4,S4_eta05_dpl,"Symmetric Baseline (eta=0.5, DPL)",1.4464646464646465,786798.7069810347,2,0.0002504555759428029,7.972248587244934e-05,-4.608470114849745,4.608470114849745,False,100.33053481532892,0.025128342407239494,3.882804414390205e+19,9.024345287383826e+16,CONVERGED
S4,S4_eta05_dpl,"Symmetric Baseline (eta=0.5, DPL)",1.4464646464646465,786798.7069810347,3,9.958063952774796e-07,3.169750203418654e-07,-1.0658518509111663,1.0658518509111663,False,2.903311119185701,-2.891135779966293e-06,3.882804414390205e+19,9.024345287383826e+16,CONVERGED
S4,S4_eta05_dpl,"Symmetric Baseline (eta=0.5, DPL)",1.4464646464646465,786798.7069810347,4,2.0867937980881492e-05,6.64247096358479e-06,1.0658617292752532,1.0658617292752532,False,0.34443092056456726,-7.187563090082633e-06,3.882804414390205e+19,9.024345287383826e+16,CONVERGED
S4,S4_eta05_dpl,"Symmetric Baseline (eta=0.5, DPL)",1.4641414141414142,796413.9146431634,0,3.1411477599045345,0.9998583859416814,-1.183739701433809,1.183739701433809,False,-3.266567052688814,-0.001453275150098344,6.854479117064138e+19,6.3689753549891304e+16,CONVERGED
S4,S4_eta05_dpl,"Symmetric Baseline (eta=0.5, DPL)",1.4641414141414142,796413.9146431634,1,0.0012829229040014194,0.00040836704355527004,3.9640838564519045,3.9640838564519045,False,0.0189854063953735,-2.4356826069296207e-05,6.854479117064138e+19,6.3689753549891304e+16,CONVERGED
S4,S4_eta05_dpl,"Symmetric Baseline (eta=0.5, DPL)",1.4641414141414142,796413.9146431634,2,7.858606029176032e-05,2.501471990710274e-05,4.62548403964311,4.62548403964311,False,0.00979891079616455,7.700577962062014e-07,6.854479117064138e+19,6.3689753549891304e+16,CONVERGED
S4,S4_eta05_dpl,"Symmetric Baseline (eta=0.5, DPL)",1.4641414141414142,796413.9146431634,3,2.0030037180291916e-07,6.375758855115815e-08,-1.1130275851288438,1.1130275851288438,False,3.0435590937083288,-6.096260180739421e-07,6.854479117064138e+19,6.3689753549891304e+16,CONVERGED
S4,S4_eta05_dpl,"Symmetric Baseline (eta=0.5, DPL)",1.4641414141414142,796413.9146431634,4,6.473294861228855e-06,2.060513750511874e-06,1.1130263558169367,1.1130263558169367,False,0.32856310605530936,2.1268858660469333e-06,6.854479117064138e+19,6.3689753549891304e+16,CONVERGED
S4,S4_eta05_dpl,"Symmetric Baseline (eta=0.5, DPL)",1.4818181818181817,806029.1223052919,0,3.1415528312096948,0.9999873241427233,-1.1748094303358052,1.1748094303358052,False,-3.237525908253224,-0.00012892598736575182,7.92693449602943e+19,1.0217593891265112e+17,CONVERGED
S4,S4_eta05_dpl,"Symmetric Baseline (eta=0.5, DPL)",1.4818181818181817,806029.1223052919,1,0.00011264195882905525,3.5855049094395814e-05,3.9369842070858376,3.9369842070858376,False,0.019506954939650586,-2.197301624485633e-06,7.92693449602943e+19,1.0217593891265112e+17,CONVERGED
S4,S4_eta05_dpl,"Symmetric Baseline (eta=0.5, DPL)",1.4818181818181817,806029.1223052919,2,6.035237281997233e-05,1.9210756923247094e-05,4.6419386425871565,4.6419386425871565,False,0.009638992922778372,-5.81736095190902e-07,7.92693449602943e+19,1.0217593891265112e+17,CONVERGED
S4,S4_eta05_dpl,"Symmetric Baseline (eta=0.5, DPL)",1.4818181818181817,806029.1223052919,3,2.101417776772952e-05,6.6890205334919284e-06,-1.1557914008383712,1.1557914008383712,False,3.176536335851824,6.675229925706824e-05,7.92693449602943e+19,1.0217593891265112e+17,CONVERGED
S4,S4_eta05_dpl,"Symmetric Baseline (eta=0.5, DPL)",1.4818181818181817,806029.1223052919,4,6.13802864215534e-05,1.9537951984773136e-05,1.1557808147999837,1.1557808147999837,False,0.31481163073856855,-1.932322808783665e-05,7.92693449602943e+19,1.0217593891265112e+17,CONVERGED
S4,S4_eta05_dpl,"Symmetric Baseline (eta=0.5, DPL)",1.4994949494949494,815644.3299674204,0,3.1414341243482,0.9999495385751517,-1.164443859539109,1.164443859539109,False,-3.204140395202103,-0.0005079499510651912,1.1148934880326936e+20,2.4601403741080096e+17,CONVERGED
S4,S4_eta05_dpl,"Symmetric Baseline (eta=0.5, DPL)",1.4994949494949494,815644.3299674204,1,0.00045133480193000505,0.00014366432943312363,3.9098344212579654,3.9098344212579654,False,0.020043817575879017,-9.046473049795397e-06,1.1148934880326936e+20,2.4601403741080096e+17,CONVERGED
S4,S4_eta05_dpl,"Symmetric Baseline (eta=0.5, DPL)",1.4994949494949494,815644.3299674204,2,0.00017245542221933544,5.489426581841423e-05,-4.6574280794843705,4.6574280794843705,False,105.36474206308243,0.018170721259657956,1.1148934880326936e+20,2.4601403741080096e+17,CONVERGED
S4,S4_eta05_dpl,"Symmetric Baseline (eta=0.5, DPL)",1.4994949494949494,815644.3299674204,3,7.91325949505902e-06,2.5188687292150376e-06,-1.1946353513019827,1.1946353513019827,False,3.3023533519665897,2.6132379019035066e-05,1.1148934880326936e+20,2.4601403741080096e+17,CONVERGED
S4,S4_eta05_dpl,"Symmetric Baseline (eta=0.5, DPL)",1.4994949494949494,815644.3299674204,4,2.998176802281165e-05,9.543493166929992e-06,1.1946651809971593,1.1946651809971593,False,0.3028053220511615,-9.07863892453098e-06,1.1148934880326936e+20,2.4601403741080096e+17,CONVERGED
S4,S4_eta05_dpl,"Symmetric Baseline (eta=0.5, DPL)",1.5171717171717172,825259.537629549,0,3.141419821925074,0.9999449859724744,-1.1523140803030194,1.1523140803030194,False,-3.1655096369539217,0.0005471003056864869,7.284313910637886e+19,6.48692139547426e+16,CONVERGED
S4,S4_eta05_dpl,"Symmetric Baseline (eta=0.5, DPL)",1.5171717171717172,825259.537629549,1,0.0004920152502549823,0.0001566133183093527,3.88162965677824,3.88162965677824,False,0.020617196336130173,1.0143975833425068e-05,7.284313910637886e+19,6.48692139547426e+16,CONVERGED
S4,S4_eta05_dpl,"Symmetric Baseline (eta=0.5, DPL)",1.5171717171717172,825259.537629549,2,2.627112167643617e-05,8.362357750746913e-06,4.673864895590429,4.673864895590429,False,0.009336116589278243,-2.452702549587492e-07,7.284313910637886e+19,6.48692139547426e+16,CONVERGED
S4,S4_eta05_dpl,"Symmetric Baseline (eta=0.5, DPL)",1.5171717171717172,825259.537629549,3,1.8326628353148203e-05,5.833546985223236e-06,-1.2299144876901522,1.2299144876901522,False,3.420936990983285,6.269424086030671e-05,7.284313910637886e+19,6.48692139547426e+16,CONVERGED
S4,S4_eta05_dpl,"Symmetric Baseline (eta=0.5, DPL)",1.5171717171717172,825259.537629549,4,1.1341057355160372e-05,3.6099706759249403e-06,1.2298800536057681,1.2298800536057681,False,0.2923276392055243,-3.315304522870617e-06,7.284313910637886e+19,6.48692139547426e+16,CONVERGED
S4,S4_eta05_dpl,"Symmetric Baseline (eta=0.5, DPL)",1.534848484848485,834874.7452916778,0,3.141534724981616,0.9999815607513244,-1.1389801986506933,1.1389801986506933,False,-3.123581302706278,0.00018094471759566775,5.6835875443078775e+19,1.191411645769818e+17,CONVERGED
S4,S4_eta05_dpl,"Symmetric Baseline (eta=0.5, DPL)",1.534848484848485,834874.7452916778,1,0.00017010352271494618,5.414563295485637e-05,3.8538879159245796,3.8538879159245796,False,0.021197162928385378,3.605712120458361e-06,5.6835875443078775e+19,1.191411645769818e+17,CONVERGED
S4,S4_eta05_dpl,"Symmetric Baseline (eta=0.5, DPL)",1.534848484848485,834874.7452916778,2,7.235790365391674e-05,2.3032236076575927e-05,4.689771661350588,4.689771661350588,False,0.009188784047207877,6.648811519448799e-07,5.6835875443078775e+19,1.191411645769818e+17,CONVERGED
S4,S4_eta05_dpl,"Symmetric Baseline (eta=0.5, DPL)",1.534848484848485,834874.7452916778,3,8.832863194132196e-06,2.8115876780012133e-06,-1.2619838201914149,1.2619838201914149,False,3.532422231370282,-3.120140231441633e-05,5.6835875443078775e+19,1.191411645769818e+17,CONVERGED
S4,S4_eta05_dpl,"Symmetric Baseline (eta=0.5, DPL)",1.534848484848485,834874.7452916778,4,0.00010003833293436804,3.184319037035485e-05,1.2619951762666866,1.2619951762666866,False,0.28308864950114143,2.8319716663207248e-05,5.6835875443078775e+19,1.191411645769818e+17,CONVERGED
S4,S4_eta05_dpl,"Symmetric Baseline (eta=0.5, DPL)",1.5525252525252524,844489.952953806,0,3.1415085021127163,0.9999732137529095,-1.1238487640175712,1.1238487640175712,False,-3.076672821945025,-0.0002589065630603725,7.552722051164784e+19,1.1940461569860483e+17,CONVERGED
S4,S4_eta05_dpl,"Symmetric Baseline (eta=0.5, DPL)",1.5525252525252524,844489.952953806,1,0.00023184659802482016,7.379906422937958e-05,3.824910175582562,3.824910175582562,False,0.021820394860872446,-5.058984406696481e-06,7.552722051164784e+19,1.1940461569860483e+17,CONVERGED
S4,S4_eta05_dpl,"Symmetric Baseline (eta=0.5, DPL)",1.5525252525252524,844489.952953806,2,5.52738047174959e-05,1.7594198488571192e-05,4.705586227350952,4.705586227350952,False,0.00904461045160225,-4.999300323568128e-07,7.552722051164784e+19,1.1940461569860483e+17,CONVERGED
S4,S4_eta05_dpl,"Symmetric Baseline (eta=0.5, DPL)",1.5525252525252524,844489.952953806,3,8.271059175991575e-06,2.632759904929276e-06,-1.2910641996394403,1.2910641996394403,False,3.636654623604429,3.0078985595161504e-05,7.552722051164784e+19,1.1940461569860483e+17,CONVERGED
S4,S4_eta05_dpl,"Symmetric Baseline (eta=0.5, DPL)",1.5525252525252524,844489.952953806,4,1.9801851542501293e-05,6.303125110721906e-06,1.2910608345396621,1.2910608345396621,False,0.2749789211173525,-5.4450917739946855e-06,7.552722051164784e+19,1.1940461569860483e+17,CONVERGED
S4,S4_eta05_dpl,"Symmetric Baseline (eta=0.5, DPL)",1.5702020202020202,854105.1606159348,0,0.008805968995866758,0.0028030269888123373,-3.251914532180591,3.251914532180591,False,25.83876178255512,0.22754121674721375,5.711051732093521e+19,4.029101702972058e+16,CONVERGED
S4,S4_eta05_dpl,"Symmetric Baseline (eta=0.5, DPL)",1.5702020202020202,854105.1606159348,1,3.140236386536584,0.9995682867886582,3.075968999360095,3.075968999360095,False,-0.046144849898591134,6.258477796683234e-05,5.711051732093521e+19,4.029101702972058e+16,CONVERGED
S4,S4_eta05_dpl,"Symmetric Baseline (eta=0.5, DPL)",1.5702020202020202,854105.1606159348,2,2.347077845345353e-05,7.47098081816376e-06,4.721217461489011,4.721217461489011,False,0.008904331263850538,2.089915864083721e-07,5.711051732093521e+19,4.029101702972058e+16,CONVERGED
S4,S4_eta05_dpl,"Symmetric Baseline (eta=0.5, DPL)",1.5702020202020202,854105.1606159348,3,1.763702589753219e-06,5.614039706064041e-07,-1.317416975039581,1.317416975039581,False,3.7337645037421217,-6.585250124785451e-06,5.711051732093521e+19,4.029101702972058e+16,CONVERGED
S4,S4_eta05_dpl,"Symmetric Baseline (eta=0.5, DPL)",1.5702020202020202,854105.1606159348,4,2.340967089301985e-05,7.451529677557146e-06,1.3174154028419613,1.3174154028419613,False,0.26782663205487484,6.269733313935838e-06,5.711051732093521e+19,4.029101702972058e+16,CONVERGED
S4,S4_eta05_dpl,"Symmetric Baseline (eta=0.5, DPL)",1.587878787878788,863720.3682780633,0,3.1415833293891913,0.9999970320147676,-1.0888364314759473,1.0888364314759473,False,-2.9708153133829964,-2.770047793430327e-05,2.678957175261419e+20,1.654550347236601e+17,CONVERGED
S4,S4_eta05_dpl,"Symmetric Baseline (eta=0.5, DPL)",1.587878787878788,863720.3682780633,1,2.1016281433436336e-05,6.6896901510836335e-06,3.7650212084205834,3.7650212084205834,False,0.023167120886934876,-4.868867326339479e-07,2.678957175261419e+20,1.654550347236601e+17,CONVERGED
S4,S4_eta05_dpl,"Symmetric Baseline (eta=0.5, DPL)",1.587878787878788,863720.3682780633,2,0.0002811753761959158,8.95009019946065e-05,4.736753434922431,4.736753434922431,False,0.008767062525795946,-2.4650821687865883e-06,2.678957175261419e+20,1.654550347236601e+17,CONVERGED
S4,S4_eta05_dpl,"Symmetric Baseline (eta=0.5, DPL)",1.587878787878788,863720.3682780633,3,7.281043471802259e-07,2.3176281188086091e-07,-1.3411401035829016,1.3411401035829016,False,3.823400093558047,2.7838342291293884e-06,2.678957175261419e+20,1.654550347236601e+17,CONVERGED
S4,S4_eta05_dpl,"Symmetric Baseline (eta=0.5, DPL)",1.587878787878788,863720.3682780633,4,1.4506981769480135e-05,4.617715715913548e-06,1.3411512624602406,1.3411512624602406,False,0.2615443889234317,-3.794219682288213e-06,2.678957175261419e+20,1.654550347236601e+17,CONVERGED
S4,S4_eta05_dpl,"Symmetric Baseline (eta=0.5, DPL)",1.6055555555555556,873335.5759401919,0,3.1415735287218713,0.9999939123654685,-1.0687978903157793,1.0687978903157793,False,-2.9118769991309232,5.568926301943475e-05,9.46533641280883e+19,1.9391591442228707e+17,CONVERGED
S4,S4_eta05_dpl,"Symmetric Baseline (eta=0.5, DPL)",1.6055555555555556,873335.5759401919,1,5.5531249701803804e-05,1.767614577222483e-05,3.7337299143611133,3.7337299143611133,False,0.023903511266890116,1.3273918542759905e-06,9.46533641280883e+19,1.9391591442228707e+17,CONVERGED
S4,S4_eta05_dpl,"Symmetric Baseline (eta=0.5, DPL)",1.6055555555555556,873335.5759401919,2,3.4964309863384625e-05,1.112948549310875e-05,-4.7478858377754705,4.7478858377754705,False,115.3401786591401,0.004032789747979683,9.46533641280883e+19,1.9391591442228707e+17,CONVERGED
S4,S4_eta05_dpl,"Symmetric Baseline (eta=0.5, DPL)",1.6055555555555556,873335.5759401919,3,4.189208436532421e-06,1.3334664606328108e-06,-1.3624212073570294,1.3624212073570294,False,3.905638223090127,-1.636153259430837e-05,9.46533641280883e+19,1.9391591442228707e+17,CONVERGED
S4,S4_eta05_dpl,"Symmetric Baseline (eta=0.5, DPL)",1.6055555555555556,873335.5759401919,4,1.6645180564153226e-05,5.298325530884258e-06,1.3624189398412896,1.3624189398412896,False,0.25604068022967225,4.26184335458511e-06,9.46533641280883e+19,1.9391591442228707e+17,CONVERGED
S4,S4_eta05_dpl,"Symmetric Baseline (eta=0.5, DPL)",1.6232323232323231,882950.7836023204,0,3.141588509637698,0.9999986809390802,-1.047047461654569,1.047047461654569,False,-2.849226237047158,-1.1807057035048844e-05,1.2104542254179443e+20,8.678765427170454e+16,CONVERGED
S4,S4_eta05_dpl,"Symmetric Baseline (eta=0.5, DPL)",1.6232323232323231,882950.7836023204,1,8.995497949100616e-06,2.8633559283447396e-06,3.7015310855131474,3.7015310855131474,False,0.024685701600071813,-2.2206017812154542e-07,1.2104542254179443e+20,8.678765427170454e+16,CONVERGED
S4,S4_eta05_dpl,"Symmetric Baseline (eta=0.5, DPL)",1.6232323232323231,882950.7836023204,2,0.0004050105905250806,0.00012891887497326827,-4.767456484966083,4.767456484966083,False,117.61968406339855,0.04763722030459172,1.2104542254179443e+20,8.678765427170454e+16,CONVERGED
S4,S4_eta05_dpl,"Symmetric Baseline (eta=0.5, DPL)",1.6232323232323231,882950.7836023204,3,5.430891492001939e-07,1.7287064526956543e-07,-1.3814131191244237,1.3814131191244237,False,3.980522607623555,2.1617786363466264e-06,1.2104542254179443e+20,8.678765427170454e+16,CONVERGED
S4,S4_eta05_dpl,"Symmetric Baseline (eta=0.5, DPL)",1.6232323232323231,882950.7836023204,4,2.568802606879584e-05,8.176752654244652e-06,1.3815012583769688,1.3815012583769688,False,0.25120115192575543,-6.45286174059971e-06,1.2104542254179443e+20,8.678765427170454e+16,CONVERGED
S4,S4_eta05_dpl,"Symmetric Baseline (eta=0.5, DPL)",1.6409090909090909,892565.9912644491,0,3.1414876110595014,0.9999665639241384,-1.0235419017616127,1.0235419017616127,False,-2.7830345475440144,-0.0002923369918390006,6.270790575056346e+19,1.1788302961035592e+17,CONVERGED
S4,S4_eta05_dpl,"Symmetric Baseline (eta=0.5, DPL)",1.6409090909090909,892565.9912644491,1,0.00027610560721617894,8.788714440768833e-05,3.6683631586205685,3.6683631586205685,False,0.025518204061751336,-7.0457194065780615e-06,6.270790575056346e+19,1.1788302961035592e+17,CONVERGED
S4,S4_eta05_dpl,"Symmetric Baseline (eta=0.5, DPL)",1.6409090909090909,892565.9912644491,2,0.0002192828573088492,6.97999013520362e-05,4.783008266119299,4.783008266119299,False,0.008370779319428208,1.8355684364871269e-06,6.270790575056346e+19,1.1788302961035592e+17,CONVERGED
S4,S4_eta05_dpl,"Symmetric Baseline (eta=0.5, DPL)",1.6409090909090909,892565.9912644491,3,2.3235453924767773e-06,7.396074694221542e-07,-1.3981619457421182,1.3981619457421182,False,4.047753135204977,9.40513814720588e-06,6.270790575056346e+19,1.1788302961035592e+17,CONVERGED
S4,S4_eta05_dpl,"Symmetric Baseline (eta=0.5, DPL)",1.6409090909090909,892565.9912644491,4,6.766649633320742e-06,2.1538914746279144e-06,1.3981656497087003,1.3981656497087003,False,0.24704972428217145,-1.6716989262514603e-06,6.270790575056346e+19,1.1788302961035592e+17,CONVERGED
S4,S4_eta05_dpl,"Symmetric Baseline (eta=0.5, DPL)",1.6585858585858586,902181.1989265776,0,3.1415239190536393,0.99997812111762,-0.9976265222684569,0.9976265222684569,False,-2.711837691190932,-0.00018639690612249452,7.591188166838821e+19,9.605775785215579e+16,CONVERGED
S4,S4_eta05_dpl,"Symmetric Baseline (eta=0.5, DPL)",1.6585858585858586,902181.1989265776,1,0.0001762255924449403,5.609434827382003e-05,3.632619596015461,3.632619596015461,False,0.02644681320860465,-4.660605374212774e-06,7.591188166838821e+19,9.605775785215579e+16,CONVERGED
S4,S4_eta05_dpl,"Symmetric Baseline (eta=0.5, DPL)",1.6585858585858586,902181.1989265776,2,5.752755556837042e-05,1.8311589665399684e-05,4.7979159998609795,4.7979159998609795,False,0.008246915712917517,4.744249024658867e-07,7.591188166838821e+19,9.605775785215579e+16,CONVERGED
S4,S4_eta05_dpl,"Symmetric Baseline (eta=0.5, DPL)",1.6585858585858586,902181.1989265776,3,6.3865729391316105e-06,2.0329093053594603e-06,-1.41278838059027,1.41278838059027,False,4.107392424507449,-2.6232161309110104e-05,7.591188166838821e+19,9.605775785215579e+16,CONVERGED
S4,S4_eta05_dpl,"Symmetric Baseline (eta=0.5, DPL)",1.6585858585858586,902181.1989265776,4,4.41510675511686e-05,1.4053721287105332e-05,1.4128815695679768,1.4128815695679768,False,0.24344077970324404,-1.0748170316370946e-05,7.591188166838821e+19,9.605775785215579e+16,CONVERGED
S4,S4_eta05_dpl,"Symmetric Baseline (eta=0.5, DPL)",1.6762626262626263,911796.4065887061,0,3.1415672674708888,0.999991919347381,-0.970200099371577,0.970200099371577,False,-2.6384723623473882,-6.69805731316349e-05,7.044007859535026e+19,5.246655561679977e+16,CONVERGED
S4,S4_eta05_dpl,"Symmetric Baseline (eta=0.5, DPL)",1.6762626262626263,911796.4065887061,1,6.268922802790024e-05,1.9954601038510627e-05,3.596781739081289,3.596781739081289,False,0.027411798912125168,-1.7184245149082638e-06,7.044007859535026e+19,5.246655561679977e+16,CONVERGED
S4,S4_eta05_dpl,"Symmetric Baseline (eta=0.5, DPL)",1.6762626262626263,911796.4065887061,2,4.0515984298119594e-05,1.2896638350558699e-05,4.812983481545225,4.812983481545225,False,0.008123586928645192,-3.291351206254949e-07,7.044007859535026e+19,5.246655561679977e+16,CONVERGED
S4,S4_eta05_dpl,"Symmetric Baseline (eta=0.5, DPL)",1.6762626262626263,911796.4065887061,3,2.1394662250872114e-07,6.810132506015745e-08,-1.4253693707217316,1.4253693707217316,False,4.1593939173811805,-8.898882803070359e-07,7.044007859535026e+19,5.246655561679977e+16,CONVERGED
S4,S4_eta05_dpl,"Symmetric Baseline (eta=0.5, DPL)",1.6762626262626263,911796.4065887061,4,2.154826261983262e-05,6.859025021977352e-06,1.4253881434180815,1.4253881434180815,False,0.24041512949013435,-5.180528348836302e-06,7.044007859535026e+19,5.246655561679977e+16,CONVERGED
S4,S4_eta05_dpl,"Symmetric Baseline (eta=0.5, DPL)",1.6939393939393939,921411.6142508347,0,3.141558889023896,0.9999892524048722,-0.9404878703198649,0.9404878703198649,False,-2.5612306605323942,8.647884144796069e-05,1.3592912654427457e+20,1.5690285479339286e+17,CONVERGED
S4,S4_eta05_dpl,"Symmetric Baseline (eta=0.5, DPL)",1.6939393939393939,921411.6142508347,1,8.719815739766783e-05,2.7756035556687914e-05,3.5589542459066092,3.5589542459066092,False,0.028468580179104377,2.482407741637348e-06,1.3592912654427457e+20,1.5690285479339286e+17,CONVERGED
S4,S4_eta05_dpl,"Symmetric Baseline (eta=0.5, DPL)",1.6939393939393939,921411.6142508347,2,0.00019856138169024648,6.320405080631857e-05,-4.827666876405109,4.827666876405109,False,124.91916607145635,0.024804122540722656,1.3592912654427457e+20,1.5690285479339286e+17,CONVERGED
S4,S4_eta05_dpl,"Symmetric Baseline (eta=0.5, DPL)",1.6939393939393939,921411.6142508347,3,8.1819263508029e-07,2.604388045488229e-07,-1.43594143564779,1.43594143564779,False,4.203600565964969,3.4393550238926436e-06,1.3592912654427457e+20,1.5690285479339286e+17,CONVERGED
S4,S4_eta05_dpl,"Symmetric Baseline (eta=0.5, DPL)",1.6939393939393939,921411.6142508347,4,1.6533464483185713e-06,5.26276519786659e-07,1.4359621606030037,1.4359621606030037,False,0.23788636897480583,3.933085832482548e-07,1.3592912654427457e+20,1.5690285479339286e+17,CONVERGED
S4,S4_eta05_dpl,"Symmetric Baseline (eta=0.5, DPL)",1.7116161616161616,931026.8219129633,0,3.141525548275512,0.9999786397150487,-0.908711719006868,0.908711719006868,False,-2.481124082988035,-0.0001664966116098908,8.97448371697591e+19,1.6023961058386218e+17,CONVERGED
S4,S4_eta05_dpl,"Symmetric Baseline (eta=0.5, DPL)",1.7116161616161616,931026.8219129633,1,0.00016633543225481488,5.294621250936175e-05,3.5198701753953054,3.5198701753953054,False,0.029603277742789424,-4.924074044918453e-06,8.97448371697591e+19,1.6023961058386218e+17,CONVERGED
S4,S4_eta05_dpl,"Symmetric Baseline (eta=0.5, DPL)",1.7116161616161616,931026.8219129633,2,0.00026352883396911454,8.388383314685592e-05,4.842677925882812,4.842677925882812,False,0.007885907599649756,2.078164082631609e-06,8.97448371697591e+19,1.6023961058386218e+17,CONVERGED
S4,S4_eta05_dpl,"Symmetric Baseline (eta=0.5, DPL)",1.7116161616161616,931026.8219129633,3,3.2701031201535935e-06,1.0409061519853492e-06,-1.4445722301131831,1.4445722301131831,False,4.240037994233463,1.3865361474562055e-05,8.97448371697591e+19,1.6023961058386218e+17,CONVERGED
S4,S4_eta05_dpl,"Symmetric Baseline (eta=0.5, DPL)",1.7116161616161616,931026.8219129633,4,1.6724568005802584e-05,5.3235953384000875e-06,1.4445524532370553,1.4445524532370553,False,0.23585160752958662,3.944516249774207e-06,8.97448371697591e+19,1.6023961058386218e+17,CONVERGED
S4,S4_eta05_dpl,"Symmetric Baseline (eta=0.5, DPL)",1.7292929292929293,940642.0295750919,0,3.141585820854171,0.9999978250727017,-0.8741152274475912,0.8741152274475912,False,-2.3967537735642805,-1.6376384887203875e-05,8.610227868349766e+19,1.008265463499458e+17,CONVERGED
S4,S4_eta05_dpl,"Symmetric Baseline (eta=0.5, DPL)",1.7292929292929293,940642.0295750919,1,1.16567058999267e-05,3.7104447282835893e-06,3.477839369686658,3.477839369686658,False,0.03087404641810253,-3.5988967905280703e-07,8.610227868349766e+19,1.008265463499458e+17,CONVERGED
S4,S4_eta05_dpl,"Symmetric Baseline (eta=0.5, DPL)",1.7292929292929293,940642.0295750919,2,0.00010040257177305386,3.195913119364065e-05,-4.856323054220402,4.856323054220402,False,128.55065759511456,0.012906816669036576,8.610227868349766e+19,1.008265463499458e+17,CONVERGED
S4,S4_eta05_dpl,"Symmetric Baseline (eta=0.5, DPL)",1.7292929292929293,940642.0295750919,3,1.2217143317825122e-05,3.8888374989879735e-06,-1.4512955574541753,1.4512955574541753,False,4.268641203936972,5.21506013634662e-05,8.610227868349766e+19,1.008265463499458e+17,CONVERGED
S4,S4_eta05_dpl,"Symmetric Baseline (eta=0.5, DPL)",1.7292929292929293,940642.0295750919,4,1.6569907161772378e-05,5.274365262739744e-06,1.4512584282242067,1.4512584282242067,False,0.23427528385028326,-3.881919704052341e-06,8.610227868349766e+19,1.008265463499458e+17,CONVERGED
S4,S4_eta05_dpl,"Symmetric Baseline (eta=0.5, DPL)",1.7469696969696968,950257.2372372204,0,3.141587377731787,0.9999983206422386,-0.8371944168434784,0.8371944168434784,False,-2.309877324460971,1.2186584775392367e-05,9.000370811690004e+19,2.4676509319683366e+17,CONVERGED
S4,S4_eta05_dpl,"Symmetric Baseline (eta=0.5, DPL)",1.7469696969696968,950257.2372372204,1,1.7788622913419942e-05,5.662294534937072e-06,3.4343487160913884,3.4343487160913884,False,0.03224640495396918,5.736191381000989e-07,9.000370811690004e+19,2.4676509319683366e+17,CONVERGED
S4,S4_eta05_dpl,"Symmetric Baseline (eta=0.5, DPL)",1.7469696969696968,950257.2372372204,2,1.8028379379982156e-05,5.738611388520319e-06,4.8717211898062605,4.8717211898062605,False,0.0076601693281697445,1.381004387781091e-07,9.000370811690004e+19,2.4676509319683366e+17,CONVERGED
S4,S4_eta05_dpl,"Symmetric Baseline (eta=0.5, DPL)",1.7469696969696968,950257.2372372204,3,4.861004523302235e-06,1.5473057965512262e-06,-1.456126716593763,1.456126716593763,False,4.289313584744577,-2.085037273746934e-05,9.000370811690004e+19,2.4676509319683366e+17,CONVERGED
S4,S4_eta05_dpl,"Symmetric Baseline (eta=0.5, DPL)",1.7469696969696968,950257.2372372204,4,1.915672762564708e-05,6.0977757901736e-06,1.4561353661215597,1.4561353661215597,False,0.23313551936862073,-4.466113644954761e-06,9.000370811690004e+19,2.4676509319683366e+17,CONVERGED
S4,S4_eta05_dpl,"Symmetric Baseline (eta=0.5, DPL)",1.7646464646464646,959872.4448993491,0,2.4405071195988226,0.776837543470232,-1.3520309852846417,1.3520309852846417,False,-2.9536151281251932,2.4932816434075717,7.703108489878007e+19,1.0857321780881526e+17,CONVERGED
S4,S4_eta05_dpl,"Symmetric Baseline (eta=0.5, DPL)",1.7646464646464646,959872.4448993491,1,0.5604394114146194,0.17839340526029815,3.1245247097305455,3.1245247097305455,False,0.037233225077951196,-0.02336615096917628,7.703108489878007e+19,1.0857321780881526e+17,CONVERGED
S4,S4_eta05_dpl,"Symmetric Baseline (eta=0.5, DPL)",1.7646464646464646,959872.4448993491,2,8.466992562311718e-06,2.6951274388284453e-06,4.886125033201491,4.886125033201491,False,0.0075506242785612935,-6.393107960891649e-08,7.703108489878007e+19,1.0857321780881526e+17,CONVERGED
S4,S4_eta05_dpl,"Symmetric Baseline (eta=0.5, DPL)",1.7646464646464646,959872.4448993491,3,7.638935423720231e-07,2.4315486652897136e-07,-1.4591016985579919,1.4591016985579919,False,4.3020932155076,-3.2863412260093873e-06,7.703108489878007e+19,1.0857321780881526e+17,CONVERGED
S4,S4_eta05_dpl,"Symmetric Baseline (eta=0.5, DPL)",1.7646464646464646,959872.4448993491,4,1.4106725238467005e-05,4.49031010508244e-06,1.459094148370554,1.459094148370554,False,0.23244674162601994,3.2790623169127053e-06,7.703108489878007e+19,1.0857321780881526e+17,CONVERGED
S4,S4_eta05_dpl,"Symmetric Baseline (eta=0.5, DPL)",1.7823232323232323,969487.6525614776,0,2.416882946371081,0.7693177355789235,-1.3432380231690473,1.3432380231690473,False,-2.8685603577429473,2.539924214338605,1.1943782116921336e+20,1.201239242061706e+17,CONVERGED
S4,S4_eta05_dpl,"Symmetric Baseline (eta=0.5, DPL)",1.7823232323232323,969487.6525614776,1,0.5444240931331844,0.17329557112093738,3.1005415972734416,3.1005415972734416,False,0.03851538044472501,-0.02331949886772054,1.1943782116921336e+20,1.201239242061706e+17,CONVERGED
S4,S4_eta05_dpl,"Symmetric Baseline (eta=0.5, DPL)",1.7823232323232323,969487.6525614776,2,3.674977677721683e-05,1.1697817263235604e-05,4.900441400349335,4.900441400349335,False,0.007443296866847289,-2.735394984663379e-07,1.1943782116921336e+20,1.201239242061706e+17,CONVERGED
S4,S4_eta05_dpl,"Symmetric Baseline (eta=0.5, DPL)",1.7823232323232323,969487.6525614776,3,1.6233257776731888e-06,5.167206435303662e-07,-1.4602270448160841,1.4602270448160841,False,4.306937285121815,-6.991562317766163e-06,1.1943782116921336e+20,1.201239242061706e+17,CONVERGED
S4,S4_eta05_dpl,"Symmetric Baseline (eta=0.5, DPL)",1.7823232323232323,969487.6525614776,4,8.153770931577294e-06,2.5954258971990692e-06,1.4602139694821201,1.4602139694821201,False,0.2321865885624575,-1.8931962565646187e-06,1.1943782116921336e+20,1.201239242061706e+17,CONVERGED
S4,S4_eta05_dpl,"Symmetric Baseline (eta=0.5, DPL)",1.8,979102.8602236061,0,2.3930896922411304,0.7617441075648769,-1.3345174931928496,1.3345174931928496,False,-2.782946170438243,2.5848117455324395,6.937386108478461e+19,9.706618637295941e+16,CONVERGED
S4,S4_eta05_dpl,"Symmetric Baseline (eta=0.5, DPL)",1.8,979102.8602236061,1,0.5286567833892931,0.16827668055093478,3.0762951938397984,3.0762951938397984,False,0.03983244247375977,-0.02326669085819591,6.937386108478461e+19,9.706618637295941e+16,CONVERGED
S4,S4_eta05_dpl,"Symmetric Baseline (eta=0.5, DPL)",1.8,979102.8602236061,2,6.835923157339926e-05,2.175941922174011e-05,4.914548407818542,4.914548407818542,False,0.007339031376230865,-5.016905461536729e-07,6.937386108478461e+19,9.706618637295941e+16,CONVERGED
S4,S4_eta05_dpl,"Symmetric Baseline (eta=0.5, DPL)",1.8,979102.8602236061,3,5.6467766618419785e-06,1.7974248365362058e-06,-1.4595012531415597,1.4595012531415597,False,4.303812479950566,2.430266786898741e-05,6.937386108478461e+19,9.706618637295941e+16,CONVERGED
S4,S4_eta05_dpl,"Symmetric Baseline (eta=0.5, DPL)",1.8,979102.8602236061,4,6.642712409281847e-05,2.1144410309501585e-05,1.4595256947153055,1.4595256947153055,False,0.23234645123624498,-1.543410657149736e-05,6.937386108478461e+19,9.706618637295941e+16,CONVERGED
S4,S4_eta08_dpl,"Asymmetric Filling (eta=0.8, DPL)",0.05,27197.301672877948,0,1.6277279286069106e-08,5.1812189169304305e-09,2.944597949654401,2.944597949654401,False,0.05262321274458832,-8.565627307738953e-10,4069175047042571.5,7.461098096612227e+16,CONVERGED
S4,S4_eta08_dpl,"Asymmetric Filling (eta=0.8, DPL)",0.05,27197.301672877948,1,0.07163677602195083,0.022802694022120873,-0.1264761039007041,0.1264761039007041,False,1.1319117217444103,0.08122549913484874,4069175047042571.5,7.461098096612227e+16,CONVERGED
S4,S4_eta08_dpl,"Asymmetric Filling (eta=0.8, DPL)",0.05,27197.301672877948,2,0.14486473704361685,0.046111877960398444,-0.10534889403574156,0.10534889403574156,False,1.0994599349662455,-0.1603965635819515,4069175047042571.5,7.461098096612227e+16,CONVERGED
S4,S4_eta08_dpl,"Asymmetric Filling (eta=0.8, DPL)",0.05,27197.301672877948,3,0.24083923930618345,0.07666151085214198,-3.506534535378281e-06,3.506534535378281e-06,True,0.9711415487559452,0.23851856400197988,4069175047042571.5,7.461098096612227e+16,CONVERGED
S4,S4_eta08_dpl,"Asymmetric Filling (eta=0.8, DPL)",0.05,27197.301672877948,4,0.24084281866413906,0.07666265019716545,5.4364957928021296e-06,5.4364957928021296e-06,True,0.9711320101045509,-0.2385199069633805,4069175047042571.5,7.461098096612227e+16,CONVERGED
S4,S4_eta08_dpl,"Asymmetric Filling (eta=0.8, DPL)",0.06767676767676768,36812.509335006514,0,1.7914028678760277e-08,5.702212429829346e-09,2.949031770062698,2.949031770062698,False,0.0523904073599926,9.38523259938841e-10,1.007278466470619e+16,1.6168274610573315e+17,CONVERGED
S4,S4_eta08_dpl,"Asymmetric Filling (eta=0.8, DPL)",0.06767676767676768,36812.509335006514,1,0.3059424000768723,0.09738449054726497,-0.3668586232235963,0.3668586232235963,False,1.3761770456641058,0.4346783720278323,1.007278466470619e+16,1.6168274610573315e+17,CONVERGED
S4,S4_eta08_dpl,"Asymmetric Filling (eta=0.8, DPL)",0.06767676767676768,36812.509335006514,2,0.4267074602165202,0.13582520309529492,-0.3756652328475272,0.3756652328475272,False,1.3254086702445274,-0.6025863787667195,1.007278466470619e+16,1.6168274610573315e+17,CONVERGED
S4,S4_eta08_dpl,"Asymmetric Filling (eta=0.8, DPL)",0.06767676767676768,36812.509335006514,3,0.32552960118393554,0.10361929030231329,-6.449165861112406e-07,6.449165861112406e-07,True,0.9474820982611036,-0.319810824251995,1.007278466470619e+16,1.6168274610573315e+17,CONVERGED
S4,S4_eta08_dpl,"Asymmetric Filling (eta=0.8, DPL)",0.06767676767676768,36812.509335006514,4,0.3255314470017781,0.10361987784438068,7.677242454710773e-07,7.677242454710773e-07,True,0.947480169496844,0.31981212135083253,1.007278466470619e+16,1.6168274610573315e+17,CONVERGED
S4,S4_eta08_dpl,"Asymmetric Filling (eta=0.8, DPL)",0.08535353535353535,46427.71699713508,0,5.089969628176539e-08,1.6201876530238256e-08,2.9547210486711184,2.9547210486711184,False,0.052093190013948465,-2.651527550058273e-09,2.016113722121108e+16,1.0359415438536181e+17,CONVERGED
S4,S4_eta08_dpl,"Asymmetric Filling (eta=0.8, DPL)",0.08535353535353535,46427.71699713508,1,2.3220588211373162e-05,7.391342790682863e-06,-0.46479557928954074,0.46479557928954074,False,1.591688781047572,3.695994975201105e-05,2.016113722121108e+16,1.0359415438536181e+17,CONVERGED
S4,S4_eta08_dpl,"Asymmetric Filling (eta=0.8, DPL)",0.08535353535353535,46427.71699713508,2,6.995019531007667e-09,2.2265838707684434e-09,-2.9547211547066,2.9547211547066,False,19.196369156270258,-1.3427897717254363e-07,2.016113722121108e+16,1.0359415438536181e+17,CONVERGED
S4,S4_eta08_dpl,"Asymmetric Filling (eta=0.8, DPL)",0.08535353535353535,46427.71699713508,3,0.40983865521965956,0.13045569569668766,-1.0777312790859708e-06,1.0777312790859708e-06,True,0.9171861128931134,0.39846177957352735,2.016113722121108e+16,1.0359415438536181e+17,CONVERGED
S4,S4_eta08_dpl,"Asymmetric Filling (eta=0.8, DPL)",0.08535353535353535,46427.71699713508,4,0.4098437569727617,0.13045731963513696,4.4430923207421364e-07,4.4430923207421364e-07,True,0.9171826840372935,-0.3984658523438073,2.016113722121108e+16,1.0359415438536181e+17,CONVERGED
S4,S4_eta08_dpl,"Asymmetric Filling (eta=0.8, DPL)",0.10303030303030303,56042.924659263655,0,1.7978390620484948e-09,5.722699472174294e-10,2.961609957472311,2.961609957472311,False,0.051735558040151036,-9.30122071414606e-11,3.5362837229609884e+16,1.6120667853561194e+17,CONVERGED
S4,S4_eta08_dpl,"Asymmetric Filling (eta=0.8, DPL)",0.10303030303030303,56042.924659263655,1,4.189469059933582e-05,1.333549419637971e-05,-0.418399387582153,0.418399387582153,False,1.519527432282343,6.366013166991665e-05,3.5362837229609884e+16,1.6120667853561194e+17,CONVERGED
S4,S4_eta08_dpl,"Asymmetric Filling (eta=0.8, DPL)",0.10303030303030303,56042.924659263655,2,1.4879406426412528e-08,4.736262166073736e-09,-2.9616099347769307,2.9616099347769307,False,19.32906525389245,2.876050177553144e-07,3.5362837229609884e+16,1.6120667853561194e+17,CONVERGED
S4,S4_eta08_dpl,"Asymmetric Filling (eta=0.8, DPL)",0.10303030303030303,56042.924659263655,3,0.4936949318356286,0.15714797756211324,2.606837330750913e-07,2.606837330750913e-07,True,0.8805876794079213,0.4738827043769817,3.5362837229609884e+16,1.6120667853561194e+17,CONVERGED
S4,S4_eta08_dpl,"Asymmetric Filling (eta=0.8, DPL)",0.10303030303030303,56042.924659263655,4,0.4936952165317295,0.1571480681836967,1.131463720976448e-07,1.131463720976448e-07,True,0.8805876744148994,-0.47388302499228707,3.5362837229609884e+16,1.6120667853561194e+17,CONVERGED
S4,S4_eta08_dpl,"Asymmetric Filling (eta=0.8, DPL)",0.12070707070707071,65658.13232139223,0,1.1963331097585168e-05,3.8080465600513384e-06,2.9678647112247107,2.9678647112247107,False,0.051412974751865785,-6.150704396977003e-07,5.668499565097445e+16,1.023691087678558e+17,CONVERGED
S4,S4_eta08_dpl,"Asymmetric Filling (eta=0.8, DPL)",0.12070707070707071,65658.13232139223,1,7.76518721278215e-05,2.4717358578965132e-05,-0.41195596311858396,0.41195596311858396,False,1.5097679448408543,-0.00011723630763110356,5.668499565097445e+16,1.023691087678558e+17,CONVERGED
S4,S4_eta08_dpl,"Asymmetric Filling (eta=0.8, DPL)",0.12070707070707071,65658.13232139223,2,1.1901331758284381e-05,3.788311557415035e-06,-2.9690636574136833,2.9690636574136833,False,19.473677022226703,0.0002317626908061419,5.668499565097445e+16,1.023691087678558e+17,CONVERGED
S4,S4_eta08_dpl,"Asymmetric Filling (eta=0.8, DPL)",0.12070707070707071,65658.13232139223,3,0.5770023699843824,0.18366555871750623,1.3381134213811648e-07,1.3381134213811648e-07,True,0.8381015501753745,0.5455139997937595,5.668499565097445e+16,1.023691087678558e+17,CONVERGED
S4,S4_eta08_dpl,"Asymmetric Filling (eta=0.8, DPL)",0.12070707070707071,65658.13232139223,4,0.577001121671398,0.18366516136714228,-5.33501388843056e-07,5.33501388843056e-07,True,0.8381027904234059,-0.5455133176081475,5.668499565097445e+16,1.023691087678558e+17,CONVERGED
S4,S4_eta08_dpl,"Asymmetric Filling (eta=0.8, DPL)",0.1383838383838384,75273.3399835208,0,1.1197797261755547e-05,3.564369571898571e-06,2.9691813576692834,2.9691813576692834,False,0.05134532658604051,-5.7495455747314e-07,8.509012397136402e+16,2.7163460310292032e+17,CONVERGED
S4,S4_eta08_dpl,"Asymmetric Filling (eta=0.8, DPL)",0.1383838383838384,75273.3399835208,1,7.857079362328216e-05,2.500986037559705e-05,-0.4083312852922874,0.4083312852922874,False,1.5043054282522172,-0.00011819447159280744,8.509012397136402e+16,2.7163460310292032e+17,CONVERGED
S4,S4_eta08_dpl,"Asymmetric Filling (eta=0.8, DPL)",0.1383838383838384,75273.3399835208,2,1.1134599405254666e-05,3.544253069388716e-06,-2.9708399185276098,2.9708399185276098,False,19.508298096569856,0.00021721708439257425,8.509012397136402e+16,2.7163460310292032e+17,CONVERGED
S4,S4_eta08_dpl,"Asymmetric Filling (eta=0.8, DPL)",0.1383838383838384,75273.3399835208,3,0.6597045118271956,0.20999046807464783,5.151134246141625e-07,5.151134246141625e-07,True,0.7901729587558318,0.612883076144819,8.509012397136402e+16,2.7163460310292032e+17,CONVERGED
S4,S4_eta08_dpl,"Asymmetric Filling (eta=0.8, DPL)",0.1383838383838384,75273.3399835208,4,0.6597031349992001,0.20999002981668527,-6.739924603869818e-08,6.739924603869818e-08,True,0.7901742628760462,-0.6128823452236148,8.509012397136402e+16,2.7163460310292032e+17,CONVERGED
S4,S4_eta08_dpl,"Asymmetric Filling (eta=0.8, DPL)",0.15606060606060607,84888.54764564935,0,1.0992160385057004e-05,3.4989133210814676e-06,2.970589379774336,2.970589379774336,False,0.051273082104182535,-5.6360194194807e-07,1.2153553263944131e+17,1.388416218173155e+17,CONVERGED
S4,S4_eta08_dpl,"Asymmetric Filling (eta=0.8, DPL)",0.15606060606060607,84888.54764564935,1,5.001737708593086e-06,1.592102560743439e-06,-0.396883038271861,0.396883038271861,False,1.4871819764859193,7.438494171391649e-06,1.2153553263944131e+17,1.388416218173155e+17,CONVERGED
S4,S4_eta08_dpl,"Asymmetric Filling (eta=0.8, DPL)",0.15606060606060607,84888.54764564935,2,1.0852042867833092e-05,3.4543125301215687e-06,-2.9728239097884277,2.9728239097884277,False,19.547040809461112,0.00021212532481188197,1.2153553263944131e+17,1.388416218173155e+17,CONVERGED
S4,S4_eta08_dpl,"Asymmetric Filling (eta=0.8, DPL)",0.15606060606060607,84888.54764564935,3,0.7417536661484309,0.2361075250481165,7.265648383770338e-07,7.265648383770338e-07,True,0.7372844122431427,-0.6755814105899175,1.2153553263944131e+17,1.388416218173155e+17,CONVERGED
S4,S4_eta08_dpl,"Asymmetric Filling (eta=0.8, DPL)",0.15606060606060607,84888.54764564935,4,0.7417529044817175,0.23610728260207164,2.0648947456882462e-07,2.0648947456882462e-07,True,0.7372853102546277,0.6755812003777736,1.2153553263944131e+17,1.388416218173155e+17,CONVERGED
S4,S4_eta08_dpl,"Asymmetric Filling (eta=0.8, DPL)",0.17373737373737375,94503.75530777793,0,1.104395170654624e-05,3.5153990107300148e-06,2.9721196230246005,2.9721196230246005,False,0.051194681817396746,-5.653915936463173e-07,1.6693113497916925e+17,1.1430348280569605e+17,CONVERGED
S4,S4_eta08_dpl,"Asymmetric Filling (eta=0.8, DPL)",0.17373737373737375,94503.75530777793,1,8.002834219123932e-05,2.5473812494370843e-05,-0.3888940700367186,0.3888940700367186,False,1.4753482547437924,0.00011806967523394441,1.6693113497916925e+17,1.1430348280569605e+17,CONVERGED
S4,S4_eta08_dpl,"Asymmetric Filling (eta=0.8, DPL)",0.17373737373737375,94503.75530777793,2,1.0779458443744985e-05,3.4312081903513676e-06,-2.9750554716030293,2.9750554716030293,False,19.59070994640236,0.00021117724375888515,1.6693113497916925e+17,1.1430348280569605e+17,CONVERGED
S4,S4_eta08_dpl,"Asymmetric Filling (eta=0.8, DPL)",0.17373737373737375,94503.75530777793,3,0.8231112496998334,0.2620044482085517,1.3163776207593406e-06,1.3163776207593406e-06,True,0.6799422367476962,0.7332638828789838,1.6693113497916925e+17,1.1430348280569605e+17,CONVERGED
S4,S4_eta08_dpl,"Asymmetric Filling (eta=0.8, DPL)",0.17373737373737375,94503.75530777793,4,0.8231130758085256,0.26200502947700166,-1.7087471241281039e-06,1.7087471241281039e-06,True,0.6799429546361583,-0.7332673427480179,1.6693113497916925e+17,1.1430348280569605e+17,CONVERGED
S4,S4_eta08_dpl,"Asymmetric Filling (eta=0.8, DPL)",0.19141414141414143,104118.96296990648,0,1.0095823204553588e-05,3.2136003351731256e-06,2.973719604015491,2.973719604015491,False,0.05111283679286847,-5.16026163761534e-07,2.2213979713109872e+17,1.0649004284694437e+17,CONVERGED
S4,S4_eta08_dpl,"Asymmetric Filling (eta=0.8, DPL)",0.19141414141414143,104118.96296990648,1,3.7149999360930684e-06,1.1825212068305742e-06,-0.3786267742504892,0.3786267742504892,False,1.4602779206927496,5.424932382076641e-06,2.2213979713109872e+17,1.0649004284694437e+17,CONVERGED
S4,S4_eta08_dpl,"Asymmetric Filling (eta=0.8, DPL)",0.19141414141414143,104118.96296990648,2,9.876125943463645e-06,3.1436685250006956e-06,-2.9775068794237898,2.9775068794237898,False,19.638793678501145,0.00019395519975288098,2.2213979713109872e+17,1.0649004284694437e+17,CONVERGED
S4,S4_eta08_dpl,"Asymmetric Filling (eta=0.8, DPL)",0.19141414141414143,104118.96296990648,3,0.9037461517865274,0.28767133471420836,-1.7178776648893954e-08,1.7178776648893954e-08,True,0.6186711625360115,0.7856500665079167,2.2213979713109872e+17,1.0649004284694437e+17,CONVERGED
S4,S4_eta08_dpl,"Asymmetric Filling (eta=0.8, DPL)",0.19141414141414143,104118.96296990648,4,0.9037433987883037,0.2876704584076571,-2.2616261624382323e-06,2.2616261624382323e-06,True,0.6186747140081907,-0.785650126652722,2.2213979713109872e+17,1.0649004284694437e+17,CONVERGED
S4,S4_eta08_dpl,"Asymmetric Filling (eta=0.8, DPL)",0.2090909090909091,113734.17063203505,0,9.897800490003612e-06,3.1505677474429173e-06,2.9753783164776846,2.9753783164776846,False,0.05102812556880703,-5.050662062753973e-07,2.8796412336091216e+17,1.557700601440397e+17,CONVERGED
S4,S4_eta08_dpl,"Asymmetric Filling (eta=0.8, DPL)",0.2090909090909091,113734.17063203505,1,1.858869835100882e-05,5.916966456414434e-06,-0.36800739083641637,0.36800739083641637,False,1.4448527173548715,2.6857931327638606e-05,2.8796412336091216e+17,1.557700601440397e+17,CONVERGED
S4,S4_eta08_dpl,"Asymmetric Filling (eta=0.8, DPL)",0.2090909090909091,113734.17063203505,2,9.638765093323067e-06,3.06811421980796e-06,-2.9801853898486232,2.9801853898486232,False,19.691466903545262,0.00018980142383209642,2.8796412336091216e+17,1.557700601440397e+17,CONVERGED
S4,S4_eta08_dpl,"Asymmetric Filling (eta=0.8, DPL)",0.2090909090909091,113734.17063203505,3,0.9836430138689737,0.31310329579011387,1.288472310506601e-06,1.288472310506601e-06,True,0.5539926299427334,0.832520023199342,2.8796412336091216e+17,1.557700601440397e+17,CONVERGED
S4,S4_eta08_dpl,"Asymmetric Filling (eta=0.8, DPL)",0.2090909090909091,113734.17063203505,4,0.9836410585710795,0.31310267339946374,-4.2014390565144476e-07,4.2014390565144476e-07,True,0.5539952043307037,-0.8325203624337042,2.8796412336091216e+17,1.557700601440397e+17,CONVERGED
S4,S4_eta08_dpl,"Asymmetric Filling (eta=0.8, DPL)",0.22676767676767678,123349.37829416365,0,1.27913360549044e-07,4.071608723775238e-08,3.037377051587422,3.037377051587422,False,0.0479605226342571,6.134791623836347e-09,3.653146723654493e+17,2.198502725159499e+17,CONVERGED
S4,S4_eta08_dpl,"Asymmetric Filling (eta=0.8, DPL)",0.22676767676767678,123349.37829416365,1,1.0627921037272667,0.33829723357445773,-3.3086243996931373e-06,3.3086243996931373e-06,True,0.48643608187931253,-0.8737199525686684,3.653146723654493e+17,2.198502725159499e+17,CONVERGED
S4,S4_eta08_dpl,"Asymmetric Filling (eta=0.8, DPL)",0.22676767676767678,123349.37829416365,2,2.7642378992205798e-06,8.798842510858234e-07,-2.7328102212349616,2.7328102212349616,False,15.376036425836416,-4.250302262820142e-05,3.653146723654493e+17,2.198502725159499e+17,CONVERGED
S4,S4_eta08_dpl,"Asymmetric Filling (eta=0.8, DPL)",0.22676767676767678,123349.37829416365,3,8.494223090854343e-06,2.7037951852695725e-06,2.978724921588588,2.978724921588588,False,0.05085764001666275,-4.319961401862844e-07,3.653146723654493e+17,2.198502725159499e+17,CONVERGED
S4,S4_eta08_dpl,"Asymmetric Filling (eta=0.8, DPL)",0.22676767676767678,123349.37829416365,4,1.0627924896626473,0.33829735642150477,-2.435281274799513e-06,2.435281274799513e-06,True,0.48643531985470606,0.8737193772443533,3.653146723654493e+17,2.198502725159499e+17,CONVERGED
S4,S4_eta08_dpl,"Asymmetric Filling (eta=0.8, DPL)",0.24444444444444446,132964.58595629223,0,4.2062776767395603e-07,1.338899768540389e-07,3.051207628907246,3.051207628907246,False,0.04730176690448887,-1.989643662007014e-08,4.5479555057965357e+17,6.820136637467286e+16,CONVERGED
S4,S4_eta08_dpl,"Asymmetric Filling (eta=0.8, DPL)",0.24444444444444446,132964.58595629223,1,1.141204392371773,0.36325664024830107,-2.9391858345126704e-07,2.9391858345126704e-07,True,0.4164999725154223,-0.9091360518272236,4.5479555057965357e+17,6.820136637467286e+16,CONVERGED
S4,S4_eta08_dpl,"Asymmetric Filling (eta=0.8, DPL)",0.24444444444444446,132964.58595629223,2,8.459286180297313e-06,2.692674421246551e-06,-2.698503919736337,2.698503919736337,False,14.857487095403316,0.00012568373526308888,4.5479555057965357e+17,6.820136637467286e+16,CONVERGED
S4,S4_eta08_dpl,"Asymmetric Filling (eta=0.8, DPL)",0.24444444444444446,132964.58595629223,3,9.095789027667442e-06,2.8952795701485957e-06,2.9806941858512057,2.9806941858512057,False,0.05075758643173659,-4.616802977494036e-07,4.5479555057965357e+17,6.820136637467286e+16,CONVERGED
S4,S4_eta08_dpl,"Asymmetric Filling (eta=0.8, DPL)",0.24444444444444446,132964.58595629223,4,1.141204151208911,0.36325656348377794,-2.8374090318436516e-08,2.8374090318436516e-08,True,0.41650008116594467,0.9091357099668584,4.5479555057965357e+17,6.820136637467286e+16,CONVERGED
S4,S4_eta08_dpl,"Asymmetric Filling (eta=0.8, DPL)",0.2621212121212121,142579.79361842075,0,2.780793885356702e-07,8.851541851484729e-08,3.0655665129159977,3.0655665129159977,False,0.04662741934552848,1.2966124260601172e-08,5.576263772409091e+17,5.065772821575275e+16,CONVERGED
S4,S4_eta08_dpl,"Asymmetric Filling (eta=0.8, DPL)",0.2621212121212121,142579.79361842075,1,1.218873419949592,0.38797945957660235,8.210337231851226e-07,8.210337231851226e-07,True,0.3447032156047738,0.9387108453009535,5.576263772409091e+17,5.065772821575275e+16,CONVERGED
S4,S4_eta08_dpl,"Asymmetric Filling (eta=0.8, DPL)",0.2621212121212121,142579.79361842075,2,9.452123288921226e-06,3.008704288291673e-06,-2.662309635721008,2.662309635721008,False,14.329346478575967,0.00013544274956920287,5.576263772409091e+17,5.065772821575275e+16,CONVERGED
S4,S4_eta08_dpl,"Asymmetric Filling (eta=0.8, DPL)",0.2621212121212121,142579.79361842075,3,8.95224997595553e-06,2.849589670935248e-06,2.98265302571988,2.98265302571988,False,0.05065825776410004,-4.5350538686272866e-07,5.576263772409091e+17,5.065772821575275e+16,CONVERGED
S4,S4_eta08_dpl,"Asymmetric Filling (eta=0.8, DPL)",0.2621212121212121,142579.79361842075,4,1.2188863599019788,0.3879835784913738,4.672660686050501e-06,4.672660686050501e-06,True,0.34468974108341477,-0.938711690091342,5.576263772409091e+17,5.065772821575275e+16,CONVERGED
S4,S4_eta08_dpl,"Asymmetric Filling (eta=0.8, DPL)",0.27979797979797977,152195.0012805493,0,2.552191894596208e-05,8.12387911488112e-06,-2.624436109672557,2.624436109672557,False,13.796792110039346,0.00035212061002316673,6.734524401256123e+17,1.7265739030518566e+17,CONVERGED
S4,S4_eta08_dpl,"Asymmetric Filling (eta=0.8, DPL)",0.27979797979797977,152195.0012805493,1,1.2958573084275238,0.4124841923559984,-1.6134039264375558e-06,1.6134039264375558e-06,True,0.27148868421196315,-0.9624433080228237,6.734524401256123e+17,1.7265739030518566e+17,CONVERGED
S4,S4_eta08_dpl,"Asymmetric Filling (eta=0.8, DPL)",0.27979797979797977,152195.0012805493,2,2.609712984248097e-08,8.306974429883724e-09,-3.0803878331087304,3.0803878331087304,False,21.766842661640798,-5.680521192016941e-07,6.734524401256123e+17,1.7265739030518566e+17,CONVERGED
S4,S4_eta08_dpl,"Asymmetric Filling (eta=0.8, DPL)",0.27979797979797977,152195.0012805493,3,1.0111174942746057e-05,3.2184869452098937e-06,2.9845800597087813,2.9845800597087813,False,0.05056073157732935,-5.112284022290238e-07,6.734524401256123e+17,1.7265739030518566e+17,CONVERGED
S4,S4_eta08_dpl,"Asymmetric Filling (eta=0.8, DPL)",0.27979797979797977,152195.0012805493,4,1.295854503882606,0.41248329964162483,-7.803415574619794e-07,7.803415574619794e-07,True,0.27149115725722284,0.9624417448424952,6.734524401256123e+17,1.7265739030518566e+17,CONVERGED
S4,S4_eta08_dpl,"Asymmetric Filling (eta=0.8, DPL)",0.29747474747474745,161810.20894267788,0,0.00017167621410025342,5.464623617071575e-05,-2.585336885132393,2.585336885132393,False,13.267757852071032,-0.002277758460019713,8.038778865589847e+17,1.3068856208622915e+17,CONVERGED
S4,S4_eta08_dpl,"Asymmetric Filling (eta=0.8, DPL)",0.29747474747474745,161810.20894267788,1,1.3721337225207884,0.43676372904453314,-1.7888262769395768e-06,1.7888262769395768e-06,True,0.1973587697010705,0.9803331544332434,8.038778865589847e+17,1.3068856208622915e+17,CONVERGED
S4,S4_eta08_dpl,"Asymmetric Filling (eta=0.8, DPL)",0.29747474747474745,161810.20894267788,2,3.642371304141602e-07,1.1594027952604186e-07,3.0956070350422347,3.0956070350422347,False,0.04524753728119285,-1.6480833137610144e-08,8.038778865589847e+17,1.3068856208622915e+17,CONVERGED
S4,S4_eta08_dpl,"Asymmetric Filling (eta=0.8, DPL)",0.29747474747474745,161810.20894267788,3,7.309262070353536e-06,2.3266103777017322e-06,2.986475998361249,2.986475998361249,False,0.05046496234824673,3.68861635180428e-07,8.038778865589847e+17,1.3068856208622915e+17,CONVERGED
S4,S4_eta08_dpl,"Asymmetric Filling (eta=0.8, DPL)",0.29747474747474745,161810.20894267788,4,1.3721399376066017,0.436765707367791,4.175532202928594e-06,4.175532202928594e-06,True,0.19735149976397695,-0.9803285339677578,8.038778865589847e+17,1.3068856208622915e+17,CONVERGED
S4,S4_eta08_dpl,"Asymmetric Filling (eta=0.8, DPL)",0.3151515151515151,171425.41660480644,0,4.7450851713701426e-05,1.510407520831223e-05,-2.54386613661972,2.54386613661972,False,12.728787180608185,-0.0006039917934556152,9.4885044762414e+17,6.18361361845123e+16,CONVERGED
S4,S4_eta08_dpl,"Asymmetric Filling (eta=0.8, DPL)",0.3151515151515151,171425.41660480644,1,1.4477743609328502,0.46084089204834583,1.7800069208417617e-06,1.7800069208417617e-06,True,0.12271167147756042,-0.9924405703495189,9.4885044762414e+17,6.18361361845123e+16,CONVERGED
S4,S4_eta08_dpl,"Asymmetric Filling (eta=0.8, DPL)",0.3151515151515151,171425.41660480644,2,7.54472474838641e-07,2.401560475946907e-07,-3.111172065288321,3.111172065288321,False,22.447338734938047,-1.693589920889321e-05,9.4885044762414e+17,6.18361361845123e+16,CONVERGED
S4,S4_eta08_dpl,"Asymmetric Filling (eta=0.8, DPL)",0.3151515151515151,171425.41660480644,3,3.222812963775416e-06,1.0258532276909977e-06,2.988200139369334,2.988200139369334,False,0.05037802860282882,-1.6235896367120755e-07,9.4885044762414e+17,6.18361361845123e+16,CONVERGED
S4,S4_eta08_dpl,"Asymmetric Filling (eta=0.8, DPL)",0.3151515151515151,171425.41660480644,4,1.4477699388040417,0.4608394844410281,2.743518461804149e-06,2.743518461804149e-06,True,0.12271594193811412,0.9924390714660379,9.4885044762414e+17,6.18361361845123e+16,CONVERGED
S4,S4_eta08_dpl,"Asymmetric Filling (eta=0.8, DPL)",0.3328282828282828,181040.62426693502,0,7.270711108665683e-06,2.3143392254745963e-06,-2.50122401095704,2.50122401095704,False,12.19741459612102,-8.868387780258075e-05,1.1084373118402094e+18,1.3658322382244742e+17,CONVERGED
S4,S4_eta08_dpl,"Asymmetric Filling (eta=0.8, DPL)",0.3328282828282828,181040.62426693502,1,1.5227924399865729,0.4847198882536629,-2.711221939268565e-06,2.711221939268565e-06,True,0.047985582553855405,-0.9988507427666794,1.1084373118402094e+18,1.3658322382244742e+17,CONVERGED
S4,S4_eta08_dpl,"Asymmetric Filling (eta=0.8, DPL)",0.3328282828282828,181040.62426693502,2,5.89951547801928e-07,1.8778741003478284e-07,-3.127026973355921,3.127026973355921,False,22.8060755819592,-1.3454479588866145e-05,1.1084373118402094e+18,1.3658322382244742e+17,CONVERGED
S4,S4_eta08_dpl,"Asymmetric Filling (eta=0.8, DPL)",0.3328282828282828,181040.62426693502,3,6.6926437646594524e-06,2.1303346749974067e-06,2.9898162734986156,2.9898162734986156,False,0.05029667670606719,-3.366177397449788e-07,1.1084373118402094e+18,1.3658322382244742e+17,CONVERGED
S4,S4_eta08_dpl,"Asymmetric Filling (eta=0.8, DPL)",0.3328282828282828,181040.62426693502,4,1.5227914109925316,0.48471956071468675,7.489287592955213e-06,7.489287592955213e-06,True,0.04798612087991252,0.9988405046552181,1.1084373118402094e+18,1.3658322382244742e+17,CONVERGED
S4,S4_eta08_dpl,"Asymmetric Filling (eta=0.8, DPL)",0.3505050505050505,190655.83192906357,0,3.85641290764665e-06,1.2275343537107065e-06,-2.457119292511416,2.457119292511416,False,11.671141921083779,4.500874235166653e-05,1.2891036914680484e+18,4.6205076494092984e+16,CONVERGED
S4,S4_eta08_dpl,"Asymmetric Filling (eta=0.8, DPL)",0.3505050505050505,190655.83192906357,1,1.5972258417985707,0.5084127759127123,-1.221316310219934e-05,1.221316310219934e-05,True,-0.026426760942615805,-0.9996629696705842,1.2891036914680484e+18,4.6205076494092984e+16,CONVERGED
S4,S4_eta08_dpl,"Asymmetric Filling (eta=0.8, DPL)",0.3505050505050505,190655.83192906357,2,4.37818385047076e-06,1.3936192031350581e-06,3.1431249387841733,3.1431249387841733,False,0.04314775292124483,1.889087950251037e-07,1.2891036914680484e+18,4.6205076494092984e+16,CONVERGED
S4,S4_eta08_dpl,"Asymmetric Filling (eta=0.8, DPL)",0.3505050505050505,190655.83192906357,3,7.594865436115717e-06,2.4175207525511995e-06,2.9912567365152465,2.9912567365152465,False,0.05022427835917779,-3.814466357713082e-07,1.2891036914680484e+18,4.6205076494092984e+16,CONVERGED
S4,S4_eta08_dpl,"Asymmetric Filling (eta=0.8, DPL)",0.3505050505050505,190655.83192906357,4,1.597231124097353,0.5084144573206365,-3.1785125527484776e-06,3.1785125527484776e-06,True,-0.02643180265755506,0.9996537984990521,1.2891036914680484e+18,4.6205076494092984e+16,CONVERGED
S4,S4_eta08_dpl,"Asymmetric Filling (eta=0.8, DPL)",0.36818181818181817,200271.03959119215,0,4.688240468081185e-05,1.4923132897971634e-05,-2.4116808291307303,2.4116808291307303,False,11.152691155616091,-0.0005228649804207835,1.4812207040448358e+18,8.559953444089365e+16,CONVERGED
S4,S4_eta08_dpl,"Asymmetric Filling (eta=0.8, DPL)",0.36818181818181817,200271.03959119215,1,1.6711671196763205,0.5319490156582629,-1.2149655519262232e-06,1.2149655519262232e-06,True,-0.1002024719794076,-0.9949682882098666,1.4812207040448358e+18,8.559953444089365e+16,CONVERGED
S4,S4_eta08_dpl,"Asymmetric Filling (eta=0.8, DPL)",0.36818181818181817,200271.03959119215,2,3.466682171285107e-07,1.1034792073771387e-07,-3.1594236494695664,3.1594236494695664,False,23.557014917687862,-8.166468362384908e-06,1.4812207040448358e+18,8.559953444089365e+16,CONVERGED
S4,S4_eta08_dpl,"Asymmetric Filling (eta=0.8, DPL)",0.36818181818181817,200271.03959119215,3,2.229880430601836e-06,7.097929860683325e-07,2.9924910356804233,2.9924910356804233,False,0.05016232481811776,-1.1185598646559898e-07,1.4812207040448358e+18,8.559953444089365e+16,CONVERGED
S4,S4_eta08_dpl,"Asymmetric Filling (eta=0.8, DPL)",0.36818181818181817,200271.03959119215,4,1.6711658277631598,0.5319486044295317,3.663702247777616e-07,3.663702247777616e-07,True,-0.10020102811510204,0.994966844284017,1.4812207040448358e+18,8.559953444089365e+16,CONVERGED
S4,S4_eta08_dpl,"Asymmetric Filling (eta=0.8, DPL)",0.38585858585858585,209886.2472533207,0,7.20622403813171e-05,2.2938123533926008e-05,-2.3647688340700648,2.3647688340700648,False,10.641578535122308,0.0007668559917620671,1.6896742116944788e+18,6.4447151667088616e+16,CONVERGED
S4,S4_eta08_dpl,"Asymmetric Filling (eta=0.8, DPL)",0.38585858585858585,209886.2472533207,1,1.7446361736698182,0.555334941872964,-5.540394364405401e-06,5.540394364405401e-06,True,-0.1729665454077639,-0.9849333251646148,1.6896742116944788e+18,6.4447151667088616e+16,CONVERGED
S4,S4_eta08_dpl,"Asymmetric Filling (eta=0.8, DPL)",0.38585858585858585,209886.2472533207,2,7.989612352209026e-07,2.543172598484263e-07,3.175883296380692,3.175883296380692,False,0.04175720380337585,-3.336238713012324e-08,1.6896742116944788e+18,6.4447151667088616e+16,CONVERGED
S4,S4_eta08_dpl,"Asymmetric Filling (eta=0.8, DPL)",0.38585858585858585,209886.2472533207,3,1.4721858080269874e-05,4.686112969944623e-06,2.9934601900297673,2.9934601900297673,False,0.05011373332766894,-7.377672699757322e-07,1.6896742116944788e+18,6.4447151667088616e+16,CONVERGED
S4,S4_eta08_dpl,"Asymmetric Filling (eta=0.8, DPL)",0.38585858585858585,209886.2472533207,4,1.7446347174058079,0.5553344783297325,-4.515559371744778e-06,4.515559371744778e-06,True,-0.17296493382401912,0.9849325676546475,1.6896742116944788e+18,6.4447151667088616e+16,CONVERGED
S4,S4_eta08_dpl,"Asymmetric Filling (eta=0.8, DPL)",0.4035353535353535,219501.45491544926,0,2.9554842580672878e-05,9.407598578033834e-06,-2.3165528046412054,2.3165528046412054,False,10.140657154553603,-0.000299705525954669,1.9140763683400274e+18,4.580439822336145e+16,CONVERGED
S4,S4_eta08_dpl,"Asymmetric Filling (eta=0.8, DPL)",0.4035353535353535,219501.45491544926,1,1.817711750390538,0.578595620381751,3.901145244755985e-06,3.901145244755985e-06,True,-0.24441314913157328,0.9696671646866958,1.9140763683400274e+18,4.580439822336145e+16,CONVERGED
S4,S4_eta08_dpl,"Asymmetric Filling (eta=0.8, DPL)",0.4035353535353535,219501.45491544926,2,2.3269317132108135e-07,7.406853687895871e-08,-3.1924692834212394,3.1924692834212394,False,24.348476562943393,-5.665724228268423e-06,1.9140763683400274e+18,4.580439822336145e+16,CONVERGED
S4,S4_eta08_dpl,"Asymmetric Filling (eta=0.8, DPL)",0.4035353535353535,219501.45491544926,3,3.480977856834168e-06,1.1080296654171798e-06,2.9941356543786806,2.9941356543786806,False,0.050079894722212845,-1.7432700460131336e-07,1.9140763683400274e+18,4.580439822336145e+16,CONVERGED
S4,S4_eta08_dpl,"Asymmetric Filling (eta=0.8, DPL)",0.4035353535353535,219501.45491544926,4,1.817713149813193,0.5785960658318171,4.421978553912734e-06,4.421978553912734e-06,True,-0.2444143788063491,-0.9696663176137997,1.9140763683400274e+18,4.580439822336145e+16,CONVERGED
S4,S4_eta08_dpl,"Asymmetric Filling (eta=0.8, DPL)",0.4212121212121212,229116.66257757787,0,3.7245815204297e-05,1.1855711198502277e-05,-2.266959670618836,2.266959670618836,False,9.650016931657003,-0.000359422747521037,2.1620626912267958e+18,6.860156057999821e+16,CONVERGED
S4,S4_eta08_dpl,"Asymmetric Filling (eta=0.8, DPL)",0.4212121212121212,229116.66257757787,1,1.8904951589156067,0.601763298865434,-5.24127674612979e-06,5.24127674612979e-06,True,-0.31428231437297544,0.9493350880910284,2.1620626912267958e+18,6.860156057999821e+16,CONVERGED
S4,S4_eta08_dpl,"Asymmetric Filling (eta=0.8, DPL)",0.4212121212121212,229116.66257757787,2,2.1091172784293594e-06,6.713528808451157e-07,-3.2091507198114746,3.2091507198114746,False,24.75805077127355,-5.22176326620018e-05,2.1620626912267958e+18,6.860156057999821e+16,CONVERGED
S4,S4_eta08_dpl,"Asymmetric Filling (eta=0.8, DPL)",0.4212121212121212,229116.66257757787,3,2.301601650359269e-06,7.326225593662837e-07,2.99446161461216,2.99446161461216,False,0.050063573328414476,-1.152264029957645e-07,2.1620626912267958e+18,6.860156057999821e+16,CONVERGED
S4,S4_eta08_dpl,"Asymmetric Filling (eta=0.8, DPL)",0.4212121212121212,229116.66257757787,4,1.8904927328878318,0.6017625266368092,2.208495943293758e-05,2.208495943293758e-05,True,-0.31427142328628427,-0.9493099091246355,2.1620626912267958e+18,6.860156057999821e+16,CONVERGED
S4,S4_eta08_dpl,"Asymmetric Filling (eta=0.8, DPL)",0.4388888888888889,238731.87023970645,0,1.637290189251832e-05,5.211656537905878e-06,-2.215708343240798,2.215708343240798,False,9.167900831512327,0.00015010514088810146,2.424069292530948e+18,1.1253327449575168e+17,CONVERGED
S4,S4_eta08_dpl,"Asymmetric Filling (eta=0.8, DPL)",0.4388888888888889,238731.87023970645,1,1.962990909260065,0.6248394129063871,-2.0317271680643837e-06,2.0317271680643837e-06,True,-0.3822180637306546,0.9240743558938216,2.424069292530948e+18,1.1253327449575168e+17,CONVERGED
S4,S4_eta08_dpl,"Asymmetric Filling (eta=0.8, DPL)",0.4388888888888889,238731.87023970645,2,1.5441116011352035e-05,4.915059880124174e-06,3.225886762944497,3.225886762944497,False,0.039720543243885464,6.133295163115057e-07,2.424069292530948e+18,1.1253327449575168e+17,CONVERGED
S4,S4_eta08_dpl,"Asymmetric Filling (eta=0.8, DPL)",0.4388888888888889,238731.87023970645,3,8.626569086761034e-06,2.745922224163512e-06,2.9943527859508685,2.9943527859508685,False,0.050069021974828064,-4.319238771831249e-07,2.424069292530948e+18,1.1253327449575168e+17,CONVERGED
S4,S4_eta08_dpl,"Asymmetric Filling (eta=0.8, DPL)",0.4388888888888889,238731.87023970645,4,1.9630025317326227,0.6248431124543041,6.902569641335758e-06,6.902569641335758e-06,True,-0.3822253888033551,-0.9240616576344524,2.424069292530948e+18,1.1253327449575168e+17,CONVERGED
S4,S4_eta08_dpl,"Asymmetric Filling (eta=0.8, DPL)",0.45656565656565656,248347.077901835,0,0.0001706885441568123,5.433185106343186e-05,-2.163332017857534,2.163332017857534,False,8.700078105729048,0.001485003680339101,2.718356898650342e+18,1.34358800773071e+17,CONVERGED
S4,S4_eta08_dpl,"Asymmetric Filling (eta=0.8, DPL)",0.45656565656565656,248347.077901835,1,2.0354183108106167,0.6478937708505309,-6.451378505155757e-06,6.451378505155757e-06,True,-0.4480877813504135,-0.8939967802205527,2.718356898650342e+18,1.34358800773071e+17,CONVERGED
S4,S4_eta08_dpl,"Asymmetric Filling (eta=0.8, DPL)",0.45656565656565656,248347.077901835,2,5.733440568195296e-07,1.8250108147037728e-07,-3.242693608782869,3.242693608782869,False,25.602592318051354,-1.4679094144729696e-05,2.718356898650342e+18,1.34358800773071e+17,CONVERGED
S4,S4_eta08_dpl,"Asymmetric Filling (eta=0.8, DPL)",0.45656565656565656,248347.077901835,3,2.869374780951271e-05,9.133503599432384e-06,2.9938206016676325,2.9938206016676325,False,0.05009567499417632,-1.4374326650247016e-06,2.718356898650342e+18,1.34358800773071e+17,CONVERGED
S4,S4_eta08_dpl,"Asymmetric Filling (eta=0.8, DPL)",0.45656565656565656,248347.077901835,4,2.035419719404965,0.6478942192200375,1.190033711311166e-05,1.190033711311166e-05,True,-0.4480808175015901,0.8939797428331999,2.718356898650342e+18,1.34358800773071e+17,CONVERGED
S4,S4_eta08_dpl,"Asymmetric Filling (eta=0.8, DPL)",0.4742424242424242,257962.28556396352,0,8.58590791903905e-05,2.7329793724938272e-05,-2.109219850513286,2.109219850513286,False,8.241808902467975,-0.0007076341249679046,3.0177011697999887e+18,2.3266912704891034e+17,CONVERGED
S4,S4_eta08_dpl,"Asymmetric Filling (eta=0.8, DPL)",0.4742424242424242,257962.28556396352,1,2.10782713312083,0.6709422148387971,-5.1284078997226045e-06,5.1284078997226045e-06,True,-0.5115896494995493,-0.8592358741308053,3.0177011697999887e+18,2.3266912704891034e+17,CONVERGED
S4,S4_eta08_dpl,"Asymmetric Filling (eta=0.8, DPL)",0.4742424242424242,257962.28556396352,2,3.3615547067262396e-06,1.0700160960986153e-06,-3.259507133970577,3.259507133970577,False,26.03670137384846,-8.752379605121551e-05,3.0177011697999887e+18,2.3266912704891034e+17,CONVERGED
S4,S4_eta08_dpl,"Asymmetric Filling (eta=0.8, DPL)",0.4742424242424242,257962.28556396352,3,5.321305675249909e-06,1.693824203837958e-06,2.9927307887264623,2.9927307887264623,False,0.05015029968894908,2.6686507435280736e-07,3.0177011697999887e+18,2.3266912704891034e+17,CONVERGED
S4,S4_eta08_dpl,"Asymmetric Filling (eta=0.8, DPL)",0.4742424242424242,257962.28556396352,4,2.107829983952247,0.6709431222866211,2.232560477125544e-07,2.232560477125544e-07,True,-0.511589361172429,0.8592298173499278,3.0177011697999887e+18,2.3266912704891034e+17,CONVERGED
S4,S4_eta08_dpl,"Asymmetric Filling (eta=0.8, DPL)",0.49191919191919187,267577.4932260921,0,0.00014091733759450466,4.485538169102958e-05,-2.0536875083689385,2.0536875083689385,False,7.79659810707421,0.0010986758548156429,3.335318823089541e+18,4.7915238109836346e+17,CONVERGED
S4,S4_eta08_dpl,"Asymmetric Filling (eta=0.8, DPL)",0.49191919191919187,267577.4932260921,1,2.180373675796816,0.6940344965810179,3.073938575314729e-06,3.073938575314729e-06,True,-0.5725192239995817,0.8198875473457713,3.335318823089541e+18,4.7915238109836346e+17,CONVERGED
S4,S4_eta08_dpl,"Asymmetric Filling (eta=0.8, DPL)",0.49191919191919187,267577.4932260921,2,3.8629456000604874e-07,1.229613774289429e-07,-3.276323333741171,3.276323333741171,False,26.478241857130847,1.0228400787934612e-05,3.335318823089541e+18,4.7915238109836346e+17,CONVERGED
S4,S4_eta08_dpl,"Asymmetric Filling (eta=0.8, DPL)",0.49191919191919187,267577.4932260921,3,2.656754110653714e-05,8.456710985805017e-06,2.9910628224640616,2.9910628224640616,False,0.05023401848052685,-1.3345943512419442e-06,3.335318823089541e+18,4.7915238109836346e+17,CONVERGED
S4,S4_eta08_dpl,"Asymmetric Filling (eta=0.8, DPL)",0.49191919191919187,267577.4932260921,4,2.1803797352139602,0.6940364253533994,5.421863049651588e-06,5.421863049651588e-06,True,-0.5725228477877473,-0.8198821531742849,3.335318823089541e+18,4.7915238109836346e+17,CONVERGED
S4,S4_eta08_dpl,"Asymmetric Filling (eta=0.8, DPL)",0.5095959595959596,277192.70088822074,0,0.00010731663537476314,3.415994599176822e-05,-1.9966882819018776,1.9966882819018776,False,7.364626060668745,-0.0007903468926583709,3.6315091840898995e+18,2.113375967493449e+17,CONVERGED
S4,S4_eta08_dpl,"Asymmetric Filling (eta=0.8, DPL)",0.5095959595959596,277192.70088822074,1,2.25327125439597,0.7172385165279884,8.807359848735911e-06,8.807359848735911e-06,True,-0.6307099775616578,-0.7760072871047113,3.6315091840898995e+18,2.113375967493449e+17,CONVERGED
S4,S4_eta08_dpl,"Asymmetric Filling (eta=0.8, DPL)",0.5095959595959596,277192.70088822074,2,3.0819056237410232e-06,9.810010283221894e-07,3.2931160887703848,3.2931160887703848,False,0.03713794377417268,1.1445563777216307e-07,3.6315091840898995e+18,2.113375967493449e+17,CONVERGED
S4,S4_eta08_dpl,"Asymmetric Filling (eta=0.8, DPL)",0.5095959595959596,277192.70088822074,3,9.975111472686281e-06,3.175176597541395e-06,2.9887467861579853,2.9887467861579853,False,0.050350497138709156,5.022518216804539e-07,3.6315091840898995e+18,2.113375967493449e+17,CONVERGED
S4,S4_eta08_dpl,"Asymmetric Filling (eta=0.8, DPL)",0.5095959595959596,277192.70088822074,4,2.253295240021576,0.7172461513897451,1.259275773052756e-05,1.259275773052756e-05,True,-0.630726202846334,0.7759892214745876,3.6315091840898995e+18,2.113375967493449e+17,CONVERGED
S4,S4_eta08_dpl,"Asymmetric Filling (eta=0.8, DPL)",0.5272727272727272,286807.90855034924,0,1.414373435731701e-05,4.502090473491347e-06,-1.9373872160828418,1.9373872160828418,False,6.940592989093463,-9.816590352654065e-05,4.041134879777252e+18,4.713837453003915e+16,CONVERGED
S4,S4_eta08_dpl,"Asymmetric Filling (eta=0.8, DPL)",0.5272727272727272,286807.90855034924,1,2.3267715919506706,0.7406344006094955,-1.7215478399880976e-06,1.7215478399880976e-06,True,-0.6859997814818616,-0.7276041113878107,4.041134879777252e+18,4.713837453003915e+16,CONVERGED
S4,S4_eta08_dpl,"Asymmetric Filling (eta=0.8, DPL)",0.5272727272727272,286807.90855034924,2,4.0931706671348514e-07,1.3028966891865252e-07,-3.309898812167639,3.309898812167639,False,27.382354570608598,-1.120806505255073e-05,4.041134879777252e+18,4.713837453003915e+16,CONVERGED
S4,S4_eta08_dpl,"Asymmetric Filling (eta=0.8, DPL)",0.5272727272727272,286807.90855034924,3,3.9360990464765785e-06,1.2528992394920868e-06,2.9855819275615465,2.9855819275615465,False,0.05051010177436245,-1.988127634325297e-07,4.041134879777252e+18,4.713837453003915e+16,CONVERGED
S4,S4_eta08_dpl,"Asymmetric Filling (eta=0.8, DPL)",0.5272727272727272,286807.90855034924,4,2.3267741071900745,0.7406352012350638,1.5196240545527754e-06,1.5196240545527754e-06,True,-0.685999388132683,0.727600027651246,4.041134879777252e+18,4.713837453003915e+16,CONVERGED
S4,S4_eta08_dpl,"Asymmetric Filling (eta=0.8, DPL)",0.544949494949495,296423.11621247785,0,0.00020293572255717586,6.459644674979997e-05,-1.8764214552484324,1.8764214552484324,False,6.530094629322864,0.0013251894901600877,4.426367991816099e+18,7.586379471764448e+16,CONVERGED
S4,S4_eta08_dpl,"Asymmetric Filling (eta=0.8, DPL)",0.544949494949495,296423.11621247785,1,2.4011891965276515,0.7643222598524646,9.320817110767933e-07,9.320817110767933e-07,True,-0.738195764354944,-0.6745851683269766,4.426367991816099e+18,7.586379471764448e+16,CONVERGED
S4,S4_eta08_dpl,"Asymmetric Filling (eta=0.8, DPL)",0.544949494949495,296423.11621247785,2,2.705382226396001e-06,8.611499085677613e-07,3.326621913028791,3.326621913028791,False,0.03591422174557148,-9.71616971855509e-08,4.426367991816099e+18,7.586379471764448e+16,CONVERGED
S4,S4_eta08_dpl,"Asymmetric Filling (eta=0.8, DPL)",0.544949494949495,296423.11621247785,3,4.026508524096141e-05,1.2816774700231058e-05,2.981581867328378,2.981581867328378,False,0.0507125498154485,-2.0419451422090557e-06,4.426367991816099e+18,7.586379471764448e+16,CONVERGED
S4,S4_eta08_dpl,"Asymmetric Filling (eta=0.8, DPL)",0.544949494949495,296423.11621247785,4,2.401203644852584,0.7643268588971294,7.25377730053033e-06,7.25377730053033e-06,True,-0.738200844207828,0.6745702381231201,4.426367991816099e+18,7.586379471764448e+16,CONVERGED
S4,S4_eta08_dpl,"Asymmetric Filling (eta=0.8, DPL)",0.5626262626262627,306038.32387460646,0,0.0011954676614461676,0.000380529175251332,-1.815075548051931,1.815075548051931,False,6.141535752743655,0.007342010881615132,4.817721194180567e+18,1.389350941685348e+17,CONVERGED
S4,S4_eta08_dpl,"Asymmetric Filling (eta=0.8, DPL)",0.5626262626262627,306038.32387460646,1,2.477055594774239,0.78847128444351,9.763772171998596e-08,9.763772171998596e-08,True,-0.7872022860195088,-0.6166947102174909,4.817721194180567e+18,1.389350941685348e+17,CONVERGED
S4,S4_eta08_dpl,"Asymmetric Filling (eta=0.8, DPL)",0.5626262626262627,306038.32387460646,2,9.567800919864372e-07,3.045525621831196e-07,3.3433124746355736,3.3433124746355736,False,0.03531976789928005,-3.379325077962309e-08,4.817721194180567e+18,1.389350941685348e+17,CONVERGED
S4,S4_eta08_dpl,"Asymmetric Filling (eta=0.8, DPL)",0.5626262626262627,306038.32387460646,3,0.00021825247673700406,6.947192102948618e-05,2.9768918010517544,2.9768918010517544,False,0.05095095249085431,-1.1120171749805e-05,4.817721194180567e+18,1.389350941685348e+17,CONVERGED
S4,S4_eta08_dpl,"Asymmetric Filling (eta=0.8, DPL)",0.5626262626262627,306038.32387460646,4,2.477052441048777,0.7884702805815171,1.5879125593451522e-06,1.5879125593451522e-06,True,-0.7871991679857977,0.6166962737866932,4.817721194180567e+18,1.389350941685348e+17,CONVERGED
S4,S4_eta08_dpl,"Asymmetric Filling (eta=0.8, DPL)",0.5803030303030303,315653.531536735,0,1.2471224820301618e-05,3.9697141531226735e-06,-1.7486012089120586,1.7486012089120586,False,5.746558815772258,-7.166662693829753e-05,5.260632615584649e+18,6.814811322013796e+16,CONVERGED
S4,S4_eta08_dpl,"Asymmetric Filling (eta=0.8, DPL)",0.5803030303030303,315653.531536735,1,2.555069583781213,0.8133039084050634,3.264708589858099e-07,3.264708589858099e-07,True,-0.8328698090987581,0.553468362375207,5.260632615584649e+18,6.814811322013796e+16,CONVERGED
S4,S4_eta08_dpl,"Asymmetric Filling (eta=0.8, DPL)",0.5803030303030303,315653.531536735,2,2.9957524056728685e-08,9.535776072845479e-09,-3.3599343574138754,3.3599343574138754,False,28.78730114432513,-8.623962665594136e-07,5.260632615584649e+18,6.814811322013796e+16,CONVERGED
S4,S4_eta08_dpl,"Asymmetric Filling (eta=0.8, DPL)",0.5803030303030303,315653.531536735,3,3.6847688399909227e-06,1.1728983500710891e-06,2.970569820146034,2.970569820146034,False,0.05127408499916803,-1.8893315070483544e-07,5.260632615584649e+18,6.814811322013796e+16,CONVERGED
S4,S4_eta08_dpl,"Asymmetric Filling (eta=0.8, DPL)",0.5803030303030303,315653.531536735,4,2.5550751248101435,0.8133056721693516,8.48659638668769e-06,8.48659638668769e-06,True,-0.832866079550694,-0.5534592310957759,5.260632615584649e+18,6.814811322013796e+16,CONVERGED
S4,S4_eta08_dpl,"Asymmetric Filling (eta=0.8, DPL)",0.5979797979797981,325268.7391988636,0,0.0003678035636102606,0.00011707551047077467,-1.6811844890632919,1.6811844890632919,False,5.371914815595915,0.001975809501682416,5.648754457631581e+18,4.60759755254322e+16,CONVERGED
S4,S4_eta08_dpl,"Asymmetric Filling (eta=0.8, DPL)",0.5979797979797981,325268.7391988636,1,2.636453294750565,0.8392091481809322,-1.032076451826383e-05,1.032076451826383e-05,True,-0.8751160749051217,0.48393439347160255,5.648754457631581e+18,4.60759755254322e+16,CONVERGED
S4,S4_eta08_dpl,"Asymmetric Filling (eta=0.8, DPL)",0.5979797979797981,325268.7391988636,2,2.3913141066348452e-05,7.611789211126307e-06,3.376447334875,3.376447334875,False,0.034168629048307635,-8.170792466316576e-07,5.648754457631581e+18,4.60759755254322e+16,CONVERGED
S4,S4_eta08_dpl,"Asymmetric Filling (eta=0.8, DPL)",0.5979797979797981,325268.7391988636,3,7.924398398112847e-05,2.5224143521783136e-05,2.9632427489394133,2.9632427489394133,False,0.05165115342644882,-4.0930431832998896e-06,5.648754457631581e+18,4.60759755254322e+16,CONVERGED
S4,S4_eta08_dpl,"Asymmetric Filling (eta=0.8, DPL)",0.5979797979797981,325268.7391988636,4,2.636444164277679,0.8392062418611471,-1.591343470155396e-06,1.591343470155396e-06,True,-0.8751040171340171,-0.48393815915663335,5.648754457631581e+18,4.60759755254322e+16,CONVERGED
S4,S4_eta08_dpl,"Asymmetric Filling (eta=0.8, DPL)",0.6156565656565657,334883.9468609921,0,5.558857321119201e-05,1.7694392411973843e-05,-1.612319541552189,1.612319541552189,False,5.014428917263595,0.00027874494926674126,6.133234631107359e+18,9.0278685615217e+16,CONVERGED
S4,S4_eta08_dpl,"Asymmetric Filling (eta=0.8, DPL)",0.6156565656565657,334883.9468609921,1,2.723373218920154,0.8668766193504579,4.661825588926653e-06,4.661825588926653e-06,True,-0.9138092765909831,0.40613209970224146,6.133234631107359e+18,9.0278685615217e+16,CONVERGED
S4,S4_eta08_dpl,"Asymmetric Filling (eta=0.8, DPL)",0.6156565656565657,334883.9468609921,2,1.1487129160924093e-07,3.6564667757922514e-08,3.392954740846854,3.392954740846854,False,0.03360922349691563,3.860734913074364e-09,6.133234631107359e+18,9.0278685615217e+16,CONVERGED
S4,S4_eta08_dpl,"Asymmetric Filling (eta=0.8, DPL)",0.6156565656565657,334883.9468609921,3,1.7683723608505943e-05,5.628904049129139e-06,2.9547231880762452,2.9547231880762452,False,0.05209307855748486,-9.211996032227738e-07,6.133234631107359e+18,9.0278685615217e+16,CONVERGED
S4,S4_eta08_dpl,"Asymmetric Filling (eta=0.8, DPL)",0.6156565656565657,334883.9468609921,4,2.723370894873209,0.8668758795833393,1.048883547705241e-05,1.048883547705241e-05,True,-0.9138030079637729,-0.4061318568955611,6.133234631107359e+18,9.0278685615217e+16,CONVERGED
S4,S4_eta08_dpl,"Asymmetric Filling (eta=0.8, DPL)",0.6333333333333333,344499.15452312067,0,0.00042777078279793867,0.0001361636691851629,-1.5402366014809,1.5402366014809,False,4.665693623644183,-0.001995847535420236,6.670781524037308e+18,7.777062125439874e+16,CONVERGED
S4,S4_eta08_dpl,"Asymmetric Filling (eta=0.8, DPL)",0.6333333333333333,344499.15452312067,1,2.8205773363519735,0.8978176509067762,-1.9090346239749194e-05,1.9090346239749194e-05,True,-0.948933659316395,0.3155361970325552,6.670781524037308e+18,7.777062125439874e+16,CONVERGED
S4,S4_eta08_dpl,"Asymmetric Filling (eta=0.8, DPL)",0.6333333333333333,344499.15452312067,2,9.223360197978303e-07,2.935886734850579e-07,-3.409355056423323,3.409355056423323,False,30.245731177600312,2.7896727310230927e-05,6.670781524037308e+18,7.777062125439874e+16,CONVERGED
S4,S4_eta08_dpl,"Asymmetric Filling (eta=0.8, DPL)",0.6333333333333333,344499.15452312067,3,8.994882121464125e-05,2.8631599043198595e-05,2.944511451536845,2.944511451536845,False,0.05262776453739748,4.733805396067346e-06,6.670781524037308e+18,7.777062125439874e+16,CONVERGED
S4,S4_eta08_dpl,"Asymmetric Filling (eta=0.8, DPL)",0.6333333333333333,344499.15452312067,4,2.8205914134798626,0.8978221317957523,-9.48789688983248e-06,9.48789688983248e-06,True,-0.9489289889794686,-0.3155198089632799,6.670781524037308e+18,7.777062125439874e+16,CONVERGED
S4,S4_eta08_dpl,"Asymmetric Filling (eta=0.8, DPL)",0.651010101010101,354114.3621852493,0,0.0006894367503475421,0.00021945453353404865,-1.4631576761362068,1.4631576761362068,False,4.319576817193212,0.002978075475571571,6.964830768499867e+18,1.835866506307348e+17,CONVERGED
S4,S4_eta08_dpl,"Asymmetric Filling (eta=0.8, DPL)",0.651010101010101,354114.3621852493,1,2.943046607778371,0.9368008307555246,2.148528647589578e-06,2.148528647589578e-06,True,-0.9803522916061211,-0.19724372561519918,6.964830768499867e+18,1.835866506307348e+17,CONVERGED
S4,S4_eta08_dpl,"Asymmetric Filling (eta=0.8, DPL)",0.651010101010101,354114.3621852493,2,5.00591352401555e-07,1.5934317640752884e-07,-3.4256627992569473,3.4256627992569473,False,30.743014547442055,1.5389687229205984e-05,6.964830768499867e+18,1.835866506307348e+17,CONVERGED
S4,S4_eta08_dpl,"Asymmetric Filling (eta=0.8, DPL)",0.651010101010101,354114.3621852493,3,0.00017047316539707113,5.4263293874932234e-05,2.9319999322582935,2.9319999322582935,False,0.053290353627463774,-9.084575356005626e-06,6.964830768499867e+18,1.835866506307348e+17,CONVERGED
S4,S4_eta08_dpl,"Asymmetric Filling (eta=0.8, DPL)",0.651010101010101,354114.3621852493,4,2.943034694772096,0.9367970387278529,4.651165865089775e-06,4.651165865089775e-06,True,-0.9803474883136342,0.1972549108861052,6.964830768499867e+18,1.835866506307348e+17,CONVERGED
S4,S4_eta08_dpl,"Asymmetric Filling (eta=0.8, DPL)",0.6686868686868687,363729.5698473778,0,0.0001235843902742846,3.9338133202300706e-05,-1.3846808289918928,1.3846808289918928,False,3.9935510451635,-0.000493540573458395,7.808120953664304e+18,1.0218334424503461e+17,CONVERGED
S4,S4_eta08_dpl,"Asymmetric Filling (eta=0.8, DPL)",0.6686868686868687,363729.5698473778,1,3.1415893158401897,0.9999989375613036,-0.1269790221645048,0.1269790221645048,False,-1.135393199433574,3.7896582013832284e-06,7.808120953664304e+18,1.0218334424503461e+17,CONVERGED
S4,S4_eta08_dpl,"Asymmetric Filling (eta=0.8, DPL)",0.6686868686868687,363729.5698473778,2,0.0003508645272549988,0.0001116836477364682,3.4415890254773296,3.4415890254773296,False,0.03201377221567289,-1.1232497515030257e-05,7.808120953664304e+18,1.0218334424503461e+17,CONVERGED
S4,S4_eta08_dpl,"Asymmetric Filling (eta=0.8, DPL)",0.6686868686868687,363729.5698473778,3,2.552698449085416e-05,8.125491527899179e-06,2.9178188435864354,2.9178188435864354,False,0.05405145347726409,1.3797706149219441e-06,7.808120953664304e+18,1.0218334424503461e+17,CONVERGED
S4,S4_eta08_dpl,"Asymmetric Filling (eta=0.8, DPL)",0.6686868686868687,363729.5698473778,4,3.141583277895156,0.9999970156237071,0.12698822609776908,0.12698822609776908,False,-0.8807440422916453,-8.257587194263623e-06,7.808120953664304e+18,1.0218334424503461e+17,CONVERGED
S4,S4_eta08_dpl,"Asymmetric Filling (eta=0.8, DPL)",0.6863636363636364,373344.7775095064,0,0.0003981839831313685,0.00012674589835075435,-1.3009143141556523,1.3009143141556523,False,3.6726528005324712,0.0014623915980622277,8.321707695303281e+18,5.925177643570413e+16,CONVERGED
S4,S4_eta08_dpl,"Asymmetric Filling (eta=0.8, DPL)",0.6863636363636364,373344.7775095064,1,3.1415777477557,0.9999952553256463,-0.2524213783884144,0.2524213783884144,False,-1.2871382951464598,1.918586988384446e-05,8.321707695303281e+18,5.925177643570413e+16,CONVERGED
S4,S4_eta08_dpl,"Asymmetric Filling (eta=0.8, DPL)",0.6863636363636364,373344.7775095064,2,2.3384718456370577e-05,7.443587070287308e-06,3.4577196874899174,3.4577196874899174,False,0.03150151346605434,7.366540234875258e-07,8.321707695303281e+18,5.925177643570413e+16,CONVERGED
S4,S4_eta08_dpl,"Asymmetric Filling (eta=0.8, DPL)",0.6863636363636364,373344.7775095064,3,0.00011403134332166577,3.629730391410419e-05,2.900777570929759,2.900777570929759,False,0.054980451872234395,-6.26949481059747e-06,8.321707695303281e+18,5.925177643570413e+16,CONVERGED
S4,S4_eta08_dpl,"Asymmetric Filling (eta=0.8, DPL)",0.6863636363636364,373344.7775095064,4,3.141579145061802,0.9999957001019926,0.25251457168421787,0.25251457168421787,False,-0.7768448927474938,1.0494030979432437e-05,8.321707695303281e+18,5.925177643570413e+16,CONVERGED
S4,S4_eta08_dpl,"Asymmetric Filling (eta=0.8, DPL)",0.704040404040404,382959.98517163494,0,2.8726404582171926e-05,9.143898573020669e-06,-1.21302097640924,1.21302097640924,False,3.3636307670572894,-9.662501830610752e-05,9.104184570820995e+18,1.2157022242600408e+17,CONVERGED
S4,S4_eta08_dpl,"Asymmetric Filling (eta=0.8, DPL)",0.704040404040404,382959.98517163494,1,3.1415915754301147,0.9999996568111155,-0.3218066200311822,0.3218066200311822,False,-1.379617959680791,1.4874484561656019e-06,9.104184570820995e+18,1.2157022242600408e+17,CONVERGED
S4,S4_eta08_dpl,"Asymmetric Filling (eta=0.8, DPL)",0.704040404040404,382959.98517163494,2,5.732850386746682e-06,1.8248229541140368e-06,-3.474036349505116,3.474036349505116,False,32.26671970905309,-0.0001849802765651183,9.104184570820995e+18,1.2157022242600408e+17,CONVERGED
S4,S4_eta08_dpl,"Asymmetric Filling (eta=0.8, DPL)",0.704040404040404,382959.98517163494,3,2.4540493700460217e-06,7.811481756687524e-07,2.880857271837343,2.880857271837343,False,0.056086660703937814,1.3763943436875986e-07,9.104184570820995e+18,1.2157022242600408e+17,CONVERGED
S4,S4_eta08_dpl,"Asymmetric Filling (eta=0.8, DPL)",0.704040404040404,382959.98517163494,4,3.1415897745720662,0.9999990835801951,0.3217954628779606,0.3217954628779606,False,-0.7248464331691614,2.0868457305598974e-06,9.104184570820995e+18,1.2157022242600408e+17,CONVERGED
S4,S4_eta08_dpl,"Asymmetric Filling (eta=0.8, DPL)",0.7217171717171718,392575.19283376355,0,0.00024860406612611,7.913313199342964e-05,-1.1199965700435848,1.1199965700435848,False,3.064843596284923,0.0007619325957738245,9.64488057326958e+18,5.210033760772046e+16,CONVERGED
S4,S4_eta08_dpl,"Asymmetric Filling (eta=0.8, DPL)",0.7217171717171718,392575.19283376355,1,3.141574086865892,0.9999940900282283,-0.36837174800332473,0.36837174800332473,False,-1.4453792557163445,-2.6835957576405054e-05,9.64488057326958e+18,5.210033760772046e+16,CONVERGED
S4,S4_eta08_dpl,"Asymmetric Filling (eta=0.8, DPL)",0.7217171717171718,392575.19283376355,2,3.903801246011069e-06,1.2426185303019237e-06,-3.4899703902164254,3.4899703902164254,False,32.784976935538424,-0.00012798603381204923,9.64488057326958e+18,5.210033760772046e+16,CONVERGED
S4,S4_eta08_dpl,"Asymmetric Filling (eta=0.8, DPL)",0.7217171717171718,392575.19283376355,3,8.334818126140243e-05,2.6530550090942963e-05,2.8574190605959413,2.8574190605959413,False,0.0574167581709393,-4.785582378555243e-06,9.64488057326958e+18,5.210033760772046e+16,CONVERGED
S4,S4_eta08_dpl,"Asymmetric Filling (eta=0.8, DPL)",0.7217171717171718,392575.19283376355,4,3.1415817968170527,0.9999965441819046,0.36837382720635,0.36837382720635,False,-0.6918584977700066,7.51135047925874e-06,9.64488057326958e+18,5.210033760772046e+16,CONVERGED
S4,S4_eta08_dpl,"Asymmetric Filling (eta=0.8, DPL)",0.7393939393939394,402190.40049589204,0,0.001187528315588689,0.00037800200297506426,-1.0210630718969447,1.0210630718969447,False,2.776142479470234,-0.003296749352197443,1.0432835487411274e+19,7.725454151590642e+16,CONVERGED
S4,S4_eta08_dpl,"Asymmetric Filling (eta=0.8, DPL)",0.7393939393939394,402190.40049589204,1,3.1415864565654243,0.9999980274258785,-0.40036070806143537,0.40036070806143537,False,-1.492362907869856,9.24820930721189e-06,1.0432835487411274e+19,7.725454151590642e+16,CONVERGED
S4,S4_eta08_dpl,"Asymmetric Filling (eta=0.8, DPL)",0.7393939393939394,402190.40049589204,2,4.142559684938517e-06,1.3186177018223393e-06,3.5058070593142294,3.5058070593142294,False,0.030022533598397478,1.2437013732514494e-07,1.0432835487411274e+19,7.725454151590642e+16,CONVERGED
S4,S4_eta08_dpl,"Asymmetric Filling (eta=0.8, DPL)",0.7393939393939394,402190.40049589204,3,0.00039172532994383446,0.0001246900451897298,2.829776769818769,2.829776769818769,False,0.05902602406119805,2.3121989933325557e-05,1.0432835487411274e+19,7.725454151590642e+16,CONVERGED
S4,S4_eta08_dpl,"Asymmetric Filling (eta=0.8, DPL)",0.7393939393939394,402190.40049589204,4,3.141590926069694,0.999999450113274,0.40035522334616513,0.40035522334616513,False,-0.6700819749915847,1.157580079849302e-06,1.0432835487411274e+19,7.725454151590642e+16,CONVERGED
S4,S4_eta08_dpl,"Asymmetric Filling (eta=0.8, DPL)",0.7570707070707071,411805.6081580207,0,0.001172785461443491,0.00037330920675008206,-0.9139459875546052,0.9139459875546052,False,2.494143290860007,0.002925096331361824,1.0702692091405988e+19,1.8532292288678627e+17,CONVERGED
S4,S4_eta08_dpl,"Asymmetric Filling (eta=0.8, DPL)",0.7570707070707071,411805.6081580207,1,3.141590994323315,0.9999994718390762,-0.42123077156178856,0.42123077156178856,False,-1.5238358958230347,2.528449820190429e-06,1.0702692091405988e+19,1.8532292288678627e+17,CONVERGED
S4,S4_eta08_dpl,"Asymmetric Filling (eta=0.8, DPL)",0.7570707070707071,411805.6081580207,2,1.7785476767624221e-06,5.661293085626919e-07,3.521541759952013,3.521541759952013,False,0.02955383510530901,-5.256290476602247e-08,1.0702692091405988e+19,1.8532292288678627e+17,CONVERGED
S4,S4_eta08_dpl,"Asymmetric Filling (eta=0.8, DPL)",0.7570707070707071,411805.6081580207,3,0.00042944332303220906,0.0001366960552767713,2.796580557176524,2.796580557176524,False,0.06101834945001413,-2.6203924364610923e-05,1.0702692091405988e+19,1.8532292288678627e+17,CONVERGED
S4,S4_eta08_dpl,"Asymmetric Filling (eta=0.8, DPL)",0.7570707070707071,411805.6081580207,4,3.141590095798851,0.9999991858298564,0.4212264432660819,0.4212264432660819,False,-0.6562414831160783,1.678528521451051e-06,1.0702692091405988e+19,1.8532292288678627e+17,CONVERGED
S4,S4_eta08_dpl,"Asymmetric Filling (eta=0.8, DPL)",0.7747474747474747,421420.81582014915,0,0.0002180104969788857,6.939489648022075e-05,-0.7986031358222881,0.7986031358222881,False,2.2224342675388087,-0.0004845140068451286,1.2031137146695666e+19,2.5067576695630685e+17,CONVERGED
S4,S4_eta08_dpl,"Asymmetric Filling (eta=0.8, DPL)",0.7747474747474747,421420.81582014915,1,3.1415882158376385,0.9999985874196168,-0.43271431148454115,0.43271431148454115,False,-1.5414357872733204,-6.840509986663041e-06,1.2031137146695666e+19,2.5067576695630685e+17,CONVERGED
S4,S4_eta08_dpl,"Asymmetric Filling (eta=0.8, DPL)",0.7747474747474747,421420.81582014915,2,1.0635548768733413e-05,3.3854003180776876e-06,3.5371808055175173,3.5371808055175173,False,0.029095236697499686,3.094438088457676e-07,1.2031137146695666e+19,2.5067576695630685e+17,CONVERGED
S4,S4_eta08_dpl,"Asymmetric Filling (eta=0.8, DPL)",0.7747474747474747,421420.81582014915,3,7.912476932891754e-05,2.5186196319406436e-05,2.757034126801649,2.757034126801649,False,0.06347976216576431,5.022821548902824e-06,1.2031137146695666e+19,2.5067576695630685e+17,CONVERGED
S4,S4_eta08_dpl,"Asymmetric Filling (eta=0.8, DPL)",0.7747474747474747,421420.81582014915,4,3.1415869938848795,0.9999981984599731,0.43271262618477174,0.43271262618477174,False,-0.6487468978803531,3.6717160058058056e-06,1.2031137146695666e+19,2.5067576695630685e+17,CONVERGED
S4,S4_eta08_dpl,"Asymmetric Filling (eta=0.8, DPL)",0.7924242424242425,431036.0234822779,0,0.001113694066530604,0.0003544998315609196,-0.6720789373317146,0.6720789373317146,False,1.9583030691161516,-0.002180951410231938,1.1835606200735035e+19,1.6373245753053936e+17,CONVERGED
S4,S4_eta08_dpl,"Asymmetric Filling (eta=0.8, DPL)",0.7924242424242425,431036.0234822779,1,3.1415682851879208,0.9999922432967735,-0.43565310226241544,0.43565310226241544,False,-1.5459724069294702,-3.76728769030471e-05,1.1835606200735035e+19,1.6373245753053936e+17,CONVERGED
S4,S4_eta08_dpl,"Asymmetric Filling (eta=0.8, DPL)",0.7924242424242425,431036.0234822779,2,8.473395911892165e-06,2.697165688304592e-06,-3.552713138662913,3.552713138662913,False,34.907899092496066,0.0002957884494701794,1.1835606200735035e+19,1.6373245753053936e+17,CONVERGED
S4,S4_eta08_dpl,"Asymmetric Filling (eta=0.8, DPL)",0.7924242424242425,431036.0234822779,3,0.0004660436986415261,0.00014834631667125703,2.709009098882779,2.709009098882779,False,0.06660276355471446,3.103980051403391e-05,1.1835606200735035e+19,1.6373245753053936e+17,CONVERGED
S4,S4_eta08_dpl,"Asymmetric Filling (eta=0.8, DPL)",0.7924242424242425,431036.0234822779,4,3.14158557428733,0.9999977465880387,0.4356657210713133,0.4356657210713133,False,-0.6468339127312616,4.579132911549118e-06,1.1835606200735035e+19,1.6373245753053936e+17,CONVERGED
S4,S4_eta08_dpl,"Asymmetric Filling (eta=0.8, DPL)",0.8101010101010101,440651.2311444063,0,0.00028858502036216985,9.185946498582921e-05,-0.5327975612031421,0.5327975612031421,False,1.7036917592113177,0.0004916599346715543,1.2763616019521354e+19,4.034409491845181e+16,CONVERGED
S4,S4_eta08_dpl,"Asymmetric Filling (eta=0.8, DPL)",0.8101010101010101,440651.2311444063,1,3.141591845974147,0.9999997429279557,-0.43035157924517065,0.43035157924517065,False,-1.5377980864073149,-1.241949795306909e-06,1.2763616019521354e+19,4.034409491845181e+16,CONVERGED
S4,S4_eta08_dpl,"Asymmetric Filling (eta=0.8, DPL)",0.8101010101010101,440651.2311444063,2,0.0001234931207839334,3.930908122121496e-05,-3.5681464949554775,3.5681464949554775,False,35.450823667349376,0.004377932871297198,1.2763616019521354e+19,4.034409491845181e+16,CONVERGED
S4,S4_eta08_dpl,"Asymmetric Filling (eta=0.8, DPL)",0.8101010101010101,440651.2311444063,3,0.00013942965305023305,4.438183699306511e-05,2.6504832423008757,2.6504832423008757,False,0.07061707896726767,-9.846114883631927e-06,1.2763616019521354e+19,4.034409491845181e+16,CONVERGED
S4,S4_eta08_dpl,"Asymmetric Filling (eta=0.8, DPL)",0.8101010101010101,440651.2311444063,4,3.1415897755972972,0.9999990839065362,0.43036426731721944,0.43036426731721944,False,-0.6502721786708684,-1.8714784505424456e-06,1.2763616019521354e+19,4.034409491845181e+16,CONVERGED
S4,S4_eta08_dpl,"Asymmetric Filling (eta=0.8, DPL)",0.8277777777777778,450266.438806535,0,0.000997065646479426,0.0003173758524486338,-0.3737332493645234,0.3737332493645234,False,1.4531487478906775,-0.0014488851758779418,1.3782835844952052e+19,8.025137202505864e+16,CONVERGED
S4,S4_eta08_dpl,"Asymmetric Filling (eta=0.8, DPL)",0.8277777777777778,450266.438806535,1,3.1415485422167384,0.9999859589138635,-0.4166406900257138,0.4166406900257138,False,-1.5168573915407964,-6.69106623126997e-05,1.3782835844952052e+19,8.025137202505864e+16,CONVERGED
S4,S4_eta08_dpl,"Asymmetric Filling (eta=0.8, DPL)",0.8277777777777778,450266.438806535,2,7.751841560677684e-05,2.467487804894092e-05,-3.5664573977364054,3.5664573977364054,False,35.39099448622553,0.002743453824815612,1.3782835844952052e+19,8.025137202505864e+16,CONVERGED
S4,S4_eta08_dpl,"Asymmetric Filling (eta=0.8, DPL)",0.8277777777777778,450266.438806535,3,0.0004987309815873486,0.00015875100198539915,2.5762623927927804,2.5762623927927804,False,0.07605773795774046,3.793235345398149e-05,1.3782835844952052e+19,8.025137202505864e+16,CONVERGED
S4,S4_eta08_dpl,"Asymmetric Filling (eta=0.8, DPL)",0.8277777777777778,450266.438806535,4,3.141585178096724,0.9999976204766521,0.41660069679664,0.41660069679664,False,-0.65928412163526,4.928473882055573e-06,1.3782835844952052e+19,8.025137202505864e+16,CONVERGED
S4,S4_eta08_dpl,"Asymmetric Filling (eta=0.8, DPL)",0.8454545454545455,459881.6464686634,0,0.008982927101963072,0.002859354503423154,-0.17912825362332582,0.17912825362332582,False,1.19612588689562,0.010745000663681172,1.4211443559386302e+19,8.662899644358859e+16,CONVERGED
S4,S4_eta08_dpl,"Asymmetric Filling (eta=0.8, DPL)",0.8454545454545455,459881.6464686634,1,3.1415128340082,0.9999745926380679,-0.39352963061867996,0.39352963061867996,False,-1.4822031969576275,0.00011830883926889984,1.4211443559386302e+19,8.662899644358859e+16,CONVERGED
S4,S4_eta08_dpl,"Asymmetric Filling (eta=0.8, DPL)",0.8454545454545455,459881.6464686634,2,0.0001263075908973891,4.020495488269672e-05,3.598603983229335,3.598603983229335,False,0.027361893241292987,3.4560148360779055e-06,1.4211443559386302e+19,8.662899644358859e+16,CONVERGED
S4,S4_eta08_dpl,"Asymmetric Filling (eta=0.8, DPL)",0.8454545454545455,459881.6464686634,3,0.005055815510854241,0.001609316059826257,2.474681190535251,2.474681190535251,False,0.08418875049561028,-0.000425646417289058,1.4211443559386302e+19,8.662899644358859e+16,CONVERGED
S4,S4_eta08_dpl,"Asymmetric Filling (eta=0.8, DPL)",0.8454545454545455,459881.6464686634,4,3.1415382226734034,0.9999826741011991,0.3935561793324806,0.3935561793324806,False,-0.6746534139342968,-3.6722003602076935e-05,1.4211443559386302e+19,8.662899644358859e+16,CONVERGED
S4,S4_eta08_dpl,"Asymmetric Filling (eta=0.8, DPL)",0.8631313131313132,469496.85413079214,0,0.0049906377493021585,0.0015885693339648993,0.030623773040265763,0.030623773040265763,False,0.9698283069222735,-0.004840101942211594,1.4993509045010397e+19,1.3397756502047562e+17,CONVERGED
S4,S4_eta08_dpl,"Asymmetric Filling (eta=0.8, DPL)",0.8631313131313132,469496.85413079214,1,3.1415496679150383,0.9999863172347613,-0.35961524751531926,0.35961524751531926,False,-1.4327780422604797,-6.158893095866151e-05,1.4993509045010397e+19,1.3397756502047562e+17,CONVERGED
S4,S4_eta08_dpl,"Asymmetric Filling (eta=0.8, DPL)",0.8631313131313132,469496.85413079214,2,7.463399815210261e-06,2.3756739457237026e-06,3.6138801621371632,3.6138801621371632,False,0.026947084692196664,-2.0111686691593006e-07,1.4993509045010397e+19,1.3397756502047562e+17,CONVERGED
S4,S4_eta08_dpl,"Asymmetric Filling (eta=0.8, DPL)",0.8631313131313132,469496.85413079214,3,0.0031020678121222254,0.0009874188522110262,2.352314338029075,2.352314338029075,False,0.09514824314671712,0.0002951572491948414,1.4993509045010397e+19,1.3397756502047562e+17,CONVERGED
S4,S4_eta08_dpl,"Asymmetric Filling (eta=0.8, DPL)",0.8631313131313132,469496.85413079214,4,3.141547529622603,0.9999856365951396,0.359616281966198,0.359616281966198,False,-0.6979440877178712,3.1494006136038584e-05,1.4993509045010397e+19,1.3397756502047562e+17,CONVERGED
S4,S4_eta08_dpl,"Asymmetric Filling (eta=0.8, DPL)",0.8808080808080808,479112.06179292063,0,0.0061237139254503425,0.0019492386826321926,0.31024216850598685,0.31024216850598685,False,0.733255611264963,0.004490303726363532,1.5881283024173554e+19,9.430069864665389e+16,CONVERGED
S4,S4_eta08_dpl,"Asymmetric Filling (eta=0.8, DPL)",0.8808080808080808,479112.06179292063,1,3.141581853949865,0.9999965623678436,-0.31127097709800355,0.31127097709800355,False,-1.365159097840893,-1.4743226701787504e-05,1.5881283024173554e+19,9.430069864665389e+16,CONVERGED
S4,S4_eta08_dpl,"Asymmetric Filling (eta=0.8, DPL)",0.8808080808080808,479112.06179292063,2,1.0929552072561731e-05,3.478984476256938e-06,-3.628945429002641,3.628945429002641,False,37.67306673551731,0.00041174974463532485,1.5881283024173554e+19,9.430069864665389e+16,CONVERGED
S4,S4_eta08_dpl,"Asymmetric Filling (eta=0.8, DPL)",0.8808080808080808,479112.06179292063,3,0.004316589401230401,0.0013740130810078062,2.1682351607767933,2.1682351607767933,False,0.11437823435441266,-0.0004937269406783359,1.5881283024173554e+19,9.430069864665389e+16,CONVERGED
S4,S4_eta08_dpl,"Asymmetric Filling (eta=0.8, DPL)",0.8808080808080808,479112.06179292063,4,3.1415884986037472,0.9999986774268647,0.311263926792563,0.311263926792563,False,-0.732520518557094,3.043612532984571e-06,1.5881283024173554e+19,9.430069864665389e+16,CONVERGED
S4,S4_eta08_dpl,"Asymmetric Filling (eta=0.8, DPL)",0.8984848484848484,488727.2694550492,0,0.004395729217607815,0.0013992040669515069,0.7372464570241813,0.7372464570241813,False,0.4784248573877658,-0.002103039669349389,1.6875288771346842e+19,1.1070090813932333e+17,CONVERGED
S4,S4_eta08_dpl,"Asymmetric Filling (eta=0.8, DPL)",0.8984848484848484,488727.2694550492,1,3.141541325600976,0.9999836617937216,-0.2400133585637828,0.2400133585637828,False,-1.2712661308230766,-6.525153380404363e-05,1.6875288771346842e+19,1.1070090813932333e+17,CONVERGED
S4,S4_eta08_dpl,"Asymmetric Filling (eta=0.8, DPL)",0.8984848484848484,488727.2694550492,2,5.936362880733349e-05,1.889602992911912e-05,3.6437697062242878,3.6437697062242878,False,0.026153566592881365,-1.5525706210314607e-06,1.6875288771346842e+19,1.1070090813932333e+17,CONVERGED
S4,S4_eta08_dpl,"Asymmetric Filling (eta=0.8, DPL)",0.8984848484848484,488727.2694550492,3,0.0036246400072940774,0.001153758748178992,1.8423856828273637,1.8423856828273637,False,0.15843794890909815,0.0005742830432715155,1.6875288771346842e+19,1.1070090813932333e+17,CONVERGED
S4,S4_eta08_dpl,"Asymmetric Filling (eta=0.8, DPL)",0.8984848484848484,488727.2694550492,4,3.1415434787856227,0.9999843471736813,0.24001698563490176,0.24001698563490176,False,-0.7866144988552964,3.8681613969990596e-05,1.6875288771346842e+19,1.1070090813932333e+17,CONVERGED
S4,S4_eta08_dpl,"Asymmetric Filling (eta=0.8, DPL)",0.9161616161616162,498342.4771171778,0,0.6073715310206309,0.19333236291045172,1.3425857966113424,1.3425857966113424,False,0.2144595528804694,-0.14905230251289986,1.8690453645328683e+19,1.1758921559620062e+17,CONVERGED
S4,S4_eta08_dpl,"Asymmetric Filling (eta=0.8, DPL)",0.9161616161616162,498342.4771171778,1,3.14158497353059,0.9999975553612291,-0.108287596041103,0.108287596041103,False,-1.1143681871514635,-8.558413651921484e-06,1.8690453645328683e+19,1.1758921559620062e+17,CONVERGED
S4,S4_eta08_dpl,"Asymmetric Filling (eta=0.8, DPL)",0.9161616161616162,498342.4771171778,2,7.912375781156811e-07,2.5185874343434063e-07,-3.6587563437312633,3.6587563437312633,False,38.81304275924085,-3.071033795212851e-05,1.8690453645328683e+19,1.1758921559620062e+17,CONVERGED
S4,S4_eta08_dpl,"Asymmetric Filling (eta=0.8, DPL)",0.9161616161616162,498342.4771171778,3,0.6069200762169903,0.19318866038328775,1.347313311239346,1.347313311239346,False,0.21351503621425202,0.14825294128750058,1.8690453645328683e+19,1.1758921559620062e+17,CONVERGED
S4,S4_eta08_dpl,"Asymmetric Filling (eta=0.8, DPL)",0.9161616161616162,498342.4771171778,4,3.1415565724008507,0.9999885150008544,0.10830391932370641,0.10830391932370641,False,-0.8973548309256405,3.2377629217323236e-05,1.8690453645328683e+19,1.1758921559620062e+17,CONVERGED
S4,S4_eta08_dpl,"Asymmetric Filling (eta=0.8, DPL)",0.9338383838383838,507957.6847793063,0,1.0869586503012678,0.3459896842638833,1.3947438014353097,1.3947438014353097,False,0.11531645405672795,0.21944204122489408,1.90130563584783e+19,1.1822985695189634e+17,CONVERGED
S4,S4_eta08_dpl,"Asymmetric Filling (eta=0.8, DPL)",0.9338383838383838,507957.6847793063,1,2.939299103384575,0.935607963058462,4.689024536776551e-06,4.689024536776551e-06,True,-0.9796037490030012,0.20091569608710336,1.90130563584783e+19,1.1822985695189634e+17,CONVERGED
S4,S4_eta08_dpl,"Asymmetric Filling (eta=0.8, DPL)",0.9338383838383838,507957.6847793063,2,6.449753194634755e-06,2.0530202052977295e-06,3.673490851055439,3.673490851055439,False,0.025387690432336362,1.6374433747263022e-07,1.90130563584783e+19,1.1822985695189634e+17,CONVERGED
S4,S4_eta08_dpl,"Asymmetric Filling (eta=0.8, DPL)",0.9338383838383838,507957.6847793063,3,1.0845304133770757,0.3452167524449164,1.4114477067297968,1.4114477067297968,False,0.11392991309159048,-0.21553093367988757,1.90130563584783e+19,1.1822985695189634e+17,CONVERGED
S4,S4_eta08_dpl,"Asymmetric Filling (eta=0.8, DPL)",0.9338383838383838,507957.6847793063,4,2.9392978398599783,0.9356075608660915,5.832083737858292e-06,5.832083737858292e-06,True,-0.9796023753961468,-0.2009167041805561,1.90130563584783e+19,1.1822985695189634e+17,CONVERGED
S4,S4_eta08_dpl,"Asymmetric Filling (eta=0.8, DPL)",0.9515151515151515,517572.89244143496,0,1.4815057456014409,0.4715779252630266,1.4630955803158705,1.4630955803158705,False,0.020644961069179065,-0.23059616710429015,1.8416311032816232e+19,4.577053981824892e+16,CONVERGED
S4,S4_eta08_dpl,"Asymmetric Filling (eta=0.8, DPL)",0.9515151515151515,517572.89244143496,1,2.8250339934148556,0.8992362489092224,-3.5652605150376014e-05,3.5652605150376014e-05,True,-0.9503462072860656,0.3113091615252725,1.8416311032816232e+19,4.577053981824892e+16,CONVERGED
S4,S4_eta08_dpl,"Asymmetric Filling (eta=0.8, DPL)",0.9515151515151515,517572.89244143496,2,3.4001850437014213e-06,1.0823125142644268e-06,3.6881591977270523,3.6881591977270523,False,0.025018012895700405,-8.506587327141763e-08,1.8416311032816232e+19,4.577053981824892e+16,CONVERGED
S4,S4_eta08_dpl,"Asymmetric Filling (eta=0.8, DPL)",0.9515151515151515,517572.89244143496,3,1.4810618410592296,0.47143662605871883,1.4657578570124252,1.4657578570124252,False,0.020692160066998266,0.2299739100925643,1.8416311032816232e+19,4.577053981824892e+16,CONVERGED
S4,S4_eta08_dpl,"Asymmetric Filling (eta=0.8, DPL)",0.9515151515151515,517572.89244143496,4,2.8250435416437543,0.8992392882048763,4.7725544665206886e-05,4.7725544665206886e-05,True,-0.9502699446408773,-0.3112741328446741,1.8416311032816232e+19,4.577053981824892e+16,CONVERGED
S4,S4_eta08_dpl,"Asymmetric Filling (eta=0.8, DPL)",0.9691919191919192,527188.1001035634,0,1.905226477552036,0.606452423223933,1.5292185927851025,1.5292185927851025,False,-0.07112926592585628,-0.20469894187401447,2.2207328471582392e+19,8.92627264198309e+16,CONVERGED
S4,S4_eta08_dpl,"Asymmetric Filling (eta=0.8, DPL)",0.9691919191919192,527188.1001035634,1,2.733847106784117,0.8702105614043377,-0.00011472361335312834,0.00011472361335312834,True,-0.9181224617532832,-0.39658620598279215,2.2207328471582392e+19,8.92627264198309e+16,CONVERGED
S4,S4_eta08_dpl,"Asymmetric Filling (eta=0.8, DPL)",0.9691919191919192,527188.1001035634,2,1.6237816551213476e-05,5.168657538290034e-06,-3.7027346265120293,3.7027346265120293,False,40.558063999671035,-0.0006585744029569151,2.2207328471582392e+19,8.92627264198309e+16,CONVERGED
S4,S4_eta08_dpl,"Asymmetric Filling (eta=0.8, DPL)",0.9691919191919192,527188.1001035634,3,1.9044452661504523,0.6062037559116095,1.5342229683756672,1.5342229683756672,False,-0.07061506109129034,0.2037323378858552,2.2207328471582392e+19,8.92627264198309e+16,CONVERGED
S4,S4_eta08_dpl,"Asymmetric Filling (eta=0.8, DPL)",0.9691919191919192,527188.1001035634,4,2.733899791831093,0.8702273315756444,8.18359896793298e-06,8.18359896793298e-06,True,-0.9180305151362496,0.39648909974257585,2.2207328471582392e+19,8.92627264198309e+16,CONVERGED
S4,S4_eta08_dpl,"Asymmetric Filling (eta=0.8, DPL)",0.9868686868686869,536803.3077656921,0,2.4832690258832577,0.7904490809926326,1.5822264718582033,1.5822264718582033,False,-0.16256784645236005,-0.12573359512620952,2.0800983260591145e+19,1.0897005991609386e+17,CONVERGED
S4,S4_eta08_dpl,"Asymmetric Filling (eta=0.8, DPL)",0.9868686868686869,536803.3077656921,1,2.6531838371784247,0.8445346452369373,-6.7035571873470475e-06,6.7035571873470475e-06,True,-0.8830865133111675,-0.4692244848813579,2.0800983260591145e+19,1.0897005991609386e+17,CONVERGED
S4,S4_eta08_dpl,"Asymmetric Filling (eta=0.8, DPL)",0.9868686868686869,536803.3077656921,2,4.853872265526619e-06,1.5450355283904364e-06,3.7171976233383996,3.7171976233383996,False,0.024301975798756897,-1.1795868632801158e-07,2.0800983260591145e+19,1.0897005991609386e+17,CONVERGED
S4,S4_eta08_dpl,"Asymmetric Filling (eta=0.8, DPL)",0.9868686868686869,536803.3077656921,3,2.4786854868447783,0.7889900952029751,1.6282901777149843,1.6282901777149843,False,-0.1546972353481546,0.12078353688505365,2.0800983260591145e+19,1.0897005991609386e+17,CONVERGED
S4,S4_eta08_dpl,"Asymmetric Filling (eta=0.8, DPL)",0.9868686868686869,536803.3077656921,4,2.653186794575171,0.844535586605559,5.696056046599359e-06,5.696056046599359e-06,True,-0.8830769511097338,0.46921605510844727,2.0800983260591145e+19,1.0897005991609386e+17,CONVERGED
S4,S4_eta08_dpl,"Asymmetric Filling (eta=0.8, DPL)",1.0045454545454544,546418.5154278205,0,3.1349021966532495,0.9978703614140113,0.9108438475850938,0.9108438475850938,False,-0.40217569690822075,0.0026907793296221433,2.13956041169379e+19,3.743670207545674e+17,CONVERGED
S4,S4_eta08_dpl,"Asymmetric Filling (eta=0.8, DPL)",1.0045454545454544,546418.5154278205,1,2.57809375564655,0.8206327299309949,1.4595037469459434e-05,1.4595037469459434e-05,True,-0.845379023916896,0.5341396037295899,2.13956041169379e+19,3.743670207545674e+17,CONVERGED
S4,S4_eta08_dpl,"Asymmetric Filling (eta=0.8, DPL)",1.0045454545454544,546418.5154278205,2,1.4193750871856313e-05,4.518011224541663e-06,3.7315496123165373,3.7315496123165373,False,0.02395568503247908,3.40021025338499e-07,2.13956041169379e+19,3.743670207545674e+17,CONVERGED
S4,S4_eta08_dpl,"Asymmetric Filling (eta=0.8, DPL)",1.0045454545454544,546418.5154278205,3,3.1327990990323094,0.9972009246496564,2.464572491350333,2.464572491350333,False,-0.08504190404981743,-0.0007478398990064154,2.13956041169379e+19,3.743670207545674e+17,CONVERGED
S4,S4_eta08_dpl,"Asymmetric Filling (eta=0.8, DPL)",1.0045454545454544,546418.5154278205,4,2.5780918741723844,0.8206321310391673,2.385996311403396e-05,2.385996311403396e-05,True,-0.8453701866173302,-0.5341362455319146,2.13956041169379e+19,3.743670207545674e+17,CONVERGED
S4,S4_eta08_dpl,"Asymmetric Filling (eta=0.8, DPL)",1.0222222222222221,556033.7230899491,0,3.140606975323115,0.9996862488631199,0.49577536733513805,0.49577536733513805,False,-0.6090981532260102,0.0006003750063424778,2.298853528578796e+19,1.3518262456836976e+17,CONVERGED
S4,S4_eta08_dpl,"Asymmetric Filling (eta=0.8, DPL)",1.0222222222222221,556033.7230899491,1,2.5068381067658807,0.7979513524458368,-6.57820850893503e-05,6.57820850893503e-05,True,-0.8052702401383796,-0.5930188978208032,2.298853528578796e+19,1.3518262456836976e+17,CONVERGED
S4,S4_eta08_dpl,"Asymmetric Filling (eta=0.8, DPL)",1.0222222222222221,556033.7230899491,2,0.0003669734620582604,0.00011681128094023649,3.7453784425043497,3.7453784425043497,False,0.02362668442245141,8.670366568676341e-06,2.298853528578796e+19,1.3518262456836976e+17,CONVERGED
S4,S4_eta08_dpl,"Asymmetric Filling (eta=0.8, DPL)",1.0222222222222221,556033.7230899491,3,3.139928516664273,0.9994702887646434,3.0731452770192162,3.0731452770192162,False,-0.04627531276577024,-7.700852780142357e-05,2.298853528578796e+19,1.3518262456836976e+17,CONVERGED
S4,S4_eta08_dpl,"Asymmetric Filling (eta=0.8, DPL)",1.0222222222222221,556033.7230899491,4,2.506739843000248,0.7979200741177822,0.00016335819467102857,0.00016335819467102857,True,-0.8050274786233584,0.5929621367658846,2.298853528578796e+19,1.3518262456836976e+17,CONVERGED
S4,S4_eta08_dpl,"Asymmetric Filling (eta=0.8, DPL)",1.0398989898989899,565648.9307520777,0,3.141040156236638,0.9998241346304004,0.24183751119466418,0.24183751119466418,False,-0.7851836309165972,-0.00043381192196310155,2.5254686765932724e+19,1.4683905071557466e+17,CONVERGED
S4,S4_eta08_dpl,"Asymmetric Filling (eta=0.8, DPL)",1.0398989898989899,565648.9307520777,1,2.4380121048140935,0.776043355598078,-1.1420022716831175e-05,1.1420022716831175e-05,True,-0.7625393447695493,-0.6469594948562822,2.5254686765932724e+19,1.4683905071557466e+17,CONVERGED
S4,S4_eta08_dpl,"Asymmetric Filling (eta=0.8, DPL)",1.0398989898989899,565648.9307520777,2,1.6700239690398483e-05,5.315851395092765e-06,3.7600229472155644,3.7600229472155644,False,0.023283206080770925,-3.888351223459664e-07,2.5254686765932724e+19,1.4683905071557466e+17,CONVERGED
S4,S4_eta08_dpl,"Asymmetric Filling (eta=0.8, DPL)",1.0398989898989899,565648.9307520777,3,3.1403745144272035,0.9996122542618001,3.5494377055408215,3.5494377055408215,False,-0.028740774578118015,3.5010280393595446e-05,2.5254686765932724e+19,1.4683905071557466e+17,CONVERGED
S4,S4_eta08_dpl,"Asymmetric Filling (eta=0.8, DPL)",1.0398989898989899,565648.9307520777,4,2.438022185466664,0.7760465643694504,-4.9164384923095435e-06,4.9164384923095435e-06,True,-0.7625409072395581,0.6469476004373145,2.5254686765932724e+19,1.4683905071557466e+17,CONVERGED
S4,S4_eta08_dpl,"Asymmetric Filling (eta=0.8, DPL)",1.0575757575757576,575264.1384142063,0,3.141014954656451,0.9998161127182794,0.053058299751506235,0.053058299751506235,False,-0.9483245655298387,0.0005478461509141134,2.5199904385977496e+19,2.291386785245422e+17,CONVERGED
S4,S4_eta08_dpl,"Asymmetric Filling (eta=0.8, DPL)",1.0575757575757576,575264.1384142063,1,2.371214286574666,0.7547809496769603,-1.0978359816023612e-05,1.0978359816023612e-05,True,-0.7176551022489339,-0.6964144679547911,2.5199904385977496e+19,2.291386785245422e+17,CONVERGED
S4,S4_eta08_dpl,"Asymmetric Filling (eta=0.8, DPL)",1.0575757575757576,575264.1384142063,2,7.975919134035787e-06,2.5388139117660497e-06,3.7741087269107196,3.7741087269107196,False,0.022957542965783603,1.8310750621512496e-07,2.5199904385977496e+19,2.291386785245422e+17,CONVERGED
S4,S4_eta08_dpl,"Asymmetric Filling (eta=0.8, DPL)",1.0575757575757576,575264.1384142063,3,3.139917621475963,0.9994668207184926,4.0094215868965355,4.0094215868965355,False,-0.018143861410729885,-3.039157895540819e-05,2.5199904385977496e+19,2.291386785245422e+17,CONVERGED
S4,S4_eta08_dpl,"Asymmetric Filling (eta=0.8, DPL)",1.0575757575757576,575264.1384142063,4,2.3712076936212676,0.7547788510747145,2.1492296099782748e-05,2.1492296099782748e-05,True,-0.7176272086007205,0.6963965865852322,2.5199904385977496e+19,2.291386785245422e+17,CONVERGED
S4,S4_eta08_dpl,"Asymmetric Filling (eta=0.8, DPL)",1.0752525252525253,584879.3460763348,0,3.1413766866418986,0.9999312555853962,-0.09687163608378194,0.09687163608378194,False,-1.1017189178927433,0.0002379348758341514,3.3379192566563557e+19,7.518354194820653e+16,CONVERGED
S4,S4_eta08_dpl,"Asymmetric Filling (eta=0.8, DPL)",1.0752525252525253,584879.3460763348,1,2.305895487400126,0.7339893301460507,-1.091606047468321e-05,1.091606047468321e-05,True,-0.6706680337402414,-0.7417723511147273,3.3379192566563557e+19,7.518354194820653e+16,CONVERGED
S4,S4_eta08_dpl,"Asymmetric Filling (eta=0.8, DPL)",1.0752525252525253,584879.3460763348,2,2.4061251946701822e-05,7.65893436859417e-06,3.788071423433159,3.788071423433159,False,0.0226392212409652,-5.447280062611094e-07,3.3379192566563557e+19,7.518354194820653e+16,CONVERGED
S4,S4_eta08_dpl,"Asymmetric Filling (eta=0.8, DPL)",1.0752525252525253,584879.3460763348,3,5.2120763048239085e-05,1.6590554153697307e-05,-3.788071866775435,3.788071866775435,False,44.171150193326184,-0.0023022340548792637,3.3379192566563557e+19,7.518354194820653e+16,CONVERGED
S4,S4_eta08_dpl,"Asymmetric Filling (eta=0.8, DPL)",1.0752525252525253,584879.3460763348,4,2.305882171465356,0.7339850915523696,1.3421729580667796e-05,1.3421729580667796e-05,True,-0.6706418341497573,0.7417632285233412,3.3379192566563557e+19,7.518354194820653e+16,CONVERGED
S4,S4_eta08_dpl,"Asymmetric Filling (eta=0.8, DPL)",1.0929292929292929,594494.5537384634,0,3.1407363160105994,0.999727419282632,-0.22125886075938303,0.22125886075938303,False,-1.2476458979907115,-0.0010684063291354245,3.1037238537840734e+19,2.3759008632608342e+17,CONVERGED
S4,S4_eta08_dpl,"Asymmetric Filling (eta=0.8, DPL)",1.0929292929292929,594494.5537384634,1,2.2417002928163887,0.713555365064555,-1.985425613358465e-05,1.985425613358465e-05,True,-0.6217066247722091,-0.783275546672439,3.1037238537840734e+19,2.3759008632608342e+17,CONVERGED
S4,S4_eta08_dpl,"Asymmetric Filling (eta=0.8, DPL)",1.0929292929292929,594494.5537384634,2,1.0725244956162945e-05,3.413951501289502e-06,3.802001641793262,3.802001641793262,False,0.022326038368130654,2.3945223040807515e-07,3.1037238537840734e+19,2.3759008632608342e+17,CONVERGED
S4,S4_eta08_dpl,"Asymmetric Filling (eta=0.8, DPL)",1.0929292929292929,594494.5537384634,3,1.0480109341002274e-05,3.3359224115281155e-06,-3.801985090736352,3.801985090736352,False,44.79000853080396,-0.0004694041868044354,3.1037238537840734e+19,2.3759008632608342e+17,CONVERGED
S4,S4_eta08_dpl,"Asymmetric Filling (eta=0.8, DPL)",1.0929292929292929,594494.5537384634,4,2.2416956796033864,0.7135538966332492,6.666431925641011e-06,6.666431925641011e-06,True,-0.6216865235756623,0.7832576419221445,3.1037238537840734e+19,2.3759008632608342e+17,CONVERGED
S4,S4_eta08_dpl,"Asymmetric Filling (eta=0.8, DPL)",1.1106060606060606,604109.761400592,0,3.141311329943215,0.9999104519020768,-0.3263314858322682,0.3263314858322682,False,-1.3858746357233473,-0.0003898793165077218,3.208804766692749e+19,6.515488471936099e+16,CONVERGED
S4,S4_eta08_dpl,"Asymmetric Filling (eta=0.8, DPL)",1.1106060606060606,604109.761400592,1,2.1784320085642523,0.6934164447052137,-2.4111564848502105e-05,2.4111564848502105e-05,True,-0.570941718122957,0.821019962485235,3.208804766692749e+19,6.515488471936099e+16,CONVERGED
S4,S4_eta08_dpl,"Asymmetric Filling (eta=0.8, DPL)",1.1106060606060606,604109.761400592,2,1.3537956489949398e-05,4.309265389476903e-06,3.8157844072927354,3.8157844072927354,False,0.02202043468576752,2.981116866839055e-07,3.208804766692749e+19,6.515488471936099e+16,CONVERGED
S4,S4_eta08_dpl,"Asymmetric Filling (eta=0.8, DPL)",1.1106060606060606,604109.761400592,3,1.1081689619484669e-05,3.5274113615022595e-06,-3.8157835817745323,3.8157835817745323,False,45.41232671376047,0.0005032453095611259,3.208804766692749e+19,6.515488471936099e+16,CONVERGED
S4,S4_eta08_dpl,"Asymmetric Filling (eta=0.8, DPL)",1.1106060606060606,604109.761400592,4,2.1784242761205586,0.6934139833919416,2.382727223048674e-05,2.382727223048674e-05,True,-0.5709080002936228,-0.820985019224916,3.208804766692749e+19,6.515488471936099e+16,CONVERGED
S4,S4_eta08_dpl,"Asymmetric Filling (eta=0.8, DPL)",1.1282828282828283,613724.9690627207,0,3.140547911294981,0.999667448199047,-0.41780191080040086,0.41780191080040086,False,-1.5186189936439274,-0.0015865660696036052,3.072428964893023e+19,5.265067525175211e+16,CONVERGED
S4,S4_eta08_dpl,"Asymmetric Filling (eta=0.8, DPL)",1.1282828282828283,613724.9690627207,1,2.1158855156381273,0.6735072776607036,-9.569690231501955e-06,9.569690231501955e-06,True,-0.5184993181104962,-0.8550892331695988,3.072428964893023e+19,5.265067525175211e+16,CONVERGED
S4,S4_eta08_dpl,"Asymmetric Filling (eta=0.8, DPL)",1.1282828282828283,613724.9690627207,2,2.2166014289557896e-06,7.055661485657452e-07,3.829503747905442,3.829503747905442,False,0.021720391745637453,4.8145451380938364e-08,3.072428964893023e+19,5.265067525175211e+16,CONVERGED
S4,S4_eta08_dpl,"Asymmetric Filling (eta=0.8, DPL)",1.1282828282828283,613724.9690627207,3,5.289549298742933e-06,1.683715835246413e-06,-3.8294770818086383,3.8294770818086383,False,46.0384575910392,0.00024352269106815886,3.072428964893023e+19,5.265067525175211e+16,CONVERGED
S4,S4_eta08_dpl,"Asymmetric Filling (eta=0.8, DPL)",1.1282828282828283,613724.9690627207,4,2.115876511806572,0.673504411652106,2.7381635979307366e-06,2.7381635979307366e-06,True,-0.5184852375302715,0.8550833773094745,3.072428964893023e+19,5.265067525175211e+16,CONVERGED
S4,S4_eta08_dpl,"Asymmetric Filling (eta=0.8, DPL)",1.145959595959596,623340.1767248492,0,3.141382334661676,0.9999330534059286,-0.49879842876796443,0.49879842876796443,False,-1.6467413679440102,0.00034634088449952326,2.742513310278925e+19,1.1692387608932358e+17,CONVERGED
S4,S4_eta08_dpl,"Asymmetric Filling (eta=0.8, DPL)",1.145959595959596,623340.1767248492,1,2.0539023474622455,0.6537774224533279,9.262914908913455e-06,9.262914908913455e-06,True,-0.46452766529932277,-0.8855481480491869,2.742513310278925e+19,1.1692387608932358e+17,CONVERGED
S4,S4_eta08_dpl,"Asymmetric Filling (eta=0.8, DPL)",1.145959595959596,623340.1767248492,2,1.3381744479276714e-06,4.2595415621391406e-07,3.8430570408866345,3.8430570408866345,False,0.021427994858906854,2.8674395190531776e-08,2.742513310278925e+19,1.1692387608932358e+17,CONVERGED
S4,S4_eta08_dpl,"Asymmetric Filling (eta=0.8, DPL)",1.145959595959596,623340.1767248492,3,2.1536196771242832e-05,6.855184343086026e-06,-3.8430561157367604,3.8430561157367604,False,46.66787915538866,-0.001005048628542415,2.742513310278925e+19,1.1692387608932358e+17,CONVERGED
S4,S4_eta08_dpl,"Asymmetric Filling (eta=0.8, DPL)",1.145959595959596,623340.1767248492,4,2.0539157411454707,0.6537816857951109,1.662216548207775e-05,1.662216548207775e-05,True,-0.46453610735883827,0.8855354093324108,2.742513310278925e+19,1.1692387608932358e+17,CONVERGED
S4,S4_eta08_dpl,"Asymmetric Filling (eta=0.8, DPL)",1.1636363636363636,632955.3843869776,0,3.1414951641219786,0.9999689681385958,-0.569774423480794,0.569774423480794,False,-1.7678682084917077,0.0001723485313583087,3.234975574984796e+19,6.98177372066748e+16,CONVERGED
S4,S4_eta08_dpl,"Asymmetric Filling (eta=0.8, DPL)",1.1636363636363636,632955.3843869776,1,1.9924483578012444,0.6342160099987948,-5.1208744193981756e-05,5.1208744193981756e-05,True,-0.4092893058379979,0.912460786477911,3.234975574984796e+19,6.98177372066748e+16,CONVERGED
S4,S4_eta08_dpl,"Asymmetric Filling (eta=0.8, DPL)",1.1636363636363636,632955.3843869776,2,2.017228568817611e-05,6.421037961470248e-06,3.8565682015026814,3.8565682015026814,False,0.021140424851337786,-4.264506897284478e-07,3.234975574984796e+19,6.98177372066748e+16,CONVERGED
S4,S4_eta08_dpl,"Asymmetric Filling (eta=0.8, DPL)",1.1636363636363636,632955.3843869776,3,1.4198035651529618e-05,4.519375112271795e-06,-3.856578675301169,3.856578675301169,False,47.303234470512564,-0.000671613009490131,3.234975574984796e+19,6.98177372066748e+16,CONVERGED
S4,S4_eta08_dpl,"Asymmetric Filling (eta=0.8, DPL)",1.1636363636363636,632955.3843869776,4,1.9924810162086848,0.63422640549275,3.4224452264937143e-06,3.4224452264937143e-06,True,-0.40929674415710554,-0.9123975725282077,3.234975574984796e+19,6.98177372066748e+16,CONVERGED
S4,S4_eta08_dpl,"Asymmetric Filling (eta=0.8, DPL)",1.1813131313131313,642570.5920491063,0,3.141357171078801,0.9999250435887278,-0.6330156606668793,0.6330156606668793,False,-1.883281309700567,-0.0004434798199104519,3.7217108900763574e+19,7.1480498582231496e+16,CONVERGED
S4,S4_eta08_dpl,"Asymmetric Filling (eta=0.8, DPL)",1.1813131313131313,642570.5920491063,1,1.9313487977626884,0.6147674159970423,-5.832583689543708e-06,5.832583689543708e-06,True,-0.35279329300181944,-0.9357075171485745,3.7217108900763574e+19,7.1480498582231496e+16,CONVERGED
S4,S4_eta08_dpl,"Asymmetric Filling (eta=0.8, DPL)",1.1813131313131313,642570.5920491063,2,1.683264135819262e-05,5.357996154898861e-06,3.8699733146237487,3.8699733146237487,False,0.020858926043122544,-3.5111082123410666e-07,3.7217108900763574e+19,7.1480498582231496e+16,CONVERGED
S4,S4_eta08_dpl,"Asymmetric Filling (eta=0.8, DPL)",1.1813131313131313,642570.5920491063,3,3.421941509741206e-06,1.089237812493312e-06,-3.8699713725582696,3.8699713725582696,False,47.94101363231955,0.00016405134456814362,3.7217108900763574e+19,7.1480498582231496e+16,CONVERGED
S4,S4_eta08_dpl,"Asymmetric Filling (eta=0.8, DPL)",1.1813131313131313,642570.5920491063,4,1.9313565952523528,0.61476989801509,-1.6820882911808574e-06,1.6820882911808574e-06,True,-0.35279912486660514,0.9357008825878058,3.7217108900763574e+19,7.1480498582231496e+16,CONVERGED
S4,S4_eta08_dpl,"Asymmetric Filling (eta=0.8, DPL)",1.198989898989899,652185.7997112349,0,3.1415147273649464,0.9999751953122383,-0.6899904314755717,0.6899904314755717,False,-1.9936964503652106,0.0001553612381822473,4.229903015686477e+19,8.205517308053314e+16,CONVERGED
S4,S4_eta08_dpl,"Asymmetric Filling (eta=0.8, DPL)",1.198989898989899,652185.7997112349,1,1.8705889795326687,0.5954269651716969,-7.526571677486805e-06,7.526571677486805e-06,True,-0.2953243366760221,-0.9554049347912756,4.229903015686477e+19,8.205517308053314e+16,CONVERGED
S4,S4_eta08_dpl,"Asymmetric Filling (eta=0.8, DPL)",1.198989898989899,652185.7997112349,2,1.4197421270789435e-05,4.519179548808314e-06,3.883237464786757,3.883237464786757,False,0.020584076966090215,2.922408121775714e-07,4.229903015686477e+19,8.205517308053314e+16,CONVERGED
S4,S4_eta08_dpl,"Asymmetric Filling (eta=0.8, DPL)",1.198989898989899,652185.7997112349,3,4.513049443195551e-05,1.4365482546053958e-05,-3.8832479143502345,3.8832479143502345,False,48.58174841389756,-0.0021925183277766128,4.229903015686477e+19,8.205517308053314e+16,CONVERGED
S4,S4_eta08_dpl,"Asymmetric Filling (eta=0.8, DPL)",1.198989898989899,652185.7997112349,4,1.870574380867302,0.5954223182721856,1.2858910273940476e-05,1.2858910273940476e-05,True,-0.2953043690243753,0.9553897697512089,4.229903015686477e+19,8.205517308053314e+16,CONVERGED
S4,S4_eta08_dpl,"Asymmetric Filling (eta=0.8, DPL)",1.2166666666666666,661801.0073733634,0,3.14154072872884,0.9999834718034198,-0.7414372808977351,0.7414372808977351,False,-2.098950125647232,0.0001089876935201308,4.078167439017073e+19,4.4090772027521464e+16,CONVERGED
S4,S4_eta08_dpl,"Asymmetric Filling (eta=0.8, DPL)",1.2166666666666666,661801.0073733634,1,1.810026757971151,0.5761494113194128,-3.436626619772526e-05,3.436626619772526e-05,True,-0.23696318809017958,-0.9715540038436712,4.078167439017073e+19,4.4090772027521464e+16,CONVERGED
S4,S4_eta08_dpl,"Asymmetric Filling (eta=0.8, DPL)",1.2166666666666666,661801.0073733634,2,4.741841516640292e-06,1.5093750334633447e-06,3.8964403969649206,3.8964403969649206,False,0.020314093007631644,-9.632620959720196e-08,4.078167439017073e+19,4.4090772027521464e+16,CONVERGED
S4,S4_eta08_dpl,"Asymmetric Filling (eta=0.8, DPL)",1.2166666666666666,661801.0073733634,3,1.602157833089864e-05,5.099826774993033e-06,-3.896413155884851,3.896413155884851,False,49.225567628134264,0.0007886712877045832,4.078167439017073e+19,4.4090772027521464e+16,CONVERGED
S4,S4_eta08_dpl,"Asymmetric Filling (eta=0.8, DPL)",1.2166666666666666,661801.0073733634,4,1.8100328639610683,0.5761513549163684,2.8332585096938536e-05,2.8332585096938536e-05,True,-0.23695426315884383,0.9714916436110482,4.078167439017073e+19,4.4090772027521464e+16,CONVERGED
S4,S4_eta08_dpl,"Asymmetric Filling (eta=0.8, DPL)",1.2343434343434343,671416.215035492,0,3.141537306935731,0.9999823826128449,-0.7881172836699448,0.7881172836699448,False,-2.199251955107006,0.00012172123727911776,4.063254216711343e+19,8.277859899659389e+16,CONVERGED
S4,S4_eta08_dpl,"Asymmetric Filling (eta=0.8, DPL)",1.2343434343434343,671416.215035492,1,1.749622413120605,0.556922111185029,-7.024076835759293e-05,7.024076835759293e-05,True,-0.1778869972493887,0.9841223031789821,4.063254216711343e+19,8.277859899659389e+16,CONVERGED
S4,S4_eta08_dpl,"Asymmetric Filling (eta=0.8, DPL)",1.2343434343434343,671416.215035492,2,0.0001550499418758501,4.935392935130521e-05,3.9097068674563435,3.9097068674563435,False,0.02004637620486516,3.1081894902932283e-06,4.063254216711343e+19,8.277859899659389e+16,CONVERGED
S4,S4_eta08_dpl,"Asymmetric Filling (eta=0.8, DPL)",1.2343434343434343,671416.215035492,3,1.3855164297646103e-05,4.410235770641451e-06,-3.909486177888922,3.909486177888922,False,49.873319369639326,-0.0006910030339795449,4.063254216711343e+19,8.277859899659389e+16,CONVERGED
S4,S4_eta08_dpl,"Asymmetric Filling (eta=0.8, DPL)",1.2343434343434343,671416.215035492,4,1.7495633292444215,0.5569033042031257,2.5004682738365212e-05,2.5004682738365212e-05,True,-0.17781191459604936,-0.9840390820047027,4.063254216711343e+19,8.277859899659389e+16,CONVERGED
S4,S4_eta08_dpl,"Asymmetric Filling (eta=0.8, DPL)",1.252020202020202,681031.4226976206,0,3.141527947743034,0.9999794034892826,-0.830553558048038,0.830553558048038,False,-2.294588571937702,0.00014847329671947905,5.523055378209915e+19,6.142813988373105e+16,CONVERGED
S4,S4_eta08_dpl,"Asymmetric Filling (eta=0.8, DPL)",1.252020202020202,681031.4226976206,1,1.6892992590685925,0.5377206548844856,-1.5323460839188162e-05,1.5323460839188162e-05,True,-0.11822758356865978,-0.993001956631917,5.523055378209915e+19,6.142813988373105e+16,CONVERGED
S4,S4_eta08_dpl,"Asymmetric Filling (eta=0.8, DPL)",1.252020202020202,681031.4226976206,2,7.751964501711859e-05,2.4675269382406874e-05,3.922405196947334,3.922405196947334,False,0.019793430288495544,1.5343796927087712e-06,5.523055378209915e+19,6.142813988373105e+16,CONVERGED
S4,S4_eta08_dpl,"Asymmetric Filling (eta=0.8, DPL)",1.252020202020202,681031.4226976206,3,1.8836884002419233e-05,5.9959664028673335e-06,-3.9224567761987283,3.9224567761987283,False,50.52441960909915,-0.0009517226315787224,5.523055378209915e+19,6.142813988373105e+16,CONVERGED
S4,S4_eta08_dpl,"Asymmetric Filling (eta=0.8, DPL)",1.252020202020202,681031.4226976206,4,1.6892794075665492,0.5377143359551296,3.4056393907329815e-08,3.4056393907329815e-08,True,-0.11820605559951866,0.9929890534677701,5.523055378209915e+19,6.142813988373105e+16,CONVERGED
S4,S4_eta08_dpl,"Asymmetric Filling (eta=0.8, DPL)",1.2696969696969698,690646.6303597492,0,3.1414764123829797,0.9999629992746893,-0.869252670191106,0.869252670191106,False,-2.385127694159364,-0.0002772501228225504,3.791098545808479e+19,7.350789320015867e+16,CONVERGED
S4,S4_eta08_dpl,"Asymmetric Filling (eta=0.8, DPL)",1.2696969696969698,690646.6303597492,1,1.6290136825608168,0.5185311598877713,1.77132763838069e-05,1.77132763838069e-05,True,-0.058183445078958805,0.9982881652075662,3.791098545808479e+19,7.350789320015867e+16,CONVERGED
S4,S4_eta08_dpl,"Asymmetric Filling (eta=0.8, DPL)",1.2696969696969698,690646.6303597492,2,2.8111728478560163e-07,8.948241092440113e-08,3.9352746011180892,3.9352746011180892,False,0.01954033279344666,-5.49312529870092e-09,3.791098545808479e+19,7.350789320015867e+16,CONVERGED
S4,S4_eta08_dpl,"Asymmetric Filling (eta=0.8, DPL)",1.2696969696969698,690646.6303597492,3,1.3534658103283726e-05,4.308215480392763e-06,-3.935275027909089,3.935275027909089,False,51.17622290623593,-0.0006926526800956353,3.791098545808479e+19,7.350789320015867e+16,CONVERGED
S4,S4_eta08_dpl,"Asymmetric Filling (eta=0.8, DPL)",1.2696969696969698,690646.6303597492,4,1.6290192418827136,0.5185329294748916,2.9438538290879168e-05,2.9438538290879168e-05,True,-0.05818831260611057,-0.9982761366138594,3.791098545808479e+19,7.350789320015867e+16,CONVERGED
S4,S4_eta08_dpl,"Asymmetric Filling (eta=0.8, DPL)",1.2873737373737373,700261.8380218776,0,3.1415926268421077,0.9999999914859473,-0.904605859143722,0.904605859143722,False,-2.4709578256710554,-6.609240280510206e-08,3.6248910709325324e+19,9.114503261701102e+16,CONVERGED
S4,S4_eta08_dpl,"Asymmetric Filling (eta=0.8, DPL)",1.2873737373737373,700261.8380218776,1,1.5686643412304646,0.4993213679176402,-2.4786013228883734e-05,2.4786013228883734e-05,True,0.0021320367933617824,1.0000225135837106,3.6248910709325324e+19,9.114503261701102e+16,CONVERGED
S4,S4_eta08_dpl,"Asymmetric Filling (eta=0.8, DPL)",1.2873737373737373,700261.8380218776,2,7.492320717529259e-05,2.3848797548491953e-05,3.9480476236520716,3.9480476236520716,False,0.01929233086674501,1.4454433051280873e-06,3.6248910709325324e+19,9.114503261701102e+16,CONVERGED
S4,S4_eta08_dpl,"Asymmetric Filling (eta=0.8, DPL)",1.2873737373737373,700261.8380218776,3,1.707341994903563e-05,5.434638360745593e-06,-3.948034138215928,3.948034138215928,False,51.833369363680575,0.0008849728826055865,3.6248910709325324e+19,9.114503261701102e+16,CONVERGED
S4,S4_eta08_dpl,"Asymmetric Filling (eta=0.8, DPL)",1.2873737373737373,700261.8380218776,4,1.5687513786932472,0.49934907280251223,6.8190600419440486e-06,6.8190600419440486e-06,True,0.002044932731818116,-0.9999910900718252,3.6248910709325324e+19,9.114503261701102e+16,CONVERGED
S4,S4_eta08_dpl,"Asymmetric Filling (eta=0.8, DPL)",1.305050505050505,709877.0456840061,0,3.1414840614466706,0.9999654340472822,-0.9368397362992457,0.9368397362992457,False,-2.551903957084611,0.0002771167208319964,5.235643977094359e+19,1.2371429858546917e+17,CONVERGED
S4,S4_eta08_dpl,"Asymmetric Filling (eta=0.8, DPL)",1.305050505050505,709877.0456840061,1,1.5082989076434437,0.4801064536231204,2.1334990914036815e-05,2.1334990914036815e-05,True,0.06245540953289498,0.9980263787839483,5.235643977094359e+19,1.2371429858546917e+17,CONVERGED
S4,S4_eta08_dpl,"Asymmetric Filling (eta=0.8, DPL)",1.305050505050505,709877.0456840061,2,0.0003431920013999687,0.00010924140690481138,3.9601303001720556,3.9601303001720556,False,0.01906062940387289,6.541455809877421e-06,5.235643977094359e+19,1.2371429858546917e+17,CONVERGED
S4,S4_eta08_dpl,"Asymmetric Filling (eta=0.8, DPL)",1.305050505050505,709877.0456840061,3,6.234083803516384e-06,1.984370505957513e-06,-3.960654557095791,3.960654557095791,False,52.49167350299682,-0.00032723749160874186,5.235643977094359e+19,1.2371429858546917e+17,CONVERGED
S4,S4_eta08_dpl,"Asymmetric Filling (eta=0.8, DPL)",1.305050505050505,709877.0456840061,4,1.5083177826298844,0.480112461717906,4.5503546813934906e-05,4.5503546813934906e-05,True,0.06243506280386336,-0.9980034368578445,5.235643977094359e+19,1.2371429858546917e+17,CONVERGED
S4,S4_eta08_dpl,"Asymmetric Filling (eta=0.8, DPL)",1.3227272727272728,719492.2533461349,0,3.1413905675443647,0.9999356740138804,-0.9665927131134562,0.9665927131134562,False,-2.6289714674767266,0.0005312784546390004,5.270583388213768e+19,2.0060473240669565e+17,CONVERGED
S4,S4_eta08_dpl,"Asymmetric Filling (eta=0.8, DPL)",1.3227272727272728,719492.2533461349,1,1.4476724928241236,0.4608084664222513,-8.068232012916696e-06,8.068232012916696e-06,True,0.12281397838006186,-0.9924378385111488,5.270583388213768e+19,2.0060473240669565e+17,CONVERGED
S4,S4_eta08_dpl,"Asymmetric Filling (eta=0.8, DPL)",1.3227272727272728,719492.2533461349,2,0.00023104180836525697,7.354289172444213e-05,3.9730235618875085,3.9730235618875085,False,0.01881645382271096,-4.347387595575469e-06,5.270583388213768e+19,2.0060473240669565e+17,CONVERGED
S4,S4_eta08_dpl,"Asymmetric Filling (eta=0.8, DPL)",1.3227272727272728,719492.2533461349,3,3.5494119124750117e-06,1.1298129018793118e-06,-3.9731350989020355,3.9731350989020355,False,53.150903244503375,-0.00018865444913563928,5.270583388213768e+19,2.0060473240669565e+17,CONVERGED
S4,S4_eta08_dpl,"Asymmetric Filling (eta=0.8, DPL)",1.3227272727272728,719492.2533461349,4,1.4477198017044273,0.46082352530655624,-4.363148292532578e-07,4.363148292532578e-07,True,0.12276609017552316,0.9924360733735219,5.270583388213768e+19,2.0060473240669565e+17,CONVERGED
S4,S4_eta08_dpl,"Asymmetric Filling (eta=0.8, DPL)",1.3404040404040405,729107.4610082634,0,3.1414963210748303,0.9999693364081264,-0.9935322520195891,0.9935322520195891,False,-2.7007573870060444,0.00026017075219958994,3.895619480219959e+19,7.24852119581987e+16,CONVERGED
S4,S4_eta08_dpl,"Asymmetric Filling (eta=0.8, DPL)",1.3404040404040405,729107.4610082634,1,1.3868824152288812,0.4414583837418059,-1.6229295285028217e-05,1.6229295285028217e-05,True,0.1828818375734674,-0.9831514087886503,3.895619480219959e+19,7.24852119581987e+16,CONVERGED
S4,S4_eta08_dpl,"Asymmetric Filling (eta=0.8, DPL)",1.3404040404040405,729107.4610082634,2,2.5991237771936772e-05,8.273267936961035e-06,3.9855088194760793,3.9855088194760793,False,0.018582986525039938,-4.829948213937716e-07,3.895619480219959e+19,7.24852119581987e+16,CONVERGED
S4,S4_eta08_dpl,"Asymmetric Filling (eta=0.8, DPL)",1.3404040404040405,729107.4610082634,3,7.943007681789253e-06,2.528337871147312e-06,-3.9854783779750926,3.9854783779750926,False,53.8110253293043,-0.000427421387564609,3.895619480219959e+19,7.24852119581987e+16,CONVERGED
S4,S4_eta08_dpl,"Asymmetric Filling (eta=0.8, DPL)",1.3404040404040405,729107.4610082634,4,1.3868854183508945,0.44145933966523215,-6.203423427483985e-06,6.203423427483985e-06,True,0.18287705153792908,0.9831421010945538,3.895619480219959e+19,7.24852119581987e+16,CONVERGED
S4,S4_eta08_dpl,"Asymmetric Filling (eta=0.8, DPL)",1.358080808080808,738722.6686703919,0,3.141527902982224,0.9999793892414743,-1.0189382499826984,1.0189382499826984,False,-2.7702518811446635,0.00017937549267485142,3.5437979118983737e+19,1.3910070095545386e+17,CONVERGED
S4,S4_eta08_dpl,"Asymmetric Filling (eta=0.8, DPL)",1.358080808080808,738722.6686703919,1,1.3256844491393605,0.42197846612117107,-2.294245869594501e-05,2.294245869594501e-05,True,0.2426704273522115,0.970132439236425,3.5437979118983737e+19,1.3910070095545386e+17,CONVERGED
S4,S4_eta08_dpl,"Asymmetric Filling (eta=0.8, DPL)",1.358080808080808,738722.6686703919,2,7.699898596523753e-06,2.4509538458862053e-06,3.9976878440490724,3.9976878440490724,False,0.0183580364976958,-1.413550194663333e-07,3.5437979118983737e+19,1.3910070095545386e+17,CONVERGED
S4,S4_eta08_dpl,"Asymmetric Filling (eta=0.8, DPL)",1.358080808080808,738722.6686703919,3,8.915391355594683e-07,2.8378572076832947e-07,-3.9977538900040073,3.9977538900040073,False,54.47565420362338,4.856717765774777e-05,3.5437979118983737e+19,1.3910070095545386e+17,CONVERGED
S4,S4_eta08_dpl,"Asymmetric Filling (eta=0.8, DPL)",1.358080808080808,738722.6686703919,4,1.3257006087448506,0.4219836098833554,-4.6196261935581806e-06,4.6196261935581806e-06,True,0.24265030428142195,-0.9701185850849382,3.5437979118983737e+19,1.3910070095545386e+17,CONVERGED
S4,S4_eta08_dpl,"Asymmetric Filling (eta=0.8, DPL)",1.3757575757575757,748337.8763325205,0,3.141466218394989,0.9999597544275323,-1.0417881711642543,1.0417881711642543,False,-2.8342806419672595,0.0003583528270064503,6.302037353307515e+19,7.377835062346352e+16,CONVERGED
S4,S4_eta08_dpl,"Asymmetric Filling (eta=0.8, DPL)",1.3757575757575757,748337.8763325205,1,1.264017144548288,0.40234915341552563,-9.328860504665717e-06,9.328860504665717e-06,True,0.3019925838241413,0.9533200602160246,6.302037353307515e+19,7.377835062346352e+16,CONVERGED
S4,S4_eta08_dpl,"Asymmetric Filling (eta=0.8, DPL)",1.3757575757575757,748337.8763325205,2,3.578222701892993e-05,1.1389836609798146e-05,4.009496920838941,4.009496920838941,False,0.01814252005351245,-6.491797715273343e-07,6.302037353307515e+19,7.377835062346352e+16,CONVERGED
S4,S4_eta08_dpl,"Asymmetric Filling (eta=0.8, DPL)",1.3757575757575757,748337.8763325205,3,4.1532950254730573e-07,1.322034866846033e-07,-4.009835316430156,4.009835316430156,False,55.137789527718155,2.290035069610654e-05,6.302037353307515e+19,7.377835062346352e+16,CONVERGED
S4,S4_eta08_dpl,"Asymmetric Filling (eta=0.8, DPL)",1.3757575757575757,748337.8763325205,4,1.264037164435244,0.402355525943464,6.277416341200515e-06,6.277416341200515e-06,True,0.30196878575854286,-0.9533112281273312,6.302037353307515e+19,7.377835062346352e+16,CONVERGED
S4,S4_eta08_dpl,"Asymmetric Filling (eta=0.8, DPL)",1.3934343434343435,757953.0839946492,0,3.1415655828622726,0.9999913831198041,-1.0626684140557652,1.0626684140557652,False,-2.8940833063782976,-7.834494062779882e-05,4.603647190512265e+19,1.40309287044532e+17,CONVERGED
S4,S4_eta08_dpl,"Asymmetric Filling (eta=0.8, DPL)",1.3934343434343435,757953.0839946492,1,1.2018839692483616,0.38257154945756855,1.5926230216001935e-05,1.5926230216001935e-05,True,0.36059543650223636,0.9327052477715636,4.603647190512265e+19,1.40309287044532e+17,CONVERGED
S4,S4_eta08_dpl,"Asymmetric Filling (eta=0.8, DPL)",1.3934343434343435,757953.0839946492,2,0.002201801519706099,0.0007008551911369458,4.0226003944759245,4.0226003944759245,False,0.017906297391178633,3.9426176520007485e-05,4.603647190512265e+19,1.40309287044532e+17,CONVERGED
S4,S4_eta08_dpl,"Asymmetric Filling (eta=0.8, DPL)",1.3934343434343435,757953.0839946492,3,6.812647111377334e-05,2.1685329266328494e-05,-4.021751132013041,4.021751132013041,False,55.798731139455164,0.0038013706510382915,4.603647190512265e+19,1.40309287044532e+17,CONVERGED
S4,S4_eta08_dpl,"Asymmetric Filling (eta=0.8, DPL)",1.3934343434343435,757953.0839946492,4,1.201838349126995,0.3825570281219287,2.3228829988264364e-05,2.3228829988264364e-05,True,0.3606353526683291,-0.9326819853652979,4.603647190512265e+19,1.40309287044532e+17,CONVERGED
S4,S4_eta08_dpl,"Asymmetric Filling (eta=0.8, DPL)",1.4111111111111112,767568.2916567777,0,3.141556294806739,0.9999884266399043,-1.0817093659462993,1.0817093659462993,False,-2.9497173885921097,-0.00010724813465063816,4.051169898464479e+19,1.1402355509882587e+17,CONVERGED
S4,S4_eta08_dpl,"Asymmetric Filling (eta=0.8, DPL)",1.4111111111111112,767568.2916567777,1,1.1389585473465529,0.3625417655739368,-1.0915716928579664e-05,1.0915716928579664e-05,True,0.41854514478181015,-0.9082080122151193,4.051169898464479e+19,1.1402355509882587e+17,CONVERGED
S4,S4_eta08_dpl,"Asymmetric Filling (eta=0.8, DPL)",1.4111111111111112,767568.2916567777,2,5.375408047856054e-05,1.711045523904493e-05,4.033573093755602,4.033573093755602,False,0.01771093390811372,-9.520349675641805e-07,4.051169898464479e+19,1.1402355509882587e+17,CONVERGED
S4,S4_eta08_dpl,"Asymmetric Filling (eta=0.8, DPL)",1.4111111111111112,767568.2916567777,3,1.3795228109822436e-05,4.391157489517009e-06,-4.033640583641134,4.033640583641134,False,56.46610708455451,0.0007789628277545045,4.051169898464479e+19,1.1402355509882587e+17,CONVERGED
S4,S4_eta08_dpl,"Asymmetric Filling (eta=0.8, DPL)",1.4111111111111112,767568.2916567777,4,1.1389418622061187,0.36253645452878425,9.032283078682176e-06,9.032283078682176e-06,True,0.4185519489442196,0.9081829119907516,4.051169898464479e+19,1.1402355509882587e+17,CONVERGED
S4,S4_eta08_dpl,"Asymmetric Filling (eta=0.8, DPL)",1.4287878787878787,777183.4993189061,0,3.1415678906987203,0.9999921177269611,-1.099370692732247,1.099370692732247,False,-3.0022760742551498,-7.434503541228878e-05,6.714800065357509e+19,7.905997217780464e+16,CONVERGED
S4,S4_eta08_dpl,"Asymmetric Filling (eta=0.8, DPL)",1.4287878787878787,777183.4993189061,1,1.075275926547329,0.34227095779545036,-7.735107645281853e-06,7.735107645281853e-06,True,0.4754932008384165,-0.8797281888693759,6.714800065357509e+19,7.905997217780464e+16,CONVERGED
S4,S4_eta08_dpl,"Asymmetric Filling (eta=0.8, DPL)",1.4287878787878787,777183.4993189061,2,0.001024406578552739,0.0003260787414250488,4.046058129933335,4.046058129933335,False,0.01749117773428913,-1.7918083805439917e-05,6.714800065357509e+19,7.905997217780464e+16,CONVERGED
S4,S4_eta08_dpl,"Asymmetric Filling (eta=0.8, DPL)",1.4287878787878787,777183.4993189061,3,9.822191013214303e-06,3.1265005034916966e-06,-4.045316316363789,4.045316316363789,False,57.12925409154803,0.0005611344461476847,6.714800065357509e+19,7.905997217780464e+16,CONVERGED
S4,S4_eta08_dpl,"Asymmetric Filling (eta=0.8, DPL)",1.4287878787878787,777183.4993189061,4,1.075142744248434,0.3422285645530474,9.44570864770418e-05,9.44570864770418e-05,True,0.47556175966068154,0.8795749635014862,6.714800065357509e+19,7.905997217780464e+16,CONVERGED
S4,S4_eta08_dpl,"Asymmetric Filling (eta=0.8, DPL)",1.4464646464646465,786798.7069810347,0,3.1415630864670767,0.9999905884925333,-1.115219729962718,1.115219729962718,False,-3.0502383329756038,9.018677113221037e-05,3.882804414390205e+19,1.896679041491237e+17,CONVERGED
S4,S4_eta08_dpl,"Asymmetric Filling (eta=0.8, DPL)",1.4464646464646465,786798.7069810347,1,1.0102905785233716,0.3215854790623304,-1.1408329376962502e-06,1.1408329376962502e-06,True,0.5316152342606253,-0.8469873224378857,3.882804414390205e+19,1.896679041491237e+17,CONVERGED
S4,S4_eta08_dpl,"Asymmetric Filling (eta=0.8, DPL)",1.4464646464646465,786798.7069810347,2,0.00011039689588709025,3.514042336486349e-05,4.057118398600877,4.057118398600877,False,0.01729879549109335,-1.9097333325605744e-06,3.882804414390205e+19,1.896679041491237e+17,CONVERGED
S4,S4_eta08_dpl,"Asymmetric Filling (eta=0.8, DPL)",1.4464646464646465,786798.7069810347,3,5.535663588100068e-05,1.762056446679887e-05,-4.056901780170372,4.056901780170372,False,57.79497178980286,0.0031993352123887916,3.882804414390205e+19,1.896679041491237e+17,CONVERGED
S4,S4_eta08_dpl,"Asymmetric Filling (eta=0.8, DPL)",1.4464646464646465,786798.7069810347,4,1.0102895913710996,0.3215851648420031,8.520046304940264e-06,8.520046304940264e-06,True,0.531610934511975,0.8469786150546401,3.882804414390205e+19,1.896679041491237e+17,CONVERGED
S4,S4_eta08_dpl,"Asymmetric Filling (eta=0.8, DPL)",1.4641414141414142,796413.9146431634,0,3.1415522045765605,0.9999871246792017,-1.1295663029671952,1.1295663029671952,False,-3.094314211648441,0.00012516195656216343,6.854479117064138e+19,7.259890809050267e+16,CONVERGED
S4,S4_eta08_dpl,"Asymmetric Filling (eta=0.8, DPL)",1.4641414141414142,796413.9146431634,1,0.9440201826633284,0.30049095689876537,-3.7341531258839885e-07,3.7341531258839885e-07,True,0.5865369556911774,0.8099229262339904,6.854479117064138e+19,7.259890809050267e+16,CONVERGED
S4,S4_eta08_dpl,"Asymmetric Filling (eta=0.8, DPL)",1.4641414141414142,796413.9146431634,2,5.286779856833648e-05,1.6828342945074755e-05,4.055192775645319,4.055192775645319,False,0.017332138622958914,-9.163120143307752e-07,6.854479117064138e+19,7.259890809050267e+16,CONVERGED
S4,S4_eta08_dpl,"Asymmetric Filling (eta=0.8, DPL)",1.4641414141414142,796413.9146431634,3,3.9311057094162796e-05,1.2513098109407456e-05,-4.068300373738953,4.068300373738953,False,58.45752212504919,0.0022980269910248523,6.854479117064138e+19,7.259890809050267e+16,CONVERGED
S4,S4_eta08_dpl,"Asymmetric Filling (eta=0.8, DPL)",1.4641414141414142,796413.9146431634,4,0.9440165927590815,0.3004898141967531,1.1046434361363924e-06,1.1046434361363924e-06,True,0.5865389962934149,-0.8099196235075933,6.854479117064138e+19,7.259890809050267e+16,CONVERGED
S4,S4_eta08_dpl,"Asymmetric Filling (eta=0.8, DPL)",1.4818181818181817,806029.1223052919,0,3.141560944078278,0.9999899065489987,-1.1425824844432868,1.1425824844432868,False,-3.1348536298145313,-9.940467730616409e-05,7.92693449602943e+19,1.0523448147863645e+17,CONVERGED
S4,S4_eta08_dpl,"Asymmetric Filling (eta=0.8, DPL)",1.4818181818181817,806029.1223052919,1,0.876011644246292,0.2788431667757125,-3.550417423646736e-06,3.550417423646736e-06,True,0.6402223223746251,0.7681942975532297,7.92693449602943e+19,1.0523448147863645e+17,CONVERGED
S4,S4_eta08_dpl,"Asymmetric Filling (eta=0.8, DPL)",1.4818181818181817,806029.1223052919,2,2.7187703683390057e-06,8.654114865058515e-07,4.07952435785923,4.07952435785923,False,0.01691550946863808,-4.59893859088044e-08,7.92693449602943e+19,1.0523448147863645e+17,CONVERGED
S4,S4_eta08_dpl,"Asymmetric Filling (eta=0.8, DPL)",1.4818181818181817,806029.1223052919,3,3.900710359496421e-05,1.241634670567239e-05,4.041867903918063,4.041867903918063,False,0.017564632694844876,6.851454474828048e-07,7.92693449602943e+19,1.0523448147863645e+17,CONVERGED
S4,S4_eta08_dpl,"Asymmetric Filling (eta=0.8, DPL)",1.4818181818181817,806029.1223052919,4,0.8760287220901254,0.2788486028222394,1.893872915526069e-05,1.893872915526069e-05,True,0.640194805582301,-0.7681879549722653,7.92693449602943e+19,1.0523448147863645e+17,CONVERGED
S4,S4_eta08_dpl,"Asymmetric Filling (eta=0.8, DPL)",1.4994949494949494,815644.3299674204,0,3.1415723883607276,0.9999935493772427,-1.154349646390229,1.154349646390229,False,-3.1719598503858752,-6.428049296397308e-05,1.1148934880326936e+20,9.55632308430606e+16,CONVERGED
S4,S4_eta08_dpl,"Asymmetric Filling (eta=0.8, DPL)",1.4994949494949494,815644.3299674204,1,0.8057426050944083,0.2564758369210321,4.310607490261602e-05,4.310607490261602e-05,True,0.6925458978722103,0.7213140584424578,1.1148934880326936e+20,9.55632308430606e+16,CONVERGED
S4,S4_eta08_dpl,"Asymmetric Filling (eta=0.8, DPL)",1.4994949494949494,815644.3299674204,2,4.149281858401741e-05,1.3207574360923257e-05,-4.090602932348323,4.090602932348323,False,59.775921626609076,-0.002480271473168723,1.1148934880326936e+20,9.55632308430606e+16,CONVERGED
S4,S4_eta08_dpl,"Asymmetric Filling (eta=0.8, DPL)",1.4994949494949494,815644.3299674204,3,2.508989370637918e-05,7.986361210040963e-06,4.029541719125794,4.029541719125794,False,0.017782477450311616,4.461604691580228e-07,1.1148934880326936e+20,9.55632308430606e+16,CONVERGED
S4,S4_eta08_dpl,"Asymmetric Filling (eta=0.8, DPL)",1.4994949494949494,815644.3299674204,4,0.8057901008870358,0.2564909553013776,5.089894629330561e-05,5.089894629330561e-05,True,0.6925062410750427,-0.7213413293030962,1.1148934880326936e+20,9.55632308430606e+16,CONVERGED
S4,S4_eta08_dpl,"Asymmetric Filling (eta=0.8, DPL)",1.5171717171717172,825259.537629549,0,3.1415342018143617,0.9999813942220152,-1.1648464870535247,1.1648464870535247,False,-3.2054307648328044,-0.00018736311944016502,7.284313910637886e+19,1.2566463812702718e+17,CONVERGED
S4,S4_eta08_dpl,"Asymmetric Filling (eta=0.8, DPL)",1.5171717171717172,825259.537629549,1,0.7326088300741455,0.23319663331814128,-6.4977975160885325e-06,6.4977975160885325e-06,True,0.7434369496211122,0.6688157426507926,7.284313910637886e+19,1.2566463812702718e+17,CONVERGED
S4,S4_eta08_dpl,"Asymmetric Filling (eta=0.8, DPL)",1.5171717171717172,825259.537629549,2,7.209902503709095e-05,2.2949832453518695e-05,4.0181756149657435,4.0181756149657435,False,0.01798574790864055,1.2967548910228417e-06,7.284313910637886e+19,1.2566463812702718e+17,CONVERGED
S4,S4_eta08_dpl,"Asymmetric Filling (eta=0.8, DPL)",1.5171717171717172,825259.537629549,3,6.70380914399526e-05,2.1338887256229866e-05,4.101476556293663,4.101476556293663,False,0.016548222933547328,1.1093612838497288e-06,7.284313910637886e+19,1.2566463812702718e+17,CONVERGED
S4,S4_eta08_dpl,"Asymmetric Filling (eta=0.8, DPL)",1.5171717171717172,825259.537629549,4,0.7326392136713128,0.23320630471749748,1.557849089065397e-05,1.557849089065397e-05,True,0.7434002165511184,-0.6688235653259704,7.284313910637886e+19,1.2566463812702718e+17,CONVERGED
S4,S4_eta08_dpl,"Asymmetric Filling (eta=0.8, DPL)",1.534848484848485,834874.7452916778,0,3.141308127913134,0.9999094326642463,-1.1735838740727358,1.1735838740727358,False,-3.233560440147046,-0.0009200309970788148,5.6835875443078775e+19,5.425020583181891e+16,CONVERGED
S4,S4_eta08_dpl,"Asymmetric Filling (eta=0.8, DPL)",1.534848484848485,834874.7452916778,1,0.6555586135473519,0.2086707876650612,-1.8096057581166476e-05,1.8096057581166476e-05,True,0.7927218647893142,-0.6096131870744408,5.6835875443078775e+19,5.425020583181891e+16,CONVERGED
S4,S4_eta08_dpl,"Asymmetric Filling (eta=0.8, DPL)",1.534848484848485,834874.7452916778,2,0.0003552048663785009,0.00011306522058886921,4.00831833615495,4.00831833615495,False,0.0181639140210227,6.4519109240948866e-06,5.6835875443078775e+19,5.425020583181891e+16,CONVERGED
S4,S4_eta08_dpl,"Asymmetric Filling (eta=0.8, DPL)",1.534848484848485,834874.7452916778,3,5.095076368488042e-06,1.6218131789511503e-06,-4.112385092983106,4.112385092983106,False,61.09225464798839,-0.0003112697029573129,5.6835875443078775e+19,5.425020583181891e+16,CONVERGED
S4,S4_eta08_dpl,"Asymmetric Filling (eta=0.8, DPL)",1.534848484848485,834874.7452916778,4,0.6554473233548306,0.20863536289654638,1.1672005708043406e-05,1.1672005708043406e-05,True,0.7927661043861738,0.60950681702293,5.6835875443078775e+19,5.425020583181891e+16,CONVERGED
S4,S4_eta08_dpl,"Asymmetric Filling (eta=0.8, DPL)",1.5525252525252524,844489.952953806,0,3.1415906216256944,0.999999353205739,-1.1820313399867357,1.1820313399867357,False,-3.2609916622124513,6.626217984052102e-06,7.552722051164784e+19,5.034173532044616e+16,CONVERGED
S4,S4_eta08_dpl,"Asymmetric Filling (eta=0.8, DPL)",1.5525252525252524,844489.952953806,1,0.5727000679620848,0.1822960934504604,-4.487641422400713e-05,4.487641422400713e-05,True,0.8404785816635582,-0.5419275879867782,7.552722051164784e+19,5.034173532044616e+16,CONVERGED
S4,S4_eta08_dpl,"Asymmetric Filling (eta=0.8, DPL)",1.5525252525252524,844489.952953806,2,3.48231903328267e-06,1.1084565751398546e-06,3.998091258108423,3.998091258108423,False,0.018350632101722504,-6.390275544085455e-08,7.552722051164784e+19,5.034173532044616e+16,CONVERGED
S4,S4_eta08_dpl,"Asymmetric Filling (eta=0.8, DPL)",1.5525252525252524,844489.952953806,3,1.0778939336957026e-05,3.4310429535287753e-06,-4.123028306672208,4.123028306672208,False,61.745945078939826,-0.0006655557963347485,7.552722051164784e+19,5.034173532044616e+16,CONVERGED
S4,S4_eta08_dpl,"Asymmetric Filling (eta=0.8, DPL)",1.5525252525252524,844489.952953806,4,0.5727357732654134,0.18230745880149907,-4.267764626896471e-05,4.267764626896471e-05,True,0.8404573834661072,0.5419564055463404,7.552722051164784e+19,5.034173532044616e+16,CONVERGED
S4,S4_eta08_dpl,"Asymmetric Filling (eta=0.8, DPL)",1.5702020202020202,854105.1606159348,0,3.141552399932501,0.9999871868629288,-1.1890761309535367,1.1890761309535367,False,-3.284045774527646,0.00013219485321129177,5.711051732093521e+19,1.0078887422026402e+17,CONVERGED
S4,S4_eta08_dpl,"Asymmetric Filling (eta=0.8, DPL)",1.5702020202020202,854105.1606159348,1,0.4814407309329539,0.15324734426750955,2.217228210612158e-06,2.217228210612158e-06,True,0.886326737706209,0.46305559016221803,5.711051732093521e+19,1.0078887422026402e+17,CONVERGED
S4,S4_eta08_dpl,"Asymmetric Filling (eta=0.8, DPL)",1.5702020202020202,854105.1606159348,2,5.1594900944042976e-05,1.6423167047162275e-05,3.988843713397438,3.988843713397438,False,0.018521117438570225,-9.5559522046396e-07,5.711051732093521e+19,1.0078887422026402e+17,CONVERGED
S4,S4_eta08_dpl,"Asymmetric Filling (eta=0.8, DPL)",1.5702020202020202,854105.1606159348,3,4.4627764038518635e-06,1.4205458491737933e-06,-4.133436854492807,4.133436854492807,False,62.391987050832,-0.0002784414876017326,5.711051732093521e+19,1.0078887422026402e+17,CONVERGED
S4,S4_eta08_dpl,"Asymmetric Filling (eta=0.8, DPL)",1.5702020202020202,854105.1606159348,4,0.48136136379692523,0.15322208092347353,5.050258915926253e-05,5.050258915926253e-05,True,0.8863206889630173,-0.462962888619223,5.711051732093521e+19,1.0078887422026402e+17,CONVERGED
S4,S4_eta08_dpl,"Asymmetric Filling (eta=0.8, DPL)",1.587878787878788,863720.3682780633,0,3.141590931944652,0.9999994519833311,-1.194944336661334,1.194944336661334,False,-3.3033738885595825,-5.68723760439076e-06,2.678957175261419e+20,1.4752978543533718e+17,CONVERGED
S4,S4_eta08_dpl,"Asymmetric Filling (eta=0.8, DPL)",1.587878787878788,863720.3682780633,1,0.3750291639562502,0.11937549049451618,-0.00014915074389526206,0.00014915074389526206,True,0.9306357342217205,0.36635430415610354,2.678957175261419e+20,1.4752978543533718e+17,CONVERGED
S4,S4_eta08_dpl,"Asymmetric Filling (eta=0.8, DPL)",1.587878787878788,863720.3682780633,2,1.2118211341446114e-06,3.857346472846834e-07,3.9802668614672756,3.9802668614672756,False,0.018680653525878523,2.2637610742303728e-08,2.678957175261419e+20,1.4752978543533718e+17,CONVERGED
S4,S4_eta08_dpl,"Asymmetric Filling (eta=0.8, DPL)",1.587878787878788,863720.3682780633,3,2.7979821229651537e-05,8.906253711053191e-06,-4.143732683779164,4.143732683779164,False,63.03768255591155,0.0017637830891061995,2.678957175261419e+20,1.4752978543533718e+17,CONVERGED
S4,S4_eta08_dpl,"Asymmetric Filling (eta=0.8, DPL)",1.587878787878788,863720.3682780633,4,0.37521022978987406,0.11943312553940875,-3.817773249289219e-05,3.817773249289219e-05,True,0.9304661223620615,-0.366482132602188,2.678957175261419e+20,1.4752978543533718e+17,CONVERGED
S4,S4_eta08_dpl,"Asymmetric Filling (eta=0.8, DPL)",1.6055555555555556,873335.5759401919,0,3.1414695191746786,0.9999608050983396,-1.1998140308035787,1.1998140308035787,False,-3.3194995155039386,-0.0004087446333804495,9.46533641280883e+19,6.1638753351406776e+16,CONVERGED
S4,S4_eta08_dpl,"Asymmetric Filling (eta=0.8, DPL)",1.6055555555555556,873335.5759401919,1,0.2343129116268208,0.07458411623132594,-2.4956737027770476e-05,2.4956737027770476e-05,True,0.9726983705453546,0.23218052170276,9.46533641280883e+19,6.1638753351406776e+16,CONVERGED
S4,S4_eta08_dpl,"Asymmetric Filling (eta=0.8, DPL)",1.6055555555555556,873335.5759401919,2,1.1700281689942181e-05,3.7243153330437858e-06,4.1538173503855695,4.1538173503855695,False,0.015704352897248437,1.8374535266445104e-07,9.46533641280883e+19,6.1638753351406776e+16,CONVERGED
S4,S4_eta08_dpl,"Asymmetric Filling (eta=0.8, DPL)",1.6055555555555556,873335.5759401919,3,0.00016041424570078594,5.106144029127581e-05,3.972107226790273,3.972107226790273,False,0.018833704162326954,3.0211944728659585e-06,9.46533641280883e+19,6.1638753351406776e+16,CONVERGED
S4,S4_eta08_dpl,"Asymmetric Filling (eta=0.8, DPL)",1.6055555555555556,873335.5759401919,4,0.23432313067111366,0.0745873690541517,-1.7125765615705155e-05,1.7125765615705155e-05,True,0.9726883807068036,-0.23218864346862023,9.46533641280883e+19,6.1638753351406776e+16,CONVERGED
S4,S4_eta08_dpl,"Asymmetric Filling (eta=0.8, DPL)",1.6232323232323231,882950.7836023204,0,3.1415091273883458,0.999973412784324,-1.2037692388046513,1.2037692388046513,False,-3.3326548390305564,0.0002783640000872503,1.2104542254179443e+20,1.0506223052224662e+17,CONVERGED
S4,S4_eta08_dpl,"Asymmetric Filling (eta=0.8, DPL)",1.6232323232323231,882950.7836023204,1,1.1722009552034621e-05,3.7312315263534475e-06,-0.1604155720775454,0.1604155720775454,False,1.1739986506086246,-1.3761623397140362e-05,1.2104542254179443e+20,1.0506223052224662e+17,CONVERGED
S4,S4_eta08_dpl,"Asymmetric Filling (eta=0.8, DPL)",1.6232323232323231,882950.7836023204,2,5.609395946777803e-05,1.7855261853786593e-05,-4.1636855513546385,4.1636855513546385,False,64.30809707175544,0.0036072957943764756,1.2104542254179443e+20,1.0506223052224662e+17,CONVERGED
S4,S4_eta08_dpl,"Asymmetric Filling (eta=0.8, DPL)",1.6232323232323231,882950.7836023204,3,0.00011363581193151462,3.617140236232306e-05,3.964233046458642,3.964233046458642,False,0.018982589672814673,-2.157101999318036e-06,1.2104542254179443e+20,1.0506223052224662e+17,CONVERGED
S4,S4_eta08_dpl,"Asymmetric Filling (eta=0.8, DPL)",1.6232323232323231,882950.7836023204,4,1.5473351630054493e-06,4.925320796244417e-07,0.16043173107932646,0.16043173107932646,False,0.8517759714122877,-1.317982911570409e-06,1.2104542254179443e+20,1.0506223052224662e+17,CONVERGED
S4,S4_eta08_dpl,"Asymmetric Filling (eta=0.8, DPL)",1.6409090909090909,892565.9912644491,0,3.1414682897231536,0.9999604137517646,-1.2065459575620487,1.2065459575620487,False,-3.3419215296104787,-0.0004156142855713835,6.270790575056346e+19,8.476899998838624e+16,CONVERGED
S4,S4_eta08_dpl,"Asymmetric Filling (eta=0.8, DPL)",1.6409090909090909,892565.9912644491,1,2.3587495761658203e-05,7.5081330912540676e-06,-0.31825887785012935,0.31825887785012935,False,1.3747321024746775,-3.242648764655063e-05,6.270790575056346e+19,8.476899998838624e+16,CONVERGED
S4,S4_eta08_dpl,"Asymmetric Filling (eta=0.8, DPL)",1.6409090909090909,892565.9912644491,2,1.4608204526129687e-05,4.649935920061877e-06,-4.173499412491285,4.173499412491285,False,64.94231487365737,-0.0009486906181421842,6.270790575056346e+19,8.476899998838624e+16,CONVERGED
S4,S4_eta08_dpl,"Asymmetric Filling (eta=0.8, DPL)",1.6409090909090909,892565.9912644491,3,0.00016790978291575157,5.344734388905788e-05,3.956977805207359,3.956977805207359,False,0.019120813612595707,3.2105716930361195e-06,6.270790575056346e+19,8.476899998838624e+16,CONVERGED
S4,S4_eta08_dpl,"Asymmetric Filling (eta=0.8, DPL)",1.6409090909090909,892565.9912644491,4,3.899395825801084e-06,1.2412162414962914e-06,0.3182575583427442,0.3182575583427442,False,0.7274154123718717,2.8364806226406268e-06,6.270790575056346e+19,8.476899998838624e+16,CONVERGED
S4,S4_eta08_dpl,"Asymmetric Filling (eta=0.8, DPL)",1.6585858585858586,902181.1989265776,0,3.141534813173073,0.9999815888235369,-1.2087120986190734,1.2087120986190734,False,-3.3491684694338346,0.0001937173001549852,7.591188166838821e+19,6.8102829571894616e+16,CONVERGED
S4,S4_eta08_dpl,"Asymmetric Filling (eta=0.8, DPL)",1.6585858585858586,902181.1989265776,1,5.816246968408459e-05,1.851368910530914e-05,-0.41455000264617964,0.41455000264617964,False,1.5136894286109621,-8.803991560198036e-05,7.591188166838821e+19,6.8102829571894616e+16,CONVERGED
S4,S4_eta08_dpl,"Asymmetric Filling (eta=0.8, DPL)",1.6585858585858586,902181.1989265776,2,8.247601193179629e-05,2.625292997090304e-05,3.949559222740709,3.949559222740709,False,0.019263190615267805,-1.588751142631677e-06,7.591188166838821e+19,6.8102829571894616e+16,CONVERGED
S4,S4_eta08_dpl,"Asymmetric Filling (eta=0.8, DPL)",1.6585858585858586,902181.1989265776,3,0.0012453160857400206,0.0003963964215147497,4.18100558125985,4.18100558125985,False,0.015283119555866285,-1.903232446172921e-05,7.591188166838821e+19,6.8102829571894616e+16,CONVERGED
S4,S4_eta08_dpl,"Asymmetric Filling (eta=0.8, DPL)",1.6585858585858586,902181.1989265776,4,0.00012766537901928718,4.06371522652398e-05,0.4142547800121277,0.4142547800121277,False,0.6608325575021671,-8.436543938014099e-05,7.591188166838821e+19,6.8102829571894616e+16,CONVERGED
S4,S4_eta08_dpl,"Asymmetric Filling (eta=0.8, DPL)",1.6762626262626263,911796.4065887061,0,3.1415709965774616,0.9999931063588697,-1.209760179390045,1.209760179390045,False,-3.3526805134562507,7.260904323474751e-05,7.044007859535026e+19,9.32228300904288e+16,CONVERGED
S4,S4_eta08_dpl,"Asymmetric Filling (eta=0.8, DPL)",1.6762626262626263,911796.4065887061,1,8.724378865234237e-06,2.777056043616979e-06,-0.48711912806562724,0.48711912806562724,False,1.6276204930488356,1.4199977830537667e-05,7.044007859535026e+19,9.32228300904288e+16,CONVERGED
S4,S4_eta08_dpl,"Asymmetric Filling (eta=0.8, DPL)",1.6762626262626263,911796.4065887061,2,3.255912562975419e-05,1.0363891573450798e-05,3.9426536897786018,3.9426536897786018,False,0.01939667362372889,-6.315387335374925e-07,7.044007859535026e+19,9.32228300904288e+16,CONVERGED
S4,S4_eta08_dpl,"Asymmetric Filling (eta=0.8, DPL)",1.6762626262626263,911796.4065887061,3,6.592779442732813e-06,2.0985468740511166e-06,4.192407559379335,4.192407559379335,False,0.015109863153828618,9.961599518451056e-08,7.044007859535026e+19,9.32228300904288e+16,CONVERGED
S4,S4_eta08_dpl,"Asymmetric Filling (eta=0.8, DPL)",1.6762626262626263,911796.4065887061,4,1.9121116929990127e-05,6.0864405536921105e-06,0.48712430617828534,0.48712430617828534,False,0.6143906555309508,1.1747835566532332e-05,7.044007859535026e+19,9.32228300904288e+16,CONVERGED
S4,S4_eta08_dpl,"Asymmetric Filling (eta=0.8, DPL)",1.6939393939393939,921411.6142508347,0,3.1415621353503913,0.9999902857426894,-1.2100363342395293,1.2100363342395293,False,-3.3536064995155583,0.00010234616604351327,1.3592912654427457e+20,1.2620225336920838e+17,CONVERGED
S4,S4_eta08_dpl,"Asymmetric Filling (eta=0.8, DPL)",1.6939393939393939,921411.6142508347,1,1.3042962385375886e-05,4.151703872388461e-06,-0.5457481358037877,0.5457481358037877,False,1.7258991062662294,2.2510837125260797e-05,1.3592912654427457e+20,1.2620225336920838e+17,CONVERGED
S4,S4_eta08_dpl,"Asymmetric Filling (eta=0.8, DPL)",1.6939393939393939,921411.6142508347,2,4.650875278819221e-05,1.480419580655952e-05,3.935765439101363,3.935765439101363,False,0.019530743988245704,-9.083505445737308e-07,1.3592912654427457e+20,1.2620225336920838e+17,CONVERGED
S4,S4_eta08_dpl,"Asymmetric Filling (eta=0.8, DPL)",1.6939393939393939,921411.6142508347,3,5.277757270511718e-05,1.679962316082259e-05,4.201588045166843,4.201588045166843,False,0.014971782044905445,7.901743161338347e-07,1.3592912654427457e+20,1.2620225336920838e+17,CONVERGED
S4,S4_eta08_dpl,"Asymmetric Filling (eta=0.8, DPL)",1.6939393939393939,921411.6142508347,4,9.220308408653845e-06,2.9349153201380534e-06,0.5457365822152335,0.5457365822152335,False,0.5794148394288999,-5.342383516236496e-06,1.3592912654427457e+20,1.2620225336920838e+17,CONVERGED
S4,S4_eta08_dpl,"Asymmetric Filling (eta=0.8, DPL)",1.7116161616161616,931026.8219129633,0,3.1414701914902743,0.9999610191030404,-1.2092582705950183,1.2092582705950183,False,-3.350998171498403,-0.0004103702736171853,8.97448371697591e+19,9.609448947339934e+16,CONVERGED
S4,S4_eta08_dpl,"Asymmetric Filling (eta=0.8, DPL)",1.7116161616161616,931026.8219129633,1,1.0999881762658312e-05,3.5013711119069224e-06,-0.5945974257904361,0.5945974257904361,False,1.8123012122465507,1.9935099053838416e-05,8.97448371697591e+19,9.609448947339934e+16,CONVERGED
S4,S4_eta08_dpl,"Asymmetric Filling (eta=0.8, DPL)",1.7116161616161616,931026.8219129633,2,0.00018665741372350905,5.94149001176909e-05,3.9292977678514154,3.9292977678514154,False,0.01965747147358141,3.669212828215365e-06,8.97448371697591e+19,9.609448947339934e+16,CONVERGED
S4,S4_eta08_dpl,"Asymmetric Filling (eta=0.8, DPL)",1.7116161616161616,931026.8219129633,3,0.0006042040321143295,0.00019232411669409965,4.21044832944541,4.21044832944541,False,0.014839711057123752,8.966214347202043e-06,8.97448371697591e+19,9.609448947339934e+16,CONVERGED
S4,S4_eta08_dpl,"Asymmetric Filling (eta=0.8, DPL)",1.7116161616161616,931026.8219129633,4,9.701205609177917e-05,3.087989653302975e-05,0.5945038561212271,0.5945038561212271,False,0.5518362855590901,5.353477285608215e-05,8.97448371697591e+19,9.609448947339934e+16,CONVERGED
S4,S4_eta08_dpl,"Asymmetric Filling (eta=0.8, DPL)",1.7292929292929293,940642.0295750919,0,3.141586461951988,0.999998029140475,-1.2079197812311144,1.2079197812311144,False,-3.346515921524932,-2.072041449517751e-05,8.610227868349766e+19,8.552828374269757e+17,CONVERGED
S4,S4_eta08_dpl,"Asymmetric Filling (eta=0.8, DPL)",1.7292929292929293,940642.0295750919,1,7.87525696086146e-06,2.5067721468799167e-06,-0.635813546188279,0.635813546188279,False,1.8885579457097197,1.4872879108248158e-05,8.610227868349766e+19,8.552828374269757e+17,CONVERGED
S4,S4_eta08_dpl,"Asymmetric Filling (eta=0.8, DPL)",1.7292929292929293,940642.0295750919,2,8.328348843416797e-06,2.650995772446905e-06,3.9224892540335747,3.9224892540335747,False,0.01979176663912388,1.6483273680193352e-07,8.610227868349766e+19,8.552828374269757e+17,CONVERGED
S4,S4_eta08_dpl,"Asymmetric Filling (eta=0.8, DPL)",1.7292929292929293,940642.0295750919,3,3.572260666155567e-05,1.1370858860628107e-05,4.2193856273063295,4.2193856273063295,False,0.014707677715933143,-5.253965861746942e-07,8.610227868349766e+19,8.552828374269757e+17,CONVERGED
S4,S4_eta08_dpl,"Asymmetric Filling (eta=0.8, DPL)",1.7292929292929293,940642.0295750919,4,5.157945951976993e-07,1.6418251889159403e-07,0.635807431896345,0.635807431896345,False,0.5295077741994733,-2.7311724804727627e-07,8.610227868349766e+19,8.552828374269757e+17,CONVERGED
S4,S4_eta08_dpl,"Asymmetric Filling (eta=0.8, DPL)",1.7469696969696968,950257.2372372204,0,3.141564051820293,0.9999908957740058,-1.2056118819683117,1.2056118819683117,False,-3.3388014041821714,-9.549562819496057e-05,9.000370811690004e+19,2.0403949175136662e+17,CONVERGED
S4,S4_eta08_dpl,"Asymmetric Filling (eta=0.8, DPL)",1.7469696969696968,950257.2372372204,1,5.456701409710455e-06,1.736922004663865e-06,-0.6709773185445207,0.6709773185445207,False,1.9561481665811764,-1.0674116458291969e-05,9.000370811690004e+19,2.0403949175136662e+17,CONVERGED
S4,S4_eta08_dpl,"Asymmetric Filling (eta=0.8, DPL)",1.7469696969696968,950257.2372372204,2,4.59383802625518e-05,1.462264059284056e-05,3.9159496530936986,3.9159496530936986,False,0.01992162100967429,9.151670020326282e-07,9.000370811690004e+19,2.0403949175136662e+17,CONVERGED
S4,S4_eta08_dpl,"Asymmetric Filling (eta=0.8, DPL)",1.7469696969696968,950257.2372372204,3,4.579649624005158e-06,1.4577477505787217e-06,-4.227984210210485,4.227984210210485,False,68.57885219747637,0.0003140671146830736,9.000370811690004e+19,2.0403949175136662e+17,CONVERGED
S4,S4_eta08_dpl,"Asymmetric Filling (eta=0.8, DPL)",1.7469696969696968,950257.2372372204,4,3.192881244324278e-05,1.0163256654792209e-05,0.6710095963261609,0.6710095963261609,False,0.5111922191264082,-1.6321760492478553e-05,9.000370811690004e+19,2.0403949175136662e+17,CONVERGED
S4,S4_eta08_dpl,"Asymmetric Filling (eta=0.8, DPL)",1.7646464646464646,959872.4448993491,0,2.2977106294198553,0.7313840089339202,-1.4228853575619924,1.4228853575619924,False,-2.7573384960319243,3.100307355543846,7.703108489878007e+19,2.719039326964916e+17,CONVERGED
S4,S4_eta08_dpl,"Asymmetric Filling (eta=0.8, DPL)",1.7646464646464646,959872.4448993491,1,1.0269825453293606e-05,3.2689869711652843e-06,-0.7009835549851952,0.7009835549851952,False,2.015734318230436,-2.0701239609168146e-05,7.703108489878007e+19,2.719039326964916e+17,CONVERGED
S4,S4_eta08_dpl,"Asymmetric Filling (eta=0.8, DPL)",1.7646464646464646,959872.4448993491,2,4.028258521682416e-06,1.2822345115556148e-06,4.236373329707007,4.236373329707007,False,0.014459938292607978,-5.824836965051504e-08,7.703108489878007e+19,2.719039326964916e+17,CONVERGED
S4,S4_eta08_dpl,"Asymmetric Filling (eta=0.8, DPL)",1.7646464646464646,959872.4448993491,3,2.3491590970690295,0.7477605648156592,2.001873870076146,2.001873870076146,False,-0.09484298122384516,0.09618697423332048,7.703108489878007e+19,2.719039326964916e+17,CONVERGED
S4,S4_eta08_dpl,"Asymmetric Filling (eta=0.8, DPL)",1.7646464646464646,959872.4448993491,4,2.7651322054831957e-06,8.801689176104902e-07,0.7009963934205031,0.7009963934205031,False,0.49609075588315227,-1.3717565259385026e-06,7.703108489878007e+19,2.719039326964916e+17,CONVERGED
S4,S4_eta08_dpl,"Asymmetric Filling (eta=0.8, DPL)",1.7823232323232323,969487.6525614776,0,2.2921034118478336,0.7295991761467622,-1.4515181701540925,1.4515181701540925,False,-2.8194964433597725,3.206220816997763,1.1943782116921336e+20,1.1759521709850282e+17,CONVERGED
S4,S4_eta08_dpl,"Asymmetric Filling (eta=0.8, DPL)",1.7823232323232323,969487.6525614776,1,4.946614157620883e-07,1.5745561895074307e-07,-0.7265061810589504,0.7265061810589504,False,2.067843302022366,-1.0228822953526186e-06,1.1943782116921336e+20,1.1759521709850282e+17,CONVERGED
S4,S4_eta08_dpl,"Asymmetric Filling (eta=0.8, DPL)",1.7823232323232323,969487.6525614776,2,0.0003012947767383182,9.590510609134469e-05,-4.244305188155559,4.244305188155559,False,69.70730668544165,0.021002448040343496,1.1943782116921336e+20,1.1759521709850282e+17,CONVERGED
S4,S4_eta08_dpl,"Asymmetric Filling (eta=0.8, DPL)",1.7823232323232323,969487.6525614776,3,2.3726253211672765,0.7552300959375357,2.0236911877273642,2.0236911877273642,False,-0.09497885322429098,0.0919078726551335,1.1943782116921336e+20,1.1759521709850282e+17,CONVERGED
S4,S4_eta08_dpl,"Asymmetric Filling (eta=0.8, DPL)",1.7823232323232323,969487.6525614776,4,5.106338969048762e-06,1.6253981760537666e-06,0.7265085531316224,0.7265085531316224,False,0.48359449042341673,-2.469397391687834e-06,1.1943782116921336e+20,1.1759521709850282e+17,CONVERGED
S4,S4_eta08_dpl,"Asymmetric Filling (eta=0.8, DPL)",1.8,979102.8602236061,0,2.287452381584548,0.7281187072330184,-1.478773991958615,1.478773991958615,False,-2.8820454415577257,3.3082510269324503,6.937386108478461e+19,9.387728750223818e+16,CONVERGED
S4,S4_eta08_dpl,"Asymmetric Filling (eta=0.8, DPL)",1.8,979102.8602236061,1,2.0562420066022172e-05,6.545221590878811e-06,-0.7479882745455348,0.7479882745455348,False,2.112745474265481,-4.3443159940556835e-05,6.937386108478461e+19,9.387728750223818e+16,CONVERGED
S4,S4_eta08_dpl,"Asymmetric Filling (eta=0.8, DPL)",1.8,979102.8602236061,2,0.00031720794990485894,0.00010097042643080922,4.252406052762365,4.252406052762365,False,0.014229953949056214,-4.513854670816689e-06,6.937386108478461e+19,9.387728750223818e+16,CONVERGED
S4,S4_eta08_dpl,"Asymmetric Filling (eta=0.8, DPL)",1.8,979102.8602236061,3,2.3949508664737484,0.7623365377230298,2.0444193501799757,2.0444193501799757,False,-0.0950168286392137,0.08792318460798651,6.937386108478461e+19,9.387728750223818e+16,CONVERGED
S4,S4_eta08_dpl,"Asymmetric Filling (eta=0.8, DPL)",1.8,979102.8602236061,4,4.9316617737623864e-05,1.5697966979032564e-05,0.7479657454156143,0.7479657454156143,False,0.47332844402559615,-2.334295795727898e-05,6.937386108478461e+19,9.387728750223818e+16,CONVERGED
